,Temperature,Temperature_qa_flag,Streamflow,Streamflow_qa_flag,Gage height,Gage height_qa_flag,Station_State,Active_Alarms
2026-01-01 05:00:00+00:00,1.9083333333333332,VALID,63.995968,VALID,0.877824,VALID,Online,Resolved: Operating normally
2026-01-01 06:00:00+00:00,2.0,VALID,63.05207466666667,VALID,0.8757920000000001,VALID,Online,Resolved: Operating normally
2026-01-01 07:00:00+00:00,2.0,VALID,62.69811466666667,VALID,0.8750300000000001,VALID,Online,Resolved: Operating normally
2026-01-01 08:00:00+00:00,1.8916666666666666,VALID,62.580128,VALID,0.8747760000000001,VALID,Online,Resolved: Operating normally
2026-01-01 09:00:00+00:00,1.8,VALID,62.580128,VALID,0.8747760000000001,VALID,Online,Resolved: Operating normally
2026-01-01 10:00:00+00:00,1.8083333333333333,VALID,62.013792,VALID,0.87249,VALID,Online,Resolved: Operating normally
2026-01-01 11:00:00+00:00,1.8666666666666665,VALID,61.022704,VALID,0.8712200000000001,VALID,Online,Resolved: Operating normally
2026-01-01 12:00:00+00:00,1.825,VALID,59.98013090909091,VALID,0.8691880000000002,VALID,Online,Resolved: Operating normally
2026-01-01 13:00:00+00:00,1.7916666666666667,VALID,59.0122112,VALID,0.865886,VALID,Online,Resolved: Operating normally
2026-01-01 14:00:00+00:00,1.6333333333333335,VALID,59.388052363636355,VALID,0.8679180000000001,VALID,Online,Resolved: Operating normally
2026-01-01 15:00:00+00:00,1.5,VALID,61.7872576,VALID,0.8724900000000001,VALID,Online,Resolved: Operating normally
2026-01-01 16:00:00+00:00,1.5250000000000001,VALID,63.326661818181826,VALID,0.8757920000000001,VALID,Online,Resolved: Operating normally
2026-01-01 17:00:00+00:00,1.616666666666667,VALID,63.79002763636363,VALID,0.878078,VALID,Online,Resolved: Operating normally
2026-01-01 18:00:00+00:00,1.7833333333333332,VALID,65.10504266666666,VALID,0.8806180000000001,VALID,Online,Resolved: Operating normally
2026-01-01 19:00:00+00:00,1.8,VALID,65.624184,VALID,0.881888,VALID,Online,Resolved: Operating normally
2026-01-01 20:00:00+00:00,1.8,VALID,66.54448,VALID,0.8839200000000002,VALID,Online,Resolved: Operating normally
2026-01-01 21:00:00+00:00,1.7166666666666668,VALID,67.48837333333333,VALID,0.8859520000000001,VALID,Online,Resolved: Operating normally
2026-01-01 22:00:00+00:00,1.5416666666666667,VALID,68.19629333333333,VALID,0.887476,VALID,Online,Resolved: Operating normally
2026-01-01 23:00:00+00:00,1.4833333333333334,VALID,67.60636,VALID,0.886206,VALID,Online,Resolved: Operating normally
2026-01-02 00:00:00+00:00,1.3999999999999997,VALID,67.60636,VALID,0.886206,VALID,Online,Resolved: Operating normally
2026-01-02 01:00:00+00:00,1.3499999999999999,VALID,67.48837333333333,VALID,0.8859520000000001,VALID,Online,Resolved: Operating normally
2026-01-02 02:00:00+00:00,1.2416666666666667,VALID,66.66246666666666,VALID,0.8841740000000001,VALID,Online,Resolved: Operating normally
2026-01-02 03:00:00+00:00,1.175,VALID,66.54448,VALID,0.8839200000000002,VALID,Online,Resolved: Operating normally
2026-01-02 04:00:00+00:00,1.0583333333333333,VALID,66.07253333333334,VALID,0.882904,VALID,Online,Resolved: Operating normally
2026-01-02 05:00:00+00:00,0.9833333333333334,VALID,65.24662666666667,VALID,0.8811260000000001,VALID,Online,Resolved: Operating normally
2026-01-02 06:00:00+00:00,1.0,VALID,64.93986133333334,VALID,0.8803640000000001,VALID,Online,Resolved: Operating normally
2026-01-02 07:00:00+00:00,0.9583333333333334,VALID,64.09035733333333,VALID,0.878078,VALID,Online,Resolved: Operating normally
2026-01-02 08:00:00+00:00,0.8583333333333334,VALID,63.759994666666664,VALID,0.8773160000000001,VALID,Online,Resolved: Operating normally
2026-01-02 09:00:00+00:00,0.8250000000000001,VALID,62.69811466666667,VALID,0.8750300000000001,VALID,Online,Resolved: Operating normally
2026-01-02 10:00:00+00:00,0.8416666666666667,VALID,62.462141333333335,VALID,0.8745220000000001,VALID,Online,Resolved: Operating normally
2026-01-02 11:00:00+00:00,0.8166666666666668,VALID,62.34415466666667,VALID,0.8742680000000002,VALID,Online,Resolved: Operating normally
2026-01-02 12:00:00+00:00,0.8000000000000002,VALID,61.872208,VALID,0.873252,VALID,Online,Resolved: Operating normally
2026-01-02 13:00:00+00:00,0.8000000000000002,VALID,61.518248,VALID,0.8724900000000001,VALID,Online,Resolved: Operating normally
2026-01-02 14:00:00+00:00,0.8000000000000002,VALID,61.754221333333334,VALID,0.872998,VALID,Online,Resolved: Operating normally
2026-01-02 15:00:00+00:00,0.7833333333333333,VALID,62.580128,VALID,0.8747760000000001,VALID,Online,Resolved: Operating normally
2026-01-02 16:00:00+00:00,0.7333333333333334,VALID,62.580128,VALID,0.8747760000000001,VALID,Online,Resolved: Operating normally
2026-01-02 17:00:00+00:00,0.8000000000000002,VALID,63.288048,VALID,0.8763000000000001,VALID,Online,Resolved: Operating normally
2026-01-02 18:00:00+00:00,0.8000000000000002,VALID,63.995968,VALID,0.877824,VALID,Online,Resolved: Operating normally
2026-01-02 19:00:00+00:00,0.8500000000000001,VALID,63.995968,VALID,0.877824,VALID,Online,Resolved: Operating normally
2026-01-02 20:00:00+00:00,0.9666666666666667,VALID,64.93986133333334,VALID,0.8803640000000001,VALID,Online,Resolved: Operating normally
2026-01-02 21:00:00+00:00,1.0,VALID,64.845472,VALID,0.8801100000000001,VALID,Online,Resolved: Operating normally
2026-01-02 22:00:00+00:00,1.0,VALID,65.12864,VALID,0.8808720000000001,VALID,Online,Resolved: Operating normally
2026-01-02 23:00:00+00:00,1.0,VALID,65.03425066666667,VALID,0.8806180000000001,VALID,Online,Resolved: Operating normally
2026-01-03 00:00:00+00:00,1.0,VALID,65.12864,VALID,0.8808720000000001,VALID,Online,Resolved: Operating normally
2026-01-03 01:00:00+00:00,0.9583333333333334,VALID,65.12864,VALID,0.8808720000000001,VALID,Online,Resolved: Operating normally
2026-01-03 02:00:00+00:00,0.9,VALID,65.12864,VALID,0.8808720000000001,VALID,Online,Resolved: Operating normally
2026-01-03 03:00:00+00:00,0.9500000000000001,VALID,64.93986133333334,VALID,0.8803640000000001,VALID,Online,Resolved: Operating normally
2026-01-03 04:00:00+00:00,0.9666666666666667,VALID,64.09035733333333,VALID,0.878078,VALID,Online,Resolved: Operating normally
2026-01-03 05:00:00+00:00,1.0,VALID,63.995968,VALID,0.877824,VALID,Online,Resolved: Operating normally
2026-01-03 06:00:00+00:00,1.0,VALID,63.87798133333333,VALID,0.8775700000000001,VALID,Online,Resolved: Operating normally
2026-01-03 07:00:00+00:00,0.9916666666666667,VALID,63.995968,VALID,0.877824,VALID,Online,Resolved: Operating normally
2026-01-03 08:00:00+00:00,0.9,VALID,62.69811466666667,VALID,0.8750300000000001,VALID,Online,Resolved: Operating normally
2026-01-03 09:00:00+00:00,0.875,VALID,61.63623466666667,VALID,0.8727440000000001,VALID,Online,Resolved: Operating normally
2026-01-03 10:00:00+00:00,0.8166666666666668,VALID,59.748447999999996,VALID,0.868172,VALID,Online,Resolved: Operating normally
2026-01-03 11:00:00+00:00,0.775,VALID,58.23821866666666,VALID,0.8646159999999999,VALID,Online,Resolved: Operating normally
2026-01-03 12:00:00+00:00,0.6999999999999998,VALID,56.775183999999996,VALID,0.86106,VALID,Online,Resolved: Operating normally
2026-01-03 13:00:00+00:00,0.6999999999999998,VALID,56.067264,VALID,0.859536,VALID,Online,Resolved: Operating normally
2026-01-03 14:00:00+00:00,0.6583333333333333,VALID,55.50092800000001,VALID,0.858012,VALID,Online,Resolved: Operating normally
2026-01-03 15:00:00+00:00,0.6749999999999999,VALID,54.934592,VALID,0.856488,VALID,Online,Resolved: Operating normally
2026-01-03 16:00:00+00:00,0.725,VALID,54.934592,VALID,0.856488,VALID,Online,Resolved: Operating normally
2026-01-03 17:00:00+00:00,0.8333333333333334,VALID,54.934592,VALID,0.856488,VALID,Online,Resolved: Operating normally
2026-01-03 18:00:00+00:00,0.9,VALID,55.40653866666667,VALID,0.857758,VALID,Online,Resolved: Operating normally
2026-01-03 19:00:00+00:00,0.9416666666666668,VALID,57.294325333333326,VALID,0.86233,VALID,Online,Resolved: Operating normally
2026-01-03 20:00:00+00:00,0.9249999999999999,VALID,60.38557599999999,VALID,0.8696960000000001,VALID,Online,Resolved: Operating normally
2026-01-03 21:00:00+00:00,0.9333333333333332,VALID,63.288048,VALID,0.8763000000000001,VALID,Online,Resolved: Operating normally
2026-01-03 22:00:00+00:00,0.9249999999999999,VALID,65.03425066666667,VALID,0.8806180000000001,VALID,Online,Resolved: Operating normally
2026-01-03 23:00:00+00:00,0.9,VALID,63.995968,VALID,0.877824,VALID,Online,Resolved: Operating normally
2026-01-04 00:00:00+00:00,0.9,VALID,62.462141333333335,VALID,0.8745220000000001,VALID,Online,Resolved: Operating normally
2026-01-04 01:00:00+00:00,0.9,VALID,60.1732,VALID,0.869188,VALID,Online,Resolved: Operating normally
2026-01-04 02:00:00+00:00,0.9,VALID,58.33260799999999,VALID,0.8648699999999999,VALID,Online,Resolved: Operating normally
2026-01-04 03:00:00+00:00,0.9,VALID,57.129144,VALID,0.861822,VALID,Online,Resolved: Operating normally
2026-01-04 04:00:00+00:00,0.9166666666666666,VALID,56.067264,VALID,0.859536,VALID,Online,Resolved: Operating normally
2026-01-04 05:00:00+00:00,0.9666666666666667,VALID,56.067264,VALID,0.859536,VALID,Online,Resolved: Operating normally
2026-01-04 06:00:00+00:00,1.0,VALID,56.067264,VALID,0.859536,VALID,Online,Resolved: Operating normally
2026-01-04 07:00:00+00:00,0.9,VALID,56.067264,VALID,0.859536,VALID,Online,Resolved: Operating normally
2026-01-04 08:00:00+00:00,0.9,VALID,55.97287466666666,VALID,0.859282,VALID,Online,Resolved: Operating normally
2026-01-04 09:00:00+00:00,0.9,VALID,56.067264,VALID,0.859536,VALID,Online,Resolved: Operating normally
2026-01-04 10:00:00+00:00,0.9,VALID,56.067264,VALID,0.859536,VALID,Online,Resolved: Operating normally
2026-01-04 11:00:00+00:00,0.9,VALID,56.067264,VALID,0.859536,VALID,Online,Resolved: Operating normally
2026-01-04 12:00:00+00:00,0.9249999999999999,VALID,56.067264,VALID,0.859536,VALID,Online,Resolved: Operating normally
2026-01-04 13:00:00+00:00,0.9083333333333333,VALID,56.067264,VALID,0.859536,VALID,Online,Resolved: Operating normally
2026-01-04 14:00:00+00:00,0.8416666666666667,VALID,56.067264,VALID,0.859536,VALID,Online,Resolved: Operating normally
2026-01-04 15:00:00+00:00,0.8666666666666667,VALID,56.067264,VALID,0.859536,VALID,Online,Resolved: Operating normally
2026-01-04 16:00:00+00:00,0.9666666666666667,VALID,55.784096000000005,VALID,0.8587739999999999,VALID,Online,Resolved: Operating normally
2026-01-04 17:00:00+00:00,1.0666666666666667,VALID,55.21776,VALID,0.8572500000000001,VALID,Online,Resolved: Operating normally
2026-01-04 18:00:00+00:00,1.1666666666666667,VALID,54.95818933333334,VALID,0.856742,VALID,Online,Resolved: Operating normally
2026-01-04 19:00:00+00:00,1.325,VALID,53.77832266666667,VALID,0.8539479999999999,VALID,Online,Resolved: Operating normally
2026-01-04 20:00:00+00:00,1.3999999999999997,VALID,52.976013333333334,VALID,0.851916,VALID,Online,Resolved: Operating normally
2026-01-04 21:00:00+00:00,1.4083333333333332,VALID,53.32997333333333,VALID,0.852932,VALID,Online,Resolved: Operating normally
2026-01-04 22:00:00+00:00,1.3916666666666666,VALID,53.518752,VALID,0.85344,VALID,Online,Resolved: Operating normally
2026-01-04 23:00:00+00:00,1.3,VALID,53.636738666666666,VALID,0.853694,VALID,Online,Resolved: Operating normally
2026-01-05 00:00:00+00:00,1.2833333333333334,VALID,54.69861866666667,VALID,0.8559800000000001,VALID,Online,Resolved: Operating normally
2026-01-05 01:00:00+00:00,1.2583333333333333,VALID,54.462645333333334,VALID,0.8554720000000001,VALID,Online,Resolved: Operating normally
2026-01-05 02:00:00+00:00,1.25,VALID,54.34465866666667,VALID,0.8552179999999999,VALID,Online,Resolved: Operating normally
2026-01-05 03:00:00+00:00,1.2166666666666666,VALID,53.75472533333333,VALID,0.8539479999999999,VALID,Online,Resolved: Operating normally
2026-01-05 04:00:00+00:00,1.2249999999999999,VALID,53.636738666666666,VALID,0.853694,VALID,Online,Resolved: Operating normally
2026-01-05 05:00:00+00:00,1.2333333333333334,VALID,53.75472533333333,VALID,0.8539479999999999,VALID,Online,Resolved: Operating normally
2026-01-05 06:00:00+00:00,1.2833333333333334,VALID,53.518752,VALID,0.85344,VALID,Online,Resolved: Operating normally
2026-01-05 07:00:00+00:00,1.0333333333333334,VALID,53.42436266666667,VALID,0.853186,VALID,Online,Resolved: Operating normally
2026-01-05 08:00:00+00:00,0.7999999999999999,VALID,52.57485866666667,VALID,0.8509000000000001,VALID,Online,Resolved: Operating normally
2026-01-05 09:00:00+00:00,0.6999999999999998,VALID,52.38608,VALID,0.8503919999999999,VALID,Online,Resolved: Operating normally
2026-01-05 10:00:00+00:00,0.6999999999999998,VALID,52.38608,VALID,0.8503919999999999,VALID,Online,Resolved: Operating normally
2026-01-05 11:00:00+00:00,0.6999999999999998,VALID,52.197301333333336,VALID,0.849884,VALID,Online,Resolved: Operating normally
2026-01-05 12:00:00+00:00,0.6999999999999998,VALID,51.536576,VALID,0.848106,VALID,Online,Resolved: Operating normally
2026-01-05 13:00:00+00:00,0.6999999999999998,VALID,51.253408,VALID,0.847344,VALID,Online,Resolved: Operating normally
2026-01-05 14:00:00+00:00,0.6999999999999998,VALID,51.253408,VALID,0.847344,VALID,Online,Resolved: Operating normally
2026-01-05 15:00:00+00:00,0.7333333333333334,VALID,51.253408,VALID,0.847344,VALID,Online,Resolved: Operating normally
2026-01-05 16:00:00+00:00,0.8000000000000002,VALID,51.253408,VALID,0.847344,VALID,Online,Resolved: Operating normally
2026-01-05 17:00:00+00:00,0.8250000000000001,VALID,52.102912,VALID,0.84963,VALID,Online,Resolved: Operating normally
2026-01-05 18:00:00+00:00,0.9166666666666666,VALID,51.81974399999999,VALID,0.848868,VALID,Online,Resolved: Operating normally
2026-01-05 19:00:00+00:00,1.0,VALID,52.29169066666666,VALID,0.850138,VALID,Online,Resolved: Operating normally
2026-01-05 20:00:00+00:00,1.0833333333333333,VALID,52.38608,VALID,0.8503919999999999,VALID,Online,Resolved: Operating normally
2026-01-05 21:00:00+00:00,1.1416666666666668,VALID,52.38608,VALID,0.8503919999999999,VALID,Online,Resolved: Operating normally
2026-01-05 22:00:00+00:00,1.1666666666666667,VALID,52.29169066666666,VALID,0.850138,VALID,Online,Resolved: Operating normally
2026-01-05 23:00:00+00:00,1.1333333333333335,VALID,52.197301333333336,VALID,0.849884,VALID,Online,Resolved: Operating normally
2026-01-06 00:00:00+00:00,1.1,VALID,51.91413333333333,VALID,0.849122,VALID,Online,Resolved: Operating normally
2026-01-06 01:00:00+00:00,1.0833333333333333,VALID,51.630965333333336,VALID,0.84836,VALID,Online,Resolved: Operating normally
2026-01-06 02:00:00+00:00,1.1,VALID,51.253408,VALID,0.847344,VALID,Online,Resolved: Operating normally
2026-01-06 03:00:00+00:00,1.1166666666666667,VALID,51.253408,VALID,0.847344,VALID,Online,Resolved: Operating normally
2026-01-06 04:00:00+00:00,1.2,VALID,51.253408,VALID,0.847344,VALID,Online,Resolved: Operating normally
2026-01-06 05:00:00+00:00,1.2249999999999999,VALID,51.253408,VALID,0.847344,VALID,Online,Resolved: Operating normally
2026-01-06 06:00:00+00:00,1.2916666666666667,VALID,51.064629333333336,VALID,0.846836,VALID,Online,Resolved: Operating normally
2026-01-06 07:00:00+00:00,1.3,VALID,50.59268266666667,VALID,0.8455659999999999,VALID,Online,Resolved: Operating normally
2026-01-06 08:00:00+00:00,1.3,VALID,50.120736,VALID,0.844296,VALID,Online,Resolved: Operating normally
2026-01-06 09:00:00+00:00,1.3,VALID,50.120736,VALID,0.844296,VALID,Online,Resolved: Operating normally
2026-01-06 10:00:00+00:00,1.3,VALID,50.120736,VALID,0.844296,VALID,Online,Resolved: Operating normally
2026-01-06 11:00:00+00:00,1.3,VALID,50.120736,VALID,0.844296,VALID,Online,Resolved: Operating normally
2026-01-06 12:00:00+00:00,1.3,VALID,50.120736,VALID,0.844296,VALID,Online,Resolved: Operating normally
2026-01-06 13:00:00+00:00,1.3,VALID,50.120736,VALID,0.844296,VALID,Online,Resolved: Operating normally
2026-01-06 14:00:00+00:00,1.3,VALID,50.120736,VALID,0.844296,VALID,Online,Resolved: Operating normally
2026-01-06 15:00:00+00:00,1.3,VALID,50.59268266666667,VALID,0.8455659999999999,VALID,Online,Resolved: Operating normally
2026-01-06 16:00:00+00:00,1.3333333333333333,VALID,51.253408,VALID,0.847344,VALID,Online,Resolved: Operating normally
2026-01-06 17:00:00+00:00,1.3999999999999997,VALID,51.72535466666667,VALID,0.848614,VALID,Online,Resolved: Operating normally
2026-01-06 18:00:00+00:00,1.4666666666666668,VALID,52.48046933333333,VALID,0.8506460000000001,VALID,Online,Resolved: Operating normally
2026-01-06 19:00:00+00:00,1.55,VALID,53.636738666666666,VALID,0.853694,VALID,Online,Resolved: Operating normally
2026-01-06 20:00:00+00:00,1.6000000000000003,VALID,54.816605333333335,VALID,0.856234,VALID,Online,Resolved: Operating normally
2026-01-06 21:00:00+00:00,1.6083333333333334,VALID,54.934592,VALID,0.856488,VALID,Online,Resolved: Operating normally
2026-01-06 22:00:00+00:00,1.6583333333333332,VALID,55.123370666666666,VALID,0.856996,VALID,Online,Resolved: Operating normally
2026-01-06 23:00:00+00:00,1.6583333333333332,VALID,55.50092800000001,VALID,0.858012,VALID,Online,Resolved: Operating normally
2026-01-07 00:00:00+00:00,1.6833333333333333,VALID,55.595317333333334,VALID,0.858266,VALID,Online,Resolved: Operating normally
2026-01-07 01:00:00+00:00,1.6583333333333332,VALID,55.50092800000001,VALID,0.858012,VALID,Online,Resolved: Operating normally
2026-01-07 02:00:00+00:00,1.616666666666667,VALID,55.689706666666666,VALID,0.85852,VALID,Online,Resolved: Operating normally
2026-01-07 03:00:00+00:00,1.6000000000000003,VALID,55.02898133333334,VALID,0.856742,VALID,Online,Resolved: Operating normally
2026-01-07 04:00:00+00:00,1.6000000000000003,VALID,54.934592,VALID,0.856488,VALID,Online,Resolved: Operating normally
2026-01-07 05:00:00+00:00,1.6000000000000003,VALID,54.934592,VALID,0.856488,VALID,Online,Resolved: Operating normally
2026-01-07 06:00:00+00:00,1.6000000000000003,VALID,54.580632,VALID,0.8557260000000001,VALID,Online,Resolved: Operating normally
2026-01-07 07:00:00+00:00,1.6000000000000003,VALID,54.34465866666667,VALID,0.8552179999999999,VALID,Online,Resolved: Operating normally
2026-01-07 08:00:00+00:00,1.6000000000000003,VALID,54.816605333333335,VALID,0.856234,VALID,Online,Resolved: Operating normally
2026-01-07 09:00:00+00:00,1.6000000000000003,VALID,55.40653866666667,VALID,0.857758,VALID,Online,Resolved: Operating normally
2026-01-07 10:00:00+00:00,1.6000000000000003,VALID,56.09086133333333,VALID,0.859536,VALID,Online,Resolved: Operating normally
2026-01-07 11:00:00+00:00,1.6000000000000003,VALID,56.421224,VALID,0.8602979999999999,VALID,Online,Resolved: Operating normally
2026-01-07 12:00:00+00:00,1.6000000000000003,VALID,57.483104,VALID,0.862584,VALID,Online,Resolved: Operating normally
2026-01-07 13:00:00+00:00,1.6000000000000003,VALID,57.57749333333333,VALID,0.862838,VALID,Online,Resolved: Operating normally
2026-01-07 14:00:00+00:00,1.6000000000000003,VALID,57.57749333333333,VALID,0.862838,VALID,Online,Resolved: Operating normally
2026-01-07 15:00:00+00:00,1.6666666666666667,VALID,57.67188266666667,VALID,0.863092,VALID,Online,Resolved: Operating normally
2026-01-07 16:00:00+00:00,1.7416666666666665,VALID,57.57749333333333,VALID,0.862838,VALID,Online,Resolved: Operating normally
2026-01-07 17:00:00+00:00,1.8499999999999999,VALID,57.955050666666665,VALID,0.863854,VALID,Online,Resolved: Operating normally
2026-01-07 18:00:00+00:00,2.091666666666667,VALID,57.860661333333326,VALID,0.8635999999999999,VALID,Online,Resolved: Operating normally
2026-01-07 19:00:00+00:00,2.3000000000000003,VALID,56.96396266666667,VALID,0.861568,VALID,Online,Resolved: Operating normally
2026-01-07 20:00:00+00:00,2.433333333333333,VALID,56.79878133333333,VALID,0.86106,VALID,Online,Resolved: Operating normally
2026-01-07 21:00:00+00:00,2.5,VALID,57.10554666666667,VALID,0.861822,VALID,Online,Resolved: Operating normally
2026-01-07 22:00:00+00:00,2.5,VALID,57.483104,VALID,0.862584,VALID,Online,Resolved: Operating normally
2026-01-07 23:00:00+00:00,2.5,VALID,57.483104,VALID,0.862584,VALID,Online,Resolved: Operating normally
2026-01-08 00:00:00+00:00,2.5083333333333333,VALID,57.483104,VALID,0.862584,VALID,Online,Resolved: Operating normally
2026-01-08 01:00:00+00:00,2.5,VALID,57.67188266666667,VALID,0.863092,VALID,Online,Resolved: Operating normally
2026-01-08 02:00:00+00:00,2.4833333333333334,VALID,57.483104,VALID,0.862584,VALID,Online,Resolved: Operating normally
2026-01-08 03:00:00+00:00,2.425,VALID,57.483104,VALID,0.862584,VALID,Online,Resolved: Operating normally
2026-01-08 04:00:00+00:00,2.4166666666666665,VALID,57.483104,VALID,0.862584,VALID,Online,Resolved: Operating normally
2026-01-08 05:00:00+00:00,2.4583333333333335,VALID,57.01115733333333,VALID,0.861568,VALID,Online,Resolved: Operating normally
2026-01-08 06:00:00+00:00,2.441666666666667,VALID,56.303237333333335,VALID,0.8600439999999999,VALID,Online,Resolved: Operating normally
2026-01-08 07:00:00+00:00,2.4583333333333335,VALID,56.18525066666667,VALID,0.8597899999999999,VALID,Online,Resolved: Operating normally
2026-01-08 08:00:00+00:00,2.408333333333333,VALID,56.18525066666667,VALID,0.8597899999999999,VALID,Online,Resolved: Operating normally
2026-01-08 09:00:00+00:00,2.4,VALID,56.421224,VALID,0.8602979999999999,VALID,Online,Resolved: Operating normally
2026-01-08 10:00:00+00:00,2.4,VALID,56.303237333333335,VALID,0.8600439999999999,VALID,Online,Resolved: Operating normally
2026-01-08 11:00:00+00:00,2.4,VALID,56.067264,VALID,0.859536,VALID,Online,Resolved: Operating normally
2026-01-08 12:00:00+00:00,2.4,VALID,56.067264,VALID,0.859536,VALID,Online,Resolved: Operating normally
2026-01-08 13:00:00+00:00,2.4,VALID,56.067264,VALID,0.859536,VALID,Online,Resolved: Operating normally
2026-01-08 14:00:00+00:00,2.358333333333333,VALID,55.87848533333334,VALID,0.859028,VALID,Online,Resolved: Operating normally
2026-01-08 15:00:00+00:00,2.35,VALID,54.934592,VALID,0.856488,VALID,Online,Resolved: Operating normally
2026-01-08 16:00:00+00:00,2.466666666666667,VALID,54.934592,VALID,0.856488,VALID,Online,Resolved: Operating normally
2026-01-08 17:00:00+00:00,2.6583333333333337,VALID,54.934592,VALID,0.856488,VALID,Online,Resolved: Operating normally
2026-01-08 18:00:00+00:00,2.8166666666666664,VALID,55.595317333333334,VALID,0.858266,VALID,Online,Resolved: Operating normally
2026-01-08 19:00:00+00:00,2.9499999999999997,VALID,56.067264,VALID,0.859536,VALID,Online,Resolved: Operating normally
2026-01-08 20:00:00+00:00,3.0,VALID,56.18525066666667,VALID,0.8597899999999999,VALID,Online,Resolved: Operating normally
2026-01-08 21:00:00+00:00,3.0083333333333333,VALID,56.65719733333333,VALID,0.8608060000000001,VALID,Online,Resolved: Operating normally
2026-01-08 22:00:00+00:00,3.0,VALID,56.775183999999996,VALID,0.86106,VALID,Online,Resolved: Operating normally
2026-01-08 23:00:00+00:00,3.0,VALID,56.89317066666666,VALID,0.861314,VALID,Online,Resolved: Operating normally
2026-01-09 00:00:00+00:00,3.0,VALID,56.53921066666667,VALID,0.8605519999999999,VALID,Online,Resolved: Operating normally
2026-01-09 01:00:00+00:00,2.9916666666666667,VALID,56.18525066666667,VALID,0.8597899999999999,VALID,Online,Resolved: Operating normally
2026-01-09 02:00:00+00:00,2.9,VALID,56.067264,VALID,0.859536,VALID,Online,Resolved: Operating normally
2026-01-09 03:00:00+00:00,2.858333333333333,VALID,55.50092800000001,VALID,0.858012,VALID,Online,Resolved: Operating normally
2026-01-09 04:00:00+00:00,2.808333333333333,VALID,54.934592,VALID,0.856488,VALID,Online,Resolved: Operating normally
2026-01-09 05:00:00+00:00,2.7999999999999994,VALID,54.226672,VALID,0.854964,VALID,Online,Resolved: Operating normally
2026-01-09 06:00:00+00:00,2.808333333333333,VALID,53.518752,VALID,0.85344,VALID,Online,Resolved: Operating normally
2026-01-09 07:00:00+00:00,2.9250000000000003,VALID,53.518752,VALID,0.85344,VALID,Online,Resolved: Operating normally
2026-01-09 08:00:00+00:00,3.016666666666667,VALID,53.518752,VALID,0.85344,VALID,Online,Resolved: Operating normally
2026-01-09 09:00:00+00:00,3.1,VALID,53.235583999999996,VALID,0.852678,VALID,Online,Resolved: Operating normally
2026-01-09 10:00:00+00:00,3.0583333333333336,VALID,52.57485866666667,VALID,0.8509000000000001,VALID,Online,Resolved: Operating normally
2026-01-09 11:00:00+00:00,3.1,VALID,52.48046933333333,VALID,0.8506460000000001,VALID,Online,Resolved: Operating normally
2026-01-09 12:00:00+00:00,3.1750000000000003,VALID,52.38608,VALID,0.8503919999999999,VALID,Online,Resolved: Operating normally
2026-01-09 13:00:00+00:00,3.2000000000000006,VALID,52.38608,VALID,0.8503919999999999,VALID,Online,Resolved: Operating normally
2026-01-09 14:00:00+00:00,3.283333333333333,VALID,51.630965333333336,VALID,0.84836,VALID,Online,Resolved: Operating normally
2026-01-09 15:00:00+00:00,3.3499999999999996,VALID,50.687072,VALID,0.8458200000000001,VALID,Online,Resolved: Operating normally
2026-01-09 16:00:00+00:00,3.4,VALID,51.253408,VALID,0.847344,VALID,Online,Resolved: Operating normally
2026-01-09 17:00:00+00:00,3.4,VALID,51.442186666666665,VALID,0.847852,VALID,Online,Resolved: Operating normally
2026-01-09 18:00:00+00:00,3.4,VALID,51.15901866666667,VALID,0.84709,VALID,Online,Resolved: Operating normally
2026-01-09 19:00:00+00:00,3.475,VALID,50.97024,VALID,0.8465820000000001,VALID,Online,Resolved: Operating normally
2026-01-09 20:00:00+00:00,3.4916666666666667,VALID,50.403904000000004,VALID,0.845058,VALID,Online,Resolved: Operating normally
2026-01-09 21:00:00+00:00,3.5,VALID,50.87585066666667,VALID,0.8463280000000001,VALID,Online,Resolved: Operating normally
2026-01-09 22:00:00+00:00,3.5083333333333333,VALID,51.253408,VALID,0.847344,VALID,Online,Resolved: Operating normally
2026-01-09 23:00:00+00:00,3.5583333333333336,VALID,51.81974399999999,VALID,0.848868,VALID,Online,Resolved: Operating normally
2026-01-10 00:00:00+00:00,3.6,VALID,52.38608,VALID,0.8503919999999999,VALID,Online,Resolved: Operating normally
2026-01-10 01:00:00+00:00,3.6,VALID,52.38608,VALID,0.8503919999999999,VALID,Online,Resolved: Operating normally
2026-01-10 02:00:00+00:00,3.6,VALID,52.38608,VALID,0.8503919999999999,VALID,Online,Resolved: Operating normally
2026-01-10 03:00:00+00:00,3.6,VALID,52.76363733333333,VALID,0.851408,VALID,Online,Resolved: Operating normally
2026-01-10 04:00:00+00:00,3.625,VALID,52.48046933333333,VALID,0.8506460000000001,VALID,Online,Resolved: Operating normally
2026-01-10 05:00:00+00:00,3.7000000000000006,VALID,52.38608,VALID,0.8503919999999999,VALID,Online,Resolved: Operating normally
2026-01-10 06:00:00+00:00,3.7000000000000006,VALID,52.38608,VALID,0.8503919999999999,VALID,Online,Resolved: Operating normally
2026-01-10 07:00:00+00:00,3.75,VALID,52.38608,VALID,0.8503919999999999,VALID,Online,Resolved: Operating normally
2026-01-10 08:00:00+00:00,3.7999999999999994,VALID,52.38608,VALID,0.8503919999999999,VALID,Online,Resolved: Operating normally
2026-01-10 09:00:00+00:00,3.841666666666667,VALID,52.38608,VALID,0.8503919999999999,VALID,Online,Resolved: Operating normally
2026-01-10 10:00:00+00:00,3.9,VALID,51.81974399999999,VALID,0.848868,VALID,Online,Resolved: Operating normally
2026-01-10 11:00:00+00:00,3.975,VALID,51.253408,VALID,0.847344,VALID,Online,Resolved: Operating normally
2026-01-10 12:00:00+00:00,4.0,VALID,51.15901866666667,VALID,0.84709,VALID,Online,Resolved: Operating normally
2026-01-10 13:00:00+00:00,4.0,VALID,50.97024,VALID,0.8465820000000001,VALID,Online,Resolved: Operating normally
2026-01-10 14:00:00+00:00,4.0249999999999995,VALID,51.064629333333336,VALID,0.846836,VALID,Online,Resolved: Operating normally
2026-01-10 15:00:00+00:00,4.1,VALID,51.253408,VALID,0.847344,VALID,Online,Resolved: Operating normally
2026-01-10 16:00:00+00:00,4.1,VALID,51.72535466666667,VALID,0.848614,VALID,Online,Resolved: Operating normally
2026-01-10 17:00:00+00:00,4.141666666666667,VALID,52.38608,VALID,0.8503919999999999,VALID,Online,Resolved: Operating normally
2026-01-10 18:00:00+00:00,4.2,VALID,53.542349333333334,VALID,0.85344,VALID,Online,Resolved: Operating normally
2026-01-10 19:00:00+00:00,4.2,VALID,56.04366666666667,VALID,0.859282,VALID,Online,Resolved: Operating normally
2026-01-10 20:00:00+00:00,4.2749999999999995,VALID,59.63046133333333,VALID,0.8679180000000001,VALID,Online,Resolved: Operating normally
2026-01-10 21:00:00+00:00,4.3,VALID,64.562304,VALID,0.8793480000000001,VALID,Online,Resolved: Operating normally
2026-01-10 22:00:00+00:00,4.3,VALID,69.61213333333333,VALID,0.8905240000000001,VALID,Online,Resolved: Operating normally
2026-01-10 23:00:00+00:00,4.358333333333333,VALID,76.80932,VALID,0.906018,VALID,Online,Resolved: Operating normally
2026-01-11 00:00:00+00:00,4.4,VALID,76.92730666666667,VALID,0.9062720000000001,VALID,Online,Resolved: Operating normally
2026-01-11 01:00:00+00:00,4.4,VALID,75.03952,VALID,0.902208,VALID,Online,Resolved: Operating normally
2026-01-11 02:00:00+00:00,4.466666666666667,VALID,75.27549333333333,VALID,0.902716,VALID,Online,Resolved: Operating normally
2026-01-11 03:00:00+00:00,4.5,VALID,77.63522666666667,VALID,0.9077959999999999,VALID,Online,Resolved: Operating normally
2026-01-11 04:00:00+00:00,4.558333333333333,VALID,79.641,VALID,0.9121140000000002,VALID,Online,Resolved: Operating normally
2026-01-11 05:00:00+00:00,4.608333333333333,VALID,81.4108,VALID,0.915924,VALID,Online,Resolved: Operating normally
2026-01-11 06:00:00+00:00,4.816666666666666,VALID,84.14809066666668,VALID,0.921258,VALID,Online,Resolved: Operating normally
2026-01-11 07:00:00+00:00,5.0249999999999995,VALID,86.17746133333333,VALID,0.9255760000000001,VALID,Online,Resolved: Operating normally
2026-01-11 08:00:00+00:00,5.266666666666667,VALID,87.640496,VALID,0.92837,VALID,Online,Resolved: Operating normally
2026-01-11 09:00:00+00:00,5.3999999999999995,VALID,87.68769066666665,VALID,0.92837,VALID,Online,Resolved: Operating normally
2026-01-11 10:00:00+00:00,5.608333333333333,VALID,86.17746133333333,VALID,0.9255760000000001,VALID,Online,Resolved: Operating normally
2026-01-11 11:00:00+00:00,5.716666666666666,VALID,86.05947466666667,VALID,0.9253220000000001,VALID,Online,Resolved: Operating normally
2026-01-11 12:00:00+00:00,5.8500000000000005,VALID,86.05947466666667,VALID,0.9253220000000001,VALID,Online,Resolved: Operating normally
2026-01-11 13:00:00+00:00,5.925000000000001,VALID,85.82350133333334,VALID,0.924814,VALID,Online,Resolved: Operating normally
2026-01-11 14:00:00+00:00,5.966666666666666,VALID,86.790992,VALID,0.9268460000000002,VALID,Online,Resolved: Operating normally
2026-01-11 15:00:00+00:00,5.916666666666667,VALID,87.75848266666667,VALID,0.9286240000000001,VALID,Online,Resolved: Operating normally
2026-01-11 16:00:00+00:00,5.900000000000001,VALID,88.47426844444445,VALID,0.92964,VALID,Online,Resolved: Operating normally
2026-01-11 17:00:00+00:00,5.941666666666666,VALID,88.348416,VALID,0.929386,VALID,Online,Resolved: Operating normally
2026-01-11 18:00:00+00:00,6.008333333333333,VALID,86.9892096,VALID,0.9273540000000001,VALID,Online,Resolved: Operating normally
2026-01-11 19:00:00+00:00,6.058333333333334,VALID,85.233568,VALID,0.9237980000000001,VALID,Online,Resolved: Operating normally
2026-01-11 20:00:00+00:00,5.966666666666666,VALID,82.63786133333333,VALID,0.9194800000000001,VALID,Online,Resolved: Operating normally
2026-01-11 21:00:00+00:00,5.825,VALID,80.70288,VALID,0.910336,VALID,Online,Resolved: Operating normally
2026-01-11 22:00:00+00:00,5.75,VALID,80.90514285714286,VALID,0.915416,VALID,Online,Resolved: Operating normally
2026-01-11 23:00:00+00:00,5.6499999999999995,VALID,79.91630222222221,VALID,0.9133840000000001,VALID,Online,Resolved: Operating normally
2026-01-12 00:00:00+00:00,5.599999999999999,VALID,80.986048,VALID,0.9144000000000001,VALID,Online,Resolved: Operating normally
2026-01-12 01:00:00+00:00,5.516666666666667,VALID,79.853376,VALID,0.9110980000000001,VALID,Online,Resolved: Operating normally
2026-01-12 02:00:00+00:00,5.491666666666667,VALID,79.28704,VALID,0.9108440000000001,VALID,Online,Resolved: Operating normally
2026-01-12 03:00:00+00:00,5.391666666666667,VALID,78.295952,VALID,0.9093200000000001,VALID,Online,Resolved: Operating normally
2026-01-12 04:00:00+00:00,5.291666666666667,VALID,78.50046222222223,VALID,0.9100820000000001,VALID,Online,Resolved: Operating normally
2026-01-12 05:00:00+00:00,5.208333333333333,VALID,77.98918666666667,VALID,0.9085580000000001,VALID,Online,Resolved: Operating normally
2026-01-12 06:00:00+00:00,5.058333333333333,VALID,76.33737333333333,VALID,0.9050020000000001,VALID,Online,Resolved: Operating normally
2026-01-12 07:00:00+00:00,5.0,VALID,73.97764,VALID,0.8999220000000001,VALID,Online,Resolved: Operating normally
2026-01-12 08:00:00+00:00,4.983333333333333,VALID,71.49992,VALID,0.894588,VALID,Online,Resolved: Operating normally
2026-01-12 09:00:00+00:00,4.95,VALID,69.61213333333333,VALID,0.8905240000000001,VALID,Online,Resolved: Operating normally
2026-01-12 10:00:00+00:00,4.916666666666667,VALID,68.19629333333333,VALID,0.887476,VALID,Online,Resolved: Operating normally
2026-01-12 11:00:00+00:00,4.816666666666666,VALID,67.48837333333333,VALID,0.8859520000000001,VALID,Online,Resolved: Operating normally
2026-01-12 12:00:00+00:00,4.658333333333333,VALID,66.42649333333333,VALID,0.883666,VALID,Online,Resolved: Operating normally
2026-01-12 13:00:00+00:00,4.675,VALID,66.54448,VALID,0.8839200000000002,VALID,Online,Resolved: Operating normally
2026-01-12 14:00:00+00:00,4.591666666666666,VALID,66.66246666666666,VALID,0.8841740000000001,VALID,Online,Resolved: Operating normally
2026-01-12 15:00:00+00:00,4.55,VALID,66.66246666666666,VALID,0.8841740000000001,VALID,Online,Resolved: Operating normally
2026-01-12 16:00:00+00:00,4.4,VALID,67.13441333333333,VALID,0.88519,VALID,Online,Resolved: Operating normally
2026-01-12 17:00:00+00:00,4.483333333333333,VALID,67.2524,VALID,0.8854440000000001,VALID,Online,Resolved: Operating normally
2026-01-12 18:00:00+00:00,4.583333333333333,VALID,67.96032,VALID,0.8869680000000001,VALID,Online,Resolved: Operating normally
2026-01-12 19:00:00+00:00,4.666666666666667,VALID,67.96032,VALID,0.8869680000000001,VALID,Online,Resolved: Operating normally
2026-01-12 20:00:00+00:00,4.708333333333333,VALID,69.14018666666666,VALID,0.8895080000000001,VALID,Online,Resolved: Operating normally
2026-01-12 21:00:00+00:00,4.766666666666667,VALID,69.37616,VALID,0.890016,VALID,Online,Resolved: Operating normally
2026-01-12 22:00:00+00:00,4.8,VALID,69.37616,VALID,0.890016,VALID,Online,Resolved: Operating normally
2026-01-12 23:00:00+00:00,4.8,VALID,69.61213333333333,VALID,0.8905240000000001,VALID,Online,Resolved: Operating normally
2026-01-13 00:00:00+00:00,4.8,VALID,70.792,VALID,0.8930640000000002,VALID,Online,Resolved: Operating normally
2026-01-13 01:00:00+00:00,4.8,VALID,70.90998666666667,VALID,0.8933180000000002,VALID,Online,Resolved: Operating normally
2026-01-13 02:00:00+00:00,4.8,VALID,71.61790666666667,VALID,0.894842,VALID,Online,Resolved: Operating normally
2026-01-13 03:00:00+00:00,4.8,VALID,72.20784,VALID,0.896112,VALID,Online,Resolved: Operating normally
2026-01-13 04:00:00+00:00,4.8,VALID,72.79777333333332,VALID,0.897382,VALID,Online,Resolved: Operating normally
2026-01-13 05:00:00+00:00,4.858333333333333,VALID,73.50569333333333,VALID,0.8989060000000001,VALID,Online,Resolved: Operating normally
2026-01-13 06:00:00+00:00,4.941666666666667,VALID,73.62368,VALID,0.8991600000000001,VALID,Online,Resolved: Operating normally
2026-01-13 07:00:00+00:00,5.058333333333333,VALID,73.62368,VALID,0.8991600000000001,VALID,Online,Resolved: Operating normally
2026-01-13 08:00:00+00:00,5.158333333333333,VALID,73.62368,VALID,0.8991600000000001,VALID,Online,Resolved: Operating normally
2026-01-13 09:00:00+00:00,5.2,VALID,73.62368,VALID,0.8991600000000001,VALID,Online,Resolved: Operating normally
2026-01-13 10:00:00+00:00,5.175,VALID,73.62368,VALID,0.8991600000000001,VALID,Online,Resolved: Operating normally
2026-01-13 11:00:00+00:00,5.1,VALID,73.62368,VALID,0.8991600000000001,VALID,Online,Resolved: Operating normally
2026-01-13 12:00:00+00:00,5.0249999999999995,VALID,73.62368,VALID,0.8991600000000001,VALID,Online,Resolved: Operating normally
2026-01-13 13:00:00+00:00,4.9750000000000005,VALID,73.62368,VALID,0.8991600000000001,VALID,Online,Resolved: Operating normally
2026-01-13 14:00:00+00:00,4.8500000000000005,VALID,74.09562666666666,VALID,0.9001760000000001,VALID,Online,Resolved: Operating normally
2026-01-13 15:00:00+00:00,4.833333333333333,VALID,75.03952,VALID,0.902208,VALID,Online,Resolved: Operating normally
2026-01-13 16:00:00+00:00,4.758333333333334,VALID,75.15750666666666,VALID,0.902462,VALID,Online,Resolved: Operating normally
2026-01-13 17:00:00+00:00,4.741666666666666,VALID,76.1014,VALID,0.904494,VALID,Online,Resolved: Operating normally
2026-01-13 18:00:00+00:00,4.783333333333333,VALID,76.45536,VALID,0.9052560000000001,VALID,Online,Resolved: Operating normally
2026-01-13 19:00:00+00:00,4.8,VALID,76.33737333333333,VALID,0.9050020000000001,VALID,Online,Resolved: Operating normally
2026-01-13 20:00:00+00:00,4.7749999999999995,VALID,76.45536,VALID,0.9052560000000001,VALID,Online,Resolved: Operating normally
2026-01-13 21:00:00+00:00,4.758333333333334,VALID,76.57334666666667,VALID,0.90551,VALID,Online,Resolved: Operating normally
2026-01-13 22:00:00+00:00,4.708333333333333,VALID,76.45536,VALID,0.9052560000000001,VALID,Online,Resolved: Operating normally
2026-01-13 23:00:00+00:00,4.583333333333333,VALID,76.80932,VALID,0.906018,VALID,Online,Resolved: Operating normally
2026-01-14 00:00:00+00:00,4.508333333333334,VALID,77.51724,VALID,0.907542,VALID,Online,Resolved: Operating normally
2026-01-14 01:00:00+00:00,4.4750000000000005,VALID,77.75321333333333,VALID,0.9080499999999999,VALID,Online,Resolved: Operating normally
2026-01-14 02:00:00+00:00,4.466666666666667,VALID,77.75321333333333,VALID,0.9080499999999999,VALID,Online,Resolved: Operating normally
2026-01-14 03:00:00+00:00,4.458333333333333,VALID,77.8712,VALID,0.9083039999999999,VALID,Online,Resolved: Operating normally
2026-01-14 04:00:00+00:00,4.55,VALID,77.8712,VALID,0.9083039999999999,VALID,Online,Resolved: Operating normally
2026-01-14 05:00:00+00:00,4.641666666666667,VALID,77.98918666666667,VALID,0.9085580000000001,VALID,Online,Resolved: Operating normally
2026-01-14 06:00:00+00:00,4.766666666666667,VALID,77.8712,VALID,0.9083039999999999,VALID,Online,Resolved: Operating normally
2026-01-14 07:00:00+00:00,4.866666666666667,VALID,77.8712,VALID,0.9083039999999999,VALID,Online,Resolved: Operating normally
2026-01-14 08:00:00+00:00,4.9750000000000005,VALID,77.8712,VALID,0.9083039999999999,VALID,Online,Resolved: Operating normally
2026-01-14 09:00:00+00:00,5.0,VALID,78.22516,VALID,0.909066,VALID,Online,Resolved: Operating normally
2026-01-14 10:00:00+00:00,4.941666666666667,VALID,79.28704,VALID,0.9113520000000003,VALID,Online,Resolved: Operating normally
2026-01-14 11:00:00+00:00,4.9,VALID,79.28704,VALID,0.9113520000000003,VALID,Online,Resolved: Operating normally
2026-01-14 12:00:00+00:00,4.866666666666667,VALID,79.28704,VALID,0.9113520000000003,VALID,Online,Resolved: Operating normally
2026-01-14 13:00:00+00:00,4.8,VALID,79.16905333333334,VALID,0.9110980000000001,VALID,Online,Resolved: Operating normally
2026-01-14 14:00:00+00:00,4.758333333333334,VALID,77.98918666666667,VALID,0.9085580000000001,VALID,Online,Resolved: Operating normally
2026-01-14 16:00:00+00:00,4.811111111111111,VALID,77.8712,VALID,0.9083039999999999,VALID,Online,Resolved: Operating normally
2026-01-14 17:00:00+00:00,4.791666666666667,VALID,77.8712,VALID,0.9083039999999999,VALID,Online,Resolved: Operating normally
2026-01-14 18:00:00+00:00,4.766666666666667,VALID,78.10717333333334,VALID,0.9088120000000001,VALID,Online,Resolved: Operating normally
2026-01-14 19:00:00+00:00,4.766666666666667,VALID,79.05106666666667,VALID,0.9108440000000001,VALID,Online,Resolved: Operating normally
2026-01-14 20:00:00+00:00,4.716666666666667,VALID,79.05106666666667,VALID,0.9108440000000001,VALID,Online,Resolved: Operating normally
2026-01-14 21:00:00+00:00,4.691666666666667,VALID,78.22516,VALID,0.909066,VALID,Online,Resolved: Operating normally
2026-01-14 22:00:00+00:00,4.633333333333333,VALID,79.28704,VALID,0.9113520000000003,VALID,Online,Resolved: Operating normally
2026-01-14 23:00:00+00:00,4.641666666666667,VALID,78.81509333333334,VALID,0.910336,VALID,Online,Resolved: Operating normally
2026-01-15 00:00:00+00:00,4.591666666666666,VALID,78.46113333333334,VALID,0.9095740000000001,VALID,Online,Resolved: Operating normally
2026-01-15 01:00:00+00:00,4.558333333333333,VALID,78.93308,VALID,0.9105900000000001,VALID,Online,Resolved: Operating normally
2026-01-15 02:00:00+00:00,4.583333333333333,VALID,78.10717333333334,VALID,0.9088120000000001,VALID,Online,Resolved: Operating normally
2026-01-15 03:00:00+00:00,4.583333333333333,VALID,77.8712,VALID,0.9083039999999999,VALID,Online,Resolved: Operating normally
2026-01-15 04:00:00+00:00,4.616666666666666,VALID,77.98918666666667,VALID,0.9085580000000001,VALID,Online,Resolved: Operating normally
2026-01-15 05:00:00+00:00,4.633333333333333,VALID,78.57912,VALID,0.9098280000000001,VALID,Online,Resolved: Operating normally
2026-01-15 06:00:00+00:00,4.666666666666667,VALID,79.16905333333334,VALID,0.9110980000000001,VALID,Online,Resolved: Operating normally
2026-01-15 07:00:00+00:00,4.708333333333333,VALID,79.28704,VALID,0.9123680000000002,VALID,Online,Resolved: Operating normally
2026-01-15 08:00:00+00:00,4.7,VALID,76.71278545454545,VALID,0.90551,VALID,Online,Resolved: Operating normally
2026-01-15 09:00:00+00:00,4.691666666666666,VALID,76.69133333333333,VALID,0.905764,VALID,Online,Resolved: Operating normally
2026-01-15 10:00:00+00:00,4.641666666666667,VALID,75.42565818181818,VALID,0.902462,VALID,Online,Resolved: Operating normally
2026-01-15 11:00:00+00:00,4.583333333333333,VALID,75.62945333333333,VALID,0.9034780000000001,VALID,Online,Resolved: Operating normally
2026-01-15 12:00:00+00:00,4.4750000000000005,VALID,76.84149818181818,VALID,0.90551,VALID,Online,Resolved: Operating normally
2026-01-15 13:00:00+00:00,4.408333333333333,VALID,76.21938666666667,VALID,0.904748,VALID,Online,Resolved: Operating normally
2026-01-15 14:00:00+00:00,4.308333333333334,VALID,75.03952,VALID,0.902208,VALID,Online,Resolved: Operating normally
2026-01-15 15:00:00+00:00,4.241666666666667,VALID,76.738528,VALID,0.906018,VALID,Online,Resolved: Operating normally
2026-01-15 16:00:00+00:00,4.2,VALID,76.76999111111111,VALID,0.9050020000000001,VALID,Online,Resolved: Operating normally
2026-01-15 17:00:00+00:00,4.325,VALID,78.90090181818182,VALID,0.9098280000000001,VALID,Online,Resolved: Operating normally
2026-01-15 18:00:00+00:00,4.658333333333333,VALID,81.37218618181818,VALID,0.916178,VALID,Online,Resolved: Operating normally
2026-01-15 19:00:00+00:00,5.108333333333333,VALID,84.4155271111111,VALID,0.921766,VALID,Online,Resolved: Operating normally
2026-01-15 20:00:00+00:00,4.883333333333334,VALID,85.233568,VALID,0.9230360000000001,VALID,Online,Resolved: Operating normally
2026-01-15 21:00:00+00:00,4.716666666666667,VALID,86.72663563636364,VALID,0.926084,VALID,Online,Resolved: Operating normally
2026-01-15 22:00:00+00:00,4.541666666666667,VALID,88.2969309090909,VALID,0.930148,VALID,Online,Resolved: Operating normally
2026-01-15 23:00:00+00:00,4.3500000000000005,VALID,90.0191072,VALID,0.932942,VALID,Online,Resolved: Operating normally
2026-01-16 00:00:00+00:00,4.183333333333334,VALID,93.11507733333333,VALID,0.939038,VALID,Online,Resolved: Operating normally
2026-01-16 01:00:00+00:00,4.108333333333333,VALID,97.50418133333334,VALID,0.94742,VALID,Online,Resolved: Operating normally
2026-01-16 02:00:00+00:00,4.158333333333333,VALID,101.94048,VALID,0.955548,VALID,Online,Resolved: Operating normally
2026-01-16 03:00:00+00:00,4.008333333333334,VALID,105.05532799999999,VALID,0.9613900000000001,VALID,Online,Resolved: Operating normally
2026-01-16 04:00:00+00:00,3.8333333333333335,VALID,106.23519466666666,VALID,0.9636760000000001,VALID,Online,Resolved: Operating normally
2026-01-16 05:00:00+00:00,3.6333333333333333,VALID,108.028592,VALID,0.9669780000000001,VALID,Online,Resolved: Operating normally
2026-01-16 06:00:00+00:00,3.591666666666667,VALID,109.58601599999999,VALID,0.9697720000000002,VALID,Online,Resolved: Operating normally
2026-01-16 07:00:00+00:00,3.2750000000000004,VALID,109.58601600000001,VALID,0.9697720000000002,VALID,Online,Resolved: Operating normally
2026-01-16 08:00:00+00:00,3.1,VALID,109.161264,VALID,0.96901,VALID,Online,Resolved: Operating normally
2026-01-16 09:00:00+00:00,2.966666666666667,VALID,109.01968,VALID,0.9687560000000001,VALID,Online,Resolved: Operating normally
2026-01-16 10:00:00+00:00,2.5500000000000003,VALID,109.58601599999999,VALID,0.9697720000000002,VALID,Online,Resolved: Operating normally
2026-01-16 11:00:00+00:00,2.283333333333333,VALID,109.302848,VALID,0.9692640000000002,VALID,Online,Resolved: Operating normally
2026-01-16 12:00:00+00:00,2.1833333333333336,VALID,108.87809599999999,VALID,0.9685020000000001,VALID,Online,Resolved: Operating normally
2026-01-16 13:00:00+00:00,2.0083333333333333,VALID,109.01968,VALID,0.9687560000000001,VALID,Online,Resolved: Operating normally
2026-01-16 14:00:00+00:00,2.0,VALID,108.17017600000001,VALID,0.9672320000000001,VALID,Online,Resolved: Operating normally
2026-01-16 15:00:00+00:00,1.9166666666666667,VALID,107.60384,VALID,0.9662160000000001,VALID,Online,Resolved: Operating normally
2026-01-16 16:00:00+00:00,1.9416666666666667,VALID,107.60384,VALID,0.9662160000000001,VALID,Online,Resolved: Operating normally
2026-01-16 17:00:00+00:00,1.9083333333333332,VALID,108.17017600000001,VALID,0.9672320000000001,VALID,Online,Resolved: Operating normally
2026-01-16 18:00:00+00:00,1.9833333333333334,VALID,109.01968,VALID,0.9687560000000001,VALID,Online,Resolved: Operating normally
2026-01-16 19:00:00+00:00,1.9916666666666665,VALID,108.87809599999999,VALID,0.9685020000000001,VALID,Online,Resolved: Operating normally
2026-01-16 20:00:00+00:00,1.9916666666666665,VALID,108.17017600000001,VALID,0.9672320000000001,VALID,Online,Resolved: Operating normally
2026-01-16 21:00:00+00:00,2.0166666666666666,VALID,107.745424,VALID,0.96647,VALID,Online,Resolved: Operating normally
2026-01-16 22:00:00+00:00,2.075,VALID,107.60384,VALID,0.9662160000000001,VALID,Online,Resolved: Operating normally
2026-01-16 23:00:00+00:00,2.1333333333333333,VALID,106.47116799999999,VALID,0.964184,VALID,Online,Resolved: Operating normally
2026-01-17 00:00:00+00:00,2.216666666666667,VALID,105.904832,VALID,0.9631680000000001,VALID,Online,Resolved: Operating normally
2026-01-17 01:00:00+00:00,2.2583333333333333,VALID,105.55087199999998,VALID,0.9624060000000001,VALID,Online,Resolved: Operating normally
2026-01-17 02:00:00+00:00,2.3666666666666667,VALID,104.488992,VALID,0.96012,VALID,Online,Resolved: Operating normally
2026-01-17 03:00:00+00:00,2.35,VALID,104.488992,VALID,0.96012,VALID,Online,Resolved: Operating normally
2026-01-17 04:00:00+00:00,2.35,VALID,103.07315200000001,VALID,0.9575800000000001,VALID,Online,Resolved: Operating normally
2026-01-17 05:00:00+00:00,2.283333333333333,VALID,102.789984,VALID,0.957072,VALID,Online,Resolved: Operating normally
2026-01-17 06:00:00+00:00,2.1333333333333333,VALID,102.22364800000001,VALID,0.9560559999999999,VALID,Online,Resolved: Operating normally
2026-01-17 07:00:00+00:00,2.033333333333333,VALID,102.082064,VALID,0.9558019999999999,VALID,Online,Resolved: Operating normally
2026-01-17 08:00:00+00:00,1.9166666666666667,VALID,102.789984,VALID,0.957072,VALID,Online,Resolved: Operating normally
2026-01-17 09:00:00+00:00,1.8333333333333333,VALID,102.789984,VALID,0.957072,VALID,Online,Resolved: Operating normally
2026-01-17 10:00:00+00:00,1.7333333333333334,VALID,103.07315200000001,VALID,0.9575800000000001,VALID,Online,Resolved: Operating normally
2026-01-17 11:00:00+00:00,1.625,VALID,104.488992,VALID,0.96012,VALID,Online,Resolved: Operating normally
2026-01-17 12:00:00+00:00,1.5,VALID,104.488992,VALID,0.96012,VALID,Online,Resolved: Operating normally
2026-01-17 13:00:00+00:00,1.4166666666666667,VALID,104.488992,VALID,0.96012,VALID,Online,Resolved: Operating normally
2026-01-17 14:00:00+00:00,1.3999999999999997,VALID,105.55087199999998,VALID,0.9624060000000001,VALID,Online,Resolved: Operating normally
2026-01-17 15:00:00+00:00,1.3666666666666665,VALID,106.04641600000001,VALID,0.9634220000000001,VALID,Online,Resolved: Operating normally
2026-01-17 16:00:00+00:00,1.3,VALID,106.188,VALID,0.9636760000000001,VALID,Online,Resolved: Operating normally
2026-01-17 17:00:00+00:00,1.3583333333333334,VALID,105.904832,VALID,0.9631680000000001,VALID,Online,Resolved: Operating normally
2026-01-17 18:00:00+00:00,1.4166666666666667,VALID,106.329584,VALID,0.9639300000000001,VALID,Online,Resolved: Operating normally
2026-01-17 19:00:00+00:00,1.4916666666666665,VALID,105.904832,VALID,0.9631680000000001,VALID,Online,Resolved: Operating normally
2026-01-17 20:00:00+00:00,1.5333333333333332,VALID,105.904832,VALID,0.9631680000000001,VALID,Online,Resolved: Operating normally
2026-01-17 21:00:00+00:00,1.6583333333333332,VALID,105.43288533333333,VALID,0.9621520000000001,VALID,Online,Resolved: Operating normally
2026-01-17 22:00:00+00:00,1.6333333333333335,VALID,104.488992,VALID,0.96012,VALID,Online,Resolved: Operating normally
2026-01-17 23:00:00+00:00,1.6416666666666666,VALID,103.497904,VALID,0.958342,VALID,Online,Resolved: Operating normally
2026-01-18 00:00:00+00:00,1.625,VALID,102.22364800000001,VALID,0.9560559999999999,VALID,Online,Resolved: Operating normally
2026-01-18 01:00:00+00:00,1.6500000000000001,VALID,99.958304,VALID,0.9519920000000001,VALID,Online,Resolved: Operating normally
2026-01-18 02:00:00+00:00,1.6416666666666666,VALID,98.40088000000002,VALID,0.949198,VALID,Online,Resolved: Operating normally
2026-01-18 03:00:00+00:00,1.75,VALID,97.10302666666666,VALID,0.9466580000000001,VALID,Online,Resolved: Operating normally
2026-01-18 04:00:00+00:00,1.8166666666666667,VALID,95.993952,VALID,0.944372,VALID,Online,Resolved: Operating normally
2026-01-18 05:00:00+00:00,1.9000000000000001,VALID,94.57811199999999,VALID,0.9418320000000001,VALID,Online,Resolved: Operating normally
2026-01-18 06:00:00+00:00,1.8083333333333333,VALID,93.72860800000001,VALID,0.940308,VALID,Online,Resolved: Operating normally
2026-01-18 07:00:00+00:00,1.7750000000000001,VALID,92.879104,VALID,0.9387840000000001,VALID,Online,Resolved: Operating normally
2026-01-18 08:00:00+00:00,1.6916666666666667,VALID,91.817224,VALID,0.9364979999999999,VALID,Online,Resolved: Operating normally
2026-01-18 09:00:00+00:00,1.616666666666667,VALID,91.69923733333333,VALID,0.936244,VALID,Online,Resolved: Operating normally
2026-01-18 10:00:00+00:00,1.5166666666666666,VALID,90.896928,VALID,0.93472,VALID,Online,Resolved: Operating normally
2026-01-18 11:00:00+00:00,1.5250000000000001,VALID,91.18009599999999,VALID,0.9352280000000001,VALID,Online,Resolved: Operating normally
2026-01-18 12:00:00+00:00,1.4333333333333333,VALID,90.189008,VALID,0.9334500000000001,VALID,Online,Resolved: Operating normally
2026-01-18 13:00:00+00:00,1.4083333333333332,VALID,90.61376,VALID,0.934212,VALID,Online,Resolved: Operating normally
2026-01-18 14:00:00+00:00,1.3999999999999997,VALID,90.896928,VALID,0.93472,VALID,Online,Resolved: Operating normally
2026-01-18 15:00:00+00:00,1.45,VALID,89.764256,VALID,0.9326880000000001,VALID,Online,Resolved: Operating normally
2026-01-18 16:00:00+00:00,1.4666666666666668,VALID,89.764256,VALID,0.9326880000000001,VALID,Online,Resolved: Operating normally
2026-01-18 17:00:00+00:00,1.5583333333333333,VALID,90.04742399999999,VALID,0.933196,VALID,Online,Resolved: Operating normally
2026-01-18 18:00:00+00:00,1.625,VALID,89.52828266666667,VALID,0.9321800000000001,VALID,Online,Resolved: Operating normally
2026-01-18 19:00:00+00:00,1.6833333333333333,VALID,89.17432266666667,VALID,0.931418,VALID,Online,Resolved: Operating normally
2026-01-18 20:00:00+00:00,1.7,VALID,88.41920800000001,VALID,0.929894,VALID,Online,Resolved: Operating normally
2026-01-18 21:00:00+00:00,1.7583333333333335,VALID,87.994456,VALID,0.9291320000000001,VALID,Online,Resolved: Operating normally
2026-01-18 22:00:00+00:00,1.7416666666666665,VALID,87.61689866666666,VALID,0.92837,VALID,Online,Resolved: Operating normally
2026-01-18 23:00:00+00:00,1.675,VALID,88.348416,VALID,0.92964,VALID,Online,Resolved: Operating normally
2026-01-19 00:00:00+00:00,1.6083333333333334,VALID,88.348416,VALID,0.92964,VALID,Online,Resolved: Operating normally
2026-01-19 01:00:00+00:00,1.616666666666667,VALID,87.78208,VALID,0.9286240000000001,VALID,Online,Resolved: Operating normally
2026-01-19 02:00:00+00:00,1.6416666666666666,VALID,86.649408,VALID,0.926592,VALID,Online,Resolved: Operating normally
2026-01-19 03:00:00+00:00,1.6916666666666667,VALID,86.649408,VALID,0.926592,VALID,Online,Resolved: Operating normally
2026-01-19 04:00:00+00:00,1.6916666666666667,VALID,86.649408,VALID,0.926592,VALID,Online,Resolved: Operating normally
2026-01-19 05:00:00+00:00,1.616666666666667,VALID,85.70551466666666,VALID,0.92456,VALID,Online,Resolved: Operating normally
2026-01-19 06:00:00+00:00,1.5666666666666667,VALID,85.233568,VALID,0.923544,VALID,Online,Resolved: Operating normally
2026-01-19 07:00:00+00:00,1.4416666666666667,VALID,84.879608,VALID,0.9227820000000001,VALID,Online,Resolved: Operating normally
2026-01-19 08:00:00+00:00,1.383333333333333,VALID,84.05370133333334,VALID,0.921004,VALID,Online,Resolved: Operating normally
2026-01-19 09:00:00+00:00,1.3,VALID,83.53456,VALID,0.919988,VALID,Online,Resolved: Operating normally
2026-01-19 10:00:00+00:00,1.1500000000000001,VALID,82.68505599999999,VALID,0.9184640000000001,VALID,Online,Resolved: Operating normally
2026-01-19 11:00:00+00:00,0.9666666666666667,VALID,82.401888,VALID,0.9179559999999999,VALID,Online,Resolved: Operating normally
2026-01-19 12:00:00+00:00,0.9166666666666666,VALID,82.11872,VALID,0.9174479999999999,VALID,Online,Resolved: Operating normally
2026-01-19 13:00:00+00:00,0.8500000000000001,VALID,82.260304,VALID,0.9177019999999999,VALID,Online,Resolved: Operating normally
2026-01-19 14:00:00+00:00,0.7666666666666666,VALID,83.251392,VALID,0.9194800000000001,VALID,Online,Resolved: Operating normally
2026-01-19 15:00:00+00:00,0.7083333333333334,VALID,84.05370133333334,VALID,0.921004,VALID,Online,Resolved: Operating normally
2026-01-19 16:00:00+00:00,0.775,VALID,84.171688,VALID,0.921258,VALID,Online,Resolved: Operating normally
2026-01-19 17:00:00+00:00,0.8916666666666667,VALID,84.05370133333334,VALID,0.921004,VALID,Online,Resolved: Operating normally
2026-01-19 18:00:00+00:00,1.05,VALID,84.99759466666667,VALID,0.9230360000000001,VALID,Online,Resolved: Operating normally
2026-01-19 19:00:00+00:00,1.2,VALID,84.99759466666667,VALID,0.9230360000000001,VALID,Online,Resolved: Operating normally
2026-01-19 20:00:00+00:00,1.2583333333333333,VALID,85.35155466666667,VALID,0.923798,VALID,Online,Resolved: Operating normally
2026-01-19 21:00:00+00:00,1.3,VALID,85.233568,VALID,0.923544,VALID,Online,Resolved: Operating normally
2026-01-19 22:00:00+00:00,1.2333333333333334,VALID,85.94148799999999,VALID,0.925068,VALID,Online,Resolved: Operating normally
2026-01-19 23:00:00+00:00,1.2083333333333333,VALID,86.53142133333334,VALID,0.926338,VALID,Online,Resolved: Operating normally
2026-01-20 00:00:00+00:00,1.2666666666666666,VALID,86.649408,VALID,0.926592,VALID,Online,Resolved: Operating normally
2026-01-20 01:00:00+00:00,1.4333333333333333,VALID,86.649408,VALID,0.926592,VALID,Online,Resolved: Operating normally
2026-01-20 02:00:00+00:00,1.5833333333333333,VALID,86.649408,VALID,0.926592,VALID,Online,Resolved: Operating normally
2026-01-20 03:00:00+00:00,1.675,VALID,85.70551466666666,VALID,0.92456,VALID,Online,Resolved: Operating normally
2026-01-20 04:00:00+00:00,1.825,VALID,83.36937866666666,VALID,0.919734,VALID,Online,Resolved: Operating normally
2026-01-20 05:00:00+00:00,1.9749999999999999,VALID,81.43439733333334,VALID,0.9159240000000001,VALID,Online,Resolved: Operating normally
2026-01-20 06:00:00+00:00,1.9833333333333334,VALID,80.34892,VALID,0.9136380000000001,VALID,Online,Resolved: Operating normally
2026-01-20 07:00:00+00:00,1.875,VALID,79.52301333333334,VALID,0.91186,VALID,Online,Resolved: Operating normally
2026-01-20 08:00:00+00:00,1.75,VALID,79.16905333333334,VALID,0.9110980000000001,VALID,Online,Resolved: Operating normally
2026-01-20 09:00:00+00:00,1.5583333333333333,VALID,79.05106666666667,VALID,0.9108440000000001,VALID,Online,Resolved: Operating normally
2026-01-20 10:00:00+00:00,1.4083333333333332,VALID,78.93308,VALID,0.9105900000000001,VALID,Online,Resolved: Operating normally
2026-01-20 11:00:00+00:00,1.3583333333333334,VALID,78.46113333333334,VALID,0.9095740000000001,VALID,Online,Resolved: Operating normally
2026-01-20 12:00:00+00:00,1.3333333333333333,VALID,77.8712,VALID,0.9083039999999999,VALID,Online,Resolved: Operating normally
2026-01-20 13:00:00+00:00,1.2583333333333333,VALID,75.98341333333333,VALID,0.90424,VALID,Online,Resolved: Operating normally
2026-01-20 14:00:00+00:00,1.0666666666666667,VALID,74.44958666666666,VALID,0.900938,VALID,Online,Resolved: Operating normally
2026-01-20 15:00:00+00:00,1.0,VALID,71.26394666666667,VALID,0.8940800000000001,VALID,Online,Resolved: Operating normally
2026-01-20 16:00:00+00:00,1.175,VALID,69.96609333333333,VALID,0.891286,VALID,Online,Resolved: Operating normally
2026-01-20 17:00:00+00:00,1.3833333333333335,VALID,68.90421333333333,VALID,0.8890000000000001,VALID,Online,Resolved: Operating normally
2026-01-20 18:00:00+00:00,1.6333333333333335,VALID,68.78622666666666,VALID,0.8887460000000001,VALID,Online,Resolved: Operating normally
2026-01-20 19:00:00+00:00,1.8,VALID,73.15173333333333,VALID,0.8981439999999999,VALID,Online,Resolved: Operating normally
2026-01-20 20:00:00+00:00,1.883333333333333,VALID,78.81509333333334,VALID,0.910336,VALID,Online,Resolved: Operating normally
2026-01-20 21:00:00+00:00,2.0166666666666666,VALID,81.17482666666666,VALID,0.915416,VALID,Online,Resolved: Operating normally
2026-01-20 22:00:00+00:00,2.1,VALID,79.99496,VALID,0.9128760000000001,VALID,Online,Resolved: Operating normally
2026-01-20 23:00:00+00:00,2.2583333333333333,VALID,77.98918666666667,VALID,0.9085580000000001,VALID,Online,Resolved: Operating normally
2026-01-21 00:00:00+00:00,2.1833333333333336,VALID,76.69133333333333,VALID,0.905764,VALID,Online,Resolved: Operating normally
2026-01-21 01:00:00+00:00,2.066666666666667,VALID,76.21938666666667,VALID,0.9047480000000001,VALID,Online,Resolved: Operating normally
2026-01-21 02:00:00+00:00,1.5583333333333333,VALID,75.86542666666666,VALID,0.9039860000000001,VALID,Online,Resolved: Operating normally
2026-01-21 03:00:00+00:00,1.3166666666666667,VALID,75.98341333333333,VALID,0.90424,VALID,Online,Resolved: Operating normally
2026-01-21 04:00:00+00:00,1.2666666666666666,VALID,75.15750666666666,VALID,0.902462,VALID,Online,Resolved: Operating normally
2026-01-21 05:00:00+00:00,1.2083333333333333,VALID,74.92153333333333,VALID,0.901954,VALID,Online,Resolved: Operating normally
2026-01-21 06:00:00+00:00,1.2083333333333333,VALID,73.50569333333333,VALID,0.8989060000000001,VALID,Online,Resolved: Operating normally
2026-01-21 07:00:00+00:00,1.1833333333333333,VALID,71.49992,VALID,0.894588,VALID,Online,Resolved: Operating normally
2026-01-21 08:00:00+00:00,1.125,VALID,68.55025333333333,VALID,0.888238,VALID,Online,Resolved: Operating normally
2026-01-21 09:00:00+00:00,1.0083333333333333,VALID,65.31741866666667,VALID,0.8811260000000001,VALID,Online,Resolved: Operating normally
2026-01-21 10:00:00+00:00,0.975,VALID,61.99019466666667,VALID,0.873506,VALID,Online,Resolved: Operating normally
2026-01-21 11:00:00+00:00,0.8583333333333334,VALID,58.49778933333334,VALID,0.8651240000000001,VALID,Online,Resolved: Operating normally
2026-01-21 12:00:00+00:00,0.7916666666666666,VALID,55.076176000000004,VALID,0.856996,VALID,Online,Resolved: Operating normally
2026-01-21 13:00:00+00:00,0.7083333333333334,VALID,52.197301333333336,VALID,0.849884,VALID,Online,Resolved: Operating normally
2026-01-21 14:00:00+00:00,0.6416666666666666,VALID,50.59268266666667,VALID,0.8455659999999999,VALID,Online,Resolved: Operating normally
2026-01-21 15:00:00+00:00,0.6583333333333333,VALID,50.120736,VALID,0.844296,VALID,Online,Resolved: Operating normally
2026-01-21 16:00:00+00:00,0.775,VALID,51.15901866666667,VALID,0.84709,VALID,Online,Resolved: Operating normally
2026-01-21 17:00:00+00:00,0.8416666666666667,VALID,54.014296,VALID,0.854456,VALID,Online,Resolved: Operating normally
2026-01-21 18:00:00+00:00,1.0,VALID,54.43904800000001,VALID,0.8554719999999999,VALID,Online,Resolved: Operating normally
2026-01-21 19:00:00+00:00,1.1583333333333334,VALID,55.40653866666667,VALID,0.857758,VALID,Online,Resolved: Operating normally
2026-01-21 20:00:00+00:00,1.2166666666666666,VALID,58.167426666666664,VALID,0.864362,VALID,Online,Resolved: Operating normally
2026-01-21 21:00:00+00:00,1.2083333333333333,VALID,63.75999466666667,VALID,0.8775700000000001,VALID,Online,Resolved: Operating normally
2026-01-21 22:00:00+00:00,1.2,VALID,69.14018666666666,VALID,0.8895080000000001,VALID,Online,Resolved: Operating normally
2026-01-21 23:00:00+00:00,1.2750000000000001,VALID,70.792,VALID,0.8930640000000002,VALID,Online,Resolved: Operating normally
2026-01-22 00:00:00+00:00,1.3583333333333334,VALID,69.73012,VALID,0.8907780000000001,VALID,Online,Resolved: Operating normally
2026-01-22 01:00:00+00:00,1.5250000000000001,VALID,66.19052,VALID,0.883158,VALID,Online,Resolved: Operating normally
2026-01-22 02:00:00+00:00,1.5416666666666667,VALID,62.91049066666667,VALID,0.875538,VALID,Online,Resolved: Operating normally
2026-01-22 03:00:00+00:00,1.2833333333333334,VALID,60.07881066666667,VALID,0.868934,VALID,Online,Resolved: Operating normally
2026-01-22 04:00:00+00:00,1.05,VALID,57.860661333333326,VALID,0.8635999999999999,VALID,Online,Resolved: Operating normally
2026-01-22 05:00:00+00:00,0.8166666666666668,VALID,56.89317066666666,VALID,0.861314,VALID,Online,Resolved: Operating normally
2026-01-22 06:00:00+00:00,0.7916666666666666,VALID,56.421224,VALID,0.8602979999999999,VALID,Online,Resolved: Operating normally
2026-01-22 07:00:00+00:00,0.75,VALID,56.89317066666666,VALID,0.861314,VALID,Online,Resolved: Operating normally
2026-01-22 08:00:00+00:00,0.6999999999999998,VALID,57.766271999999994,VALID,0.863346,VALID,Online,Resolved: Operating normally
2026-01-22 09:00:00+00:00,0.7166666666666667,VALID,58.85174933333334,VALID,0.86614,VALID,Online,Resolved: Operating normally
2026-01-22 10:00:00+00:00,0.8000000000000002,VALID,60.409173333333335,VALID,0.8696960000000001,VALID,Online,Resolved: Operating normally
2026-01-22 11:00:00+00:00,0.8083333333333335,VALID,61.63623466666667,VALID,0.8727440000000001,VALID,Online,Resolved: Operating normally
2026-01-22 12:00:00+00:00,0.8166666666666668,VALID,62.34415466666667,VALID,0.8742680000000002,VALID,Online,Resolved: Operating normally
2026-01-22 13:00:00+00:00,0.975,VALID,62.934088,VALID,0.8755380000000001,VALID,Online,Resolved: Operating normally
2026-01-22 14:00:00+00:00,1.1,VALID,63.97237066666667,VALID,0.877824,VALID,Online,Resolved: Operating normally
2026-01-22 15:00:00+00:00,1.1833333333333333,VALID,64.37352533333333,VALID,0.87884,VALID,Online,Resolved: Operating normally
2026-01-22 16:00:00+00:00,1.3333333333333333,VALID,65.4826,VALID,0.881634,VALID,Online,Resolved: Operating normally
2026-01-22 17:00:00+00:00,1.5333333333333332,VALID,65.71857333333334,VALID,0.8821420000000001,VALID,Online,Resolved: Operating normally
2026-01-22 18:00:00+00:00,1.7583333333333335,VALID,65.83656,VALID,0.8823960000000001,VALID,Online,Resolved: Operating normally
2026-01-22 19:00:00+00:00,1.9666666666666668,VALID,65.199432,VALID,0.8808720000000001,VALID,Online,Resolved: Operating normally
2026-01-22 20:00:00+00:00,2.075,VALID,63.995968,VALID,0.877824,VALID,Online,Resolved: Operating normally
2026-01-22 21:00:00+00:00,2.2666666666666666,VALID,63.288048,VALID,0.8763000000000001,VALID,Online,Resolved: Operating normally
2026-01-22 22:00:00+00:00,2.475,VALID,62.580128,VALID,0.8747760000000001,VALID,Online,Resolved: Operating normally
2026-01-22 23:00:00+00:00,2.9166666666666665,VALID,62.34415466666667,VALID,0.8742680000000002,VALID,Online,Resolved: Operating normally
2026-01-23 00:00:00+00:00,3.475,VALID,62.34415466666667,VALID,0.8742680000000002,VALID,Online,Resolved: Operating normally
2026-01-23 01:00:00+00:00,2.9166666666666665,VALID,62.816101333333336,VALID,0.8752840000000001,VALID,Online,Resolved: Operating normally
2026-01-23 02:00:00+00:00,2.3666666666666667,VALID,63.642008,VALID,0.877062,VALID,Online,Resolved: Operating normally
2026-01-23 03:00:00+00:00,1.9333333333333333,VALID,63.995968,VALID,0.877824,VALID,Online,Resolved: Operating normally
2026-01-23 04:00:00+00:00,1.6083333333333334,VALID,63.995968,VALID,0.877824,VALID,Online,Resolved: Operating normally
2026-01-23 05:00:00+00:00,1.5166666666666666,VALID,64.09035733333333,VALID,0.878078,VALID,Online,Resolved: Operating normally
2026-01-23 06:00:00+00:00,1.3166666666666667,VALID,63.995968,VALID,0.877824,VALID,Online,Resolved: Operating normally
2026-01-23 07:00:00+00:00,1.2416666666666667,VALID,63.759994666666664,VALID,0.8773160000000001,VALID,Online,Resolved: Operating normally
2026-01-23 08:00:00+00:00,1.375,VALID,62.69811466666667,VALID,0.8750300000000001,VALID,Online,Resolved: Operating normally
2026-01-23 09:00:00+00:00,1.3999999999999997,VALID,62.34415466666667,VALID,0.8742680000000002,VALID,Online,Resolved: Operating normally
2026-01-23 10:00:00+00:00,1.3666666666666665,VALID,61.518248,VALID,0.8724900000000001,VALID,Online,Resolved: Operating normally
2026-01-23 11:00:00+00:00,1.4166666666666667,VALID,61.164288,VALID,0.8717280000000001,VALID,Online,Resolved: Operating normally
2026-01-23 12:00:00+00:00,1.4583333333333333,VALID,60.786730666666664,VALID,0.8707120000000002,VALID,Online,Resolved: Operating normally
2026-01-23 13:00:00+00:00,1.4083333333333332,VALID,60.314784,VALID,0.8694420000000002,VALID,Online,Resolved: Operating normally
2026-01-23 14:00:00+00:00,1.3166666666666667,VALID,59.79564266666667,VALID,0.868172,VALID,Online,Resolved: Operating normally
2026-01-23 15:00:00+00:00,1.325,VALID,58.85174933333334,VALID,0.86614,VALID,Online,Resolved: Operating normally
2026-01-23 16:00:00+00:00,1.45,VALID,57.860661333333326,VALID,0.8635999999999999,VALID,Online,Resolved: Operating normally
2026-01-23 17:00:00+00:00,1.6083333333333334,VALID,57.766271999999994,VALID,0.863346,VALID,Online,Resolved: Operating normally
2026-01-23 18:00:00+00:00,1.75,VALID,58.615776000000004,VALID,0.8656320000000001,VALID,Online,Resolved: Operating normally
2026-01-23 19:00:00+00:00,1.8333333333333333,VALID,59.86643466666666,VALID,0.868426,VALID,Online,Resolved: Operating normally
2026-01-23 20:00:00+00:00,1.9416666666666667,VALID,61.06989866666667,VALID,0.8714740000000001,VALID,Online,Resolved: Operating normally
2026-01-23 21:00:00+00:00,2.0500000000000003,VALID,61.164288,VALID,0.8717280000000001,VALID,Online,Resolved: Operating normally
2026-01-23 22:00:00+00:00,2.2,VALID,61.187885333333334,VALID,0.8717280000000001,VALID,Online,Resolved: Operating normally
2026-01-23 23:00:00+00:00,2.375,VALID,61.11709333333334,VALID,0.8714740000000001,VALID,Online,Resolved: Operating normally
2026-01-24 00:00:00+00:00,2.6166666666666667,VALID,58.590033454545456,VALID,0.8630920000000001,VALID,Online,Resolved: Operating normally
2026-01-24 01:00:00+00:00,2.4416666666666664,VALID,56.02006933333333,VALID,0.859282,VALID,Online,Resolved: Operating normally
2026-01-24 02:00:00+00:00,2.2916666666666665,VALID,53.9718208,VALID,0.85471,VALID,Online,Resolved: Operating normally
2026-01-24 03:00:00+00:00,2.341666666666667,VALID,54.87166577777778,VALID,0.8559800000000001,VALID,Online,Resolved: Operating normally
2026-01-24 04:00:00+00:00,1.8666666666666665,VALID,54.49696872727273,VALID,0.856488,VALID,Online,Resolved: Operating normally
2026-01-24 05:00:00+00:00,1.5083333333333335,VALID,54.74581333333333,VALID,0.8559800000000001,VALID,Online,Resolved: Operating normally
2026-01-24 06:00:00+00:00,1.0833333333333333,VALID,55.4726112,VALID,0.856234,VALID,Online,Resolved: Operating normally
2026-01-24 07:00:00+00:00,0.9083333333333333,VALID,55.44944290909091,VALID,0.85852,VALID,Online,Resolved: Operating normally
2026-01-24 08:00:00+00:00,1.0583333333333333,VALID,55.83129066666667,VALID,0.858774,VALID,Online,Resolved: Operating normally
2026-01-24 09:00:00+00:00,1.325,VALID,54.014296,VALID,0.854456,VALID,Online,Resolved: Operating normally
2026-01-24 10:00:00+00:00,1.625,VALID,50.569085333333334,VALID,0.8455659999999999,VALID,Online,Resolved: Operating normally
2026-01-24 11:00:00+00:00,1.4083333333333332,VALID,46.17998133333333,VALID,0.8343900000000001,VALID,Online,Resolved: Operating normally
2026-01-24 12:00:00+00:00,1.2416666666666667,VALID,41.76728,VALID,0.8221980000000001,VALID,Online,Resolved: Operating normally
2026-01-24 13:00:00+00:00,1.1833333333333333,VALID,37.071410666666665,VALID,0.808736,VALID,Online,Resolved: Operating normally
2026-01-24 14:00:00+00:00,1.1166666666666667,VALID,32.58791733333333,VALID,0.795274,VALID,Online,Resolved: Operating normally
2026-01-24 15:00:00+00:00,1.1500000000000001,VALID,29.18282213333333,VALID,0.784352,VALID,Online,Resolved: Operating normally
2026-01-24 16:00:00+00:00,1.2,VALID,27.344589866666666,VALID,0.778256,VALID,Online,Resolved: Operating normally
2026-01-24 17:00:00+00:00,1.2750000000000001,VALID,27.57112426666667,VALID,0.7790180000000001,VALID,Online,Resolved: Operating normally
2026-01-24 18:00:00+00:00,1.325,VALID,30.133794666666663,VALID,0.7874,VALID,Online,Resolved: Operating normally
2026-01-24 19:00:00+00:00,1.4083333333333332,VALID,31.502439999999996,VALID,0.791718,VALID,Online,Resolved: Operating normally
2026-01-24 20:00:00+00:00,1.4249999999999998,VALID,31.644024,VALID,0.792226,VALID,Online,Resolved: Operating normally
2026-01-24 21:00:00+00:00,1.3999999999999997,VALID,30.55854666666667,VALID,0.7886700000000001,VALID,Online,Resolved: Operating normally
2026-01-24 22:00:00+00:00,1.4083333333333332,VALID,30.582144,VALID,0.7886700000000001,VALID,Online,Resolved: Operating normally
2026-01-24 23:00:00+00:00,1.3499999999999999,VALID,32.281152,VALID,0.794258,VALID,Online,Resolved: Operating normally
2026-01-25 00:00:00+00:00,1.2166666666666666,VALID,37.1658,VALID,0.80899,VALID,Online,Resolved: Operating normally
2026-01-25 01:00:00+00:00,1.2833333333333334,VALID,45.18889333333333,VALID,0.8315960000000001,VALID,Online,Resolved: Operating normally
2026-01-25 02:00:00+00:00,1.2750000000000001,VALID,53.660336,VALID,0.85344,VALID,Online,Resolved: Operating normally
2026-01-25 03:00:00+00:00,1.3083333333333333,VALID,58.37980266666667,VALID,0.8648699999999999,VALID,Online,Resolved: Operating normally
2026-01-25 04:00:00+00:00,1.3083333333333333,VALID,58.85174933333334,VALID,0.86614,VALID,Online,Resolved: Operating normally
2026-01-25 05:00:00+00:00,1.1583333333333334,VALID,57.31792266666667,VALID,0.86233,VALID,Online,Resolved: Operating normally
2026-01-25 06:00:00+00:00,1.0666666666666667,VALID,54.95818933333334,VALID,0.856742,VALID,Online,Resolved: Operating normally
2026-01-25 07:00:00+00:00,0.7166666666666667,VALID,52.197301333333336,VALID,0.849884,VALID,Online,Resolved: Operating normally
2026-01-25 08:00:00+00:00,0.5416666666666666,VALID,49.93195733333334,VALID,0.843788,VALID,Online,Resolved: Operating normally
2026-01-25 09:00:00+00:00,0.5166666666666667,VALID,48.044170666666666,VALID,0.8392160000000001,VALID,Online,Resolved: Operating normally
2026-01-25 10:00:00+00:00,0.45,VALID,46.156384,VALID,0.8343900000000001,VALID,Online,Resolved: Operating normally
2026-01-25 11:00:00+00:00,0.4000000000000001,VALID,44.740544,VALID,0.83058,VALID,Online,Resolved: Operating normally
2026-01-25 12:00:00+00:00,0.3333333333333333,VALID,43.51348266666667,VALID,0.8272780000000001,VALID,Online,Resolved: Operating normally
2026-01-25 13:00:00+00:00,0.3083333333333333,VALID,42.00325333333333,VALID,0.8232140000000001,VALID,Online,Resolved: Operating normally
2026-01-25 14:00:00+00:00,0.3,VALID,40.846984,VALID,0.819404,VALID,Online,Resolved: Operating normally
2026-01-25 15:00:00+00:00,0.24166666666666667,VALID,39.171573333333335,VALID,0.814832,VALID,Online,Resolved: Operating normally
2026-01-25 16:00:00+00:00,0.21666666666666667,VALID,37.70853866666666,VALID,0.810768,VALID,Online,Resolved: Operating normally
2026-01-25 17:00:00+00:00,0.20000000000000004,VALID,36.33989333333333,VALID,0.80645,VALID,Online,Resolved: Operating normally
2026-01-25 18:00:00+00:00,0.20000000000000004,VALID,34.94765066666667,VALID,0.8026400000000001,VALID,Online,Resolved: Operating normally
2026-01-25 19:00:00+00:00,0.20833333333333334,VALID,33.201448,VALID,0.797306,VALID,Online,Resolved: Operating normally
2026-01-25 20:00:00+00:00,0.20000000000000004,VALID,31.502439999999996,VALID,0.791718,VALID,Online,Resolved: Operating normally
2026-01-25 21:00:00+00:00,0.20000000000000004,VALID,30.55854666666667,VALID,0.7886700000000001,VALID,Online,Resolved: Operating normally
2026-01-25 22:00:00+00:00,0.17500000000000002,VALID,29.591056,VALID,0.785876,VALID,Online,Resolved: Operating normally
2026-01-25 23:00:00+00:00,0.15833333333333335,VALID,29.449472,VALID,0.7853680000000001,VALID,Online,Resolved: Operating normally
2026-01-26 00:00:00+00:00,0.1416666666666667,VALID,29.307888000000002,VALID,0.7848600000000001,VALID,Online,Resolved: Operating normally
2026-01-26 01:00:00+00:00,0.11666666666666668,VALID,29.307888000000002,VALID,0.7848600000000001,VALID,Online,Resolved: Operating normally
2026-01-26 02:00:00+00:00,0.11666666666666668,VALID,29.449472,VALID,0.7853680000000001,VALID,Online,Resolved: Operating normally
2026-01-26 03:00:00+00:00,0.10833333333333334,VALID,28.883135999999997,VALID,0.7833359999999999,VALID,Online,Resolved: Operating normally
2026-01-26 04:00:00+00:00,0.10000000000000002,VALID,28.883136,VALID,0.7833359999999999,VALID,Online,Resolved: Operating normally
2026-01-27 20:00:00+00:00,0.3,VALID,23.9843296,VALID,0.780288,VALID,Online,Resolved: Operating normally
2026-01-28 00:00:00+00:00,0.20000000000000004,VALID,22.0304704,VALID,0.7711439999999999,VALID,Online,Resolved: Operating normally
2026-01-28 04:00:00+00:00,0.20000000000000004,VALID,21.2376,VALID,0.7772399999999999,VALID,Online,Resolved: Operating normally
2026-01-28 08:00:00+00:00,0.10000000000000002,VALID,22.8516576,VALID,0.7772399999999999,VALID,Online,Resolved: Operating normally
2026-01-28 12:00:00+00:00,0.10000000000000002,VALID,25.4284864,VALID,0.7848600000000001,VALID,Online,Resolved: Operating normally
2026-01-28 16:00:00+00:00,0.20000000000000004,VALID,31.14848,VALID,0.820674,VALID,Online,Resolved: Operating normally
2026-01-28 20:00:00+00:00,0.3,VALID,38.794016,VALID,0.830326,VALID,Online,Resolved: Operating normally
2026-01-29 00:00:00+00:00,0.21666666666666667,VALID,37.944511999999996,VALID,0.8285480000000001,VALID,Online,Resolved: Operating normally
2026-01-29 04:00:00+00:00,0.20000000000000004,VALID,35.679168,VALID,0.8290560000000001,VALID,Online,Resolved: Operating normally
2026-01-29 08:00:00+00:00,0.10833333333333334,VALID,33.98016,VALID,0.8260080000000002,VALID,Online,Resolved: Operating normally
2026-01-29 12:00:00+00:00,0.10000000000000002,VALID,37.944511999999996,VALID,0.8260080000000002,VALID,Online,Resolved: Operating normally
2026-01-29 16:00:00+00:00,0.10833333333333334,VALID,48.421728,VALID,0.8503919999999999,VALID,Online,Resolved: Operating normally
2026-01-29 20:00:00+00:00,0.2833333333333333,VALID,49.837568,VALID,0.848868,VALID,Online,Resolved: Operating normally
2026-01-30 00:00:00+00:00,0.20000000000000004,VALID,45.590047999999996,VALID,0.839978,VALID,Online,Resolved: Operating normally
2026-01-30 04:00:00+00:00,0.20000000000000004,VALID,42.758368,VALID,0.8354060000000002,VALID,Online,Resolved: Operating normally
2026-01-30 08:00:00+00:00,0.13333333333333333,VALID,38.794016,VALID,0.830326,VALID,Online,Resolved: Operating normally
2026-01-30 12:00:00+00:00,0.10000000000000002,VALID,37.378175999999996,VALID,0.8313420000000001,VALID,Online,Resolved: Operating normally
2026-01-30 16:00:00+00:00,0.20000000000000004,VALID,47.855392,VALID,0.856996,VALID,Online,Resolved: Operating normally
2026-01-30 20:00:00+00:00,0.3,VALID,54.368256,VALID,0.8572500000000001,VALID,Online,Resolved: Operating normally
2026-01-31 00:00:00+00:00,0.24166666666666667,VALID,51.253408,VALID,0.857504,VALID,Online,Resolved: Operating normally
2026-01-31 04:00:00+00:00,0.20000000000000004,VALID,49.5544,VALID,0.859536,VALID,Online,Resolved: Operating normally
2026-01-31 08:00:00+00:00,0.20000000000000004,VALID,46.156384,VALID,0.856488,VALID,Online,Resolved: Operating normally
2026-01-31 12:00:00+00:00,0.17500000000000002,VALID,44.457376,VALID,0.856488,VALID,Online,Resolved: Operating normally
2026-01-31 16:00:00+00:00,0.20000000000000004,VALID,45.590047999999996,VALID,0.883412,VALID,Online,Resolved: Operating normally
2026-01-31 20:00:00+00:00,0.25833333333333336,VALID,54.085088,VALID,0.877062,VALID,Online,Resolved: Operating normally
2026-02-01 00:00:00+00:00,0.21666666666666667,VALID,57.199936,VALID,0.8750300000000001,VALID,Online,Resolved: Operating normally
2026-02-01 04:00:00+00:00,0.20833333333333334,VALID,54.085088,VALID,0.8714740000000001,VALID,Online,Resolved: Operating normally
2026-02-01 08:00:00+00:00,0.18333333333333335,VALID,50.687072,VALID,0.863092,VALID,Online,Resolved: Operating normally
2026-02-01 12:00:00+00:00,0.15,VALID,47.572224,VALID,0.85852,VALID,Online,Resolved: Operating normally
2026-02-01 16:00:00+00:00,0.15833333333333335,VALID,51.819744,VALID,0.878078,VALID,Online,Resolved: Operating normally
2026-02-01 20:00:00+00:00,0.25,VALID,56.916768,VALID,0.873506,VALID,Online,Resolved: Operating normally
2026-02-02 00:00:00+00:00,0.2333333333333333,VALID,54.651424,VALID,0.866648,VALID,Online,Resolved: Operating normally
2026-02-02 04:00:00+00:00,0.20000000000000004,VALID,50.403904,VALID,0.862838,VALID,Online,Resolved: Operating normally
2026-02-02 08:00:00+00:00,0.20000000000000004,VALID,47.289056,VALID,0.85471,VALID,Online,Resolved: Operating normally
2026-02-02 12:00:00+00:00,0.1416666666666667,VALID,46.439552,VALID,0.856488,VALID,Online,Resolved: Operating normally
2026-02-02 16:00:00+00:00,0.18333333333333335,VALID,48.988064,VALID,0.8917940000000001,VALID,Online,Resolved: Operating normally
2026-02-02 20:00:00+00:00,0.2833333333333333,VALID,54.368256,VALID,0.8808720000000001,VALID,Online,Resolved: Operating normally
2026-02-03 00:00:00+00:00,0.2916666666666667,VALID,55.500928,VALID,0.866648,VALID,Online,Resolved: Operating normally
2026-02-03 04:00:00+00:00,0.21666666666666667,VALID,52.38608,VALID,0.859282,VALID,Online,Resolved: Operating normally
2026-02-03 08:00:00+00:00,0.20000000000000004,VALID,48.13856,VALID,0.8539479999999999,VALID,Online,Resolved: Operating normally
2026-02-03 12:00:00+00:00,0.19166666666666668,VALID,47.855392,VALID,0.854964,VALID,Online,Resolved: Operating normally
2026-02-03 16:00:00+00:00,0.20000000000000004,VALID,48.421728,VALID,0.859536,VALID,Online,Resolved: Operating normally
2026-02-03 20:00:00+00:00,0.2833333333333333,VALID,48.988064,VALID,0.859028,VALID,Online,Resolved: Operating normally
2026-02-04 00:00:00+00:00,0.2916666666666667,VALID,48.704896,VALID,0.856488,VALID,Online,Resolved: Operating normally
2026-02-04 04:00:00+00:00,0.3,VALID,47.289056,VALID,0.85344,VALID,Online,Resolved: Operating normally
2026-02-04 08:00:00+00:00,0.26666666666666666,VALID,46.156384,VALID,0.847344,VALID,Online,Resolved: Operating normally
2026-02-04 12:00:00+00:00,0.20000000000000004,VALID,44.740544,VALID,0.8455659999999999,VALID,Online,Resolved: Operating normally
2026-02-04 16:00:00+00:00,0.20000000000000004,VALID,44.457376,VALID,0.8458200000000001,VALID,Online,Resolved: Operating normally
2026-02-04 20:00:00+00:00,0.3,VALID,44.174208,VALID,0.8460740000000001,VALID,Online,Resolved: Operating normally
2026-02-05 00:00:00+00:00,0.3,VALID,44.174208,VALID,0.847344,VALID,Online,Resolved: Operating normally
2026-02-05 04:00:00+00:00,0.3,VALID,44.174208,VALID,0.84709,VALID,Online,Resolved: Operating normally
2026-02-05 08:00:00+00:00,0.2333333333333333,VALID,43.607872,VALID,0.844296,VALID,Online,Resolved: Operating normally
2026-02-05 12:00:00+00:00,0.20000000000000004,VALID,43.041536,VALID,0.8412479999999999,VALID,Online,Resolved: Operating normally
2026-02-05 16:00:00+00:00,0.20000000000000004,VALID,43.041536,VALID,0.847344,VALID,Online,Resolved: Operating normally
2026-02-05 20:00:00+00:00,0.3,VALID,43.041536,VALID,0.8440420000000001,VALID,Online,Resolved: Operating normally
2026-02-06 00:00:00+00:00,0.25,VALID,43.041536,VALID,0.844296,VALID,Online,Resolved: Operating normally
2026-02-06 04:00:00+00:00,0.3,VALID,42.758368,VALID,0.844296,VALID,Online,Resolved: Operating normally
2026-02-06 08:00:00+00:00,0.20000000000000004,VALID,42.758368,VALID,0.840486,VALID,Online,Resolved: Operating normally
2026-02-06 12:00:00+00:00,0.20000000000000004,VALID,42.758368,VALID,0.8351520000000002,VALID,Online,Resolved: Operating normally
2026-02-06 16:00:00+00:00,0.20000000000000004,VALID,42.758368,VALID,0.8412479999999999,VALID,Online,Resolved: Operating normally
2026-02-06 20:00:00+00:00,0.20000000000000004,VALID,43.041536,VALID,0.8382000000000001,VALID,Online,Resolved: Operating normally
2026-02-07 00:00:00+00:00,0.20000000000000004,VALID,43.041536,VALID,0.843788,VALID,Online,Resolved: Operating normally
2026-02-07 04:00:00+00:00,0.20000000000000004,VALID,43.324704,VALID,0.8409939999999999,VALID,Online,Resolved: Operating normally
2026-02-07 08:00:00+00:00,0.18333333333333335,VALID,43.607872,VALID,0.840232,VALID,Online,Resolved: Operating normally
2026-02-07 12:00:00+00:00,0.11666666666666668,VALID,41.625696,VALID,0.834644,VALID,Online,Resolved: Operating normally
2026-02-07 16:00:00+00:00,0.1416666666666667,VALID,40.209856,VALID,0.849376,VALID,Online,Resolved: Operating normally
2026-02-07 20:00:00+00:00,0.26666666666666666,VALID,45.023711999999996,VALID,0.8463280000000001,VALID,Online,Resolved: Operating normally
2026-02-08 00:00:00+00:00,0.20000000000000004,VALID,44.457376,VALID,0.838708,VALID,Online,Resolved: Operating normally
2026-02-08 04:00:00+00:00,0.20000000000000004,VALID,41.05936,VALID,0.8328660000000001,VALID,Online,Resolved: Operating normally
2026-02-08 08:00:00+00:00,0.20000000000000004,VALID,39.360352,VALID,0.8214359999999999,VALID,Online,Resolved: Operating normally
2026-02-08 12:00:00+00:00,0.10000000000000002,VALID,38.510848,VALID,0.819912,VALID,Online,Resolved: Operating normally
2026-02-08 16:00:00+00:00,0.17500000000000002,VALID,39.077184,VALID,0.843788,VALID,Online,Resolved: Operating normally
2026-02-08 20:00:00+00:00,0.3,VALID,47.572224,VALID,0.854964,VALID,Online,Resolved: Operating normally
2026-02-09 00:00:00+00:00,0.25833333333333336,VALID,44.740544,VALID,0.8412479999999999,VALID,Online,Resolved: Operating normally
2026-02-09 04:00:00+00:00,0.20000000000000004,VALID,39.077184,VALID,0.8280400000000001,VALID,Online,Resolved: Operating normally
2026-02-09 08:00:00+00:00,0.10833333333333334,VALID,35.962336,VALID,0.808736,VALID,Online,Resolved: Operating normally
2026-02-09 12:00:00+00:00,0.10000000000000002,VALID,35.112832,VALID,0.804672,VALID,Online,Resolved: Operating normally
2026-02-09 16:00:00+00:00,0.19166666666666668,VALID,35.112832,VALID,0.8321040000000001,VALID,Online,Resolved: Operating normally
2026-02-09 20:00:00+00:00,0.3333333333333333,VALID,38.22768,VALID,0.8249920000000001,VALID,Online,Resolved: Operating normally
2026-02-10 00:00:00+00:00,0.2916666666666667,VALID,38.794016,VALID,0.8227060000000002,VALID,Online,Resolved: Operating normally
2026-02-10 04:00:00+00:00,0.20000000000000004,VALID,38.22768,VALID,0.82042,VALID,Online,Resolved: Operating normally
2026-02-10 08:00:00+00:00,0.20000000000000004,VALID,38.22768,VALID,0.8171180000000001,VALID,Online,Resolved: Operating normally
2026-02-10 12:00:00+00:00,0.20000000000000004,VALID,38.510848,VALID,0.819912,VALID,Online,Resolved: Operating normally
2026-02-10 16:00:00+00:00,0.20000000000000004,VALID,38.794016,VALID,0.818642,VALID,Online,Resolved: Operating normally
2026-02-10 20:00:00+00:00,0.3,VALID,39.360352,VALID,0.8229600000000001,VALID,Online,Resolved: Operating normally
2026-02-11 00:00:00+00:00,0.27499999999999997,VALID,39.64352,VALID,0.8282940000000001,VALID,Online,Resolved: Operating normally
2026-02-11 04:00:00+00:00,0.25,VALID,39.64352,VALID,0.8318500000000001,VALID,Online,Resolved: Operating normally
2026-02-11 08:00:00+00:00,0.225,VALID,39.926688,VALID,0.8290560000000001,VALID,Online,Resolved: Operating normally
2026-02-11 12:00:00+00:00,0.20000000000000004,VALID,40.209856,VALID,0.8282940000000001,VALID,Online,Resolved: Operating normally
2026-02-11 16:00:00+00:00,0.24166666666666667,VALID,40.493024,VALID,0.8315960000000001,VALID,Online,Resolved: Operating normally
2026-02-11 20:00:00+00:00,0.4000000000000001,VALID,40.776192,VALID,0.8359140000000002,VALID,Online,Resolved: Operating normally
2026-02-12 00:00:00+00:00,0.3083333333333333,VALID,41.05936,VALID,0.842264,VALID,Online,Resolved: Operating normally
2026-02-12 04:00:00+00:00,0.39166666666666666,VALID,41.625696,VALID,0.8458200000000001,VALID,Online,Resolved: Operating normally
2026-02-12 08:00:00+00:00,0.4000000000000001,VALID,42.758368,VALID,0.844042,VALID,Online,Resolved: Operating normally
2026-02-12 12:00:00+00:00,0.39166666666666666,VALID,43.607872,VALID,0.8458200000000001,VALID,Online,Resolved: Operating normally
2026-02-12 16:00:00+00:00,0.3333333333333333,VALID,44.740544,VALID,0.8509000000000001,VALID,Online,Resolved: Operating normally
2026-02-12 20:00:00+00:00,0.4000000000000001,VALID,45.590047999999996,VALID,0.85344,VALID,Online,Resolved: Operating normally
2026-02-13 00:00:00+00:00,0.3666666666666667,VALID,46.156384,VALID,0.853694,VALID,Online,Resolved: Operating normally
2026-02-13 04:00:00+00:00,0.3083333333333333,VALID,46.72272,VALID,0.85852,VALID,Online,Resolved: Operating normally
2026-02-13 08:00:00+00:00,0.3,VALID,47.005888,VALID,0.8600439999999999,VALID,Online,Resolved: Operating normally
2026-02-13 12:00:00+00:00,0.20833333333333334,VALID,47.572224,VALID,0.856488,VALID,Online,Resolved: Operating normally
2026-02-13 16:00:00+00:00,0.21666666666666667,VALID,47.572224,VALID,0.854456,VALID,Online,Resolved: Operating normally
2026-02-13 20:00:00+00:00,0.35833333333333334,VALID,47.572224,VALID,0.854456,VALID,Online,Resolved: Operating normally
2026-02-14 00:00:00+00:00,0.39166666666666666,VALID,47.005888,VALID,0.86233,VALID,Online,Resolved: Operating normally
2026-02-14 04:00:00+00:00,0.43333333333333335,VALID,46.72272,VALID,0.862584,VALID,Online,Resolved: Operating normally
2026-02-14 08:00:00+00:00,0.4000000000000001,VALID,47.005888,VALID,0.8653779999999999,VALID,Online,Resolved: Operating normally
2026-02-14 12:00:00+00:00,0.325,VALID,47.855392,VALID,0.8656320000000001,VALID,Online,Resolved: Operating normally
2026-02-14 16:00:00+00:00,0.3,VALID,49.837568,VALID,0.856488,VALID,Online,Resolved: Operating normally
2026-02-14 20:00:00+00:00,0.4000000000000001,VALID,53.518752,VALID,0.865886,VALID,Online,Resolved: Operating normally
2026-02-15 00:00:00+00:00,0.4000000000000001,VALID,56.350432,VALID,0.8747760000000001,VALID,Online,Resolved: Operating normally
2026-02-15 04:00:00+00:00,0.775,VALID,58.898944,VALID,0.8707120000000002,VALID,Online,Resolved: Operating normally
2026-02-15 08:00:00+00:00,0.6,VALID,58.615776,VALID,0.8727440000000001,VALID,Online,Resolved: Operating normally
2026-02-15 12:00:00+00:00,0.5916666666666667,VALID,58.615776,VALID,0.876554,VALID,Online,Resolved: Operating normally
2026-02-15 16:00:00+00:00,0.5,VALID,60.597952,VALID,0.88265,VALID,Online,Resolved: Operating normally
2026-02-15 20:00:00+00:00,0.4166666666666667,VALID,65.411808,VALID,0.8935720000000001,VALID,Online,Resolved: Operating normally
2026-02-16 00:00:00+00:00,0.4000000000000001,VALID,69.659328,VALID,0.9052560000000001,VALID,Online,Resolved: Operating normally
2026-02-16 04:00:00+00:00,0.5666666666666667,VALID,76.45536,VALID,0.9240520000000001,VALID,Online,Resolved: Operating normally
2026-02-16 08:00:00+00:00,0.5666666666666667,VALID,85.516736,VALID,0.9387840000000001,VALID,Online,Resolved: Operating normally
2026-02-16 11:00:00+00:00,0.5916666666666667,VALID,98.69691927272726,VALID,0.949198,VALID,Online,Resolved: Operating normally
2026-02-16 12:00:00+00:00,0.5583333333333333,VALID,105.338496,VALID,0.961898,VALID,Online,Resolved: Operating normally
2026-02-16 13:00:00+00:00,0.525,VALID,113.691952,VALID,0.9768840000000001,VALID,Online,Resolved: Operating normally
2026-02-16 14:00:00+00:00,0.5666666666666667,VALID,120.98352799999999,VALID,0.9895840000000001,VALID,Online,Resolved: Operating normally
2026-02-16 15:00:00+00:00,0.5499999999999999,VALID,128.84144,VALID,1.0027920000000001,VALID,Online,Resolved: Operating normally
2026-02-16 16:00:00+00:00,0.525,VALID,137.407272,VALID,1.0167620000000002,VALID,Online,Resolved: Operating normally
2026-02-16 17:00:00+00:00,0.45,VALID,143.07063200000002,VALID,1.025906,VALID,Online,Resolved: Operating normally
2026-02-16 18:00:00+00:00,0.525,VALID,147.97887733333334,VALID,1.0335260000000002,VALID,Online,Resolved: Operating normally
2026-02-16 19:00:00+00:00,0.4583333333333333,VALID,151.77804799999998,VALID,1.039368,VALID,Online,Resolved: Operating normally
2026-02-16 20:00:00+00:00,0.48333333333333334,VALID,154.4209493333333,VALID,1.0434320000000001,VALID,Online,Resolved: Operating normally
2026-02-16 21:00:00+00:00,0.4916666666666667,VALID,155.7424,VALID,1.0454640000000002,VALID,Online,Resolved: Operating normally
2026-02-16 22:00:00+00:00,0.525,VALID,156.89866933333334,VALID,1.047242,VALID,Online,Resolved: Operating normally
2026-02-16 23:00:00+00:00,0.575,VALID,157.72457599999998,VALID,1.048512,VALID,Online,Resolved: Operating normally
2026-02-17 00:00:00+00:00,0.6,VALID,157.72457599999998,VALID,1.048512,VALID,Online,Resolved: Operating normally
2026-02-18 15:00:00+00:00,0.3833333333333333,VALID,213.71093485714283,VALID,1.126617,VALID,Online,Resolved: Operating normally
2026-02-18 16:00:00+00:00,0.3666666666666667,VALID,216.24596266666666,VALID,1.130046,VALID,Online,Resolved: Operating normally
2026-02-18 17:00:00+00:00,0.45,VALID,217.09546666666665,VALID,1.131062,VALID,Online,Resolved: Operating normally
2026-02-18 18:00:00+00:00,0.525,VALID,214.24018933333332,VALID,1.1275060000000001,VALID,Online,Resolved: Operating normally
2026-02-18 19:00:00+00:00,0.525,VALID,210.96015999999997,VALID,1.123188,VALID,Online,Resolved: Operating normally
2026-02-18 20:00:00+00:00,0.525,VALID,209.827488,VALID,1.121664,VALID,Online,Resolved: Operating normally
2026-02-18 21:00:00+00:00,0.5499999999999999,VALID,211.14893866666668,VALID,1.123442,VALID,Online,Resolved: Operating normally
2026-02-18 22:00:00+00:00,0.5583333333333333,VALID,213.41428266666665,VALID,1.12649,VALID,Online,Resolved: Operating normally
2026-02-18 23:00:00+00:00,0.6,VALID,217.21345333333332,VALID,1.1313160000000002,VALID,Online,Resolved: Operating normally
2026-02-19 00:00:00+00:00,0.5416666666666666,VALID,221.27219466666668,VALID,1.1366500000000002,VALID,Online,Resolved: Operating normally
2026-02-19 01:00:00+00:00,0.525,VALID,224.339848,VALID,1.14046,VALID,Online,Resolved: Operating normally
2026-02-19 02:00:00+00:00,0.5083333333333333,VALID,228.91773066666667,VALID,1.1463020000000002,VALID,Online,Resolved: Operating normally
2026-02-19 03:00:00+00:00,0.5083333333333333,VALID,237.29478400000002,VALID,1.156716,VALID,Online,Resolved: Operating normally
2026-02-19 04:00:00+00:00,0.44166666666666665,VALID,242.03784799999997,VALID,1.162558,VALID,Online,Resolved: Operating normally
2026-02-19 05:00:00+00:00,0.45,VALID,244.37398399999998,VALID,1.1653520000000002,VALID,Online,Resolved: Operating normally
2026-02-19 06:00:00+00:00,0.45,VALID,244.798736,VALID,1.1658600000000001,VALID,Online,Resolved: Operating normally
2026-02-19 07:00:00+00:00,0.4583333333333333,VALID,243.736856,VALID,1.16459,VALID,Online,Resolved: Operating normally
2026-02-19 08:00:00+00:00,0.5083333333333333,VALID,242.674976,VALID,1.16332,VALID,Online,Resolved: Operating normally
2026-02-19 09:00:00+00:00,0.4666666666666666,VALID,240.975968,VALID,1.161288,VALID,Online,Resolved: Operating normally
2026-02-19 10:00:00+00:00,0.44166666666666665,VALID,241.188344,VALID,1.161542,VALID,Online,Resolved: Operating normally
2026-02-19 11:00:00+00:00,0.4083333333333334,VALID,244.161608,VALID,1.165098,VALID,Online,Resolved: Operating normally
2026-02-19 12:00:00+00:00,0.35833333333333334,VALID,248.19675199999998,VALID,1.170178,VALID,Online,Resolved: Operating normally
2026-02-19 13:00:00+00:00,0.47500000000000003,VALID,253.222984,VALID,1.176274,VALID,Online,Resolved: Operating normally
2026-02-19 14:00:00+00:00,0.5,VALID,258.10763199999997,VALID,1.1821160000000002,VALID,Online,Resolved: Operating normally
2026-02-19 15:00:00+00:00,0.5166666666666667,VALID,263.93617333333333,VALID,1.1889740000000002,VALID,Online,Resolved: Operating normally
2026-02-19 16:00:00+00:00,0.6083333333333333,VALID,271.345736,VALID,1.19761,VALID,Online,Resolved: Operating normally
2026-02-19 17:00:00+00:00,0.6,VALID,280.78466933333334,VALID,1.2082780000000002,VALID,Online,Resolved: Operating normally
2026-02-19 18:00:00+00:00,0.575,VALID,290.0112266666667,VALID,1.219708,VALID,Online,Resolved: Operating normally
2026-02-19 19:00:00+00:00,0.575,VALID,298.03432,VALID,1.229106,VALID,Online,Resolved: Operating normally
2026-02-19 20:00:00+00:00,0.5,VALID,305.82144,VALID,1.237488,VALID,Online,Resolved: Operating normally
2026-02-19 21:00:00+00:00,0.5083333333333333,VALID,311.01285333333334,VALID,1.243076,VALID,Online,Resolved: Operating normally
2026-02-19 22:00:00+00:00,0.5083333333333333,VALID,315.0244,VALID,1.247394,VALID,Online,Resolved: Operating normally
2026-02-19 23:00:00+00:00,0.5166666666666667,VALID,323.0474933333333,VALID,1.25603,VALID,Online,Resolved: Operating normally
2026-02-20 00:00:00+00:00,0.525,VALID,334.37421333333333,VALID,1.2682220000000002,VALID,Online,Resolved: Operating normally
2026-02-20 01:00:00+00:00,0.5083333333333333,VALID,343.3412,VALID,1.2778740000000002,VALID,Online,Resolved: Operating normally
2026-02-20 02:00:00+00:00,0.5666666666666667,VALID,352.0722133333333,VALID,1.2872720000000002,VALID,Online,Resolved: Operating normally
2026-02-20 03:00:00+00:00,0.5833333333333334,VALID,359.62336,VALID,1.2954,VALID,Online,Resolved: Operating normally
2026-02-20 04:00:00+00:00,0.6666666666666666,VALID,364.34282666666667,VALID,1.30048,VALID,Online,Resolved: Operating normally
2026-02-20 05:00:00+00:00,0.725,VALID,369.2982666666667,VALID,1.305814,VALID,Online,Resolved: Operating normally
2026-02-20 06:00:00+00:00,0.8250000000000001,VALID,374.01773333333335,VALID,1.310894,VALID,Online,Resolved: Operating normally
2026-02-20 07:00:00+00:00,0.8083333333333335,VALID,377.79330666666664,VALID,1.314958,VALID,Online,Resolved: Operating normally
2026-02-20 08:00:00+00:00,0.8500000000000001,VALID,382.5127733333333,VALID,1.320038,VALID,Online,Resolved: Operating normally
2026-02-20 09:00:00+00:00,0.8083333333333335,VALID,384.6365333333333,VALID,1.322324,VALID,Online,Resolved: Operating normally
2026-02-20 10:00:00+00:00,0.8166666666666668,VALID,385.8164,VALID,1.323594,VALID,Online,Resolved: Operating normally
2026-02-20 11:00:00+00:00,0.7833333333333333,VALID,388.64808,VALID,1.3266419999999999,VALID,Online,Resolved: Operating normally
2026-02-20 12:00:00+00:00,0.7666666666666666,VALID,398.55896,VALID,1.3368019999999998,VALID,Online,Resolved: Operating normally
2026-02-20 13:00:00+00:00,0.8083333333333335,VALID,427.58367999999996,VALID,1.3655040000000003,VALID,Online,Resolved: Operating normally
2026-02-20 14:00:00+00:00,1.0250000000000001,VALID,451.4169866666667,VALID,1.389888,VALID,Online,Resolved: Operating normally
2026-02-20 15:00:00+00:00,1.5999999999999999,VALID,457.3163200000001,VALID,1.3944600000000003,VALID,Online,Resolved: Operating normally
2026-02-20 16:00:00+00:00,2.0083333333333333,VALID,453.0688,VALID,1.391412,VALID,Online,Resolved: Operating normally
2026-02-20 17:00:00+00:00,2.091666666666667,VALID,457.0803466666667,VALID,1.3942060000000003,VALID,Online,Resolved: Operating normally
2026-02-20 18:00:00+00:00,2.1583333333333337,VALID,462.27176000000003,VALID,1.399794,VALID,Online,Resolved: Operating normally
2026-02-20 19:00:00+00:00,2.1583333333333337,VALID,468.8790133333334,VALID,1.4069060000000002,VALID,Online,Resolved: Operating normally
2026-02-20 20:00:00+00:00,2.2083333333333335,VALID,474.07042666666666,VALID,1.412494,VALID,Online,Resolved: Operating normally
2026-02-20 21:00:00+00:00,2.3,VALID,475.72224,VALID,1.4142719999999998,VALID,Online,Resolved: Operating normally
2026-02-20 22:00:00+00:00,2.308333333333333,VALID,474.07042666666666,VALID,1.412494,VALID,Online,Resolved: Operating normally
2026-02-20 23:00:00+00:00,2.2083333333333335,VALID,471.0027733333333,VALID,1.409192,VALID,Online,Resolved: Operating normally
2026-02-21 00:00:00+00:00,2.1083333333333334,VALID,471.71069333333327,VALID,1.409954,VALID,Online,Resolved: Operating normally
2026-02-21 01:00:00+00:00,2.066666666666667,VALID,472.6545866666667,VALID,1.41097,VALID,Online,Resolved: Operating normally
2026-02-21 02:00:00+00:00,2.1,VALID,472.6545866666667,VALID,1.41097,VALID,Online,Resolved: Operating normally
2026-02-21 03:00:00+00:00,2.141666666666667,VALID,474.5423733333334,VALID,1.4130019999999999,VALID,Online,Resolved: Operating normally
2026-02-21 04:00:00+00:00,2.2,VALID,476.66613333333333,VALID,1.415288,VALID,Online,Resolved: Operating normally
2026-02-21 05:00:00+00:00,2.2916666666666665,VALID,479.96976,VALID,1.418082,VALID,Online,Resolved: Operating normally
2026-02-21 06:00:00+00:00,2.375,VALID,488.22882666666663,VALID,1.4246860000000001,VALID,Online,Resolved: Operating normally
2026-02-21 07:00:00+00:00,2.408333333333333,VALID,495.30802666666665,VALID,1.4323059999999999,VALID,Online,Resolved: Operating normally
2026-02-21 08:00:00+00:00,2.425,VALID,503.80306666666667,VALID,1.440942,VALID,Warning,WARN: High flow rate detected (Flood risk)
2026-02-21 09:00:00+00:00,2.4,VALID,514.4218666666667,VALID,1.449832,VALID,Warning,WARN: High flow rate detected (Flood risk)
2026-02-21 10:00:00+00:00,2.4,VALID,524.3327466666666,VALID,1.459484,VALID,Warning,WARN: High flow rate detected (Flood risk)
2026-02-21 11:00:00+00:00,2.308333333333333,VALID,536.1314133333333,VALID,1.470152,VALID,Warning,WARN: High flow rate detected (Flood risk)
2026-02-21 12:00:00+00:00,2.3,VALID,549.5818933333334,VALID,1.482344,VALID,Warning,WARN: High flow rate detected (Flood risk)
2026-02-21 13:00:00+00:00,2.2083333333333335,VALID,563.7402933333334,VALID,1.495298,VALID,Warning,WARN: High flow rate detected (Flood risk)
2026-02-21 14:00:00+00:00,2.2083333333333335,VALID,578.6066133333334,VALID,1.508506,VALID,Warning,WARN: High flow rate detected (Flood risk)
2026-02-21 15:00:00+00:00,2.216666666666667,VALID,596.5405866666666,VALID,1.524254,VALID,Warning,WARN: High flow rate detected (Flood risk)
2026-02-21 16:00:00+00:00,2.308333333333333,VALID,616.59832,VALID,1.5420340000000001,VALID,Warning,WARN: High flow rate detected (Flood risk)
2026-02-21 17:00:00+00:00,2.4166666666666665,VALID,638.7798133333333,VALID,1.5610840000000001,VALID,Warning,WARN: High flow rate detected (Flood risk)
2026-02-21 18:00:00+00:00,2.533333333333333,VALID,662.1411733333333,VALID,1.5803880000000001,VALID,Warning,WARN: High flow rate detected (Flood risk)
2026-02-21 19:00:00+00:00,2.6,VALID,686.2104533333332,VALID,1.600454,VALID,Warning,WARN: High flow rate detected (Flood risk)
2026-02-21 20:00:00+00:00,2.691666666666667,VALID,713.1114133333334,VALID,1.622552,VALID,Warning,WARN: High flow rate detected (Flood risk)
2026-02-21 21:00:00+00:00,2.7999999999999994,VALID,741.19224,VALID,1.6451580000000001,VALID,Warning,WARN: High flow rate detected (Flood risk)
2026-02-21 22:00:00+00:00,2.9,VALID,767.38528,VALID,1.6664940000000001,VALID,Warning,WARN: High flow rate detected (Flood risk)
2026-02-21 23:00:00+00:00,2.9,VALID,792.6344266666666,VALID,1.686306,VALID,Warning,WARN: High flow rate detected (Flood risk)
2026-02-22 00:00:00+00:00,2.891666666666666,VALID,816.23176,VALID,1.7051020000000001,VALID,Warning,WARN: High flow rate detected (Flood risk)
2026-02-22 01:00:00+00:00,2.7999999999999994,VALID,838.4132533333333,VALID,1.722374,VALID,Warning,WARN: High flow rate detected (Flood risk)
2026-02-22 02:00:00+00:00,2.7416666666666667,VALID,859.4148799999999,VALID,1.7386300000000003,VALID,Warning,WARN: High flow rate detected (Flood risk)
2026-02-22 03:00:00+00:00,2.6666666666666665,VALID,878.2927466666666,VALID,1.7528540000000001,VALID,Warning,WARN: High flow rate detected (Flood risk)
2026-02-22 04:00:00+00:00,2.6,VALID,893.6310133333333,VALID,1.7645380000000002,VALID,Warning,WARN: High flow rate detected (Flood risk)
2026-02-22 05:00:00+00:00,2.6,VALID,906.1376,VALID,1.7744440000000001,VALID,Warning,WARN: High flow rate detected (Flood risk)
2026-02-22 06:00:00+00:00,2.6,VALID,916.7564000000001,VALID,1.782064,VALID,Warning,WARN: High flow rate detected (Flood risk)
2026-02-22 07:00:00+00:00,2.591666666666667,VALID,924.5435199999998,VALID,1.7876520000000002,VALID,Warning,WARN: High flow rate detected (Flood risk)
2026-02-22 08:00:00+00:00,2.5,VALID,926.1953333333332,VALID,1.78943,VALID,Warning,WARN: High flow rate detected (Flood risk)
2026-02-22 09:00:00+00:00,2.5,VALID,926.9032533333333,VALID,1.790192,VALID,Warning,WARN: High flow rate detected (Flood risk)
2026-02-22 10:00:00+00:00,2.5,VALID,925.95936,VALID,1.789176,VALID,Warning,WARN: High flow rate detected (Flood risk)
2026-02-22 11:00:00+00:00,2.5,VALID,924.3075466666666,VALID,1.7873980000000003,VALID,Warning,WARN: High flow rate detected (Flood risk)
2026-02-22 12:00:00+00:00,2.5,VALID,919.58808,VALID,1.7840960000000001,VALID,Warning,WARN: High flow rate detected (Flood risk)
2026-02-22 13:00:00+00:00,2.5083333333333333,VALID,915.8125066666666,VALID,1.7813020000000002,VALID,Warning,WARN: High flow rate detected (Flood risk)
2026-02-22 14:00:00+00:00,2.5416666666666665,VALID,909.4412266666667,VALID,1.776984,VALID,Warning,WARN: High flow rate detected (Flood risk)
2026-02-22 15:00:00+00:00,2.6,VALID,902.1260533333334,VALID,1.7716500000000002,VALID,Warning,WARN: High flow rate detected (Flood risk)
2026-02-22 16:00:00+00:00,2.6083333333333334,VALID,896.4626933333334,VALID,1.76657,VALID,Warning,WARN: High flow rate detected (Flood risk)
2026-02-22 17:00:00+00:00,2.7000000000000006,VALID,889.6194666666667,VALID,1.7617440000000002,VALID,Warning,WARN: High flow rate detected (Flood risk)
2026-02-22 18:00:00+00:00,2.766666666666667,VALID,883.48416,VALID,1.757172,VALID,Warning,WARN: High flow rate detected (Flood risk)
2026-02-22 19:00:00+00:00,2.7999999999999994,VALID,878.2927466666666,VALID,1.753108,VALID,Warning,WARN: High flow rate detected (Flood risk)
2026-02-22 20:00:00+00:00,2.7999999999999994,VALID,875.69704,VALID,1.7503140000000001,VALID,Warning,WARN: High flow rate detected (Flood risk)
2026-02-22 21:00:00+00:00,2.775,VALID,874.7531466666666,VALID,1.7495520000000002,VALID,Warning,WARN: High flow rate detected (Flood risk)
2026-02-22 22:00:00+00:00,2.7083333333333335,VALID,872.15744,VALID,1.7480280000000004,VALID,Warning,WARN: High flow rate detected (Flood risk)
2026-02-22 23:00:00+00:00,2.6333333333333333,VALID,870.2696533333333,VALID,1.7470120000000005,VALID,Warning,WARN: High flow rate detected (Flood risk)
2026-02-23 00:00:00+00:00,2.6,VALID,872.6293866666666,VALID,1.7482820000000003,VALID,Warning,WARN: High flow rate detected (Flood risk)
2026-02-23 01:00:00+00:00,2.533333333333333,VALID,872.6293866666666,VALID,1.7482820000000003,VALID,Warning,WARN: High flow rate detected (Flood risk)
2026-02-23 02:00:00+00:00,2.4583333333333335,VALID,872.6293866666666,VALID,1.7482820000000003,VALID,Warning,WARN: High flow rate detected (Flood risk)
2026-02-23 03:00:00+00:00,2.4,VALID,870.2696533333333,VALID,1.7470120000000005,VALID,Warning,WARN: High flow rate detected (Flood risk)
2026-02-23 04:00:00+00:00,2.35,VALID,870.03368,VALID,1.7467580000000005,VALID,Warning,WARN: High flow rate detected (Flood risk)
2026-02-23 05:00:00+00:00,2.2416666666666667,VALID,867.9099199999999,VALID,1.7449800000000002,VALID,Warning,WARN: High flow rate detected (Flood risk)
2026-02-23 06:00:00+00:00,2.1583333333333337,VALID,863.6624,VALID,1.7419320000000003,VALID,Warning,WARN: High flow rate detected (Flood risk)
2026-02-23 07:00:00+00:00,2.066666666666667,VALID,861.7746133333334,VALID,1.7406620000000002,VALID,Warning,WARN: High flow rate detected (Flood risk)
2026-02-23 08:00:00+00:00,2.0,VALID,856.8191733333333,VALID,1.736852,VALID,Warning,WARN: High flow rate detected (Flood risk)
2026-02-23 09:00:00+00:00,2.0,VALID,852.0997066666667,VALID,1.7335500000000001,VALID,Warning,WARN: High flow rate detected (Flood risk)
2026-02-23 10:00:00+00:00,2.0,VALID,848.3241333333334,VALID,1.7299939999999998,VALID,Warning,WARN: High flow rate detected (Flood risk)
2026-02-23 11:00:00+00:00,2.0,VALID,844.7845333333333,VALID,1.7271999999999998,VALID,Warning,WARN: High flow rate detected (Flood risk)
2026-02-23 12:00:00+00:00,2.033333333333333,VALID,838.8852,VALID,1.722882,VALID,Warning,WARN: High flow rate detected (Flood risk)
2026-02-23 13:00:00+00:00,2.15,VALID,834.4017066666667,VALID,1.718564,VALID,Warning,WARN: High flow rate detected (Flood risk)
2026-02-23 14:00:00+00:00,2.3,VALID,826.3786133333333,VALID,1.71323,VALID,Warning,WARN: High flow rate detected (Flood risk)
2026-02-23 15:00:00+00:00,2.5083333333333333,VALID,820.9512266666666,VALID,1.70942,VALID,Warning,WARN: High flow rate detected (Flood risk)
2026-02-23 16:00:00+00:00,2.775,VALID,813.8720266666666,VALID,1.703578,VALID,Warning,WARN: High flow rate detected (Flood risk)
2026-02-23 17:00:00+00:00,3.0583333333333336,VALID,805.1410133333334,VALID,1.695958,VALID,Warning,WARN: High flow rate detected (Flood risk)
2026-02-23 18:00:00+00:00,3.3000000000000003,VALID,797.82584,VALID,1.690624,VALID,Warning,WARN: High flow rate detected (Flood risk)
2026-02-23 19:00:00+00:00,3.516666666666667,VALID,789.3308000000001,VALID,1.6835120000000001,VALID,Warning,WARN: High flow rate detected (Flood risk)
2026-02-23 20:00:00+00:00,3.716666666666667,VALID,786.49912,VALID,1.6812259999999999,VALID,Warning,WARN: High flow rate detected (Flood risk)
2026-02-23 21:00:00+00:00,3.8499999999999996,VALID,777.29616,VALID,1.6746220000000003,VALID,Warning,WARN: High flow rate detected (Flood risk)
2026-02-23 22:00:00+00:00,3.9583333333333335,VALID,771.3968266666666,VALID,1.669796,VALID,Warning,WARN: High flow rate detected (Flood risk)
2026-02-23 23:00:00+00:00,4.0,VALID,763.6097066666666,VALID,1.6634460000000002,VALID,Warning,WARN: High flow rate detected (Flood risk)
2026-02-24 00:00:00+00:00,4.1,VALID,756.0585599999999,VALID,1.6578580000000003,VALID,Warning,WARN: High flow rate detected (Flood risk)
2026-02-24 01:00:00+00:00,4.125,VALID,750.1592266666667,VALID,1.6525240000000003,VALID,Warning,WARN: High flow rate detected (Flood risk)
2026-02-24 02:00:00+00:00,4.2,VALID,741.90016,VALID,1.6459200000000003,VALID,Warning,WARN: High flow rate detected (Flood risk)
2026-02-24 03:00:00+00:00,4.2,VALID,732.6972000000001,VALID,1.638808,VALID,Warning,WARN: High flow rate detected (Flood risk)
2026-02-24 04:00:00+00:00,4.166666666666667,VALID,726.0899466666666,VALID,1.632966,VALID,Warning,WARN: High flow rate detected (Flood risk)
2026-02-24 05:00:00+00:00,4.091666666666666,VALID,719.0107466666667,VALID,1.627378,VALID,Warning,WARN: High flow rate detected (Flood risk)
2026-02-24 06:00:00+00:00,4.0,VALID,712.16752,VALID,1.622044,VALID,Warning,WARN: High flow rate detected (Flood risk)
2026-02-24 07:00:00+00:00,3.908333333333333,VALID,706.9761066666666,VALID,1.617472,VALID,Warning,WARN: High flow rate detected (Flood risk)
2026-02-24 08:00:00+00:00,3.808333333333333,VALID,701.7846933333334,VALID,1.613662,VALID,Warning,WARN: High flow rate detected (Flood risk)
2026-02-24 09:00:00+00:00,3.716666666666667,VALID,694.2335466666667,VALID,1.607566,VALID,Warning,WARN: High flow rate detected (Flood risk)
2026-02-24 10:00:00+00:00,3.625,VALID,686.6824,VALID,1.60147,VALID,Warning,WARN: High flow rate detected (Flood risk)
2026-02-24 11:00:00+00:00,3.5500000000000003,VALID,682.9068266666667,VALID,1.59766,VALID,Warning,WARN: High flow rate detected (Flood risk)
2026-02-24 12:00:00+00:00,3.475,VALID,677.0074933333334,VALID,1.592834,VALID,Warning,WARN: High flow rate detected (Flood risk)
2026-02-24 13:00:00+00:00,3.4,VALID,668.27648,VALID,1.5854680000000003,VALID,Warning,WARN: High flow rate detected (Flood risk)
2026-02-24 14:00:00+00:00,3.4,VALID,659.3094933333333,VALID,1.5781020000000001,VALID,Warning,WARN: High flow rate detected (Flood risk)
2026-02-24 15:00:00+00:00,3.5416666666666665,VALID,656.24184,VALID,1.575054,VALID,Warning,WARN: High flow rate detected (Flood risk)
2026-02-24 16:00:00+00:00,3.75,VALID,649.1626399999999,VALID,1.5694660000000002,VALID,Warning,WARN: High flow rate detected (Flood risk)
2026-02-24 17:00:00+00:00,3.983333333333333,VALID,642.5553866666667,VALID,1.564386,VALID,Warning,WARN: High flow rate detected (Flood risk)
2026-02-24 18:00:00+00:00,4.191666666666666,VALID,635.4761866666666,VALID,1.5587980000000003,VALID,Warning,WARN: High flow rate detected (Flood risk)
2026-02-24 19:00:00+00:00,4.341666666666667,VALID,629.8128266666666,VALID,1.552702,VALID,Warning,WARN: High flow rate detected (Flood risk)
2026-02-24 20:00:00+00:00,4.383333333333334,VALID,622.0257066666667,VALID,1.5471140000000003,VALID,Warning,WARN: High flow rate detected (Flood risk)
2026-02-24 21:00:00+00:00,4.316666666666666,VALID,616.59832,VALID,1.541526,VALID,Warning,WARN: High flow rate detected (Flood risk)
2026-02-24 22:00:00+00:00,4.3,VALID,607.8673066666667,VALID,1.534922,VALID,Warning,WARN: High flow rate detected (Flood risk)
2026-02-24 23:00:00+00:00,4.3,VALID,601.2600533333333,VALID,1.5280639999999999,VALID,Warning,WARN: High flow rate detected (Flood risk)
2026-02-25 00:00:00+00:00,4.375,VALID,596.06864,VALID,1.523238,VALID,Warning,WARN: High flow rate detected (Flood risk)
2026-02-25 01:00:00+00:00,4.4,VALID,588.5174933333333,VALID,1.517396,VALID,Warning,WARN: High flow rate detected (Flood risk)
2026-02-25 02:00:00+00:00,4.458333333333333,VALID,580.2584266666667,VALID,1.5100300000000002,VALID,Warning,WARN: High flow rate detected (Flood risk)
2026-02-25 03:00:00+00:00,4.5,VALID,573.8871466666667,VALID,1.504696,VALID,Warning,WARN: High flow rate detected (Flood risk)
2026-02-25 04:00:00+00:00,4.5,VALID,569.4036533333334,VALID,1.4998700000000003,VALID,Warning,WARN: High flow rate detected (Flood risk)
2026-02-25 05:00:00+00:00,4.458333333333333,VALID,562.3244533333333,VALID,1.494282,VALID,Warning,WARN: High flow rate detected (Flood risk)
2026-02-25 06:00:00+00:00,4.375,VALID,556.8970666666667,VALID,1.489456,VALID,Warning,WARN: High flow rate detected (Flood risk)
2026-02-25 07:00:00+00:00,4.3,VALID,550.9977333333333,VALID,1.4831060000000003,VALID,Warning,WARN: High flow rate detected (Flood risk)
2026-02-25 08:00:00+00:00,4.2,VALID,544.1545066666666,VALID,1.47828,VALID,Warning,WARN: High flow rate detected (Flood risk)
2026-02-25 09:00:00+00:00,4.125,VALID,540.14296,VALID,1.4744700000000002,VALID,Warning,WARN: High flow rate detected (Flood risk)
2026-02-25 10:00:00+00:00,4.058333333333333,VALID,535.8954399999999,VALID,1.4698980000000004,VALID,Warning,WARN: High flow rate detected (Flood risk)
2026-02-25 11:00:00+00:00,4.0,VALID,531.4119466666666,VALID,1.4650720000000002,VALID,Warning,WARN: High flow rate detected (Flood risk)
2026-02-25 12:00:00+00:00,3.9250000000000003,VALID,526.4565066666667,VALID,1.4612620000000003,VALID,Warning,WARN: High flow rate detected (Flood risk)
2026-02-25 13:00:00+00:00,3.9,VALID,521.9730133333334,VALID,1.4579600000000001,VALID,Warning,WARN: High flow rate detected (Flood risk)
2026-02-25 14:00:00+00:00,3.9,VALID,517.48952,VALID,1.4531339999999997,VALID,Warning,WARN: High flow rate detected (Flood risk)
2026-02-25 15:00:00+00:00,3.9250000000000003,VALID,513.7139466666666,VALID,1.4490699999999999,VALID,Warning,WARN: High flow rate detected (Flood risk)
2026-02-25 16:00:00+00:00,4.016666666666667,VALID,509.23045333333334,VALID,1.445006,VALID,Warning,WARN: High flow rate detected (Flood risk)
2026-02-25 17:00:00+00:00,4.166666666666667,VALID,503.0951466666667,VALID,1.440688,VALID,Warning,WARN: High flow rate detected (Flood risk)
2026-02-25 18:00:00+00:00,4.4,VALID,499.0836,VALID,1.43637,VALID,Online,Resolved: Operating normally
2026-02-25 19:00:00+00:00,4.616666666666666,VALID,495.54400000000004,VALID,1.4325599999999998,VALID,Online,Resolved: Operating normally
2026-02-25 20:00:00+00:00,4.791666666666667,VALID,490.35258666666664,VALID,1.4269720000000001,VALID,Online,Resolved: Operating normally
2026-02-25 21:00:00+00:00,4.8,VALID,486.34103999999996,VALID,1.4226539999999999,VALID,Online,Resolved: Operating normally
2026-02-25 22:00:00+00:00,4.8,VALID,479.0258666666667,VALID,1.4170660000000002,VALID,Online,Resolved: Operating normally
2026-02-25 23:00:00+00:00,4.8,VALID,474.3064,VALID,1.412748,VALID,Online,Resolved: Operating normally
2026-02-26 00:00:00+00:00,4.8,VALID,470.53082666666666,VALID,1.408684,VALID,Online,Resolved: Operating normally
2026-02-26 01:00:00+00:00,4.858333333333333,VALID,466.51928,VALID,1.4043660000000002,VALID,Online,Resolved: Operating normally
2026-02-26 02:00:00+00:00,4.925,VALID,462.74370666666664,VALID,1.400302,VALID,Online,Resolved: Operating normally
2026-02-26 03:00:00+00:00,5.0,VALID,458.4961866666667,VALID,1.3957300000000001,VALID,Online,Resolved: Operating normally
2026-02-26 04:00:00+00:00,5.033333333333333,VALID,453.54074666666673,VALID,1.391666,VALID,Online,Resolved: Operating normally
2026-02-26 05:00:00+00:00,5.041666666666667,VALID,447.64141333333333,VALID,1.387094,VALID,Online,Resolved: Operating normally
2026-02-26 06:00:00+00:00,5.041666666666667,VALID,443.3938933333333,VALID,1.382522,VALID,Online,Resolved: Operating normally
2026-02-26 07:00:00+00:00,5.0,VALID,439.8542933333333,VALID,1.3787120000000002,VALID,Online,Resolved: Operating normally
2026-02-26 08:00:00+00:00,4.933333333333334,VALID,436.07872,VALID,1.3746479999999999,VALID,Online,Resolved: Operating normally
2026-02-26 09:00:00+00:00,4.833333333333333,VALID,431.59522666666663,VALID,1.369822,VALID,Online,Resolved: Operating normally
2026-02-26 10:00:00+00:00,4.8,VALID,428.2916,VALID,1.3662660000000002,VALID,Online,Resolved: Operating normally
2026-02-26 11:00:00+00:00,4.716666666666667,VALID,424.9879733333334,VALID,1.3627099999999999,VALID,Online,Resolved: Operating normally
2026-02-26 12:00:00+00:00,4.691666666666666,VALID,420.74045333333333,VALID,1.358138,VALID,Online,Resolved: Operating normally
2026-02-26 13:00:00+00:00,4.633333333333333,VALID,417.6728,VALID,1.3548360000000004,VALID,Online,Resolved: Operating normally
2026-02-26 14:00:00+00:00,4.6,VALID,413.89722666666665,VALID,1.350772,VALID,Online,Resolved: Operating normally
2026-02-26 15:00:00+00:00,4.633333333333333,VALID,411.7734666666667,VALID,1.348486,VALID,Online,Resolved: Operating normally
2026-02-26 16:00:00+00:00,4.741666666666666,VALID,408.46984,VALID,1.34493,VALID,Online,Resolved: Operating normally
2026-02-26 17:00:00+00:00,4.925,VALID,403.2784266666667,VALID,1.341628,VALID,Online,Resolved: Operating normally
2026-02-26 18:00:00+00:00,5.016666666666667,VALID,399.0309066666667,VALID,1.3378179999999997,VALID,Online,Resolved: Operating normally
2026-02-26 19:00:00+00:00,5.1,VALID,397.85104,VALID,1.3365479999999998,VALID,Online,Resolved: Operating normally
2026-02-26 20:00:00+00:00,5.091666666666666,VALID,396.67117333333334,VALID,1.335278,VALID,Online,Resolved: Operating normally
2026-02-26 21:00:00+00:00,5.008333333333334,VALID,392.6596266666667,VALID,1.3309600000000001,VALID,Online,Resolved: Operating normally
2026-02-26 22:00:00+00:00,4.908333333333334,VALID,388.8840533333334,VALID,1.3268959999999999,VALID,Online,Resolved: Operating normally
2026-02-26 23:00:00+00:00,4.9,VALID,384.6365333333333,VALID,1.322324,VALID,Online,Resolved: Operating normally
2026-02-27 00:00:00+00:00,4.9,VALID,381.8048533333333,VALID,1.3192760000000001,VALID,Online,Resolved: Operating normally
2026-02-27 01:00:00+00:00,4.9,VALID,378.7372,VALID,1.315974,VALID,Online,Resolved: Operating normally
2026-02-27 02:00:00+00:00,5.0,VALID,375.90551999999997,VALID,1.312926,VALID,Online,Resolved: Operating normally
2026-02-27 03:00:00+00:00,5.008333333333334,VALID,372.8378666666667,VALID,1.3096240000000001,VALID,Online,Resolved: Operating normally
2026-02-27 04:00:00+00:00,5.091666666666666,VALID,370.24216,VALID,1.3068300000000002,VALID,Online,Resolved: Operating normally
2026-02-27 05:00:00+00:00,5.1,VALID,367.64645333333334,VALID,1.3040360000000002,VALID,Online,Resolved: Operating normally
2026-02-27 06:00:00+00:00,5.1,VALID,365.0507466666666,VALID,1.301242,VALID,Online,Resolved: Operating normally
2026-02-27 07:00:00+00:00,5.1,VALID,362.92698666666666,VALID,1.298956,VALID,Online,Resolved: Operating normally
2026-02-27 08:00:00+00:00,5.066666666666666,VALID,360.80322666666666,VALID,1.29667,VALID,Online,Resolved: Operating normally
2026-02-27 09:00:00+00:00,5.008333333333334,VALID,359.1514133333333,VALID,1.2948920000000002,VALID,Online,Resolved: Operating normally
2026-02-27 10:00:00+00:00,5.0,VALID,356.79168,VALID,1.2923520000000002,VALID,Online,Resolved: Operating normally
2026-02-27 11:00:00+00:00,4.95,VALID,354.66792000000004,VALID,1.2900660000000002,VALID,Online,Resolved: Operating normally
2026-02-27 12:00:00+00:00,4.9,VALID,352.78013333333337,VALID,1.2880340000000001,VALID,Online,Resolved: Operating normally
2026-02-27 13:00:00+00:00,4.833333333333333,VALID,350.8923466666667,VALID,1.286002,VALID,Online,Resolved: Operating normally
2026-02-27 14:00:00+00:00,4.8,VALID,349.00456,VALID,1.28397,VALID,Online,Resolved: Operating normally
2026-02-27 15:00:00+00:00,4.866666666666667,VALID,347.8246933333333,VALID,1.2827000000000002,VALID,Online,Resolved: Operating normally
2026-02-27 16:00:00+00:00,5.066666666666666,VALID,346.88079999999997,VALID,1.281684,VALID,Online,Resolved: Operating normally
2026-02-27 17:00:00+00:00,5.366666666666667,VALID,345.46496,VALID,1.2801600000000002,VALID,Online,Resolved: Operating normally
2026-02-27 18:00:00+00:00,5.741666666666667,VALID,342.3973066666667,VALID,1.2768580000000003,VALID,Online,Resolved: Operating normally
2026-02-27 19:00:00+00:00,6.016666666666667,VALID,340.50952,VALID,1.2748260000000002,VALID,Online,Resolved: Operating normally
2026-02-27 20:00:00+00:00,6.183333333333334,VALID,338.8577066666667,VALID,1.2730480000000002,VALID,Online,Resolved: Operating normally
2026-02-27 21:00:00+00:00,6.2,VALID,336.96992,VALID,1.2710160000000001,VALID,Online,Resolved: Operating normally
2026-02-27 22:00:00+00:00,6.116666666666666,VALID,335.31810666666667,VALID,1.2692380000000003,VALID,Online,Resolved: Operating normally
2026-02-27 23:00:00+00:00,5.95,VALID,332.2504533333333,VALID,1.2659360000000002,VALID,Online,Resolved: Operating normally
2026-02-28 00:00:00+00:00,5.7749999999999995,VALID,330.8346133333333,VALID,1.2644120000000003,VALID,Online,Resolved: Operating normally
2026-02-28 01:00:00+00:00,5.608333333333333,VALID,328.0029333333333,VALID,1.261364,VALID,Online,Resolved: Operating normally
2026-02-28 02:00:00+00:00,5.508333333333333,VALID,325.6432,VALID,1.258824,VALID,Online,Resolved: Operating normally
2026-02-28 03:00:00+00:00,5.5,VALID,323.51944,VALID,1.256538,VALID,Online,Resolved: Operating normally
2026-02-28 04:00:00+00:00,5.558333333333334,VALID,321.39567999999997,VALID,1.254252,VALID,Online,Resolved: Operating normally
2026-02-28 05:00:00+00:00,5.625,VALID,319.74386666666663,VALID,1.252474,VALID,Online,Resolved: Operating normally
2026-02-28 06:00:00+00:00,5.7,VALID,317.14816,VALID,1.24968,VALID,Online,Resolved: Operating normally
2026-02-28 07:00:00+00:00,5.75,VALID,315.4963466666667,VALID,1.247902,VALID,Online,Resolved: Operating normally
2026-02-28 08:00:00+00:00,5.741666666666667,VALID,313.13661333333334,VALID,1.2453619999999999,VALID,Online,Resolved: Operating normally
2026-02-28 09:00:00+00:00,5.691666666666666,VALID,310.77688,VALID,1.242822,VALID,Online,Resolved: Operating normally
2026-02-28 10:00:00+00:00,5.616666666666666,VALID,308.65312,VALID,1.240536,VALID,Online,Resolved: Operating normally
2026-02-28 11:00:00+00:00,5.516666666666667,VALID,306.52936,VALID,1.23825,VALID,Online,Resolved: Operating normally
2026-02-28 12:00:00+00:00,5.408333333333334,VALID,304.87754666666666,VALID,1.236472,VALID,Online,Resolved: Operating normally
2026-02-28 13:00:00+00:00,5.333333333333333,VALID,302.98976,VALID,1.23444,VALID,Online,Resolved: Operating normally
2026-02-28 14:00:00+00:00,5.3,VALID,302.5178133333333,VALID,1.233932,VALID,Online,Resolved: Operating normally
2026-02-28 15:00:00+00:00,5.425000000000001,VALID,300.63002666666665,VALID,1.2319,VALID,Online,Resolved: Operating normally
2026-02-28 16:00:00+00:00,5.666666666666667,VALID,299.21418666666665,VALID,1.230376,VALID,Online,Resolved: Operating normally
2026-02-28 17:00:00+00:00,6.033333333333334,VALID,297.5623733333333,VALID,1.228598,VALID,Online,Resolved: Operating normally
2026-02-28 18:00:00+00:00,6.416666666666667,VALID,297.3264,VALID,1.228344,VALID,Online,Resolved: Operating normally
2026-02-28 19:00:00+00:00,6.75,VALID,296.8544533333333,VALID,1.2278360000000001,VALID,Online,Resolved: Operating normally
2026-02-28 20:00:00+00:00,6.966666666666666,VALID,294.49472,VALID,1.225296,VALID,Online,Resolved: Operating normally
2026-02-28 21:00:00+00:00,7.0,VALID,291.66304,VALID,1.222248,VALID,Online,Resolved: Operating normally
2026-02-28 22:00:00+00:00,6.933333333333334,VALID,289.77525333333335,VALID,1.220216,VALID,Online,Resolved: Operating normally
2026-02-28 23:00:00+00:00,6.733333333333333,VALID,288.83136,VALID,1.2181840000000002,VALID,Online,Resolved: Operating normally
2026-03-01 00:00:00+00:00,6.5249999999999995,VALID,288.5953866666667,VALID,1.2158980000000001,VALID,Online,Resolved: Operating normally
2026-03-01 01:00:00+00:00,6.308333333333334,VALID,285.574928,VALID,1.21285,VALID,Online,Resolved: Operating normally
2026-03-01 02:00:00+00:00,6.141666666666667,VALID,282.035328,VALID,1.210056,VALID,Online,Resolved: Operating normally
2026-03-01 03:00:00+00:00,6.099999999999999,VALID,279.699192,VALID,1.207262,VALID,Online,Resolved: Operating normally
2026-03-01 04:00:00+00:00,6.108333333333333,VALID,279.486816,VALID,1.207008,VALID,Online,Resolved: Operating normally
2026-03-01 05:00:00+00:00,6.2250000000000005,VALID,276.938304,VALID,1.2039600000000001,VALID,Online,Resolved: Operating normally
2026-03-01 06:00:00+00:00,6.358333333333333,VALID,276.230384,VALID,1.2031980000000002,VALID,Online,Resolved: Operating normally
2026-03-01 07:00:00+00:00,6.533333333333334,VALID,274.34259733333334,VALID,1.201166,VALID,Online,Resolved: Operating normally
2026-03-01 08:00:00+00:00,6.675,VALID,273.894248,VALID,1.200658,VALID,Online,Resolved: Operating normally
2026-03-01 09:00:00+00:00,6.791666666666667,VALID,271.770488,VALID,1.198118,VALID,Online,Resolved: Operating normally
2026-03-01 10:00:00+00:00,6.841666666666666,VALID,271.13336,VALID,1.197356,VALID,Online,Resolved: Operating normally
2026-03-01 11:00:00+00:00,6.900000000000001,VALID,270.28385599999996,VALID,1.19634,VALID,Online,Resolved: Operating normally
2026-03-01 12:00:00+00:00,6.891666666666667,VALID,269.0096,VALID,1.194816,VALID,Online,Resolved: Operating normally
2026-03-01 13:00:00+00:00,6.8,VALID,268.79722399999997,VALID,1.1945620000000001,VALID,Online,Resolved: Operating normally
2026-03-01 14:00:00+00:00,6.816666666666666,VALID,265.753168,VALID,1.191006,VALID,Online,Resolved: Operating normally
2026-03-01 15:00:00+00:00,6.941666666666666,VALID,265.5171946666667,VALID,1.190752,VALID,Online,Resolved: Operating normally
2026-03-01 16:00:00+00:00,7.125,VALID,264.57330133333335,VALID,1.1897360000000001,VALID,Online,Resolved: Operating normally
2026-03-01 17:00:00+00:00,7.441666666666666,VALID,263.44062933333333,VALID,1.188466,VALID,Online,Resolved: Operating normally
2026-03-01 18:00:00+00:00,7.808333333333334,VALID,262.567528,VALID,1.18745,VALID,Online,Resolved: Operating normally
2026-03-01 19:00:00+00:00,8.133333333333333,VALID,260.656144,VALID,1.185164,VALID,Online,Resolved: Operating normally
2026-03-01 20:00:00+00:00,8.375,VALID,259.80663999999996,VALID,1.1841480000000002,VALID,Online,Resolved: Operating normally
2026-03-01 21:00:00+00:00,8.441666666666666,VALID,258.74476,VALID,1.182878,VALID,Online,Resolved: Operating normally
2026-03-01 22:00:00+00:00,8.366666666666667,VALID,256.408624,VALID,1.1800840000000001,VALID,Online,Resolved: Operating normally
2026-03-01 23:00:00+00:00,8.15,VALID,254.284864,VALID,1.1775440000000001,VALID,Online,Resolved: Operating normally
2026-03-02 00:00:00+00:00,7.875,VALID,251.948728,VALID,1.1747500000000002,VALID,Online,Resolved: Operating normally
2026-03-02 01:00:00+00:00,7.558333333333334,VALID,250.674472,VALID,1.173226,VALID,Online,Resolved: Operating normally
2026-03-02 02:00:00+00:00,7.216666666666666,VALID,250.886848,VALID,1.17348,VALID,Online,Resolved: Operating normally
2026-03-02 03:00:00+00:00,6.95,VALID,250.24972,VALID,1.172718,VALID,Online,Resolved: Operating normally
2026-03-02 04:00:00+00:00,6.808333333333334,VALID,248.338336,VALID,1.170432,VALID,Online,Resolved: Operating normally
2026-03-02 05:00:00+00:00,6.716666666666666,VALID,247.96077866666667,VALID,1.169924,VALID,Online,Resolved: Operating normally
2026-03-02 06:00:00+00:00,6.7,VALID,246.26177066666665,VALID,1.167638,VALID,Online,Resolved: Operating normally
2026-03-02 07:00:00+00:00,6.8,VALID,245.64824,VALID,1.166876,VALID,Online,Resolved: Operating normally
2026-03-02 08:00:00+00:00,6.816666666666666,VALID,243.52447999999995,VALID,1.164336,VALID,Online,Resolved: Operating normally
2026-03-02 09:00:00+00:00,6.900000000000001,VALID,242.887352,VALID,1.163574,VALID,Online,Resolved: Operating normally
2026-03-02 10:00:00+00:00,6.9750000000000005,VALID,240.975968,VALID,1.161288,VALID,Online,Resolved: Operating normally
2026-03-02 11:00:00+00:00,7.0,VALID,240.763592,VALID,1.1610340000000001,VALID,Online,Resolved: Operating normally
2026-03-02 12:00:00+00:00,6.966666666666666,VALID,239.914088,VALID,1.160018,VALID,Online,Resolved: Operating normally
2026-03-02 13:00:00+00:00,6.900000000000001,VALID,238.85220800000002,VALID,1.158748,VALID,Online,Resolved: Operating normally
2026-03-02 14:00:00+00:00,6.900000000000001,VALID,238.23867733333336,VALID,1.157986,VALID,Online,Resolved: Operating normally
2026-03-02 15:00:00+00:00,6.808333333333334,VALID,238.23867733333336,VALID,1.157986,VALID,Online,Resolved: Operating normally
2026-03-02 16:00:00+00:00,6.8,VALID,236.53966933333334,VALID,1.1557,VALID,Online,Resolved: Operating normally
2026-03-02 17:00:00+00:00,6.8,VALID,235.949736,VALID,1.154938,VALID,Online,Resolved: Operating normally
2026-03-02 18:00:00+00:00,6.8,VALID,233.40122399999998,VALID,1.15189,VALID,Online,Resolved: Operating normally
2026-03-02 19:00:00+00:00,6.841666666666666,VALID,232.764096,VALID,1.1511280000000002,VALID,Online,Resolved: Operating normally
2026-03-02 20:00:00+00:00,6.841666666666666,VALID,231.06508799999997,VALID,1.1490960000000001,VALID,Online,Resolved: Operating normally
2026-03-02 21:00:00+00:00,6.758333333333333,VALID,231.06508799999997,VALID,1.1490960000000001,VALID,Online,Resolved: Operating normally
2026-03-02 22:00:00+00:00,6.641666666666667,VALID,231.06508799999997,VALID,1.1490960000000001,VALID,Online,Resolved: Operating normally
2026-03-02 23:00:00+00:00,6.508333333333333,VALID,228.799744,VALID,1.146048,VALID,Online,Resolved: Operating normally
2026-03-03 00:00:00+00:00,6.383333333333334,VALID,227.10073599999998,VALID,1.144016,VALID,Online,Resolved: Operating normally
2026-03-03 01:00:00+00:00,6.258333333333333,VALID,226.251232,VALID,1.143,VALID,Online,Resolved: Operating normally
2026-03-03 02:00:00+00:00,6.133333333333333,VALID,225.68489599999998,VALID,1.142238,VALID,Online,Resolved: Operating normally
2026-03-03 03:00:00+00:00,5.983333333333333,VALID,223.98588800000002,VALID,1.139952,VALID,Online,Resolved: Operating normally
2026-03-03 04:00:00+00:00,5.875,VALID,223.98588800000002,VALID,1.139952,VALID,Online,Resolved: Operating normally
2026-03-03 05:00:00+00:00,5.8,VALID,223.98588800000002,VALID,1.139952,VALID,Online,Resolved: Operating normally
2026-03-03 06:00:00+00:00,5.7250000000000005,VALID,223.98588800000002,VALID,1.139952,VALID,Online,Resolved: Operating normally
2026-03-03 07:00:00+00:00,5.7,VALID,222.49925599999997,VALID,1.138174,VALID,Online,Resolved: Operating normally
2026-03-03 08:00:00+00:00,5.616666666666666,VALID,221.437376,VALID,1.1369040000000001,VALID,Online,Resolved: Operating normally
2026-03-03 09:00:00+00:00,5.599999999999999,VALID,221.05981866666664,VALID,1.1363960000000002,VALID,Online,Resolved: Operating normally
2026-03-03 10:00:00+00:00,5.599999999999999,VALID,220.87104,VALID,1.1361420000000002,VALID,Online,Resolved: Operating normally
2026-03-03 11:00:00+00:00,5.599999999999999,VALID,221.05981866666664,VALID,1.1363960000000002,VALID,Online,Resolved: Operating normally
2026-03-03 12:00:00+00:00,5.599999999999999,VALID,220.1159253333333,VALID,1.1351260000000003,VALID,Online,Resolved: Operating normally
2026-03-03 13:00:00+00:00,5.591666666666666,VALID,219.17203200000003,VALID,1.1338560000000002,VALID,Online,Resolved: Operating normally
2026-03-03 14:00:00+00:00,5.533333333333334,VALID,219.17203200000003,VALID,1.1338560000000002,VALID,Online,Resolved: Operating normally
2026-03-03 15:00:00+00:00,5.5,VALID,218.79447466666667,VALID,1.133348,VALID,Online,Resolved: Operating normally
2026-03-03 16:00:00+00:00,5.5,VALID,218.98325333333332,VALID,1.1336020000000002,VALID,Online,Resolved: Operating normally
2026-03-03 17:00:00+00:00,5.5,VALID,218.79447466666667,VALID,1.133348,VALID,Online,Resolved: Operating normally
2026-03-03 18:00:00+00:00,5.5,VALID,217.28424533333336,VALID,1.131316,VALID,Online,Resolved: Operating normally
2026-03-03 19:00:00+00:00,5.5,VALID,216.694312,VALID,1.130554,VALID,Online,Resolved: Operating normally
2026-03-03 20:00:00+00:00,5.599999999999999,VALID,216.906688,VALID,1.130808,VALID,Online,Resolved: Operating normally
2026-03-03 21:00:00+00:00,5.599999999999999,VALID,216.26955999999998,VALID,1.130046,VALID,Online,Resolved: Operating normally
2026-03-03 22:00:00+00:00,5.566666666666666,VALID,214.782928,VALID,1.128268,VALID,Online,Resolved: Operating normally
2026-03-03 23:00:00+00:00,5.508333333333333,VALID,216.057184,VALID,1.1297920000000001,VALID,Online,Resolved: Operating normally
2026-03-04 00:00:00+00:00,5.508333333333333,VALID,216.694312,VALID,1.130554,VALID,Online,Resolved: Operating normally
2026-03-04 01:00:00+00:00,5.5,VALID,218.41691733333334,VALID,1.13284,VALID,Online,Resolved: Operating normally
2026-03-04 02:00:00+00:00,5.5,VALID,220.1159253333333,VALID,1.1351260000000003,VALID,Online,Resolved: Operating normally
2026-03-04 03:00:00+00:00,5.416666666666667,VALID,221.437376,VALID,1.1369040000000001,VALID,Online,Resolved: Operating normally
2026-03-04 04:00:00+00:00,5.400000000000001,VALID,221.437376,VALID,1.1369040000000001,VALID,Online,Resolved: Operating normally
2026-03-04 05:00:00+00:00,5.400000000000001,VALID,220.87104,VALID,1.1361420000000002,VALID,Online,Resolved: Operating normally
2026-03-04 06:00:00+00:00,5.333333333333333,VALID,221.05981866666664,VALID,1.1363960000000002,VALID,Online,Resolved: Operating normally
2026-03-04 07:00:00+00:00,5.3,VALID,221.24859733333335,VALID,1.1366500000000002,VALID,Online,Resolved: Operating normally
2026-03-04 08:00:00+00:00,5.3,VALID,221.437376,VALID,1.1369040000000001,VALID,Online,Resolved: Operating normally
2026-03-04 09:00:00+00:00,5.3,VALID,221.437376,VALID,1.1369040000000001,VALID,Online,Resolved: Operating normally
2026-03-04 10:00:00+00:00,5.3,VALID,221.437376,VALID,1.1369040000000001,VALID,Online,Resolved: Operating normally
2026-03-04 11:00:00+00:00,5.3,VALID,221.437376,VALID,1.1369040000000001,VALID,Online,Resolved: Operating normally
2026-03-04 12:00:00+00:00,5.3,VALID,221.437376,VALID,1.1369040000000001,VALID,Online,Resolved: Operating normally
2026-03-04 13:00:00+00:00,5.3,VALID,221.437376,VALID,1.1369040000000001,VALID,Online,Resolved: Operating normally
2026-03-04 14:00:00+00:00,5.308333333333333,VALID,221.24859733333335,VALID,1.1366500000000002,VALID,Online,Resolved: Operating normally
2026-03-04 15:00:00+00:00,5.400000000000001,VALID,221.05981866666664,VALID,1.1363960000000002,VALID,Online,Resolved: Operating normally
2026-03-04 16:00:00+00:00,5.483333333333333,VALID,219.36081066666668,VALID,1.1341100000000002,VALID,Online,Resolved: Operating normally
2026-03-04 17:00:00+00:00,5.583333333333333,VALID,219.17203200000003,VALID,1.1338560000000002,VALID,Online,Resolved: Operating normally
2026-03-04 18:00:00+00:00,5.691666666666666,VALID,219.738368,VALID,1.1346180000000001,VALID,Online,Resolved: Operating normally
2026-03-04 19:00:00+00:00,5.833333333333333,VALID,221.05981866666664,VALID,1.1363960000000002,VALID,Online,Resolved: Operating normally
2026-03-04 20:00:00+00:00,5.900000000000001,VALID,221.24859733333335,VALID,1.1366500000000002,VALID,Online,Resolved: Operating normally
2026-03-04 21:00:00+00:00,5.900000000000001,VALID,221.24859733333335,VALID,1.1366500000000002,VALID,Online,Resolved: Operating normally
2026-03-04 22:00:00+00:00,5.875,VALID,221.24859733333335,VALID,1.1366500000000002,VALID,Online,Resolved: Operating normally
2026-03-04 23:00:00+00:00,5.8,VALID,221.05981866666664,VALID,1.1363960000000002,VALID,Online,Resolved: Operating normally
2026-03-05 00:00:00+00:00,5.8,VALID,221.24859733333335,VALID,1.1366500000000002,VALID,Online,Resolved: Operating normally
2026-03-05 01:00:00+00:00,5.808333333333334,VALID,220.49348266666667,VALID,1.1356340000000003,VALID,Online,Resolved: Operating normally
2026-03-05 02:00:00+00:00,5.8500000000000005,VALID,219.17203200000003,VALID,1.1338560000000002,VALID,Online,Resolved: Operating normally
2026-03-05 03:00:00+00:00,5.8,VALID,219.17203200000003,VALID,1.1338560000000002,VALID,Online,Resolved: Operating normally
2026-03-05 04:00:00+00:00,5.808333333333334,VALID,219.54958933333333,VALID,1.1343640000000001,VALID,Online,Resolved: Operating normally
2026-03-05 05:00:00+00:00,5.866666666666667,VALID,219.17203200000003,VALID,1.1338560000000002,VALID,Online,Resolved: Operating normally
2026-03-05 06:00:00+00:00,5.900000000000001,VALID,219.17203200000003,VALID,1.1338560000000002,VALID,Online,Resolved: Operating normally
2026-03-05 07:00:00+00:00,5.941666666666666,VALID,217.28424533333336,VALID,1.131316,VALID,Online,Resolved: Operating normally
2026-03-05 08:00:00+00:00,6.0,VALID,216.694312,VALID,1.130554,VALID,Online,Resolved: Operating normally
2026-03-05 09:00:00+00:00,6.05,VALID,216.694312,VALID,1.130554,VALID,Online,Resolved: Operating normally
2026-03-05 10:00:00+00:00,6.099999999999999,VALID,216.906688,VALID,1.130808,VALID,Online,Resolved: Operating normally
2026-03-05 11:00:00+00:00,6.158333333333334,VALID,216.906688,VALID,1.130808,VALID,Online,Resolved: Operating normally
2026-03-05 12:00:00+00:00,6.2,VALID,217.85058133333334,VALID,1.1320780000000001,VALID,Online,Resolved: Operating normally
2026-03-05 13:00:00+00:00,6.2,VALID,218.605696,VALID,1.133094,VALID,Online,Resolved: Operating normally
2026-03-05 14:00:00+00:00,6.222222222222222,VALID,218.98325333333332,VALID,1.1336020000000002,VALID,Online,Resolved: Operating normally
2026-03-05 15:00:00+00:00,6.3,VALID,219.17203200000003,VALID,1.1338560000000002,VALID,Online,Resolved: Operating normally
2026-03-05 16:00:00+00:00,6.375,VALID,219.36081066666668,VALID,1.1341100000000002,VALID,Online,Resolved: Operating normally
2026-03-05 17:00:00+00:00,6.491666666666667,VALID,219.54958933333333,VALID,1.1343640000000001,VALID,Online,Resolved: Operating normally
2026-03-05 18:00:00+00:00,6.708333333333333,VALID,221.24859733333335,VALID,1.1366500000000002,VALID,Online,Resolved: Operating normally
2026-03-05 19:00:00+00:00,6.8999999999999995,VALID,220.87104,VALID,1.1361420000000002,VALID,Online,Resolved: Operating normally
2026-03-05 20:00:00+00:00,7.05,VALID,221.05981866666664,VALID,1.1363960000000002,VALID,Online,Resolved: Operating normally
2026-03-05 21:00:00+00:00,7.208333333333333,VALID,221.24859733333335,VALID,1.1366500000000002,VALID,Online,Resolved: Operating normally
2026-03-05 22:00:00+00:00,7.3,VALID,221.05981866666664,VALID,1.1363960000000002,VALID,Online,Resolved: Operating normally
2026-03-05 23:00:00+00:00,7.3,VALID,221.24859733333335,VALID,1.1366500000000002,VALID,Online,Resolved: Operating normally
2026-03-06 00:00:00+00:00,7.241666666666667,VALID,221.437376,VALID,1.1369040000000001,VALID,Online,Resolved: Operating normally
2026-03-06 01:00:00+00:00,7.1499999999999995,VALID,222.924008,VALID,1.138682,VALID,Online,Resolved: Operating normally
2026-03-06 02:00:00+00:00,7.0249999999999995,VALID,224.17466666666667,VALID,1.140206,VALID,Online,Resolved: Operating normally
2026-03-06 03:00:00+00:00,6.958333333333333,VALID,225.28374133333332,VALID,1.1417300000000001,VALID,Online,Resolved: Operating normally
2026-03-06 04:00:00+00:00,6.8500000000000005,VALID,227.95024,VALID,1.1450319999999998,VALID,Online,Resolved: Operating normally
2026-03-06 05:00:00+00:00,6.8,VALID,228.77614666666668,VALID,1.146048,VALID,Online,Resolved: Operating normally
2026-03-06 06:00:00+00:00,6.808333333333334,VALID,230.68753066666667,VALID,1.1485880000000002,VALID,Online,Resolved: Operating normally
2026-03-06 07:00:00+00:00,6.891666666666667,VALID,230.68753066666667,VALID,1.1485880000000002,VALID,Online,Resolved: Operating normally
2026-03-06 08:00:00+00:00,7.0,VALID,230.498752,VALID,1.148334,VALID,Online,Resolved: Operating normally
2026-03-06 09:00:00+00:00,7.125,VALID,231.06508799999997,VALID,1.1490960000000001,VALID,Online,Resolved: Operating normally
2026-03-06 10:00:00+00:00,7.25,VALID,232.33934399999998,VALID,1.1506200000000002,VALID,Online,Resolved: Operating normally
2026-03-06 11:00:00+00:00,7.375,VALID,233.188848,VALID,1.151636,VALID,Online,Resolved: Operating normally
2026-03-06 12:00:00+00:00,7.441666666666666,VALID,234.67548,VALID,1.153414,VALID,Online,Resolved: Operating normally
2026-03-06 13:00:00+00:00,7.55,VALID,236.53966933333334,VALID,1.1557,VALID,Online,Resolved: Operating normally
2026-03-06 14:00:00+00:00,7.6499999999999995,VALID,238.04989866666668,VALID,1.157732,VALID,Online,Resolved: Operating normally
2026-03-06 15:00:00+00:00,7.7,VALID,239.27696,VALID,1.159256,VALID,Online,Resolved: Operating normally
2026-03-06 16:00:00+00:00,7.8,VALID,240.975968,VALID,1.161288,VALID,Online,Resolved: Operating normally
2026-03-06 17:00:00+00:00,7.825,VALID,242.46259999999998,VALID,1.163066,VALID,Online,Resolved: Operating normally
2026-03-06 18:00:00+00:00,7.933333333333334,VALID,244.37398399999998,VALID,1.1653520000000002,VALID,Online,Resolved: Operating normally
2026-03-06 19:00:00+00:00,8.033333333333333,VALID,246.82810666666668,VALID,1.1683999999999999,VALID,Online,Resolved: Operating normally
2026-03-06 20:00:00+00:00,8.133333333333333,VALID,249.18783999999997,VALID,1.171448,VALID,Online,Resolved: Operating normally
2026-03-06 21:00:00+00:00,8.2,VALID,252.585856,VALID,1.1755120000000001,VALID,Online,Resolved: Operating normally
2026-03-06 22:00:00+00:00,8.2,VALID,257.045752,VALID,1.180846,VALID,Online,Resolved: Operating normally
2026-03-06 23:00:00+00:00,8.208333333333334,VALID,261.9304,VALID,1.186688,VALID,Online,Resolved: Operating normally
2026-03-07 00:00:00+00:00,8.2,VALID,267.49937066666666,VALID,1.1930380000000003,VALID,Online,Resolved: Operating normally
2026-03-07 01:00:00+00:00,8.116666666666665,VALID,273.51669066666665,VALID,1.20015,VALID,Online,Resolved: Operating normally
2026-03-07 02:00:00+00:00,8.008333333333333,VALID,280.24193066666663,VALID,1.20777,VALID,Online,Resolved: Operating normally
2026-03-07 03:00:00+00:00,7.991666666666667,VALID,286.75479466666667,VALID,1.214374,VALID,Online,Resolved: Operating normally
2026-03-07 04:00:00+00:00,7.900000000000001,VALID,292.13498666666663,VALID,1.222756,VALID,Online,Resolved: Operating normally
2026-03-07 05:00:00+00:00,7.908333333333334,VALID,299.6861333333333,VALID,1.230884,VALID,Online,Resolved: Operating normally
2026-03-07 06:00:00+00:00,8.0,VALID,306.05741333333333,VALID,1.2377420000000001,VALID,Online,Resolved: Operating normally
2026-03-07 07:00:00+00:00,8.0,VALID,312.90064,VALID,1.2451079999999999,VALID,Online,Resolved: Operating normally
2026-03-07 08:00:00+00:00,8.033333333333333,VALID,320.2158133333333,VALID,1.252982,VALID,Online,Resolved: Operating normally
2026-03-07 09:00:00+00:00,8.1,VALID,325.8791733333333,VALID,1.259078,VALID,Online,Resolved: Operating normally
2026-03-07 10:00:00+00:00,8.1,VALID,332.2504533333333,VALID,1.2659360000000002,VALID,Online,Resolved: Operating normally
2026-03-07 11:00:00+00:00,8.1,VALID,338.62173333333334,VALID,1.2727940000000002,VALID,Online,Resolved: Operating normally
2026-03-07 12:00:00+00:00,8.1,VALID,344.9930133333333,VALID,1.2796520000000002,VALID,Online,Resolved: Operating normally
2026-03-07 13:00:00+00:00,8.166666666666666,VALID,350.8923466666667,VALID,1.286002,VALID,Online,Resolved: Operating normally
2026-03-07 14:00:00+00:00,8.2,VALID,355.13986666666665,VALID,1.290574,VALID,Online,Resolved: Operating normally
2026-03-07 15:00:00+00:00,8.241666666666667,VALID,358.4434933333334,VALID,1.2941300000000002,VALID,Online,Resolved: Operating normally
2026-03-07 16:00:00+00:00,8.325000000000001,VALID,360.33128000000005,VALID,1.296162,VALID,Online,Resolved: Operating normally
2026-03-07 17:00:00+00:00,8.4,VALID,362.69101333333333,VALID,1.298702,VALID,Online,Resolved: Operating normally
2026-03-07 18:00:00+00:00,8.475,VALID,365.28672,VALID,1.301496,VALID,Online,Resolved: Operating normally
2026-03-07 19:00:00+00:00,8.5,VALID,368.82631999999995,VALID,1.305306,VALID,Online,Resolved: Operating normally
2026-03-07 20:00:00+00:00,8.583333333333334,VALID,371.6580000000001,VALID,1.308354,VALID,Online,Resolved: Operating normally
2026-03-07 21:00:00+00:00,8.666666666666666,VALID,375.19759999999997,VALID,1.3121639999999999,VALID,Online,Resolved: Operating normally
2026-03-07 22:00:00+00:00,8.7,VALID,377.79330666666664,VALID,1.314958,VALID,Online,Resolved: Operating normally
2026-03-07 23:00:00+00:00,8.7,VALID,380.62498666666664,VALID,1.3180060000000002,VALID,Online,Resolved: Operating normally
2026-03-08 00:00:00+00:00,8.674999999999999,VALID,384.40056,VALID,1.32207,VALID,Online,Resolved: Operating normally
2026-03-08 01:00:00+00:00,8.6,VALID,387.4682133333333,VALID,1.325372,VALID,Online,Resolved: Operating normally
2026-03-08 02:00:00+00:00,8.508333333333333,VALID,392.42365333333333,VALID,1.330706,VALID,Online,Resolved: Operating normally
2026-03-08 03:00:00+00:00,8.591666666666667,VALID,396.43520000000007,VALID,1.335024,VALID,Online,Resolved: Operating normally
2026-03-08 04:00:00+00:00,8.6,VALID,401.39064,VALID,1.3403580000000002,VALID,Online,Resolved: Operating normally
2026-03-08 05:00:00+00:00,8.658333333333333,VALID,408.46984,VALID,1.34493,VALID,Online,Resolved: Operating normally
2026-03-08 06:00:00+00:00,8.716666666666667,VALID,412.48138666666665,VALID,1.349248,VALID,Online,Resolved: Operating normally
2026-03-08 07:00:00+00:00,8.8,VALID,418.38071999999994,VALID,1.3555980000000003,VALID,Online,Resolved: Operating normally
2026-03-08 08:00:00+00:00,8.8,VALID,423.33616,VALID,1.360932,VALID,Online,Resolved: Operating normally
2026-03-08 09:00:00+00:00,8.8,VALID,428.0556266666667,VALID,1.3660120000000002,VALID,Online,Resolved: Operating normally
2026-03-08 10:00:00+00:00,8.8,VALID,432.30314666666663,VALID,1.3705840000000002,VALID,Online,Resolved: Operating normally
2026-03-08 11:00:00+00:00,8.8,VALID,436.78664,VALID,1.3754100000000002,VALID,Online,Resolved: Operating normally
2026-03-08 12:00:00+00:00,8.8,VALID,440.32624000000004,VALID,1.3792200000000001,VALID,Online,Resolved: Operating normally
2026-03-08 13:00:00+00:00,8.8,VALID,445.0457066666666,VALID,1.3843000000000003,VALID,Online,Resolved: Operating normally
2026-03-08 14:00:00+00:00,8.85,VALID,451.4169866666667,VALID,1.390142,VALID,Online,Resolved: Operating normally
2026-03-08 15:00:00+00:00,8.941666666666666,VALID,457.3163200000001,VALID,1.3947140000000002,VALID,Online,Resolved: Operating normally
2026-03-08 16:00:00+00:00,9.049999999999999,VALID,462.74370666666664,VALID,1.400302,VALID,Online,Resolved: Operating normally
2026-03-08 17:00:00+00:00,9.174999999999999,VALID,466.04733333333326,VALID,1.4038580000000003,VALID,Online,Resolved: Operating normally
2026-03-08 18:00:00+00:00,9.233333333333333,VALID,470.53082666666666,VALID,1.408684,VALID,Online,Resolved: Operating normally
2026-03-08 19:00:00+00:00,9.3,VALID,474.5423733333334,VALID,1.4130019999999999,VALID,Online,Resolved: Operating normally
2026-03-08 20:00:00+00:00,9.3,VALID,479.0258666666667,VALID,1.4170660000000002,VALID,Online,Resolved: Operating normally
2026-03-08 21:00:00+00:00,9.358333333333334,VALID,487.04896,VALID,1.4234160000000002,VALID,Online,Resolved: Operating normally
2026-03-08 22:00:00+00:00,9.4,VALID,490.58856,VALID,1.427226,VALID,Online,Resolved: Operating normally
2026-03-08 23:00:00+00:00,9.35,VALID,496.01594666666665,VALID,1.4330680000000002,VALID,Online,Resolved: Operating normally
2026-03-09 00:00:00+00:00,9.3,VALID,499.3195733333334,VALID,1.4366240000000001,VALID,Online,Resolved: Operating normally
2026-03-09 01:00:00+00:00,9.3,VALID,501.67930666666666,VALID,1.4391639999999999,VALID,Warning,WARN: High flow rate detected (Flood risk)
2026-03-09 02:00:00+00:00,9.3,VALID,504.03903999999994,VALID,1.44145,VALID,Warning,WARN: High flow rate detected (Flood risk)
2026-03-09 03:00:00+00:00,9.3,VALID,509.70239999999995,VALID,1.444752,VALID,Warning,WARN: High flow rate detected (Flood risk)
2026-03-09 04:00:00+00:00,9.358333333333334,VALID,511.35421333333335,VALID,1.44653,VALID,Warning,WARN: High flow rate detected (Flood risk)
2026-03-09 05:00:00+00:00,9.4,VALID,514.4218666666667,VALID,1.449832,VALID,Warning,WARN: High flow rate detected (Flood risk)
2026-03-09 06:00:00+00:00,9.4,VALID,515.6017333333333,VALID,1.451102,VALID,Warning,WARN: High flow rate detected (Flood risk)
2026-03-09 07:00:00+00:00,9.4,VALID,516.7816,VALID,1.4523719999999998,VALID,Warning,WARN: High flow rate detected (Flood risk)
2026-03-09 08:00:00+00:00,9.4,VALID,518.19744,VALID,1.4538959999999996,VALID,Warning,WARN: High flow rate detected (Flood risk)
2026-03-09 09:00:00+00:00,9.4,VALID,518.19744,VALID,1.4538959999999996,VALID,Warning,WARN: High flow rate detected (Flood risk)
2026-03-09 10:00:00+00:00,9.4,VALID,518.19744,VALID,1.4538959999999996,VALID,Warning,WARN: High flow rate detected (Flood risk)
2026-03-09 11:00:00+00:00,9.383333333333335,VALID,518.19744,VALID,1.4538959999999996,VALID,Warning,WARN: High flow rate detected (Flood risk)
2026-03-09 12:00:00+00:00,9.3,VALID,518.19744,VALID,1.4538959999999996,VALID,Warning,WARN: High flow rate detected (Flood risk)
2026-03-09 13:00:00+00:00,9.3,VALID,517.9614666666668,VALID,1.4536419999999997,VALID,Warning,WARN: High flow rate detected (Flood risk)
2026-03-09 14:00:00+00:00,9.391666666666667,VALID,518.19744,VALID,1.4538959999999996,VALID,Warning,WARN: High flow rate detected (Flood risk)
2026-03-09 15:00:00+00:00,9.641666666666667,VALID,516.5456266666666,VALID,1.4521179999999998,VALID,Warning,WARN: High flow rate detected (Flood risk)
2026-03-09 16:00:00+00:00,9.991666666666667,VALID,515.6017333333333,VALID,1.451102,VALID,Warning,WARN: High flow rate detected (Flood risk)
2026-03-09 17:00:00+00:00,10.35,VALID,514.8938133333334,VALID,1.45034,VALID,Warning,WARN: High flow rate detected (Flood risk)
2026-03-09 18:00:00+00:00,10.700000000000001,VALID,513.2420000000001,VALID,1.448562,VALID,Warning,WARN: High flow rate detected (Flood risk)
2026-03-09 19:00:00+00:00,10.950000000000001,VALID,512.0621333333333,VALID,1.447292,VALID,Warning,WARN: High flow rate detected (Flood risk)
2026-03-09 20:00:00+00:00,11.1,VALID,510.6462933333334,VALID,1.445768,VALID,Warning,WARN: High flow rate detected (Flood risk)
2026-03-09 21:00:00+00:00,11.191666666666665,VALID,506.87072000000006,VALID,1.4432280000000002,VALID,Warning,WARN: High flow rate detected (Flood risk)
2026-03-09 22:00:00+00:00,11.133333333333333,VALID,502.38722666666666,VALID,1.439926,VALID,Warning,WARN: High flow rate detected (Flood risk)
2026-03-09 23:00:00+00:00,11.091666666666667,VALID,499.3195733333334,VALID,1.4366240000000001,VALID,Online,Resolved: Operating normally
2026-03-10 00:00:00+00:00,11.025,VALID,497.9037333333333,VALID,1.4351,VALID,Online,Resolved: Operating normally
2026-03-10 01:00:00+00:00,11.1,VALID,495.0720533333333,VALID,1.4320519999999999,VALID,Online,Resolved: Operating normally
2026-03-10 02:00:00+00:00,11.208333333333334,VALID,492.9482933333333,VALID,1.429766,VALID,Online,Resolved: Operating normally
2026-03-10 03:00:00+00:00,11.308333333333335,VALID,490.35258666666664,VALID,1.426972,VALID,Online,Resolved: Operating normally
2026-03-10 04:00:00+00:00,11.4,VALID,488.9367466666666,VALID,1.425448,VALID,Online,Resolved: Operating normally
2026-03-10 05:00:00+00:00,11.408333333333333,VALID,487.0489599999999,VALID,1.4234160000000002,VALID,Online,Resolved: Operating normally
2026-03-10 06:00:00+00:00,11.4,VALID,484.6892266666667,VALID,1.420876,VALID,Online,Resolved: Operating normally
2026-03-10 07:00:00+00:00,11.4,VALID,481.8575466666667,VALID,1.419098,VALID,Online,Resolved: Operating normally
2026-03-10 08:00:00+00:00,11.350000000000001,VALID,478.08197333333334,VALID,1.4168120000000002,VALID,Online,Resolved: Operating normally
2026-03-10 09:00:00+00:00,11.25,VALID,475.4862666666666,VALID,1.4140179999999998,VALID,Online,Resolved: Operating normally
2026-03-10 10:00:00+00:00,11.158333333333333,VALID,472.89056,VALID,1.411224,VALID,Online,Resolved: Operating normally
2026-03-10 11:00:00+00:00,11.033333333333333,VALID,470.53082666666666,VALID,1.408684,VALID,Online,Resolved: Operating normally
2026-03-10 12:00:00+00:00,10.933333333333332,VALID,468.8790133333334,VALID,1.4069060000000002,VALID,Online,Resolved: Operating normally
2026-03-10 13:00:00+00:00,10.816666666666668,VALID,466.51928,VALID,1.4043660000000002,VALID,Online,Resolved: Operating normally
2026-03-10 14:00:00+00:00,10.800000000000002,VALID,464.39552,VALID,1.40208,VALID,Online,Resolved: Operating normally
2026-03-10 15:00:00+00:00,10.958333333333334,VALID,461.7998133333333,VALID,1.399286,VALID,Online,Resolved: Operating normally
2026-03-10 16:00:00+00:00,11.241666666666667,VALID,459.67605333333336,VALID,1.3970000000000002,VALID,Online,Resolved: Operating normally
2026-03-10 17:00:00+00:00,11.583333333333334,VALID,457.55229333333335,VALID,1.3947140000000002,VALID,Online,Resolved: Operating normally
2026-03-10 18:00:00+00:00,11.875,VALID,454.9565866666667,VALID,1.392428,VALID,Online,Resolved: Operating normally
2026-03-10 19:00:00+00:00,12.141666666666666,VALID,450.23712,VALID,1.389634,VALID,Online,Resolved: Operating normally
2026-03-10 20:00:00+00:00,12.316666666666668,VALID,447.40544,VALID,1.38684,VALID,Online,Resolved: Operating normally
2026-03-10 21:00:00+00:00,12.4,VALID,445.0457066666666,VALID,1.3843000000000003,VALID,Online,Resolved: Operating normally
2026-03-10 22:00:00+00:00,12.391666666666667,VALID,443.15791999999993,VALID,1.382268,VALID,Online,Resolved: Operating normally
2026-03-10 23:00:00+00:00,12.316666666666668,VALID,440.32624000000004,VALID,1.3792200000000001,VALID,Online,Resolved: Operating normally
2026-03-11 00:00:00+00:00,12.300000000000002,VALID,437.0226133333333,VALID,1.3756640000000002,VALID,Online,Resolved: Operating normally
2026-03-11 01:00:00+00:00,12.341666666666667,VALID,434.42690666666664,VALID,1.37287,VALID,Online,Resolved: Operating normally
2026-03-11 02:00:00+00:00,12.441666666666668,VALID,431.12328,VALID,1.3693140000000001,VALID,Online,Resolved: Operating normally
2026-03-11 03:00:00+00:00,12.625,VALID,428.52757333333335,VALID,1.3665200000000002,VALID,Online,Resolved: Operating normally
2026-03-11 04:00:00+00:00,12.766666666666666,VALID,426.16784,VALID,1.36398,VALID,Online,Resolved: Operating normally
2026-03-11 05:00:00+00:00,12.891666666666667,VALID,424.28005333333334,VALID,1.361948,VALID,Online,Resolved: Operating normally
2026-03-11 06:00:00+00:00,12.983333333333334,VALID,421.92032,VALID,1.359408,VALID,Online,Resolved: Operating normally
2026-03-11 07:00:00+00:00,13.0,VALID,419.56058666666667,VALID,1.3568680000000002,VALID,Online,Resolved: Operating normally
2026-03-11 08:00:00+00:00,13.0,VALID,417.6728,VALID,1.3548360000000004,VALID,Online,Resolved: Operating normally
2026-03-11 09:00:00+00:00,13.0,VALID,415.0770933333333,VALID,1.3520420000000002,VALID,Online,Resolved: Operating normally
2026-03-11 10:00:00+00:00,12.941666666666668,VALID,413.18930666666665,VALID,1.35001,VALID,Online,Resolved: Operating normally
2026-03-11 11:00:00+00:00,12.866666666666667,VALID,410.82957333333326,VALID,1.3474700000000002,VALID,Online,Resolved: Operating normally
2026-03-11 12:00:00+00:00,12.800000000000002,VALID,409.64970666666665,VALID,1.3461999999999998,VALID,Online,Resolved: Operating normally
2026-03-11 13:00:00+00:00,12.800000000000002,VALID,406.81802666666664,VALID,1.34366,VALID,Online,Resolved: Operating normally
2026-03-11 14:00:00+00:00,12.800000000000002,VALID,403.0424533333333,VALID,1.341628,VALID,Online,Resolved: Operating normally
2026-03-11 15:00:00+00:00,12.833333333333334,VALID,400.4467466666667,VALID,1.339342,VALID,Online,Resolved: Operating normally
2026-03-11 16:00:00+00:00,12.924999999999999,VALID,397.85104,VALID,1.3365479999999998,VALID,Online,Resolved: Operating normally
2026-03-11 17:00:00+00:00,13.008333333333333,VALID,395.72728,VALID,1.334262,VALID,Online,Resolved: Operating normally
2026-03-11 18:00:00+00:00,13.183333333333332,VALID,393.13157333333334,VALID,1.331468,VALID,Online,Resolved: Operating normally
2026-03-11 19:00:00+00:00,13.375,VALID,391.47976,VALID,1.32969,VALID,Online,Resolved: Operating normally
2026-03-11 20:00:00+00:00,13.649999999999999,VALID,388.64808,VALID,1.3266419999999999,VALID,Online,Resolved: Operating normally
2026-03-11 21:00:00+00:00,13.783333333333333,VALID,387.23224,VALID,1.325118,VALID,Online,Resolved: Operating normally
2026-03-11 22:00:00+00:00,13.866666666666667,VALID,384.6365333333333,VALID,1.322324,VALID,Online,Resolved: Operating normally
2026-03-11 23:00:00+00:00,13.9,VALID,382.98472,VALID,1.320546,VALID,Online,Resolved: Operating normally
2026-03-12 00:00:00+00:00,13.825000000000001,VALID,381.3329066666667,VALID,1.3187680000000002,VALID,Online,Resolved: Operating normally
2026-03-12 01:00:00+00:00,13.800000000000002,VALID,379.20914666666664,VALID,1.3164820000000002,VALID,Online,Resolved: Operating normally
2026-03-12 02:00:00+00:00,13.800000000000002,VALID,378.9731733333333,VALID,1.316228,VALID,Online,Resolved: Operating normally
2026-03-12 03:00:00+00:00,13.800000000000002,VALID,375.90551999999997,VALID,1.312926,VALID,Online,Resolved: Operating normally
2026-03-12 04:00:00+00:00,13.883333333333333,VALID,373.54578666666674,VALID,1.310386,VALID,Online,Resolved: Operating normally
2026-03-12 05:00:00+00:00,14.016666666666666,VALID,371.18605333333335,VALID,1.307846,VALID,Online,Resolved: Operating normally
2026-03-12 06:00:00+00:00,14.158333333333333,VALID,370.24216,VALID,1.3068300000000002,VALID,Online,Resolved: Operating normally
2026-03-12 07:00:00+00:00,14.266666666666666,VALID,369.2982666666667,VALID,1.305814,VALID,Online,Resolved: Operating normally
2026-03-12 08:00:00+00:00,14.383333333333333,VALID,368.1184,VALID,1.3045440000000001,VALID,Online,Resolved: Operating normally
2026-03-12 09:00:00+00:00,14.4,VALID,364.1068533333334,VALID,1.300226,VALID,Online,Resolved: Operating normally
2026-03-12 10:00:00+00:00,14.391666666666667,VALID,360.80322666666666,VALID,1.29667,VALID,Online,Resolved: Operating normally
2026-03-12 11:00:00+00:00,14.283333333333333,VALID,358.20752,VALID,1.2938760000000002,VALID,Online,Resolved: Operating normally
2026-03-12 12:00:00+00:00,14.208333333333334,VALID,361.27517333333327,VALID,1.297178,VALID,Online,Resolved: Operating normally
2026-03-12 13:00:00+00:00,14.033333333333333,VALID,365.28672,VALID,1.301496,VALID,Online,Resolved: Operating normally
2026-03-12 14:00:00+00:00,13.891666666666667,VALID,366.9385333333333,VALID,1.303274,VALID,Online,Resolved: Operating normally
2026-03-12 15:00:00+00:00,13.75,VALID,365.75866666666667,VALID,1.302004,VALID,Online,Resolved: Operating normally
2026-03-12 16:00:00+00:00,13.575000000000001,VALID,369.06229333333334,VALID,1.30556,VALID,Online,Resolved: Operating normally
2026-03-12 17:00:00+00:00,13.441666666666668,VALID,373.07384,VALID,1.309878,VALID,Online,Resolved: Operating normally
2026-03-12 18:00:00+00:00,13.266666666666666,VALID,373.07384,VALID,1.309878,VALID,Online,Resolved: Operating normally
2026-03-12 19:00:00+00:00,13.116666666666667,VALID,370.47813333333335,VALID,1.3070840000000001,VALID,Online,Resolved: Operating normally
2026-03-12 20:00:00+00:00,13.0,VALID,370.7141066666666,VALID,1.3073380000000001,VALID,Online,Resolved: Operating normally
2026-03-12 21:00:00+00:00,12.975,VALID,368.1184,VALID,1.3045440000000001,VALID,Online,Resolved: Operating normally
2026-03-12 22:00:00+00:00,12.791666666666666,VALID,367.41048,VALID,1.3037820000000002,VALID,Online,Resolved: Operating normally
2026-03-12 23:00:00+00:00,12.483333333333334,VALID,369.2982666666667,VALID,1.305814,VALID,Online,Resolved: Operating normally
2026-03-13 00:00:00+00:00,12.350000000000001,VALID,371.18605333333335,VALID,1.307846,VALID,Online,Resolved: Operating normally
2026-03-13 01:00:00+00:00,12.158333333333333,VALID,373.78176,VALID,1.31064,VALID,Online,Resolved: Operating normally
2026-03-13 02:00:00+00:00,12.025,VALID,374.01773333333335,VALID,1.310894,VALID,Online,Resolved: Operating normally
2026-03-13 03:00:00+00:00,11.975,VALID,373.78176,VALID,1.31064,VALID,Online,Resolved: Operating normally
2026-03-13 04:00:00+00:00,11.841666666666667,VALID,373.54578666666674,VALID,1.310386,VALID,Online,Resolved: Operating normally
2026-03-13 05:00:00+00:00,11.741666666666667,VALID,371.89397333333335,VALID,1.3086080000000002,VALID,Online,Resolved: Operating normally
2026-03-13 06:00:00+00:00,11.658333333333333,VALID,370.95008,VALID,1.307592,VALID,Online,Resolved: Operating normally
2026-03-13 07:00:00+00:00,11.6,VALID,368.5903466666667,VALID,1.305052,VALID,Online,Resolved: Operating normally
2026-03-13 08:00:00+00:00,11.466666666666667,VALID,367.64645333333334,VALID,1.3040360000000002,VALID,Online,Resolved: Operating normally
2026-03-13 09:00:00+00:00,11.341666666666667,VALID,365.52269333333334,VALID,1.30175,VALID,Online,Resolved: Operating normally
2026-03-13 10:00:00+00:00,11.183333333333332,VALID,365.28672,VALID,1.301496,VALID,Online,Resolved: Operating normally
2026-03-13 11:00:00+00:00,11.041666666666666,VALID,364.81477333333333,VALID,1.300988,VALID,Online,Resolved: Operating normally
2026-03-13 12:00:00+00:00,10.924999999999999,VALID,362.92698666666666,VALID,1.298956,VALID,Online,Resolved: Operating normally
2026-03-13 13:00:00+00:00,10.825000000000001,VALID,361.74712,VALID,1.2976860000000001,VALID,Online,Resolved: Operating normally
2026-03-13 14:00:00+00:00,10.800000000000002,VALID,360.5672533333333,VALID,1.296416,VALID,Online,Resolved: Operating normally
2026-03-13 15:00:00+00:00,10.883333333333333,VALID,358.91544,VALID,1.2946380000000002,VALID,Online,Resolved: Operating normally
2026-03-13 16:00:00+00:00,11.025,VALID,357.49959999999993,VALID,1.293114,VALID,Online,Resolved: Operating normally
2026-03-13 17:00:00+00:00,11.174999999999999,VALID,356.79168,VALID,1.2923520000000002,VALID,Online,Resolved: Operating normally
2026-03-13 18:00:00+00:00,11.258333333333333,VALID,354.9038933333333,VALID,1.2903200000000001,VALID,Online,Resolved: Operating normally
2026-03-13 19:00:00+00:00,11.199999999999998,VALID,353.7240266666666,VALID,1.2890500000000003,VALID,Online,Resolved: Operating normally
2026-03-13 20:00:00+00:00,11.283333333333333,VALID,353.96,VALID,1.2893040000000002,VALID,Online,Resolved: Operating normally
2026-03-13 21:00:00+00:00,11.258333333333333,VALID,354.66792000000004,VALID,1.2900660000000002,VALID,Online,Resolved: Operating normally
2026-03-13 22:00:00+00:00,11.091666666666667,VALID,355.13986666666665,VALID,1.290574,VALID,Online,Resolved: Operating normally
2026-03-13 23:00:00+00:00,11.049999999999999,VALID,354.66792000000004,VALID,1.2900660000000002,VALID,Online,Resolved: Operating normally
2026-03-14 00:00:00+00:00,11.008333333333333,VALID,354.66792000000004,VALID,1.2900660000000002,VALID,Online,Resolved: Operating normally
2026-03-14 01:00:00+00:00,10.916666666666666,VALID,355.37584,VALID,1.290828,VALID,Online,Resolved: Operating normally
2026-03-14 02:00:00+00:00,10.9,VALID,355.61181333333326,VALID,1.291082,VALID,Online,Resolved: Operating normally
2026-03-14 03:00:00+00:00,10.9,VALID,355.13986666666665,VALID,1.290574,VALID,Online,Resolved: Operating normally
2026-03-14 04:00:00+00:00,10.9,VALID,355.61181333333326,VALID,1.291082,VALID,Online,Resolved: Operating normally
2026-03-14 05:00:00+00:00,10.9,VALID,356.5557066666667,VALID,1.2920980000000002,VALID,Online,Resolved: Operating normally
2026-03-14 06:00:00+00:00,10.9,VALID,356.79168,VALID,1.2923520000000002,VALID,Online,Resolved: Operating normally
2026-03-14 07:00:00+00:00,10.825000000000001,VALID,356.3197333333333,VALID,1.2918440000000002,VALID,Online,Resolved: Operating normally
2026-03-14 08:00:00+00:00,10.766666666666666,VALID,355.13986666666665,VALID,1.290574,VALID,Online,Resolved: Operating normally
2026-03-14 09:00:00+00:00,10.658333333333333,VALID,356.08376,VALID,1.2915900000000002,VALID,Online,Resolved: Operating normally
2026-03-14 10:00:00+00:00,10.549999999999999,VALID,353.96,VALID,1.2893040000000002,VALID,Online,Resolved: Operating normally
2026-03-14 11:00:00+00:00,10.416666666666666,VALID,353.25208,VALID,1.2885420000000003,VALID,Online,Resolved: Operating normally
2026-03-14 12:00:00+00:00,10.275,VALID,352.78013333333337,VALID,1.2880340000000001,VALID,Online,Resolved: Operating normally
2026-03-14 13:00:00+00:00,10.183333333333332,VALID,352.30818666666664,VALID,1.2875260000000002,VALID,Online,Resolved: Operating normally
2026-03-14 14:00:00+00:00,10.108333333333333,VALID,350.6563733333333,VALID,1.2857480000000001,VALID,Online,Resolved: Operating normally
2026-03-14 15:00:00+00:00,10.174999999999999,VALID,349.00456,VALID,1.28397,VALID,Online,Resolved: Operating normally
2026-03-14 16:00:00+00:00,10.35,VALID,345.2289866666667,VALID,1.2799060000000002,VALID,Online,Resolved: Operating normally
2026-03-14 17:00:00+00:00,10.6,VALID,346.64482666666663,VALID,1.28143,VALID,Online,Resolved: Operating normally
2026-03-14 18:00:00+00:00,10.833333333333334,VALID,344.9930133333333,VALID,1.2796520000000002,VALID,Online,Resolved: Operating normally
2026-03-14 19:00:00+00:00,10.991666666666667,VALID,344.75704,VALID,1.2793980000000003,VALID,Online,Resolved: Operating normally
2026-03-14 20:00:00+00:00,11.049999999999999,VALID,344.9930133333334,VALID,1.2796520000000002,VALID,Online,Resolved: Operating normally
2026-03-14 21:00:00+00:00,11.016666666666666,VALID,344.28509333333335,VALID,1.2788900000000003,VALID,Online,Resolved: Operating normally
2026-03-14 22:00:00+00:00,10.850000000000001,VALID,342.63328,VALID,1.2771120000000002,VALID,Online,Resolved: Operating normally
2026-03-14 23:00:00+00:00,10.666666666666666,VALID,340.9814666666667,VALID,1.2753340000000002,VALID,Online,Resolved: Operating normally
2026-03-15 00:00:00+00:00,10.533333333333333,VALID,339.8016,VALID,1.274064,VALID,Online,Resolved: Operating normally
2026-03-15 01:00:00+00:00,10.408333333333333,VALID,339.09368,VALID,1.2733020000000002,VALID,Online,Resolved: Operating normally
2026-03-15 02:00:00+00:00,10.316666666666668,VALID,337.20589333333334,VALID,1.2712700000000001,VALID,Online,Resolved: Operating normally
2026-03-15 03:00:00+00:00,10.3,VALID,336.96992,VALID,1.2710160000000001,VALID,Online,Resolved: Operating normally
2026-03-15 04:00:00+00:00,10.375,VALID,336.73394666666667,VALID,1.2707620000000002,VALID,Online,Resolved: Operating normally
2026-03-15 05:00:00+00:00,10.416666666666666,VALID,334.84616,VALID,1.2687300000000001,VALID,Online,Resolved: Operating normally
2026-03-15 06:00:00+00:00,10.5,VALID,334.13824,VALID,1.2679680000000002,VALID,Online,Resolved: Operating normally
2026-03-15 07:00:00+00:00,10.583333333333334,VALID,332.7224,VALID,1.2664440000000001,VALID,Online,Resolved: Operating normally
2026-03-15 08:00:00+00:00,10.6,VALID,331.5425333333333,VALID,1.2651740000000002,VALID,Online,Resolved: Operating normally
2026-03-15 09:00:00+00:00,10.6,VALID,330.8346133333333,VALID,1.2644120000000003,VALID,Online,Resolved: Operating normally
2026-03-15 10:00:00+00:00,10.549999999999999,VALID,330.8346133333333,VALID,1.2644120000000003,VALID,Online,Resolved: Operating normally
2026-03-15 11:00:00+00:00,10.5,VALID,328.94682666666665,VALID,1.26238,VALID,Online,Resolved: Operating normally
2026-03-15 12:00:00+00:00,10.416666666666666,VALID,328.47488,VALID,1.2618719999999999,VALID,Online,Resolved: Operating normally
2026-03-15 13:00:00+00:00,10.4,VALID,325.8791733333333,VALID,1.259078,VALID,Online,Resolved: Operating normally
2026-03-15 14:00:00+00:00,10.4,VALID,325.1712533333333,VALID,1.258316,VALID,Online,Resolved: Operating normally
2026-03-15 15:00:00+00:00,10.425,VALID,323.51944,VALID,1.256538,VALID,Online,Resolved: Operating normally
2026-03-15 16:00:00+00:00,10.483333333333333,VALID,322.3395733333333,VALID,1.255268,VALID,Online,Resolved: Operating normally
2026-03-15 17:00:00+00:00,10.6,VALID,319.97983999999997,VALID,1.252728,VALID,Online,Resolved: Operating normally
2026-03-15 18:00:00+00:00,10.6,VALID,318.7999733333333,VALID,1.251458,VALID,Online,Resolved: Operating normally
2026-03-15 19:00:00+00:00,10.525,VALID,317.38413333333335,VALID,1.2499339999999999,VALID,Online,Resolved: Operating normally
2026-03-15 20:00:00+00:00,10.5,VALID,316.67621333333335,VALID,1.249172,VALID,Online,Resolved: Operating normally
2026-03-15 21:00:00+00:00,10.483333333333333,VALID,314.55245333333335,VALID,1.246886,VALID,Online,Resolved: Operating normally
2026-03-15 22:00:00+00:00,10.375,VALID,314.31648,VALID,1.246632,VALID,Online,Resolved: Operating normally
2026-03-15 23:00:00+00:00,10.3,VALID,313.84453333333335,VALID,1.246124,VALID,Online,Resolved: Operating normally
2026-03-16 00:00:00+00:00,10.3,VALID,311.9567466666667,VALID,1.244092,VALID,Online,Resolved: Operating normally
2026-03-16 01:00:00+00:00,10.291666666666666,VALID,311.4848,VALID,1.243584,VALID,Online,Resolved: Operating normally
2026-03-16 02:00:00+00:00,10.3,VALID,309.83298666666667,VALID,1.2418060000000002,VALID,Online,Resolved: Operating normally
2026-03-16 03:00:00+00:00,10.341666666666667,VALID,307.9452,VALID,1.239774,VALID,Online,Resolved: Operating normally
2026-03-16 04:00:00+00:00,10.408333333333333,VALID,307.9452,VALID,1.239774,VALID,Online,Resolved: Operating normally
2026-03-16 05:00:00+00:00,10.491666666666667,VALID,308.41714666666667,VALID,1.240282,VALID,Online,Resolved: Operating normally
2026-03-16 06:00:00+00:00,10.6,VALID,308.41714666666667,VALID,1.240282,VALID,Online,Resolved: Operating normally
2026-03-16 07:00:00+00:00,10.691666666666665,VALID,307.23728,VALID,1.239012,VALID,Online,Resolved: Operating normally
2026-03-16 08:00:00+00:00,10.791666666666666,VALID,306.05741333333333,VALID,1.237742,VALID,Online,Resolved: Operating normally
2026-03-16 09:00:00+00:00,10.866666666666667,VALID,305.82144,VALID,1.237488,VALID,Online,Resolved: Operating normally
2026-03-16 10:00:00+00:00,10.9,VALID,305.3494933333333,VALID,1.23698,VALID,Online,Resolved: Operating normally
2026-03-16 11:00:00+00:00,10.941666666666668,VALID,303.9336533333333,VALID,1.2354559999999999,VALID,Online,Resolved: Operating normally
2026-03-16 12:00:00+00:00,11.0,VALID,302.98976,VALID,1.23444,VALID,Online,Resolved: Operating normally
2026-03-16 13:00:00+00:00,11.033333333333333,VALID,302.98976,VALID,1.23444,VALID,Online,Resolved: Operating normally
2026-03-16 14:00:00+00:00,11.158333333333333,VALID,302.75378666666666,VALID,1.234186,VALID,Online,Resolved: Operating normally
2026-03-16 15:00:00+00:00,11.241666666666667,VALID,301.57392,VALID,1.2329160000000001,VALID,Online,Resolved: Operating normally
2026-03-16 16:00:00+00:00,11.408333333333333,VALID,302.98976,VALID,1.23444,VALID,Online,Resolved: Operating normally
2026-03-16 17:00:00+00:00,11.566666666666668,VALID,303.9336533333333,VALID,1.2354559999999999,VALID,Online,Resolved: Operating normally
2026-03-16 18:00:00+00:00,11.733333333333334,VALID,323.7554133333333,VALID,1.2567920000000001,VALID,Online,Resolved: Operating normally
2026-03-16 19:00:00+00:00,11.800000000000002,VALID,406.34608000000003,VALID,1.343914,VALID,Online,Resolved: Operating normally
2026-03-16 20:00:00+00:00,11.908333333333333,VALID,422.39226666666667,VALID,1.3599160000000001,VALID,Online,Resolved: Operating normally
2026-03-16 21:00:00+00:00,13.316666666666668,VALID,385.8164,VALID,1.323594,VALID,Online,Resolved: Operating normally
2026-03-16 22:00:00+00:00,14.091666666666667,VALID,368.5903466666667,VALID,1.305052,VALID,Online,Resolved: Operating normally
2026-03-16 23:00:00+00:00,14.383333333333333,VALID,368.5903466666667,VALID,1.305052,VALID,Online,Resolved: Operating normally
2026-03-17 00:00:00+00:00,14.033333333333333,VALID,370.95008,VALID,1.307592,VALID,Online,Resolved: Operating normally
2026-03-17 01:00:00+00:00,13.450000000000001,VALID,374.2537066666667,VALID,1.311148,VALID,Online,Resolved: Operating normally
2026-03-17 02:00:00+00:00,12.966666666666667,VALID,381.3329066666667,VALID,1.3187680000000002,VALID,Online,Resolved: Operating normally
2026-03-17 03:00:00+00:00,12.641666666666666,VALID,405.16621333333336,VALID,1.34239,VALID,Online,Resolved: Operating normally
2026-03-17 04:00:00+00:00,12.4,VALID,407.99789333333337,VALID,1.34493,VALID,Online,Resolved: Operating normally
2026-03-17 05:00:00+00:00,12.049999999999999,VALID,399.0309066666667,VALID,1.3378180000000002,VALID,Online,Resolved: Operating normally
2026-03-17 06:00:00+00:00,11.616666666666667,VALID,398.32298666666674,VALID,1.3370559999999998,VALID,Online,Resolved: Operating normally
2026-03-17 07:00:00+00:00,11.299999999999999,VALID,396.1992266666667,VALID,1.33477,VALID,Online,Resolved: Operating normally
2026-03-17 08:00:00+00:00,11.041666666666666,VALID,394.7833866666667,VALID,1.3332460000000002,VALID,Online,Resolved: Operating normally
2026-03-17 09:00:00+00:00,10.891666666666667,VALID,395.96325333333334,VALID,1.334516,VALID,Online,Resolved: Operating normally
2026-03-17 10:00:00+00:00,10.75,VALID,395.25533333333334,VALID,1.3337539999999999,VALID,Online,Resolved: Operating normally
2026-03-17 11:00:00+00:00,10.583333333333334,VALID,392.18768,VALID,1.330452,VALID,Online,Resolved: Operating normally
2026-03-17 12:00:00+00:00,10.416666666666666,VALID,389.5919733333333,VALID,1.327658,VALID,Online,Resolved: Operating normally
2026-03-17 13:00:00+00:00,10.216666666666667,VALID,388.41210666666666,VALID,1.326388,VALID,Online,Resolved: Operating normally
2026-03-17 14:00:00+00:00,10.1,VALID,386.52432,VALID,1.324356,VALID,Online,Resolved: Operating normally
2026-03-17 15:00:00+00:00,10.1,VALID,389.12002666666666,VALID,1.32715,VALID,Online,Resolved: Operating normally
2026-03-17 16:00:00+00:00,10.225,VALID,390.77184000000005,VALID,1.328928,VALID,Online,Resolved: Operating normally
2026-03-17 17:00:00+00:00,10.358333333333334,VALID,394.31144,VALID,1.332738,VALID,Online,Resolved: Operating normally
2026-03-17 18:00:00+00:00,10.441666666666666,VALID,399.50285333333335,VALID,1.3380720000000002,VALID,Online,Resolved: Operating normally
2026-03-17 19:00:00+00:00,10.516666666666667,VALID,402.33453333333335,VALID,1.34112,VALID,Online,Resolved: Operating normally
2026-03-17 20:00:00+00:00,10.541666666666666,VALID,410.82957333333326,VALID,1.3474700000000002,VALID,Online,Resolved: Operating normally
2026-03-17 21:00:00+00:00,10.366666666666667,VALID,416.96488,VALID,1.354074,VALID,Online,Resolved: Operating normally
2026-03-17 22:00:00+00:00,10.091666666666667,VALID,423.33616,VALID,1.360932,VALID,Online,Resolved: Operating normally
2026-03-17 23:00:00+00:00,9.866666666666667,VALID,429.94341333333335,VALID,1.3680440000000003,VALID,Online,Resolved: Operating normally
2026-03-18 00:00:00+00:00,9.625,VALID,435.84274666666664,VALID,1.374394,VALID,Online,Resolved: Operating normally
2026-03-18 01:00:00+00:00,9.441666666666666,VALID,441.27013333333326,VALID,1.380236,VALID,Online,Resolved: Operating normally
2026-03-18 02:00:00+00:00,9.4,VALID,445.98960000000005,VALID,1.3853160000000002,VALID,Online,Resolved: Operating normally
2026-03-18 03:00:00+00:00,9.366666666666667,VALID,450.47309333333334,VALID,1.389634,VALID,Online,Resolved: Operating normally
2026-03-18 04:00:00+00:00,9.341666666666667,VALID,457.7882666666667,VALID,1.3949680000000002,VALID,Online,Resolved: Operating normally
2026-03-18 05:00:00+00:00,9.3,VALID,461.3278666666667,VALID,1.398778,VALID,Online,Resolved: Operating normally
2026-03-18 06:00:00+00:00,9.233333333333333,VALID,463.45162666666664,VALID,1.4010639999999999,VALID,Online,Resolved: Operating normally
2026-03-18 07:00:00+00:00,9.158333333333333,VALID,466.9912266666667,VALID,1.4048740000000002,VALID,Online,Resolved: Operating normally
2026-03-18 08:00:00+00:00,9.033333333333333,VALID,469.35096,VALID,1.4074140000000002,VALID,Online,Resolved: Operating normally
2026-03-18 09:00:00+00:00,8.85,VALID,470.2948533333333,VALID,1.40843,VALID,Online,Resolved: Operating normally
2026-03-18 10:00:00+00:00,8.7,VALID,470.05888,VALID,1.408176,VALID,Online,Resolved: Operating normally
2026-03-18 11:00:00+00:00,8.566666666666666,VALID,468.40706666666665,VALID,1.4063980000000003,VALID,Online,Resolved: Operating normally
2026-03-18 12:00:00+00:00,8.408333333333333,VALID,466.9912266666667,VALID,1.4048740000000002,VALID,Online,Resolved: Operating normally
2026-03-18 13:00:00+00:00,8.25,VALID,464.1595466666666,VALID,1.401826,VALID,Online,Resolved: Operating normally
2026-03-18 14:00:00+00:00,8.2,VALID,460.6199466666667,VALID,1.3980160000000001,VALID,Online,Resolved: Operating normally
2026-03-18 15:00:00+00:00,8.2,VALID,456.84437333333335,VALID,1.3939520000000003,VALID,Online,Resolved: Operating normally
2026-03-18 16:00:00+00:00,8.366666666666667,VALID,449.5292,VALID,1.388872,VALID,Online,Resolved: Operating normally
2026-03-18 17:00:00+00:00,8.608333333333333,VALID,445.28168,VALID,1.3845540000000003,VALID,Online,Resolved: Operating normally
2026-03-18 18:00:00+00:00,8.833333333333334,VALID,439.8542933333333,VALID,1.3787120000000002,VALID,Online,Resolved: Operating normally
2026-03-18 19:00:00+00:00,8.975,VALID,434.1909333333333,VALID,1.372616,VALID,Online,Resolved: Operating normally
2026-03-18 20:00:00+00:00,9.0,VALID,429.4714666666667,VALID,1.3675360000000003,VALID,Online,Resolved: Operating normally
2026-03-18 21:00:00+00:00,9.0,VALID,425.2239466666667,VALID,1.3629639999999998,VALID,Online,Resolved: Operating normally
2026-03-18 22:00:00+00:00,8.908333333333333,VALID,420.97642666666667,VALID,1.358392,VALID,Online,Resolved: Operating normally
2026-03-18 23:00:00+00:00,8.758333333333333,VALID,416.02098666666666,VALID,1.353058,VALID,Online,Resolved: Operating normally
2026-03-19 00:00:00+00:00,8.633333333333333,VALID,413.42528,VALID,1.350264,VALID,Online,Resolved: Operating normally
2026-03-19 01:00:00+00:00,8.6,VALID,409.4137333333333,VALID,1.3459459999999999,VALID,Online,Resolved: Operating normally
2026-03-19 02:00:00+00:00,8.6,VALID,403.0424533333333,VALID,1.341628,VALID,Online,Resolved: Operating normally
2026-03-19 03:00:00+00:00,8.666666666666666,VALID,399.0309066666667,VALID,1.3378179999999997,VALID,Online,Resolved: Operating normally
2026-03-19 04:00:00+00:00,8.725,VALID,396.67117333333334,VALID,1.335278,VALID,Online,Resolved: Operating normally
2026-03-19 05:00:00+00:00,8.8,VALID,393.83949333333334,VALID,1.33223,VALID,Online,Resolved: Operating normally
2026-03-19 06:00:00+00:00,8.8,VALID,391.00781333333333,VALID,1.329182,VALID,Online,Resolved: Operating normally
2026-03-19 07:00:00+00:00,8.758333333333333,VALID,388.8840533333334,VALID,1.3268959999999999,VALID,Online,Resolved: Operating normally
2026-03-19 08:00:00+00:00,8.7,VALID,387.94015999999993,VALID,1.32588,VALID,Online,Resolved: Operating normally
2026-03-19 09:00:00+00:00,8.616666666666665,VALID,386.05237333333326,VALID,1.323848,VALID,Online,Resolved: Operating normally
2026-03-19 10:00:00+00:00,8.558333333333334,VALID,384.6365333333333,VALID,1.322324,VALID,Online,Resolved: Operating normally
2026-03-19 11:00:00+00:00,8.450000000000001,VALID,382.5127733333333,VALID,1.320038,VALID,Online,Resolved: Operating normally
2026-03-19 12:00:00+00:00,8.366666666666667,VALID,382.04082666666665,VALID,1.31953,VALID,Online,Resolved: Operating normally
2026-03-19 13:00:00+00:00,8.275,VALID,380.15304,VALID,1.317498,VALID,Online,Resolved: Operating normally
2026-03-19 14:00:00+00:00,8.2,VALID,379.44512000000003,VALID,1.3167360000000001,VALID,Online,Resolved: Operating normally
2026-03-19 15:00:00+00:00,8.216666666666667,VALID,379.20914666666664,VALID,1.3164820000000002,VALID,Online,Resolved: Operating normally
2026-03-19 16:00:00+00:00,8.341666666666667,VALID,376.37746666666663,VALID,1.313434,VALID,Online,Resolved: Operating normally
2026-03-19 17:00:00+00:00,8.525,VALID,376.1414933333333,VALID,1.31318,VALID,Online,Resolved: Operating normally
2026-03-19 18:00:00+00:00,8.791666666666666,VALID,375.19759999999997,VALID,1.3121639999999999,VALID,Online,Resolved: Operating normally
2026-03-19 19:00:00+00:00,9.016666666666667,VALID,373.78176,VALID,1.31064,VALID,Online,Resolved: Operating normally
2026-03-19 20:00:00+00:00,9.191666666666666,VALID,373.78176,VALID,1.31064,VALID,Online,Resolved: Operating normally
2026-03-19 21:00:00+00:00,9.191666666666666,VALID,371.18605333333335,VALID,1.307846,VALID,Online,Resolved: Operating normally
2026-03-19 22:00:00+00:00,9.1,VALID,370.95008,VALID,1.307592,VALID,Online,Resolved: Operating normally
2026-03-19 23:00:00+00:00,9.025,VALID,370.7141066666666,VALID,1.3073380000000001,VALID,Online,Resolved: Operating normally
2026-03-20 00:00:00+00:00,8.908333333333333,VALID,369.7702133333334,VALID,1.306322,VALID,Online,Resolved: Operating normally
2026-03-20 01:00:00+00:00,8.8,VALID,369.53424,VALID,1.306068,VALID,Online,Resolved: Operating normally
2026-03-20 02:00:00+00:00,8.816666666666668,VALID,368.1184,VALID,1.3045440000000001,VALID,Online,Resolved: Operating normally
2026-03-20 03:00:00+00:00,8.958333333333334,VALID,368.1184,VALID,1.3045440000000001,VALID,Online,Resolved: Operating normally
2026-03-20 04:00:00+00:00,9.075,VALID,368.1184,VALID,1.3045440000000001,VALID,Online,Resolved: Operating normally
2026-03-20 05:00:00+00:00,9.216666666666667,VALID,367.88242666666673,VALID,1.3042900000000002,VALID,Online,Resolved: Operating normally
2026-03-20 06:00:00+00:00,9.308333333333334,VALID,368.1184,VALID,1.3045440000000001,VALID,Online,Resolved: Operating normally
2026-03-20 07:00:00+00:00,9.4,VALID,367.41048,VALID,1.3037820000000002,VALID,Online,Resolved: Operating normally
2026-03-20 08:00:00+00:00,9.4,VALID,366.4665866666667,VALID,1.302766,VALID,Online,Resolved: Operating normally
2026-03-20 09:00:00+00:00,9.4,VALID,365.28672,VALID,1.301496,VALID,Online,Resolved: Operating normally
2026-03-20 10:00:00+00:00,9.35,VALID,365.0507466666666,VALID,1.301242,VALID,Online,Resolved: Operating normally
2026-03-20 11:00:00+00:00,9.3,VALID,365.28672,VALID,1.301496,VALID,Online,Resolved: Operating normally
2026-03-20 12:00:00+00:00,9.216666666666667,VALID,364.81477333333333,VALID,1.300988,VALID,Online,Resolved: Operating normally
2026-03-20 13:00:00+00:00,9.2,VALID,362.45504,VALID,1.298448,VALID,Online,Resolved: Operating normally
2026-03-20 14:00:00+00:00,9.2,VALID,362.2190666666667,VALID,1.298194,VALID,Online,Resolved: Operating normally
2026-03-20 15:00:00+00:00,9.299999999999999,VALID,359.8593333333333,VALID,1.295654,VALID,Online,Resolved: Operating normally
2026-03-20 16:00:00+00:00,9.616666666666665,VALID,359.62336,VALID,1.2954,VALID,Online,Resolved: Operating normally
2026-03-20 17:00:00+00:00,9.916666666666666,VALID,358.4434933333334,VALID,1.2941300000000002,VALID,Online,Resolved: Operating normally
2026-03-20 18:00:00+00:00,10.208333333333334,VALID,356.5557066666667,VALID,1.2920980000000002,VALID,Online,Resolved: Operating normally
2026-03-20 19:00:00+00:00,10.308333333333334,VALID,354.66792000000004,VALID,1.2900660000000002,VALID,Online,Resolved: Operating normally
2026-03-20 20:00:00+00:00,10.266666666666667,VALID,353.7240266666666,VALID,1.2890500000000003,VALID,Online,Resolved: Operating normally
2026-03-20 21:00:00+00:00,10.116666666666665,VALID,350.4204,VALID,1.2854940000000001,VALID,Online,Resolved: Operating normally
2026-03-20 22:00:00+00:00,9.908333333333333,VALID,351.12832,VALID,1.286256,VALID,Online,Resolved: Operating normally
2026-03-20 23:00:00+00:00,9.75,VALID,348.76858666666664,VALID,1.283716,VALID,Online,Resolved: Operating normally
2026-03-21 00:00:00+00:00,9.7,VALID,348.0606666666667,VALID,1.2829540000000001,VALID,Online,Resolved: Operating normally
2026-03-21 01:00:00+00:00,9.716666666666667,VALID,346.40885333333335,VALID,1.281176,VALID,Online,Resolved: Operating normally
2026-03-21 02:00:00+00:00,9.825000000000001,VALID,345.46496,VALID,1.2801600000000002,VALID,Online,Resolved: Operating normally
2026-03-21 03:00:00+00:00,9.975,VALID,343.8131466666667,VALID,1.2783820000000004,VALID,Online,Resolved: Operating normally
2026-03-21 04:00:00+00:00,10.174999999999999,VALID,341.92536,VALID,1.27635,VALID,Online,Resolved: Operating normally
2026-03-21 05:00:00+00:00,10.358333333333334,VALID,342.1613333333333,VALID,1.276604,VALID,Online,Resolved: Operating normally
2026-03-21 06:00:00+00:00,10.475,VALID,342.3973066666667,VALID,1.2768580000000003,VALID,Online,Resolved: Operating normally
2026-03-21 07:00:00+00:00,10.6,VALID,341.92536,VALID,1.27635,VALID,Online,Resolved: Operating normally
2026-03-21 08:00:00+00:00,10.6,VALID,342.1613333333333,VALID,1.276604,VALID,Online,Resolved: Operating normally
2026-03-21 09:00:00+00:00,10.591666666666667,VALID,341.6893866666667,VALID,1.2760960000000001,VALID,Online,Resolved: Operating normally
2026-03-21 10:00:00+00:00,10.5,VALID,339.8016,VALID,1.274064,VALID,Online,Resolved: Operating normally
2026-03-21 11:00:00+00:00,10.5,VALID,339.32965333333334,VALID,1.2735560000000001,VALID,Online,Resolved: Operating normally
2026-03-21 12:00:00+00:00,10.425,VALID,337.44186666666667,VALID,1.271524,VALID,Online,Resolved: Operating normally
2026-03-21 13:00:00+00:00,10.441666666666666,VALID,338.8577066666667,VALID,1.2730480000000002,VALID,Online,Resolved: Operating normally
2026-03-21 14:00:00+00:00,10.541666666666666,VALID,339.8016,VALID,1.274064,VALID,Online,Resolved: Operating normally
2026-03-21 15:00:00+00:00,10.733333333333334,VALID,339.32965333333334,VALID,1.2735560000000001,VALID,Online,Resolved: Operating normally
2026-03-21 16:00:00+00:00,11.066666666666668,VALID,340.03757333333334,VALID,1.274318,VALID,Online,Resolved: Operating normally
2026-03-21 17:00:00+00:00,11.475,VALID,339.5656266666667,VALID,1.27381,VALID,Online,Resolved: Operating normally
2026-03-21 18:00:00+00:00,11.866666666666667,VALID,339.8016,VALID,1.274064,VALID,Online,Resolved: Operating normally
2026-03-21 19:00:00+00:00,12.141666666666666,VALID,339.32965333333334,VALID,1.2735560000000001,VALID,Online,Resolved: Operating normally
2026-03-21 20:00:00+00:00,12.300000000000002,VALID,337.91381333333334,VALID,1.272032,VALID,Online,Resolved: Operating normally
2026-03-21 21:00:00+00:00,12.291666666666666,VALID,336.49797333333333,VALID,1.2705080000000002,VALID,Online,Resolved: Operating normally
2026-03-21 22:00:00+00:00,12.158333333333333,VALID,334.61018666666666,VALID,1.2684760000000002,VALID,Online,Resolved: Operating normally
2026-03-21 23:00:00+00:00,11.941666666666668,VALID,333.19434666666666,VALID,1.266952,VALID,Online,Resolved: Operating normally
2026-03-22 00:00:00+00:00,11.75,VALID,331.5425333333333,VALID,1.2651740000000002,VALID,Online,Resolved: Operating normally
2026-03-22 01:00:00+00:00,11.566666666666668,VALID,331.30656,VALID,1.2649200000000003,VALID,Online,Resolved: Operating normally
2026-03-22 02:00:00+00:00,11.5,VALID,330.8346133333333,VALID,1.2644120000000003,VALID,Online,Resolved: Operating normally
2026-03-22 03:00:00+00:00,11.566666666666668,VALID,328.23890666666665,VALID,1.261618,VALID,Online,Resolved: Operating normally
2026-03-22 04:00:00+00:00,11.708333333333334,VALID,327.05904,VALID,1.2603479999999998,VALID,Online,Resolved: Operating normally
2026-03-22 05:00:00+00:00,11.841666666666667,VALID,325.6432,VALID,1.258824,VALID,Online,Resolved: Operating normally
2026-03-22 06:00:00+00:00,12.008333333333333,VALID,325.40722666666665,VALID,1.25857,VALID,Online,Resolved: Operating normally
2026-03-22 07:00:00+00:00,12.1,VALID,322.81152,VALID,1.255776,VALID,Online,Resolved: Operating normally
2026-03-22 08:00:00+00:00,12.199999999999998,VALID,322.3395733333333,VALID,1.255268,VALID,Online,Resolved: Operating normally
2026-03-22 09:00:00+00:00,12.199999999999998,VALID,320.68775999999997,VALID,1.25349,VALID,Online,Resolved: Operating normally
2026-03-22 10:00:00+00:00,12.174999999999999,VALID,319.74386666666663,VALID,1.252474,VALID,Online,Resolved: Operating normally
2026-03-22 11:00:00+00:00,12.1,VALID,317.38413333333335,VALID,1.2499339999999999,VALID,Online,Resolved: Operating normally
2026-03-22 12:00:00+00:00,12.025,VALID,315.4963466666667,VALID,1.247902,VALID,Online,Resolved: Operating normally
2026-03-22 13:00:00+00:00,12.0,VALID,314.31648,VALID,1.246632,VALID,Online,Resolved: Operating normally
2026-03-22 14:00:00+00:00,12.049999999999999,VALID,314.31648,VALID,1.246632,VALID,Online,Resolved: Operating normally
2026-03-22 15:00:00+00:00,12.233333333333334,VALID,313.3725866666667,VALID,1.245616,VALID,Online,Resolved: Operating normally
2026-03-22 16:00:00+00:00,12.541666666666666,VALID,311.4848,VALID,1.243584,VALID,Online,Resolved: Operating normally
2026-03-22 17:00:00+00:00,12.941666666666668,VALID,311.4848,VALID,1.243584,VALID,Online,Resolved: Operating normally
2026-03-22 18:00:00+00:00,13.341666666666667,VALID,310.77688,VALID,1.242822,VALID,Online,Resolved: Operating normally
2026-03-22 19:00:00+00:00,13.633333333333333,VALID,308.88909333333334,VALID,1.24079,VALID,Online,Resolved: Operating normally
2026-03-22 20:00:00+00:00,13.791666666666666,VALID,308.18117333333333,VALID,1.240028,VALID,Online,Resolved: Operating normally
2026-03-22 21:00:00+00:00,13.9,VALID,307.70922666666667,VALID,1.23952,VALID,Online,Resolved: Operating normally
2026-03-22 22:00:00+00:00,13.833333333333334,VALID,306.29338666666666,VALID,1.2379959999999999,VALID,Online,Resolved: Operating normally
2026-03-22 23:00:00+00:00,13.683333333333332,VALID,303.9336533333333,VALID,1.2354559999999999,VALID,Online,Resolved: Operating normally
2026-03-23 00:00:00+00:00,13.5,VALID,302.98976,VALID,1.23444,VALID,Online,Resolved: Operating normally
2026-03-23 01:00:00+00:00,13.299999999999999,VALID,302.98976,VALID,1.23444,VALID,Online,Resolved: Operating normally
2026-03-23 02:00:00+00:00,13.199999999999998,VALID,301.57392,VALID,1.2329160000000001,VALID,Online,Resolved: Operating normally
2026-03-23 03:00:00+00:00,13.199999999999998,VALID,298.03432,VALID,1.229106,VALID,Online,Resolved: Operating normally
2026-03-23 04:00:00+00:00,13.275,VALID,297.3264,VALID,1.228344,VALID,Online,Resolved: Operating normally
2026-03-23 05:00:00+00:00,13.433333333333332,VALID,297.3264,VALID,1.228344,VALID,Online,Resolved: Operating normally
2026-03-23 06:00:00+00:00,13.608333333333333,VALID,297.3264,VALID,1.228344,VALID,Online,Resolved: Operating normally
2026-03-23 07:00:00+00:00,13.75,VALID,296.8544533333333,VALID,1.2278360000000001,VALID,Online,Resolved: Operating normally
2026-03-23 08:00:00+00:00,13.875,VALID,295.20264,VALID,1.2260579999999999,VALID,Online,Resolved: Operating normally
2026-03-23 09:00:00+00:00,14.0,VALID,297.09042666666664,VALID,1.2280900000000001,VALID,Online,Resolved: Operating normally
2026-03-23 10:00:00+00:00,14.066666666666668,VALID,297.3264,VALID,1.228344,VALID,Online,Resolved: Operating normally
2026-03-23 11:00:00+00:00,14.1,VALID,297.3264,VALID,1.228344,VALID,Online,Resolved: Operating normally
2026-03-23 12:00:00+00:00,14.1,VALID,297.3264,VALID,1.228344,VALID,Online,Resolved: Operating normally
2026-03-23 13:00:00+00:00,14.1,VALID,297.3264,VALID,1.228344,VALID,Online,Resolved: Operating normally
2026-03-23 14:00:00+00:00,14.1,VALID,296.38250666666664,VALID,1.227328,VALID,Online,Resolved: Operating normally
2026-03-23 15:00:00+00:00,14.191666666666665,VALID,290.8539885714286,VALID,1.221232,VALID,Online,Resolved: Operating normally
2026-03-23 16:00:00+00:00,14.275,VALID,288.4774,VALID,1.21666,VALID,Online,Resolved: Operating normally
2026-03-23 17:00:00+00:00,14.508333333333333,VALID,287.41552,VALID,1.211834,VALID,Online,Resolved: Operating normally
2026-03-23 18:00:00+00:00,14.766666666666666,VALID,281.8087936,VALID,1.21031,VALID,Online,Resolved: Operating normally
2026-03-23 19:00:00+00:00,14.958333333333334,VALID,286.94357333333335,VALID,1.214882,VALID,Online,Resolved: Operating normally
2026-03-23 20:00:00+00:00,15.058333333333332,VALID,287.44698311111114,VALID,1.214628,VALID,Online,Resolved: Operating normally
2026-03-23 21:00:00+00:00,15.1,VALID,286.56601600000005,VALID,1.215136,VALID,Online,Resolved: Operating normally
2026-03-23 22:00:00+00:00,15.0,VALID,288.2020977777778,VALID,1.216406,VALID,Online,Resolved: Operating normally
2026-03-23 23:00:00+00:00,14.766666666666666,VALID,289.06733333333335,VALID,1.219454,VALID,Online,Resolved: Operating normally
2026-03-24 00:00:00+00:00,14.424999999999999,VALID,288.83136,VALID,1.2179300000000002,VALID,Online,Resolved: Operating normally
2026-03-24 01:00:00+00:00,14.075000000000001,VALID,287.32113066666665,VALID,1.214882,VALID,Online,Resolved: Operating normally
2026-03-24 02:00:00+00:00,13.741666666666667,VALID,280.3599173333333,VALID,1.20777,VALID,Online,Resolved: Operating normally
2026-03-24 03:00:00+00:00,13.541666666666666,VALID,280.973448,VALID,1.2087860000000001,VALID,Online,Resolved: Operating normally
2026-03-24 04:00:00+00:00,13.383333333333333,VALID,281.18582399999997,VALID,1.2090400000000001,VALID,Online,Resolved: Operating normally
2026-03-24 05:00:00+00:00,13.258333333333333,VALID,280.548696,VALID,1.2082780000000002,VALID,Online,Resolved: Operating normally
2026-03-24 06:00:00+00:00,13.199999999999998,VALID,279.699192,VALID,1.207262,VALID,Online,Resolved: Operating normally
2026-03-24 07:00:00+00:00,13.199999999999998,VALID,278.84968799999996,VALID,1.2062460000000002,VALID,Online,Resolved: Operating normally
2026-03-24 08:00:00+00:00,13.141666666666666,VALID,277.57543200000003,VALID,1.204722,VALID,Online,Resolved: Operating normally
2026-03-24 09:00:00+00:00,13.066666666666668,VALID,276.7023306666667,VALID,1.2037060000000002,VALID,Online,Resolved: Operating normally
2026-03-24 10:00:00+00:00,12.966666666666667,VALID,276.7023306666667,VALID,1.2037060000000002,VALID,Online,Resolved: Operating normally
2026-03-24 11:00:00+00:00,12.833333333333334,VALID,276.938304,VALID,1.2039600000000001,VALID,Online,Resolved: Operating normally
2026-03-24 12:00:00+00:00,12.683333333333332,VALID,276.938304,VALID,1.2039600000000001,VALID,Online,Resolved: Operating normally
2026-03-24 13:00:00+00:00,12.508333333333333,VALID,275.522464,VALID,1.202436,VALID,Online,Resolved: Operating normally
2026-03-24 14:00:00+00:00,12.4,VALID,274.814544,VALID,1.201674,VALID,Online,Resolved: Operating normally
2026-03-24 15:00:00+00:00,12.408333333333333,VALID,274.5785706666667,VALID,1.20142,VALID,Online,Resolved: Operating normally
2026-03-24 16:00:00+00:00,12.625,VALID,274.814544,VALID,1.201674,VALID,Online,Resolved: Operating normally
2026-03-24 17:00:00+00:00,12.991666666666667,VALID,274.106624,VALID,1.200912,VALID,Online,Resolved: Operating normally
2026-03-24 18:00:00+00:00,13.408333333333333,VALID,273.894248,VALID,1.200658,VALID,Online,Resolved: Operating normally
2026-03-24 19:00:00+00:00,13.741666666666667,VALID,273.681872,VALID,1.200404,VALID,Online,Resolved: Operating normally
2026-03-24 20:00:00+00:00,13.975,VALID,272.83236800000003,VALID,1.1993880000000001,VALID,Online,Resolved: Operating normally
2026-03-24 21:00:00+00:00,13.958333333333334,VALID,272.407616,VALID,1.19888,VALID,Online,Resolved: Operating normally
2026-03-24 22:00:00+00:00,13.775,VALID,271.770488,VALID,1.198118,VALID,Online,Resolved: Operating normally
2026-03-24 23:00:00+00:00,13.458333333333334,VALID,271.345736,VALID,1.19761,VALID,Online,Resolved: Operating normally
2026-03-25 00:00:00+00:00,13.066666666666668,VALID,270.70860799999997,VALID,1.1968480000000001,VALID,Online,Resolved: Operating normally
2026-03-25 01:00:00+00:00,12.683333333333332,VALID,269.0096,VALID,1.194816,VALID,Online,Resolved: Operating normally
2026-03-25 02:00:00+00:00,12.358333333333334,VALID,269.0096,VALID,1.194816,VALID,Online,Resolved: Operating normally
2026-03-25 03:00:00+00:00,12.166666666666666,VALID,268.37247199999996,VALID,1.1940540000000002,VALID,Online,Resolved: Operating normally
2026-03-25 04:00:00+00:00,12.1,VALID,266.88584,VALID,1.1922760000000001,VALID,Online,Resolved: Operating normally
2026-03-25 05:00:00+00:00,12.1,VALID,266.461088,VALID,1.1917680000000002,VALID,Online,Resolved: Operating normally
2026-03-25 06:00:00+00:00,12.199999999999998,VALID,266.461088,VALID,1.1917680000000002,VALID,Online,Resolved: Operating normally
2026-03-25 07:00:00+00:00,12.299999999999999,VALID,266.461088,VALID,1.1917680000000002,VALID,Online,Resolved: Operating normally
2026-03-25 08:00:00+00:00,12.408333333333333,VALID,268.37247199999996,VALID,1.1940540000000002,VALID,Online,Resolved: Operating normally
2026-03-25 09:00:00+00:00,12.5,VALID,269.0096,VALID,1.194816,VALID,Online,Resolved: Operating normally
2026-03-25 10:00:00+00:00,12.5,VALID,269.0096,VALID,1.194816,VALID,Online,Resolved: Operating normally
2026-03-25 11:00:00+00:00,12.5,VALID,269.0096,VALID,1.194816,VALID,Online,Resolved: Operating normally
2026-03-25 12:00:00+00:00,12.441666666666668,VALID,269.0096,VALID,1.194816,VALID,Online,Resolved: Operating normally
2026-03-25 13:00:00+00:00,12.375,VALID,269.221976,VALID,1.19507,VALID,Online,Resolved: Operating normally
2026-03-25 14:00:00+00:00,12.300000000000002,VALID,269.646728,VALID,1.195578,VALID,Online,Resolved: Operating normally
2026-03-25 15:00:00+00:00,12.391666666666667,VALID,270.496232,VALID,1.196594,VALID,Online,Resolved: Operating normally
2026-03-25 16:00:00+00:00,12.408333333333333,VALID,269.646728,VALID,1.195578,VALID,Online,Resolved: Operating normally
2026-03-25 17:00:00+00:00,12.583333333333334,VALID,268.79722399999997,VALID,1.1945620000000001,VALID,Online,Resolved: Operating normally
2026-03-25 18:00:00+00:00,12.825000000000001,VALID,267.71174666666667,VALID,1.1932920000000002,VALID,Online,Resolved: Operating normally
2026-03-25 19:00:00+00:00,12.991666666666667,VALID,266.17792000000003,VALID,1.191514,VALID,Online,Resolved: Operating normally
2026-03-25 20:00:00+00:00,13.0,VALID,265.753168,VALID,1.191006,VALID,Online,Resolved: Operating normally
2026-03-25 21:00:00+00:00,13.0,VALID,263.417032,VALID,1.188466,VALID,Online,Resolved: Operating normally
2026-03-25 22:00:00+00:00,13.0,VALID,262.779904,VALID,1.187704,VALID,Online,Resolved: Operating normally
2026-03-25 23:00:00+00:00,12.858333333333334,VALID,262.567528,VALID,1.18745,VALID,Online,Resolved: Operating normally
2026-03-26 00:00:00+00:00,12.566666666666668,VALID,261.505648,VALID,1.18618,VALID,Online,Resolved: Operating normally
2026-03-26 01:00:00+00:00,12.258333333333333,VALID,261.080896,VALID,1.185672,VALID,Online,Resolved: Operating normally
2026-03-26 02:00:00+00:00,12.008333333333333,VALID,261.080896,VALID,1.185672,VALID,Online,Resolved: Operating normally
2026-03-26 03:00:00+00:00,11.841666666666667,VALID,261.080896,VALID,1.185672,VALID,Online,Resolved: Operating normally
2026-03-26 04:00:00+00:00,11.741666666666667,VALID,260.23139199999997,VALID,1.1846560000000002,VALID,Online,Resolved: Operating normally
2026-03-26 05:00:00+00:00,11.699999999999998,VALID,260.019016,VALID,1.1844020000000002,VALID,Online,Resolved: Operating normally
2026-03-26 06:00:00+00:00,11.708333333333334,VALID,260.656144,VALID,1.185164,VALID,Online,Resolved: Operating normally
2026-03-26 07:00:00+00:00,11.800000000000002,VALID,260.23139199999997,VALID,1.1846560000000002,VALID,Online,Resolved: Operating normally
2026-03-26 08:00:00+00:00,11.825000000000001,VALID,258.532384,VALID,1.1826240000000001,VALID,Online,Resolved: Operating normally
2026-03-26 09:00:00+00:00,11.9,VALID,258.74476,VALID,1.182878,VALID,Online,Resolved: Operating normally
2026-03-26 10:00:00+00:00,11.924999999999999,VALID,258.320008,VALID,1.1823700000000001,VALID,Online,Resolved: Operating normally
2026-03-26 11:00:00+00:00,12.0,VALID,258.320008,VALID,1.1823700000000001,VALID,Online,Resolved: Operating normally
2026-03-26 12:00:00+00:00,11.991666666666667,VALID,257.258128,VALID,1.1811,VALID,Online,Resolved: Operating normally
2026-03-26 13:00:00+00:00,11.9,VALID,255.77149599999998,VALID,1.1793220000000002,VALID,Online,Resolved: Operating normally
2026-03-26 14:00:00+00:00,11.975,VALID,254.92199200000002,VALID,1.178306,VALID,Online,Resolved: Operating normally
2026-03-26 15:00:00+00:00,12.108333333333333,VALID,253.860112,VALID,1.177036,VALID,Online,Resolved: Operating normally
2026-03-26 16:00:00+00:00,12.424999999999999,VALID,253.43536000000003,VALID,1.176528,VALID,Online,Resolved: Operating normally
2026-03-26 17:00:00+00:00,12.85,VALID,254.49724,VALID,1.1777980000000001,VALID,Online,Resolved: Operating normally
2026-03-26 18:00:00+00:00,13.375,VALID,253.647736,VALID,1.176782,VALID,Online,Resolved: Operating normally
2026-03-26 19:00:00+00:00,13.808333333333332,VALID,253.43536000000003,VALID,1.176528,VALID,Online,Resolved: Operating normally
2026-03-26 20:00:00+00:00,14.083333333333334,VALID,253.222984,VALID,1.176274,VALID,Online,Resolved: Operating normally
2026-03-26 21:00:00+00:00,14.266666666666666,VALID,252.79823199999998,VALID,1.175766,VALID,Online,Resolved: Operating normally
2026-03-26 22:00:00+00:00,14.4,VALID,251.948728,VALID,1.1747500000000002,VALID,Online,Resolved: Operating normally
2026-03-26 23:00:00+00:00,14.25,VALID,250.886848,VALID,1.17348,VALID,Online,Resolved: Operating normally
2026-03-27 00:00:00+00:00,14.033333333333333,VALID,251.3116,VALID,1.173988,VALID,Online,Resolved: Operating normally
2026-03-27 01:00:00+00:00,13.841666666666667,VALID,250.886848,VALID,1.17348,VALID,Online,Resolved: Operating normally
2026-03-27 02:00:00+00:00,13.674999999999999,VALID,250.886848,VALID,1.17348,VALID,Online,Resolved: Operating normally
2026-03-27 03:00:00+00:00,13.549999999999999,VALID,249.18783999999997,VALID,1.171448,VALID,Online,Resolved: Operating normally
2026-03-27 04:00:00+00:00,13.5,VALID,248.338336,VALID,1.170432,VALID,Online,Resolved: Operating normally
2026-03-27 05:00:00+00:00,13.575000000000001,VALID,247.20566399999998,VALID,1.1689079999999998,VALID,Online,Resolved: Operating normally
2026-03-27 06:00:00+00:00,13.733333333333334,VALID,246.072992,VALID,1.167384,VALID,Online,Resolved: Operating normally
2026-03-27 07:00:00+00:00,13.916666666666666,VALID,245.64824,VALID,1.166876,VALID,Online,Resolved: Operating normally
2026-03-27 08:00:00+00:00,14.116666666666667,VALID,244.37398399999998,VALID,1.1653520000000002,VALID,Online,Resolved: Operating normally
2026-03-27 09:00:00+00:00,14.299999999999999,VALID,243.52447999999995,VALID,1.164336,VALID,Online,Resolved: Operating normally
2026-03-27 10:00:00+00:00,14.450000000000001,VALID,243.31210399999998,VALID,1.164082,VALID,Online,Resolved: Operating normally
2026-03-27 11:00:00+00:00,14.575000000000001,VALID,241.40071999999998,VALID,1.161796,VALID,Online,Resolved: Operating normally
2026-03-27 12:00:00+00:00,14.6,VALID,241.613096,VALID,1.16205,VALID,Online,Resolved: Operating normally
2026-03-27 13:00:00+00:00,14.699999999999998,VALID,242.250224,VALID,1.162812,VALID,Online,Resolved: Operating normally
2026-03-27 14:00:00+00:00,14.699999999999998,VALID,243.31210399999998,VALID,1.164082,VALID,Online,Resolved: Operating normally
2026-03-27 15:00:00+00:00,14.699999999999998,VALID,244.161608,VALID,1.165098,VALID,Online,Resolved: Operating normally
2026-03-27 16:00:00+00:00,14.699999999999998,VALID,243.52447999999995,VALID,1.164336,VALID,Online,Resolved: Operating normally
2026-03-27 17:00:00+00:00,14.699999999999998,VALID,243.736856,VALID,1.16459,VALID,Online,Resolved: Operating normally
2026-03-27 18:00:00+00:00,14.699999999999998,VALID,243.52447999999995,VALID,1.164336,VALID,Online,Resolved: Operating normally
2026-03-27 19:00:00+00:00,14.649999999999999,VALID,242.03784799999997,VALID,1.162558,VALID,Online,Resolved: Operating normally
2026-03-27 20:00:00+00:00,14.6,VALID,240.33884,VALID,1.1605260000000002,VALID,Online,Resolved: Operating normally
2026-03-27 21:00:00+00:00,14.583333333333334,VALID,238.87580533333335,VALID,1.158748,VALID,Online,Resolved: Operating normally
2026-03-27 22:00:00+00:00,14.475,VALID,238.23867733333336,VALID,1.157986,VALID,Online,Resolved: Operating normally
2026-03-27 23:00:00+00:00,14.366666666666667,VALID,238.23867733333336,VALID,1.157986,VALID,Online,Resolved: Operating normally
2026-03-28 00:00:00+00:00,14.233333333333334,VALID,237.67234133333332,VALID,1.157224,VALID,Online,Resolved: Operating normally
2026-03-28 01:00:00+00:00,14.091666666666667,VALID,236.162112,VALID,1.155192,VALID,Online,Resolved: Operating normally
2026-03-28 02:00:00+00:00,13.941666666666668,VALID,237.29478400000002,VALID,1.156716,VALID,Online,Resolved: Operating normally
2026-03-28 03:00:00+00:00,13.783333333333333,VALID,237.10600533333334,VALID,1.156462,VALID,Online,Resolved: Operating normally
2026-03-28 04:00:00+00:00,13.649999999999999,VALID,236.9172266666667,VALID,1.1562080000000001,VALID,Online,Resolved: Operating normally
2026-03-28 05:00:00+00:00,13.491666666666667,VALID,236.3508906666667,VALID,1.155446,VALID,Online,Resolved: Operating normally
2026-03-28 06:00:00+00:00,13.350000000000001,VALID,235.949736,VALID,1.154938,VALID,Online,Resolved: Operating normally
2026-03-28 07:00:00+00:00,13.225,VALID,234.25072799999998,VALID,1.152906,VALID,Online,Resolved: Operating normally
2026-03-28 08:00:00+00:00,13.141666666666666,VALID,234.038352,VALID,1.152652,VALID,Online,Resolved: Operating normally
2026-03-28 09:00:00+00:00,12.975,VALID,230.29281163636367,VALID,1.147572,VALID,Online,Resolved: Operating normally
2026-03-28 10:00:00+00:00,12.791666666666666,VALID,231.12801422222225,VALID,1.148334,VALID,Online,Resolved: Operating normally
2026-03-28 11:00:00+00:00,12.649999999999999,VALID,233.15023418181818,VALID,1.1511280000000002,VALID,Online,Resolved: Operating normally
2026-03-28 12:00:00+00:00,12.475,VALID,232.68686836363634,VALID,1.1513820000000001,VALID,Online,Resolved: Operating normally
2026-03-28 13:00:00+00:00,12.275,VALID,231.773008,VALID,1.149858,VALID,Online,Resolved: Operating normally
2026-03-28 14:00:00+00:00,12.199999999999998,VALID,234.63300479999998,VALID,1.1541759999999999,VALID,Online,Resolved: Operating normally
2026-03-28 15:00:00+00:00,12.241666666666667,VALID,235.878944,VALID,1.153668,VALID,Online,Resolved: Operating normally
2026-03-28 16:00:00+00:00,12.466666666666667,VALID,235.87894400000002,VALID,1.15443,VALID,Online,Resolved: Operating normally
2026-03-28 17:00:00+00:00,12.858333333333334,VALID,235.59577600000003,VALID,1.155192,VALID,Online,Resolved: Operating normally
2026-03-28 18:00:00+00:00,13.299999999999999,VALID,237.3977541818182,VALID,1.156462,VALID,Online,Resolved: Operating normally
2026-03-28 19:00:00+00:00,13.691666666666668,VALID,235.52498400000002,VALID,1.1557000000000002,VALID,Online,Resolved: Operating normally
2026-03-28 20:00:00+00:00,14.0,VALID,234.3781536,VALID,1.153922,VALID,Online,Resolved: Operating normally
2026-03-28 21:00:00+00:00,14.183333333333332,VALID,235.31260799999998,VALID,1.1541759999999999,VALID,Online,Resolved: Operating normally
2026-03-28 22:00:00+00:00,14.183333333333332,VALID,234.77201454545454,VALID,1.15316,VALID,Online,Resolved: Operating normally
2026-03-28 23:00:00+00:00,14.008333333333333,VALID,235.52498400000002,VALID,1.15443,VALID,Online,Resolved: Operating normally
2026-03-29 00:00:00+00:00,13.75,VALID,233.6136,VALID,1.152144,VALID,Online,Resolved: Operating normally
2026-03-29 01:00:00+00:00,13.458333333333334,VALID,233.825976,VALID,1.152398,VALID,Online,Resolved: Operating normally
2026-03-29 02:00:00+00:00,13.075000000000001,VALID,233.6136,VALID,1.152144,VALID,Online,Resolved: Operating normally
2026-03-29 03:00:00+00:00,12.75,VALID,233.825976,VALID,1.152398,VALID,Online,Resolved: Operating normally
2026-03-29 04:00:00+00:00,12.458333333333334,VALID,234.038352,VALID,1.152652,VALID,Online,Resolved: Operating normally
2026-03-29 05:00:00+00:00,12.225,VALID,234.67548,VALID,1.153414,VALID,Online,Resolved: Operating normally
2026-03-29 06:00:00+00:00,12.1,VALID,236.162112,VALID,1.155192,VALID,Online,Resolved: Operating normally
2026-03-29 07:00:00+00:00,12.0,VALID,236.3508906666667,VALID,1.155446,VALID,Online,Resolved: Operating normally
2026-03-29 08:00:00+00:00,12.0,VALID,236.162112,VALID,1.155192,VALID,Online,Resolved: Operating normally
2026-03-29 09:00:00+00:00,12.1,VALID,236.162112,VALID,1.155192,VALID,Online,Resolved: Operating normally
2026-03-29 10:00:00+00:00,12.1,VALID,236.162112,VALID,1.155192,VALID,Online,Resolved: Operating normally
2026-03-29 11:00:00+00:00,12.058333333333332,VALID,237.67234133333332,VALID,1.157224,VALID,Online,Resolved: Operating normally
2026-03-29 12:00:00+00:00,12.0,VALID,238.23867733333336,VALID,1.157986,VALID,Online,Resolved: Operating normally
2026-03-29 13:00:00+00:00,11.933333333333332,VALID,238.23867733333336,VALID,1.157986,VALID,Online,Resolved: Operating normally
2026-03-29 14:00:00+00:00,11.850000000000001,VALID,238.45105333333333,VALID,1.15824,VALID,Online,Resolved: Operating normally
2026-03-29 15:00:00+00:00,11.9,VALID,238.85220800000002,VALID,1.158748,VALID,Online,Resolved: Operating normally
2026-03-29 16:00:00+00:00,12.116666666666667,VALID,238.23867733333336,VALID,1.157986,VALID,Online,Resolved: Operating normally
2026-03-29 17:00:00+00:00,12.466666666666667,VALID,239.70171200000001,VALID,1.159764,VALID,Online,Resolved: Operating normally
2026-03-29 18:00:00+00:00,12.941666666666668,VALID,240.763592,VALID,1.1610340000000001,VALID,Online,Resolved: Operating normally
2026-03-29 19:00:00+00:00,13.325000000000001,VALID,241.825472,VALID,1.162304,VALID,Online,Resolved: Operating normally
2026-03-29 20:00:00+00:00,13.633333333333333,VALID,242.250224,VALID,1.162812,VALID,Online,Resolved: Operating normally
2026-03-29 21:00:00+00:00,13.791666666666666,VALID,241.825472,VALID,1.162304,VALID,Online,Resolved: Operating normally
2026-03-29 22:00:00+00:00,13.766666666666666,VALID,241.40071999999998,VALID,1.161796,VALID,Online,Resolved: Operating normally
2026-03-29 23:00:00+00:00,13.575000000000001,VALID,240.763592,VALID,1.1610340000000001,VALID,Online,Resolved: Operating normally
2026-03-30 00:00:00+00:00,13.291666666666666,VALID,240.975968,VALID,1.161288,VALID,Online,Resolved: Operating normally
2026-03-30 01:00:00+00:00,13.0,VALID,240.763592,VALID,1.1610340000000001,VALID,Online,Resolved: Operating normally
2026-03-30 02:00:00+00:00,12.633333333333333,VALID,242.250224,VALID,1.162812,VALID,Online,Resolved: Operating normally
2026-03-30 03:00:00+00:00,12.333333333333334,VALID,243.31210399999998,VALID,1.164082,VALID,Online,Resolved: Operating normally
2026-03-30 04:00:00+00:00,12.141666666666666,VALID,244.798736,VALID,1.1658600000000001,VALID,Online,Resolved: Operating normally
2026-03-30 05:00:00+00:00,12.033333333333333,VALID,246.072992,VALID,1.167384,VALID,Online,Resolved: Operating normally
2026-03-30 06:00:00+00:00,12.058333333333332,VALID,247.96077866666667,VALID,1.169924,VALID,Online,Resolved: Operating normally
2026-03-30 07:00:00+00:00,12.149999999999999,VALID,249.82496799999998,VALID,1.17221,VALID,Online,Resolved: Operating normally
2026-03-30 08:00:00+00:00,12.258333333333333,VALID,252.161104,VALID,1.1750040000000002,VALID,Online,Resolved: Operating normally
2026-03-30 09:00:00+00:00,12.441666666666668,VALID,253.43536000000003,VALID,1.176528,VALID,Online,Resolved: Operating normally
2026-03-30 10:00:00+00:00,12.558333333333332,VALID,254.92199200000002,VALID,1.178306,VALID,Online,Resolved: Operating normally
2026-03-30 11:00:00+00:00,12.608333333333333,VALID,255.77149599999998,VALID,1.1793220000000002,VALID,Online,Resolved: Operating normally
2026-03-30 12:00:00+00:00,12.699999999999998,VALID,257.258128,VALID,1.1811,VALID,Online,Resolved: Operating normally
2026-03-30 13:00:00+00:00,12.699999999999998,VALID,258.532384,VALID,1.1826240000000001,VALID,Online,Resolved: Operating normally
2026-03-30 14:00:00+00:00,12.6,VALID,260.443768,VALID,1.1849100000000001,VALID,Online,Resolved: Operating normally
2026-03-30 15:00:00+00:00,12.6,VALID,263.204656,VALID,1.188212,VALID,Online,Resolved: Operating normally
2026-03-30 16:00:00+00:00,12.625,VALID,263.65300533333334,VALID,1.18872,VALID,Online,Resolved: Operating normally
2026-03-30 17:00:00+00:00,12.799999999999999,VALID,264.8092746666667,VALID,1.18999,VALID,Online,Resolved: Operating normally
2026-03-30 18:00:00+00:00,13.016666666666666,VALID,265.753168,VALID,1.191006,VALID,Online,Resolved: Operating normally
2026-03-30 19:00:00+00:00,13.333333333333334,VALID,265.045248,VALID,1.190244,VALID,Online,Resolved: Operating normally
2026-03-30 20:00:00+00:00,13.625,VALID,264.8092746666667,VALID,1.18999,VALID,Online,Resolved: Operating normally
2026-03-30 21:00:00+00:00,13.791666666666666,VALID,263.44062933333333,VALID,1.188466,VALID,Online,Resolved: Operating normally
2026-03-30 22:00:00+00:00,13.866666666666667,VALID,263.417032,VALID,1.188466,VALID,Online,Resolved: Operating normally
2026-03-30 23:00:00+00:00,13.816666666666668,VALID,263.2282533333333,VALID,1.188212,VALID,Online,Resolved: Operating normally
2026-03-31 00:00:00+00:00,13.666666666666666,VALID,261.505648,VALID,1.18618,VALID,Online,Resolved: Operating normally
2026-03-31 01:00:00+00:00,13.416666666666666,VALID,260.86852,VALID,1.185418,VALID,Online,Resolved: Operating normally
2026-03-31 02:00:00+00:00,13.191666666666665,VALID,260.019016,VALID,1.1844020000000002,VALID,Online,Resolved: Operating normally
2026-03-31 03:00:00+00:00,13.033333333333333,VALID,258.74476,VALID,1.182878,VALID,Online,Resolved: Operating normally
2026-03-31 04:00:00+00:00,12.933333333333332,VALID,258.532384,VALID,1.1826240000000001,VALID,Online,Resolved: Operating normally
2026-03-31 05:00:00+00:00,12.9,VALID,258.10763199999997,VALID,1.1821160000000002,VALID,Online,Resolved: Operating normally
2026-03-31 06:00:00+00:00,12.941666666666668,VALID,258.74476,VALID,1.182878,VALID,Online,Resolved: Operating normally
2026-03-31 07:00:00+00:00,13.0,VALID,257.258128,VALID,1.1811,VALID,Online,Resolved: Operating normally
2026-03-31 08:00:00+00:00,13.091666666666667,VALID,256.621,VALID,1.180338,VALID,Online,Resolved: Operating normally
2026-03-31 09:00:00+00:00,13.200000000000001,VALID,255.77149599999998,VALID,1.1793220000000002,VALID,Online,Resolved: Operating normally
2026-03-31 10:00:00+00:00,13.300000000000002,VALID,255.77149599999998,VALID,1.1793220000000002,VALID,Online,Resolved: Operating normally
2026-03-31 11:00:00+00:00,13.4,VALID,254.70961599999998,VALID,1.178052,VALID,Online,Resolved: Operating normally
2026-03-31 12:00:00+00:00,13.475,VALID,253.222984,VALID,1.176274,VALID,Online,Resolved: Operating normally
2026-03-31 13:00:00+00:00,13.549999999999999,VALID,252.79823199999998,VALID,1.175766,VALID,Online,Resolved: Operating normally
2026-03-31 14:00:00+00:00,13.666666666666666,VALID,251.948728,VALID,1.1747500000000002,VALID,Online,Resolved: Operating normally
2026-03-31 15:00:00+00:00,13.916666666666666,VALID,251.09922399999996,VALID,1.173734,VALID,Online,Resolved: Operating normally
2026-03-31 16:00:00+00:00,14.308333333333332,VALID,250.886848,VALID,1.17348,VALID,Online,Resolved: Operating normally
2026-03-31 17:00:00+00:00,14.816666666666668,VALID,250.24972,VALID,1.172718,VALID,Online,Resolved: Operating normally
2026-03-31 18:00:00+00:00,15.341666666666667,VALID,250.24972,VALID,1.172718,VALID,Online,Resolved: Operating normally
2026-03-31 19:00:00+00:00,15.791666666666666,VALID,249.42381333333333,VALID,1.171702,VALID,Online,Resolved: Operating normally
2026-03-31 20:00:00+00:00,16.141666666666666,VALID,248.38553066666668,VALID,1.170432,VALID,Online,Resolved: Operating normally
2026-03-31 21:00:00+00:00,16.266666666666666,VALID,247.2292613333333,VALID,1.1689079999999998,VALID,Online,Resolved: Operating normally
2026-03-31 22:00:00+00:00,16.308333333333334,VALID,247.20566399999998,VALID,1.1689079999999998,VALID,Online,Resolved: Operating normally
2026-03-31 23:00:00+00:00,16.258333333333333,VALID,245.435864,VALID,1.166622,VALID,Online,Resolved: Operating normally
2026-04-01 00:00:00+00:00,16.033333333333335,VALID,243.94923199999997,VALID,1.164844,VALID,Online,Resolved: Operating normally
2026-04-01 01:00:00+00:00,15.808333333333335,VALID,243.31210399999998,VALID,1.164082,VALID,Online,Resolved: Operating normally
2026-04-01 02:00:00+00:00,15.6,VALID,242.674976,VALID,1.16332,VALID,Online,Resolved: Operating normally
2026-04-01 03:00:00+00:00,15.441666666666668,VALID,241.613096,VALID,1.16205,VALID,Online,Resolved: Operating normally
2026-04-01 04:00:00+00:00,15.383333333333333,VALID,240.975968,VALID,1.161288,VALID,Online,Resolved: Operating normally
2026-04-01 05:00:00+00:00,15.4,VALID,240.55121599999998,VALID,1.1607800000000001,VALID,Online,Resolved: Operating normally
2026-04-01 06:00:00+00:00,15.458333333333334,VALID,240.33884,VALID,1.1605260000000002,VALID,Online,Resolved: Operating normally
2026-04-01 07:00:00+00:00,15.575000000000001,VALID,239.27696,VALID,1.159256,VALID,Online,Resolved: Operating normally
2026-04-01 08:00:00+00:00,15.741666666666667,VALID,238.23867733333336,VALID,1.157986,VALID,Online,Resolved: Operating normally
2026-04-01 09:00:00+00:00,15.908333333333333,VALID,237.67234133333332,VALID,1.157224,VALID,Online,Resolved: Operating normally
2026-04-01 10:00:00+00:00,16.05,VALID,236.162112,VALID,1.155192,VALID,Online,Resolved: Operating normally
2026-04-01 11:00:00+00:00,16.175,VALID,235.949736,VALID,1.154938,VALID,Online,Resolved: Operating normally
2026-04-01 12:00:00+00:00,16.2,VALID,233.825976,VALID,1.152398,VALID,Online,Resolved: Operating normally
2026-04-01 13:00:00+00:00,16.266666666666666,VALID,233.188848,VALID,1.151636,VALID,Online,Resolved: Operating normally
2026-04-01 14:00:00+00:00,16.341666666666665,VALID,231.277464,VALID,1.14935,VALID,Online,Resolved: Operating normally
2026-04-01 15:00:00+00:00,16.616666666666667,VALID,229.74363733333334,VALID,1.147318,VALID,Online,Resolved: Operating normally
2026-04-01 16:00:00+00:00,17.0,VALID,228.37499200000002,VALID,1.14554,VALID,Online,Resolved: Operating normally
2026-04-01 17:00:00+00:00,17.45,VALID,226.91195733333333,VALID,1.143762,VALID,Online,Resolved: Operating normally
2026-04-01 18:00:00+00:00,17.908333333333335,VALID,227.95024,VALID,1.1450319999999998,VALID,Online,Resolved: Operating normally
2026-04-01 19:00:00+00:00,18.283333333333335,VALID,226.463608,VALID,1.143254,VALID,Online,Resolved: Operating normally
2026-04-01 20:00:00+00:00,18.508333333333333,VALID,226.06245333333334,VALID,1.142746,VALID,Online,Resolved: Operating normally
2026-04-01 21:00:00+00:00,18.633333333333336,VALID,227.73786399999997,VALID,1.1447779999999999,VALID,Online,Resolved: Operating normally
2026-04-01 22:00:00+00:00,18.658333333333335,VALID,227.525488,VALID,1.1445239999999999,VALID,Online,Resolved: Operating normally
2026-04-01 23:00:00+00:00,18.5,VALID,227.10073599999998,VALID,1.144016,VALID,Online,Resolved: Operating normally
2026-04-02 00:00:00+00:00,18.275000000000002,VALID,226.88836,VALID,1.143762,VALID,Online,Resolved: Operating normally
2026-04-02 01:00:00+00:00,18.025000000000002,VALID,228.16261599999999,VALID,1.145286,VALID,Online,Resolved: Operating normally
2026-04-02 02:00:00+00:00,17.825,VALID,228.587368,VALID,1.145794,VALID,Online,Resolved: Operating normally
2026-04-02 03:00:00+00:00,17.625,VALID,227.31311200000002,VALID,1.14427,VALID,Online,Resolved: Operating normally
2026-04-02 04:00:00+00:00,17.441666666666666,VALID,226.251232,VALID,1.143,VALID,Online,Resolved: Operating normally
2026-04-02 05:00:00+00:00,17.341666666666665,VALID,225.87367466666663,VALID,1.142492,VALID,Online,Resolved: Operating normally
2026-04-02 06:00:00+00:00,17.341666666666665,VALID,225.11856,VALID,1.1414760000000002,VALID,Online,Resolved: Operating normally
2026-04-02 07:00:00+00:00,17.4,VALID,224.17466666666667,VALID,1.140206,VALID,Online,Resolved: Operating normally
2026-04-02 08:00:00+00:00,17.525000000000002,VALID,223.77351199999998,VALID,1.139698,VALID,Online,Resolved: Operating normally
2026-04-02 09:00:00+00:00,17.625,VALID,223.561136,VALID,1.1394440000000001,VALID,Online,Resolved: Operating normally
2026-04-02 10:00:00+00:00,17.775000000000002,VALID,223.561136,VALID,1.1394440000000001,VALID,Online,Resolved: Operating normally
2026-04-02 11:00:00+00:00,17.841666666666665,VALID,222.49925599999997,VALID,1.138174,VALID,Online,Resolved: Operating normally
2026-04-02 12:00:00+00:00,17.9,VALID,221.437376,VALID,1.1369040000000001,VALID,Online,Resolved: Operating normally
2026-04-02 13:00:00+00:00,17.9,VALID,221.46097333333333,VALID,1.1369040000000001,VALID,Online,Resolved: Operating normally
2026-04-02 14:00:00+00:00,17.808333333333334,VALID,221.24859733333335,VALID,1.1366500000000002,VALID,Online,Resolved: Operating normally
2026-04-02 15:00:00+00:00,17.775000000000002,VALID,220.1159253333333,VALID,1.1351260000000003,VALID,Online,Resolved: Operating normally
2026-04-02 16:00:00+00:00,17.683333333333334,VALID,219.17203200000003,VALID,1.1338560000000002,VALID,Online,Resolved: Operating normally
2026-04-02 17:00:00+00:00,17.6,VALID,217.85058133333334,VALID,1.1320780000000001,VALID,Online,Resolved: Operating normally
2026-04-02 18:00:00+00:00,17.6,VALID,217.09546666666665,VALID,1.131062,VALID,Online,Resolved: Operating normally
2026-04-02 19:00:00+00:00,17.59166666666667,VALID,216.906688,VALID,1.130808,VALID,Online,Resolved: Operating normally
2026-04-02 20:00:00+00:00,17.583333333333332,VALID,217.85058133333334,VALID,1.1320780000000001,VALID,Online,Resolved: Operating normally
2026-04-02 21:00:00+00:00,17.525000000000002,VALID,218.41691733333334,VALID,1.13284,VALID,Online,Resolved: Operating normally
2026-04-02 22:00:00+00:00,17.5,VALID,219.17203200000003,VALID,1.1338560000000002,VALID,Online,Resolved: Operating normally
2026-04-02 23:00:00+00:00,17.40833333333333,VALID,219.17203200000003,VALID,1.1338560000000002,VALID,Online,Resolved: Operating normally
2026-04-03 00:00:00+00:00,17.275000000000002,VALID,219.92714666666666,VALID,1.1348720000000003,VALID,Online,Resolved: Operating normally
2026-04-03 01:00:00+00:00,17.14166666666667,VALID,221.05981866666664,VALID,1.1363960000000002,VALID,Online,Resolved: Operating normally
2026-04-03 02:00:00+00:00,16.966666666666665,VALID,221.24859733333335,VALID,1.1366500000000002,VALID,Online,Resolved: Operating normally
2026-04-03 03:00:00+00:00,16.791666666666668,VALID,221.437376,VALID,1.1369040000000001,VALID,Online,Resolved: Operating normally
2026-04-03 04:00:00+00:00,16.650000000000002,VALID,221.437376,VALID,1.1369040000000001,VALID,Online,Resolved: Operating normally
2026-04-03 05:00:00+00:00,16.5,VALID,221.437376,VALID,1.1369040000000001,VALID,Online,Resolved: Operating normally
2026-04-03 06:00:00+00:00,16.366666666666664,VALID,221.437376,VALID,1.1369040000000001,VALID,Online,Resolved: Operating normally
2026-04-03 07:00:00+00:00,16.25,VALID,221.437376,VALID,1.1369040000000001,VALID,Online,Resolved: Operating normally
2026-04-03 08:00:00+00:00,16.150000000000002,VALID,221.24859733333335,VALID,1.1366500000000002,VALID,Online,Resolved: Operating normally
2026-04-03 09:00:00+00:00,16.041666666666668,VALID,221.05981866666664,VALID,1.1363960000000002,VALID,Online,Resolved: Operating normally
2026-04-03 10:00:00+00:00,15.958333333333334,VALID,220.49348266666667,VALID,1.1356340000000003,VALID,Online,Resolved: Operating normally
2026-04-03 11:00:00+00:00,15.850000000000001,VALID,218.98325333333332,VALID,1.1336020000000002,VALID,Online,Resolved: Operating normally
2026-04-03 12:00:00+00:00,15.800000000000002,VALID,217.66180266666666,VALID,1.1318240000000002,VALID,Online,Resolved: Operating normally
2026-04-03 13:00:00+00:00,15.708333333333334,VALID,216.694312,VALID,1.130554,VALID,Online,Resolved: Operating normally
2026-04-03 14:00:00+00:00,15.699999999999998,VALID,215.632432,VALID,1.129284,VALID,Online,Resolved: Operating normally
2026-04-03 15:00:00+00:00,15.741666666666667,VALID,214.3817733333333,VALID,1.12776,VALID,Online,Resolved: Operating normally
2026-04-03 16:00:00+00:00,15.816666666666668,VALID,213.41428266666665,VALID,1.12649,VALID,Online,Resolved: Operating normally
2026-04-03 17:00:00+00:00,16.041666666666668,VALID,212.09283199999996,VALID,1.124712,VALID,Online,Resolved: Operating normally
2026-04-03 18:00:00+00:00,16.366666666666667,VALID,210.77138133333332,VALID,1.122934,VALID,Online,Resolved: Operating normally
2026-04-03 19:00:00+00:00,16.691666666666666,VALID,210.393824,VALID,1.122426,VALID,Online,Resolved: Operating normally
2026-04-03 20:00:00+00:00,17.025000000000002,VALID,209.827488,VALID,1.121664,VALID,Online,Resolved: Operating normally
2026-04-03 21:00:00+00:00,17.333333333333332,VALID,210.393824,VALID,1.122426,VALID,Online,Resolved: Operating normally
2026-04-03 22:00:00+00:00,17.566666666666666,VALID,210.96015999999997,VALID,1.123188,VALID,Online,Resolved: Operating normally
2026-04-03 23:00:00+00:00,17.691666666666666,VALID,211.71527466666666,VALID,1.124204,VALID,Online,Resolved: Operating normally
2026-04-04 00:00:00+00:00,17.683333333333334,VALID,212.09283199999996,VALID,1.124712,VALID,Online,Resolved: Operating normally
2026-04-04 01:00:00+00:00,17.55,VALID,212.09283199999996,VALID,1.124712,VALID,Online,Resolved: Operating normally
2026-04-04 02:00:00+00:00,17.341666666666665,VALID,212.09283199999996,VALID,1.124712,VALID,Online,Resolved: Operating normally
2026-04-04 03:00:00+00:00,17.108333333333334,VALID,212.09283199999996,VALID,1.124712,VALID,Online,Resolved: Operating normally
2026-04-04 04:00:00+00:00,16.858333333333334,VALID,212.28161066666667,VALID,1.124966,VALID,Online,Resolved: Operating normally
2026-04-04 05:00:00+00:00,16.724999999999998,VALID,212.09283199999996,VALID,1.124712,VALID,Online,Resolved: Operating normally
2026-04-04 06:00:00+00:00,16.6,VALID,212.09283199999996,VALID,1.124712,VALID,Online,Resolved: Operating normally
2026-04-04 07:00:00+00:00,16.6,VALID,212.28161066666667,VALID,1.124966,VALID,Online,Resolved: Operating normally
2026-04-04 08:00:00+00:00,16.6,VALID,212.09283199999996,VALID,1.124712,VALID,Online,Resolved: Operating normally
2026-04-04 09:00:00+00:00,16.650000000000002,VALID,212.09283199999996,VALID,1.124712,VALID,Online,Resolved: Operating normally
2026-04-04 10:00:00+00:00,16.766666666666666,VALID,211.9040533333333,VALID,1.124458,VALID,Online,Resolved: Operating normally
2026-04-04 11:00:00+00:00,16.90833333333333,VALID,209.827488,VALID,1.121664,VALID,Online,Resolved: Operating normally
2026-04-04 12:00:00+00:00,17.033333333333335,VALID,208.50603733333332,VALID,1.119886,VALID,Online,Resolved: Operating normally
2026-04-04 13:00:00+00:00,17.2,VALID,207.562144,VALID,1.118616,VALID,Online,Resolved: Operating normally
2026-04-04 14:00:00+00:00,17.425,VALID,207.562144,VALID,1.118616,VALID,Online,Resolved: Operating normally
2026-04-04 15:00:00+00:00,17.7,VALID,207.18458666666666,VALID,1.118108,VALID,Online,Resolved: Operating normally
2026-04-04 16:00:00+00:00,18.083333333333332,VALID,207.562144,VALID,1.118616,VALID,Online,Resolved: Operating normally
2026-04-04 17:00:00+00:00,18.525000000000002,VALID,207.75092266666664,VALID,1.11887,VALID,Online,Resolved: Operating normally
2026-04-04 18:00:00+00:00,18.983333333333334,VALID,207.93970133333332,VALID,1.119124,VALID,Online,Resolved: Operating normally
2026-04-04 19:00:00+00:00,19.400000000000002,VALID,209.44993066666666,VALID,1.121156,VALID,Online,Resolved: Operating normally
2026-04-04 20:00:00+00:00,19.708333333333332,VALID,209.07237333333333,VALID,1.120648,VALID,Online,Resolved: Operating normally
2026-04-04 21:00:00+00:00,19.933333333333334,VALID,209.07237333333333,VALID,1.120648,VALID,Online,Resolved: Operating normally
2026-04-04 22:00:00+00:00,20.0,VALID,207.562144,VALID,1.118616,VALID,Online,Resolved: Operating normally
2026-04-04 23:00:00+00:00,19.966666666666665,VALID,205.86313599999997,VALID,1.11633,VALID,Online,Resolved: Operating normally
2026-04-05 00:00:00+00:00,19.75,VALID,205.08442399999998,VALID,1.1153140000000001,VALID,Online,Resolved: Operating normally
2026-04-05 01:00:00+00:00,19.474999999999998,VALID,203.17304000000001,VALID,1.113028,VALID,Online,Resolved: Operating normally
2026-04-05 02:00:00+00:00,19.183333333333334,VALID,203.17304000000001,VALID,1.113028,VALID,Online,Resolved: Operating normally
2026-04-05 03:00:00+00:00,18.933333333333334,VALID,202.96066399999998,VALID,1.112774,VALID,Online,Resolved: Operating normally
2026-04-05 04:00:00+00:00,18.716666666666665,VALID,202.96066399999998,VALID,1.112774,VALID,Online,Resolved: Operating normally
2026-04-05 05:00:00+00:00,18.555555555555557,VALID,202.748288,VALID,1.11252,VALID,Online,Resolved: Operating normally
2026-04-05 06:00:00+00:00,18.4,VALID,202.748288,VALID,1.11252,VALID,Online,Resolved: Operating normally
2026-04-05 07:00:00+00:00,18.375,VALID,202.748288,VALID,1.11252,VALID,Online,Resolved: Operating normally
2026-04-05 08:00:00+00:00,18.349999999999998,VALID,202.37073066666667,VALID,1.112012,VALID,Online,Resolved: Operating normally
2026-04-05 09:00:00+00:00,18.4,VALID,201.99317333333332,VALID,1.111504,VALID,Online,Resolved: Operating normally
2026-04-05 10:00:00+00:00,18.474999999999998,VALID,202.37073066666667,VALID,1.112012,VALID,Online,Resolved: Operating normally
2026-04-05 11:00:00+00:00,18.583333333333332,VALID,202.181952,VALID,1.111758,VALID,Online,Resolved: Operating normally
2026-04-05 12:00:00+00:00,18.708333333333332,VALID,202.394328,VALID,1.112012,VALID,Online,Resolved: Operating normally
2026-04-05 13:00:00+00:00,18.841666666666665,VALID,202.41792533333333,VALID,1.112012,VALID,Online,Resolved: Operating normally
2026-04-05 14:00:00+00:00,18.933333333333334,VALID,202.394328,VALID,1.112012,VALID,Online,Resolved: Operating normally
2026-04-05 15:00:00+00:00,18.925,VALID,205.438384,VALID,1.115822,VALID,Online,Resolved: Operating normally
2026-04-05 16:00:00+00:00,18.9,VALID,207.37336533333334,VALID,1.118362,VALID,Online,Resolved: Operating normally
2026-04-05 17:00:00+00:00,18.95,VALID,211.14893866666668,VALID,1.123442,VALID,Online,Resolved: Operating normally
2026-04-05 18:00:00+00:00,18.925,VALID,213.98061866666663,VALID,1.1272520000000001,VALID,Online,Resolved: Operating normally
2026-04-05 19:00:00+00:00,18.9,VALID,213.225504,VALID,1.126236,VALID,Online,Resolved: Operating normally
2026-04-05 20:00:00+00:00,18.841666666666665,VALID,213.8154373333333,VALID,1.1269980000000002,VALID,Online,Resolved: Operating normally
2026-04-05 21:00:00+00:00,18.8,VALID,213.0367253333333,VALID,1.125982,VALID,Online,Resolved: Operating normally
2026-04-05 22:00:00+00:00,18.691666666666666,VALID,211.71527466666666,VALID,1.124204,VALID,Online,Resolved: Operating normally
2026-04-05 23:00:00+00:00,18.583333333333332,VALID,215.18408266666665,VALID,1.128776,VALID,Online,Resolved: Operating normally
2026-04-06 00:00:00+00:00,18.5,VALID,215.278472,VALID,1.128776,VALID,Online,Resolved: Operating normally
2026-04-06 01:00:00+00:00,18.45,VALID,218.41691733333334,VALID,1.13284,VALID,Online,Resolved: Operating normally
2026-04-06 02:00:00+00:00,18.258333333333333,VALID,219.36081066666668,VALID,1.1341100000000002,VALID,Online,Resolved: Operating normally
2026-04-06 03:00:00+00:00,17.941666666666666,VALID,215.86840533333336,VALID,1.129538,VALID,Online,Resolved: Operating normally
2026-04-06 04:00:00+00:00,17.650000000000002,VALID,216.88309066666667,VALID,1.130808,VALID,Online,Resolved: Operating normally
2026-04-06 05:00:00+00:00,17.433333333333334,VALID,215.44365333333334,VALID,1.12903,VALID,Online,Resolved: Operating normally
2026-04-06 06:00:00+00:00,17.266666666666666,VALID,211.9040533333333,VALID,1.124458,VALID,Online,Resolved: Operating normally
2026-04-06 07:00:00+00:00,17.116666666666667,VALID,212.28161066666667,VALID,1.124966,VALID,Online,Resolved: Operating normally
2026-04-06 08:00:00+00:00,16.958333333333332,VALID,212.47038933333332,VALID,1.1252199999999999,VALID,Online,Resolved: Operating normally
2026-04-06 09:00:00+00:00,16.825,VALID,211.71527466666666,VALID,1.124204,VALID,Online,Resolved: Operating normally
2026-04-06 10:00:00+00:00,16.691666666666666,VALID,211.71527466666666,VALID,1.124204,VALID,Online,Resolved: Operating normally
2026-04-06 11:00:00+00:00,16.6,VALID,211.9040533333333,VALID,1.124458,VALID,Online,Resolved: Operating normally
2026-04-06 12:00:00+00:00,16.525000000000002,VALID,211.71527466666666,VALID,1.124204,VALID,Online,Resolved: Operating normally
2026-04-06 13:00:00+00:00,16.40833333333333,VALID,211.33771733333333,VALID,1.123696,VALID,Online,Resolved: Operating normally
2026-04-06 14:00:00+00:00,16.466666666666665,VALID,210.393824,VALID,1.122426,VALID,Online,Resolved: Operating normally
2026-04-06 15:00:00+00:00,16.666666666666668,VALID,211.9040533333333,VALID,1.124458,VALID,Online,Resolved: Operating normally
2026-04-06 16:00:00+00:00,16.95,VALID,211.92765066666666,VALID,1.124458,VALID,Online,Resolved: Operating normally
2026-04-06 17:00:00+00:00,17.233333333333334,VALID,213.4614773333333,VALID,1.12649,VALID,Online,Resolved: Operating normally
2026-04-06 18:00:00+00:00,17.64166666666667,VALID,214.004216,VALID,1.1272520000000001,VALID,Online,Resolved: Operating normally
2026-04-06 19:00:00+00:00,17.95,VALID,214.004216,VALID,1.1272520000000001,VALID,Online,Resolved: Operating normally
2026-04-06 20:00:00+00:00,18.1,VALID,214.42896799999997,VALID,1.12776,VALID,Online,Resolved: Operating normally
2026-04-06 21:00:00+00:00,18.2,VALID,214.19299466666666,VALID,1.1275060000000001,VALID,Online,Resolved: Operating normally
2026-04-06 22:00:00+00:00,18.158333333333335,VALID,213.79183999999998,VALID,1.1269980000000002,VALID,Online,Resolved: Operating normally
2026-04-06 23:00:00+00:00,17.95,VALID,214.358176,VALID,1.12776,VALID,Online,Resolved: Operating normally
2026-04-07 00:00:00+00:00,17.625,VALID,213.98061866666663,VALID,1.1272520000000001,VALID,Online,Resolved: Operating normally
2026-04-07 01:00:00+00:00,17.308333333333334,VALID,214.16939733333334,VALID,1.1275060000000001,VALID,Online,Resolved: Operating normally
2026-04-07 02:00:00+00:00,17.05,VALID,213.79183999999998,VALID,1.1269980000000002,VALID,Online,Resolved: Operating normally
2026-04-07 03:00:00+00:00,16.75,VALID,213.41428266666665,VALID,1.12649,VALID,Online,Resolved: Operating normally
2026-04-07 04:00:00+00:00,16.491666666666667,VALID,214.16939733333334,VALID,1.1275060000000001,VALID,Online,Resolved: Operating normally
2026-04-07 05:00:00+00:00,16.325,VALID,214.358176,VALID,1.12776,VALID,Online,Resolved: Operating normally
2026-04-07 06:00:00+00:00,16.183333333333334,VALID,214.358176,VALID,1.12776,VALID,Online,Resolved: Operating normally
2026-04-07 07:00:00+00:00,16.1,VALID,214.995304,VALID,1.128522,VALID,Online,Resolved: Operating normally
2026-04-07 08:00:00+00:00,16.1,VALID,216.694312,VALID,1.130554,VALID,Online,Resolved: Operating normally
2026-04-07 09:00:00+00:00,16.1,VALID,216.694312,VALID,1.130554,VALID,Online,Resolved: Operating normally
2026-04-07 10:00:00+00:00,16.1,VALID,217.473024,VALID,1.1315700000000002,VALID,Online,Resolved: Operating normally
2026-04-07 11:00:00+00:00,16.025000000000002,VALID,218.98325333333332,VALID,1.1336020000000002,VALID,Online,Resolved: Operating normally
2026-04-07 12:00:00+00:00,16.0,VALID,218.98325333333332,VALID,1.1336020000000002,VALID,Online,Resolved: Operating normally
2026-04-07 13:00:00+00:00,15.924999999999999,VALID,218.76015127272728,VALID,1.133602,VALID,Online,Resolved: Operating normally
2026-04-07 14:00:00+00:00,15.9,VALID,217.14940342857145,VALID,1.1313160000000002,VALID,Online,Resolved: Operating normally
2026-04-07 15:00:00+00:00,15.991666666666667,VALID,220.68226133333332,VALID,1.1360727272727276,VALID,Online,Resolved: Operating normally
2026-04-07 16:00:00+00:00,16.158333333333335,VALID,221.72054400000002,VALID,1.137412,VALID,Online,Resolved: Operating normally
2026-04-07 17:00:00+00:00,16.45,VALID,221.86212799999998,VALID,1.138174,VALID,Online,Resolved: Operating normally
2026-04-07 18:00:00+00:00,16.825,VALID,226.48720533333332,VALID,1.143254,VALID,Online,Resolved: Operating normally
2026-04-07 19:00:00+00:00,17.133333333333333,VALID,227.34345142857143,VALID,1.145794,VALID,Online,Resolved: Operating normally
2026-04-07 20:00:00+00:00,17.466666666666665,VALID,228.77400145454547,VALID,1.146302,VALID,Online,Resolved: Operating normally
2026-04-07 21:00:00+00:00,17.625,VALID,230.3854848,VALID,1.14808,VALID,Online,Resolved: Operating normally
2026-04-07 22:00:00+00:00,17.633333333333336,VALID,231.8296416,VALID,1.1488420000000001,VALID,Online,Resolved: Operating normally
2026-04-07 23:00:00+00:00,17.474999999999998,VALID,231.99181963636363,VALID,1.149858,VALID,Online,Resolved: Operating normally
2026-04-08 00:00:00+00:00,17.183333333333334,VALID,233.40122399999998,VALID,1.15189,VALID,Online,Resolved: Operating normally
2026-04-08 01:00:00+00:00,16.8,VALID,233.40122399999998,VALID,1.15189,VALID,Online,Resolved: Operating normally
2026-04-08 02:00:00+00:00,16.441666666666666,VALID,233.825976,VALID,1.152398,VALID,Online,Resolved: Operating normally
2026-04-08 03:00:00+00:00,16.008333333333333,VALID,234.67548,VALID,1.153414,VALID,Online,Resolved: Operating normally
2026-04-08 04:00:00+00:00,15.658333333333333,VALID,233.6136,VALID,1.152144,VALID,Online,Resolved: Operating normally
2026-04-08 05:00:00+00:00,15.366666666666667,VALID,233.6136,VALID,1.152144,VALID,Online,Resolved: Operating normally
2026-04-08 06:00:00+00:00,15.149999999999999,VALID,233.6136,VALID,1.152144,VALID,Online,Resolved: Operating normally
2026-04-08 07:00:00+00:00,15.016666666666666,VALID,233.40122399999998,VALID,1.15189,VALID,Online,Resolved: Operating normally
2026-04-08 08:00:00+00:00,14.916666666666666,VALID,232.764096,VALID,1.1511280000000002,VALID,Online,Resolved: Operating normally
2026-04-08 09:00:00+00:00,14.841666666666667,VALID,231.06508799999997,VALID,1.1490960000000001,VALID,Online,Resolved: Operating normally
2026-04-08 10:00:00+00:00,14.800000000000002,VALID,230.87630933333332,VALID,1.1488420000000001,VALID,Online,Resolved: Operating normally
2026-04-08 11:00:00+00:00,14.699999999999998,VALID,229.17730133333336,VALID,1.1465560000000001,VALID,Online,Resolved: Operating normally
2026-04-08 12:00:00+00:00,14.625,VALID,228.587368,VALID,1.145794,VALID,Online,Resolved: Operating normally
2026-04-08 13:00:00+00:00,14.566666666666668,VALID,226.67598399999997,VALID,1.143508,VALID,Online,Resolved: Operating normally
2026-04-08 14:00:00+00:00,14.566666666666668,VALID,226.251232,VALID,1.143,VALID,Online,Resolved: Operating normally
2026-04-08 15:00:00+00:00,14.691666666666668,VALID,226.06245333333334,VALID,1.142746,VALID,Online,Resolved: Operating normally
2026-04-08 16:00:00+00:00,14.966666666666667,VALID,226.06245333333334,VALID,1.142746,VALID,Online,Resolved: Operating normally
2026-04-08 17:00:00+00:00,15.358333333333334,VALID,225.11856,VALID,1.1414760000000002,VALID,Online,Resolved: Operating normally
2026-04-08 18:00:00+00:00,15.783333333333333,VALID,226.06245333333334,VALID,1.142746,VALID,Online,Resolved: Operating normally
2026-04-08 19:00:00+00:00,16.175,VALID,226.251232,VALID,1.143,VALID,Online,Resolved: Operating normally
2026-04-08 20:00:00+00:00,16.45,VALID,226.251232,VALID,1.143,VALID,Online,Resolved: Operating normally
2026-04-08 21:00:00+00:00,16.616666666666667,VALID,226.463608,VALID,1.143254,VALID,Online,Resolved: Operating normally
2026-04-08 22:00:00+00:00,16.6,VALID,226.251232,VALID,1.143,VALID,Online,Resolved: Operating normally
2026-04-08 23:00:00+00:00,16.466666666666665,VALID,225.87367466666663,VALID,1.142492,VALID,Online,Resolved: Operating normally
2026-04-09 00:00:00+00:00,16.183333333333334,VALID,226.06245333333334,VALID,1.142746,VALID,Online,Resolved: Operating normally
2026-04-09 01:00:00+00:00,15.816666666666668,VALID,226.251232,VALID,1.143,VALID,Online,Resolved: Operating normally
2026-04-09 02:00:00+00:00,15.450000000000001,VALID,226.06245333333334,VALID,1.142746,VALID,Online,Resolved: Operating normally
2026-04-09 03:00:00+00:00,15.016666666666666,VALID,223.96229066666663,VALID,1.139952,VALID,Online,Resolved: Operating normally
2026-04-09 04:00:00+00:00,14.658333333333333,VALID,223.98588800000002,VALID,1.139952,VALID,Online,Resolved: Operating normally
2026-04-09 05:00:00+00:00,14.4,VALID,221.649752,VALID,1.1371580000000001,VALID,Online,Resolved: Operating normally
2026-04-09 06:00:00+00:00,14.25,VALID,221.24859733333335,VALID,1.1366500000000002,VALID,Online,Resolved: Operating normally
2026-04-09 07:00:00+00:00,14.199999999999998,VALID,221.24859733333335,VALID,1.1366500000000002,VALID,Online,Resolved: Operating normally
2026-04-09 08:00:00+00:00,14.199999999999998,VALID,221.05981866666664,VALID,1.1363960000000002,VALID,Online,Resolved: Operating normally
2026-04-09 09:00:00+00:00,14.199999999999998,VALID,219.738368,VALID,1.1346180000000001,VALID,Online,Resolved: Operating normally
2026-04-09 10:00:00+00:00,14.291666666666666,VALID,218.98325333333332,VALID,1.1336020000000002,VALID,Online,Resolved: Operating normally
2026-04-09 11:00:00+00:00,14.300000000000002,VALID,217.66180266666666,VALID,1.1318240000000002,VALID,Online,Resolved: Operating normally
2026-04-09 12:00:00+00:00,14.375,VALID,216.906688,VALID,1.130808,VALID,Online,Resolved: Operating normally
2026-04-09 13:00:00+00:00,14.4,VALID,214.358176,VALID,1.12776,VALID,Online,Resolved: Operating normally
2026-04-09 14:00:00+00:00,14.491666666666667,VALID,212.659168,VALID,1.1254739999999999,VALID,Online,Resolved: Operating normally
2026-04-09 15:00:00+00:00,14.666666666666666,VALID,212.09283199999996,VALID,1.124712,VALID,Online,Resolved: Operating normally
2026-04-09 16:00:00+00:00,14.916666666666666,VALID,210.58260266666665,VALID,1.12268,VALID,Online,Resolved: Operating normally
2026-04-09 17:00:00+00:00,15.25,VALID,210.20504533333335,VALID,1.122172,VALID,Online,Resolved: Operating normally
2026-04-09 18:00:00+00:00,15.65,VALID,209.6387093333333,VALID,1.12141,VALID,Online,Resolved: Operating normally
2026-04-09 19:00:00+00:00,16.008333333333333,VALID,209.07237333333333,VALID,1.120648,VALID,Online,Resolved: Operating normally
2026-04-09 20:00:00+00:00,16.3,VALID,207.93970133333332,VALID,1.119124,VALID,Online,Resolved: Operating normally
2026-04-09 21:00:00+00:00,16.474999999999998,VALID,207.562144,VALID,1.118616,VALID,Online,Resolved: Operating normally
2026-04-09 22:00:00+00:00,16.5,VALID,206.53244218181817,VALID,1.1172305454545457,VALID,Online,Resolved: Operating normally
2026-04-09 23:00:00+00:00,16.4,VALID,204.93272685714285,VALID,1.1151325714285716,VALID,Online,Resolved: Operating normally
2026-04-10 00:00:00+00:00,16.216666666666665,VALID,203.385416,VALID,1.113282,VALID,Online,Resolved: Operating normally
2026-04-10 01:00:00+00:00,15.991666666666667,VALID,202.96066399999998,VALID,1.112774,VALID,Online,Resolved: Operating normally
2026-04-10 02:00:00+00:00,15.683333333333332,VALID,202.96066399999998,VALID,1.112774,VALID,Online,Resolved: Operating normally
2026-04-10 03:00:00+00:00,15.366666666666667,VALID,203.17304000000001,VALID,1.113028,VALID,Online,Resolved: Operating normally
2026-04-10 04:00:00+00:00,15.058333333333332,VALID,202.55950933333335,VALID,1.112266,VALID,Online,Resolved: Operating normally
2026-04-10 05:00:00+00:00,14.775,VALID,202.748288,VALID,1.11252,VALID,Online,Resolved: Operating normally
2026-04-10 06:00:00+00:00,14.549999999999999,VALID,202.37073066666667,VALID,1.112012,VALID,Online,Resolved: Operating normally
2026-04-10 07:00:00+00:00,14.416666666666666,VALID,202.55950933333335,VALID,1.112266,VALID,Online,Resolved: Operating normally
2026-04-10 08:00:00+00:00,14.333333333333334,VALID,202.181952,VALID,1.111758,VALID,Online,Resolved: Operating normally
2026-04-10 09:00:00+00:00,14.300000000000002,VALID,200.482944,VALID,1.109472,VALID,Online,Resolved: Operating normally
2026-04-10 10:00:00+00:00,14.341666666666667,VALID,200.29416533333335,VALID,1.109218,VALID,Online,Resolved: Operating normally
2026-04-10 11:00:00+00:00,14.4,VALID,199.53905066666667,VALID,1.1082020000000001,VALID,Online,Resolved: Operating normally
2026-04-10 12:00:00+00:00,14.5,VALID,198.21760000000003,VALID,1.106424,VALID,Online,Resolved: Operating normally
2026-04-10 13:00:00+00:00,14.558333333333332,VALID,198.21760000000003,VALID,1.106424,VALID,Online,Resolved: Operating normally
2026-04-10 14:00:00+00:00,14.808333333333335,VALID,197.46248533333335,VALID,1.105408,VALID,Online,Resolved: Operating normally
2026-04-10 15:00:00+00:00,15.025,VALID,195.38592000000003,VALID,1.1026140000000002,VALID,Online,Resolved: Operating normally
2026-04-10 16:00:00+00:00,15.383333333333333,VALID,194.4420266666667,VALID,1.101344,VALID,Online,Resolved: Operating normally
2026-04-10 17:00:00+00:00,15.833333333333334,VALID,192.20028,VALID,1.098042,VALID,Online,Resolved: Operating normally
2026-04-10 18:00:00+00:00,16.3,VALID,191.704736,VALID,1.09728,VALID,Online,Resolved: Operating normally
2026-04-10 19:00:00+00:00,16.724999999999998,VALID,191.32717866666667,VALID,1.096772,VALID,Online,Resolved: Operating normally
2026-04-10 20:00:00+00:00,17.141666666666666,VALID,190.19450666666668,VALID,1.095248,VALID,Online,Resolved: Operating normally
2026-04-10 21:00:00+00:00,17.383333333333333,VALID,189.439392,VALID,1.094232,VALID,Online,Resolved: Operating normally
2026-04-10 22:00:00+00:00,17.474999999999998,VALID,189.439392,VALID,1.094232,VALID,Online,Resolved: Operating normally
2026-04-10 23:00:00+00:00,17.45,VALID,189.06183466666667,VALID,1.0937240000000001,VALID,Online,Resolved: Operating normally
2026-04-11 00:00:00+00:00,17.308333333333334,VALID,189.25061333333335,VALID,1.0939780000000001,VALID,Online,Resolved: Operating normally
2026-04-11 01:00:00+00:00,17.125,VALID,189.25061333333335,VALID,1.0939780000000001,VALID,Online,Resolved: Operating normally
2026-04-11 02:00:00+00:00,16.891666666666666,VALID,189.25061333333335,VALID,1.0939780000000001,VALID,Online,Resolved: Operating normally
2026-04-11 03:00:00+00:00,16.633333333333333,VALID,190.19450666666668,VALID,1.095248,VALID,Online,Resolved: Operating normally
2026-04-11 04:00:00+00:00,16.391666666666666,VALID,189.98213066666665,VALID,1.094994,VALID,Online,Resolved: Operating normally
2026-04-11 05:00:00+00:00,16.175,VALID,191.51595733333332,VALID,1.097026,VALID,Online,Resolved: Operating normally
2026-04-11 06:00:00+00:00,15.983333333333334,VALID,191.704736,VALID,1.09728,VALID,Online,Resolved: Operating normally
2026-04-11 07:00:00+00:00,15.841666666666667,VALID,191.704736,VALID,1.09728,VALID,Online,Resolved: Operating normally
2026-04-11 08:00:00+00:00,15.800000000000002,VALID,191.51595733333332,VALID,1.097026,VALID,Online,Resolved: Operating normally
2026-04-11 09:00:00+00:00,15.800000000000002,VALID,190.19450666666668,VALID,1.095248,VALID,Online,Resolved: Operating normally
2026-04-11 10:00:00+00:00,15.833333333333334,VALID,189.81694933333333,VALID,1.09474,VALID,Online,Resolved: Operating normally
2026-04-11 11:00:00+00:00,15.950000000000001,VALID,189.25061333333335,VALID,1.0939780000000001,VALID,Online,Resolved: Operating normally
2026-04-11 12:00:00+00:00,16.083333333333332,VALID,188.873056,VALID,1.0934700000000002,VALID,Online,Resolved: Operating normally
2026-04-11 13:00:00+00:00,16.116666666666667,VALID,183.25689066666666,VALID,1.08585,VALID,Online,Resolved: Operating normally
2026-04-11 14:00:00+00:00,16.258333333333333,VALID,183.09170933333334,VALID,1.085596,VALID,Online,Resolved: Operating normally
2026-04-11 15:00:00+00:00,16.491666666666667,VALID,182.00623199999998,VALID,1.0840720000000001,VALID,Online,Resolved: Operating normally
2026-04-11 16:00:00+00:00,16.825,VALID,182.17141333333333,VALID,1.0843260000000001,VALID,Online,Resolved: Operating normally
2026-04-11 17:00:00+00:00,17.308333333333334,VALID,181.46349333333333,VALID,1.08331,VALID,Online,Resolved: Operating normally
2026-04-11 18:00:00+00:00,17.791666666666668,VALID,180.82636533333334,VALID,1.0822939999999999,VALID,Online,Resolved: Operating normally
2026-04-11 19:00:00+00:00,18.224999999999998,VALID,180.04765333333333,VALID,1.081278,VALID,Online,Resolved: Operating normally
2026-04-11 20:00:00+00:00,18.558333333333334,VALID,179.15095466666665,VALID,1.080008,VALID,Online,Resolved: Operating normally
2026-04-11 21:00:00+00:00,18.75,VALID,177.07438933333333,VALID,1.07696,VALID,Online,Resolved: Operating normally
2026-04-11 22:00:00+00:00,18.9,VALID,176.22488533333333,VALID,1.07569,VALID,Online,Resolved: Operating normally
2026-04-11 23:00:00+00:00,18.816666666666666,VALID,174.714656,VALID,1.073658,VALID,Online,Resolved: Operating normally
2026-04-12 00:00:00+00:00,18.625,VALID,173.98313866666663,VALID,1.072642,VALID,Online,Resolved: Operating normally
2026-04-12 01:00:00+00:00,18.391666666666666,VALID,173.8179573333333,VALID,1.0723880000000001,VALID,Online,Resolved: Operating normally
2026-04-12 02:00:00+00:00,18.150000000000002,VALID,173.98313866666663,VALID,1.072642,VALID,Online,Resolved: Operating normally
2026-04-12 03:00:00+00:00,17.916666666666668,VALID,174.14831999999998,VALID,1.072896,VALID,Online,Resolved: Operating normally
2026-04-12 04:00:00+00:00,17.683333333333334,VALID,174.52587733333334,VALID,1.073404,VALID,Online,Resolved: Operating normally
2026-04-12 05:00:00+00:00,17.433333333333334,VALID,174.33709866666663,VALID,1.07315,VALID,Online,Resolved: Operating normally
2026-04-12 06:00:00+00:00,17.191666666666666,VALID,174.14831999999998,VALID,1.072896,VALID,Online,Resolved: Operating normally
2026-04-12 07:00:00+00:00,16.958333333333332,VALID,174.14831999999998,VALID,1.072896,VALID,Online,Resolved: Operating normally
2026-04-12 08:00:00+00:00,16.766666666666666,VALID,174.14831999999998,VALID,1.072896,VALID,Online,Resolved: Operating normally
2026-04-12 09:00:00+00:00,16.608333333333334,VALID,174.14831999999998,VALID,1.072896,VALID,Online,Resolved: Operating normally
2026-04-12 10:00:00+00:00,16.525000000000002,VALID,174.14831999999998,VALID,1.072896,VALID,Online,Resolved: Operating normally
2026-04-12 11:00:00+00:00,16.608333333333334,VALID,174.14831999999998,VALID,1.072896,VALID,Online,Resolved: Operating normally
2026-04-12 12:00:00+00:00,16.733333333333334,VALID,173.157232,VALID,1.071372,VALID,Online,Resolved: Operating normally
2026-04-12 13:00:00+00:00,16.95,VALID,172.49650666666665,VALID,1.070356,VALID,Online,Resolved: Operating normally
2026-04-12 14:00:00+00:00,17.183333333333334,VALID,172.33132533333333,VALID,1.0701019999999999,VALID,Online,Resolved: Operating normally
2026-04-12 15:00:00+00:00,17.441666666666666,VALID,171.97736533333332,VALID,1.069594,VALID,Online,Resolved: Operating normally
2026-04-12 16:00:00+00:00,17.758333333333333,VALID,171.22225066666667,VALID,1.0685779999999998,VALID,Online,Resolved: Operating normally
2026-04-12 17:00:00+00:00,18.116666666666667,VALID,170.08957866666665,VALID,1.067054,VALID,Online,Resolved: Operating normally
2026-04-12 18:00:00+00:00,18.474999999999998,VALID,169.405256,VALID,1.066038,VALID,Online,Resolved: Operating normally
2026-04-12 19:00:00+00:00,18.816666666666666,VALID,169.2400746666667,VALID,1.065784,VALID,Online,Resolved: Operating normally
2026-04-12 20:00:00+00:00,19.075,VALID,168.57934933333334,VALID,1.064768,VALID,Online,Resolved: Operating normally
2026-04-12 21:00:00+00:00,19.233333333333334,VALID,167.54106666666667,VALID,1.063244,VALID,Online,Resolved: Operating normally
2026-04-12 22:00:00+00:00,19.25,VALID,165.48809866666667,VALID,1.0604500000000001,VALID,Online,Resolved: Operating normally
2026-04-12 23:00:00+00:00,19.125,VALID,164.66219199999998,VALID,1.0591800000000002,VALID,Online,Resolved: Operating normally
2026-04-13 00:00:00+00:00,18.916666666666668,VALID,163.3407413333333,VALID,1.057148,VALID,Online,Resolved: Operating normally
2026-04-13 01:00:00+00:00,18.691666666666666,VALID,162.34965333333332,VALID,1.0556240000000001,VALID,Online,Resolved: Operating normally
2026-04-13 02:00:00+00:00,18.375,VALID,161.85410933333333,VALID,1.054862,VALID,Online,Resolved: Operating normally
2026-04-13 03:00:00+00:00,18.116666666666667,VALID,161.688928,VALID,1.054608,VALID,Online,Resolved: Operating normally
2026-04-13 04:00:00+00:00,17.900000000000002,VALID,161.52374666666665,VALID,1.054354,VALID,Online,Resolved: Operating normally
2026-04-13 05:00:00+00:00,17.683333333333334,VALID,159.706752,VALID,1.05156,VALID,Online,Resolved: Operating normally
2026-04-13 06:00:00+00:00,17.5,VALID,160.202296,VALID,1.052322,VALID,Online,Resolved: Operating normally
2026-04-13 07:00:00+00:00,17.341666666666665,VALID,161.02820266666666,VALID,1.053592,VALID,Online,Resolved: Operating normally
2026-04-13 08:00:00+00:00,17.2,VALID,159.706752,VALID,1.05156,VALID,Online,Resolved: Operating normally
2026-04-13 09:00:00+00:00,17.191666666666666,VALID,159.706752,VALID,1.05156,VALID,Online,Resolved: Operating normally
2026-04-13 10:00:00+00:00,17.2,VALID,159.706752,VALID,1.05156,VALID,Online,Resolved: Operating normally
2026-04-13 11:00:00+00:00,17.316666666666666,VALID,158.88084533333333,VALID,1.0502900000000002,VALID,Online,Resolved: Operating normally
2026-04-13 12:00:00+00:00,17.516666666666666,VALID,159.04602666666665,VALID,1.0505440000000001,VALID,Online,Resolved: Operating normally
2026-04-13 13:00:00+00:00,17.766666666666666,VALID,158.05493866666666,VALID,1.04902,VALID,Online,Resolved: Operating normally
2026-04-13 14:00:00+00:00,18.041666666666668,VALID,158.22011999999998,VALID,1.049274,VALID,Online,Resolved: Operating normally
2026-04-13 15:00:00+00:00,18.400000000000002,VALID,158.22011999999998,VALID,1.049274,VALID,Online,Resolved: Operating normally
2026-04-13 16:00:00+00:00,18.59166666666667,VALID,157.72457599999998,VALID,1.048512,VALID,Online,Resolved: Operating normally
2026-04-13 17:00:00+00:00,18.650000000000002,VALID,158.05493866666666,VALID,1.04902,VALID,Online,Resolved: Operating normally
2026-04-13 18:00:00+00:00,19.0,VALID,158.71566399999998,VALID,1.0500360000000002,VALID,Online,Resolved: Operating normally
2026-04-13 19:00:00+00:00,19.2,VALID,157.88975733333334,VALID,1.048766,VALID,Online,Resolved: Operating normally
2026-04-13 20:00:00+00:00,19.416666666666668,VALID,157.88975733333334,VALID,1.048766,VALID,Online,Resolved: Operating normally
2026-04-13 21:00:00+00:00,19.40833333333333,VALID,156.89866933333334,VALID,1.047242,VALID,Online,Resolved: Operating normally
2026-04-13 22:00:00+00:00,19.4,VALID,156.40312533333335,VALID,1.04648,VALID,Online,Resolved: Operating normally
2026-04-13 23:00:00+00:00,19.349999999999998,VALID,155.90758133333333,VALID,1.0457180000000001,VALID,Online,Resolved: Operating normally
2026-04-14 00:00:00+00:00,19.275000000000002,VALID,155.57721866666665,VALID,1.0452100000000002,VALID,Online,Resolved: Operating normally
2026-04-14 01:00:00+00:00,19.175,VALID,154.09058666666667,VALID,1.042924,VALID,Online,Resolved: Operating normally
2026-04-14 02:00:00+00:00,19.008333333333333,VALID,153.760224,VALID,1.042416,VALID,Online,Resolved: Operating normally
2026-04-14 03:00:00+00:00,18.841666666666665,VALID,153.42986133333332,VALID,1.041908,VALID,Online,Resolved: Operating normally
2026-04-14 04:00:00+00:00,18.708333333333332,VALID,152.60395466666665,VALID,1.0406380000000002,VALID,Online,Resolved: Operating normally
2026-04-14 05:00:00+00:00,18.583333333333332,VALID,151.77804799999998,VALID,1.039368,VALID,Online,Resolved: Operating normally
2026-04-14 06:00:00+00:00,18.458333333333332,VALID,151.282504,VALID,1.0386060000000001,VALID,Online,Resolved: Operating normally
2026-04-14 07:00:00+00:00,18.341666666666665,VALID,150.78696,VALID,1.037844,VALID,Online,Resolved: Operating normally
2026-04-14 08:00:00+00:00,18.208333333333332,VALID,149.795872,VALID,1.0363200000000001,VALID,Online,Resolved: Operating normally
2026-04-14 09:00:00+00:00,18.14166666666667,VALID,149.63069066666665,VALID,1.0360660000000002,VALID,Online,Resolved: Operating normally
2026-04-14 10:00:00+00:00,18.1,VALID,149.795872,VALID,1.0363200000000001,VALID,Online,Resolved: Operating normally
2026-04-14 11:00:00+00:00,18.1,VALID,148.63960266666666,VALID,1.0345420000000003,VALID,Online,Resolved: Operating normally
2026-04-14 12:00:00+00:00,18.150000000000002,VALID,148.47442133333334,VALID,1.034288,VALID,Online,Resolved: Operating normally
2026-04-14 13:00:00+00:00,18.341666666666665,VALID,148.63960266666666,VALID,1.0345420000000003,VALID,Online,Resolved: Operating normally
2026-04-14 14:00:00+00:00,18.533333333333335,VALID,148.47442133333334,VALID,1.034288,VALID,Online,Resolved: Operating normally
2026-04-14 15:00:00+00:00,18.816666666666666,VALID,149.13514666666666,VALID,1.0353040000000002,VALID,Online,Resolved: Operating normally
2026-04-14 16:00:00+00:00,19.3,VALID,149.46550933333333,VALID,1.0358120000000002,VALID,Online,Resolved: Operating normally
2026-04-14 17:00:00+00:00,19.658333333333335,VALID,148.96996533333333,VALID,1.0350500000000002,VALID,Online,Resolved: Operating normally
2026-04-14 18:00:00+00:00,20.05,VALID,149.46550933333333,VALID,1.0358120000000002,VALID,Online,Resolved: Operating normally
2026-04-14 19:00:00+00:00,20.383333333333333,VALID,150.12623466666665,VALID,1.036828,VALID,Online,Resolved: Operating normally
2026-04-14 20:00:00+00:00,20.716666666666665,VALID,151.282504,VALID,1.0386060000000001,VALID,Online,Resolved: Operating normally
2026-04-14 21:00:00+00:00,20.8,VALID,151.94322933333333,VALID,1.039622,VALID,Online,Resolved: Operating normally
2026-04-14 22:00:00+00:00,20.8,VALID,151.61286666666663,VALID,1.039114,VALID,Online,Resolved: Operating normally
2026-04-14 23:00:00+00:00,20.783333333333335,VALID,150.291416,VALID,1.037082,VALID,Online,Resolved: Operating normally
2026-04-15 00:00:00+00:00,20.641666666666666,VALID,149.46550933333333,VALID,1.0358120000000002,VALID,Online,Resolved: Operating normally
2026-04-15 01:00:00+00:00,20.408333333333335,VALID,148.14405866666667,VALID,1.0337800000000001,VALID,Online,Resolved: Operating normally
2026-04-15 02:00:00+00:00,20.166666666666668,VALID,148.14405866666667,VALID,1.0337800000000001,VALID,Online,Resolved: Operating normally
2026-04-15 03:00:00+00:00,19.983333333333334,VALID,146.16188266666668,VALID,1.0307320000000002,VALID,Online,Resolved: Operating normally
2026-04-15 04:00:00+00:00,19.883333333333333,VALID,145.6663386666667,VALID,1.02997,VALID,Online,Resolved: Operating normally
2026-04-15 05:00:00+00:00,19.75,VALID,144.840432,VALID,1.0287,VALID,Online,Resolved: Operating normally
2026-04-15 06:00:00+00:00,19.608333333333334,VALID,143.849344,VALID,1.027176,VALID,Online,Resolved: Operating normally
2026-04-15 07:00:00+00:00,19.5,VALID,143.849344,VALID,1.027176,VALID,Online,Resolved: Operating normally
2026-04-15 08:00:00+00:00,19.40833333333333,VALID,143.849344,VALID,1.027176,VALID,Online,Resolved: Operating normally
2026-04-15 09:00:00+00:00,19.325,VALID,143.849344,VALID,1.027176,VALID,Online,Resolved: Operating normally
2026-04-15 10:00:00+00:00,19.233333333333334,VALID,143.51898133333333,VALID,1.0266680000000001,VALID,Online,Resolved: Operating normally
2026-04-15 11:00:00+00:00,19.2,VALID,142.858256,VALID,1.025652,VALID,Online,Resolved: Operating normally
2026-04-15 12:00:00+00:00,19.349999999999998,VALID,141.89076533333332,VALID,1.024128,VALID,Online,Resolved: Operating normally
2026-04-15 13:00:00+00:00,19.733333333333334,VALID,141.58399999999997,VALID,1.02362,VALID,Online,Resolved: Operating normally
2026-04-15 14:00:00+00:00,20.266666666666666,VALID,140.87608,VALID,1.02235,VALID,Online,Resolved: Operating normally
2026-04-15 15:00:00+00:00,20.808333333333334,VALID,140.734496,VALID,1.0220960000000001,VALID,Online,Resolved: Operating normally
2026-04-15 16:00:00+00:00,21.275000000000002,VALID,139.97938133333332,VALID,1.020826,VALID,Online,Resolved: Operating normally
2026-04-15 17:00:00+00:00,21.75,VALID,139.17707199999998,VALID,1.019556,VALID,Online,Resolved: Operating normally
2026-04-15 18:00:00+00:00,22.108333333333334,VALID,138.681528,VALID,1.018794,VALID,Online,Resolved: Operating normally
2026-04-15 19:00:00+00:00,22.366666666666664,VALID,137.36007733333335,VALID,1.0167620000000002,VALID,Online,Resolved: Operating normally
2026-04-15 20:00:00+00:00,22.625,VALID,136.203808,VALID,1.014984,VALID,Online,Resolved: Operating normally
2026-04-15 21:00:00+00:00,22.650000000000002,VALID,135.495888,VALID,1.013714,VALID,Online,Resolved: Operating normally
2026-04-15 22:00:00+00:00,22.575000000000003,VALID,135.071136,VALID,1.012952,VALID,Online,Resolved: Operating normally
2026-04-15 23:00:00+00:00,22.416666666666668,VALID,134.17443733333332,VALID,1.011428,VALID,Online,Resolved: Operating normally
2026-04-16 00:00:00+00:00,22.266666666666666,VALID,133.84407466666667,VALID,1.0109199999999998,VALID,Online,Resolved: Operating normally
2026-04-16 01:00:00+00:00,22.150000000000002,VALID,132.522624,VALID,1.008888,VALID,Online,Resolved: Operating normally
2026-04-16 02:00:00+00:00,22.025000000000002,VALID,132.522624,VALID,1.008888,VALID,Online,Resolved: Operating normally
2026-04-16 03:00:00+00:00,21.84166666666667,VALID,132.522624,VALID,1.008888,VALID,Online,Resolved: Operating normally
2026-04-16 04:00:00+00:00,21.633333333333336,VALID,133.34853066666668,VALID,1.010158,VALID,Online,Resolved: Operating normally
2026-04-16 05:00:00+00:00,21.458333333333332,VALID,134.33961866666667,VALID,1.011682,VALID,Online,Resolved: Operating normally
2026-04-16 06:00:00+00:00,21.366666666666664,VALID,135.071136,VALID,1.012952,VALID,Online,Resolved: Operating normally
2026-04-16 07:00:00+00:00,21.233333333333334,VALID,136.22740533333334,VALID,1.014984,VALID,Online,Resolved: Operating normally
2026-04-16 08:00:00+00:00,21.116666666666667,VALID,137.194896,VALID,1.0165080000000002,VALID,Online,Resolved: Operating normally
2026-04-16 09:00:00+00:00,20.983333333333334,VALID,137.85562133333335,VALID,1.017524,VALID,Online,Resolved: Operating normally
2026-04-16 10:00:00+00:00,20.866666666666664,VALID,138.35116533333334,VALID,1.018286,VALID,Online,Resolved: Operating normally
2026-04-16 11:00:00+00:00,20.775000000000002,VALID,138.681528,VALID,1.018794,VALID,Online,Resolved: Operating normally
2026-04-16 12:00:00+00:00,20.775000000000002,VALID,138.681528,VALID,1.018794,VALID,Online,Resolved: Operating normally
2026-04-16 13:00:00+00:00,21.099999999999998,VALID,138.84670933333334,VALID,1.019048,VALID,Online,Resolved: Operating normally
2026-04-16 14:00:00+00:00,21.55,VALID,138.35116533333334,VALID,1.018286,VALID,Online,Resolved: Operating normally
2026-04-16 15:00:00+00:00,22.008333333333336,VALID,138.185984,VALID,1.018032,VALID,Online,Resolved: Operating normally
2026-04-16 16:00:00+00:00,22.383333333333336,VALID,138.185984,VALID,1.018032,VALID,Online,Resolved: Operating normally
2026-04-16 17:00:00+00:00,22.791666666666668,VALID,138.02080266666667,VALID,1.017778,VALID,Online,Resolved: Operating normally
2026-04-16 18:00:00+00:00,23.133333333333336,VALID,137.69044,VALID,1.0172700000000001,VALID,Online,Resolved: Operating normally
2026-04-16 19:00:00+00:00,23.400000000000002,VALID,137.85562133333335,VALID,1.017524,VALID,Online,Resolved: Operating normally
2026-04-16 20:00:00+00:00,23.625,VALID,137.02971466666668,VALID,1.0162540000000002,VALID,Online,Resolved: Operating normally
2026-04-16 21:00:00+00:00,23.758333333333336,VALID,136.08582133333334,VALID,1.0147300000000001,VALID,Online,Resolved: Operating normally
2026-04-16 22:00:00+00:00,23.858333333333334,VALID,136.53417066666668,VALID,1.015492,VALID,Online,Resolved: Operating normally
2026-04-16 23:00:00+00:00,23.849999999999998,VALID,136.203808,VALID,1.014984,VALID,Online,Resolved: Operating normally
2026-04-17 00:00:00+00:00,23.741666666666664,VALID,134.929552,VALID,1.012698,VALID,Online,Resolved: Operating normally
2026-04-17 01:00:00+00:00,23.483333333333334,VALID,135.35430399999998,VALID,1.01346,VALID,Online,Resolved: Operating normally
2026-04-17 02:00:00+00:00,23.241666666666664,VALID,135.779056,VALID,1.014222,VALID,Online,Resolved: Operating normally
2026-04-17 03:00:00+00:00,23.041666666666668,VALID,135.637472,VALID,1.013968,VALID,Online,Resolved: Operating normally
2026-04-17 04:00:00+00:00,22.84166666666667,VALID,134.64638399999998,VALID,1.01219,VALID,Online,Resolved: Operating normally
2026-04-17 05:00:00+00:00,22.65833333333333,VALID,133.513712,VALID,1.0104119999999999,VALID,Online,Resolved: Operating normally
2026-04-17 06:00:00+00:00,22.525000000000002,VALID,130.56404533333333,VALID,1.00584,VALID,Online,Resolved: Operating normally
2026-04-17 07:00:00+00:00,22.391666666666666,VALID,130.540448,VALID,1.00584,VALID,Online,Resolved: Operating normally
2026-04-17 08:00:00+00:00,22.275000000000002,VALID,130.11569599999999,VALID,1.0050780000000001,VALID,Online,Resolved: Operating normally
2026-04-17 09:00:00+00:00,22.183333333333334,VALID,130.11569599999999,VALID,1.0050780000000001,VALID,Online,Resolved: Operating normally
2026-04-17 10:00:00+00:00,22.058333333333334,VALID,129.26619200000002,VALID,1.003554,VALID,Online,Resolved: Operating normally
2026-04-17 11:00:00+00:00,22.008333333333336,VALID,128.983024,VALID,1.003046,VALID,Online,Resolved: Operating normally
2026-04-17 12:00:00+00:00,22.166666666666668,VALID,128.84144,VALID,1.0027920000000001,VALID,Online,Resolved: Operating normally
2026-04-17 13:00:00+00:00,22.416666666666668,VALID,129.124608,VALID,1.0033,VALID,Online,Resolved: Operating normally
2026-04-17 14:00:00+00:00,22.558333333333334,VALID,128.55827200000002,VALID,1.0022840000000002,VALID,Online,Resolved: Operating normally
2026-04-17 15:00:00+00:00,22.766666666666666,VALID,128.84144,VALID,1.0027920000000001,VALID,Online,Resolved: Operating normally
2026-04-17 16:00:00+00:00,23.15833333333333,VALID,128.84144,VALID,1.0027920000000001,VALID,Online,Resolved: Operating normally
2026-04-17 17:00:00+00:00,23.516666666666666,VALID,128.55827200000002,VALID,1.0022840000000002,VALID,Online,Resolved: Operating normally
2026-04-17 18:00:00+00:00,23.825,VALID,129.974112,VALID,1.0048240000000002,VALID,Online,Resolved: Operating normally
2026-04-17 19:00:00+00:00,24.133333333333336,VALID,129.85612533333332,VALID,1.00457,VALID,Online,Resolved: Operating normally
2026-04-17 20:00:00+00:00,24.416666666666668,VALID,131.36635466666667,VALID,1.0071100000000002,VALID,Online,Resolved: Operating normally
2026-04-17 21:00:00+00:00,24.65833333333333,VALID,132.68780533333333,VALID,1.009142,VALID,Online,Resolved: Operating normally
2026-04-17 22:00:00+00:00,24.708333333333332,VALID,133.34853066666668,VALID,1.010158,VALID,Online,Resolved: Operating normally
2026-04-17 23:00:00+00:00,24.650000000000002,VALID,132.522624,VALID,1.008888,VALID,Online,Resolved: Operating normally
2026-04-18 00:00:00+00:00,24.525000000000002,VALID,132.19226133333333,VALID,1.00838,VALID,Online,Resolved: Operating normally
2026-04-18 01:00:00+00:00,24.375,VALID,131.69671733333334,VALID,1.0076180000000001,VALID,Online,Resolved: Operating normally
2026-04-18 02:00:00+00:00,24.208333333333332,VALID,131.531536,VALID,1.0073640000000001,VALID,Online,Resolved: Operating normally
2026-04-18 03:00:00+00:00,23.95,VALID,131.69671733333334,VALID,1.0076180000000001,VALID,Online,Resolved: Operating normally
2026-04-18 04:00:00+00:00,23.683333333333334,VALID,131.36635466666667,VALID,1.0071100000000002,VALID,Online,Resolved: Operating normally
2026-04-18 05:00:00+00:00,23.458333333333332,VALID,130.540448,VALID,1.00584,VALID,Online,Resolved: Operating normally
2026-04-18 06:00:00+00:00,23.28333333333333,VALID,130.11569599999999,VALID,1.0050780000000001,VALID,Online,Resolved: Operating normally
2026-04-18 07:00:00+00:00,23.058333333333334,VALID,129.124608,VALID,1.0033,VALID,Online,Resolved: Operating normally
2026-04-18 08:00:00+00:00,22.833333333333332,VALID,128.699856,VALID,1.0025380000000002,VALID,Online,Resolved: Operating normally
2026-04-18 09:00:00+00:00,22.650000000000002,VALID,128.84144,VALID,1.0027920000000001,VALID,Online,Resolved: Operating normally
2026-04-18 10:00:00+00:00,22.458333333333332,VALID,128.275104,VALID,1.0017760000000002,VALID,Online,Resolved: Operating normally
2026-04-18 11:00:00+00:00,22.25,VALID,127.284016,VALID,0.999998,VALID,Online,Resolved: Operating normally
2026-04-18 12:00:00+00:00,22.258333333333336,VALID,127.142432,VALID,0.9997440000000001,VALID,Online,Resolved: Operating normally
2026-04-18 13:00:00+00:00,22.491666666666664,VALID,127.142432,VALID,0.9997440000000001,VALID,Online,Resolved: Operating normally
2026-04-18 14:00:00+00:00,22.858333333333334,VALID,126.97725066666668,VALID,0.9994899999999999,VALID,Online,Resolved: Operating normally
2026-04-18 15:00:00+00:00,23.358333333333334,VALID,126.646888,VALID,0.9989819999999999,VALID,Online,Resolved: Operating normally
2026-04-18 16:00:00+00:00,23.833333333333332,VALID,125.82098133333334,VALID,0.9977119999999999,VALID,Online,Resolved: Operating normally
2026-04-18 17:00:00+00:00,24.141666666666666,VALID,125.32543733333334,VALID,0.99695,VALID,Online,Resolved: Operating normally
2026-04-18 18:00:00+00:00,24.233333333333334,VALID,124.310752,VALID,0.9951720000000001,VALID,Online,Resolved: Operating normally
2026-04-18 19:00:00+00:00,24.38333333333333,VALID,123.744416,VALID,0.9941559999999999,VALID,Online,Resolved: Operating normally
2026-04-18 20:00:00+00:00,24.516666666666666,VALID,123.29606666666666,VALID,0.993394,VALID,Online,Resolved: Operating normally
2026-04-18 21:00:00+00:00,24.650000000000002,VALID,123.29606666666666,VALID,0.993394,VALID,Online,Resolved: Operating normally
2026-04-18 22:00:00+00:00,24.7,VALID,122.965704,VALID,0.9928859999999999,VALID,Online,Resolved: Operating normally
2026-04-18 23:00:00+00:00,24.516666666666666,VALID,122.47016,VALID,0.992124,VALID,Online,Resolved: Operating normally
2026-04-19 00:00:00+00:00,24.266666666666666,VALID,121.195904,VALID,0.9900920000000001,VALID,Online,Resolved: Operating normally
2026-04-19 01:00:00+00:00,24.041666666666668,VALID,120.06323199999999,VALID,0.98806,VALID,Online,Resolved: Operating normally
2026-04-19 02:00:00+00:00,23.825,VALID,119.213728,VALID,0.9865360000000001,VALID,Online,Resolved: Operating normally
2026-04-19 03:00:00+00:00,23.616666666666664,VALID,118.93056,VALID,0.9860280000000001,VALID,Online,Resolved: Operating normally
2026-04-19 04:00:00+00:00,23.400000000000002,VALID,117.65630399999999,VALID,0.983742,VALID,Online,Resolved: Operating normally
2026-04-19 05:00:00+00:00,23.166666666666668,VALID,117.797888,VALID,0.983996,VALID,Online,Resolved: Operating normally
2026-04-19 06:00:00+00:00,22.95,VALID,117.93947200000001,VALID,0.98425,VALID,Online,Resolved: Operating normally
2026-04-19 07:00:00+00:00,22.741666666666664,VALID,118.081056,VALID,0.9845039999999999,VALID,Online,Resolved: Operating normally
2026-04-19 08:00:00+00:00,22.575000000000003,VALID,119.213728,VALID,0.9865360000000001,VALID,Online,Resolved: Operating normally
2026-04-19 09:00:00+00:00,22.45,VALID,119.93451927272727,VALID,0.988314,VALID,Online,Resolved: Operating normally
2026-04-19 10:00:00+00:00,22.2,VALID,116.3254144,VALID,0.9812020000000001,VALID,Online,Resolved: Operating normally
2026-04-19 11:00:00+00:00,21.958333333333332,VALID,113.5220512,VALID,0.9763760000000001,VALID,Online,Resolved: Operating normally
2026-04-19 12:00:00+00:00,21.816666666666666,VALID,112.79525333333333,VALID,0.974344,VALID,Online,Resolved: Operating normally
2026-04-19 13:00:00+00:00,21.75,VALID,116.382048,VALID,0.9814560000000001,VALID,Online,Resolved: Operating normally
2026-04-19 14:00:00+00:00,21.625,VALID,118.93056,VALID,0.9860280000000001,VALID,Online,Resolved: Operating normally
2026-04-19 15:00:00+00:00,21.516666666666666,VALID,118.22264,VALID,0.9847580000000001,VALID,Online,Resolved: Operating normally
2026-04-19 16:00:00+00:00,21.55,VALID,118.788976,VALID,0.985774,VALID,Online,Resolved: Operating normally
2026-04-19 17:00:00+00:00,21.650000000000002,VALID,118.081056,VALID,0.9845040000000002,VALID,Online,Resolved: Operating normally
2026-04-19 18:00:00+00:00,21.925,VALID,115.33432640000001,VALID,0.9796780000000002,VALID,Online,Resolved: Operating normally
2026-04-19 19:00:00+00:00,22.058333333333334,VALID,116.57082666666666,VALID,0.982218,VALID,Online,Resolved: Operating normally
2026-04-19 20:00:00+00:00,22.11666666666667,VALID,116.07313745454545,VALID,0.9814560000000001,VALID,Online,Resolved: Operating normally
2026-04-19 21:00:00+00:00,22.041666666666668,VALID,115.86719709090909,VALID,0.9801860000000001,VALID,Online,Resolved: Operating normally
2026-04-19 22:00:00+00:00,21.96666666666667,VALID,115.1644256,VALID,0.97917,VALID,Online,Resolved: Operating normally
2026-04-19 23:00:00+00:00,21.84166666666667,VALID,115.8440288,VALID,0.9801860000000001,VALID,Online,Resolved: Operating normally
2026-04-20 00:00:00+00:00,21.7,VALID,118.081056,VALID,0.9845039999999999,VALID,Online,Resolved: Operating normally
2026-04-20 01:00:00+00:00,21.7,VALID,118.081056,VALID,0.9845039999999999,VALID,Online,Resolved: Operating normally
2026-04-20 02:00:00+00:00,21.675,VALID,118.081056,VALID,0.9845039999999999,VALID,Online,Resolved: Operating normally
2026-04-20 03:00:00+00:00,21.541666666666668,VALID,117.797888,VALID,0.983996,VALID,Online,Resolved: Operating normally
2026-04-20 04:00:00+00:00,21.266666666666666,VALID,117.373136,VALID,0.983234,VALID,Online,Resolved: Operating normally
2026-04-20 05:00:00+00:00,20.974999999999998,VALID,116.382048,VALID,0.9814560000000001,VALID,Online,Resolved: Operating normally
2026-04-20 06:00:00+00:00,20.683333333333334,VALID,116.09888000000001,VALID,0.9809480000000002,VALID,Online,Resolved: Operating normally
2026-04-20 07:00:00+00:00,20.383333333333333,VALID,114.51785866666667,VALID,0.9781540000000001,VALID,Online,Resolved: Operating normally
2026-04-20 08:00:00+00:00,20.14166666666667,VALID,114.68304,VALID,0.978408,VALID,Online,Resolved: Operating normally
2026-04-20 09:00:00+00:00,19.900000000000002,VALID,114.51785866666667,VALID,0.9781540000000001,VALID,Online,Resolved: Operating normally
2026-04-20 10:00:00+00:00,19.625,VALID,114.96620800000001,VALID,0.978916,VALID,Online,Resolved: Operating normally
2026-04-20 11:00:00+00:00,19.391666666666666,VALID,115.674128,VALID,0.9801860000000001,VALID,Online,Resolved: Operating normally
2026-04-20 12:00:00+00:00,19.208333333333332,VALID,115.957296,VALID,0.9806940000000001,VALID,Online,Resolved: Operating normally
2026-04-20 13:00:00+00:00,19.016666666666666,VALID,116.09888000000001,VALID,0.980948,VALID,Online,Resolved: Operating normally
2026-04-20 14:00:00+00:00,18.891666666666666,VALID,115.21791288888888,VALID,0.978916,VALID,Online,Resolved: Operating normally
2026-04-20 15:00:00+00:00,18.808333333333334,VALID,115.86719709090909,VALID,0.9796780000000002,VALID,Online,Resolved: Operating normally
2026-04-20 16:00:00+00:00,18.95,VALID,117.61769018181818,VALID,0.9829800000000001,VALID,Online,Resolved: Operating normally
2026-04-20 17:00:00+00:00,19.0,VALID,114.07625142857144,VALID,0.978916,VALID,Online,Resolved: Operating normally
2026-04-20 18:00:00+00:00,19.141666666666666,VALID,113.939724,VALID,0.974598,VALID,Online,Resolved: Operating normally
2026-04-20 19:00:00+00:00,19.349999999999998,VALID,113.550368,VALID,0.9766300000000001,VALID,Online,Resolved: Operating normally
2026-04-20 20:00:00+00:00,19.425,VALID,112.74805866666667,VALID,0.9766300000000001,VALID,Online,Resolved: Operating normally
2026-04-20 21:00:00+00:00,19.5,VALID,113.36158933333333,VALID,0.9763760000000001,VALID,Online,Resolved: Operating normally
2026-04-20 22:00:00+00:00,19.5,VALID,113.38518666666666,VALID,0.9763760000000001,VALID,Online,Resolved: Operating normally
2026-04-20 23:00:00+00:00,19.483333333333334,VALID,115.249376,VALID,0.9794240000000002,VALID,Online,Resolved: Operating normally
2026-04-21 00:00:00+00:00,19.35833333333333,VALID,116.523632,VALID,0.9817100000000001,VALID,Online,Resolved: Operating normally
2026-04-21 01:00:00+00:00,19.241666666666667,VALID,116.382048,VALID,0.9814560000000001,VALID,Online,Resolved: Operating normally
2026-04-21 02:00:00+00:00,19.150000000000002,VALID,116.382048,VALID,0.9814560000000001,VALID,Online,Resolved: Operating normally
2026-04-21 03:00:00+00:00,18.858333333333334,VALID,116.24046399999999,VALID,0.9812020000000001,VALID,Online,Resolved: Operating normally
2026-04-21 04:00:00+00:00,18.516666666666666,VALID,116.24046399999999,VALID,0.9812020000000001,VALID,Online,Resolved: Operating normally
2026-04-21 05:00:00+00:00,18.175,VALID,115.107792,VALID,0.97917,VALID,Online,Resolved: Operating normally
2026-04-21 06:00:00+00:00,17.900000000000002,VALID,114.68304,VALID,0.978408,VALID,Online,Resolved: Operating normally
2026-04-21 07:00:00+00:00,17.6,VALID,114.51785866666667,VALID,0.9781540000000001,VALID,Online,Resolved: Operating normally
2026-04-21 08:00:00+00:00,17.325,VALID,113.691952,VALID,0.9768840000000001,VALID,Online,Resolved: Operating normally
2026-04-21 09:00:00+00:00,17.05,VALID,113.03122666666667,VALID,0.9758680000000002,VALID,Online,Resolved: Operating normally
2026-04-21 10:00:00+00:00,16.8,VALID,112.86604533333333,VALID,0.9756140000000001,VALID,Online,Resolved: Operating normally
2026-04-21 11:00:00+00:00,16.533333333333335,VALID,113.03122666666667,VALID,0.9758680000000002,VALID,Online,Resolved: Operating normally
2026-04-21 12:00:00+00:00,16.291666666666668,VALID,112.70086399999998,VALID,0.9753600000000001,VALID,Online,Resolved: Operating normally
2026-04-21 13:00:00+00:00,16.158333333333335,VALID,112.86604533333333,VALID,0.9756140000000001,VALID,Online,Resolved: Operating normally
2026-04-21 14:00:00+00:00,16.391666666666666,VALID,113.196408,VALID,0.9761220000000002,VALID,Online,Resolved: Operating normally
2026-04-21 15:00:00+00:00,16.758333333333333,VALID,114.02231466666667,VALID,0.977392,VALID,Online,Resolved: Operating normally
2026-04-21 16:00:00+00:00,17.383333333333333,VALID,113.85713333333332,VALID,0.9771380000000001,VALID,Online,Resolved: Operating normally
2026-04-21 17:00:00+00:00,17.883333333333333,VALID,113.85713333333332,VALID,0.9771380000000001,VALID,Online,Resolved: Operating normally
2026-04-21 18:00:00+00:00,18.216666666666665,VALID,114.02231466666667,VALID,0.977392,VALID,Online,Resolved: Operating normally
2026-04-21 19:00:00+00:00,18.3,VALID,113.52677066666666,VALID,0.9766300000000001,VALID,Online,Resolved: Operating normally
2026-04-21 20:00:00+00:00,18.458333333333332,VALID,114.18749600000001,VALID,0.977646,VALID,Online,Resolved: Operating normally
2026-04-21 21:00:00+00:00,18.633333333333336,VALID,114.51785866666667,VALID,0.9781540000000001,VALID,Online,Resolved: Operating normally
2026-04-21 22:00:00+00:00,18.7,VALID,114.68304,VALID,0.978408,VALID,Online,Resolved: Operating normally
2026-04-21 23:00:00+00:00,18.675,VALID,114.18749600000001,VALID,0.977646,VALID,Online,Resolved: Operating normally
2026-04-22 00:00:00+00:00,18.583333333333332,VALID,114.51785866666667,VALID,0.9781540000000001,VALID,Online,Resolved: Operating normally
2026-04-22 01:00:00+00:00,18.408333333333335,VALID,113.52677066666666,VALID,0.9766300000000001,VALID,Online,Resolved: Operating normally
2026-04-22 02:00:00+00:00,18.099999999999998,VALID,113.52677066666666,VALID,0.9766300000000001,VALID,Online,Resolved: Operating normally
2026-04-22 03:00:00+00:00,17.791666666666668,VALID,113.36158933333333,VALID,0.9763760000000001,VALID,Online,Resolved: Operating normally
2026-04-22 04:00:00+00:00,17.508333333333333,VALID,112.70086399999998,VALID,0.9753600000000001,VALID,Online,Resolved: Operating normally
2026-04-22 05:00:00+00:00,17.241666666666667,VALID,112.41769599999999,VALID,0.9748520000000002,VALID,Online,Resolved: Operating normally
2026-04-22 06:00:00+00:00,17.033333333333335,VALID,112.276112,VALID,0.9745980000000002,VALID,Online,Resolved: Operating normally
2026-04-22 07:00:00+00:00,16.849999999999998,VALID,111.00185600000002,VALID,0.9723120000000001,VALID,Online,Resolved: Operating normally
2026-04-22 08:00:00+00:00,16.608333333333334,VALID,110.86027200000001,VALID,0.9720580000000001,VALID,Online,Resolved: Operating normally
2026-04-22 09:00:00+00:00,16.45,VALID,111.00185600000002,VALID,0.9723120000000001,VALID,Online,Resolved: Operating normally
2026-04-22 10:00:00+00:00,16.333333333333332,VALID,111.285024,VALID,0.97282,VALID,Online,Resolved: Operating normally
2026-04-22 11:00:00+00:00,16.175,VALID,111.85136,VALID,0.973836,VALID,Online,Resolved: Operating normally
2026-04-22 12:00:00+00:00,16.025000000000002,VALID,112.41769599999999,VALID,0.9748520000000002,VALID,Online,Resolved: Operating normally
2026-04-22 13:00:00+00:00,16.008333333333333,VALID,112.70086399999998,VALID,0.9753600000000001,VALID,Online,Resolved: Operating normally
2026-04-22 14:00:00+00:00,16.2,VALID,112.86604533333333,VALID,0.9756140000000001,VALID,Online,Resolved: Operating normally
2026-04-22 15:00:00+00:00,16.391666666666666,VALID,113.85713333333332,VALID,0.9771380000000001,VALID,Online,Resolved: Operating normally
2026-04-22 16:00:00+00:00,16.658333333333335,VALID,114.68304,VALID,0.978408,VALID,Online,Resolved: Operating normally
2026-04-22 17:00:00+00:00,17.316666666666666,VALID,114.65944266666668,VALID,0.978408,VALID,Online,Resolved: Operating normally
2026-04-22 18:00:00+00:00,17.758333333333333,VALID,114.96620800000001,VALID,0.978916,VALID,Online,Resolved: Operating normally
2026-04-22 19:00:00+00:00,18.05,VALID,116.09888000000001,VALID,0.9809480000000002,VALID,Online,Resolved: Operating normally
2026-04-22 20:00:00+00:00,18.416666666666668,VALID,116.382048,VALID,0.9814560000000001,VALID,Online,Resolved: Operating normally
2026-04-22 21:00:00+00:00,18.625,VALID,116.09888000000001,VALID,0.9809480000000002,VALID,Online,Resolved: Operating normally
2026-04-22 22:00:00+00:00,18.691666666666666,VALID,114.82462400000001,VALID,0.978662,VALID,Online,Resolved: Operating normally
2026-04-22 23:00:00+00:00,18.833333333333332,VALID,114.51785866666667,VALID,0.9781540000000001,VALID,Online,Resolved: Operating normally
2026-04-23 00:00:00+00:00,18.85833333333333,VALID,114.68304,VALID,0.978408,VALID,Online,Resolved: Operating normally
2026-04-23 01:00:00+00:00,18.76666666666667,VALID,114.68304,VALID,0.978408,VALID,Online,Resolved: Operating normally
2026-04-23 02:00:00+00:00,18.408333333333335,VALID,114.51785866666667,VALID,0.9781540000000001,VALID,Online,Resolved: Operating normally
2026-04-23 03:00:00+00:00,18.150000000000002,VALID,114.68304,VALID,0.978408,VALID,Online,Resolved: Operating normally
2026-04-23 04:00:00+00:00,18.0,VALID,114.51785866666667,VALID,0.9781540000000001,VALID,Online,Resolved: Operating normally
2026-04-23 05:00:00+00:00,17.866666666666664,VALID,113.52677066666666,VALID,0.9766300000000001,VALID,Online,Resolved: Operating normally
2026-04-23 06:00:00+00:00,17.724999999999998,VALID,112.276112,VALID,0.9745980000000002,VALID,Online,Resolved: Operating normally
2026-04-23 07:00:00+00:00,17.608333333333334,VALID,111.285024,VALID,0.97282,VALID,Online,Resolved: Operating normally
2026-04-23 08:00:00+00:00,17.441666666666666,VALID,110.577104,VALID,0.9715500000000001,VALID,Online,Resolved: Operating normally
2026-04-23 09:00:00+00:00,17.275000000000002,VALID,109.58601599999999,VALID,0.9697720000000002,VALID,Online,Resolved: Operating normally
2026-04-23 10:00:00+00:00,17.150000000000002,VALID,109.302848,VALID,0.9692640000000002,VALID,Online,Resolved: Operating normally
2026-04-23 11:00:00+00:00,17.025000000000002,VALID,109.302848,VALID,0.9692640000000002,VALID,Online,Resolved: Operating normally
2026-04-23 12:00:00+00:00,16.933333333333334,VALID,109.302848,VALID,0.9692640000000002,VALID,Online,Resolved: Operating normally
2026-04-23 13:00:00+00:00,16.916666666666668,VALID,109.444432,VALID,0.9695180000000002,VALID,Online,Resolved: Operating normally
2026-04-23 14:00:00+00:00,17.275000000000002,VALID,110.15235200000001,VALID,0.9707880000000001,VALID,Online,Resolved: Operating normally
2026-04-23 15:00:00+00:00,17.583333333333332,VALID,110.15235200000001,VALID,0.9707880000000001,VALID,Online,Resolved: Operating normally
2026-04-23 16:00:00+00:00,18.308333333333334,VALID,110.43552,VALID,0.971296,VALID,Online,Resolved: Operating normally
2026-04-23 17:00:00+00:00,18.925,VALID,111.00185599999999,VALID,0.9723120000000001,VALID,Online,Resolved: Operating normally
2026-04-23 18:00:00+00:00,19.333333333333332,VALID,111.00185599999999,VALID,0.9723120000000001,VALID,Online,Resolved: Operating normally
2026-04-23 19:00:00+00:00,19.508333333333333,VALID,111.70977599999999,VALID,0.9735820000000001,VALID,Online,Resolved: Operating normally
2026-04-23 20:00:00+00:00,19.825,VALID,111.426608,VALID,0.9730740000000001,VALID,Online,Resolved: Operating normally
2026-04-23 21:00:00+00:00,19.891666666666666,VALID,111.99294400000001,VALID,0.97409,VALID,Online,Resolved: Operating normally
2026-04-23 22:00:00+00:00,20.083333333333332,VALID,111.14344,VALID,0.972566,VALID,Online,Resolved: Operating normally
2026-04-23 23:00:00+00:00,20.2,VALID,110.86027200000001,VALID,0.9720580000000001,VALID,Online,Resolved: Operating normally
2026-04-24 00:00:00+00:00,20.2,VALID,111.00185600000002,VALID,0.9723120000000001,VALID,Online,Resolved: Operating normally
2026-04-24 01:00:00+00:00,20.158333333333335,VALID,109.302848,VALID,0.9692640000000002,VALID,Online,Resolved: Operating normally
2026-04-24 02:00:00+00:00,20.033333333333335,VALID,109.302848,VALID,0.9692640000000002,VALID,Online,Resolved: Operating normally
2026-04-24 03:00:00+00:00,19.849999999999998,VALID,108.87809599999999,VALID,0.9685020000000001,VALID,Online,Resolved: Operating normally
2026-04-24 04:00:00+00:00,19.724999999999998,VALID,107.745424,VALID,0.96647,VALID,Online,Resolved: Operating normally
2026-04-24 05:00:00+00:00,19.59166666666667,VALID,106.89592,VALID,0.9649460000000002,VALID,Online,Resolved: Operating normally
2026-04-24 06:00:00+00:00,19.441666666666666,VALID,105.904832,VALID,0.9631680000000001,VALID,Online,Resolved: Operating normally
2026-04-24 07:00:00+00:00,19.291666666666668,VALID,104.96093866666666,VALID,0.9611360000000001,VALID,Online,Resolved: Operating normally
2026-04-24 08:00:00+00:00,19.2,VALID,104.488992,VALID,0.96012,VALID,Online,Resolved: Operating normally
2026-04-24 09:00:00+00:00,19.125,VALID,104.34740799999999,VALID,0.959866,VALID,Online,Resolved: Operating normally
2026-04-24 10:00:00+00:00,18.958333333333332,VALID,103.214736,VALID,0.9578340000000001,VALID,Online,Resolved: Operating normally
2026-04-24 11:00:00+00:00,18.833333333333332,VALID,102.93156800000001,VALID,0.957326,VALID,Online,Resolved: Operating normally
2026-04-24 12:00:00+00:00,18.775000000000002,VALID,102.789984,VALID,0.957072,VALID,Online,Resolved: Operating normally
2026-04-24 13:00:00+00:00,18.8,VALID,102.506816,VALID,0.9565640000000001,VALID,Online,Resolved: Operating normally
2026-04-24 14:00:00+00:00,19.408333333333335,VALID,102.6484,VALID,0.9568180000000001,VALID,Online,Resolved: Operating normally
2026-04-24 15:00:00+00:00,20.108333333333334,VALID,101.51572800000001,VALID,0.954786,VALID,Online,Resolved: Operating normally
2026-04-24 16:00:00+00:00,20.608333333333334,VALID,101.374144,VALID,0.9545319999999999,VALID,Online,Resolved: Operating normally
2026-04-24 17:00:00+00:00,21.366666666666664,VALID,101.23255999999999,VALID,0.954278,VALID,Online,Resolved: Operating normally
2026-04-24 18:00:00+00:00,21.333333333333332,VALID,100.94939199999999,VALID,0.95377,VALID,Online,Resolved: Operating normally
2026-04-24 19:00:00+00:00,21.483333333333334,VALID,100.666224,VALID,0.953262,VALID,Online,Resolved: Operating normally
2026-04-24 20:00:00+00:00,21.775000000000002,VALID,100.38305600000001,VALID,0.952754,VALID,Online,Resolved: Operating normally
2026-04-24 21:00:00+00:00,22.233333333333334,VALID,99.67513600000001,VALID,0.9514840000000001,VALID,Online,Resolved: Operating normally
2026-04-24 22:00:00+00:00,22.09166666666667,VALID,98.96721600000001,VALID,0.950214,VALID,Online,Resolved: Operating normally
2026-04-24 23:00:00+00:00,21.983333333333334,VALID,98.259296,VALID,0.948944,VALID,Online,Resolved: Operating normally
2026-04-25 00:00:00+00:00,21.900000000000002,VALID,97.69296000000001,VALID,0.947928,VALID,Online,Resolved: Operating normally
2026-04-25 01:00:00+00:00,21.758333333333336,VALID,96.74906666666668,VALID,0.945896,VALID,Online,Resolved: Operating normally
2026-04-25 02:00:00+00:00,21.633333333333336,VALID,96.27712000000001,VALID,0.94488,VALID,Online,Resolved: Operating normally
2026-04-25 03:00:00+00:00,21.525000000000002,VALID,95.993952,VALID,0.944372,VALID,Online,Resolved: Operating normally
2026-04-25 04:00:00+00:00,21.391666666666666,VALID,95.427616,VALID,0.9433560000000001,VALID,Online,Resolved: Operating normally
2026-04-25 05:00:00+00:00,21.275000000000002,VALID,95.14444800000001,VALID,0.942848,VALID,Online,Resolved: Operating normally
2026-04-25 06:00:00+00:00,21.191666666666666,VALID,96.27712000000001,VALID,0.94488,VALID,Online,Resolved: Operating normally
2026-04-25 07:00:00+00:00,21.05,VALID,97.339,VALID,0.9471660000000001,VALID,Online,Resolved: Operating normally
2026-04-25 08:00:00+00:00,20.908333333333335,VALID,97.976128,VALID,0.9484360000000001,VALID,Online,Resolved: Operating normally
2026-04-25 09:00:00+00:00,20.75,VALID,99.10880000000002,VALID,0.950468,VALID,Online,Resolved: Operating normally
2026-04-25 10:00:00+00:00,20.533333333333335,VALID,98.684048,VALID,0.949706,VALID,Online,Resolved: Operating normally
2026-04-25 11:00:00+00:00,20.4,VALID,98.259296,VALID,0.948944,VALID,Online,Resolved: Operating normally
2026-04-25 12:00:00+00:00,20.233333333333334,VALID,97.834544,VALID,0.948182,VALID,Online,Resolved: Operating normally
2026-04-25 13:00:00+00:00,20.09166666666667,VALID,97.57497333333333,VALID,0.947674,VALID,Online,Resolved: Operating normally
2026-04-25 14:00:00+00:00,19.958333333333332,VALID,97.69296000000001,VALID,0.947928,VALID,Online,Resolved: Operating normally
2026-04-25 15:00:00+00:00,19.916666666666668,VALID,97.69296000000001,VALID,0.947928,VALID,Online,Resolved: Operating normally
2026-04-25 16:00:00+00:00,20.175,VALID,98.259296,VALID,0.948944,VALID,Online,Resolved: Operating normally
2026-04-25 17:00:00+00:00,20.55,VALID,99.10880000000002,VALID,0.950468,VALID,Online,Resolved: Operating normally
2026-04-25 18:00:00+00:00,20.783333333333335,VALID,99.391968,VALID,0.9509760000000002,VALID,Online,Resolved: Operating normally
2026-04-25 19:00:00+00:00,20.95,VALID,99.958304,VALID,0.9519920000000001,VALID,Online,Resolved: Operating normally
2026-04-25 20:00:00+00:00,21.0,VALID,99.533552,VALID,0.9512300000000001,VALID,Online,Resolved: Operating normally
2026-04-25 21:00:00+00:00,20.966666666666665,VALID,99.10880000000002,VALID,0.950468,VALID,Online,Resolved: Operating normally
2026-04-25 22:00:00+00:00,20.883333333333333,VALID,98.684048,VALID,0.949706,VALID,Online,Resolved: Operating normally
2026-04-25 23:00:00+00:00,20.766666666666666,VALID,98.117712,VALID,0.94869,VALID,Online,Resolved: Operating normally
2026-04-26 00:00:00+00:00,20.658333333333335,VALID,97.69296000000001,VALID,0.947928,VALID,Online,Resolved: Operating normally
2026-04-26 01:00:00+00:00,20.541666666666668,VALID,97.69296000000001,VALID,0.947928,VALID,Online,Resolved: Operating normally
2026-04-26 02:00:00+00:00,20.433333333333334,VALID,97.57497333333333,VALID,0.947674,VALID,Online,Resolved: Operating normally
2026-04-26 03:00:00+00:00,20.4,VALID,97.834544,VALID,0.948182,VALID,Online,Resolved: Operating normally
2026-04-26 04:00:00+00:00,20.283333333333335,VALID,98.825632,VALID,0.94996,VALID,Online,Resolved: Operating normally
2026-04-26 05:00:00+00:00,20.133333333333333,VALID,97.976128,VALID,0.9484360000000001,VALID,Online,Resolved: Operating normally
2026-04-26 06:00:00+00:00,19.908333333333335,VALID,97.834544,VALID,0.948182,VALID,Online,Resolved: Operating normally
2026-04-26 07:00:00+00:00,19.7,VALID,97.69296000000001,VALID,0.947928,VALID,Online,Resolved: Operating normally
2026-04-26 08:00:00+00:00,19.483333333333334,VALID,97.45698666666665,VALID,0.94742,VALID,Online,Resolved: Operating normally
2026-04-26 09:00:00+00:00,19.241666666666667,VALID,97.45698666666665,VALID,0.94742,VALID,Online,Resolved: Operating normally
2026-04-26 10:00:00+00:00,19.016666666666666,VALID,96.63108,VALID,0.945642,VALID,Online,Resolved: Operating normally
2026-04-26 11:00:00+00:00,18.841666666666665,VALID,95.71078399999999,VALID,0.943864,VALID,Online,Resolved: Operating normally
2026-04-26 12:00:00+00:00,18.683333333333334,VALID,94.57811199999999,VALID,0.9418320000000001,VALID,Online,Resolved: Operating normally
2026-04-26 13:00:00+00:00,18.55,VALID,94.57811199999999,VALID,0.9418320000000001,VALID,Online,Resolved: Operating normally
2026-04-26 14:00:00+00:00,18.425,VALID,94.57811199999999,VALID,0.9418320000000001,VALID,Online,Resolved: Operating normally
2026-04-26 15:00:00+00:00,18.325,VALID,94.294944,VALID,0.9413239999999999,VALID,Online,Resolved: Operating normally
2026-04-26 16:00:00+00:00,18.3,VALID,95.14444800000001,VALID,0.942848,VALID,Online,Resolved: Operating normally
2026-04-26 17:00:00+00:00,18.3,VALID,95.82877066666667,VALID,0.944118,VALID,Online,Resolved: Operating normally
2026-04-26 18:00:00+00:00,18.375,VALID,97.10302666666666,VALID,0.9466580000000001,VALID,Online,Resolved: Operating normally
2026-04-26 19:00:00+00:00,18.5,VALID,97.48058400000001,VALID,0.94742,VALID,Online,Resolved: Operating normally
2026-04-26 20:00:00+00:00,18.683333333333334,VALID,97.45698666666665,VALID,0.94742,VALID,Online,Resolved: Operating normally
2026-04-26 21:00:00+00:00,18.7,VALID,97.57497333333333,VALID,0.947674,VALID,Online,Resolved: Operating normally
2026-04-26 22:00:00+00:00,18.7,VALID,97.10302666666666,VALID,0.9466580000000001,VALID,Online,Resolved: Operating normally
2026-04-26 23:00:00+00:00,18.7,VALID,96.63108,VALID,0.945642,VALID,Online,Resolved: Operating normally
2026-04-27 00:00:00+00:00,18.7,VALID,96.39510666666666,VALID,0.945134,VALID,Online,Resolved: Operating normally
2026-04-27 01:00:00+00:00,18.7,VALID,96.27712000000001,VALID,0.94488,VALID,Online,Resolved: Operating normally
2026-04-27 02:00:00+00:00,18.666666666666668,VALID,96.27712000000001,VALID,0.94488,VALID,Online,Resolved: Operating normally
2026-04-27 03:00:00+00:00,18.6,VALID,96.135536,VALID,0.9446260000000001,VALID,Online,Resolved: Operating normally
2026-04-27 04:00:00+00:00,18.6,VALID,95.993952,VALID,0.944372,VALID,Online,Resolved: Operating normally
2026-04-27 05:00:00+00:00,18.5,VALID,94.86128000000001,VALID,0.9423400000000001,VALID,Online,Resolved: Operating normally
2026-04-27 06:00:00+00:00,18.325,VALID,94.57811199999999,VALID,0.9418320000000001,VALID,Online,Resolved: Operating normally
2026-04-27 07:00:00+00:00,18.133333333333336,VALID,94.57811199999999,VALID,0.9418320000000001,VALID,Online,Resolved: Operating normally
2026-04-27 08:00:00+00:00,17.933333333333334,VALID,94.43652800000001,VALID,0.9415779999999999,VALID,Online,Resolved: Operating normally
2026-04-27 09:00:00+00:00,17.766666666666666,VALID,93.87019199999999,VALID,0.940562,VALID,Online,Resolved: Operating normally
2026-04-27 10:00:00+00:00,17.6,VALID,92.879104,VALID,0.9387840000000001,VALID,Online,Resolved: Operating normally
2026-04-27 11:00:00+00:00,17.433333333333334,VALID,92.879104,VALID,0.9387840000000001,VALID,Online,Resolved: Operating normally
2026-04-27 12:00:00+00:00,17.25,VALID,92.879104,VALID,0.9387840000000001,VALID,Online,Resolved: Operating normally
2026-04-27 13:00:00+00:00,17.075,VALID,92.879104,VALID,0.9387840000000001,VALID,Online,Resolved: Operating normally
2026-04-27 14:00:00+00:00,17.083333333333332,VALID,92.879104,VALID,0.9387840000000001,VALID,Online,Resolved: Operating normally
2026-04-27 15:00:00+00:00,17.491666666666667,VALID,93.587024,VALID,0.9400540000000001,VALID,Online,Resolved: Operating normally
2026-04-27 16:00:00+00:00,17.900000000000002,VALID,94.57811199999999,VALID,0.9418320000000001,VALID,Online,Resolved: Operating normally
2026-04-27 17:00:00+00:00,18.283333333333335,VALID,95.002864,VALID,0.942594,VALID,Online,Resolved: Operating normally
2026-04-27 18:00:00+00:00,18.808333333333334,VALID,95.28603199999999,VALID,0.943102,VALID,Online,Resolved: Operating normally
2026-04-27 19:00:00+00:00,19.191666666666666,VALID,96.27712000000001,VALID,0.94488,VALID,Online,Resolved: Operating normally
2026-04-27 20:00:00+00:00,19.466666666666665,VALID,96.39510666666666,VALID,0.945134,VALID,Online,Resolved: Operating normally
2026-04-27 21:00:00+00:00,19.59166666666667,VALID,96.51309333333332,VALID,0.945388,VALID,Online,Resolved: Operating normally
2026-04-27 22:00:00+00:00,19.625,VALID,96.27712000000001,VALID,0.94488,VALID,Online,Resolved: Operating normally
2026-04-27 23:00:00+00:00,19.6,VALID,96.27712000000001,VALID,0.94488,VALID,Online,Resolved: Operating normally
2026-04-28 00:00:00+00:00,19.59166666666667,VALID,95.852368,VALID,0.944118,VALID,Online,Resolved: Operating normally
2026-04-28 01:00:00+00:00,19.5,VALID,95.427616,VALID,0.9433560000000001,VALID,Online,Resolved: Operating normally
2026-04-28 02:00:00+00:00,19.441666666666666,VALID,94.57811199999999,VALID,0.9418320000000001,VALID,Online,Resolved: Operating normally
2026-04-28 03:00:00+00:00,19.308333333333334,VALID,94.43652800000001,VALID,0.9415779999999999,VALID,Online,Resolved: Operating normally
2026-04-28 04:00:00+00:00,19.083333333333332,VALID,94.57811199999999,VALID,0.9418320000000001,VALID,Online,Resolved: Operating normally
2026-04-28 05:00:00+00:00,18.883333333333333,VALID,93.020688,VALID,0.939038,VALID,Online,Resolved: Operating normally
2026-04-28 06:00:00+00:00,18.691666666666666,VALID,93.587024,VALID,0.9400540000000001,VALID,Online,Resolved: Operating normally
2026-04-28 07:00:00+00:00,18.491666666666667,VALID,93.303856,VALID,0.939546,VALID,Online,Resolved: Operating normally
2026-04-28 08:00:00+00:00,18.341666666666665,VALID,92.879104,VALID,0.9387840000000001,VALID,Online,Resolved: Operating normally
2026-04-28 09:00:00+00:00,18.216666666666665,VALID,93.020688,VALID,0.939038,VALID,Online,Resolved: Operating normally
2026-04-28 10:00:00+00:00,18.033333333333335,VALID,92.879104,VALID,0.9387840000000001,VALID,Online,Resolved: Operating normally
2026-04-28 11:00:00+00:00,17.866666666666664,VALID,92.879104,VALID,0.9387840000000001,VALID,Online,Resolved: Operating normally
2026-04-28 12:00:00+00:00,17.741666666666667,VALID,92.879104,VALID,0.9387840000000001,VALID,Online,Resolved: Operating normally
2026-04-28 13:00:00+00:00,17.608333333333334,VALID,93.020688,VALID,0.939038,VALID,Online,Resolved: Operating normally
2026-04-28 14:00:00+00:00,17.5,VALID,93.587024,VALID,0.9400540000000001,VALID,Online,Resolved: Operating normally
2026-04-28 15:00:00+00:00,17.4,VALID,93.587024,VALID,0.9400540000000001,VALID,Online,Resolved: Operating normally
2026-04-28 16:00:00+00:00,17.516666666666666,VALID,95.14444800000001,VALID,0.942848,VALID,Online,Resolved: Operating normally
2026-04-28 17:00:00+00:00,17.708333333333332,VALID,97.339,VALID,0.9471660000000001,VALID,Online,Resolved: Operating normally
2026-04-28 18:00:00+00:00,17.983333333333334,VALID,97.69296000000001,VALID,0.947928,VALID,Online,Resolved: Operating normally
2026-04-28 19:00:00+00:00,18.224999999999998,VALID,96.86705333333333,VALID,0.9461499999999999,VALID,Online,Resolved: Operating normally
2026-04-28 20:00:00+00:00,18.40833333333333,VALID,95.71078399999999,VALID,0.943864,VALID,Online,Resolved: Operating normally
2026-04-28 21:00:00+00:00,18.55,VALID,94.57811199999999,VALID,0.9418320000000001,VALID,Online,Resolved: Operating normally
2026-04-28 22:00:00+00:00,18.64166666666667,VALID,94.294944,VALID,0.9413239999999999,VALID,Online,Resolved: Operating normally
2026-04-28 23:00:00+00:00,18.783333333333335,VALID,94.294944,VALID,0.9413239999999999,VALID,Online,Resolved: Operating normally
2026-04-29 00:00:00+00:00,18.8,VALID,94.294944,VALID,0.9413239999999999,VALID,Online,Resolved: Operating normally
2026-04-29 01:00:00+00:00,18.8,VALID,94.15336,VALID,0.94107,VALID,Online,Resolved: Operating normally
2026-04-29 02:00:00+00:00,18.75,VALID,94.011776,VALID,0.940816,VALID,Online,Resolved: Operating normally
2026-04-29 03:00:00+00:00,18.64166666666667,VALID,94.294944,VALID,0.9413239999999999,VALID,Online,Resolved: Operating normally
2026-04-29 04:00:00+00:00,18.6,VALID,94.57811199999999,VALID,0.9418320000000001,VALID,Online,Resolved: Operating normally
2026-04-29 05:00:00+00:00,18.6,VALID,95.427616,VALID,0.9433560000000001,VALID,Online,Resolved: Operating normally
2026-04-29 06:00:00+00:00,18.5,VALID,96.27712000000001,VALID,0.94488,VALID,Online,Resolved: Operating normally
2026-04-29 07:00:00+00:00,18.491666666666667,VALID,96.63108,VALID,0.945642,VALID,Online,Resolved: Operating normally
2026-04-29 08:00:00+00:00,18.366666666666664,VALID,96.74906666666668,VALID,0.945896,VALID,Online,Resolved: Operating normally
2026-04-29 09:00:00+00:00,18.233333333333334,VALID,96.51309333333332,VALID,0.945388,VALID,Online,Resolved: Operating normally
2026-04-29 10:00:00+00:00,18.05,VALID,96.39510666666666,VALID,0.945134,VALID,Online,Resolved: Operating normally
2026-04-29 11:00:00+00:00,17.875,VALID,96.39510666666666,VALID,0.945134,VALID,Online,Resolved: Operating normally
2026-04-29 12:00:00+00:00,17.75,VALID,96.27712000000001,VALID,0.94488,VALID,Online,Resolved: Operating normally
2026-04-29 13:00:00+00:00,17.59166666666667,VALID,96.27712000000001,VALID,0.94488,VALID,Online,Resolved: Operating normally
2026-04-29 14:00:00+00:00,17.458333333333332,VALID,96.27712000000001,VALID,0.94488,VALID,Online,Resolved: Operating normally
2026-04-29 15:00:00+00:00,17.35833333333333,VALID,96.27712000000001,VALID,0.94488,VALID,Online,Resolved: Operating normally
2026-04-29 16:00:00+00:00,17.283333333333335,VALID,96.27712000000001,VALID,0.94488,VALID,Online,Resolved: Operating normally
2026-04-29 17:00:00+00:00,17.2,VALID,96.27712000000001,VALID,0.94488,VALID,Online,Resolved: Operating normally
2026-04-29 18:00:00+00:00,17.2,VALID,95.993952,VALID,0.944372,VALID,Online,Resolved: Operating normally
2026-04-29 19:00:00+00:00,17.25,VALID,96.135536,VALID,0.9446260000000001,VALID,Online,Resolved: Operating normally
2026-04-29 20:00:00+00:00,17.35833333333333,VALID,96.135536,VALID,0.9446260000000001,VALID,Online,Resolved: Operating normally
2026-04-29 21:00:00+00:00,17.4,VALID,96.135536,VALID,0.9446260000000001,VALID,Online,Resolved: Operating normally
2026-04-29 22:00:00+00:00,17.4,VALID,97.45698666666665,VALID,0.94742,VALID,Online,Resolved: Operating normally
2026-04-29 23:00:00+00:00,17.4,VALID,97.69296000000001,VALID,0.947928,VALID,Online,Resolved: Operating normally
2026-04-30 00:00:00+00:00,17.4,VALID,97.834544,VALID,0.948182,VALID,Online,Resolved: Operating normally
2026-04-30 01:00:00+00:00,17.4,VALID,99.250384,VALID,0.950722,VALID,Online,Resolved: Operating normally
2026-04-30 02:00:00+00:00,17.4,VALID,99.958304,VALID,0.9519920000000001,VALID,Online,Resolved: Operating normally
2026-04-30 03:00:00+00:00,17.4,VALID,99.391968,VALID,0.9509760000000002,VALID,Online,Resolved: Operating normally
2026-04-30 04:00:00+00:00,17.4,VALID,99.958304,VALID,0.9519920000000001,VALID,Online,Resolved: Operating normally
2026-04-30 05:00:00+00:00,17.4,VALID,101.51572800000001,VALID,0.954786,VALID,Online,Resolved: Operating normally
2026-04-30 06:00:00+00:00,17.316666666666666,VALID,102.6484,VALID,0.9568180000000001,VALID,Online,Resolved: Operating normally
2026-04-30 07:00:00+00:00,17.233333333333334,VALID,103.07315200000001,VALID,0.9575800000000001,VALID,Online,Resolved: Operating normally
2026-04-30 08:00:00+00:00,17.14166666666667,VALID,104.488992,VALID,0.96012,VALID,Online,Resolved: Operating normally
2026-04-30 09:00:00+00:00,17.016666666666666,VALID,104.488992,VALID,0.96012,VALID,Online,Resolved: Operating normally
2026-04-30 10:00:00+00:00,16.883333333333333,VALID,104.488992,VALID,0.96012,VALID,Online,Resolved: Operating normally
2026-04-30 11:00:00+00:00,16.766666666666666,VALID,105.196912,VALID,0.961644,VALID,Online,Resolved: Operating normally
2026-04-30 12:00:00+00:00,16.625,VALID,105.904832,VALID,0.9631680000000001,VALID,Online,Resolved: Operating normally
2026-04-30 13:00:00+00:00,16.508333333333333,VALID,107.03750400000001,VALID,0.9652000000000002,VALID,Online,Resolved: Operating normally
2026-04-30 14:00:00+00:00,16.425,VALID,106.80153066666666,VALID,0.964692,VALID,Online,Resolved: Operating normally
2026-04-30 15:00:00+00:00,16.45,VALID,105.82760436363637,VALID,0.9634220000000001,VALID,Online,Resolved: Operating normally
2026-04-30 16:00:00+00:00,16.625,VALID,105.28701090909091,VALID,0.9611360000000001,VALID,Online,Resolved: Operating normally
2026-04-30 17:00:00+00:00,16.925,VALID,105.6782976,VALID,0.9624060000000001,VALID,Online,Resolved: Operating normally
2026-04-30 18:00:00+00:00,17.466666666666665,VALID,105.8765152,VALID,0.964184,VALID,Online,Resolved: Operating normally
2026-04-30 19:00:00+00:00,17.941666666666666,VALID,106.52265309090909,VALID,0.9646920000000002,VALID,Online,Resolved: Operating normally
2026-04-30 20:00:00+00:00,18.25,VALID,106.14080533333333,VALID,0.963422,VALID,Online,Resolved: Operating normally
2026-04-30 21:00:00+00:00,18.416666666666668,VALID,105.9614656,VALID,0.963168,VALID,Online,Resolved: Operating normally
2026-04-30 22:00:00+00:00,18.566666666666666,VALID,104.61484444444444,VALID,0.961898,VALID,Online,Resolved: Operating normally
2026-04-30 23:00:00+00:00,18.608333333333334,VALID,104.913744,VALID,0.9608820000000001,VALID,Online,Resolved: Operating normally
2026-05-01 00:00:00+00:00,18.458333333333332,VALID,103.61589066666666,VALID,0.958596,VALID,Online,Resolved: Operating normally
2026-05-01 01:00:00+00:00,18.4,VALID,104.60697866666665,VALID,0.960374,VALID,Online,Resolved: Operating normally
2026-05-01 02:00:00+00:00,18.258333333333333,VALID,104.96093866666666,VALID,0.9611360000000001,VALID,Online,Resolved: Operating normally
2026-05-01 03:00:00+00:00,18.0,VALID,104.34740799999999,VALID,0.959866,VALID,Online,Resolved: Operating normally
2026-05-01 04:00:00+00:00,17.816666666666666,VALID,103.63948799999999,VALID,0.958596,VALID,Online,Resolved: Operating normally
2026-05-01 05:00:00+00:00,17.541666666666668,VALID,102.789984,VALID,0.957072,VALID,Online,Resolved: Operating normally
2026-05-01 06:00:00+00:00,17.333333333333332,VALID,102.365232,VALID,0.9563100000000001,VALID,Online,Resolved: Operating normally
2026-05-01 07:00:00+00:00,17.133333333333333,VALID,101.374144,VALID,0.9545319999999999,VALID,Online,Resolved: Operating normally
2026-05-01 08:00:00+00:00,16.925,VALID,100.666224,VALID,0.953262,VALID,Online,Resolved: Operating normally
2026-05-01 09:00:00+00:00,16.716666666666665,VALID,101.090976,VALID,0.954024,VALID,Online,Resolved: Operating normally
2026-05-01 10:00:00+00:00,16.525000000000002,VALID,100.241472,VALID,0.9525,VALID,Online,Resolved: Operating normally
2026-05-01 11:00:00+00:00,16.35833333333333,VALID,100.94939199999999,VALID,0.95377,VALID,Online,Resolved: Operating normally
2026-05-01 12:00:00+00:00,16.208333333333332,VALID,101.090976,VALID,0.954024,VALID,Online,Resolved: Operating normally
2026-05-01 13:00:00+00:00,16.241666666666667,VALID,101.090976,VALID,0.954024,VALID,Online,Resolved: Operating normally
2026-05-01 14:00:00+00:00,16.775000000000002,VALID,101.657312,VALID,0.95504,VALID,Online,Resolved: Operating normally
2026-05-01 15:00:00+00:00,17.341666666666665,VALID,102.365232,VALID,0.9563100000000001,VALID,Online,Resolved: Operating normally
2026-05-01 16:00:00+00:00,17.683333333333334,VALID,101.798896,VALID,0.955294,VALID,Online,Resolved: Operating normally
2026-05-01 17:00:00+00:00,18.141666666666666,VALID,102.22364800000001,VALID,0.9560559999999999,VALID,Online,Resolved: Operating normally
2026-05-01 18:00:00+00:00,18.491666666666667,VALID,102.506816,VALID,0.9565640000000001,VALID,Online,Resolved: Operating normally
2026-05-01 19:00:00+00:00,18.883333333333333,VALID,102.506816,VALID,0.9565640000000001,VALID,Online,Resolved: Operating normally
2026-05-01 20:00:00+00:00,19.016666666666666,VALID,102.6484,VALID,0.9568180000000001,VALID,Online,Resolved: Operating normally
2026-05-01 21:00:00+00:00,19.150000000000002,VALID,102.365232,VALID,0.9563100000000001,VALID,Online,Resolved: Operating normally
2026-05-01 22:00:00+00:00,19.291666666666668,VALID,101.23255999999999,VALID,0.954278,VALID,Online,Resolved: Operating normally
2026-05-01 23:00:00+00:00,19.3,VALID,101.090976,VALID,0.954024,VALID,Online,Resolved: Operating normally
2026-05-02 00:00:00+00:00,19.291666666666668,VALID,100.52463999999999,VALID,0.953008,VALID,Online,Resolved: Operating normally
2026-05-02 01:00:00+00:00,19.14166666666667,VALID,100.666224,VALID,0.953262,VALID,Online,Resolved: Operating normally
2026-05-02 02:00:00+00:00,18.883333333333333,VALID,100.52463999999999,VALID,0.953008,VALID,Online,Resolved: Operating normally
2026-05-02 03:00:00+00:00,18.558333333333334,VALID,100.241472,VALID,0.9525,VALID,Online,Resolved: Operating normally
2026-05-02 04:00:00+00:00,18.241666666666667,VALID,99.533552,VALID,0.9512300000000001,VALID,Online,Resolved: Operating normally
2026-05-02 05:00:00+00:00,18.041666666666668,VALID,99.958304,VALID,0.9519920000000001,VALID,Online,Resolved: Operating normally
2026-05-02 06:00:00+00:00,17.9,VALID,99.67513600000001,VALID,0.9514840000000001,VALID,Online,Resolved: Operating normally
2026-05-02 07:00:00+00:00,17.75,VALID,100.38305600000001,VALID,0.952754,VALID,Online,Resolved: Operating normally
2026-05-02 08:00:00+00:00,17.608333333333334,VALID,100.949392,VALID,0.95377,VALID,Online,Resolved: Operating normally
2026-05-02 09:00:00+00:00,17.474999999999998,VALID,100.80780800000001,VALID,0.953516,VALID,Online,Resolved: Operating normally
2026-05-02 10:00:00+00:00,17.25,VALID,99.958304,VALID,0.9519920000000001,VALID,Online,Resolved: Operating normally
2026-05-02 11:00:00+00:00,17.083333333333332,VALID,100.52463999999999,VALID,0.9530080000000001,VALID,Online,Resolved: Operating normally
2026-05-02 12:00:00+00:00,16.925,VALID,101.374144,VALID,0.9545319999999999,VALID,Online,Resolved: Operating normally
2026-05-02 13:00:00+00:00,16.808333333333334,VALID,103.073152,VALID,0.95758,VALID,Online,Resolved: Operating normally
2026-05-02 14:00:00+00:00,16.708333333333332,VALID,103.497904,VALID,0.958342,VALID,Online,Resolved: Operating normally
2026-05-02 15:00:00+00:00,16.7,VALID,104.58338133333332,VALID,0.960374,VALID,Online,Resolved: Operating normally
2026-05-02 16:00:00+00:00,16.875,VALID,105.31489866666668,VALID,0.961898,VALID,Online,Resolved: Operating normally
2026-05-02 17:00:00+00:00,17.641666666666666,VALID,105.904832,VALID,0.9631680000000001,VALID,Online,Resolved: Operating normally
2026-05-02 18:00:00+00:00,18.099999999999998,VALID,106.188,VALID,0.9636760000000001,VALID,Online,Resolved: Operating normally
2026-05-02 19:00:00+00:00,18.516666666666666,VALID,106.612752,VALID,0.964438,VALID,Online,Resolved: Operating normally
2026-05-02 20:00:00+00:00,18.658333333333335,VALID,106.75433600000001,VALID,0.9646920000000002,VALID,Online,Resolved: Operating normally
2026-05-02 21:00:00+00:00,18.8,VALID,107.037504,VALID,0.9652000000000002,VALID,Online,Resolved: Operating normally
2026-05-02 22:00:00+00:00,18.8,VALID,107.179088,VALID,0.9654540000000001,VALID,Online,Resolved: Operating normally
2026-05-02 23:00:00+00:00,18.808333333333334,VALID,109.01968,VALID,0.9687560000000001,VALID,Online,Resolved: Operating normally
2026-05-03 00:00:00+00:00,18.8,VALID,109.869184,VALID,0.9702800000000001,VALID,Online,Resolved: Operating normally
2026-05-03 01:00:00+00:00,18.8,VALID,110.718688,VALID,0.9718040000000001,VALID,Online,Resolved: Operating normally
2026-05-03 02:00:00+00:00,18.733333333333334,VALID,110.577104,VALID,0.9715500000000001,VALID,Online,Resolved: Operating normally
2026-05-03 03:00:00+00:00,18.633333333333336,VALID,109.58601599999999,VALID,0.9697720000000002,VALID,Online,Resolved: Operating normally
2026-05-03 04:00:00+00:00,18.474999999999998,VALID,109.444432,VALID,0.9695180000000002,VALID,Online,Resolved: Operating normally
2026-05-03 05:00:00+00:00,18.283333333333335,VALID,109.58601599999999,VALID,0.9697720000000002,VALID,Online,Resolved: Operating normally
2026-05-03 06:00:00+00:00,18.041666666666668,VALID,110.718688,VALID,0.9718040000000001,VALID,Online,Resolved: Operating normally
2026-05-03 07:00:00+00:00,17.741666666666667,VALID,110.86027200000001,VALID,0.9720580000000001,VALID,Online,Resolved: Operating normally
2026-05-03 08:00:00+00:00,17.458333333333332,VALID,110.43552,VALID,0.971296,VALID,Online,Resolved: Operating normally
2026-05-03 09:00:00+00:00,17.191666666666666,VALID,110.86027200000001,VALID,0.9720580000000001,VALID,Online,Resolved: Operating normally
2026-05-03 10:00:00+00:00,16.974999999999998,VALID,111.00185600000002,VALID,0.9723120000000001,VALID,Online,Resolved: Operating normally
2026-05-03 11:00:00+00:00,16.775000000000002,VALID,111.426608,VALID,0.9730740000000001,VALID,Online,Resolved: Operating normally
2026-05-03 12:00:00+00:00,16.458333333333332,VALID,110.43552,VALID,0.9712960000000002,VALID,Online,Resolved: Operating normally
2026-05-03 13:00:00+00:00,16.208333333333332,VALID,109.92066909090909,VALID,0.9707880000000001,VALID,Online,Resolved: Operating normally
2026-05-03 14:00:00+00:00,16.025000000000002,VALID,109.98245119999999,VALID,0.9707880000000001,VALID,Online,Resolved: Operating normally
2026-05-03 15:00:00+00:00,16.025000000000002,VALID,111.19063466666665,VALID,0.9730740000000001,VALID,Online,Resolved: Operating normally
2026-05-03 16:00:00+00:00,16.241666666666667,VALID,111.24457142857143,VALID,0.9728200000000001,VALID,Online,Resolved: Operating normally
2026-05-03 17:00:00+00:00,16.716666666666665,VALID,113.75630836363635,VALID,0.977392,VALID,Online,Resolved: Operating normally
2026-05-03 18:00:00+00:00,17.416666666666668,VALID,115.532544,VALID,0.9801860000000001,VALID,Online,Resolved: Operating normally
2026-05-03 19:00:00+00:00,17.991666666666667,VALID,116.55194879999999,VALID,0.9827260000000001,VALID,Online,Resolved: Operating normally
2026-05-03 20:00:00+00:00,18.383333333333333,VALID,117.23155200000001,VALID,0.9829800000000001,VALID,Online,Resolved: Operating normally
2026-05-03 21:00:00+00:00,18.675,VALID,117.93947200000001,VALID,0.98425,VALID,Online,Resolved: Operating normally
2026-05-03 22:00:00+00:00,18.866666666666664,VALID,118.788976,VALID,0.985774,VALID,Online,Resolved: Operating normally
2026-05-03 23:00:00+00:00,18.875,VALID,118.081056,VALID,0.9845039999999999,VALID,Online,Resolved: Operating normally
2026-05-04 00:00:00+00:00,18.75,VALID,118.081056,VALID,0.9845039999999999,VALID,Online,Resolved: Operating normally
2026-05-04 01:00:00+00:00,18.566666666666666,VALID,118.081056,VALID,0.9845039999999999,VALID,Online,Resolved: Operating normally
2026-05-04 02:00:00+00:00,18.349999999999998,VALID,118.364224,VALID,0.9850120000000001,VALID,Online,Resolved: Operating normally
2026-05-04 03:00:00+00:00,18.05,VALID,118.081056,VALID,0.9845039999999999,VALID,Online,Resolved: Operating normally
2026-05-04 04:00:00+00:00,17.741666666666667,VALID,117.51472000000001,VALID,0.983488,VALID,Online,Resolved: Operating normally
2026-05-04 05:00:00+00:00,17.474999999999998,VALID,116.94838399999999,VALID,0.9824720000000001,VALID,Online,Resolved: Operating normally
2026-05-04 06:00:00+00:00,17.25,VALID,116.523632,VALID,0.9817100000000001,VALID,Online,Resolved: Operating normally
2026-05-04 07:00:00+00:00,17.025000000000002,VALID,116.382048,VALID,0.9814560000000001,VALID,Online,Resolved: Operating normally
2026-05-04 08:00:00+00:00,16.8,VALID,115.957296,VALID,0.9806940000000001,VALID,Online,Resolved: Operating normally
2026-05-04 09:00:00+00:00,16.591666666666665,VALID,116.09888000000001,VALID,0.9809480000000002,VALID,Online,Resolved: Operating normally
2026-05-04 10:00:00+00:00,16.425,VALID,115.815712,VALID,0.9804400000000001,VALID,Online,Resolved: Operating normally
2026-05-04 11:00:00+00:00,16.25,VALID,115.53254399999999,VALID,0.9799320000000001,VALID,Online,Resolved: Operating normally
2026-05-04 12:00:00+00:00,16.083333333333332,VALID,114.96620800000001,VALID,0.978916,VALID,Online,Resolved: Operating normally
2026-05-04 13:00:00+00:00,16.125,VALID,114.82462400000001,VALID,0.978662,VALID,Online,Resolved: Operating normally
2026-05-04 14:00:00+00:00,16.558333333333334,VALID,114.18749600000001,VALID,0.977646,VALID,Online,Resolved: Operating normally
2026-05-04 15:00:00+00:00,17.116666666666667,VALID,113.691952,VALID,0.9768840000000001,VALID,Online,Resolved: Operating normally
2026-05-04 16:00:00+00:00,17.966666666666665,VALID,113.196408,VALID,0.9761220000000002,VALID,Online,Resolved: Operating normally
2026-05-04 17:00:00+00:00,18.691666666666666,VALID,113.196408,VALID,0.9761220000000002,VALID,Online,Resolved: Operating normally
2026-05-04 18:00:00+00:00,18.958333333333332,VALID,113.691952,VALID,0.9768840000000001,VALID,Online,Resolved: Operating normally
2026-05-04 19:00:00+00:00,19.166666666666668,VALID,113.85713333333332,VALID,0.9771380000000001,VALID,Online,Resolved: Operating normally
2026-05-04 20:00:00+00:00,19.333333333333332,VALID,113.52677066666666,VALID,0.9766300000000001,VALID,Online,Resolved: Operating normally
2026-05-04 21:00:00+00:00,19.566666666666666,VALID,113.054824,VALID,0.9758680000000001,VALID,Online,Resolved: Operating normally
2026-05-04 22:00:00+00:00,19.7,VALID,112.55928,VALID,0.9751060000000001,VALID,Online,Resolved: Operating normally
2026-05-04 23:00:00+00:00,19.683333333333334,VALID,112.134528,VALID,0.974344,VALID,Online,Resolved: Operating normally
2026-05-05 00:00:00+00:00,19.6,VALID,111.00185600000002,VALID,0.9723120000000001,VALID,Online,Resolved: Operating normally
2026-05-05 01:00:00+00:00,19.508333333333333,VALID,111.00185600000002,VALID,0.9723120000000001,VALID,Online,Resolved: Operating normally
2026-05-05 02:00:00+00:00,19.125,VALID,111.00185600000002,VALID,0.9723120000000001,VALID,Online,Resolved: Operating normally
2026-05-05 03:00:00+00:00,18.858333333333334,VALID,110.43552,VALID,0.971296,VALID,Online,Resolved: Operating normally
2026-05-05 04:00:00+00:00,18.683333333333334,VALID,109.444432,VALID,0.9695180000000002,VALID,Online,Resolved: Operating normally
2026-05-05 05:00:00+00:00,18.508333333333333,VALID,109.302848,VALID,0.9692640000000002,VALID,Online,Resolved: Operating normally
2026-05-05 06:00:00+00:00,18.341666666666665,VALID,109.161264,VALID,0.96901,VALID,Online,Resolved: Operating normally
2026-05-05 07:00:00+00:00,18.241666666666667,VALID,108.028592,VALID,0.9669780000000001,VALID,Online,Resolved: Operating normally
2026-05-05 08:00:00+00:00,18.116666666666667,VALID,107.60384,VALID,0.9662160000000001,VALID,Online,Resolved: Operating normally
2026-05-05 09:00:00+00:00,17.958333333333332,VALID,107.320672,VALID,0.9657080000000001,VALID,Online,Resolved: Operating normally
2026-05-05 10:00:00+00:00,17.833333333333332,VALID,106.188,VALID,0.9636760000000001,VALID,Online,Resolved: Operating normally
2026-05-05 11:00:00+00:00,17.741666666666667,VALID,105.904832,VALID,0.9631680000000001,VALID,Online,Resolved: Operating normally
2026-05-05 12:00:00+00:00,17.625,VALID,105.78684533333335,VALID,0.9629140000000002,VALID,Online,Resolved: Operating normally
2026-05-05 13:00:00+00:00,17.666666666666668,VALID,105.55087199999998,VALID,0.9624060000000001,VALID,Online,Resolved: Operating normally
2026-05-05 14:00:00+00:00,18.2,VALID,105.78684533333335,VALID,0.9629140000000002,VALID,Online,Resolved: Operating normally
2026-05-05 15:00:00+00:00,18.825,VALID,107.179088,VALID,0.9654540000000001,VALID,Online,Resolved: Operating normally
2026-05-05 16:00:00+00:00,19.391666666666666,VALID,108.87809599999999,VALID,0.9685020000000001,VALID,Online,Resolved: Operating normally
2026-05-05 17:00:00+00:00,19.941666666666666,VALID,110.86027200000001,VALID,0.9720580000000001,VALID,Online,Resolved: Operating normally
2026-05-05 18:00:00+00:00,20.591666666666665,VALID,111.426608,VALID,0.9730740000000001,VALID,Online,Resolved: Operating normally
2026-05-05 19:00:00+00:00,20.966666666666665,VALID,110.03436533333333,VALID,0.9705340000000001,VALID,Online,Resolved: Operating normally
2026-05-05 20:00:00+00:00,21.066666666666666,VALID,107.745424,VALID,0.9664700000000002,VALID,Online,Resolved: Operating normally
2026-05-05 21:00:00+00:00,21.258333333333333,VALID,105.07892533333334,VALID,0.9613900000000001,VALID,Online,Resolved: Operating normally
2026-05-05 22:00:00+00:00,21.424999999999997,VALID,103.04955466666667,VALID,0.95758,VALID,Online,Resolved: Operating normally
2026-05-05 23:00:00+00:00,21.5,VALID,102.506816,VALID,0.9565640000000001,VALID,Online,Resolved: Operating normally
2026-05-06 00:00:00+00:00,21.474999999999998,VALID,101.94048,VALID,0.955548,VALID,Online,Resolved: Operating normally
2026-05-06 01:00:00+00:00,21.308333333333334,VALID,101.23255999999999,VALID,0.954278,VALID,Online,Resolved: Operating normally
2026-05-06 02:00:00+00:00,20.974999999999998,VALID,100.94939199999999,VALID,0.95377,VALID,Online,Resolved: Operating normally
2026-05-06 03:00:00+00:00,20.666666666666668,VALID,100.94939199999999,VALID,0.95377,VALID,Online,Resolved: Operating normally
2026-05-06 04:00:00+00:00,20.408333333333335,VALID,99.958304,VALID,0.9519920000000001,VALID,Online,Resolved: Operating normally
2026-05-06 05:00:00+00:00,20.233333333333334,VALID,99.533552,VALID,0.9512300000000001,VALID,Online,Resolved: Operating normally
2026-05-06 06:00:00+00:00,20.05,VALID,98.96721600000001,VALID,0.950214,VALID,Online,Resolved: Operating normally
2026-05-06 07:00:00+00:00,19.9,VALID,98.117712,VALID,0.94869,VALID,Online,Resolved: Operating normally
2026-05-06 08:00:00+00:00,19.724999999999998,VALID,98.684048,VALID,0.949706,VALID,Online,Resolved: Operating normally
2026-05-06 09:00:00+00:00,19.558333333333334,VALID,99.10880000000002,VALID,0.950468,VALID,Online,Resolved: Operating normally
2026-05-06 10:00:00+00:00,19.40833333333333,VALID,100.099888,VALID,0.952246,VALID,Online,Resolved: Operating normally
2026-05-06 11:00:00+00:00,19.316666666666666,VALID,101.374144,VALID,0.9545319999999999,VALID,Online,Resolved: Operating normally
2026-05-06 12:00:00+00:00,19.208333333333332,VALID,102.6484,VALID,0.9568180000000001,VALID,Online,Resolved: Operating normally
2026-05-06 13:00:00+00:00,19.14166666666667,VALID,102.789984,VALID,0.957072,VALID,Online,Resolved: Operating normally
2026-05-06 14:00:00+00:00,19.1,VALID,104.06424,VALID,0.9593579999999999,VALID,Online,Resolved: Operating normally
2026-05-06 15:00:00+00:00,19.191666666666666,VALID,104.488992,VALID,0.96012,VALID,Online,Resolved: Operating normally
2026-05-06 16:00:00+00:00,19.516666666666666,VALID,105.03173066666666,VALID,0.9613900000000001,VALID,Online,Resolved: Operating normally
2026-05-06 17:00:00+00:00,19.916666666666668,VALID,105.22050933333333,VALID,0.961644,VALID,Online,Resolved: Operating normally
2026-05-06 18:00:00+00:00,20.25,VALID,107.320672,VALID,0.9657080000000001,VALID,Online,Resolved: Operating normally
2026-05-06 19:00:00+00:00,20.591666666666665,VALID,107.887008,VALID,0.9667240000000001,VALID,Online,Resolved: Operating normally
2026-05-06 20:00:00+00:00,20.916666666666668,VALID,107.887008,VALID,0.9667240000000001,VALID,Online,Resolved: Operating normally
2026-05-06 21:00:00+00:00,21.09166666666667,VALID,107.887008,VALID,0.9667240000000001,VALID,Online,Resolved: Operating normally
2026-05-06 22:00:00+00:00,21.116666666666667,VALID,108.87809599999999,VALID,0.9685020000000001,VALID,Online,Resolved: Operating normally
2026-05-06 23:00:00+00:00,21.05,VALID,109.161264,VALID,0.96901,VALID,Online,Resolved: Operating normally
2026-05-07 00:00:00+00:00,21.0,VALID,108.736512,VALID,0.9682480000000001,VALID,Online,Resolved: Operating normally
2026-05-07 01:00:00+00:00,21.0,VALID,108.17017600000001,VALID,0.9672320000000001,VALID,Online,Resolved: Operating normally
2026-05-07 02:00:00+00:00,21.0,VALID,108.028592,VALID,0.9669780000000001,VALID,Online,Resolved: Operating normally
2026-05-07 03:00:00+00:00,20.933333333333334,VALID,106.75433600000001,VALID,0.964692,VALID,Online,Resolved: Operating normally
2026-05-07 04:00:00+00:00,20.833333333333332,VALID,105.66885866666667,VALID,0.9626600000000001,VALID,Online,Resolved: Operating normally
2026-05-07 05:00:00+00:00,20.666666666666668,VALID,104.72496533333333,VALID,0.9606279999999999,VALID,Online,Resolved: Operating normally
2026-05-07 06:00:00+00:00,20.491666666666667,VALID,104.488992,VALID,0.96012,VALID,Online,Resolved: Operating normally
2026-05-07 07:00:00+00:00,20.333333333333332,VALID,104.205824,VALID,0.9596119999999999,VALID,Online,Resolved: Operating normally
2026-05-07 08:00:00+00:00,20.133333333333333,VALID,104.205824,VALID,0.9596119999999999,VALID,Online,Resolved: Operating normally
2026-05-07 09:00:00+00:00,19.966666666666665,VALID,104.34740799999999,VALID,0.959866,VALID,Online,Resolved: Operating normally
2026-05-07 10:00:00+00:00,19.825,VALID,104.205824,VALID,0.9596119999999999,VALID,Online,Resolved: Operating normally
2026-05-07 11:00:00+00:00,19.708333333333332,VALID,102.789984,VALID,0.957072,VALID,Online,Resolved: Operating normally
2026-05-07 12:00:00+00:00,19.558333333333334,VALID,102.789984,VALID,0.957072,VALID,Online,Resolved: Operating normally
2026-05-07 13:00:00+00:00,19.40833333333333,VALID,102.6484,VALID,0.9568180000000001,VALID,Online,Resolved: Operating normally
2026-05-07 14:00:00+00:00,19.266666666666666,VALID,102.365232,VALID,0.9563100000000001,VALID,Online,Resolved: Operating normally
2026-05-07 15:00:00+00:00,19.216666666666665,VALID,101.798896,VALID,0.955294,VALID,Online,Resolved: Operating normally
2026-05-07 16:00:00+00:00,19.224999999999998,VALID,101.090976,VALID,0.954024,VALID,Online,Resolved: Operating normally
2026-05-07 17:00:00+00:00,19.566666666666666,VALID,101.090976,VALID,0.954024,VALID,Online,Resolved: Operating normally
2026-05-07 18:00:00+00:00,20.075,VALID,100.94939199999999,VALID,0.95377,VALID,Online,Resolved: Operating normally
2026-05-07 19:00:00+00:00,20.416666666666668,VALID,99.533552,VALID,0.9512300000000001,VALID,Online,Resolved: Operating normally
2026-05-07 20:00:00+00:00,20.575,VALID,99.391968,VALID,0.9509760000000002,VALID,Online,Resolved: Operating normally
2026-05-07 21:00:00+00:00,20.833333333333332,VALID,99.533552,VALID,0.9512300000000001,VALID,Online,Resolved: Operating normally
2026-05-07 22:00:00+00:00,20.941666666666666,VALID,99.391968,VALID,0.9509760000000002,VALID,Online,Resolved: Operating normally
2026-05-07 23:00:00+00:00,20.95,VALID,98.542464,VALID,0.949452,VALID,Online,Resolved: Operating normally
2026-05-08 00:00:00+00:00,20.866666666666664,VALID,97.69296000000001,VALID,0.947928,VALID,Online,Resolved: Operating normally
2026-05-08 01:00:00+00:00,20.8,VALID,97.69296000000001,VALID,0.947928,VALID,Online,Resolved: Operating normally
2026-05-08 02:00:00+00:00,20.708333333333332,VALID,96.98503999999998,VALID,0.9464039999999999,VALID,Online,Resolved: Operating normally
2026-05-08 03:00:00+00:00,20.625,VALID,96.39510666666666,VALID,0.945134,VALID,Online,Resolved: Operating normally
2026-05-08 04:00:00+00:00,20.483333333333334,VALID,96.135536,VALID,0.9446260000000001,VALID,Online,Resolved: Operating normally
2026-05-08 05:00:00+00:00,20.191666666666666,VALID,95.852368,VALID,0.944118,VALID,Online,Resolved: Operating normally
2026-05-08 06:00:00+00:00,19.933333333333334,VALID,94.86128000000001,VALID,0.9423400000000001,VALID,Online,Resolved: Operating normally
2026-05-08 07:00:00+00:00,19.724999999999998,VALID,94.43652800000001,VALID,0.9415779999999999,VALID,Online,Resolved: Operating normally
2026-05-08 08:00:00+00:00,19.533333333333335,VALID,93.72860800000001,VALID,0.940308,VALID,Online,Resolved: Operating normally
2026-05-08 09:00:00+00:00,19.316666666666666,VALID,94.43652800000001,VALID,0.9415779999999999,VALID,Online,Resolved: Operating normally
2026-05-08 10:00:00+00:00,19.058333333333334,VALID,94.43652800000001,VALID,0.9415779999999999,VALID,Online,Resolved: Operating normally
2026-05-08 11:00:00+00:00,18.849999999999998,VALID,94.43652800000001,VALID,0.9415779999999999,VALID,Online,Resolved: Operating normally
2026-05-08 12:00:00+00:00,18.666666666666668,VALID,94.43652800000001,VALID,0.9415779999999999,VALID,Online,Resolved: Operating normally
2026-05-08 13:00:00+00:00,18.525000000000002,VALID,93.87019199999999,VALID,0.940562,VALID,Online,Resolved: Operating normally
2026-05-08 14:00:00+00:00,18.75,VALID,93.44544,VALID,0.9398,VALID,Online,Resolved: Operating normally
2026-05-08 15:00:00+00:00,19.183333333333334,VALID,93.04428533333333,VALID,0.939038,VALID,Online,Resolved: Operating normally
2026-05-08 16:00:00+00:00,19.599999999999998,VALID,92.05319733333333,VALID,0.9370060000000001,VALID,Online,Resolved: Operating normally
2026-05-08 17:00:00+00:00,20.091666666666665,VALID,91.65204266666666,VALID,0.936244,VALID,Online,Resolved: Operating normally
2026-05-08 18:00:00+00:00,20.5,VALID,91.55765333333333,VALID,0.93599,VALID,Online,Resolved: Operating normally
2026-05-08 19:00:00+00:00,21.016666666666666,VALID,91.79362666666667,VALID,0.9364979999999999,VALID,Online,Resolved: Operating normally
2026-05-08 20:00:00+00:00,21.158333333333335,VALID,91.69923733333333,VALID,0.936244,VALID,Online,Resolved: Operating normally
2026-05-08 21:00:00+00:00,20.941666666666666,VALID,91.58125066666666,VALID,0.93599,VALID,Online,Resolved: Operating normally
2026-05-08 22:00:00+00:00,20.775000000000002,VALID,92.525144,VALID,0.938022,VALID,Online,Resolved: Operating normally
2026-05-08 23:00:00+00:00,20.616666666666667,VALID,91.817224,VALID,0.9364979999999999,VALID,Online,Resolved: Operating normally
2026-05-09 00:00:00+00:00,20.6,VALID,91.463264,VALID,0.935736,VALID,Online,Resolved: Operating normally
2026-05-09 01:00:00+00:00,20.575,VALID,91.463264,VALID,0.935736,VALID,Online,Resolved: Operating normally
2026-05-09 02:00:00+00:00,20.466666666666665,VALID,90.896928,VALID,0.93472,VALID,Online,Resolved: Operating normally
2026-05-09 03:00:00+00:00,20.4,VALID,89.64626933333334,VALID,0.9324340000000001,VALID,Online,Resolved: Operating normally
2026-05-09 04:00:00+00:00,20.349999999999998,VALID,89.17432266666667,VALID,0.931418,VALID,Online,Resolved: Operating normally
2026-05-09 05:00:00+00:00,20.241666666666667,VALID,87.92366399999999,VALID,0.9288780000000001,VALID,Online,Resolved: Operating normally
2026-05-09 06:00:00+00:00,20.14166666666667,VALID,86.790992,VALID,0.9268460000000002,VALID,Online,Resolved: Operating normally
2026-05-09 07:00:00+00:00,20.025000000000002,VALID,86.17746133333333,VALID,0.9255760000000001,VALID,Online,Resolved: Operating normally
2026-05-09 08:00:00+00:00,19.9,VALID,86.05947466666667,VALID,0.9253220000000001,VALID,Online,Resolved: Operating normally
2026-05-09 09:00:00+00:00,19.733333333333334,VALID,85.82350133333334,VALID,0.924814,VALID,Online,Resolved: Operating normally
2026-05-09 10:00:00+00:00,19.575,VALID,85.82350133333334,VALID,0.924814,VALID,Online,Resolved: Operating normally
2026-05-09 11:00:00+00:00,19.433333333333334,VALID,86.41343466666666,VALID,0.926084,VALID,Online,Resolved: Operating normally
2026-05-09 12:00:00+00:00,19.258333333333333,VALID,86.932576,VALID,0.9271000000000001,VALID,Online,Resolved: Operating normally
2026-05-09 13:00:00+00:00,19.158333333333335,VALID,88.206832,VALID,0.929386,VALID,Online,Resolved: Operating normally
2026-05-09 14:00:00+00:00,19.1,VALID,88.206832,VALID,0.929386,VALID,Online,Resolved: Operating normally
2026-05-09 15:00:00+00:00,19.266666666666666,VALID,88.065248,VALID,0.9291320000000001,VALID,Online,Resolved: Operating normally
2026-05-09 16:00:00+00:00,19.650000000000002,VALID,88.206832,VALID,0.929386,VALID,Online,Resolved: Operating normally
2026-05-09 17:00:00+00:00,19.883333333333333,VALID,88.348416,VALID,0.92964,VALID,Online,Resolved: Operating normally
2026-05-09 18:00:00+00:00,20.166666666666668,VALID,87.498912,VALID,0.928116,VALID,Online,Resolved: Operating normally
2026-05-09 19:00:00+00:00,20.400000000000002,VALID,87.357328,VALID,0.9278620000000001,VALID,Online,Resolved: Operating normally
2026-05-09 20:00:00+00:00,21.05,VALID,87.78208,VALID,0.9286240000000001,VALID,Online,Resolved: Operating normally
2026-05-09 21:00:00+00:00,21.175,VALID,86.932576,VALID,0.9271000000000001,VALID,Online,Resolved: Operating normally
2026-05-09 22:00:00+00:00,21.033333333333335,VALID,86.41343466666666,VALID,0.926084,VALID,Online,Resolved: Operating normally
2026-05-09 23:00:00+00:00,20.933333333333334,VALID,85.35155466666667,VALID,0.923798,VALID,Online,Resolved: Operating normally
2026-05-10 00:00:00+00:00,20.933333333333334,VALID,85.11558133333334,VALID,0.92329,VALID,Online,Resolved: Operating normally
2026-05-10 01:00:00+00:00,21.0,VALID,84.99759466666667,VALID,0.9230360000000001,VALID,Online,Resolved: Operating normally
2026-05-10 02:00:00+00:00,21.0,VALID,84.76162133333334,VALID,0.9225280000000001,VALID,Online,Resolved: Operating normally
2026-05-10 03:00:00+00:00,21.0,VALID,84.76162133333334,VALID,0.9225280000000001,VALID,Online,Resolved: Operating normally
2026-05-10 04:00:00+00:00,20.916666666666668,VALID,83.817728,VALID,0.9204960000000001,VALID,Online,Resolved: Operating normally
2026-05-10 05:00:00+00:00,20.833333333333332,VALID,83.817728,VALID,0.9204960000000001,VALID,Online,Resolved: Operating normally
2026-05-10 06:00:00+00:00,20.716666666666665,VALID,83.817728,VALID,0.9204960000000001,VALID,Online,Resolved: Operating normally
2026-05-10 07:00:00+00:00,20.583333333333332,VALID,83.817728,VALID,0.9204960000000001,VALID,Online,Resolved: Operating normally
2026-05-10 08:00:00+00:00,20.425,VALID,83.817728,VALID,0.9204960000000001,VALID,Online,Resolved: Operating normally
2026-05-10 09:00:00+00:00,20.241666666666667,VALID,83.67614400000001,VALID,0.920242,VALID,Online,Resolved: Operating normally
2026-05-10 10:00:00+00:00,20.09166666666667,VALID,83.53456,VALID,0.919988,VALID,Online,Resolved: Operating normally
2026-05-10 11:00:00+00:00,19.966666666666665,VALID,83.392976,VALID,0.919734,VALID,Online,Resolved: Operating normally
2026-05-10 12:00:00+00:00,19.841666666666665,VALID,83.67614400000001,VALID,0.920242,VALID,Online,Resolved: Operating normally
2026-05-10 13:00:00+00:00,19.691666666666666,VALID,83.392976,VALID,0.919734,VALID,Online,Resolved: Operating normally
2026-05-10 14:00:00+00:00,19.608333333333334,VALID,83.109808,VALID,0.9192260000000001,VALID,Online,Resolved: Operating normally
2026-05-10 15:00:00+00:00,19.833333333333332,VALID,82.11872,VALID,0.9174479999999999,VALID,Online,Resolved: Operating normally
2026-05-10 16:00:00+00:00,20.066666666666666,VALID,82.11872,VALID,0.9174479999999999,VALID,Online,Resolved: Operating normally
2026-05-10 17:00:00+00:00,20.158333333333335,VALID,82.11872,VALID,0.9174479999999999,VALID,Online,Resolved: Operating normally
2026-05-10 18:00:00+00:00,20.2,VALID,82.11872,VALID,0.9174479999999999,VALID,Online,Resolved: Operating normally
2026-05-10 19:00:00+00:00,20.666666666666668,VALID,81.906344,VALID,0.91694,VALID,Online,Resolved: Operating normally
2026-05-10 20:00:00+00:00,21.025,VALID,82.543472,VALID,0.9182099999999999,VALID,Online,Resolved: Operating normally
2026-05-10 21:00:00+00:00,21.358333333333334,VALID,81.4108,VALID,0.915924,VALID,Online,Resolved: Operating normally
2026-05-10 22:00:00+00:00,21.358333333333334,VALID,82.11872,VALID,0.9174479999999999,VALID,Online,Resolved: Operating normally
2026-05-10 23:00:00+00:00,21.375,VALID,82.14231733333334,VALID,0.9174479999999999,VALID,Online,Resolved: Operating normally
2026-05-11 00:00:00+00:00,21.216666666666665,VALID,83.109808,VALID,0.9192260000000001,VALID,Online,Resolved: Operating normally
2026-05-11 01:00:00+00:00,21.1,VALID,82.82664,VALID,0.918718,VALID,Online,Resolved: Operating normally
2026-05-11 02:00:00+00:00,21.008333333333333,VALID,82.11872,VALID,0.9174479999999999,VALID,Online,Resolved: Operating normally
2026-05-11 03:00:00+00:00,21.0,VALID,82.11872,VALID,0.9174479999999999,VALID,Online,Resolved: Operating normally
2026-05-11 04:00:00+00:00,21.0,VALID,81.17482666666666,VALID,0.915416,VALID,Online,Resolved: Operating normally
2026-05-11 05:00:00+00:00,21.075,VALID,80.93885333333333,VALID,0.914908,VALID,Online,Resolved: Operating normally
2026-05-11 06:00:00+00:00,21.016666666666666,VALID,80.93885333333333,VALID,0.914908,VALID,Online,Resolved: Operating normally
2026-05-11 07:00:00+00:00,20.966666666666665,VALID,80.70288,VALID,0.9144000000000001,VALID,Online,Resolved: Operating normally
2026-05-11 08:00:00+00:00,20.849999999999998,VALID,81.17482666666666,VALID,0.915416,VALID,Online,Resolved: Operating normally
2026-05-11 09:00:00+00:00,20.775000000000002,VALID,81.76476,VALID,0.916686,VALID,Online,Resolved: Operating normally
2026-05-11 10:00:00+00:00,20.64166666666667,VALID,82.68505599999999,VALID,0.9184640000000001,VALID,Online,Resolved: Operating normally
2026-05-11 11:00:00+00:00,20.558333333333334,VALID,83.817728,VALID,0.9204960000000001,VALID,Online,Resolved: Operating normally
2026-05-11 12:00:00+00:00,20.425,VALID,83.817728,VALID,0.9204960000000001,VALID,Online,Resolved: Operating normally
2026-05-11 13:00:00+00:00,20.316666666666666,VALID,83.93571466666667,VALID,0.9207500000000001,VALID,Online,Resolved: Operating normally
2026-05-11 14:00:00+00:00,20.125,VALID,84.05370133333334,VALID,0.921004,VALID,Online,Resolved: Operating normally
2026-05-11 15:00:00+00:00,19.991666666666667,VALID,83.93571466666667,VALID,0.9207500000000001,VALID,Online,Resolved: Operating normally
2026-05-11 16:00:00+00:00,19.883333333333333,VALID,83.109808,VALID,0.9192260000000001,VALID,Online,Resolved: Operating normally
2026-05-11 17:00:00+00:00,19.808333333333334,VALID,82.00073333333333,VALID,0.917194,VALID,Online,Resolved: Operating normally
2026-05-11 18:00:00+00:00,19.941666666666666,VALID,81.4108,VALID,0.915924,VALID,Online,Resolved: Operating normally
2026-05-11 19:00:00+00:00,20.325,VALID,80.70288,VALID,0.9144000000000001,VALID,Online,Resolved: Operating normally
2026-05-11 20:00:00+00:00,20.883333333333333,VALID,80.70288,VALID,0.9144000000000001,VALID,Online,Resolved: Operating normally
2026-05-11 21:00:00+00:00,21.158333333333335,VALID,80.58489333333333,VALID,0.9141460000000001,VALID,Online,Resolved: Operating normally
2026-05-11 22:00:00+00:00,21.208333333333332,VALID,80.58489333333333,VALID,0.9141460000000001,VALID,Online,Resolved: Operating normally
2026-05-11 23:00:00+00:00,21.2,VALID,79.75898666666667,VALID,0.9123680000000002,VALID,Online,Resolved: Operating normally
2026-05-12 00:00:00+00:00,21.133333333333336,VALID,78.81509333333334,VALID,0.910336,VALID,Online,Resolved: Operating normally
2026-05-12 01:00:00+00:00,21.025000000000002,VALID,77.8712,VALID,0.9083039999999999,VALID,Online,Resolved: Operating normally
2026-05-12 02:00:00+00:00,20.983333333333334,VALID,77.8712,VALID,0.9083039999999999,VALID,Online,Resolved: Operating normally
2026-05-12 03:00:00+00:00,20.85833333333333,VALID,77.8712,VALID,0.9083039999999999,VALID,Online,Resolved: Operating normally
2026-05-12 04:00:00+00:00,20.741666666666667,VALID,77.8712,VALID,0.9083039999999999,VALID,Online,Resolved: Operating normally
2026-05-12 05:00:00+00:00,20.6,VALID,77.8712,VALID,0.9083039999999999,VALID,Online,Resolved: Operating normally
2026-05-12 06:00:00+00:00,20.483333333333334,VALID,77.75321333333333,VALID,0.9080499999999999,VALID,Online,Resolved: Operating normally
2026-05-12 07:00:00+00:00,20.325,VALID,77.8712,VALID,0.9083039999999999,VALID,Online,Resolved: Operating normally
2026-05-12 08:00:00+00:00,20.133333333333333,VALID,77.16328,VALID,0.90678,VALID,Online,Resolved: Operating normally
2026-05-12 09:00:00+00:00,20.016666666666666,VALID,76.92730666666667,VALID,0.9062720000000001,VALID,Online,Resolved: Operating normally
2026-05-12 10:00:00+00:00,19.841666666666665,VALID,76.45536,VALID,0.9052560000000001,VALID,Online,Resolved: Operating normally
2026-05-12 11:00:00+00:00,19.675,VALID,76.45536,VALID,0.9052560000000001,VALID,Online,Resolved: Operating normally
2026-05-12 12:00:00+00:00,19.466666666666665,VALID,76.45536,VALID,0.9052560000000001,VALID,Online,Resolved: Operating normally
2026-05-12 13:00:00+00:00,19.283333333333335,VALID,76.45536,VALID,0.9052560000000001,VALID,Online,Resolved: Operating normally
2026-05-12 14:00:00+00:00,19.291666666666668,VALID,76.45536,VALID,0.9052560000000001,VALID,Online,Resolved: Operating normally
2026-05-12 15:00:00+00:00,19.566666666666666,VALID,76.45536,VALID,0.9052560000000001,VALID,Online,Resolved: Operating normally
2026-05-12 16:00:00+00:00,19.616666666666667,VALID,76.45536,VALID,0.9052560000000001,VALID,Online,Resolved: Operating normally
2026-05-12 17:00:00+00:00,19.525000000000002,VALID,76.33737333333333,VALID,0.9050020000000001,VALID,Online,Resolved: Operating normally
2026-05-12 18:00:00+00:00,19.866666666666667,VALID,77.16328,VALID,0.90678,VALID,Online,Resolved: Operating normally
2026-05-12 19:00:00+00:00,20.15,VALID,77.16328,VALID,0.90678,VALID,Online,Resolved: Operating normally
2026-05-12 20:00:00+00:00,20.608333333333334,VALID,77.63522666666667,VALID,0.9077959999999999,VALID,Online,Resolved: Operating normally
2026-05-12 21:00:00+00:00,21.066666666666666,VALID,77.63522666666667,VALID,0.9077959999999999,VALID,Online,Resolved: Operating normally
2026-05-12 22:00:00+00:00,21.275000000000002,VALID,77.16328,VALID,0.90678,VALID,Online,Resolved: Operating normally
2026-05-12 23:00:00+00:00,21.25,VALID,76.69133333333333,VALID,0.905764,VALID,Online,Resolved: Operating normally
2026-05-13 00:00:00+00:00,21.191666666666666,VALID,76.45536,VALID,0.9052560000000001,VALID,Online,Resolved: Operating normally
2026-05-13 01:00:00+00:00,21.116666666666667,VALID,75.74744,VALID,0.9037320000000001,VALID,Online,Resolved: Operating normally
2026-05-13 02:00:00+00:00,21.083333333333332,VALID,75.51146666666666,VALID,0.9032240000000001,VALID,Online,Resolved: Operating normally
2026-05-13 03:00:00+00:00,20.983333333333334,VALID,75.27549333333333,VALID,0.902716,VALID,Online,Resolved: Operating normally
2026-05-13 04:00:00+00:00,20.841666666666665,VALID,75.03952,VALID,0.902208,VALID,Online,Resolved: Operating normally
2026-05-13 05:00:00+00:00,20.716666666666665,VALID,74.44958666666666,VALID,0.900938,VALID,Online,Resolved: Operating normally
2026-05-13 06:00:00+00:00,20.533333333333335,VALID,73.38770666666666,VALID,0.8986520000000001,VALID,Online,Resolved: Operating normally
2026-05-13 07:00:00+00:00,20.366666666666664,VALID,72.5618,VALID,0.8968740000000001,VALID,Online,Resolved: Operating normally
2026-05-13 08:00:00+00:00,20.158333333333335,VALID,72.32582666666667,VALID,0.896366,VALID,Online,Resolved: Operating normally
2026-05-13 09:00:00+00:00,20.0,VALID,71.73589333333334,VALID,0.895096,VALID,Online,Resolved: Operating normally
2026-05-13 10:00:00+00:00,19.866666666666664,VALID,70.67401333333333,VALID,0.89281,VALID,Online,Resolved: Operating normally
2026-05-13 11:00:00+00:00,19.791666666666668,VALID,70.67401333333333,VALID,0.89281,VALID,Online,Resolved: Operating normally
2026-05-13 12:00:00+00:00,19.64166666666667,VALID,70.67401333333333,VALID,0.89281,VALID,Online,Resolved: Operating normally
2026-05-13 13:00:00+00:00,19.45,VALID,71.73589333333334,VALID,0.895096,VALID,Online,Resolved: Operating normally
2026-05-13 14:00:00+00:00,19.325,VALID,72.32582666666667,VALID,0.896366,VALID,Online,Resolved: Operating normally
2026-05-13 15:00:00+00:00,19.458333333333332,VALID,72.67978666666666,VALID,0.897128,VALID,Online,Resolved: Operating normally
2026-05-13 16:00:00+00:00,19.650000000000002,VALID,72.91575999999999,VALID,0.897636,VALID,Online,Resolved: Operating normally
2026-05-13 17:00:00+00:00,19.841666666666665,VALID,73.15173333333333,VALID,0.8981439999999999,VALID,Online,Resolved: Operating normally
2026-05-13 18:00:00+00:00,20.058333333333334,VALID,73.50569333333333,VALID,0.8989060000000001,VALID,Online,Resolved: Operating normally
2026-05-13 19:00:00+00:00,20.23333333333333,VALID,73.74166666666666,VALID,0.899414,VALID,Online,Resolved: Operating normally
2026-05-13 20:00:00+00:00,20.55,VALID,73.62368,VALID,0.8991600000000001,VALID,Online,Resolved: Operating normally
2026-05-13 21:00:00+00:00,20.775000000000002,VALID,73.15173333333333,VALID,0.8981439999999999,VALID,Online,Resolved: Operating normally
2026-05-13 22:00:00+00:00,20.866666666666664,VALID,73.74166666666666,VALID,0.899414,VALID,Online,Resolved: Operating normally
2026-05-13 23:00:00+00:00,20.974999999999998,VALID,73.85965333333333,VALID,0.8996680000000001,VALID,Online,Resolved: Operating normally
2026-05-14 00:00:00+00:00,20.966666666666665,VALID,73.85965333333333,VALID,0.8996680000000001,VALID,Online,Resolved: Operating normally
2026-05-14 01:00:00+00:00,20.9,VALID,74.68556,VALID,0.901446,VALID,Online,Resolved: Operating normally
2026-05-14 02:00:00+00:00,20.85833333333333,VALID,76.1014,VALID,0.904494,VALID,Online,Resolved: Operating normally
2026-05-14 03:00:00+00:00,20.8,VALID,76.57334666666667,VALID,0.90551,VALID,Online,Resolved: Operating normally
2026-05-14 04:00:00+00:00,20.758333333333333,VALID,77.51724,VALID,0.907542,VALID,Online,Resolved: Operating normally
2026-05-14 05:00:00+00:00,20.7,VALID,78.93308,VALID,0.9105900000000001,VALID,Online,Resolved: Operating normally
2026-05-14 06:00:00+00:00,20.7,VALID,79.16905333333334,VALID,0.9110980000000001,VALID,Online,Resolved: Operating normally
2026-05-14 07:00:00+00:00,20.650000000000002,VALID,79.16905333333334,VALID,0.9110980000000001,VALID,Online,Resolved: Operating normally
2026-05-14 08:00:00+00:00,20.575,VALID,78.34314666666667,VALID,0.9093200000000001,VALID,Online,Resolved: Operating normally
2026-05-14 09:00:00+00:00,20.474999999999998,VALID,77.75321333333333,VALID,0.9080499999999999,VALID,Online,Resolved: Operating normally
2026-05-14 10:00:00+00:00,20.35833333333333,VALID,77.28126666666667,VALID,0.907034,VALID,Online,Resolved: Operating normally
2026-05-14 11:00:00+00:00,20.216666666666665,VALID,78.46113333333334,VALID,0.9095740000000001,VALID,Online,Resolved: Operating normally
2026-05-14 12:00:00+00:00,20.05,VALID,79.28704,VALID,0.9113520000000003,VALID,Online,Resolved: Operating normally
2026-05-14 13:00:00+00:00,19.849999999999998,VALID,78.46113333333334,VALID,0.9095740000000001,VALID,Online,Resolved: Operating normally
2026-05-14 14:00:00+00:00,19.683333333333334,VALID,77.51724,VALID,0.907542,VALID,Online,Resolved: Operating normally
2026-05-14 15:00:00+00:00,19.575,VALID,77.8712,VALID,0.9083040000000001,VALID,Online,Resolved: Operating normally
2026-05-14 16:00:00+00:00,19.6,VALID,77.8712,VALID,0.9083040000000001,VALID,Online,Resolved: Operating normally
2026-05-14 17:00:00+00:00,19.583333333333332,VALID,78.46113333333334,VALID,0.9095740000000001,VALID,Online,Resolved: Operating normally
2026-05-14 18:00:00+00:00,19.575,VALID,78.81509333333334,VALID,0.910336,VALID,Online,Resolved: Operating normally
2026-05-14 19:00:00+00:00,19.6,VALID,78.57912,VALID,0.9098280000000001,VALID,Online,Resolved: Operating normally
2026-05-14 20:00:00+00:00,19.683333333333334,VALID,79.40502666666667,VALID,0.9116060000000002,VALID,Online,Resolved: Operating normally
2026-05-14 21:00:00+00:00,19.791666666666668,VALID,79.87697333333334,VALID,0.9126220000000002,VALID,Online,Resolved: Operating normally
2026-05-14 22:00:00+00:00,19.8,VALID,79.05106666666667,VALID,0.9108440000000001,VALID,Online,Resolved: Operating normally
2026-05-14 23:00:00+00:00,19.783333333333335,VALID,79.16905333333334,VALID,0.9110980000000001,VALID,Online,Resolved: Operating normally
2026-05-15 00:00:00+00:00,19.691666666666666,VALID,79.28704,VALID,0.9113520000000003,VALID,Online,Resolved: Operating normally
2026-05-15 01:00:00+00:00,19.616666666666667,VALID,78.22516,VALID,0.909066,VALID,Online,Resolved: Operating normally
2026-05-15 02:00:00+00:00,19.491666666666667,VALID,77.16328,VALID,0.90678,VALID,Online,Resolved: Operating normally
2026-05-15 03:00:00+00:00,19.416666666666668,VALID,76.33737333333333,VALID,0.9050020000000001,VALID,Online,Resolved: Operating normally
2026-05-15 04:00:00+00:00,19.366666666666664,VALID,77.8712,VALID,0.9083039999999999,VALID,Online,Resolved: Operating normally
2026-05-15 05:00:00+00:00,19.283333333333335,VALID,77.8712,VALID,0.9083039999999999,VALID,Online,Resolved: Operating normally
2026-05-15 06:00:00+00:00,19.2,VALID,77.75321333333333,VALID,0.9080499999999999,VALID,Online,Resolved: Operating normally
2026-05-15 07:00:00+00:00,19.158333333333335,VALID,77.63522666666667,VALID,0.9077959999999999,VALID,Online,Resolved: Operating normally
2026-05-15 08:00:00+00:00,19.041666666666668,VALID,76.57334666666667,VALID,0.90551,VALID,Online,Resolved: Operating normally
2026-05-15 09:00:00+00:00,18.941666666666666,VALID,75.98341333333333,VALID,0.90424,VALID,Online,Resolved: Operating normally
2026-05-15 10:00:00+00:00,18.825,VALID,75.03952,VALID,0.902208,VALID,Online,Resolved: Operating normally
2026-05-15 11:00:00+00:00,18.683333333333334,VALID,74.68556,VALID,0.901446,VALID,Online,Resolved: Operating normally
2026-05-15 12:00:00+00:00,18.508333333333333,VALID,72.79777333333332,VALID,0.897382,VALID,Online,Resolved: Operating normally
2026-05-15 13:00:00+00:00,18.366666666666667,VALID,71.38193333333334,VALID,0.8943340000000001,VALID,Online,Resolved: Operating normally
2026-05-15 14:00:00+00:00,18.25,VALID,72.32582666666666,VALID,0.896366,VALID,Online,Resolved: Operating normally
2026-05-15 15:00:00+00:00,18.266666666666666,VALID,72.5618,VALID,0.8968740000000001,VALID,Online,Resolved: Operating normally
2026-05-15 16:00:00+00:00,18.533333333333335,VALID,73.62368,VALID,0.8991600000000001,VALID,Online,Resolved: Operating normally
2026-05-15 17:00:00+00:00,18.833333333333332,VALID,74.3316,VALID,0.900684,VALID,Online,Resolved: Operating normally
2026-05-15 18:00:00+00:00,19.133333333333333,VALID,75.03952,VALID,0.902208,VALID,Online,Resolved: Operating normally
2026-05-15 19:00:00+00:00,19.608333333333334,VALID,75.03952,VALID,0.902208,VALID,Online,Resolved: Operating normally
2026-05-15 20:00:00+00:00,20.083333333333332,VALID,75.98341333333333,VALID,0.90424,VALID,Online,Resolved: Operating normally
2026-05-15 21:00:00+00:00,20.441666666666666,VALID,76.33737333333333,VALID,0.9050020000000001,VALID,Online,Resolved: Operating normally
2026-05-15 22:00:00+00:00,20.508333333333333,VALID,75.74744,VALID,0.9037320000000001,VALID,Online,Resolved: Operating normally
2026-05-15 23:00:00+00:00,20.55,VALID,75.03952,VALID,0.902208,VALID,Online,Resolved: Operating normally
2026-05-16 00:00:00+00:00,20.441666666666666,VALID,73.74166666666666,VALID,0.899414,VALID,Online,Resolved: Operating normally
2026-05-16 01:00:00+00:00,20.283333333333335,VALID,73.26971999999999,VALID,0.8983980000000001,VALID,Online,Resolved: Operating normally
2026-05-16 02:00:00+00:00,20.191666666666666,VALID,72.20784,VALID,0.896112,VALID,Online,Resolved: Operating normally
2026-05-16 03:00:00+00:00,20.1,VALID,72.20784,VALID,0.896112,VALID,Online,Resolved: Operating normally
2026-05-16 04:00:00+00:00,19.966666666666665,VALID,71.49992,VALID,0.894588,VALID,Online,Resolved: Operating normally
2026-05-16 05:00:00+00:00,19.849999999999998,VALID,70.90998666666667,VALID,0.8933180000000002,VALID,Online,Resolved: Operating normally
2026-05-16 06:00:00+00:00,19.691666666666666,VALID,70.792,VALID,0.8930640000000002,VALID,Online,Resolved: Operating normally
2026-05-16 07:00:00+00:00,19.575,VALID,70.792,VALID,0.8930640000000002,VALID,Online,Resolved: Operating normally
2026-05-16 08:00:00+00:00,19.441666666666666,VALID,70.792,VALID,0.8930640000000002,VALID,Online,Resolved: Operating normally
2026-05-16 09:00:00+00:00,19.291666666666668,VALID,70.792,VALID,0.8930640000000002,VALID,Online,Resolved: Operating normally
2026-05-16 10:00:00+00:00,19.175,VALID,70.792,VALID,0.8930640000000002,VALID,Online,Resolved: Operating normally
2026-05-16 11:00:00+00:00,19.025000000000002,VALID,70.792,VALID,0.8930640000000002,VALID,Online,Resolved: Operating normally
2026-05-16 12:00:00+00:00,18.925,VALID,70.792,VALID,0.8930640000000002,VALID,Online,Resolved: Operating normally
2026-05-16 13:00:00+00:00,18.833333333333332,VALID,71.02797333333334,VALID,0.8935720000000001,VALID,Online,Resolved: Operating normally
2026-05-16 14:00:00+00:00,18.741666666666667,VALID,71.49992,VALID,0.894588,VALID,Online,Resolved: Operating normally
2026-05-16 15:00:00+00:00,18.866666666666667,VALID,72.08985333333334,VALID,0.895858,VALID,Online,Resolved: Operating normally
2026-05-16 16:00:00+00:00,18.95,VALID,71.73589333333334,VALID,0.895096,VALID,Online,Resolved: Operating normally
2026-05-16 17:00:00+00:00,19.275,VALID,71.73589333333334,VALID,0.895096,VALID,Online,Resolved: Operating normally
2026-05-16 18:00:00+00:00,19.466666666666665,VALID,71.85388,VALID,0.8953500000000001,VALID,Online,Resolved: Operating normally
2026-05-16 19:00:00+00:00,19.8,VALID,72.20784,VALID,0.896112,VALID,Online,Resolved: Operating normally
2026-05-16 20:00:00+00:00,20.508333333333333,VALID,71.61790666666667,VALID,0.894842,VALID,Online,Resolved: Operating normally
2026-05-16 21:00:00+00:00,21.400000000000002,VALID,72.08985333333334,VALID,0.895858,VALID,Online,Resolved: Operating normally
2026-05-16 22:00:00+00:00,21.675,VALID,71.97186666666667,VALID,0.8956040000000001,VALID,Online,Resolved: Operating normally
2026-05-16 23:00:00+00:00,21.441666666666666,VALID,71.61790666666667,VALID,0.894842,VALID,Online,Resolved: Operating normally
2026-05-17 00:00:00+00:00,21.308333333333334,VALID,71.26394666666667,VALID,0.8940800000000001,VALID,Online,Resolved: Operating normally
2026-05-17 01:00:00+00:00,21.308333333333334,VALID,70.90998666666667,VALID,0.8933180000000002,VALID,Online,Resolved: Operating normally
2026-05-17 02:00:00+00:00,21.216666666666665,VALID,70.67401333333333,VALID,0.89281,VALID,Online,Resolved: Operating normally
2026-05-17 03:00:00+00:00,21.1,VALID,70.792,VALID,0.8930640000000002,VALID,Online,Resolved: Operating normally
2026-05-17 04:00:00+00:00,21.0,VALID,70.792,VALID,0.8930640000000002,VALID,Online,Resolved: Operating normally
2026-05-17 05:00:00+00:00,21.0,VALID,70.20206666666667,VALID,0.8917940000000001,VALID,Online,Resolved: Operating normally
2026-05-17 06:00:00+00:00,21.0,VALID,70.20206666666667,VALID,0.8917940000000001,VALID,Online,Resolved: Operating normally
2026-05-17 07:00:00+00:00,21.066666666666666,VALID,69.73012,VALID,0.8907780000000001,VALID,Online,Resolved: Operating normally
2026-05-17 08:00:00+00:00,21.1,VALID,69.73012,VALID,0.8907780000000001,VALID,Online,Resolved: Operating normally
2026-05-17 09:00:00+00:00,21.066666666666666,VALID,70.20206666666667,VALID,0.8917940000000001,VALID,Online,Resolved: Operating normally
2026-05-17 10:00:00+00:00,21.0,VALID,70.20206666666667,VALID,0.8917940000000001,VALID,Online,Resolved: Operating normally
2026-05-17 11:00:00+00:00,20.916666666666668,VALID,70.792,VALID,0.8930640000000002,VALID,Online,Resolved: Operating normally
2026-05-17 12:00:00+00:00,20.825,VALID,70.792,VALID,0.8930640000000002,VALID,Online,Resolved: Operating normally
2026-05-17 13:00:00+00:00,20.741666666666667,VALID,70.792,VALID,0.8930640000000002,VALID,Online,Resolved: Operating normally
2026-05-17 14:00:00+00:00,20.633333333333336,VALID,70.792,VALID,0.8930640000000002,VALID,Online,Resolved: Operating normally
2026-05-17 15:00:00+00:00,20.6,VALID,71.02797333333334,VALID,0.8935720000000001,VALID,Online,Resolved: Operating normally
2026-05-17 16:00:00+00:00,20.6,VALID,71.85388,VALID,0.8953500000000001,VALID,Online,Resolved: Operating normally
2026-05-17 17:00:00+00:00,20.683333333333334,VALID,71.97186666666667,VALID,0.8956040000000001,VALID,Online,Resolved: Operating normally
2026-05-17 18:00:00+00:00,20.724999999999998,VALID,72.20784,VALID,0.896112,VALID,Online,Resolved: Operating normally
2026-05-17 19:00:00+00:00,20.816666666666666,VALID,73.03374666666666,VALID,0.89789,VALID,Online,Resolved: Operating normally
2026-05-17 20:00:00+00:00,20.825,VALID,73.50569333333333,VALID,0.8989060000000001,VALID,Online,Resolved: Operating normally
2026-05-17 21:00:00+00:00,21.3,VALID,73.62368,VALID,0.8991600000000001,VALID,Online,Resolved: Operating normally
2026-05-17 22:00:00+00:00,21.633333333333336,VALID,73.62368,VALID,0.8991600000000001,VALID,Online,Resolved: Operating normally
2026-05-17 23:00:00+00:00,21.991666666666664,VALID,73.62368,VALID,0.8991600000000001,VALID,Online,Resolved: Operating normally
2026-05-18 00:00:00+00:00,22.508333333333336,VALID,72.67978666666666,VALID,0.897128,VALID,Online,Resolved: Operating normally
2026-05-18 01:00:00+00:00,23.03333333333333,VALID,72.20784,VALID,0.896112,VALID,Online,Resolved: Operating normally
2026-05-18 02:00:00+00:00,22.991666666666664,VALID,72.20784,VALID,0.896112,VALID,Online,Resolved: Operating normally
2026-05-18 03:00:00+00:00,22.833333333333332,VALID,71.97186666666667,VALID,0.8956040000000001,VALID,Online,Resolved: Operating normally
2026-05-18 04:00:00+00:00,22.658333333333335,VALID,71.14596,VALID,0.8938260000000001,VALID,Online,Resolved: Operating normally
2026-05-18 05:00:00+00:00,22.75,VALID,70.792,VALID,0.8930640000000002,VALID,Online,Resolved: Operating normally
2026-05-18 06:00:00+00:00,22.775000000000002,VALID,70.792,VALID,0.8930640000000002,VALID,Online,Resolved: Operating normally
2026-05-18 07:00:00+00:00,22.766666666666666,VALID,70.67401333333333,VALID,0.89281,VALID,Online,Resolved: Operating normally
2026-05-18 08:00:00+00:00,22.758333333333336,VALID,69.84810666666667,VALID,0.891032,VALID,Online,Resolved: Operating normally
2026-05-18 09:00:00+00:00,22.7,VALID,69.37616,VALID,0.890016,VALID,Online,Resolved: Operating normally
2026-05-18 10:00:00+00:00,22.625,VALID,69.37616,VALID,0.890016,VALID,Online,Resolved: Operating normally
2026-05-18 11:00:00+00:00,22.55,VALID,69.37616,VALID,0.890016,VALID,Online,Resolved: Operating normally
2026-05-18 12:00:00+00:00,22.400000000000002,VALID,69.37616,VALID,0.890016,VALID,Online,Resolved: Operating normally
2026-05-18 13:00:00+00:00,22.3,VALID,69.37616,VALID,0.890016,VALID,Online,Resolved: Operating normally
2026-05-18 14:00:00+00:00,22.21666666666667,VALID,69.37616,VALID,0.890016,VALID,Online,Resolved: Operating normally
2026-05-18 15:00:00+00:00,22.208333333333332,VALID,68.78622666666666,VALID,0.8887460000000001,VALID,Online,Resolved: Operating normally
2026-05-18 16:00:00+00:00,22.241666666666664,VALID,67.96032,VALID,0.8869680000000001,VALID,Online,Resolved: Operating normally
2026-05-18 17:00:00+00:00,22.383333333333336,VALID,68.66824,VALID,0.888492,VALID,Online,Resolved: Operating normally
2026-05-18 18:00:00+00:00,22.791666666666668,VALID,69.0222,VALID,0.8892540000000001,VALID,Online,Resolved: Operating normally
2026-05-18 19:00:00+00:00,23.808333333333334,VALID,69.25817333333333,VALID,0.889762,VALID,Online,Resolved: Operating normally
2026-05-18 20:00:00+00:00,24.291666666666668,VALID,69.14018666666666,VALID,0.8895080000000001,VALID,Online,Resolved: Operating normally
2026-05-18 21:00:00+00:00,24.691666666666666,VALID,69.0222,VALID,0.8892540000000001,VALID,Online,Resolved: Operating normally
2026-05-18 22:00:00+00:00,25.183333333333334,VALID,68.90421333333333,VALID,0.8890000000000001,VALID,Online,Resolved: Operating normally
2026-05-18 23:00:00+00:00,25.183333333333334,VALID,68.07830666666666,VALID,0.8872220000000001,VALID,Online,Resolved: Operating normally
2026-05-19 00:00:00+00:00,25.058333333333334,VALID,68.66824,VALID,0.888492,VALID,Online,Resolved: Operating normally
2026-05-19 01:00:00+00:00,25.133333333333336,VALID,69.37616,VALID,0.890016,VALID,Online,Resolved: Operating normally
2026-05-19 02:00:00+00:00,25.191666666666666,VALID,69.37616,VALID,0.890016,VALID,Online,Resolved: Operating normally
2026-05-19 03:00:00+00:00,25.28333333333333,VALID,69.37616,VALID,0.890016,VALID,Online,Resolved: Operating normally
2026-05-19 04:00:00+00:00,25.233333333333334,VALID,68.31428,VALID,0.88773,VALID,Online,Resolved: Operating normally
2026-05-19 05:00:00+00:00,25.125,VALID,67.2524,VALID,0.8854440000000001,VALID,Online,Resolved: Operating normally
2026-05-19 06:00:00+00:00,25.0,VALID,66.54448,VALID,0.8839200000000002,VALID,Online,Resolved: Operating normally
2026-05-19 07:00:00+00:00,24.9,VALID,66.28705454545455,VALID,0.8833658181818183,VALID,Online,Resolved: Operating normally
2026-05-19 08:00:00+00:00,24.8,VALID,65.73542857142857,VALID,0.8821782857142858,VALID,Online,Resolved: Operating normally
2026-05-19 09:00:00+00:00,24.775000000000002,VALID,65.36461333333334,VALID,0.88138,VALID,Online,Resolved: Operating normally
2026-05-19 10:00:00+00:00,24.7,VALID,65.24662666666667,VALID,0.8811260000000001,VALID,Online,Resolved: Operating normally
2026-05-19 11:00:00+00:00,24.650000000000002,VALID,65.12864,VALID,0.8808720000000001,VALID,Online,Resolved: Operating normally
2026-05-19 12:00:00+00:00,24.59166666666667,VALID,65.12864,VALID,0.8808720000000001,VALID,Online,Resolved: Operating normally
2026-05-19 13:00:00+00:00,24.441666666666666,VALID,64.23194133333334,VALID,0.878586,VALID,Online,Resolved: Operating normally
2026-05-19 14:00:00+00:00,24.399999999999995,VALID,61.754221333333334,VALID,0.872998,VALID,Online,Resolved: Operating normally
2026-05-19 15:00:00+00:00,24.34166666666667,VALID,61.164288,VALID,0.8717280000000001,VALID,Online,Resolved: Operating normally
2026-05-19 16:00:00+00:00,24.508333333333336,VALID,60.69234133333333,VALID,0.8704580000000001,VALID,Online,Resolved: Operating normally
2026-05-19 17:00:00+00:00,25.15833333333333,VALID,60.97550933333333,VALID,0.8712200000000001,VALID,Online,Resolved: Operating normally
2026-05-19 18:00:00+00:00,25.366666666666664,VALID,61.093495999999995,VALID,0.8714740000000001,VALID,Online,Resolved: Operating normally
2026-05-19 19:00:00+00:00,25.474999999999998,VALID,60.97550933333333,VALID,0.8712200000000001,VALID,Online,Resolved: Operating normally
2026-05-19 20:00:00+00:00,25.916666666666668,VALID,61.32946933333333,VALID,0.871982,VALID,Online,Resolved: Operating normally
2026-05-19 21:00:00+00:00,26.066666666666666,VALID,64.46791466666666,VALID,0.8790940000000002,VALID,Online,Resolved: Operating normally
2026-05-19 22:00:00+00:00,26.40833333333333,VALID,64.86906933333334,VALID,0.8801100000000001,VALID,Online,Resolved: Operating normally
2026-05-19 23:00:00+00:00,26.474999999999998,VALID,65.12864,VALID,0.8808720000000001,VALID,Online,Resolved: Operating normally
2026-05-20 00:00:00+00:00,26.625,VALID,65.12864,VALID,0.8808720000000001,VALID,Online,Resolved: Operating normally
2026-05-20 01:00:00+00:00,27.075,VALID,65.12864,VALID,0.8808720000000001,VALID,Online,Resolved: Operating normally
2026-05-20 02:00:00+00:00,27.175,VALID,65.36461333333334,VALID,0.88138,VALID,Online,Resolved: Operating normally
2026-05-20 03:00:00+00:00,27.133333333333336,VALID,65.36461333333334,VALID,0.88138,VALID,Online,Resolved: Operating normally
2026-05-20 04:00:00+00:00,27.025000000000002,VALID,65.05784799999999,VALID,0.8806180000000001,VALID,Online,Resolved: Operating normally
2026-05-20 05:00:00+00:00,26.95,VALID,64.279136,VALID,0.878586,VALID,Online,Resolved: Operating normally
2026-05-20 06:00:00+00:00,26.916666666666668,VALID,63.52402133333334,VALID,0.876808,VALID,Online,Resolved: Operating normally
2026-05-20 07:00:00+00:00,26.899999999999995,VALID,62.580128,VALID,0.8747760000000001,VALID,Online,Resolved: Operating normally
2026-05-20 08:00:00+00:00,26.858333333333334,VALID,61.282274666666666,VALID,0.871982,VALID,Online,Resolved: Operating normally
2026-05-20 09:00:00+00:00,26.775000000000002,VALID,61.06989866666667,VALID,0.8714740000000001,VALID,Online,Resolved: Operating normally
2026-05-20 10:00:00+00:00,26.65833333333333,VALID,60.786730666666664,VALID,0.8707120000000002,VALID,Online,Resolved: Operating normally
2026-05-20 11:00:00+00:00,26.558333333333334,VALID,60.12600533333333,VALID,0.8689340000000002,VALID,Online,Resolved: Operating normally
2026-05-20 12:00:00+00:00,26.433333333333334,VALID,60.409173333333335,VALID,0.8696960000000001,VALID,Online,Resolved: Operating normally
2026-05-20 13:00:00+00:00,26.308333333333334,VALID,60.50356266666666,VALID,0.8699500000000001,VALID,Online,Resolved: Operating normally
2026-05-20 14:00:00+00:00,26.208333333333332,VALID,61.06989866666667,VALID,0.8714740000000001,VALID,Online,Resolved: Operating normally
2026-05-20 15:00:00+00:00,26.208333333333332,VALID,60.597952,VALID,0.8702040000000001,VALID,Online,Resolved: Operating normally
2026-05-20 16:00:00+00:00,26.349999999999998,VALID,60.03161600000001,VALID,0.86868,VALID,Online,Resolved: Operating normally
2026-05-20 17:00:00+00:00,26.758333333333336,VALID,60.12600533333333,VALID,0.8689340000000002,VALID,Online,Resolved: Operating normally
2026-05-20 18:00:00+00:00,26.766666666666666,VALID,60.314784,VALID,0.8694420000000002,VALID,Online,Resolved: Operating normally
2026-05-20 19:00:00+00:00,27.191666666666666,VALID,60.69234133333333,VALID,0.8704580000000001,VALID,Online,Resolved: Operating normally
2026-05-20 20:00:00+00:00,27.474999999999998,VALID,58.590033454545456,VALID,0.8653549090909092,VALID,Online,Resolved: Operating normally
2026-05-20 21:00:00+00:00,27.55,VALID,59.01693066666667,VALID,0.8663940000000001,VALID,Online,Resolved: Operating normally
2026-05-20 22:00:00+00:00,27.441666666666666,VALID,61.164288,VALID,0.8717280000000001,VALID,Online,Resolved: Operating normally
2026-05-20 23:00:00+00:00,27.933333333333334,VALID,62.462141333333335,VALID,0.8745220000000001,VALID,Online,Resolved: Operating normally
2026-05-21 00:00:00+00:00,27.941666666666666,VALID,63.94877333333333,VALID,0.877824,VALID,Online,Resolved: Operating normally
2026-05-21 01:00:00+00:00,27.775000000000002,VALID,65.88375466666666,VALID,0.8823960000000001,VALID,Online,Resolved: Operating normally
2026-05-21 02:00:00+00:00,27.666666666666668,VALID,68.55025333333333,VALID,0.888238,VALID,Online,Resolved: Operating normally
2026-05-21 03:00:00+00:00,27.53333333333333,VALID,72.20784,VALID,0.896112,VALID,Online,Resolved: Operating normally
2026-05-21 04:00:00+00:00,27.40833333333333,VALID,75.74744,VALID,0.9037320000000001,VALID,Online,Resolved: Operating normally
2026-05-21 05:00:00+00:00,27.399999999999995,VALID,85.20997066666666,VALID,0.923544,VALID,Online,Resolved: Operating normally
2026-05-21 06:00:00+00:00,27.399999999999995,VALID,86.31904533333334,VALID,0.92583,VALID,Online,Resolved: Operating normally
2026-05-21 07:00:00+00:00,27.399999999999995,VALID,82.82664,VALID,0.918718,VALID,Online,Resolved: Operating normally
2026-05-21 08:00:00+00:00,27.333333333333332,VALID,79.99496,VALID,0.9128760000000001,VALID,Online,Resolved: Operating normally
2026-05-21 09:00:00+00:00,27.21666666666667,VALID,79.16905333333334,VALID,0.9110980000000001,VALID,Online,Resolved: Operating normally
2026-05-21 10:00:00+00:00,27.083333333333332,VALID,79.16905333333334,VALID,0.9110980000000001,VALID,Online,Resolved: Operating normally
2026-05-21 11:00:00+00:00,26.891666666666666,VALID,79.28704,VALID,0.9113520000000003,VALID,Online,Resolved: Operating normally
2026-05-21 12:00:00+00:00,26.691666666666666,VALID,79.99496,VALID,0.9128760000000001,VALID,Online,Resolved: Operating normally
2026-05-21 13:00:00+00:00,26.483333333333334,VALID,79.40502666666667,VALID,0.911606,VALID,Online,Resolved: Operating normally
2026-05-21 14:00:00+00:00,26.291666666666668,VALID,77.51724,VALID,0.907542,VALID,Online,Resolved: Operating normally
2026-05-21 15:00:00+00:00,26.083333333333332,VALID,76.57334666666667,VALID,0.90551,VALID,Online,Resolved: Operating normally
2026-05-21 16:00:00+00:00,25.95,VALID,78.46113333333334,VALID,0.9095740000000001,VALID,Online,Resolved: Operating normally
2026-05-21 17:00:00+00:00,25.775000000000002,VALID,79.40502666666667,VALID,0.9116060000000002,VALID,Online,Resolved: Operating normally
2026-05-21 18:00:00+00:00,25.599999999999998,VALID,79.28704,VALID,0.911352,VALID,Online,Resolved: Operating normally
2026-05-21 19:00:00+00:00,25.5,VALID,78.22516,VALID,0.909066,VALID,Online,Resolved: Operating normally
2026-05-21 20:00:00+00:00,25.45,VALID,78.34314666666667,VALID,0.9093200000000001,VALID,Online,Resolved: Operating normally
2026-05-21 21:00:00+00:00,25.399999999999995,VALID,78.93308,VALID,0.9105900000000001,VALID,Online,Resolved: Operating normally
2026-05-21 22:00:00+00:00,25.399999999999995,VALID,79.28704,VALID,0.9113520000000003,VALID,Online,Resolved: Operating normally
2026-05-21 23:00:00+00:00,25.399999999999995,VALID,79.99496,VALID,0.9128760000000001,VALID,Online,Resolved: Operating normally
2026-05-22 00:00:00+00:00,25.399999999999995,VALID,80.70288,VALID,0.9144000000000001,VALID,Online,Resolved: Operating normally
2026-05-22 01:00:00+00:00,25.358333333333334,VALID,80.70288,VALID,0.9144000000000001,VALID,Online,Resolved: Operating normally
2026-05-22 02:00:00+00:00,25.3,VALID,80.58489333333333,VALID,0.9141460000000001,VALID,Online,Resolved: Operating normally
2026-05-22 03:00:00+00:00,25.21666666666667,VALID,80.70288,VALID,0.9144000000000001,VALID,Online,Resolved: Operating normally
2026-05-22 04:00:00+00:00,25.15833333333333,VALID,80.58489333333333,VALID,0.9141460000000001,VALID,Online,Resolved: Operating normally
2026-05-22 05:00:00+00:00,25.05,VALID,80.70288,VALID,0.9144000000000001,VALID,Online,Resolved: Operating normally
2026-05-22 06:00:00+00:00,24.958333333333332,VALID,80.82086666666666,VALID,0.9146540000000001,VALID,Online,Resolved: Operating normally
2026-05-22 07:00:00+00:00,24.791666666666668,VALID,80.70288,VALID,0.9144000000000001,VALID,Online,Resolved: Operating normally
2026-05-22 08:00:00+00:00,24.633333333333336,VALID,80.70288,VALID,0.9144000000000001,VALID,Online,Resolved: Operating normally
2026-05-22 09:00:00+00:00,24.474999999999998,VALID,80.70288,VALID,0.9144000000000001,VALID,Online,Resolved: Operating normally
2026-05-22 10:00:00+00:00,24.316666666666666,VALID,81.64677333333333,VALID,0.916432,VALID,Online,Resolved: Operating normally
2026-05-22 11:00:00+00:00,24.09166666666667,VALID,82.00073333333333,VALID,0.917194,VALID,Online,Resolved: Operating normally
2026-05-22 12:00:00+00:00,23.933333333333334,VALID,82.968224,VALID,0.918972,VALID,Online,Resolved: Operating normally
2026-05-22 13:00:00+00:00,23.808333333333334,VALID,83.817728,VALID,0.9204960000000001,VALID,Online,Resolved: Operating normally
2026-05-22 14:00:00+00:00,23.666666666666668,VALID,85.233568,VALID,0.923544,VALID,Online,Resolved: Operating normally
2026-05-22 15:00:00+00:00,23.516666666666666,VALID,86.17746133333333,VALID,0.9255760000000001,VALID,Online,Resolved: Operating normally
2026-05-22 16:00:00+00:00,23.416666666666668,VALID,86.649408,VALID,0.926592,VALID,Online,Resolved: Operating normally
2026-05-22 17:00:00+00:00,23.34166666666667,VALID,87.21574399999999,VALID,0.9276080000000001,VALID,Online,Resolved: Operating normally
2026-05-22 18:00:00+00:00,23.291666666666668,VALID,88.206832,VALID,0.929386,VALID,Online,Resolved: Operating normally
2026-05-22 19:00:00+00:00,23.208333333333332,VALID,88.206832,VALID,0.929386,VALID,Online,Resolved: Operating normally
2026-05-22 20:00:00+00:00,23.083333333333332,VALID,89.29230933333334,VALID,0.9316720000000002,VALID,Online,Resolved: Operating normally
2026-05-22 21:00:00+00:00,22.900000000000002,VALID,90.189008,VALID,0.9334500000000001,VALID,Online,Resolved: Operating normally
2026-05-22 22:00:00+00:00,22.74166666666667,VALID,91.463264,VALID,0.935736,VALID,Online,Resolved: Operating normally
2026-05-22 23:00:00+00:00,22.575,VALID,91.69923733333333,VALID,0.936244,VALID,Online,Resolved: Operating normally
2026-05-23 00:00:00+00:00,22.391666666666666,VALID,92.64313066666666,VALID,0.9382760000000001,VALID,Online,Resolved: Operating normally
2026-05-23 01:00:00+00:00,22.224999999999998,VALID,95.002864,VALID,0.942594,VALID,Online,Resolved: Operating normally
2026-05-23 02:00:00+00:00,22.116666666666664,VALID,98.44807466666667,VALID,0.949198,VALID,Online,Resolved: Operating normally
2026-05-23 03:00:00+00:00,21.933333333333334,VALID,102.506816,VALID,0.9565640000000001,VALID,Online,Resolved: Operating normally
2026-05-23 04:00:00+00:00,21.78333333333333,VALID,107.108296,VALID,0.9652000000000002,VALID,Online,Resolved: Operating normally
2026-05-23 05:00:00+00:00,21.516666666666666,VALID,112.46489066666668,VALID,0.9748520000000002,VALID,Online,Resolved: Operating normally
2026-05-23 06:00:00+00:00,21.358333333333334,VALID,117.51472,VALID,0.983488,VALID,Online,Resolved: Operating normally
2026-05-23 07:00:00+00:00,21.108333333333334,VALID,121.21950133333333,VALID,0.9900920000000001,VALID,Online,Resolved: Operating normally
2026-05-23 08:00:00+00:00,20.883333333333333,VALID,125.089464,VALID,0.996442,VALID,Online,Resolved: Operating normally
2026-05-23 09:00:00+00:00,20.6,VALID,130.328072,VALID,1.0053320000000001,VALID,Online,Resolved: Operating normally
2026-05-23 10:00:00+00:00,20.358333333333334,VALID,134.434008,VALID,1.011936,VALID,Online,Resolved: Operating normally
2026-05-23 11:00:00+00:00,20.09166666666667,VALID,138.185984,VALID,1.018032,VALID,Online,Resolved: Operating normally
2026-05-23 12:00:00+00:00,19.816666666666666,VALID,141.77277866666665,VALID,1.023874,VALID,Online,Resolved: Operating normally
2026-05-23 13:00:00+00:00,19.650000000000002,VALID,146.16188266666668,VALID,1.0307320000000002,VALID,Online,Resolved: Operating normally
2026-05-23 14:00:00+00:00,19.558333333333334,VALID,150.12623466666665,VALID,1.036828,VALID,Online,Resolved: Operating normally
2026-05-23 15:00:00+00:00,19.458333333333332,VALID,154.09058666666667,VALID,1.042924,VALID,Online,Resolved: Operating normally
2026-05-23 16:00:00+00:00,19.425,VALID,158.55048266666665,VALID,1.0497820000000002,VALID,Online,Resolved: Operating normally
2026-05-23 17:00:00+00:00,19.383333333333333,VALID,164.16664799999998,VALID,1.058418,VALID,Online,Resolved: Operating normally
2026-05-23 18:00:00+00:00,19.4,VALID,168.90971199999998,VALID,1.0652760000000001,VALID,Online,Resolved: Operating normally
2026-05-23 19:00:00+00:00,19.416666666666668,VALID,171.22225066666667,VALID,1.0685779999999998,VALID,Online,Resolved: Operating normally
2026-05-23 20:00:00+00:00,19.4,VALID,175.280992,VALID,1.0744200000000002,VALID,Online,Resolved: Operating normally
2026-05-23 21:00:00+00:00,19.349999999999998,VALID,177.73511466666665,VALID,1.0779760000000003,VALID,Online,Resolved: Operating normally
2026-05-23 22:00:00+00:00,19.141666666666666,VALID,180.77917066666666,VALID,1.0822939999999999,VALID,Online,Resolved: Operating normally
2026-05-23 23:00:00+00:00,18.991666666666667,VALID,183.7996293333333,VALID,1.086612,VALID,Online,Resolved: Operating normally
2026-05-24 00:00:00+00:00,18.8,VALID,189.06183466666667,VALID,1.0937240000000001,VALID,Online,Resolved: Operating normally
2026-05-24 01:00:00+00:00,18.5,VALID,194.678,VALID,1.101598,VALID,Online,Resolved: Operating normally
2026-05-24 02:00:00+00:00,18.333333333333332,VALID,203.22023466666667,VALID,1.1130280000000001,VALID,Online,Resolved: Operating normally
2026-05-24 03:00:00+00:00,18.125,VALID,211.33771733333333,VALID,1.123696,VALID,Online,Resolved: Operating normally
2026-05-24 04:00:00+00:00,18.033333333333335,VALID,220.96542933333333,VALID,1.1361420000000002,VALID,Online,Resolved: Operating normally
2026-05-24 05:00:00+00:00,17.875,VALID,233.00006933333336,VALID,1.1513820000000001,VALID,Online,Resolved: Operating normally
2026-05-24 06:00:00+00:00,17.8,VALID,246.8045093333333,VALID,1.1684,VALID,Online,Resolved: Operating normally
2026-05-24 07:00:00+00:00,17.666666666666668,VALID,264.832872,VALID,1.18999,VALID,Online,Resolved: Operating normally
2026-05-24 08:00:00+00:00,17.55,VALID,291.9226106666667,VALID,1.221486,VALID,Online,Resolved: Operating normally
2026-05-24 09:00:00+00:00,17.433333333333334,VALID,341.21743999999995,VALID,1.2755880000000002,VALID,Online,Resolved: Operating normally
2026-05-24 10:00:00+00:00,17.191666666666666,VALID,393.13157333333334,VALID,1.330706,VALID,Online,Resolved: Operating normally
2026-05-24 11:00:00+00:00,16.333333333333332,VALID,431.59522666666663,VALID,1.369822,VALID,Online,Resolved: Operating normally
2026-05-24 12:00:00+00:00,15.208333333333334,VALID,450.23712,VALID,1.389126,VALID,Online,Resolved: Operating normally
2026-05-24 13:00:00+00:00,14.791666666666666,VALID,459.20410666666663,VALID,1.396492,VALID,Online,Resolved: Operating normally
2026-05-24 14:00:00+00:00,15.0,VALID,469.8229066666666,VALID,1.4079220000000001,VALID,Online,Resolved: Operating normally
2026-05-24 15:00:00+00:00,15.575000000000001,VALID,485.8690933333333,VALID,1.4229080000000003,VALID,Online,Resolved: Operating normally
2026-05-24 16:00:00+00:00,16.058333333333334,VALID,504.27501333333333,VALID,1.440942,VALID,Warning,WARN: High flow rate detected (Flood risk)
2026-05-24 17:00:00+00:00,16.333333333333332,VALID,533.5357066666667,VALID,1.4678660000000001,VALID,Warning,WARN: High flow rate detected (Flood risk)
2026-05-24 18:00:00+00:00,16.558333333333334,VALID,574.12312,VALID,1.504696,VALID,Warning,WARN: High flow rate detected (Flood risk)
2026-05-24 19:00:00+00:00,16.741666666666667,VALID,627.6890666666667,VALID,1.5516860000000001,VALID,Warning,WARN: High flow rate detected (Flood risk)
2026-05-24 20:00:00+00:00,16.849999999999998,VALID,690.6939466666666,VALID,1.604264,VALID,Warning,WARN: High flow rate detected (Flood risk)
2026-05-24 21:00:00+00:00,16.95,VALID,758.6542666666666,VALID,1.6591280000000002,VALID,Warning,WARN: High flow rate detected (Flood risk)
2026-05-24 22:00:00+00:00,17.058333333333334,VALID,824.2548533333334,VALID,1.7114520000000002,VALID,Warning,WARN: High flow rate detected (Flood risk)
2026-05-24 23:00:00+00:00,17.09166666666667,VALID,884.6640266666667,VALID,1.7579340000000003,VALID,Warning,WARN: High flow rate detected (Flood risk)
2026-05-25 00:00:00+00:00,17.0,VALID,938.2299733333333,VALID,1.7983200000000001,VALID,Warning,WARN: High flow rate detected (Flood risk)
2026-05-25 01:00:00+00:00,17.0,VALID,983.7728266666667,VALID,1.831086,VALID,Warning,WARN: High flow rate detected (Flood risk)
2026-05-25 02:00:00+00:00,17.0,VALID,1021.2925866666668,VALID,1.8575020000000002,VALID,Warning,WARN: High flow rate detected (Flood risk)
2026-05-25 03:00:00+00:00,17.09166666666667,VALID,1054.3288533333332,VALID,1.8798540000000001,VALID,Warning,WARN: High flow rate detected (Flood risk)
2026-05-25 04:00:00+00:00,17.175,VALID,1083.5895466666666,VALID,1.899666,VALID,Warning,WARN: High flow rate detected (Flood risk)
2026-05-25 05:00:00+00:00,17.258333333333333,VALID,1109.5466133333332,VALID,1.916684,VALID,Warning,WARN: High flow rate detected (Flood risk)
2026-05-25 06:00:00+00:00,17.366666666666664,VALID,1131.0201866666666,VALID,1.9309080000000003,VALID,Warning,WARN: High flow rate detected (Flood risk)
2026-05-25 07:00:00+00:00,17.483333333333334,VALID,1148.2462400000002,VALID,1.9418300000000002,VALID,Warning,WARN: High flow rate detected (Flood risk)
2026-05-25 08:00:00+00:00,17.6,VALID,1162.1686666666667,VALID,1.9509740000000002,VALID,Warning,WARN: High flow rate detected (Flood risk)
2026-05-25 09:00:00+00:00,17.64166666666667,VALID,1172.5514933333332,VALID,1.957578,VALID,Warning,WARN: High flow rate detected (Flood risk)
2026-05-25 10:00:00+00:00,17.7,VALID,1179.39472,VALID,1.9621500000000003,VALID,Warning,WARN: High flow rate detected (Flood risk)
2026-05-25 11:00:00+00:00,17.7,VALID,1183.64224,VALID,1.964436,VALID,Warning,WARN: High flow rate detected (Flood risk)
2026-05-25 12:00:00+00:00,17.7,VALID,1184.1141866666665,VALID,1.96469,VALID,Warning,WARN: High flow rate detected (Flood risk)
2026-05-25 13:00:00+00:00,17.608333333333334,VALID,1181.2825066666667,VALID,1.9631660000000002,VALID,Warning,WARN: High flow rate detected (Flood risk)
2026-05-25 14:00:00+00:00,17.6,VALID,1177.7429066666666,VALID,1.9611340000000002,VALID,Warning,WARN: High flow rate detected (Flood risk)
2026-05-25 15:00:00+00:00,17.575,VALID,1171.6076,VALID,1.9565620000000001,VALID,Warning,WARN: High flow rate detected (Flood risk)
2026-05-25 16:00:00+00:00,17.458333333333332,VALID,1163.11256,VALID,1.9517360000000001,VALID,Warning,WARN: High flow rate detected (Flood risk)
2026-05-25 17:00:00+00:00,17.349999999999998,VALID,1152.7297333333333,VALID,1.944878,VALID,Warning,WARN: High flow rate detected (Flood risk)
2026-05-25 18:00:00+00:00,17.191666666666666,VALID,1141.16704,VALID,1.9372580000000001,VALID,Warning,WARN: High flow rate detected (Flood risk)
2026-05-25 19:00:00+00:00,17.041666666666668,VALID,1127.71656,VALID,1.928622,VALID,Warning,WARN: High flow rate detected (Flood risk)
2026-05-25 20:00:00+00:00,16.95,VALID,1114.0301066666666,VALID,1.919478,VALID,Warning,WARN: High flow rate detected (Flood risk)
2026-05-25 21:00:00+00:00,16.9,VALID,1100.8156,VALID,1.910588,VALID,Warning,WARN: High flow rate detected (Flood risk)
2026-05-25 22:00:00+00:00,16.841666666666665,VALID,1085.4773333333333,VALID,1.900682,VALID,Warning,WARN: High flow rate detected (Flood risk)
2026-05-25 23:00:00+00:00,16.8,VALID,1071.3189333333332,VALID,1.89103,VALID,Warning,WARN: High flow rate detected (Flood risk)
2026-05-26 00:00:00+00:00,16.8,VALID,1054.09288,VALID,1.8796,VALID,Warning,WARN: High flow rate detected (Flood risk)
2026-05-26 01:00:00+00:00,16.724999999999998,VALID,1039.4625333333333,VALID,1.8696940000000002,VALID,Warning,WARN: High flow rate detected (Flood risk)
2026-05-26 02:00:00+00:00,16.7,VALID,1025.77608,VALID,1.8602960000000002,VALID,Warning,WARN: High flow rate detected (Flood risk)
2026-05-26 03:00:00+00:00,16.7,VALID,1010.2018400000001,VALID,1.8501360000000002,VALID,Warning,WARN: High flow rate detected (Flood risk)
2026-05-26 04:00:00+00:00,16.616666666666667,VALID,995.5714933333334,VALID,1.839722,VALID,Warning,WARN: High flow rate detected (Flood risk)
2026-05-26 05:00:00+00:00,16.6,VALID,981.4130933333332,VALID,1.8295620000000001,VALID,Warning,WARN: High flow rate detected (Flood risk)
2026-05-26 06:00:00+00:00,16.6,VALID,966.7827466666668,VALID,1.8191480000000002,VALID,Warning,WARN: High flow rate detected (Flood risk)
2026-05-26 07:00:00+00:00,16.525000000000002,VALID,953.5682400000001,VALID,1.809496,VALID,Warning,WARN: High flow rate detected (Flood risk)
2026-05-26 08:00:00+00:00,16.483333333333334,VALID,940.11776,VALID,1.7998440000000002,VALID,Warning,WARN: High flow rate detected (Flood risk)
2026-05-26 09:00:00+00:00,16.40833333333333,VALID,927.8471466666666,VALID,1.7907000000000002,VALID,Warning,WARN: High flow rate detected (Flood risk)
2026-05-26 10:00:00+00:00,16.4,VALID,915.34056,VALID,1.7810480000000002,VALID,Warning,WARN: High flow rate detected (Flood risk)
2026-05-26 11:00:00+00:00,16.4,VALID,903.0699466666666,VALID,1.772412,VALID,Warning,WARN: High flow rate detected (Flood risk)
2026-05-26 12:00:00+00:00,16.4,VALID,891.7432266666666,VALID,1.763268,VALID,Warning,WARN: High flow rate detected (Flood risk)
2026-05-26 13:00:00+00:00,16.4,VALID,881.5963733333333,VALID,1.755648,VALID,Warning,WARN: High flow rate detected (Flood risk)
2026-05-26 14:00:00+00:00,16.441666666666666,VALID,872.15744,VALID,1.7480280000000004,VALID,Warning,WARN: High flow rate detected (Flood risk)
2026-05-26 15:00:00+00:00,16.525000000000002,VALID,860.3587733333334,VALID,1.7393920000000003,VALID,Warning,WARN: High flow rate detected (Flood risk)
2026-05-26 16:00:00+00:00,16.6,VALID,852.33568,VALID,1.7335500000000001,VALID,Warning,WARN: High flow rate detected (Flood risk)
2026-05-26 17:00:00+00:00,16.716666666666665,VALID,842.1888266666666,VALID,1.725422,VALID,Warning,WARN: High flow rate detected (Flood risk)
2026-05-26 18:00:00+00:00,16.825,VALID,833.22184,VALID,1.71831,VALID,Warning,WARN: High flow rate detected (Flood risk)
2026-05-26 19:00:00+00:00,16.95,VALID,824.7267999999999,VALID,1.7119600000000001,VALID,Warning,WARN: High flow rate detected (Flood risk)
2026-05-26 20:00:00+00:00,17.1,VALID,815.7598133333332,VALID,1.7045940000000002,VALID,Warning,WARN: High flow rate detected (Flood risk)
2026-05-26 21:00:00+00:00,17.2,VALID,808.2086666666665,VALID,1.699006,VALID,Warning,WARN: High flow rate detected (Flood risk)
2026-05-26 22:00:00+00:00,17.2,VALID,801.8373866666667,VALID,1.693672,VALID,Warning,WARN: High flow rate detected (Flood risk)
2026-05-26 23:00:00+00:00,17.291666666666668,VALID,795.2301333333334,VALID,1.6880840000000001,VALID,Warning,WARN: High flow rate detected (Flood risk)
2026-05-27 00:00:00+00:00,17.308333333333334,VALID,789.5667733333333,VALID,1.683766,VALID,Warning,WARN: High flow rate detected (Flood risk)
2026-05-27 01:00:00+00:00,17.391666666666666,VALID,783.9034133333333,VALID,1.679194,VALID,Warning,WARN: High flow rate detected (Flood risk)
2026-05-27 02:00:00+00:00,17.4,VALID,778.00408,VALID,1.6756380000000002,VALID,Warning,WARN: High flow rate detected (Flood risk)
2026-05-27 03:00:00+00:00,17.4,VALID,775.8803199999999,VALID,1.6733520000000002,VALID,Warning,WARN: High flow rate detected (Flood risk)
2026-05-27 04:00:00+00:00,17.4,VALID,772.34072,VALID,1.67005,VALID,Warning,WARN: High flow rate detected (Flood risk)
2026-05-27 05:00:00+00:00,17.333333333333332,VALID,768.80112,VALID,1.668018,VALID,Warning,WARN: High flow rate detected (Flood risk)
2026-05-27 06:00:00+00:00,17.3,VALID,767.38528,VALID,1.667256,VALID,Warning,WARN: High flow rate detected (Flood risk)
2026-05-27 07:00:00+00:00,17.266666666666666,VALID,765.7334666666666,VALID,1.6654780000000002,VALID,Warning,WARN: High flow rate detected (Flood risk)
2026-05-27 08:00:00+00:00,17.208333333333332,VALID,765.26152,VALID,1.66497,VALID,Warning,WARN: High flow rate detected (Flood risk)
2026-05-27 09:00:00+00:00,17.2,VALID,764.0816533333333,VALID,1.6637000000000002,VALID,Warning,WARN: High flow rate detected (Flood risk)
2026-05-27 10:00:00+00:00,17.116666666666667,VALID,762.9017866666667,VALID,1.6624300000000003,VALID,Warning,WARN: High flow rate detected (Flood risk)
2026-05-27 11:00:00+00:00,17.1,VALID,761.72192,VALID,1.66116,VALID,Warning,WARN: High flow rate detected (Flood risk)
2026-05-27 12:00:00+00:00,17.1,VALID,761.2499733333333,VALID,1.660906,VALID,Warning,WARN: High flow rate detected (Flood risk)
2026-05-27 13:00:00+00:00,17.116666666666667,VALID,757.0024533333332,VALID,1.6586200000000002,VALID,Warning,WARN: High flow rate detected (Flood risk)
2026-05-27 14:00:00+00:00,17.208333333333332,VALID,754.8786933333332,VALID,1.6568420000000001,VALID,Warning,WARN: High flow rate detected (Flood risk)
2026-05-27 15:00:00+00:00,17.349999999999998,VALID,754.1707733333333,VALID,1.6560800000000002,VALID,Warning,WARN: High flow rate detected (Flood risk)
2026-05-27 16:00:00+00:00,17.5,VALID,752.0470133333333,VALID,1.6537940000000002,VALID,Warning,WARN: High flow rate detected (Flood risk)
2026-05-27 17:00:00+00:00,17.616666666666667,VALID,747.56352,VALID,1.650492,VALID,Warning,WARN: High flow rate detected (Flood risk)
2026-05-27 18:00:00+00:00,17.741666666666667,VALID,744.2598933333334,VALID,1.6484600000000003,VALID,Warning,WARN: High flow rate detected (Flood risk)
2026-05-27 19:00:00+00:00,17.900000000000002,VALID,741.6641866666668,VALID,1.6456660000000003,VALID,Warning,WARN: High flow rate detected (Flood risk)
2026-05-27 20:00:00+00:00,18.108333333333334,VALID,737.6526399999999,VALID,1.64211,VALID,Warning,WARN: High flow rate detected (Flood risk)
2026-05-27 21:00:00+00:00,18.325,VALID,733.8770666666666,VALID,1.640078,VALID,Warning,WARN: High flow rate detected (Flood risk)
2026-05-27 22:00:00+00:00,18.433333333333334,VALID,731.28136,VALID,1.637538,VALID,Warning,WARN: High flow rate detected (Flood risk)
2026-05-27 23:00:00+00:00,18.483333333333334,VALID,730.1014933333332,VALID,1.636268,VALID,Warning,WARN: High flow rate detected (Flood risk)
2026-05-28 00:00:00+00:00,18.5,VALID,727.9777333333333,VALID,1.6339820000000003,VALID,Warning,WARN: High flow rate detected (Flood risk)
2026-05-28 01:00:00+00:00,18.533333333333335,VALID,727.74176,VALID,1.6337280000000003,VALID,Warning,WARN: High flow rate detected (Flood risk)
2026-05-28 02:00:00+00:00,18.608333333333334,VALID,726.3259199999999,VALID,1.632966,VALID,Warning,WARN: High flow rate detected (Flood risk)
2026-05-28 03:00:00+00:00,18.683333333333334,VALID,724.91008,VALID,1.632204,VALID,Warning,WARN: High flow rate detected (Flood risk)
2026-05-28 04:00:00+00:00,18.7,VALID,722.0784,VALID,1.63068,VALID,Warning,WARN: High flow rate detected (Flood risk)
2026-05-28 05:00:00+00:00,18.633333333333336,VALID,722.0784,VALID,1.63068,VALID,Warning,WARN: High flow rate detected (Flood risk)
2026-05-28 06:00:00+00:00,18.6,VALID,722.0784,VALID,1.63068,VALID,Warning,WARN: High flow rate detected (Flood risk)
2026-05-28 07:00:00+00:00,18.55,VALID,722.0784,VALID,1.63068,VALID,Warning,WARN: High flow rate detected (Flood risk)
2026-05-28 08:00:00+00:00,18.474999999999998,VALID,722.0784,VALID,1.63068,VALID,Warning,WARN: High flow rate detected (Flood risk)
2026-05-28 09:00:00+00:00,18.35833333333333,VALID,721.1345066666667,VALID,1.629664,VALID,Warning,WARN: High flow rate detected (Flood risk)
2026-05-28 10:00:00+00:00,18.258333333333333,VALID,720.4265866666666,VALID,1.628902,VALID,Warning,WARN: High flow rate detected (Flood risk)
2026-05-28 11:00:00+00:00,18.2,VALID,719.4826933333334,VALID,1.627886,VALID,Warning,WARN: High flow rate detected (Flood risk)
2026-05-28 12:00:00+00:00,18.183333333333334,VALID,719.24672,VALID,1.627632,VALID,Warning,WARN: High flow rate detected (Flood risk)
2026-05-28 13:00:00+00:00,18.175,VALID,718.0668533333333,VALID,1.626362,VALID,Warning,WARN: High flow rate detected (Flood risk)
2026-05-28 14:00:00+00:00,18.233333333333334,VALID,715.9430933333333,VALID,1.6243299999999998,VALID,Warning,WARN: High flow rate detected (Flood risk)
2026-05-28 15:00:00+00:00,18.425,VALID,712.8754399999999,VALID,1.622552,VALID,Warning,WARN: High flow rate detected (Flood risk)
2026-05-28 16:00:00+00:00,18.708333333333332,VALID,712.16752,VALID,1.622298,VALID,Warning,WARN: High flow rate detected (Flood risk)
2026-05-28 17:00:00+00:00,18.991666666666667,VALID,711.6955733333333,VALID,1.622044,VALID,Warning,WARN: High flow rate detected (Flood risk)
2026-05-28 18:00:00+00:00,19.333333333333332,VALID,715.4711466666666,VALID,1.6240759999999999,VALID,Warning,WARN: High flow rate detected (Flood risk)
2026-05-28 19:00:00+00:00,19.608333333333334,VALID,719.9546399999999,VALID,1.62814,VALID,Warning,WARN: High flow rate detected (Flood risk)
2026-05-28 20:00:00+00:00,19.775000000000002,VALID,727.74176,VALID,1.6339820000000003,VALID,Warning,WARN: High flow rate detected (Flood risk)
2026-05-28 21:00:00+00:00,19.891666666666666,VALID,736.2368,VALID,1.641348,VALID,Warning,WARN: High flow rate detected (Flood risk)
2026-05-28 22:00:00+00:00,19.991666666666667,VALID,748.27144,VALID,1.651254,VALID,Warning,WARN: High flow rate detected (Flood risk)
2026-05-28 23:00:00+00:00,20.09166666666667,VALID,764.3176266666666,VALID,1.6639540000000002,VALID,Warning,WARN: High flow rate detected (Flood risk)
2026-05-29 00:00:00+00:00,20.183333333333334,VALID,779.1839466666667,VALID,1.6761460000000001,VALID,Warning,WARN: High flow rate detected (Flood risk)
2026-05-29 01:00:00+00:00,20.2,VALID,800.8934933333334,VALID,1.6926560000000002,VALID,Warning,WARN: High flow rate detected (Flood risk)
2026-05-29 02:00:00+00:00,20.2,VALID,822.8390133333332,VALID,1.7101819999999999,VALID,Warning,WARN: High flow rate detected (Flood risk)
2026-05-29 03:00:00+00:00,20.14166666666667,VALID,846.67232,VALID,1.728978,VALID,Warning,WARN: High flow rate detected (Flood risk)
2026-05-29 04:00:00+00:00,20.1,VALID,870.03368,VALID,1.746758,VALID,Warning,WARN: High flow rate detected (Flood risk)
2026-05-29 05:00:00+00:00,19.966666666666665,VALID,893.8669866666665,VALID,1.7650460000000001,VALID,Warning,WARN: High flow rate detected (Flood risk)
2026-05-29 06:00:00+00:00,19.775000000000002,VALID,919.3521066666667,VALID,1.78435,VALID,Warning,WARN: High flow rate detected (Flood risk)
2026-05-29 07:00:00+00:00,19.625,VALID,941.7695733333334,VALID,1.8008600000000001,VALID,Warning,WARN: High flow rate detected (Flood risk)
2026-05-29 08:00:00+00:00,19.474999999999998,VALID,963.0071733333334,VALID,1.8163540000000002,VALID,Warning,WARN: High flow rate detected (Flood risk)
2026-05-29 09:00:00+00:00,19.308333333333334,VALID,983.0649066666666,VALID,1.830578,VALID,Warning,WARN: High flow rate detected (Flood risk)
2026-05-29 10:00:00+00:00,19.150000000000002,VALID,1000.99888,VALID,1.843532,VALID,Warning,WARN: High flow rate detected (Flood risk)
2026-05-29 11:00:00+00:00,19.033333333333335,VALID,1016.57312,VALID,1.8544540000000003,VALID,Warning,WARN: High flow rate detected (Flood risk)
2026-05-29 12:00:00+00:00,19.0,VALID,1031.43944,VALID,1.8643600000000002,VALID,Warning,WARN: High flow rate detected (Flood risk)
2026-05-29 13:00:00+00:00,19.066666666666666,VALID,1045.3618666666669,VALID,1.8735040000000003,VALID,Warning,WARN: High flow rate detected (Flood risk)
2026-05-29 14:00:00+00:00,19.224999999999998,VALID,1055.7446933333333,VALID,1.88087,VALID,Warning,WARN: High flow rate detected (Flood risk)
2026-05-29 15:00:00+00:00,19.466666666666665,VALID,1067.54336,VALID,1.888236,VALID,Warning,WARN: High flow rate detected (Flood risk)
2026-05-29 16:00:00+00:00,19.724999999999998,VALID,1074.3865866666665,VALID,1.8933160000000002,VALID,Warning,WARN: High flow rate detected (Flood risk)
2026-05-29 17:00:00+00:00,19.991666666666667,VALID,1082.40968,VALID,1.8989040000000001,VALID,Warning,WARN: High flow rate detected (Flood risk)
2026-05-29 18:00:00+00:00,20.233333333333334,VALID,1091.1406933333333,VALID,1.904238,VALID,Warning,WARN: High flow rate detected (Flood risk)
2026-05-29 19:00:00+00:00,20.425,VALID,1096.8040533333333,VALID,1.908556,VALID,Warning,WARN: High flow rate detected (Flood risk)
2026-05-29 20:00:00+00:00,20.575,VALID,1101.52352,VALID,1.911096,VALID,Warning,WARN: High flow rate detected (Flood risk)
2026-05-29 21:00:00+00:00,20.675,VALID,1103.4113066666666,VALID,1.9121119999999998,VALID,Warning,WARN: High flow rate detected (Flood risk)
2026-05-29 22:00:00+00:00,20.7,VALID,1102.93936,VALID,1.9118579999999998,VALID,Warning,WARN: High flow rate detected (Flood risk)
2026-05-29 23:00:00+00:00,20.7,VALID,1100.5796266666666,VALID,1.910588,VALID,Warning,WARN: High flow rate detected (Flood risk)
2026-05-30 00:00:00+00:00,20.633333333333336,VALID,1096.0961333333332,VALID,1.908048,VALID,Warning,WARN: High flow rate detected (Flood risk)
2026-05-30 01:00:00+00:00,20.55,VALID,1093.2644533333332,VALID,1.905254,VALID,Warning,WARN: High flow rate detected (Flood risk)
2026-05-30 02:00:00+00:00,20.4,VALID,1086.4212266666666,VALID,1.901444,VALID,Warning,WARN: High flow rate detected (Flood risk)
2026-05-30 03:00:00+00:00,20.241666666666667,VALID,1079.578,VALID,1.897126,VALID,Warning,WARN: High flow rate detected (Flood risk)
2026-05-30 04:00:00+00:00,20.066666666666666,VALID,1069.4311466666666,VALID,1.88976,VALID,Warning,WARN: High flow rate detected (Flood risk)
2026-05-30 05:00:00+00:00,19.925,VALID,1058.5763733333333,VALID,1.8829019999999999,VALID,Warning,WARN: High flow rate detected (Flood risk)
2026-05-30 06:00:00+00:00,19.75,VALID,1047.7216,VALID,1.8750280000000001,VALID,Warning,WARN: High flow rate detected (Flood risk)
2026-05-30 07:00:00+00:00,19.6,VALID,1034.97904,VALID,1.8669000000000002,VALID,Warning,WARN: High flow rate detected (Flood risk)
2026-05-30 08:00:00+00:00,19.45,VALID,1022.7084266666667,VALID,1.8585180000000001,VALID,Warning,WARN: High flow rate detected (Flood risk)
2026-05-30 09:00:00+00:00,19.366666666666664,VALID,1007.3701599999999,VALID,1.8481040000000002,VALID,Warning,WARN: High flow rate detected (Flood risk)
2026-05-30 10:00:00+00:00,19.25,VALID,994.6275999999999,VALID,1.8389600000000002,VALID,Warning,WARN: High flow rate detected (Flood risk)
2026-05-30 11:00:00+00:00,19.2,VALID,981.6490666666665,VALID,1.8295620000000001,VALID,Warning,WARN: High flow rate detected (Flood risk)
2026-05-30 12:00:00+00:00,19.158333333333335,VALID,967.4906666666667,VALID,1.8196560000000002,VALID,Warning,WARN: High flow rate detected (Flood risk)
2026-05-30 13:00:00+00:00,19.175,VALID,953.0962933333334,VALID,1.808988,VALID,Warning,WARN: High flow rate detected (Flood risk)
2026-05-30 14:00:00+00:00,19.25,VALID,939.1738666666666,VALID,1.799082,VALID,Warning,WARN: High flow rate detected (Flood risk)
2026-05-30 15:00:00+00:00,19.425,VALID,925.25144,VALID,1.7886680000000001,VALID,Warning,WARN: High flow rate detected (Flood risk)
2026-05-30 16:00:00+00:00,19.666666666666668,VALID,910.38512,VALID,1.7774920000000003,VALID,Warning,WARN: High flow rate detected (Flood risk)
2026-05-30 17:00:00+00:00,19.891666666666666,VALID,896.22672,VALID,1.766824,VALID,Warning,WARN: High flow rate detected (Flood risk)
2026-05-30 18:00:00+00:00,20.108333333333334,VALID,883.2481866666667,VALID,1.757172,VALID,Warning,WARN: High flow rate detected (Flood risk)
2026-05-30 19:00:00+00:00,20.333333333333332,VALID,870.5056266666666,VALID,1.746758,VALID,Warning,WARN: High flow rate detected (Flood risk)
2026-05-30 20:00:00+00:00,20.458333333333332,VALID,854.4594400000001,VALID,1.735074,VALID,Warning,WARN: High flow rate detected (Flood risk)
2026-05-30 21:00:00+00:00,20.59166666666667,VALID,839.59312,VALID,1.72339,VALID,Warning,WARN: High flow rate detected (Flood risk)
2026-05-30 22:00:00+00:00,20.6,VALID,826.14264,VALID,1.712976,VALID,Warning,WARN: High flow rate detected (Flood risk)
2026-05-30 23:00:00+00:00,20.6,VALID,812.9281333333333,VALID,1.7025620000000001,VALID,Warning,WARN: High flow rate detected (Flood risk)
2026-05-31 00:00:00+00:00,20.55,VALID,799.4776533333334,VALID,1.6916400000000003,VALID,Warning,WARN: High flow rate detected (Flood risk)
2026-05-31 01:00:00+00:00,20.5,VALID,784.8473066666667,VALID,1.680464,VALID,Warning,WARN: High flow rate detected (Flood risk)
2026-05-31 02:00:00+00:00,20.433333333333334,VALID,772.1047466666665,VALID,1.670304,VALID,Warning,WARN: High flow rate detected (Flood risk)
2026-05-31 03:00:00+00:00,20.35833333333333,VALID,760.30608,VALID,1.660652,VALID,Warning,WARN: High flow rate detected (Flood risk)
2026-05-31 04:00:00+00:00,20.208333333333332,VALID,748.9793599999999,VALID,1.651762,VALID,Warning,WARN: High flow rate detected (Flood risk)
2026-05-31 05:00:00+00:00,20.058333333333334,VALID,737.6526399999999,VALID,1.642618,VALID,Warning,WARN: High flow rate detected (Flood risk)
2026-05-31 06:00:00+00:00,19.883333333333333,VALID,726.5618933333334,VALID,1.6337279999999998,VALID,Warning,WARN: High flow rate detected (Flood risk)
2026-05-31 07:00:00+00:00,19.683333333333334,VALID,714.9991999999999,VALID,1.6243299999999998,VALID,Warning,WARN: High flow rate detected (Flood risk)
2026-05-31 08:00:00+00:00,19.5,VALID,704.1444266666666,VALID,1.6154400000000002,VALID,Warning,WARN: High flow rate detected (Flood risk)
2026-05-31 09:00:00+00:00,19.366666666666664,VALID,693.7615999999999,VALID,1.607058,VALID,Warning,WARN: High flow rate detected (Flood risk)
2026-05-31 10:00:00+00:00,19.191666666666666,VALID,683.85072,VALID,1.5986760000000002,VALID,Warning,WARN: High flow rate detected (Flood risk)
2026-05-31 11:00:00+00:00,19.058333333333334,VALID,674.64776,VALID,1.591056,VALID,Warning,WARN: High flow rate detected (Flood risk)
2026-05-31 12:00:00+00:00,19.0,VALID,664.73688,VALID,1.5826740000000001,VALID,Warning,WARN: High flow rate detected (Flood risk)
2026-05-31 13:00:00+00:00,19.0,VALID,656.4778133333333,VALID,1.575308,VALID,Warning,WARN: High flow rate detected (Flood risk)
2026-05-31 14:00:00+00:00,19.083333333333332,VALID,648.9266666666666,VALID,1.5694660000000002,VALID,Warning,WARN: High flow rate detected (Flood risk)
2026-05-31 15:00:00+00:00,19.3,VALID,639.25176,VALID,1.561592,VALID,Warning,WARN: High flow rate detected (Flood risk)
2026-05-31 16:00:00+00:00,19.591666666666665,VALID,631.2286666666668,VALID,1.554226,VALID,Warning,WARN: High flow rate detected (Flood risk)
2026-05-31 17:00:00+00:00,19.933333333333334,VALID,624.1494666666666,VALID,1.5486380000000002,VALID,Warning,WARN: High flow rate detected (Flood risk)
2026-05-31 18:00:00+00:00,20.233333333333334,VALID,617.0702666666667,VALID,1.5420340000000001,VALID,Warning,WARN: High flow rate detected (Flood risk)
2026-05-31 19:00:00+00:00,20.508333333333333,VALID,608.3392533333333,VALID,1.534922,VALID,Warning,WARN: High flow rate detected (Flood risk)
2026-05-31 20:00:00+00:00,20.708333333333332,VALID,600.31616,VALID,1.527048,VALID,Warning,WARN: High flow rate detected (Flood risk)
2026-05-31 21:00:00+00:00,20.9,VALID,591.3491733333333,VALID,1.5196820000000002,VALID,Warning,WARN: High flow rate detected (Flood risk)
2026-05-31 22:00:00+00:00,21.0,VALID,582.61816,VALID,1.511808,VALID,Warning,WARN: High flow rate detected (Flood risk)
2026-05-31 23:00:00+00:00,21.09166666666667,VALID,573.4152,VALID,1.504188,VALID,Warning,WARN: High flow rate detected (Flood risk)
2026-06-01 00:00:00+00:00,21.1,VALID,564.4482133333333,VALID,1.4958060000000002,VALID,Warning,WARN: High flow rate detected (Flood risk)
2026-06-01 01:00:00+00:00,21.1,VALID,555.2452533333334,VALID,1.487678,VALID,Warning,WARN: High flow rate detected (Flood risk)
2026-06-01 02:00:00+00:00,21.108333333333334,VALID,547.4581333333333,VALID,1.4805660000000003,VALID,Warning,WARN: High flow rate detected (Flood risk)
2026-06-01 03:00:00+00:00,21.183333333333334,VALID,539.1990666666667,VALID,1.4734540000000003,VALID,Warning,WARN: High flow rate detected (Flood risk)
2026-06-01 04:00:00+00:00,21.125,VALID,532.5918133333333,VALID,1.466342,VALID,Warning,WARN: High flow rate detected (Flood risk)
2026-06-01 05:00:00+00:00,21.1,VALID,523.3888533333334,VALID,1.45923,VALID,Warning,WARN: High flow rate detected (Flood risk)
2026-06-01 06:00:00+00:00,21.0,VALID,517.2535466666667,VALID,1.4528799999999997,VALID,Warning,WARN: High flow rate detected (Flood risk)
2026-06-01 07:00:00+00:00,20.883333333333333,VALID,511.5901866666666,VALID,1.446784,VALID,Warning,WARN: High flow rate detected (Flood risk)
2026-06-01 08:00:00+00:00,20.75,VALID,503.33112,VALID,1.440688,VALID,Warning,WARN: High flow rate detected (Flood risk)
2026-06-01 09:00:00+00:00,20.558333333333334,VALID,497.4317866666667,VALID,1.434592,VALID,Online,Resolved: Operating normally
2026-06-01 10:00:00+00:00,20.366666666666667,VALID,492.47634666666664,VALID,1.4292580000000001,VALID,Online,Resolved: Operating normally
2026-06-01 11:00:00+00:00,20.191666666666666,VALID,487.99285333333336,VALID,1.4244320000000001,VALID,Online,Resolved: Operating normally
2026-06-01 12:00:00+00:00,20.041666666666668,VALID,481.8575466666667,VALID,1.419098,VALID,Online,Resolved: Operating normally
2026-06-01 13:00:00+00:00,19.925,VALID,474.77834666666666,VALID,1.4132559999999998,VALID,Online,Resolved: Operating normally
2026-06-01 14:00:00+00:00,19.966666666666665,VALID,470.2948533333333,VALID,1.40843,VALID,Online,Resolved: Operating normally
2026-06-01 15:00:00+00:00,20.116666666666667,VALID,465.3394133333333,VALID,1.403096,VALID,Online,Resolved: Operating normally
2026-06-01 16:00:00+00:00,20.275000000000002,VALID,460.6199466666667,VALID,1.3980160000000001,VALID,Online,Resolved: Operating normally
2026-06-01 17:00:00+00:00,20.5,VALID,456.6084,VALID,1.3939520000000003,VALID,Online,Resolved: Operating normally
2026-06-01 18:00:00+00:00,20.683333333333334,VALID,448.58530666666667,VALID,1.3881100000000002,VALID,Online,Resolved: Operating normally
2026-06-01 19:00:00+00:00,20.866666666666664,VALID,445.5176533333333,VALID,1.3848080000000003,VALID,Online,Resolved: Operating normally
2026-06-01 20:00:00+00:00,21.016666666666666,VALID,440.09026666666665,VALID,1.3789660000000001,VALID,Online,Resolved: Operating normally
2026-06-01 21:00:00+00:00,21.175,VALID,435.84274666666664,VALID,1.374394,VALID,Online,Resolved: Operating normally
2026-06-01 22:00:00+00:00,21.2,VALID,431.35925333333336,VALID,1.3695680000000001,VALID,Online,Resolved: Operating normally
2026-06-01 23:00:00+00:00,21.191666666666666,VALID,426.16784,VALID,1.36398,VALID,Online,Resolved: Operating normally
2026-06-02 00:00:00+00:00,21.150000000000002,VALID,422.86421333333334,VALID,1.360424,VALID,Online,Resolved: Operating normally
2026-06-02 01:00:00+00:00,21.1,VALID,418.38071999999994,VALID,1.3555980000000003,VALID,Online,Resolved: Operating normally
2026-06-02 02:00:00+00:00,21.1,VALID,414.3691733333333,VALID,1.35128,VALID,Online,Resolved: Operating normally
2026-06-02 03:00:00+00:00,21.2,VALID,405.4021866666667,VALID,1.343152,VALID,Online,Resolved: Operating normally
2026-06-02 04:00:00+00:00,21.2,VALID,404.22232,VALID,1.342136,VALID,Online,Resolved: Operating normally
2026-06-02 05:00:00+00:00,21.266666666666666,VALID,399.0309066666667,VALID,1.3378180000000002,VALID,Online,Resolved: Operating normally
2026-06-02 06:00:00+00:00,21.3,VALID,394.31144,VALID,1.332738,VALID,Online,Resolved: Operating normally
2026-06-02 07:00:00+00:00,21.3,VALID,391.00781333333333,VALID,1.329182,VALID,Online,Resolved: Operating normally
2026-06-02 08:00:00+00:00,21.25,VALID,387.4682133333333,VALID,1.325372,VALID,Online,Resolved: Operating normally
2026-06-02 09:00:00+00:00,21.166666666666668,VALID,385.3444533333333,VALID,1.323086,VALID,Online,Resolved: Operating normally
2026-06-02 10:00:00+00:00,21.033333333333335,VALID,382.98472,VALID,1.320546,VALID,Online,Resolved: Operating normally
2026-06-02 11:00:00+00:00,20.908333333333335,VALID,380.15304,VALID,1.317498,VALID,Online,Resolved: Operating normally
2026-06-02 12:00:00+00:00,20.758333333333333,VALID,378.02927999999997,VALID,1.315212,VALID,Online,Resolved: Operating normally
2026-06-02 13:00:00+00:00,20.650000000000002,VALID,375.4335733333333,VALID,1.3124179999999999,VALID,Online,Resolved: Operating normally
2026-06-02 14:00:00+00:00,20.541666666666668,VALID,372.36592,VALID,1.3091160000000002,VALID,Online,Resolved: Operating normally
2026-06-02 15:00:00+00:00,20.625,VALID,369.7702133333334,VALID,1.306322,VALID,Online,Resolved: Operating normally
2026-06-02 16:00:00+00:00,20.833333333333332,VALID,366.70256,VALID,1.30302,VALID,Online,Resolved: Operating normally
2026-06-02 17:00:00+00:00,21.075,VALID,363.16295999999994,VALID,1.29921,VALID,Online,Resolved: Operating normally
2026-06-02 18:00:00+00:00,21.375,VALID,359.8593333333333,VALID,1.295654,VALID,Online,Resolved: Operating normally
2026-06-02 19:00:00+00:00,21.608333333333334,VALID,357.26362666666665,VALID,1.2928600000000001,VALID,Online,Resolved: Operating normally
2026-06-02 20:00:00+00:00,21.78333333333333,VALID,353.7240266666666,VALID,1.2890500000000003,VALID,Online,Resolved: Operating normally
2026-06-02 21:00:00+00:00,21.791666666666668,VALID,350.18442666666664,VALID,1.2852400000000002,VALID,Online,Resolved: Operating normally
2026-06-02 22:00:00+00:00,21.8,VALID,347.35274666666663,VALID,1.2821920000000002,VALID,Online,Resolved: Operating normally
2026-06-02 23:00:00+00:00,21.683333333333334,VALID,344.5210666666667,VALID,1.2791440000000003,VALID,Online,Resolved: Operating normally
2026-06-03 00:00:00+00:00,21.558333333333334,VALID,340.9814666666667,VALID,1.2753340000000002,VALID,Online,Resolved: Operating normally
2026-06-03 01:00:00+00:00,21.40833333333333,VALID,338.38576,VALID,1.27254,VALID,Online,Resolved: Operating normally
2026-06-03 02:00:00+00:00,21.275000000000002,VALID,333.90226666666666,VALID,1.2677140000000002,VALID,Online,Resolved: Operating normally
2026-06-03 03:00:00+00:00,21.241666666666667,VALID,330.8346133333333,VALID,1.2644120000000003,VALID,Online,Resolved: Operating normally
2026-06-03 04:00:00+00:00,21.316666666666666,VALID,326.5870933333333,VALID,1.2598399999999998,VALID,Online,Resolved: Operating normally
2026-06-03 05:00:00+00:00,21.399999999999995,VALID,323.51944,VALID,1.256538,VALID,Online,Resolved: Operating normally
2026-06-03 06:00:00+00:00,21.399999999999995,VALID,319.03594666666663,VALID,1.2517120000000002,VALID,Online,Resolved: Operating normally
2026-06-03 07:00:00+00:00,21.399999999999995,VALID,315.0244,VALID,1.247394,VALID,Online,Resolved: Operating normally
2026-06-03 08:00:00+00:00,21.366666666666664,VALID,311.4848,VALID,1.243584,VALID,Online,Resolved: Operating normally
2026-06-03 09:00:00+00:00,21.283333333333335,VALID,307.47325333333333,VALID,1.239266,VALID,Online,Resolved: Operating normally
2026-06-03 10:00:00+00:00,21.208333333333332,VALID,303.69768,VALID,1.235202,VALID,Online,Resolved: Operating normally
2026-06-03 11:00:00+00:00,21.125,VALID,300.3940533333333,VALID,1.231646,VALID,Online,Resolved: Operating normally
2026-06-03 12:00:00+00:00,21.033333333333335,VALID,297.3264,VALID,1.228344,VALID,Online,Resolved: Operating normally
2026-06-03 13:00:00+00:00,20.991666666666667,VALID,294.0227733333333,VALID,1.224788,VALID,Online,Resolved: Operating normally
2026-06-03 14:00:00+00:00,20.991666666666667,VALID,290.2472,VALID,1.220724,VALID,Online,Resolved: Operating normally
2026-06-03 15:00:00+00:00,21.183333333333334,VALID,288.83136,VALID,1.2174220000000002,VALID,Online,Resolved: Operating normally
2026-06-03 16:00:00+00:00,21.508333333333336,VALID,287.41552,VALID,1.214628,VALID,Online,Resolved: Operating normally
2026-06-03 17:00:00+00:00,21.891666666666666,VALID,282.69605333333334,VALID,1.210564,VALID,Online,Resolved: Operating normally
2026-06-03 18:00:00+00:00,22.25,VALID,279.699192,VALID,1.207262,VALID,Online,Resolved: Operating normally
2026-06-03 19:00:00+00:00,22.59166666666667,VALID,276.89110933333336,VALID,1.2039600000000001,VALID,Online,Resolved: Operating normally
2026-06-03 20:00:00+00:00,22.825,VALID,274.5785706666667,VALID,1.20142,VALID,Online,Resolved: Operating normally
2026-06-03 21:00:00+00:00,22.941666666666666,VALID,271.770488,VALID,1.198118,VALID,Online,Resolved: Operating normally
2026-06-03 22:00:00+00:00,22.933333333333334,VALID,269.0096,VALID,1.194816,VALID,Online,Resolved: Operating normally
2026-06-03 23:00:00+00:00,22.8,VALID,266.4374906666667,VALID,1.1917680000000002,VALID,Online,Resolved: Operating normally
2026-06-04 00:00:00+00:00,22.625,VALID,262.99228,VALID,1.187958,VALID,Online,Resolved: Operating normally
2026-06-04 01:00:00+00:00,22.40833333333333,VALID,260.23139199999997,VALID,1.1846560000000002,VALID,Online,Resolved: Operating normally
2026-06-04 02:00:00+00:00,22.208333333333332,VALID,258.532384,VALID,1.1826240000000001,VALID,Online,Resolved: Operating normally
2026-06-04 03:00:00+00:00,22.016666666666666,VALID,255.983872,VALID,1.1795760000000002,VALID,Online,Resolved: Operating normally
2026-06-04 04:00:00+00:00,21.858333333333334,VALID,254.072488,VALID,1.17729,VALID,Online,Resolved: Operating normally
2026-06-04 05:00:00+00:00,21.8,VALID,251.73635199999998,VALID,1.1744960000000002,VALID,Online,Resolved: Operating normally
2026-06-04 06:00:00+00:00,21.858333333333334,VALID,250.037344,VALID,1.172464,VALID,Online,Resolved: Operating normally
2026-06-04 07:00:00+00:00,21.924999999999997,VALID,248.338336,VALID,1.170432,VALID,Online,Resolved: Operating normally
2026-06-04 08:00:00+00:00,22.0,VALID,246.45054933333333,VALID,1.167892,VALID,Online,Resolved: Operating normally
2026-06-04 09:00:00+00:00,22.0,VALID,244.798736,VALID,1.1658600000000001,VALID,Online,Resolved: Operating normally
2026-06-04 10:00:00+00:00,22.0,VALID,243.52447999999995,VALID,1.164336,VALID,Online,Resolved: Operating normally
2026-06-04 11:00:00+00:00,22.0,VALID,241.40071999999998,VALID,1.161796,VALID,Online,Resolved: Operating normally
2026-06-04 12:00:00+00:00,21.941666666666666,VALID,238.85220800000002,VALID,1.158748,VALID,Online,Resolved: Operating normally
2026-06-04 13:00:00+00:00,21.991666666666664,VALID,237.86112,VALID,1.157478,VALID,Online,Resolved: Operating normally
2026-06-04 14:00:00+00:00,22.116666666666664,VALID,235.949736,VALID,1.154938,VALID,Online,Resolved: Operating normally
2026-06-04 15:00:00+00:00,22.383333333333336,VALID,234.25072799999998,VALID,1.152906,VALID,Online,Resolved: Operating normally
2026-06-04 16:00:00+00:00,22.724999999999998,VALID,231.48984,VALID,1.149604,VALID,Online,Resolved: Operating normally
2026-06-04 17:00:00+00:00,23.141666666666666,VALID,229.36608,VALID,1.14681,VALID,Online,Resolved: Operating normally
2026-06-04 18:00:00+00:00,23.599999999999998,VALID,227.31311200000002,VALID,1.14427,VALID,Online,Resolved: Operating normally
2026-06-04 19:00:00+00:00,23.974999999999998,VALID,225.09496266666665,VALID,1.1414760000000002,VALID,Online,Resolved: Operating normally
2026-06-04 20:00:00+00:00,24.241666666666664,VALID,223.34876,VALID,1.1391900000000001,VALID,Online,Resolved: Operating normally
2026-06-04 21:00:00+00:00,24.399999999999995,VALID,221.05981866666664,VALID,1.1363960000000002,VALID,Online,Resolved: Operating normally
2026-06-04 22:00:00+00:00,24.358333333333334,VALID,219.17203200000003,VALID,1.1338560000000002,VALID,Online,Resolved: Operating normally
2026-06-04 23:00:00+00:00,24.208333333333332,VALID,217.66180266666666,VALID,1.1318240000000002,VALID,Online,Resolved: Operating normally
2026-06-05 00:00:00+00:00,24.041666666666668,VALID,214.59414933333332,VALID,1.128014,VALID,Online,Resolved: Operating normally
2026-06-05 01:00:00+00:00,23.833333333333332,VALID,212.28161066666667,VALID,1.124966,VALID,Online,Resolved: Operating normally
2026-06-05 02:00:00+00:00,23.625,VALID,210.20504533333335,VALID,1.122172,VALID,Online,Resolved: Operating normally
2026-06-05 03:00:00+00:00,23.358333333333334,VALID,208.50603733333332,VALID,1.119886,VALID,Online,Resolved: Operating normally
2026-06-05 04:00:00+00:00,23.099999999999998,VALID,206.429472,VALID,1.1170920000000002,VALID,Online,Resolved: Operating normally
2026-06-05 05:00:00+00:00,22.900000000000002,VALID,204.022544,VALID,1.114044,VALID,Online,Resolved: Operating normally
2026-06-05 06:00:00+00:00,22.775000000000002,VALID,202.37073066666667,VALID,1.112012,VALID,Online,Resolved: Operating normally
2026-06-05 07:00:00+00:00,22.8,VALID,200.482944,VALID,1.109472,VALID,Online,Resolved: Operating normally
2026-06-05 08:00:00+00:00,22.90833333333333,VALID,198.21760000000003,VALID,1.106424,VALID,Online,Resolved: Operating normally
2026-06-05 09:00:00+00:00,23.025000000000002,VALID,196.89614933333334,VALID,1.104646,VALID,Online,Resolved: Operating normally
2026-06-05 10:00:00+00:00,23.141666666666666,VALID,194.819584,VALID,1.101852,VALID,Online,Resolved: Operating normally
2026-06-05 11:00:00+00:00,23.2,VALID,193.0261866666667,VALID,1.099312,VALID,Online,Resolved: Operating normally
2026-06-05 12:00:00+00:00,23.266666666666666,VALID,191.704736,VALID,1.09728,VALID,Online,Resolved: Operating normally
2026-06-05 13:00:00+00:00,23.45,VALID,190.19450666666668,VALID,1.095248,VALID,Online,Resolved: Operating normally
2026-06-05 14:00:00+00:00,23.600000000000005,VALID,188.6842773333333,VALID,1.0932160000000002,VALID,Online,Resolved: Operating normally
2026-06-05 15:00:00+00:00,23.775000000000002,VALID,187.55160533333333,VALID,1.091692,VALID,Online,Resolved: Operating normally
2026-06-05 16:00:00+00:00,24.208333333333332,VALID,186.607712,VALID,1.090422,VALID,Online,Resolved: Operating normally
2026-06-05 17:00:00+00:00,24.575,VALID,185.47504,VALID,1.0888980000000001,VALID,Online,Resolved: Operating normally
2026-06-05 18:00:00+00:00,24.983333333333334,VALID,184.53114666666667,VALID,1.087628,VALID,Online,Resolved: Operating normally
2026-06-05 19:00:00+00:00,25.34166666666667,VALID,183.0445146666667,VALID,1.085596,VALID,Online,Resolved: Operating normally
2026-06-05 20:00:00+00:00,25.650000000000002,VALID,182.66695733333333,VALID,1.085088,VALID,Online,Resolved: Operating normally
2026-06-05 21:00:00+00:00,25.875,VALID,181.98263466666666,VALID,1.084072,VALID,Online,Resolved: Operating normally
2026-06-05 22:00:00+00:00,25.933333333333334,VALID,181.81745333333333,VALID,1.083818,VALID,Online,Resolved: Operating normally
2026-06-05 23:00:00+00:00,25.84166666666667,VALID,180.66118399999996,VALID,1.08204,VALID,Online,Resolved: Operating normally
2026-06-06 00:00:00+00:00,25.7,VALID,180.09484799999998,VALID,1.081278,VALID,Online,Resolved: Operating normally
2026-06-06 01:00:00+00:00,25.558333333333334,VALID,178.39584,VALID,1.0789920000000002,VALID,Online,Resolved: Operating normally
2026-06-06 02:00:00+00:00,25.358333333333334,VALID,176.909208,VALID,1.076706,VALID,Online,Resolved: Operating normally
2026-06-06 03:00:00+00:00,25.125,VALID,175.09221333333335,VALID,1.0741660000000002,VALID,Online,Resolved: Operating normally
2026-06-06 04:00:00+00:00,24.858333333333334,VALID,173.48759466666664,VALID,1.07188,VALID,Online,Resolved: Operating normally
2026-06-06 05:00:00+00:00,24.625,VALID,171.22225066666667,VALID,1.0685779999999998,VALID,Online,Resolved: Operating normally
2026-06-06 06:00:00+00:00,24.433333333333334,VALID,169.57043733333333,VALID,1.066292,VALID,Online,Resolved: Operating normally
2026-06-06 07:00:00+00:00,24.2,VALID,167.72984533333332,VALID,1.063498,VALID,Online,Resolved: Operating normally
2026-06-06 08:00:00+00:00,24.025000000000002,VALID,166.78595199999998,VALID,1.062228,VALID,Online,Resolved: Operating normally
2026-06-06 09:00:00+00:00,24.0,VALID,165.65328,VALID,1.060704,VALID,Online,Resolved: Operating normally
2026-06-06 10:00:00+00:00,24.083333333333332,VALID,164.33182933333333,VALID,1.0586720000000003,VALID,Online,Resolved: Operating normally
2026-06-06 11:00:00+00:00,24.21666666666667,VALID,163.67110399999999,VALID,1.0576560000000002,VALID,Online,Resolved: Operating normally
2026-06-06 12:00:00+00:00,24.383333333333336,VALID,163.67110399999999,VALID,1.0576560000000002,VALID,Online,Resolved: Operating normally
2026-06-06 13:00:00+00:00,24.608333333333334,VALID,163.67110399999999,VALID,1.0576560000000002,VALID,Online,Resolved: Operating normally
2026-06-06 14:00:00+00:00,24.775000000000002,VALID,163.67110399999999,VALID,1.0576560000000002,VALID,Online,Resolved: Operating normally
2026-06-06 15:00:00+00:00,25.016666666666666,VALID,159.04602666666665,VALID,1.0505440000000001,VALID,Online,Resolved: Operating normally
2026-06-06 16:00:00+00:00,25.241666666666664,VALID,158.88084533333333,VALID,1.0502900000000002,VALID,Online,Resolved: Operating normally
2026-06-06 17:00:00+00:00,25.46666666666667,VALID,160.03711466666667,VALID,1.052068,VALID,Online,Resolved: Operating normally
2026-06-06 18:00:00+00:00,25.683333333333334,VALID,158.88084533333333,VALID,1.0502900000000002,VALID,Online,Resolved: Operating normally
2026-06-06 19:00:00+00:00,26.025000000000002,VALID,158.55048266666665,VALID,1.0497820000000002,VALID,Online,Resolved: Operating normally
2026-06-06 20:00:00+00:00,26.208333333333332,VALID,157.72457599999998,VALID,1.048512,VALID,Online,Resolved: Operating normally
2026-06-06 21:00:00+00:00,26.358333333333334,VALID,156.733488,VALID,1.046988,VALID,Online,Resolved: Operating normally
2026-06-06 22:00:00+00:00,26.424999999999997,VALID,156.237944,VALID,1.046226,VALID,Online,Resolved: Operating normally
2026-06-06 23:00:00+00:00,26.399999999999995,VALID,155.246856,VALID,1.0447020000000002,VALID,Online,Resolved: Operating normally
2026-06-07 00:00:00+00:00,26.366666666666664,VALID,155.246856,VALID,1.0447020000000002,VALID,Online,Resolved: Operating normally
2026-06-07 01:00:00+00:00,26.224999999999998,VALID,155.246856,VALID,1.0447020000000002,VALID,Online,Resolved: Operating normally
2026-06-07 02:00:00+00:00,26.075000000000003,VALID,153.92540533333332,VALID,1.04267,VALID,Online,Resolved: Operating normally
2026-06-07 03:00:00+00:00,25.875,VALID,152.43877333333333,VALID,1.0403840000000002,VALID,Online,Resolved: Operating normally
2026-06-07 04:00:00+00:00,25.641666666666666,VALID,150.78696,VALID,1.037844,VALID,Online,Resolved: Operating normally
2026-06-07 05:00:00+00:00,25.45,VALID,149.63069066666665,VALID,1.0360660000000002,VALID,Online,Resolved: Operating normally
2026-06-07 06:00:00+00:00,25.3,VALID,149.795872,VALID,1.0363200000000001,VALID,Online,Resolved: Operating normally
2026-06-07 07:00:00+00:00,25.15833333333333,VALID,149.300328,VALID,1.0355580000000002,VALID,Online,Resolved: Operating normally
2026-06-07 08:00:00+00:00,25.0,VALID,149.300328,VALID,1.0355580000000002,VALID,Online,Resolved: Operating normally
2026-06-07 09:00:00+00:00,24.916666666666668,VALID,148.63960266666666,VALID,1.0345420000000003,VALID,Online,Resolved: Operating normally
2026-06-07 10:00:00+00:00,24.96666666666667,VALID,148.96996533333333,VALID,1.0350500000000002,VALID,Online,Resolved: Operating normally
2026-06-07 11:00:00+00:00,25.05,VALID,147.97887733333332,VALID,1.0335260000000002,VALID,Online,Resolved: Operating normally
2026-06-07 12:00:00+00:00,25.2,VALID,147.318152,VALID,1.03251,VALID,Online,Resolved: Operating normally
2026-06-07 13:00:00+00:00,25.399999999999995,VALID,146.822608,VALID,1.031748,VALID,Online,Resolved: Operating normally
2026-06-07 14:00:00+00:00,25.491666666666664,VALID,146.16188266666668,VALID,1.0307320000000002,VALID,Online,Resolved: Operating normally
2026-06-07 15:00:00+00:00,25.741666666666664,VALID,143.18861866666666,VALID,1.02616,VALID,Online,Resolved: Operating normally
2026-06-07 16:00:00+00:00,26.116666666666664,VALID,143.02343733333333,VALID,1.025906,VALID,Online,Resolved: Operating normally
2026-06-07 17:00:00+00:00,26.46666666666667,VALID,143.07063200000002,VALID,1.025906,VALID,Online,Resolved: Operating normally
2026-06-07 18:00:00+00:00,26.891666666666666,VALID,141.58399999999997,VALID,1.02362,VALID,Online,Resolved: Operating normally
2026-06-07 19:00:00+00:00,27.308333333333334,VALID,142.69307466666666,VALID,1.025398,VALID,Online,Resolved: Operating normally
2026-06-07 20:00:00+00:00,27.55,VALID,140.71089866666668,VALID,1.0220960000000001,VALID,Online,Resolved: Operating normally
2026-06-07 21:00:00+00:00,27.600000000000005,VALID,140.451328,VALID,1.021588,VALID,Online,Resolved: Operating normally
2026-06-07 22:00:00+00:00,27.566666666666666,VALID,140.14456266666667,VALID,1.02108,VALID,Online,Resolved: Operating normally
2026-06-07 23:00:00+00:00,27.45,VALID,138.84670933333334,VALID,1.019048,VALID,Online,Resolved: Operating normally
2026-06-08 00:00:00+00:00,27.325,VALID,138.185984,VALID,1.018032,VALID,Online,Resolved: Operating normally
2026-06-08 01:00:00+00:00,27.116666666666664,VALID,138.02080266666667,VALID,1.017778,VALID,Online,Resolved: Operating normally
2026-06-08 02:00:00+00:00,26.916666666666668,VALID,136.53417066666668,VALID,1.015492,VALID,Online,Resolved: Operating normally
2026-06-08 03:00:00+00:00,26.724999999999998,VALID,135.637472,VALID,1.013968,VALID,Online,Resolved: Operating normally
2026-06-08 04:00:00+00:00,26.525000000000002,VALID,134.64638399999998,VALID,1.01219,VALID,Online,Resolved: Operating normally
2026-06-08 05:00:00+00:00,26.366666666666664,VALID,133.84407466666667,VALID,1.0109199999999998,VALID,Online,Resolved: Operating normally
2026-06-08 06:00:00+00:00,26.150000000000002,VALID,132.522624,VALID,1.008888,VALID,Online,Resolved: Operating normally
2026-06-08 07:00:00+00:00,25.974999999999998,VALID,132.35744266666669,VALID,1.008634,VALID,Online,Resolved: Operating normally
2026-06-08 08:00:00+00:00,25.8,VALID,132.35744266666669,VALID,1.008634,VALID,Online,Resolved: Operating normally
2026-06-08 09:00:00+00:00,25.616666666666664,VALID,131.035992,VALID,1.006602,VALID,Online,Resolved: Operating normally
2026-06-08 10:00:00+00:00,25.508333333333336,VALID,130.540448,VALID,1.00584,VALID,Online,Resolved: Operating normally
2026-06-08 11:00:00+00:00,25.566666666666666,VALID,130.540448,VALID,1.00584,VALID,Online,Resolved: Operating normally
2026-06-08 12:00:00+00:00,25.666666666666668,VALID,129.690944,VALID,1.004316,VALID,Online,Resolved: Operating normally
2026-06-08 13:00:00+00:00,25.916666666666668,VALID,128.983024,VALID,1.003046,VALID,Online,Resolved: Operating normally
2026-06-08 14:00:00+00:00,26.15833333333333,VALID,128.84144,VALID,1.0027920000000001,VALID,Online,Resolved: Operating normally
2026-06-08 15:00:00+00:00,26.333333333333332,VALID,128.55827200000002,VALID,1.0022840000000002,VALID,Online,Resolved: Operating normally
2026-06-08 16:00:00+00:00,26.541666666666668,VALID,127.567184,VALID,1.000506,VALID,Online,Resolved: Operating normally
2026-06-08 17:00:00+00:00,26.71666666666667,VALID,126.81206933333334,VALID,0.9992359999999999,VALID,Online,Resolved: Operating normally
2026-06-08 18:00:00+00:00,26.95,VALID,125.82098133333334,VALID,0.9977119999999999,VALID,Online,Resolved: Operating normally
2026-06-08 19:00:00+00:00,27.075000000000003,VALID,125.160256,VALID,0.996696,VALID,Online,Resolved: Operating normally
2026-06-08 20:00:00+00:00,27.133333333333336,VALID,125.18385333333333,VALID,0.996696,VALID,Online,Resolved: Operating normally
2026-06-08 21:00:00+00:00,27.2,VALID,124.735504,VALID,0.995934,VALID,Online,Resolved: Operating normally
2026-06-08 22:00:00+00:00,27.2,VALID,124.027584,VALID,0.9946639999999999,VALID,Online,Resolved: Operating normally
2026-06-08 23:00:00+00:00,27.183333333333334,VALID,123.461248,VALID,0.993648,VALID,Online,Resolved: Operating normally
2026-06-09 00:00:00+00:00,27.083333333333332,VALID,122.63534133333333,VALID,0.992378,VALID,Online,Resolved: Operating normally
2026-06-09 01:00:00+00:00,26.925,VALID,121.47907200000002,VALID,0.9906,VALID,Online,Resolved: Operating normally
2026-06-09 02:00:00+00:00,26.641666666666666,VALID,121.33748800000001,VALID,0.9903460000000001,VALID,Online,Resolved: Operating normally
2026-06-09 03:00:00+00:00,26.375,VALID,121.33748800000001,VALID,0.9903460000000001,VALID,Online,Resolved: Operating normally
2026-06-09 04:00:00+00:00,26.166666666666668,VALID,121.33748800000001,VALID,0.9903460000000001,VALID,Online,Resolved: Operating normally
2026-06-09 05:00:00+00:00,25.916666666666668,VALID,121.195904,VALID,0.9900920000000001,VALID,Online,Resolved: Operating normally
2026-06-09 06:00:00+00:00,25.65833333333333,VALID,120.3464,VALID,0.988568,VALID,Online,Resolved: Operating normally
2026-06-09 07:00:00+00:00,25.425,VALID,119.780064,VALID,0.9875520000000001,VALID,Online,Resolved: Operating normally
2026-06-09 08:00:00+00:00,25.208333333333332,VALID,119.63848,VALID,0.9872980000000001,VALID,Online,Resolved: Operating normally
2026-06-09 09:00:00+00:00,24.983333333333334,VALID,118.081056,VALID,0.9845039999999999,VALID,Online,Resolved: Operating normally
2026-06-09 10:00:00+00:00,24.78333333333333,VALID,117.089968,VALID,0.9827260000000001,VALID,Online,Resolved: Operating normally
2026-06-09 11:00:00+00:00,24.633333333333336,VALID,115.957296,VALID,0.9806940000000001,VALID,Online,Resolved: Operating normally
2026-06-09 12:00:00+00:00,24.600000000000005,VALID,114.68304,VALID,0.978408,VALID,Online,Resolved: Operating normally
2026-06-09 13:00:00+00:00,24.733333333333334,VALID,114.68304,VALID,0.978408,VALID,Online,Resolved: Operating normally
2026-06-09 14:00:00+00:00,24.933333333333334,VALID,114.51785866666667,VALID,0.9781540000000001,VALID,Online,Resolved: Operating normally
2026-06-09 15:00:00+00:00,25.46666666666667,VALID,114.68304,VALID,0.978408,VALID,Online,Resolved: Operating normally
2026-06-09 16:00:00+00:00,25.825,VALID,116.09888000000001,VALID,0.9809480000000002,VALID,Online,Resolved: Operating normally
2026-06-09 17:00:00+00:00,26.141666666666666,VALID,116.24046399999999,VALID,0.9812020000000001,VALID,Online,Resolved: Operating normally
2026-06-09 18:00:00+00:00,26.349999999999998,VALID,116.09888000000001,VALID,0.9809480000000002,VALID,Online,Resolved: Operating normally
2026-06-09 19:00:00+00:00,26.625,VALID,115.957296,VALID,0.9806940000000001,VALID,Online,Resolved: Operating normally
2026-06-09 20:00:00+00:00,26.833333333333332,VALID,115.39096,VALID,0.9796780000000002,VALID,Online,Resolved: Operating normally
2026-06-09 21:00:00+00:00,26.833333333333332,VALID,114.51785866666667,VALID,0.9781540000000001,VALID,Online,Resolved: Operating normally
2026-06-09 22:00:00+00:00,26.899999999999995,VALID,114.82462400000001,VALID,0.978662,VALID,Online,Resolved: Operating normally
2026-06-09 23:00:00+00:00,26.875,VALID,114.68304,VALID,0.978408,VALID,Online,Resolved: Operating normally
2026-06-10 00:00:00+00:00,26.8,VALID,114.68304,VALID,0.978408,VALID,Online,Resolved: Operating normally
2026-06-10 01:00:00+00:00,26.78333333333333,VALID,114.68304,VALID,0.978408,VALID,Online,Resolved: Operating normally
2026-06-10 02:00:00+00:00,26.541666666666668,VALID,114.68304,VALID,0.978408,VALID,Online,Resolved: Operating normally
2026-06-10 03:00:00+00:00,26.28333333333333,VALID,115.957296,VALID,0.9806940000000001,VALID,Online,Resolved: Operating normally
2026-06-10 04:00:00+00:00,26.099999999999998,VALID,116.523632,VALID,0.9817100000000001,VALID,Online,Resolved: Operating normally
2026-06-10 05:00:00+00:00,25.924999999999997,VALID,117.797888,VALID,0.983996,VALID,Online,Resolved: Operating normally
2026-06-10 06:00:00+00:00,25.775000000000002,VALID,119.49689599999999,VALID,0.987044,VALID,Online,Resolved: Operating normally
2026-06-10 07:00:00+00:00,25.625,VALID,120.77115199999999,VALID,0.9893300000000002,VALID,Online,Resolved: Operating normally
2026-06-10 08:00:00+00:00,25.458333333333332,VALID,121.33748800000001,VALID,0.9903460000000001,VALID,Online,Resolved: Operating normally
2026-06-10 09:00:00+00:00,25.349999999999998,VALID,122.63534133333333,VALID,0.992378,VALID,Online,Resolved: Operating normally
2026-06-10 10:00:00+00:00,25.208333333333332,VALID,123.29606666666666,VALID,0.993394,VALID,Online,Resolved: Operating normally
2026-06-10 11:00:00+00:00,25.075000000000003,VALID,124.310752,VALID,0.9951720000000001,VALID,Online,Resolved: Operating normally
2026-06-10 12:00:00+00:00,24.974999999999998,VALID,125.160256,VALID,0.996696,VALID,Online,Resolved: Operating normally
2026-06-10 13:00:00+00:00,25.0,VALID,125.49061866666666,VALID,0.997204,VALID,Online,Resolved: Operating normally
2026-06-10 14:00:00+00:00,25.291666666666668,VALID,127.54358666666667,VALID,1.000506,VALID,Online,Resolved: Operating normally
2026-06-10 15:00:00+00:00,26.025000000000002,VALID,128.275104,VALID,1.0017760000000002,VALID,Online,Resolved: Operating normally
2026-06-10 16:00:00+00:00,26.53333333333333,VALID,127.42559999999999,VALID,1.000252,VALID,Online,Resolved: Operating normally
2026-06-10 17:00:00+00:00,27.208333333333332,VALID,125.49061866666666,VALID,0.997204,VALID,Online,Resolved: Operating normally
2026-06-10 18:00:00+00:00,27.541666666666668,VALID,124.00398666666666,VALID,0.9946640000000001,VALID,Online,Resolved: Operating normally
2026-06-10 19:00:00+00:00,27.600000000000005,VALID,122.47016,VALID,0.992124,VALID,Online,Resolved: Operating normally
2026-06-10 20:00:00+00:00,27.525000000000002,VALID,122.4984768,VALID,0.99314,VALID,Online,Resolved: Operating normally
2026-06-10 21:00:00+00:00,27.558333333333334,VALID,124.169168,VALID,0.9949180000000001,VALID,Online,Resolved: Operating normally
2026-06-10 22:00:00+00:00,27.683333333333334,VALID,126.62329066666666,VALID,0.9989819999999999,VALID,Online,Resolved: Operating normally
2026-06-10 23:00:00+00:00,27.541666666666668,VALID,129.974112,VALID,1.0048240000000002,VALID,Online,Resolved: Operating normally
2026-06-11 00:00:00+00:00,27.166666666666668,VALID,130.398864,VALID,1.005586,VALID,Online,Resolved: Operating normally
2026-06-11 01:00:00+00:00,27.008333333333336,VALID,129.832528,VALID,1.00457,VALID,Online,Resolved: Operating normally
2026-06-11 02:00:00+00:00,26.916666666666668,VALID,130.540448,VALID,1.00584,VALID,Online,Resolved: Operating normally
2026-06-11 03:00:00+00:00,26.891666666666666,VALID,132.35744266666669,VALID,1.008634,VALID,Online,Resolved: Operating normally
2026-06-11 04:00:00+00:00,26.816666666666666,VALID,133.82047733333334,VALID,1.01092,VALID,Online,Resolved: Operating normally
2026-06-11 05:00:00+00:00,26.691666666666666,VALID,135.92064000000002,VALID,1.0144760000000002,VALID,Online,Resolved: Operating normally
2026-06-11 06:00:00+00:00,26.5,VALID,137.85562133333335,VALID,1.017524,VALID,Online,Resolved: Operating normally
2026-06-11 07:00:00+00:00,26.266666666666666,VALID,138.185984,VALID,1.018032,VALID,Online,Resolved: Operating normally
2026-06-11 08:00:00+00:00,26.083333333333332,VALID,139.83779733333333,VALID,1.020572,VALID,Online,Resolved: Operating normally
2026-06-11 09:00:00+00:00,25.90833333333333,VALID,140.451328,VALID,1.021588,VALID,Online,Resolved: Operating normally
2026-06-11 10:00:00+00:00,25.808333333333334,VALID,142.575088,VALID,1.025144,VALID,Online,Resolved: Operating normally
2026-06-11 11:00:00+00:00,25.858333333333334,VALID,144.344888,VALID,1.027938,VALID,Online,Resolved: Operating normally
2026-06-11 12:00:00+00:00,26.066666666666666,VALID,145.83152,VALID,1.030224,VALID,Online,Resolved: Operating normally
2026-06-11 13:00:00+00:00,26.45,VALID,145.50115733333334,VALID,1.029716,VALID,Online,Resolved: Operating normally
2026-06-11 14:00:00+00:00,26.825,VALID,145.99670133333333,VALID,1.030478,VALID,Online,Resolved: Operating normally
2026-06-11 15:00:00+00:00,27.108333333333334,VALID,145.6663386666667,VALID,1.02997,VALID,Online,Resolved: Operating normally
2026-06-11 16:00:00+00:00,27.683333333333334,VALID,145.33597600000002,VALID,1.029462,VALID,Online,Resolved: Operating normally
2026-06-11 17:00:00+00:00,28.041666666666668,VALID,145.17079466666667,VALID,1.029208,VALID,Online,Resolved: Operating normally
2026-06-11 18:00:00+00:00,28.3,VALID,144.67525066666667,VALID,1.028446,VALID,Online,Resolved: Operating normally
2026-06-11 19:00:00+00:00,28.558333333333334,VALID,144.01452533333335,VALID,1.02743,VALID,Online,Resolved: Operating normally
2026-06-11 20:00:00+00:00,28.666666666666668,VALID,143.849344,VALID,1.027176,VALID,Online,Resolved: Operating normally
2026-06-11 21:00:00+00:00,28.7,VALID,143.18861866666666,VALID,1.02616,VALID,Online,Resolved: Operating normally
2026-06-11 22:00:00+00:00,28.691666666666666,VALID,143.18861866666666,VALID,1.02616,VALID,Online,Resolved: Operating normally
2026-06-11 23:00:00+00:00,28.61666666666667,VALID,143.849344,VALID,1.027176,VALID,Online,Resolved: Operating normally
2026-06-12 00:00:00+00:00,28.516666666666666,VALID,143.0564736,VALID,1.0264140000000002,VALID,Online,Resolved: Operating normally
2026-06-12 01:00:00+00:00,28.391666666666666,VALID,143.18861866666666,VALID,1.02616,VALID,Online,Resolved: Operating normally
2026-06-12 02:00:00+00:00,28.28333333333333,VALID,141.46601333333334,VALID,1.023366,VALID,Online,Resolved: Operating normally
2026-06-12 03:00:00+00:00,28.175,VALID,140.309744,VALID,1.021334,VALID,Online,Resolved: Operating normally
2026-06-12 04:00:00+00:00,28.025000000000002,VALID,139.01189066666666,VALID,1.019302,VALID,Online,Resolved: Operating normally
2026-06-12 05:00:00+00:00,27.866666666666664,VALID,137.52525866666667,VALID,1.0170160000000001,VALID,Online,Resolved: Operating normally
2026-06-12 06:00:00+00:00,27.666666666666668,VALID,136.06222400000001,VALID,1.0147300000000001,VALID,Online,Resolved: Operating normally
2026-06-12 07:00:00+00:00,27.525000000000002,VALID,134.5048,VALID,1.011936,VALID,Online,Resolved: Operating normally
2026-06-12 08:00:00+00:00,27.38333333333333,VALID,132.68780533333333,VALID,1.009142,VALID,Online,Resolved: Operating normally
2026-06-12 09:00:00+00:00,27.3,VALID,131.035992,VALID,1.006602,VALID,Online,Resolved: Operating normally
2026-06-12 10:00:00+00:00,27.3,VALID,130.25728,VALID,1.0053320000000001,VALID,Online,Resolved: Operating normally
2026-06-12 11:00:00+00:00,27.375,VALID,128.84144,VALID,1.0027920000000001,VALID,Online,Resolved: Operating normally
2026-06-12 12:00:00+00:00,27.599999999999998,VALID,128.84144,VALID,1.0027920000000001,VALID,Online,Resolved: Operating normally
2026-06-12 13:00:00+00:00,28.0,VALID,127.99193600000001,VALID,1.001268,VALID,Online,Resolved: Operating normally
2026-06-12 14:00:00+00:00,28.458333333333332,VALID,128.55827200000002,VALID,1.0022840000000002,VALID,Online,Resolved: Operating normally
2026-06-12 15:00:00+00:00,29.183333333333334,VALID,128.13352,VALID,1.001522,VALID,Online,Resolved: Operating normally
2026-06-12 16:00:00+00:00,29.541666666666668,VALID,127.708768,VALID,1.0007599999999999,VALID,Online,Resolved: Operating normally
2026-06-12 17:00:00+00:00,29.641666666666666,VALID,127.142432,VALID,0.9997440000000001,VALID,Online,Resolved: Operating normally
2026-06-12 18:00:00+00:00,29.849999999999998,VALID,126.646888,VALID,0.9989819999999999,VALID,Online,Resolved: Operating normally
2026-06-12 19:00:00+00:00,30.041666666666668,VALID,125.98616266666666,VALID,0.997966,VALID,Online,Resolved: Operating normally
2026-06-12 20:00:00+00:00,30.09166666666667,VALID,125.70299466666667,VALID,0.997458,VALID,Online,Resolved: Operating normally
2026-06-12 21:00:00+00:00,30.025000000000002,VALID,125.82098133333334,VALID,0.9977119999999999,VALID,Online,Resolved: Operating normally
2026-06-12 22:00:00+00:00,30.0,VALID,125.82098133333334,VALID,0.9977119999999999,VALID,Online,Resolved: Operating normally
2026-06-12 23:00:00+00:00,29.891666666666666,VALID,125.82098133333334,VALID,0.9977119999999999,VALID,Online,Resolved: Operating normally
2026-06-13 00:00:00+00:00,29.65833333333333,VALID,126.151344,VALID,0.99822,VALID,Online,Resolved: Operating normally
2026-06-13 01:00:00+00:00,29.474999999999998,VALID,124.310752,VALID,0.9951720000000001,VALID,Online,Resolved: Operating normally
2026-06-13 02:00:00+00:00,29.333333333333332,VALID,124.169168,VALID,0.9949180000000001,VALID,Online,Resolved: Operating normally
2026-06-13 03:00:00+00:00,29.15833333333333,VALID,124.735504,VALID,0.995934,VALID,Online,Resolved: Operating normally
2026-06-13 04:00:00+00:00,29.025000000000002,VALID,124.452336,VALID,0.995426,VALID,Online,Resolved: Operating normally
2026-06-13 05:00:00+00:00,28.858333333333334,VALID,123.60283199999999,VALID,0.993902,VALID,Online,Resolved: Operating normally
2026-06-13 06:00:00+00:00,28.641666666666666,VALID,123.29606666666666,VALID,0.993394,VALID,Online,Resolved: Operating normally
2026-06-13 07:00:00+00:00,28.458333333333332,VALID,123.88600000000001,VALID,0.9944099999999999,VALID,Online,Resolved: Operating normally
2026-06-13 08:00:00+00:00,28.25,VALID,125.160256,VALID,0.996696,VALID,Online,Resolved: Operating normally
2026-06-13 09:00:00+00:00,28.025000000000002,VALID,125.160256,VALID,0.996696,VALID,Online,Resolved: Operating normally
2026-06-13 10:00:00+00:00,27.816666666666666,VALID,125.160256,VALID,0.996696,VALID,Online,Resolved: Operating normally
2026-06-13 11:00:00+00:00,27.75,VALID,125.160256,VALID,0.996696,VALID,Online,Resolved: Operating normally
2026-06-13 12:00:00+00:00,27.891666666666666,VALID,125.160256,VALID,0.996696,VALID,Online,Resolved: Operating normally
2026-06-13 13:00:00+00:00,28.25,VALID,124.169168,VALID,0.9949180000000001,VALID,Online,Resolved: Operating normally
2026-06-13 14:00:00+00:00,28.333333333333332,VALID,122.30497866666667,VALID,0.99187,VALID,Online,Resolved: Operating normally
2026-06-13 15:00:00+00:00,28.75,VALID,122.47016,VALID,0.992124,VALID,Online,Resolved: Operating normally
2026-06-13 16:00:00+00:00,29.358333333333334,VALID,121.47907200000002,VALID,0.9906,VALID,Online,Resolved: Operating normally
2026-06-13 17:00:00+00:00,29.7,VALID,121.05432,VALID,0.9898380000000001,VALID,Online,Resolved: Operating normally
2026-06-13 18:00:00+00:00,29.974999999999998,VALID,119.780064,VALID,0.9875520000000001,VALID,Online,Resolved: Operating normally
2026-06-13 19:00:00+00:00,30.233333333333334,VALID,119.63848,VALID,0.987298,VALID,Online,Resolved: Operating normally
2026-06-13 20:00:00+00:00,30.38333333333333,VALID,118.788976,VALID,0.985774,VALID,Online,Resolved: Operating normally
2026-06-13 21:00:00+00:00,30.458333333333332,VALID,118.081056,VALID,0.9845039999999999,VALID,Online,Resolved: Operating normally
2026-06-13 22:00:00+00:00,30.45,VALID,117.23155200000001,VALID,0.9829800000000001,VALID,Online,Resolved: Operating normally
2026-06-13 23:00:00+00:00,30.391666666666666,VALID,116.24046399999999,VALID,0.9812020000000001,VALID,Online,Resolved: Operating normally
2026-06-14 00:00:00+00:00,30.258333333333336,VALID,114.49426133333334,VALID,0.9781540000000001,VALID,Online,Resolved: Operating normally
2026-06-14 01:00:00+00:00,30.125,VALID,112.276112,VALID,0.9745980000000002,VALID,Online,Resolved: Operating normally
2026-06-14 02:00:00+00:00,29.916666666666668,VALID,110.29393599999999,VALID,0.9710420000000001,VALID,Online,Resolved: Operating normally
2026-06-14 03:00:00+00:00,29.733333333333334,VALID,108.594928,VALID,0.9679940000000001,VALID,Online,Resolved: Operating normally
2026-06-14 04:00:00+00:00,29.508333333333336,VALID,107.320672,VALID,0.9657080000000001,VALID,Online,Resolved: Operating normally
2026-06-14 05:00:00+00:00,29.266666666666666,VALID,105.66885866666667,VALID,0.9626600000000001,VALID,Online,Resolved: Operating normally
2026-06-14 06:00:00+00:00,29.09166666666667,VALID,104.488992,VALID,0.96012,VALID,Online,Resolved: Operating normally
2026-06-14 07:00:00+00:00,28.925,VALID,103.214736,VALID,0.9578340000000001,VALID,Online,Resolved: Operating normally
2026-06-14 08:00:00+00:00,28.691666666666666,VALID,102.082064,VALID,0.9558019999999999,VALID,Online,Resolved: Operating normally
2026-06-14 09:00:00+00:00,28.46666666666667,VALID,100.94939199999999,VALID,0.95377,VALID,Online,Resolved: Operating normally
2026-06-14 10:00:00+00:00,28.291666666666668,VALID,100.241472,VALID,0.9525,VALID,Online,Resolved: Operating normally
2026-06-14 11:00:00+00:00,28.208333333333332,VALID,99.391968,VALID,0.9509760000000002,VALID,Online,Resolved: Operating normally
2026-06-14 12:00:00+00:00,28.175,VALID,99.391968,VALID,0.9509760000000002,VALID,Online,Resolved: Operating normally
2026-06-14 13:00:00+00:00,28.333333333333332,VALID,99.391968,VALID,0.9509760000000002,VALID,Online,Resolved: Operating normally
2026-06-14 14:00:00+00:00,28.816666666666666,VALID,99.533552,VALID,0.9512300000000001,VALID,Online,Resolved: Operating normally
2026-06-14 15:00:00+00:00,29.349999999999998,VALID,99.533552,VALID,0.9512300000000001,VALID,Online,Resolved: Operating normally
2026-06-14 16:00:00+00:00,29.516666666666666,VALID,100.80780800000001,VALID,0.953516,VALID,Online,Resolved: Operating normally
2026-06-14 17:00:00+00:00,29.833333333333332,VALID,101.374144,VALID,0.9545319999999999,VALID,Online,Resolved: Operating normally
2026-06-14 18:00:00+00:00,30.208333333333332,VALID,102.789984,VALID,0.957072,VALID,Online,Resolved: Operating normally
2026-06-14 19:00:00+00:00,30.399999999999995,VALID,103.35632,VALID,0.958088,VALID,Online,Resolved: Operating normally
2026-06-14 20:00:00+00:00,30.541666666666668,VALID,104.488992,VALID,0.96012,VALID,Online,Resolved: Operating normally
2026-06-14 21:00:00+00:00,30.71666666666667,VALID,104.58338133333332,VALID,0.960374,VALID,Online,Resolved: Operating normally
2026-06-14 22:00:00+00:00,30.683333333333334,VALID,104.488992,VALID,0.96012,VALID,Online,Resolved: Operating normally
2026-06-14 23:00:00+00:00,30.600000000000005,VALID,104.488992,VALID,0.96012,VALID,Online,Resolved: Operating normally
2026-06-15 00:00:00+00:00,30.541666666666668,VALID,102.22364800000001,VALID,0.9560559999999999,VALID,Online,Resolved: Operating normally
2026-06-15 01:00:00+00:00,30.40833333333333,VALID,100.241472,VALID,0.9525,VALID,Online,Resolved: Operating normally
2026-06-15 02:00:00+00:00,30.25,VALID,98.684048,VALID,0.949706,VALID,Online,Resolved: Operating normally
2026-06-15 03:00:00+00:00,30.03333333333333,VALID,97.10302666666666,VALID,0.9466580000000001,VALID,Online,Resolved: Operating normally
2026-06-15 04:00:00+00:00,29.808333333333334,VALID,96.25352266666665,VALID,0.94488,VALID,Online,Resolved: Operating normally
2026-06-15 05:00:00+00:00,29.491666666666664,VALID,95.16804533333334,VALID,0.942848,VALID,Online,Resolved: Operating normally
2026-06-15 06:00:00+00:00,29.224999999999998,VALID,95.38042133333333,VALID,0.9433560000000001,VALID,Online,Resolved: Operating normally
2026-06-15 07:00:00+00:00,29.008333333333336,VALID,96.92068363636363,VALID,0.9466580000000001,VALID,Online,Resolved: Operating normally
2026-06-15 08:00:00+00:00,28.775000000000002,VALID,96.27712000000001,VALID,0.945134,VALID,Online,Resolved: Operating normally
2026-06-15 09:00:00+00:00,28.45,VALID,96.98503999999998,VALID,0.9464039999999999,VALID,Online,Resolved: Operating normally
2026-06-15 10:00:00+00:00,28.266666666666666,VALID,96.96144266666666,VALID,0.9464039999999999,VALID,Online,Resolved: Operating normally
2026-06-15 11:00:00+00:00,28.05,VALID,96.60748266666667,VALID,0.945642,VALID,Online,Resolved: Operating normally
2026-06-15 12:00:00+00:00,27.825,VALID,93.84659466666666,VALID,0.940562,VALID,Online,Resolved: Operating normally
2026-06-15 13:00:00+00:00,27.400000000000002,VALID,91.109304,VALID,0.9352280000000001,VALID,Online,Resolved: Operating normally
2026-06-15 14:00:00+00:00,27.21666666666667,VALID,89.07993333333333,VALID,0.931164,VALID,Online,Resolved: Operating normally
2026-06-15 15:00:00+00:00,27.441666666666666,VALID,87.75848266666667,VALID,0.9286240000000001,VALID,Online,Resolved: Operating normally
2026-06-15 16:00:00+00:00,28.116666666666664,VALID,87.23934133333334,VALID,0.9276080000000001,VALID,Online,Resolved: Operating normally
2026-06-15 17:00:00+00:00,28.45,VALID,89.92943733333334,VALID,0.932942,VALID,Online,Resolved: Operating normally
2026-06-15 18:00:00+00:00,28.775000000000002,VALID,90.09461866666668,VALID,0.933196,VALID,Online,Resolved: Operating normally
2026-06-15 19:00:00+00:00,29.09166666666667,VALID,89.85864533333334,VALID,0.9326880000000001,VALID,Online,Resolved: Operating normally
2026-06-15 20:00:00+00:00,29.016666666666666,VALID,88.702376,VALID,0.9304020000000001,VALID,Online,Resolved: Operating normally
2026-06-15 21:00:00+00:00,29.0,VALID,88.67877866666667,VALID,0.9304020000000001,VALID,Online,Resolved: Operating normally
2026-06-15 22:00:00+00:00,28.941666666666666,VALID,88.18323466666668,VALID,0.929386,VALID,Online,Resolved: Operating normally
2026-06-15 23:00:00+00:00,28.816666666666666,VALID,88.44280533333334,VALID,0.929894,VALID,Online,Resolved: Operating normally
2026-06-16 00:00:00+00:00,28.675,VALID,89.268712,VALID,0.9316720000000002,VALID,Online,Resolved: Operating normally
2026-06-16 01:00:00+00:00,28.575000000000003,VALID,89.764256,VALID,0.9326880000000001,VALID,Online,Resolved: Operating normally
2026-06-16 02:00:00+00:00,28.416666666666668,VALID,89.64626933333334,VALID,0.9324340000000001,VALID,Online,Resolved: Operating normally
2026-06-16 03:00:00+00:00,28.258333333333336,VALID,89.29230933333334,VALID,0.9316720000000002,VALID,Online,Resolved: Operating normally
2026-06-16 04:00:00+00:00,28.133333333333336,VALID,89.29230933333334,VALID,0.9316720000000002,VALID,Online,Resolved: Operating normally
2026-06-16 05:00:00+00:00,27.983333333333334,VALID,88.702376,VALID,0.9304020000000001,VALID,Online,Resolved: Operating normally
2026-06-16 06:00:00+00:00,27.791666666666668,VALID,88.348416,VALID,0.92964,VALID,Online,Resolved: Operating normally
2026-06-16 07:00:00+00:00,27.575,VALID,88.348416,VALID,0.92964,VALID,Online,Resolved: Operating normally
2026-06-16 08:00:00+00:00,27.383333333333336,VALID,88.065248,VALID,0.9291320000000001,VALID,Online,Resolved: Operating normally
2026-06-16 09:00:00+00:00,27.108333333333334,VALID,88.348416,VALID,0.92964,VALID,Online,Resolved: Operating normally
2026-06-16 10:00:00+00:00,26.833333333333332,VALID,87.357328,VALID,0.9278620000000001,VALID,Online,Resolved: Operating normally
2026-06-16 11:00:00+00:00,26.566666666666666,VALID,86.649408,VALID,0.926592,VALID,Online,Resolved: Operating normally
2026-06-16 12:00:00+00:00,26.333333333333332,VALID,86.649408,VALID,0.926592,VALID,Online,Resolved: Operating normally
2026-06-16 13:00:00+00:00,26.116666666666664,VALID,86.67300533333332,VALID,0.926592,VALID,Online,Resolved: Operating normally
2026-06-16 14:00:00+00:00,25.96666666666667,VALID,86.41343466666666,VALID,0.926084,VALID,Online,Resolved: Operating normally
2026-06-16 15:00:00+00:00,26.116666666666664,VALID,86.53142133333334,VALID,0.926338,VALID,Online,Resolved: Operating normally
2026-06-16 16:00:00+00:00,26.758333333333336,VALID,86.649408,VALID,0.926592,VALID,Online,Resolved: Operating normally
2026-06-16 17:00:00+00:00,27.150000000000002,VALID,86.41343466666666,VALID,0.926084,VALID,Online,Resolved: Operating normally
2026-06-16 18:00:00+00:00,27.28333333333333,VALID,86.41343466666666,VALID,0.926084,VALID,Online,Resolved: Operating normally
2026-06-16 19:00:00+00:00,27.425,VALID,85.35155466666667,VALID,0.923798,VALID,Online,Resolved: Operating normally
2026-06-16 20:00:00+00:00,27.575,VALID,85.233568,VALID,0.923544,VALID,Online,Resolved: Operating normally
2026-06-16 21:00:00+00:00,28.191666666666666,VALID,84.64363466666667,VALID,0.9222740000000001,VALID,Online,Resolved: Operating normally
2026-06-16 22:00:00+00:00,28.125,VALID,84.76162133333334,VALID,0.9225280000000001,VALID,Online,Resolved: Operating normally
2026-06-16 23:00:00+00:00,27.916666666666668,VALID,83.817728,VALID,0.9204960000000001,VALID,Online,Resolved: Operating normally
2026-06-17 00:00:00+00:00,27.766666666666666,VALID,83.53456,VALID,0.919988,VALID,Online,Resolved: Operating normally
2026-06-17 01:00:00+00:00,27.541666666666668,VALID,82.260304,VALID,0.9177019999999999,VALID,Online,Resolved: Operating normally
2026-06-17 02:00:00+00:00,27.391666666666666,VALID,82.11872,VALID,0.9174479999999999,VALID,Online,Resolved: Operating normally
2026-06-17 03:00:00+00:00,27.275000000000002,VALID,82.11872,VALID,0.9174479999999999,VALID,Online,Resolved: Operating normally
2026-06-17 04:00:00+00:00,27.125,VALID,81.05684,VALID,0.915162,VALID,Online,Resolved: Operating normally
2026-06-17 05:00:00+00:00,26.991666666666664,VALID,80.70288,VALID,0.9144000000000001,VALID,Online,Resolved: Operating normally
2026-06-17 06:00:00+00:00,26.816666666666666,VALID,80.58489333333333,VALID,0.9141460000000001,VALID,Online,Resolved: Operating normally
2026-06-17 07:00:00+00:00,26.650000000000002,VALID,80.58489333333333,VALID,0.9141460000000001,VALID,Online,Resolved: Operating normally
2026-06-17 08:00:00+00:00,26.458333333333332,VALID,80.23093333333333,VALID,0.9133840000000001,VALID,Online,Resolved: Operating normally
2026-06-17 09:00:00+00:00,26.241666666666664,VALID,79.28704,VALID,0.9113520000000003,VALID,Online,Resolved: Operating normally
2026-06-17 10:00:00+00:00,26.066666666666666,VALID,79.28704,VALID,0.9113520000000003,VALID,Online,Resolved: Operating normally
2026-06-17 11:00:00+00:00,25.941666666666666,VALID,79.16905333333334,VALID,0.9110980000000001,VALID,Online,Resolved: Operating normally
2026-06-17 12:00:00+00:00,25.775000000000002,VALID,78.69710666666667,VALID,0.9100820000000001,VALID,Online,Resolved: Operating normally
2026-06-17 13:00:00+00:00,25.625,VALID,77.98918666666667,VALID,0.9085580000000001,VALID,Online,Resolved: Operating normally
2026-06-17 14:00:00+00:00,25.558333333333334,VALID,77.8712,VALID,0.9083039999999999,VALID,Online,Resolved: Operating normally
2026-06-17 15:00:00+00:00,25.925,VALID,77.8712,VALID,0.9083039999999999,VALID,Online,Resolved: Operating normally
2026-06-17 16:00:00+00:00,25.90833333333333,VALID,77.75321333333333,VALID,0.9080499999999999,VALID,Online,Resolved: Operating normally
2026-06-17 17:00:00+00:00,26.333333333333332,VALID,76.69133333333333,VALID,0.905764,VALID,Online,Resolved: Operating normally
2026-06-17 18:00:00+00:00,27.150000000000002,VALID,76.69133333333333,VALID,0.905764,VALID,Online,Resolved: Operating normally
2026-06-17 19:00:00+00:00,27.28333333333333,VALID,75.62945333333333,VALID,0.9034780000000001,VALID,Online,Resolved: Operating normally
2026-06-17 20:00:00+00:00,27.116666666666664,VALID,72.79777333333334,VALID,0.897382,VALID,Online,Resolved: Operating normally
2026-06-17 21:00:00+00:00,27.483333333333334,VALID,71.85388,VALID,0.8953500000000001,VALID,Online,Resolved: Operating normally
2026-06-17 22:00:00+00:00,27.616666666666664,VALID,71.61790666666667,VALID,0.894842,VALID,Online,Resolved: Operating normally
2026-06-17 23:00:00+00:00,27.599999999999998,VALID,71.97186666666667,VALID,0.8956040000000001,VALID,Online,Resolved: Operating normally
2026-06-18 00:00:00+00:00,27.53333333333333,VALID,72.32582666666667,VALID,0.896366,VALID,Online,Resolved: Operating normally
2026-06-18 01:00:00+00:00,27.5,VALID,75.74744,VALID,0.9037320000000001,VALID,Online,Resolved: Operating normally
2026-06-18 02:00:00+00:00,27.5,VALID,77.51724,VALID,0.907542,VALID,Online,Resolved: Operating normally
2026-06-18 03:00:00+00:00,27.5,VALID,77.8712,VALID,0.9083039999999999,VALID,Online,Resolved: Operating normally
2026-06-18 04:00:00+00:00,27.40833333333333,VALID,77.51724,VALID,0.907542,VALID,Online,Resolved: Operating normally
2026-06-18 05:00:00+00:00,27.391666666666666,VALID,76.1014,VALID,0.904494,VALID,Online,Resolved: Operating normally
2026-06-18 06:00:00+00:00,27.3,VALID,74.68556,VALID,0.901446,VALID,Online,Resolved: Operating normally
2026-06-18 07:00:00+00:00,27.233333333333334,VALID,73.26971999999999,VALID,0.8983980000000001,VALID,Online,Resolved: Operating normally
2026-06-18 08:00:00+00:00,27.108333333333334,VALID,72.20784,VALID,0.896112,VALID,Online,Resolved: Operating normally
2026-06-18 09:00:00+00:00,27.0,VALID,71.14596,VALID,0.8938260000000001,VALID,Online,Resolved: Operating normally
2026-06-18 10:00:00+00:00,26.883333333333336,VALID,70.792,VALID,0.8930640000000002,VALID,Online,Resolved: Operating normally
2026-06-18 11:00:00+00:00,26.733333333333334,VALID,71.14596,VALID,0.8938260000000001,VALID,Online,Resolved: Operating normally
2026-06-18 12:00:00+00:00,26.650000000000002,VALID,71.26394666666667,VALID,0.8940800000000001,VALID,Online,Resolved: Operating normally
2026-06-18 13:00:00+00:00,26.525000000000002,VALID,71.26394666666667,VALID,0.8940800000000001,VALID,Online,Resolved: Operating normally
2026-06-18 14:00:00+00:00,26.433333333333334,VALID,71.61790666666667,VALID,0.894842,VALID,Online,Resolved: Operating normally
2026-06-18 15:00:00+00:00,26.366666666666664,VALID,71.73589333333334,VALID,0.8950960000000001,VALID,Online,Resolved: Operating normally
2026-06-18 16:00:00+00:00,26.3,VALID,71.97186666666667,VALID,0.8956040000000001,VALID,Online,Resolved: Operating normally
2026-06-18 17:00:00+00:00,26.474999999999998,VALID,71.97186666666667,VALID,0.8956040000000001,VALID,Online,Resolved: Operating normally
2026-06-18 18:00:00+00:00,26.825,VALID,73.03374666666666,VALID,0.89789,VALID,Online,Resolved: Operating normally
2026-06-18 19:00:00+00:00,27.09166666666667,VALID,73.03374666666666,VALID,0.89789,VALID,Online,Resolved: Operating normally
2026-06-18 20:00:00+00:00,27.224999999999998,VALID,73.26971999999999,VALID,0.8983980000000001,VALID,Online,Resolved: Operating normally
2026-06-18 21:00:00+00:00,27.325,VALID,72.32582666666667,VALID,0.896366,VALID,Online,Resolved: Operating normally
2026-06-18 22:00:00+00:00,27.458333333333332,VALID,73.15173333333333,VALID,0.8981439999999999,VALID,Online,Resolved: Operating normally
2026-06-18 23:00:00+00:00,27.483333333333334,VALID,73.50569333333333,VALID,0.8989060000000001,VALID,Online,Resolved: Operating normally
2026-06-19 00:00:00+00:00,27.375,VALID,73.62368,VALID,0.8991600000000001,VALID,Online,Resolved: Operating normally
2026-06-19 01:00:00+00:00,27.25,VALID,73.62368,VALID,0.8991600000000001,VALID,Online,Resolved: Operating normally
2026-06-19 02:00:00+00:00,27.2,VALID,73.62368,VALID,0.8991600000000001,VALID,Online,Resolved: Operating normally
2026-06-19 03:00:00+00:00,27.2,VALID,73.85965333333333,VALID,0.8996680000000001,VALID,Online,Resolved: Operating normally
2026-06-19 04:00:00+00:00,27.15833333333333,VALID,73.62368,VALID,0.8991600000000001,VALID,Online,Resolved: Operating normally
2026-06-19 05:00:00+00:00,27.100000000000005,VALID,73.50569333333333,VALID,0.8989060000000001,VALID,Online,Resolved: Operating normally
2026-06-19 06:00:00+00:00,27.016666666666666,VALID,73.26971999999999,VALID,0.8983980000000001,VALID,Online,Resolved: Operating normally
2026-06-19 07:00:00+00:00,26.96666666666667,VALID,72.20784,VALID,0.896112,VALID,Online,Resolved: Operating normally
2026-06-19 08:00:00+00:00,26.891666666666666,VALID,72.20784,VALID,0.896112,VALID,Online,Resolved: Operating normally
2026-06-19 09:00:00+00:00,26.808333333333334,VALID,71.85388,VALID,0.8953500000000001,VALID,Online,Resolved: Operating normally
2026-06-19 10:00:00+00:00,26.741666666666664,VALID,70.792,VALID,0.8930640000000002,VALID,Online,Resolved: Operating normally
2026-06-19 11:00:00+00:00,26.666666666666668,VALID,70.792,VALID,0.8930640000000002,VALID,Online,Resolved: Operating normally
2026-06-19 12:00:00+00:00,26.583333333333332,VALID,69.84810666666667,VALID,0.891032,VALID,Online,Resolved: Operating normally
2026-06-19 13:00:00+00:00,26.483333333333334,VALID,69.37616,VALID,0.890016,VALID,Online,Resolved: Operating normally
2026-06-19 14:00:00+00:00,26.416666666666668,VALID,68.90421333333333,VALID,0.8890000000000001,VALID,Online,Resolved: Operating normally
2026-06-19 15:00:00+00:00,26.325,VALID,69.0222,VALID,0.8892540000000001,VALID,Online,Resolved: Operating normally
2026-06-19 16:00:00+00:00,26.308333333333334,VALID,68.55025333333333,VALID,0.888238,VALID,Online,Resolved: Operating normally
2026-06-19 17:00:00+00:00,26.366666666666664,VALID,68.78622666666666,VALID,0.8887460000000001,VALID,Online,Resolved: Operating normally
2026-06-19 18:00:00+00:00,26.5,VALID,68.43226666666666,VALID,0.887984,VALID,Online,Resolved: Operating normally
2026-06-19 19:00:00+00:00,26.633333333333336,VALID,68.19629333333333,VALID,0.887476,VALID,Online,Resolved: Operating normally
2026-06-19 20:00:00+00:00,26.775000000000002,VALID,67.13441333333333,VALID,0.88519,VALID,Online,Resolved: Operating normally
2026-06-19 21:00:00+00:00,26.875,VALID,67.37038666666666,VALID,0.8856980000000001,VALID,Online,Resolved: Operating normally
2026-06-19 22:00:00+00:00,26.974999999999998,VALID,68.31428,VALID,0.88773,VALID,Online,Resolved: Operating normally
2026-06-19 23:00:00+00:00,27.03333333333333,VALID,69.37616,VALID,0.890016,VALID,Online,Resolved: Operating normally
2026-06-20 00:00:00+00:00,27.03333333333333,VALID,70.792,VALID,0.8930640000000002,VALID,Online,Resolved: Operating normally
2026-06-20 01:00:00+00:00,27.058333333333334,VALID,70.792,VALID,0.8930640000000002,VALID,Online,Resolved: Operating normally
2026-06-20 02:00:00+00:00,27.0,VALID,70.792,VALID,0.8930640000000002,VALID,Online,Resolved: Operating normally
2026-06-20 03:00:00+00:00,26.933333333333334,VALID,70.792,VALID,0.8930640000000002,VALID,Online,Resolved: Operating normally
2026-06-20 04:00:00+00:00,26.816666666666666,VALID,70.792,VALID,0.8930640000000002,VALID,Online,Resolved: Operating normally
2026-06-20 05:00:00+00:00,26.65833333333333,VALID,70.67401333333333,VALID,0.89281,VALID,Online,Resolved: Operating normally
2026-06-20 06:00:00+00:00,26.516666666666666,VALID,69.96609333333333,VALID,0.891286,VALID,Online,Resolved: Operating normally
2026-06-20 07:00:00+00:00,26.366666666666664,VALID,69.37616,VALID,0.890016,VALID,Online,Resolved: Operating normally
2026-06-20 08:00:00+00:00,26.2,VALID,69.25817333333333,VALID,0.889762,VALID,Online,Resolved: Operating normally
2026-06-20 09:00:00+00:00,25.991666666666664,VALID,69.25817333333333,VALID,0.889762,VALID,Online,Resolved: Operating normally
2026-06-20 10:00:00+00:00,25.924999999999997,VALID,68.31428,VALID,0.88773,VALID,Online,Resolved: Operating normally
2026-06-20 11:00:00+00:00,25.8,VALID,68.31428,VALID,0.88773,VALID,Online,Resolved: Operating normally
2026-06-20 12:00:00+00:00,25.691666666666666,VALID,69.0222,VALID,0.8892540000000001,VALID,Online,Resolved: Operating normally
2026-06-20 13:00:00+00:00,25.516666666666666,VALID,69.37616,VALID,0.890016,VALID,Online,Resolved: Operating normally
2026-06-20 14:00:00+00:00,25.433333333333334,VALID,69.37616,VALID,0.890016,VALID,Online,Resolved: Operating normally
2026-06-20 15:00:00+00:00,25.45,VALID,69.14018666666666,VALID,0.8895080000000001,VALID,Online,Resolved: Operating normally
2026-06-20 16:00:00+00:00,25.575,VALID,68.66824,VALID,0.888492,VALID,Online,Resolved: Operating normally
2026-06-20 17:00:00+00:00,25.916666666666668,VALID,69.0222,VALID,0.8892540000000001,VALID,Online,Resolved: Operating normally
2026-06-20 18:00:00+00:00,26.308333333333334,VALID,68.66824,VALID,0.8884920000000002,VALID,Online,Resolved: Operating normally
2026-06-20 19:00:00+00:00,26.675,VALID,69.37616,VALID,0.890016,VALID,Online,Resolved: Operating normally
2026-06-20 20:00:00+00:00,26.974999999999998,VALID,68.43226666666666,VALID,0.887984,VALID,Online,Resolved: Operating normally
2026-06-20 21:00:00+00:00,27.0,VALID,69.49414666666667,VALID,0.8902700000000001,VALID,Online,Resolved: Operating normally
2026-06-20 22:00:00+00:00,27.09166666666667,VALID,69.84810666666667,VALID,0.891032,VALID,Online,Resolved: Operating normally
2026-06-20 23:00:00+00:00,27.141666666666666,VALID,70.32005333333333,VALID,0.8920480000000001,VALID,Online,Resolved: Operating normally
2026-06-21 00:00:00+00:00,27.2,VALID,69.37616,VALID,0.890016,VALID,Online,Resolved: Operating normally
2026-06-21 01:00:00+00:00,27.108333333333334,VALID,69.37616,VALID,0.890016,VALID,Online,Resolved: Operating normally
2026-06-21 02:00:00+00:00,27.0,VALID,69.37616,VALID,0.890016,VALID,Online,Resolved: Operating normally
2026-06-21 03:00:00+00:00,26.849999999999998,VALID,68.43226666666666,VALID,0.887984,VALID,Online,Resolved: Operating normally
2026-06-21 04:00:00+00:00,26.724999999999998,VALID,67.96032,VALID,0.8869680000000001,VALID,Online,Resolved: Operating normally
2026-06-21 05:00:00+00:00,26.625,VALID,67.01642666666666,VALID,0.8849360000000001,VALID,Online,Resolved: Operating normally
2026-06-21 06:00:00+00:00,26.541666666666668,VALID,66.54448,VALID,0.8839200000000002,VALID,Online,Resolved: Operating normally
2026-06-21 07:00:00+00:00,26.433333333333334,VALID,66.54448,VALID,0.8839200000000002,VALID,Online,Resolved: Operating normally
2026-06-21 08:00:00+00:00,26.316666666666666,VALID,66.42649333333333,VALID,0.883666,VALID,Online,Resolved: Operating normally
2026-06-21 09:00:00+00:00,26.191666666666666,VALID,65.71857333333334,VALID,0.8821420000000001,VALID,Online,Resolved: Operating normally
2026-06-21 10:00:00+00:00,26.041666666666668,VALID,65.71857333333334,VALID,0.8821420000000001,VALID,Online,Resolved: Operating normally
2026-06-21 11:00:00+00:00,25.974999999999998,VALID,65.83656,VALID,0.8823960000000001,VALID,Online,Resolved: Operating normally
2026-06-21 12:00:00+00:00,25.858333333333334,VALID,66.30850666666666,VALID,0.883412,VALID,Online,Resolved: Operating normally
2026-06-21 13:00:00+00:00,25.75,VALID,65.95454666666667,VALID,0.88265,VALID,Online,Resolved: Operating normally
2026-06-21 14:00:00+00:00,25.683333333333334,VALID,66.07253333333334,VALID,0.882904,VALID,Online,Resolved: Operating normally
2026-06-21 15:00:00+00:00,25.808333333333334,VALID,66.54448,VALID,0.8839200000000002,VALID,Online,Resolved: Operating normally
2026-06-21 16:00:00+00:00,25.958333333333332,VALID,66.66246666666666,VALID,0.8841740000000001,VALID,Online,Resolved: Operating normally
2026-06-21 17:00:00+00:00,26.28333333333333,VALID,67.01642666666666,VALID,0.8849360000000001,VALID,Online,Resolved: Operating normally
2026-06-21 18:00:00+00:00,26.516666666666666,VALID,66.78045333333333,VALID,0.8844280000000001,VALID,Online,Resolved: Operating normally
2026-06-21 19:00:00+00:00,26.84166666666667,VALID,66.89844,VALID,0.8846820000000001,VALID,Online,Resolved: Operating normally
2026-06-21 20:00:00+00:00,27.125,VALID,66.78045333333333,VALID,0.8844280000000001,VALID,Online,Resolved: Operating normally
2026-06-21 21:00:00+00:00,27.3,VALID,66.66246666666666,VALID,0.8841740000000001,VALID,Online,Resolved: Operating normally
2026-06-21 22:00:00+00:00,27.433333333333334,VALID,66.78045333333333,VALID,0.8844280000000001,VALID,Online,Resolved: Operating normally
2026-06-21 23:00:00+00:00,27.483333333333334,VALID,66.89844,VALID,0.8846820000000001,VALID,Online,Resolved: Operating normally
2026-06-22 00:00:00+00:00,27.391666666666666,VALID,66.54448,VALID,0.8839200000000002,VALID,Online,Resolved: Operating normally
2026-06-22 01:00:00+00:00,27.28333333333333,VALID,66.54448,VALID,0.8839200000000002,VALID,Online,Resolved: Operating normally
2026-06-22 02:00:00+00:00,27.2,VALID,66.42649333333333,VALID,0.883666,VALID,Online,Resolved: Operating normally
2026-06-22 03:00:00+00:00,27.150000000000002,VALID,65.71857333333334,VALID,0.8821420000000001,VALID,Online,Resolved: Operating normally
2026-06-22 04:00:00+00:00,27.09166666666667,VALID,65.12864,VALID,0.8808720000000001,VALID,Online,Resolved: Operating normally
2026-06-22 05:00:00+00:00,26.991666666666664,VALID,64.562304,VALID,0.8793480000000001,VALID,Online,Resolved: Operating normally
2026-06-22 06:00:00+00:00,26.891666666666666,VALID,63.995968,VALID,0.877824,VALID,Online,Resolved: Operating normally
2026-06-22 07:00:00+00:00,26.791666666666668,VALID,63.17006133333334,VALID,0.8760460000000001,VALID,Online,Resolved: Operating normally
2026-06-22 08:00:00+00:00,26.666666666666668,VALID,62.580128,VALID,0.8747760000000001,VALID,Online,Resolved: Operating normally
2026-06-22 09:00:00+00:00,26.583333333333332,VALID,62.580128,VALID,0.8747760000000001,VALID,Online,Resolved: Operating normally
2026-06-22 10:00:00+00:00,26.5,VALID,62.580128,VALID,0.8747760000000001,VALID,Online,Resolved: Operating normally
2026-06-22 11:00:00+00:00,26.40833333333333,VALID,62.580128,VALID,0.8747760000000001,VALID,Online,Resolved: Operating normally
2026-06-22 12:00:00+00:00,26.399999999999995,VALID,62.580128,VALID,0.8747760000000001,VALID,Online,Resolved: Operating normally
2026-06-22 13:00:00+00:00,26.366666666666664,VALID,63.288048,VALID,0.8763000000000001,VALID,Online,Resolved: Operating normally
2026-06-22 14:00:00+00:00,26.325,VALID,63.87798133333333,VALID,0.8775700000000001,VALID,Online,Resolved: Operating normally
2026-06-22 15:00:00+00:00,26.441666666666666,VALID,63.52402133333334,VALID,0.876808,VALID,Online,Resolved: Operating normally
2026-06-22 16:00:00+00:00,26.599999999999998,VALID,63.759994666666664,VALID,0.8773160000000001,VALID,Online,Resolved: Operating normally
2026-06-22 17:00:00+00:00,26.65833333333333,VALID,63.759994666666664,VALID,0.8773160000000001,VALID,Online,Resolved: Operating normally
2026-06-22 18:00:00+00:00,26.833333333333332,VALID,63.87798133333333,VALID,0.8775700000000001,VALID,Online,Resolved: Operating normally
2026-06-22 19:00:00+00:00,27.258333333333336,VALID,63.288048,VALID,0.8763000000000001,VALID,Online,Resolved: Operating normally
2026-06-22 20:00:00+00:00,27.608333333333334,VALID,62.580128,VALID,0.8747760000000001,VALID,Online,Resolved: Operating normally
2026-06-22 21:00:00+00:00,27.78333333333333,VALID,64.27913600000001,VALID,0.8788400000000002,VALID,Online,Resolved: Operating normally
2026-06-22 22:00:00+00:00,27.8,VALID,64.37352533333333,VALID,0.87884,VALID,Online,Resolved: Operating normally
2026-06-22 23:00:00+00:00,27.65833333333333,VALID,65.12864,VALID,0.8806180000000001,VALID,Online,Resolved: Operating normally
2026-06-23 00:00:00+00:00,27.566666666666666,VALID,69.0222,VALID,0.8892540000000001,VALID,Online,Resolved: Operating normally
2026-06-23 01:00:00+00:00,27.46666666666667,VALID,69.14018666666666,VALID,0.8895080000000001,VALID,Online,Resolved: Operating normally
2026-06-23 02:00:00+00:00,27.399999999999995,VALID,67.01642666666666,VALID,0.8849360000000001,VALID,Online,Resolved: Operating normally
2026-06-23 03:00:00+00:00,27.399999999999995,VALID,65.95454666666667,VALID,0.88265,VALID,Online,Resolved: Operating normally
2026-06-23 04:00:00+00:00,27.366666666666664,VALID,65.12864,VALID,0.8808720000000001,VALID,Online,Resolved: Operating normally
2026-06-23 05:00:00+00:00,27.316666666666666,VALID,64.93986133333334,VALID,0.8803640000000001,VALID,Online,Resolved: Operating normally
2026-06-23 06:00:00+00:00,27.28333333333333,VALID,65.36461333333334,VALID,0.88138,VALID,Online,Resolved: Operating normally
2026-06-23 07:00:00+00:00,27.2,VALID,66.54448,VALID,0.8839200000000002,VALID,Online,Resolved: Operating normally
2026-06-23 08:00:00+00:00,27.2,VALID,66.54448,VALID,0.8839200000000002,VALID,Online,Resolved: Operating normally
2026-06-23 09:00:00+00:00,27.125,VALID,66.42649333333333,VALID,0.883666,VALID,Online,Resolved: Operating normally
2026-06-23 10:00:00+00:00,27.025000000000002,VALID,65.83656,VALID,0.8823960000000001,VALID,Online,Resolved: Operating normally
2026-06-23 11:00:00+00:00,26.941666666666666,VALID,66.42649333333333,VALID,0.883666,VALID,Online,Resolved: Operating normally
2026-06-23 12:00:00+00:00,26.825,VALID,66.54448,VALID,0.8839200000000002,VALID,Online,Resolved: Operating normally
2026-06-23 13:00:00+00:00,26.741666666666664,VALID,66.54448,VALID,0.8839200000000002,VALID,Online,Resolved: Operating normally
2026-06-23 14:00:00+00:00,26.641666666666666,VALID,68.31428,VALID,0.88773,VALID,Online,Resolved: Operating normally
2026-06-23 15:00:00+00:00,26.541666666666668,VALID,69.96609333333333,VALID,0.891286,VALID,Online,Resolved: Operating normally
2026-06-23 16:00:00+00:00,26.416666666666668,VALID,77.51724,VALID,0.9075420000000002,VALID,Online,Resolved: Operating normally
2026-06-23 17:00:00+00:00,26.316666666666666,VALID,88.56079199999999,VALID,0.930148,VALID,Online,Resolved: Operating normally
2026-06-23 18:00:00+00:00,26.191666666666666,VALID,95.427616,VALID,0.9433560000000001,VALID,Online,Resolved: Operating normally
2026-06-23 19:00:00+00:00,26.108333333333334,VALID,92.71392266666668,VALID,0.938276,VALID,Online,Resolved: Operating normally
2026-06-23 20:00:00+00:00,26.100000000000005,VALID,88.79676533333333,VALID,0.930656,VALID,Online,Resolved: Operating normally
2026-06-23 21:00:00+00:00,26.100000000000005,VALID,86.578616,VALID,0.926338,VALID,Online,Resolved: Operating normally
2026-06-23 22:00:00+00:00,26.09166666666667,VALID,85.233568,VALID,0.923544,VALID,Online,Resolved: Operating normally
2026-06-23 23:00:00+00:00,25.991666666666664,VALID,85.233568,VALID,0.923544,VALID,Online,Resolved: Operating normally
2026-06-24 00:00:00+00:00,25.858333333333334,VALID,85.233568,VALID,0.923544,VALID,Online,Resolved: Operating normally
2026-06-24 01:00:00+00:00,25.84166666666667,VALID,84.05370133333334,VALID,0.921004,VALID,Online,Resolved: Operating normally
2026-06-24 02:00:00+00:00,25.90833333333333,VALID,83.817728,VALID,0.9204960000000001,VALID,Online,Resolved: Operating normally
2026-06-24 03:00:00+00:00,25.899999999999995,VALID,83.93571466666667,VALID,0.9207500000000001,VALID,Online,Resolved: Operating normally
2026-06-24 04:00:00+00:00,25.833333333333332,VALID,85.233568,VALID,0.923544,VALID,Online,Resolved: Operating normally
2026-06-24 05:00:00+00:00,25.7,VALID,86.17746133333333,VALID,0.9255760000000001,VALID,Online,Resolved: Operating normally
2026-06-24 06:00:00+00:00,25.53333333333333,VALID,86.649408,VALID,0.926592,VALID,Online,Resolved: Operating normally
2026-06-24 07:00:00+00:00,25.358333333333334,VALID,86.649408,VALID,0.926592,VALID,Online,Resolved: Operating normally
2026-06-24 08:00:00+00:00,25.183333333333334,VALID,86.649408,VALID,0.926592,VALID,Online,Resolved: Operating normally
2026-06-24 09:00:00+00:00,25.083333333333332,VALID,86.649408,VALID,0.926592,VALID,Online,Resolved: Operating normally
2026-06-24 10:00:00+00:00,25.0,VALID,85.70551466666666,VALID,0.92456,VALID,Online,Resolved: Operating normally
2026-06-24 11:00:00+00:00,24.916666666666668,VALID,85.233568,VALID,0.923544,VALID,Online,Resolved: Operating normally
2026-06-24 12:00:00+00:00,24.808333333333334,VALID,84.171688,VALID,0.921258,VALID,Online,Resolved: Operating normally
2026-06-24 13:00:00+00:00,24.608333333333334,VALID,82.543472,VALID,0.9182099999999999,VALID,Online,Resolved: Operating normally
2026-06-24 14:00:00+00:00,24.508333333333336,VALID,80.93885333333333,VALID,0.914908,VALID,Online,Resolved: Operating normally
2026-06-24 15:00:00+00:00,24.658333333333335,VALID,80.34891999999999,VALID,0.9136380000000002,VALID,Online,Resolved: Operating normally
2026-06-24 16:00:00+00:00,25.075,VALID,79.28704,VALID,0.911352,VALID,Online,Resolved: Operating normally
2026-06-24 17:00:00+00:00,25.650000000000002,VALID,78.22516,VALID,0.909066,VALID,Online,Resolved: Operating normally
2026-06-24 18:00:00+00:00,26.09166666666667,VALID,77.8712,VALID,0.9083040000000001,VALID,Online,Resolved: Operating normally
2026-06-24 19:00:00+00:00,26.2,VALID,77.39925333333333,VALID,0.907288,VALID,Online,Resolved: Operating normally
2026-06-24 20:00:00+00:00,26.05,VALID,76.92730666666667,VALID,0.9062720000000001,VALID,Online,Resolved: Operating normally
2026-06-24 21:00:00+00:00,26.150000000000002,VALID,76.69133333333333,VALID,0.905764,VALID,Online,Resolved: Operating normally
2026-06-24 22:00:00+00:00,26.041666666666668,VALID,76.45536,VALID,0.9052560000000001,VALID,Online,Resolved: Operating normally
2026-06-24 23:00:00+00:00,26.09166666666667,VALID,76.21938666666667,VALID,0.9047480000000001,VALID,Online,Resolved: Operating normally
2026-06-25 00:00:00+00:00,26.09166666666667,VALID,75.03952,VALID,0.902208,VALID,Online,Resolved: Operating normally
2026-06-25 01:00:00+00:00,26.208333333333332,VALID,73.97764,VALID,0.8999220000000001,VALID,Online,Resolved: Operating normally
2026-06-25 02:00:00+00:00,26.11666666666667,VALID,73.15173333333333,VALID,0.8981439999999999,VALID,Online,Resolved: Operating normally
2026-06-25 03:00:00+00:00,26.0,VALID,72.20784,VALID,0.896112,VALID,Online,Resolved: Operating normally
2026-06-25 04:00:00+00:00,25.90833333333333,VALID,71.02797333333334,VALID,0.8935720000000001,VALID,Online,Resolved: Operating normally
2026-06-25 05:00:00+00:00,25.808333333333334,VALID,70.792,VALID,0.8930640000000002,VALID,Online,Resolved: Operating normally
2026-06-25 06:00:00+00:00,25.683333333333334,VALID,70.32005333333333,VALID,0.8920480000000001,VALID,Online,Resolved: Operating normally
2026-06-25 07:00:00+00:00,25.558333333333334,VALID,69.37616,VALID,0.890016,VALID,Online,Resolved: Operating normally
2026-06-25 08:00:00+00:00,25.45,VALID,69.37616,VALID,0.890016,VALID,Online,Resolved: Operating normally
2026-06-25 09:00:00+00:00,25.375,VALID,69.0222,VALID,0.8892540000000001,VALID,Online,Resolved: Operating normally
2026-06-25 10:00:00+00:00,25.275000000000002,VALID,67.96032,VALID,0.8869680000000001,VALID,Online,Resolved: Operating normally
2026-06-25 11:00:00+00:00,25.183333333333334,VALID,67.96032,VALID,0.8869680000000001,VALID,Online,Resolved: Operating normally
2026-06-25 12:00:00+00:00,25.133333333333336,VALID,67.96032,VALID,0.8869680000000001,VALID,Online,Resolved: Operating normally
2026-06-25 13:00:00+00:00,25.05,VALID,67.48837333333333,VALID,0.8859520000000001,VALID,Online,Resolved: Operating normally
2026-06-25 14:00:00+00:00,25.0,VALID,66.54448,VALID,0.8839200000000002,VALID,Online,Resolved: Operating normally
2026-06-25 15:00:00+00:00,25.266666666666666,VALID,66.42649333333333,VALID,0.883666,VALID,Online,Resolved: Operating normally
2026-06-25 16:00:00+00:00,25.566666666666666,VALID,65.83656,VALID,0.8823960000000001,VALID,Online,Resolved: Operating normally
2026-06-25 17:00:00+00:00,25.666666666666668,VALID,65.60058666666667,VALID,0.881888,VALID,Online,Resolved: Operating normally
2026-06-25 18:00:00+00:00,26.0,VALID,65.4826,VALID,0.881634,VALID,Online,Resolved: Operating normally
2026-06-25 19:00:00+00:00,26.5,VALID,65.12864,VALID,0.8808720000000001,VALID,Online,Resolved: Operating normally
2026-06-25 20:00:00+00:00,27.058333333333334,VALID,65.12864,VALID,0.8808720000000001,VALID,Online,Resolved: Operating normally
2026-06-25 21:00:00+00:00,27.224999999999998,VALID,65.03425066666667,VALID,0.8806180000000001,VALID,Online,Resolved: Operating normally
2026-06-25 22:00:00+00:00,27.266666666666666,VALID,65.03425066666667,VALID,0.8806180000000001,VALID,Online,Resolved: Operating normally
2026-06-25 23:00:00+00:00,27.233333333333334,VALID,65.12864,VALID,0.8808720000000001,VALID,Online,Resolved: Operating normally
2026-06-26 00:00:00+00:00,27.224999999999998,VALID,65.12864,VALID,0.8808720000000001,VALID,Online,Resolved: Operating normally
2026-06-26 01:00:00+00:00,27.11666666666667,VALID,65.12864,VALID,0.8808720000000001,VALID,Online,Resolved: Operating normally
2026-06-26 02:00:00+00:00,27.0,VALID,65.24662666666667,VALID,0.8811260000000001,VALID,Online,Resolved: Operating normally
2026-06-26 03:00:00+00:00,26.916666666666668,VALID,66.07253333333334,VALID,0.882904,VALID,Online,Resolved: Operating normally
2026-06-26 04:00:00+00:00,26.899999999999995,VALID,65.60058666666667,VALID,0.881888,VALID,Online,Resolved: Operating normally
2026-06-26 05:00:00+00:00,26.808333333333334,VALID,65.12864,VALID,0.8808720000000001,VALID,Online,Resolved: Operating normally
2026-06-26 06:00:00+00:00,26.8,VALID,64.562304,VALID,0.8793480000000001,VALID,Online,Resolved: Operating normally
2026-06-26 07:00:00+00:00,26.733333333333334,VALID,63.995968,VALID,0.877824,VALID,Online,Resolved: Operating normally
2026-06-26 08:00:00+00:00,26.650000000000002,VALID,63.87798133333333,VALID,0.8775700000000001,VALID,Online,Resolved: Operating normally
2026-06-26 09:00:00+00:00,26.583333333333332,VALID,62.934088,VALID,0.8755380000000001,VALID,Online,Resolved: Operating normally
2026-06-26 10:00:00+00:00,26.483333333333334,VALID,62.816101333333336,VALID,0.8752840000000001,VALID,Online,Resolved: Operating normally
2026-06-26 11:00:00+00:00,26.399999999999995,VALID,62.580128,VALID,0.8747760000000001,VALID,Online,Resolved: Operating normally
2026-06-26 12:00:00+00:00,26.38333333333333,VALID,62.934088,VALID,0.8755380000000001,VALID,Online,Resolved: Operating normally
2026-06-26 13:00:00+00:00,26.3,VALID,63.40603466666667,VALID,0.876554,VALID,Online,Resolved: Operating normally
2026-06-26 14:00:00+00:00,26.34166666666667,VALID,63.642008,VALID,0.877062,VALID,Online,Resolved: Operating normally
2026-06-26 15:00:00+00:00,26.399999999999995,VALID,63.642008,VALID,0.877062,VALID,Online,Resolved: Operating normally
2026-06-26 16:00:00+00:00,26.349999999999998,VALID,63.17006133333334,VALID,0.8760460000000001,VALID,Online,Resolved: Operating normally
2026-06-26 17:00:00+00:00,26.458333333333332,VALID,62.934088,VALID,0.8755380000000001,VALID,Online,Resolved: Operating normally
2026-06-26 18:00:00+00:00,26.683333333333334,VALID,63.17006133333334,VALID,0.8760460000000001,VALID,Online,Resolved: Operating normally
2026-06-26 19:00:00+00:00,27.025000000000002,VALID,62.580128,VALID,0.8747760000000001,VALID,Online,Resolved: Operating normally
2026-06-26 20:00:00+00:00,27.341666666666665,VALID,62.69811466666667,VALID,0.8750300000000001,VALID,Online,Resolved: Operating normally
2026-06-26 21:00:00+00:00,27.65833333333333,VALID,63.17006133333334,VALID,0.8760460000000001,VALID,Online,Resolved: Operating normally
2026-06-26 22:00:00+00:00,27.641666666666666,VALID,63.759994666666664,VALID,0.8773160000000001,VALID,Online,Resolved: Operating normally
2026-06-26 23:00:00+00:00,27.84166666666667,VALID,63.87798133333333,VALID,0.8775700000000001,VALID,Online,Resolved: Operating normally
2026-06-27 00:00:00+00:00,27.808333333333334,VALID,63.40603466666667,VALID,0.876554,VALID,Online,Resolved: Operating normally
2026-06-27 01:00:00+00:00,27.608333333333334,VALID,63.17006133333334,VALID,0.8760460000000001,VALID,Online,Resolved: Operating normally
2026-06-27 02:00:00+00:00,27.46666666666667,VALID,63.17006133333334,VALID,0.8760460000000001,VALID,Online,Resolved: Operating normally
2026-06-27 03:00:00+00:00,27.399999999999995,VALID,63.759994666666664,VALID,0.8773160000000001,VALID,Online,Resolved: Operating normally
2026-06-27 04:00:00+00:00,27.399999999999995,VALID,63.995968,VALID,0.877824,VALID,Online,Resolved: Operating normally
2026-06-27 05:00:00+00:00,27.399999999999995,VALID,63.995968,VALID,0.877824,VALID,Online,Resolved: Operating normally
2026-06-27 06:00:00+00:00,27.491666666666664,VALID,63.995968,VALID,0.877824,VALID,Online,Resolved: Operating normally
2026-06-27 07:00:00+00:00,27.5,VALID,64.279136,VALID,0.878586,VALID,Online,Resolved: Operating normally
2026-06-27 08:00:00+00:00,27.474999999999998,VALID,65.12864,VALID,0.8808720000000001,VALID,Online,Resolved: Operating normally
2026-06-27 09:00:00+00:00,27.399999999999995,VALID,65.24662666666667,VALID,0.8811260000000001,VALID,Online,Resolved: Operating normally
2026-06-27 10:00:00+00:00,27.399999999999995,VALID,66.19051999999999,VALID,0.883158,VALID,Online,Resolved: Operating normally
2026-06-27 11:00:00+00:00,27.358333333333334,VALID,66.54448,VALID,0.8839200000000002,VALID,Online,Resolved: Operating normally
2026-06-27 12:00:00+00:00,27.241666666666664,VALID,66.54448,VALID,0.8839200000000002,VALID,Online,Resolved: Operating normally
2026-06-27 13:00:00+00:00,27.175,VALID,66.54448,VALID,0.8839200000000002,VALID,Online,Resolved: Operating normally
2026-06-27 14:00:00+00:00,27.108333333333334,VALID,67.96032,VALID,0.8869680000000001,VALID,Online,Resolved: Operating normally
2026-06-27 15:00:00+00:00,27.100000000000005,VALID,67.96032,VALID,0.8869680000000001,VALID,Online,Resolved: Operating normally
2026-06-27 16:00:00+00:00,27.09166666666667,VALID,67.96032,VALID,0.8869680000000001,VALID,Online,Resolved: Operating normally
2026-06-27 17:00:00+00:00,27.05,VALID,68.43226666666666,VALID,0.887984,VALID,Online,Resolved: Operating normally
2026-06-27 18:00:00+00:00,27.100000000000005,VALID,69.14018666666666,VALID,0.8895080000000001,VALID,Online,Resolved: Operating normally
2026-06-27 19:00:00+00:00,27.100000000000005,VALID,69.37616,VALID,0.890016,VALID,Online,Resolved: Operating normally
2026-06-27 20:00:00+00:00,27.191666666666666,VALID,68.90421333333333,VALID,0.8890000000000001,VALID,Online,Resolved: Operating normally
2026-06-27 21:00:00+00:00,27.483333333333334,VALID,69.25817333333333,VALID,0.889762,VALID,Online,Resolved: Operating normally
2026-06-27 22:00:00+00:00,27.608333333333334,VALID,69.37616,VALID,0.890016,VALID,Online,Resolved: Operating normally
2026-06-27 23:00:00+00:00,27.600000000000005,VALID,69.37616,VALID,0.890016,VALID,Online,Resolved: Operating normally
2026-06-28 00:00:00+00:00,27.583333333333332,VALID,69.37616,VALID,0.890016,VALID,Online,Resolved: Operating normally
2026-06-28 01:00:00+00:00,27.508333333333336,VALID,70.20206666666667,VALID,0.8917940000000001,VALID,Online,Resolved: Operating normally
2026-06-28 02:00:00+00:00,27.5,VALID,70.792,VALID,0.8930640000000002,VALID,Online,Resolved: Operating normally
2026-06-28 03:00:00+00:00,27.5,VALID,70.792,VALID,0.8930640000000002,VALID,Online,Resolved: Operating normally
2026-06-28 04:00:00+00:00,27.45,VALID,70.792,VALID,0.8930640000000002,VALID,Online,Resolved: Operating normally
2026-06-28 05:00:00+00:00,27.399999999999995,VALID,70.67401333333333,VALID,0.89281,VALID,Online,Resolved: Operating normally
2026-06-28 06:00:00+00:00,27.399999999999995,VALID,69.84810666666667,VALID,0.891032,VALID,Online,Resolved: Operating normally
2026-06-28 07:00:00+00:00,27.349999999999998,VALID,69.37616,VALID,0.890016,VALID,Online,Resolved: Operating normally
2026-06-28 08:00:00+00:00,27.3,VALID,69.37616,VALID,0.890016,VALID,Online,Resolved: Operating normally
2026-06-28 09:00:00+00:00,27.21666666666667,VALID,69.37616,VALID,0.890016,VALID,Online,Resolved: Operating normally
2026-06-28 10:00:00+00:00,27.2,VALID,68.78622666666666,VALID,0.8887460000000001,VALID,Online,Resolved: Operating normally
2026-06-28 11:00:00+00:00,27.125,VALID,68.07830666666666,VALID,0.8872220000000001,VALID,Online,Resolved: Operating normally
2026-06-28 12:00:00+00:00,27.058333333333334,VALID,67.96032,VALID,0.8869680000000001,VALID,Online,Resolved: Operating normally
2026-06-28 13:00:00+00:00,26.974999999999998,VALID,67.96032,VALID,0.8869680000000001,VALID,Online,Resolved: Operating normally
2026-06-28 14:00:00+00:00,26.899999999999995,VALID,68.43226666666666,VALID,0.887984,VALID,Online,Resolved: Operating normally
2026-06-28 15:00:00+00:00,26.808333333333334,VALID,69.37616,VALID,0.890016,VALID,Online,Resolved: Operating normally
2026-06-28 16:00:00+00:00,26.724999999999998,VALID,69.84810666666667,VALID,0.891032,VALID,Online,Resolved: Operating normally
2026-06-28 17:00:00+00:00,26.675,VALID,71.85388,VALID,0.8953500000000001,VALID,Online,Resolved: Operating normally
2026-06-28 18:00:00+00:00,26.600000000000005,VALID,73.62368,VALID,0.8991600000000001,VALID,Online,Resolved: Operating normally
2026-06-28 19:00:00+00:00,26.600000000000005,VALID,74.21361333333333,VALID,0.9004300000000001,VALID,Online,Resolved: Operating normally
2026-06-28 20:00:00+00:00,26.600000000000005,VALID,75.03952,VALID,0.902208,VALID,Online,Resolved: Operating normally
2026-06-28 21:00:00+00:00,26.65833333333333,VALID,75.03952,VALID,0.902208,VALID,Online,Resolved: Operating normally
2026-06-28 22:00:00+00:00,26.641666666666666,VALID,75.62945333333333,VALID,0.9034780000000001,VALID,Online,Resolved: Operating normally
2026-06-28 23:00:00+00:00,26.600000000000005,VALID,79.28704,VALID,0.911352,VALID,Online,Resolved: Operating normally
2026-06-29 00:00:00+00:00,26.600000000000005,VALID,81.78835733333334,VALID,0.916686,VALID,Online,Resolved: Operating normally
2026-06-29 01:00:00+00:00,26.600000000000005,VALID,83.817728,VALID,0.9204960000000001,VALID,Online,Resolved: Operating normally
2026-06-29 02:00:00+00:00,26.600000000000005,VALID,82.543472,VALID,0.9182099999999999,VALID,Online,Resolved: Operating normally
2026-06-29 03:00:00+00:00,26.558333333333334,VALID,80.82086666666666,VALID,0.9146540000000001,VALID,Online,Resolved: Operating normally
2026-06-29 04:00:00+00:00,26.483333333333334,VALID,80.11294666666667,VALID,0.9131300000000001,VALID,Online,Resolved: Operating normally
2026-06-29 05:00:00+00:00,26.40833333333333,VALID,79.28704,VALID,0.9113520000000003,VALID,Online,Resolved: Operating normally
2026-06-29 06:00:00+00:00,26.366666666666664,VALID,79.28704,VALID,0.9113520000000003,VALID,Online,Resolved: Operating normally
2026-06-29 07:00:00+00:00,26.208333333333332,VALID,79.28704,VALID,0.9113520000000003,VALID,Online,Resolved: Operating normally
2026-06-29 08:00:00+00:00,26.108333333333334,VALID,79.52301333333334,VALID,0.9118600000000002,VALID,Online,Resolved: Operating normally
2026-06-29 09:00:00+00:00,26.016666666666666,VALID,80.70288,VALID,0.9144000000000001,VALID,Online,Resolved: Operating normally
2026-06-29 10:00:00+00:00,26.0,VALID,80.70288,VALID,0.9144000000000001,VALID,Online,Resolved: Operating normally
2026-06-29 11:00:00+00:00,26.0,VALID,80.70288,VALID,0.9144000000000001,VALID,Online,Resolved: Operating normally
2026-06-29 12:00:00+00:00,25.991666666666664,VALID,80.70288,VALID,0.9144000000000001,VALID,Online,Resolved: Operating normally
2026-06-29 13:00:00+00:00,25.90833333333333,VALID,80.70288,VALID,0.9144000000000001,VALID,Online,Resolved: Operating normally
2026-06-29 14:00:00+00:00,25.899999999999995,VALID,80.70288,VALID,0.9144000000000001,VALID,Online,Resolved: Operating normally
2026-06-29 15:00:00+00:00,26.03333333333333,VALID,80.70288,VALID,0.9144000000000001,VALID,Online,Resolved: Operating normally
2026-06-29 16:00:00+00:00,26.166666666666668,VALID,80.23093333333333,VALID,0.9133840000000001,VALID,Online,Resolved: Operating normally
2026-06-29 17:00:00+00:00,26.3,VALID,79.28704,VALID,0.9113520000000003,VALID,Online,Resolved: Operating normally
2026-06-29 18:00:00+00:00,26.308333333333334,VALID,78.46113333333334,VALID,0.9095740000000001,VALID,Online,Resolved: Operating normally
2026-06-29 19:00:00+00:00,26.583333333333332,VALID,77.8712,VALID,0.9083039999999999,VALID,Online,Resolved: Operating normally
2026-06-29 20:00:00+00:00,26.683333333333334,VALID,76.69133333333333,VALID,0.905764,VALID,Online,Resolved: Operating normally
2026-06-29 21:00:00+00:00,26.8,VALID,76.45536,VALID,0.9052560000000001,VALID,Online,Resolved: Operating normally
2026-06-29 22:00:00+00:00,27.150000000000002,VALID,75.51146666666666,VALID,0.9032240000000001,VALID,Online,Resolved: Operating normally
2026-06-29 23:00:00+00:00,27.316666666666666,VALID,75.15750666666666,VALID,0.902462,VALID,Online,Resolved: Operating normally
2026-06-30 00:00:00+00:00,27.366666666666664,VALID,75.03952,VALID,0.902208,VALID,Online,Resolved: Operating normally
2026-06-30 01:00:00+00:00,27.208333333333332,VALID,75.27549333333333,VALID,0.902716,VALID,Online,Resolved: Operating normally
2026-06-30 02:00:00+00:00,27.133333333333336,VALID,75.03952,VALID,0.902208,VALID,Online,Resolved: Operating normally
2026-06-30 03:00:00+00:00,27.075000000000003,VALID,75.03952,VALID,0.902208,VALID,Online,Resolved: Operating normally
2026-06-30 04:00:00+00:00,27.0,VALID,74.68556,VALID,0.901446,VALID,Online,Resolved: Operating normally
2026-06-30 05:00:00+00:00,26.991666666666664,VALID,73.62368,VALID,0.8991600000000001,VALID,Online,Resolved: Operating normally
2026-06-30 06:00:00+00:00,26.891666666666666,VALID,73.38770666666666,VALID,0.8986520000000001,VALID,Online,Resolved: Operating normally
2026-06-30 07:00:00+00:00,26.8,VALID,69.73012,VALID,0.8907780000000001,VALID,Online,Resolved: Operating normally
2026-06-30 08:00:00+00:00,26.758333333333336,VALID,67.96032,VALID,0.8869680000000001,VALID,Online,Resolved: Operating normally
2026-06-30 09:00:00+00:00,26.7,VALID,68.90421333333333,VALID,0.8890000000000001,VALID,Online,Resolved: Operating normally
2026-06-30 10:00:00+00:00,26.641666666666666,VALID,70.792,VALID,0.8930640000000002,VALID,Online,Resolved: Operating normally
2026-06-30 11:00:00+00:00,26.600000000000005,VALID,70.792,VALID,0.8930640000000002,VALID,Online,Resolved: Operating normally
2026-06-30 12:00:00+00:00,26.541666666666668,VALID,70.792,VALID,0.8930640000000002,VALID,Online,Resolved: Operating normally
2026-06-30 13:00:00+00:00,26.458333333333332,VALID,70.792,VALID,0.8930640000000002,VALID,Online,Resolved: Operating normally
2026-06-30 14:00:00+00:00,26.566666666666666,VALID,70.67401333333333,VALID,0.89281,VALID,Online,Resolved: Operating normally
2026-06-30 15:00:00+00:00,26.808333333333334,VALID,70.792,VALID,0.8930640000000002,VALID,Online,Resolved: Operating normally
2026-06-30 16:00:00+00:00,27.075,VALID,70.792,VALID,0.8930640000000002,VALID,Online,Resolved: Operating normally
2026-06-30 17:00:00+00:00,27.483333333333334,VALID,70.792,VALID,0.8930640000000002,VALID,Online,Resolved: Operating normally
2026-06-30 18:00:00+00:00,27.71666666666667,VALID,70.55602666666667,VALID,0.892556,VALID,Online,Resolved: Operating normally
2026-06-30 19:00:00+00:00,28.183333333333334,VALID,70.55602666666667,VALID,0.892556,VALID,Online,Resolved: Operating normally
2026-06-30 20:00:00+00:00,28.375,VALID,70.67401333333333,VALID,0.89281,VALID,Online,Resolved: Operating normally
2026-06-30 21:00:00+00:00,28.833333333333332,VALID,70.792,VALID,0.8930640000000002,VALID,Online,Resolved: Operating normally
2026-06-30 22:00:00+00:00,29.183333333333334,VALID,70.792,VALID,0.8930640000000002,VALID,Online,Resolved: Operating normally
2026-06-30 23:00:00+00:00,29.291666666666668,VALID,70.792,VALID,0.8930640000000002,VALID,Online,Resolved: Operating normally
2026-07-01 00:00:00+00:00,29.25,VALID,71.14596,VALID,0.8938260000000001,VALID,Online,Resolved: Operating normally
2026-07-01 01:00:00+00:00,29.125,VALID,72.08985333333334,VALID,0.895858,VALID,Online,Resolved: Operating normally
2026-07-01 02:00:00+00:00,29.0,VALID,72.20784,VALID,0.896112,VALID,Online,Resolved: Operating normally
2026-07-01 03:00:00+00:00,28.95,VALID,72.20784,VALID,0.896112,VALID,Online,Resolved: Operating normally
2026-07-01 04:00:00+00:00,28.791666666666668,VALID,71.26394666666667,VALID,0.8940800000000001,VALID,Online,Resolved: Operating normally
2026-07-01 05:00:00+00:00,28.65833333333333,VALID,70.32005333333333,VALID,0.8920480000000001,VALID,Online,Resolved: Operating normally
2026-07-01 06:00:00+00:00,28.600000000000005,VALID,69.37616,VALID,0.890016,VALID,Online,Resolved: Operating normally
2026-07-01 07:00:00+00:00,28.508333333333336,VALID,69.0222,VALID,0.8892540000000001,VALID,Online,Resolved: Operating normally
2026-07-01 08:00:00+00:00,28.399999999999995,VALID,67.96032,VALID,0.8869680000000001,VALID,Online,Resolved: Operating normally
2026-07-01 09:00:00+00:00,28.325,VALID,67.96032,VALID,0.8869680000000001,VALID,Online,Resolved: Operating normally
2026-07-01 10:00:00+00:00,28.224999999999998,VALID,67.96032,VALID,0.8869680000000001,VALID,Online,Resolved: Operating normally
2026-07-01 11:00:00+00:00,28.166666666666668,VALID,67.84233333333333,VALID,0.8867140000000001,VALID,Online,Resolved: Operating normally
2026-07-01 12:00:00+00:00,28.075000000000003,VALID,67.48837333333333,VALID,0.8859520000000001,VALID,Online,Resolved: Operating normally
2026-07-01 13:00:00+00:00,28.0,VALID,67.72434666666666,VALID,0.88646,VALID,Online,Resolved: Operating normally
2026-07-01 14:00:00+00:00,28.03333333333333,VALID,67.96032,VALID,0.8869680000000001,VALID,Online,Resolved: Operating normally
2026-07-01 15:00:00+00:00,28.058333333333334,VALID,67.48837333333333,VALID,0.8859520000000001,VALID,Online,Resolved: Operating normally
2026-07-01 16:00:00+00:00,28.0,VALID,66.54448,VALID,0.8839200000000002,VALID,Online,Resolved: Operating normally
2026-07-01 17:00:00+00:00,28.0,VALID,67.13441333333333,VALID,0.88519,VALID,Online,Resolved: Operating normally
2026-07-01 18:00:00+00:00,28.175,VALID,66.78045333333333,VALID,0.8844280000000001,VALID,Online,Resolved: Operating normally
2026-07-01 19:00:00+00:00,28.65833333333333,VALID,66.66246666666666,VALID,0.8841740000000001,VALID,Online,Resolved: Operating normally
2026-07-01 20:00:00+00:00,28.933333333333334,VALID,67.72434666666666,VALID,0.88646,VALID,Online,Resolved: Operating normally
2026-07-01 21:00:00+00:00,29.599999999999998,VALID,67.37038666666666,VALID,0.8856980000000001,VALID,Online,Resolved: Operating normally
2026-07-01 22:00:00+00:00,29.891666666666666,VALID,67.96032,VALID,0.8869680000000001,VALID,Online,Resolved: Operating normally
2026-07-01 23:00:00+00:00,30.166666666666668,VALID,67.84233333333333,VALID,0.8867140000000001,VALID,Online,Resolved: Operating normally
2026-07-02 00:00:00+00:00,30.2,VALID,67.96032,VALID,0.8869680000000001,VALID,Online,Resolved: Operating normally
2026-07-02 01:00:00+00:00,30.28333333333333,VALID,67.96032,VALID,0.8869680000000001,VALID,Online,Resolved: Operating normally
2026-07-02 02:00:00+00:00,30.708333333333332,VALID,67.96032,VALID,0.8869680000000001,VALID,Online,Resolved: Operating normally
2026-07-02 03:00:00+00:00,30.775000000000002,VALID,67.60636,VALID,0.886206,VALID,Online,Resolved: Operating normally
2026-07-02 04:00:00+00:00,30.666666666666668,VALID,66.78045333333333,VALID,0.8844280000000001,VALID,Online,Resolved: Operating normally
2026-07-02 05:00:00+00:00,30.53333333333333,VALID,66.54448,VALID,0.8839200000000002,VALID,Online,Resolved: Operating normally
2026-07-02 06:00:00+00:00,30.399999999999995,VALID,66.54448,VALID,0.8839200000000002,VALID,Online,Resolved: Operating normally
2026-07-02 07:00:00+00:00,30.325,VALID,66.54448,VALID,0.8839200000000002,VALID,Online,Resolved: Operating normally
2026-07-02 08:00:00+00:00,30.258333333333336,VALID,66.54448,VALID,0.8839200000000002,VALID,Online,Resolved: Operating normally
2026-07-02 09:00:00+00:00,30.191666666666666,VALID,66.30850666666666,VALID,0.883412,VALID,Online,Resolved: Operating normally
2026-07-02 10:00:00+00:00,30.083333333333332,VALID,66.19051999999999,VALID,0.883158,VALID,Online,Resolved: Operating normally
2026-07-02 11:00:00+00:00,29.941666666666666,VALID,66.30850666666666,VALID,0.883412,VALID,Online,Resolved: Operating normally
2026-07-02 12:00:00+00:00,29.775000000000002,VALID,66.54448,VALID,0.8839200000000002,VALID,Online,Resolved: Operating normally
2026-07-02 13:00:00+00:00,29.641666666666666,VALID,66.54448,VALID,0.8839200000000002,VALID,Online,Resolved: Operating normally
2026-07-02 14:00:00+00:00,29.583333333333332,VALID,66.78045333333333,VALID,0.8844280000000001,VALID,Online,Resolved: Operating normally
2026-07-02 15:00:00+00:00,29.691666666666666,VALID,66.78045333333333,VALID,0.8844280000000001,VALID,Online,Resolved: Operating normally
2026-07-02 16:00:00+00:00,30.3,VALID,66.66246666666666,VALID,0.8841740000000001,VALID,Online,Resolved: Operating normally
2026-07-02 17:00:00+00:00,30.28333333333333,VALID,66.54448,VALID,0.8839200000000002,VALID,Online,Resolved: Operating normally
2026-07-02 18:00:00+00:00,30.55,VALID,66.66246666666666,VALID,0.8841740000000001,VALID,Online,Resolved: Operating normally
2026-07-02 19:00:00+00:00,31.05,VALID,66.54448,VALID,0.8839200000000002,VALID,Online,Resolved: Operating normally
2026-07-02 20:00:00+00:00,31.224999999999998,VALID,66.54448,VALID,0.8839200000000002,VALID,Online,Resolved: Operating normally
2026-07-02 21:00:00+00:00,31.808333333333334,VALID,66.54448,VALID,0.8839200000000002,VALID,Online,Resolved: Operating normally
2026-07-02 22:00:00+00:00,31.991666666666664,VALID,66.54448,VALID,0.8839200000000002,VALID,Online,Resolved: Operating normally
2026-07-02 23:00:00+00:00,31.974999999999998,VALID,66.54448,VALID,0.8839200000000002,VALID,Online,Resolved: Operating normally
2026-07-03 00:00:00+00:00,31.983333333333334,VALID,66.54448,VALID,0.8839200000000002,VALID,Online,Resolved: Operating normally
2026-07-03 01:00:00+00:00,32.31666666666667,VALID,66.54448,VALID,0.8839200000000002,VALID,Online,Resolved: Operating normally
2026-07-03 02:00:00+00:00,32.416666666666664,VALID,66.54448,VALID,0.8839200000000002,VALID,Online,Resolved: Operating normally
2026-07-03 03:00:00+00:00,32.25833333333333,VALID,66.54448,VALID,0.8839200000000002,VALID,Online,Resolved: Operating normally
2026-07-03 04:00:00+00:00,32.125,VALID,66.54448,VALID,0.8839200000000002,VALID,Online,Resolved: Operating normally
2026-07-03 05:00:00+00:00,32.05833333333333,VALID,65.71857333333334,VALID,0.8821420000000001,VALID,Online,Resolved: Operating normally
2026-07-03 06:00:00+00:00,31.983333333333334,VALID,65.4826,VALID,0.881634,VALID,Online,Resolved: Operating normally
2026-07-03 07:00:00+00:00,31.90833333333333,VALID,65.12864,VALID,0.8808720000000001,VALID,Online,Resolved: Operating normally
2026-07-03 08:00:00+00:00,31.858333333333334,VALID,65.12864,VALID,0.8808720000000001,VALID,Online,Resolved: Operating normally
2026-07-03 09:00:00+00:00,31.78333333333333,VALID,65.12864,VALID,0.8808720000000001,VALID,Online,Resolved: Operating normally
2026-07-03 10:00:00+00:00,31.666666666666668,VALID,65.12864,VALID,0.8808720000000001,VALID,Online,Resolved: Operating normally
2026-07-03 11:00:00+00:00,31.558333333333334,VALID,65.12864,VALID,0.8808720000000001,VALID,Online,Resolved: Operating normally
2026-07-03 12:00:00+00:00,31.441666666666666,VALID,65.24662666666667,VALID,0.8811260000000001,VALID,Online,Resolved: Operating normally
2026-07-03 13:00:00+00:00,31.325,VALID,66.19051999999999,VALID,0.883158,VALID,Online,Resolved: Operating normally
2026-07-03 14:00:00+00:00,31.366666666666664,VALID,65.24662666666667,VALID,0.8811260000000001,VALID,Online,Resolved: Operating normally
2026-07-03 15:00:00+00:00,31.53333333333333,VALID,65.60058666666667,VALID,0.881888,VALID,Online,Resolved: Operating normally
2026-07-03 16:00:00+00:00,31.483333333333334,VALID,65.05784799999999,VALID,0.8806180000000001,VALID,Online,Resolved: Operating normally
2026-07-03 17:00:00+00:00,31.541666666666668,VALID,61.99019466666667,VALID,0.873506,VALID,Online,Resolved: Operating normally
2026-07-03 18:00:00+00:00,31.78333333333333,VALID,60.409173333333335,VALID,0.8696960000000001,VALID,Online,Resolved: Operating normally
2026-07-03 19:00:00+00:00,32.15833333333333,VALID,60.97550933333333,VALID,0.8709660000000001,VALID,Online,Resolved: Operating normally
2026-07-03 20:00:00+00:00,32.81666666666667,VALID,63.40603466666666,VALID,0.876554,VALID,Online,Resolved: Operating normally
2026-07-03 21:00:00+00:00,33.416666666666664,VALID,63.995968,VALID,0.877824,VALID,Online,Resolved: Operating normally
2026-07-03 22:00:00+00:00,33.266666666666666,VALID,63.995968,VALID,0.877824,VALID,Online,Resolved: Operating normally
2026-07-03 23:00:00+00:00,33.35,VALID,63.995968,VALID,0.877824,VALID,Online,Resolved: Operating normally
2026-07-04 00:00:00+00:00,33.425,VALID,63.995968,VALID,0.877824,VALID,Online,Resolved: Operating normally
2026-07-04 01:00:00+00:00,33.525,VALID,63.87798133333333,VALID,0.8775700000000001,VALID,Online,Resolved: Operating normally
2026-07-04 02:00:00+00:00,33.6,VALID,63.17006133333334,VALID,0.8760460000000001,VALID,Online,Resolved: Operating normally
2026-07-04 03:00:00+00:00,33.525,VALID,62.580128,VALID,0.8747760000000001,VALID,Online,Resolved: Operating normally
2026-07-04 04:00:00+00:00,33.425,VALID,62.580128,VALID,0.8747760000000001,VALID,Online,Resolved: Operating normally
2026-07-04 05:00:00+00:00,33.275,VALID,61.99019466666667,VALID,0.873506,VALID,Online,Resolved: Operating normally
2026-07-04 06:00:00+00:00,33.14166666666667,VALID,61.164288,VALID,0.8717280000000001,VALID,Online,Resolved: Operating normally
2026-07-04 07:00:00+00:00,33.041666666666664,VALID,61.164288,VALID,0.8717280000000001,VALID,Online,Resolved: Operating normally
2026-07-04 08:00:00+00:00,32.958333333333336,VALID,61.06989866666667,VALID,0.8714740000000001,VALID,Online,Resolved: Operating normally
2026-07-04 09:00:00+00:00,32.85,VALID,61.06989866666667,VALID,0.8714740000000001,VALID,Online,Resolved: Operating normally
2026-07-04 10:00:00+00:00,32.733333333333334,VALID,61.164288,VALID,0.8717280000000001,VALID,Online,Resolved: Operating normally
2026-07-04 11:00:00+00:00,32.56666666666667,VALID,59.913629333333326,VALID,0.86868,VALID,Online,Resolved: Operating normally
2026-07-04 12:00:00+00:00,32.43333333333333,VALID,57.129144,VALID,0.861822,VALID,Online,Resolved: Operating normally
2026-07-04 13:00:00+00:00,32.266666666666666,VALID,57.24713066666666,VALID,0.8620760000000001,VALID,Online,Resolved: Operating normally
2026-07-04 14:00:00+00:00,32.2,VALID,56.44482133333333,VALID,0.8602979999999999,VALID,Online,Resolved: Operating normally
2026-07-04 15:00:00+00:00,32.30833333333333,VALID,56.27964,VALID,0.8597899999999999,VALID,Online,Resolved: Operating normally
2026-07-04 16:00:00+00:00,32.61666666666667,VALID,58.615776000000004,VALID,0.8656320000000001,VALID,Online,Resolved: Operating normally
2026-07-04 17:00:00+00:00,32.791666666666664,VALID,58.615776000000004,VALID,0.8656320000000001,VALID,Online,Resolved: Operating normally
2026-07-04 18:00:00+00:00,32.96666666666667,VALID,58.615776000000004,VALID,0.8656320000000001,VALID,Online,Resolved: Operating normally
2026-07-04 19:00:00+00:00,33.28333333333333,VALID,58.42699733333333,VALID,0.8651239999999999,VALID,Online,Resolved: Operating normally
2026-07-04 20:00:00+00:00,33.324999999999996,VALID,58.04944,VALID,0.864108,VALID,Online,Resolved: Operating normally
2026-07-04 21:00:00+00:00,33.4,VALID,57.57749333333333,VALID,0.862838,VALID,Online,Resolved: Operating normally
2026-07-04 22:00:00+00:00,33.875,VALID,57.129144,VALID,0.861822,VALID,Online,Resolved: Operating normally
2026-07-04 23:00:00+00:00,33.99166666666667,VALID,57.199936,VALID,0.8620760000000001,VALID,Online,Resolved: Operating normally
2026-07-05 00:00:00+00:00,34.1,VALID,56.96396266666667,VALID,0.861568,VALID,Online,Resolved: Operating normally
2026-07-05 01:00:00+00:00,33.891666666666666,VALID,55.996472000000004,VALID,0.859282,VALID,Online,Resolved: Operating normally
2026-07-05 02:00:00+00:00,33.583333333333336,VALID,56.18525066666667,VALID,0.8597899999999999,VALID,Online,Resolved: Operating normally
2026-07-05 03:00:00+00:00,33.449999999999996,VALID,56.18525066666667,VALID,0.8597899999999999,VALID,Online,Resolved: Operating normally
2026-07-05 04:00:00+00:00,33.34166666666666,VALID,55.97287466666666,VALID,0.859282,VALID,Online,Resolved: Operating normally
2026-07-05 05:00:00+00:00,33.15833333333334,VALID,55.689706666666666,VALID,0.85852,VALID,Online,Resolved: Operating normally
2026-07-05 06:00:00+00:00,32.916666666666664,VALID,55.595317333333334,VALID,0.858266,VALID,Online,Resolved: Operating normally
2026-07-05 07:00:00+00:00,32.725,VALID,55.02898133333334,VALID,0.856742,VALID,Online,Resolved: Operating normally
2026-07-05 08:00:00+00:00,32.575,VALID,54.934592,VALID,0.856488,VALID,Online,Resolved: Operating normally
2026-07-05 09:00:00+00:00,32.46666666666667,VALID,54.934592,VALID,0.856488,VALID,Online,Resolved: Operating normally
2026-07-05 10:00:00+00:00,32.40833333333333,VALID,54.934592,VALID,0.856488,VALID,Online,Resolved: Operating normally
2026-07-05 11:00:00+00:00,32.483333333333334,VALID,55.123370666666666,VALID,0.856996,VALID,Online,Resolved: Operating normally
2026-07-05 12:00:00+00:00,32.4,VALID,55.784096000000005,VALID,0.8587739999999999,VALID,Online,Resolved: Operating normally
2026-07-05 13:00:00+00:00,32.46666666666667,VALID,56.067264,VALID,0.859536,VALID,Online,Resolved: Operating normally
2026-07-05 14:00:00+00:00,32.75,VALID,56.067264,VALID,0.859536,VALID,Online,Resolved: Operating normally
2026-07-05 15:00:00+00:00,32.725,VALID,56.18525066666667,VALID,0.8597899999999999,VALID,Online,Resolved: Operating normally
2026-07-05 16:00:00+00:00,33.074999999999996,VALID,56.89317066666666,VALID,0.861314,VALID,Online,Resolved: Operating normally
2026-07-05 17:00:00+00:00,33.458333333333336,VALID,57.36511733333333,VALID,0.86233,VALID,Online,Resolved: Operating normally
2026-07-05 18:00:00+00:00,33.28333333333333,VALID,56.303237333333335,VALID,0.8600439999999999,VALID,Online,Resolved: Operating normally
2026-07-05 19:00:00+00:00,33.625,VALID,56.067264,VALID,0.859536,VALID,Online,Resolved: Operating normally
2026-07-05 20:00:00+00:00,33.65833333333333,VALID,56.067264,VALID,0.859536,VALID,Online,Resolved: Operating normally
2026-07-05 21:00:00+00:00,33.449999999999996,VALID,56.067264,VALID,0.859536,VALID,Online,Resolved: Operating normally
2026-07-05 22:00:00+00:00,33.55833333333333,VALID,56.067264,VALID,0.859536,VALID,Online,Resolved: Operating normally
2026-07-05 23:00:00+00:00,33.75833333333333,VALID,55.40653866666667,VALID,0.857758,VALID,Online,Resolved: Operating normally
2026-07-06 00:00:00+00:00,34.00833333333333,VALID,54.226672,VALID,0.854964,VALID,Online,Resolved: Operating normally
2026-07-06 01:00:00+00:00,33.94166666666667,VALID,53.518752,VALID,0.85344,VALID,Online,Resolved: Operating normally
2026-07-06 02:00:00+00:00,33.69166666666667,VALID,53.42436266666667,VALID,0.853186,VALID,Online,Resolved: Operating normally
2026-07-06 03:00:00+00:00,33.391666666666666,VALID,52.38608,VALID,0.8503919999999999,VALID,Online,Resolved: Operating normally
2026-07-06 04:00:00+00:00,33.14166666666667,VALID,52.38608,VALID,0.8503919999999999,VALID,Online,Resolved: Operating normally
2026-07-06 05:00:00+00:00,32.925,VALID,52.38608,VALID,0.8503919999999999,VALID,Online,Resolved: Operating normally
2026-07-06 06:00:00+00:00,32.71666666666667,VALID,52.85802666666667,VALID,0.851662,VALID,Online,Resolved: Operating normally
2026-07-06 07:00:00+00:00,32.59166666666667,VALID,53.04680533333333,VALID,0.85217,VALID,Online,Resolved: Operating normally
2026-07-06 08:00:00+00:00,32.475,VALID,52.38608,VALID,0.8503919999999999,VALID,Online,Resolved: Operating normally
2026-07-06 09:00:00+00:00,32.35833333333333,VALID,52.38608,VALID,0.8503919999999999,VALID,Online,Resolved: Operating normally
2026-07-06 10:00:00+00:00,32.225,VALID,52.38608,VALID,0.8503919999999999,VALID,Online,Resolved: Operating normally
2026-07-06 11:00:00+00:00,32.108333333333334,VALID,52.952416,VALID,0.851916,VALID,Online,Resolved: Operating normally
2026-07-06 12:00:00+00:00,32.00833333333333,VALID,53.518752,VALID,0.85344,VALID,Online,Resolved: Operating normally
2026-07-06 13:00:00+00:00,31.924999999999997,VALID,53.518752,VALID,0.85344,VALID,Online,Resolved: Operating normally
2026-07-06 14:00:00+00:00,31.899999999999995,VALID,53.99069866666667,VALID,0.854456,VALID,Online,Resolved: Operating normally
2026-07-06 15:00:00+00:00,31.8,VALID,54.69861866666667,VALID,0.8559800000000001,VALID,Online,Resolved: Operating normally
2026-07-06 16:00:00+00:00,31.758333333333336,VALID,54.934592,VALID,0.856488,VALID,Online,Resolved: Operating normally
2026-07-06 17:00:00+00:00,31.825,VALID,54.934592,VALID,0.856488,VALID,Online,Resolved: Operating normally
2026-07-06 18:00:00+00:00,32.03333333333333,VALID,55.02898133333334,VALID,0.856742,VALID,Online,Resolved: Operating normally
2026-07-06 19:00:00+00:00,32.18333333333334,VALID,54.934592,VALID,0.856488,VALID,Online,Resolved: Operating normally
2026-07-06 20:00:00+00:00,32.016666666666666,VALID,54.580632,VALID,0.8557260000000001,VALID,Online,Resolved: Operating normally
2026-07-06 21:00:00+00:00,31.90833333333333,VALID,53.42436266666667,VALID,0.853186,VALID,Online,Resolved: Operating normally
2026-07-06 22:00:00+00:00,31.941666666666666,VALID,53.32997333333333,VALID,0.852932,VALID,Online,Resolved: Operating normally
2026-07-06 23:00:00+00:00,31.95,VALID,52.952416,VALID,0.851916,VALID,Online,Resolved: Operating normally
2026-07-07 00:00:00+00:00,31.983333333333334,VALID,52.38608,VALID,0.8503919999999999,VALID,Online,Resolved: Operating normally
2026-07-07 01:00:00+00:00,32.016666666666666,VALID,52.008522666666664,VALID,0.849376,VALID,Online,Resolved: Operating normally
2026-07-07 02:00:00+00:00,32.06666666666667,VALID,51.91413333333333,VALID,0.849122,VALID,Online,Resolved: Operating normally
2026-07-07 03:00:00+00:00,31.983333333333334,VALID,52.99961066666666,VALID,0.851916,VALID,Online,Resolved: Operating normally
2026-07-07 04:00:00+00:00,31.84166666666667,VALID,55.784096000000005,VALID,0.8587739999999999,VALID,Online,Resolved: Operating normally
2026-07-07 05:00:00+00:00,31.691666666666666,VALID,56.067264,VALID,0.859536,VALID,Online,Resolved: Operating normally
2026-07-07 06:00:00+00:00,31.541666666666668,VALID,57.601090666666664,VALID,0.863092,VALID,Online,Resolved: Operating normally
2026-07-07 07:00:00+00:00,31.391666666666666,VALID,61.541845333333335,VALID,0.8724900000000001,VALID,Online,Resolved: Operating normally
2026-07-07 08:00:00+00:00,31.258333333333336,VALID,63.05207466666667,VALID,0.8757920000000001,VALID,Online,Resolved: Operating normally
2026-07-07 09:00:00+00:00,31.058333333333334,VALID,64.987056,VALID,0.8803640000000001,VALID,Online,Resolved: Operating normally
2026-07-07 10:00:00+00:00,30.941666666666666,VALID,70.55602666666667,VALID,0.892556,VALID,Online,Resolved: Operating normally
2026-07-07 11:00:00+00:00,30.825,VALID,81.552384,VALID,0.9159240000000001,VALID,Online,Resolved: Operating normally
2026-07-07 12:00:00+00:00,30.8,VALID,94.31854133333333,VALID,0.9413239999999999,VALID,Online,Resolved: Operating normally
2026-07-07 13:00:00+00:00,30.683333333333334,VALID,102.6484,VALID,0.9568180000000001,VALID,Online,Resolved: Operating normally
2026-07-07 14:00:00+00:00,30.55,VALID,106.49476533333335,VALID,0.964184,VALID,Online,Resolved: Operating normally
2026-07-07 15:00:00+00:00,30.474999999999998,VALID,109.7276,VALID,0.9700260000000002,VALID,Online,Resolved: Operating normally
2026-07-07 16:00:00+00:00,30.375,VALID,115.01340266666666,VALID,0.97917,VALID,Online,Resolved: Operating normally
2026-07-07 17:00:00+00:00,30.291666666666668,VALID,121.125112,VALID,0.9898380000000001,VALID,Online,Resolved: Operating normally
2026-07-07 18:00:00+00:00,30.21666666666667,VALID,127.92114400000001,VALID,1.001268,VALID,Online,Resolved: Operating normally
2026-07-07 19:00:00+00:00,30.191666666666666,VALID,133.49011466666667,VALID,1.0104119999999999,VALID,Online,Resolved: Operating normally
2026-07-07 20:00:00+00:00,30.100000000000005,VALID,137.36007733333335,VALID,1.0167620000000002,VALID,Online,Resolved: Operating normally
2026-07-07 21:00:00+00:00,30.166666666666668,VALID,140.00297866666668,VALID,1.020826,VALID,Online,Resolved: Operating normally
2026-07-07 22:00:00+00:00,30.125,VALID,141.017664,VALID,1.022604,VALID,Online,Resolved: Operating normally
2026-07-07 23:00:00+00:00,30.11666666666667,VALID,141.159248,VALID,1.022858,VALID,Online,Resolved: Operating normally
2026-07-08 00:00:00+00:00,30.166666666666668,VALID,139.8142,VALID,1.020572,VALID,Online,Resolved: Operating normally
2026-07-08 01:00:00+00:00,30.100000000000005,VALID,136.60496266666667,VALID,1.015492,VALID,Online,Resolved: Operating normally
2026-07-08 02:00:00+00:00,30.100000000000005,VALID,132.35744266666666,VALID,1.008634,VALID,Online,Resolved: Operating normally
2026-07-08 03:00:00+00:00,30.025000000000002,VALID,127.637976,VALID,1.00076,VALID,Online,Resolved: Operating normally
2026-07-08 04:00:00+00:00,29.941666666666666,VALID,122.47016,VALID,0.992124,VALID,Online,Resolved: Operating normally
2026-07-08 05:00:00+00:00,29.84166666666667,VALID,117.93947200000001,VALID,0.9842500000000002,VALID,Online,Resolved: Operating normally
2026-07-08 06:00:00+00:00,29.675,VALID,113.24360266666667,VALID,0.9761220000000002,VALID,Online,Resolved: Operating normally
2026-07-08 07:00:00+00:00,29.566666666666666,VALID,109.444432,VALID,0.9695180000000002,VALID,Online,Resolved: Operating normally
2026-07-08 08:00:00+00:00,29.400000000000002,VALID,105.975624,VALID,0.963168,VALID,Online,Resolved: Operating normally
2026-07-08 09:00:00+00:00,29.233333333333334,VALID,102.6484,VALID,0.9568180000000001,VALID,Online,Resolved: Operating normally
2026-07-08 10:00:00+00:00,29.075000000000003,VALID,99.10880000000002,VALID,0.950468,VALID,Online,Resolved: Operating normally
2026-07-08 11:00:00+00:00,28.90833333333333,VALID,95.97035466666667,VALID,0.944372,VALID,Online,Resolved: Operating normally
2026-07-08 12:00:00+00:00,28.775000000000002,VALID,93.72860800000001,VALID,0.940308,VALID,Online,Resolved: Operating normally
2026-07-08 13:00:00+00:00,28.61666666666667,VALID,92.05319733333333,VALID,0.9370060000000001,VALID,Online,Resolved: Operating normally
2026-07-08 14:00:00+00:00,28.516666666666666,VALID,90.189008,VALID,0.9334500000000001,VALID,Online,Resolved: Operating normally
2026-07-08 15:00:00+00:00,28.525000000000002,VALID,89.17432266666667,VALID,0.931418,VALID,Online,Resolved: Operating normally
2026-07-08 16:00:00+00:00,28.683333333333334,VALID,87.640496,VALID,0.92837,VALID,Online,Resolved: Operating normally
2026-07-08 17:00:00+00:00,28.8,VALID,86.05947466666667,VALID,0.9253220000000001,VALID,Online,Resolved: Operating normally
2026-07-08 18:00:00+00:00,29.191666666666666,VALID,85.233568,VALID,0.923544,VALID,Online,Resolved: Operating normally
2026-07-08 19:00:00+00:00,29.016666666666666,VALID,85.11558133333334,VALID,0.92329,VALID,Online,Resolved: Operating normally
2026-07-08 20:00:00+00:00,29.09166666666667,VALID,83.817728,VALID,0.9204960000000001,VALID,Online,Resolved: Operating normally
2026-07-08 21:00:00+00:00,29.400000000000002,VALID,83.817728,VALID,0.9204960000000001,VALID,Online,Resolved: Operating normally
2026-07-08 22:00:00+00:00,29.84166666666667,VALID,83.67614400000001,VALID,0.920242,VALID,Online,Resolved: Operating normally
2026-07-08 23:00:00+00:00,29.733333333333334,VALID,83.67614400000001,VALID,0.920242,VALID,Online,Resolved: Operating normally
2026-07-09 00:00:00+00:00,29.71666666666667,VALID,83.817728,VALID,0.9204960000000001,VALID,Online,Resolved: Operating normally
2026-07-09 01:00:00+00:00,29.625,VALID,83.817728,VALID,0.9204960000000001,VALID,Online,Resolved: Operating normally
2026-07-09 02:00:00+00:00,29.5,VALID,83.67614400000001,VALID,0.920242,VALID,Online,Resolved: Operating normally
2026-07-09 03:00:00+00:00,29.400000000000002,VALID,83.817728,VALID,0.9204960000000001,VALID,Online,Resolved: Operating normally
2026-07-09 04:00:00+00:00,29.25,VALID,83.817728,VALID,0.9204960000000001,VALID,Online,Resolved: Operating normally
2026-07-09 05:00:00+00:00,29.075000000000003,VALID,82.401888,VALID,0.9179559999999999,VALID,Online,Resolved: Operating normally
2026-07-09 06:00:00+00:00,28.924999999999997,VALID,82.11872,VALID,0.9174479999999999,VALID,Online,Resolved: Operating normally
2026-07-09 07:00:00+00:00,28.775000000000002,VALID,82.11872,VALID,0.9174479999999999,VALID,Online,Resolved: Operating normally
2026-07-09 08:00:00+00:00,28.641666666666666,VALID,82.11872,VALID,0.9174479999999999,VALID,Online,Resolved: Operating normally
2026-07-09 09:00:00+00:00,28.525000000000002,VALID,82.260304,VALID,0.9177019999999999,VALID,Online,Resolved: Operating normally
2026-07-09 10:00:00+00:00,28.424999999999997,VALID,83.53456,VALID,0.919988,VALID,Online,Resolved: Operating normally
2026-07-09 11:00:00+00:00,28.316666666666666,VALID,83.817728,VALID,0.9204960000000001,VALID,Online,Resolved: Operating normally
2026-07-09 12:00:00+00:00,28.208333333333332,VALID,84.525648,VALID,0.9220200000000002,VALID,Online,Resolved: Operating normally
2026-07-09 13:00:00+00:00,28.125,VALID,85.70551466666666,VALID,0.92456,VALID,Online,Resolved: Operating normally
2026-07-09 14:00:00+00:00,28.016666666666666,VALID,87.21574399999999,VALID,0.9276080000000001,VALID,Online,Resolved: Operating normally
2026-07-09 15:00:00+00:00,27.974999999999998,VALID,89.056336,VALID,0.931164,VALID,Online,Resolved: Operating normally
2026-07-09 16:00:00+00:00,27.958333333333332,VALID,91.15649866666666,VALID,0.9352280000000001,VALID,Online,Resolved: Operating normally
2026-07-09 17:00:00+00:00,28.558333333333334,VALID,93.587024,VALID,0.9400540000000001,VALID,Online,Resolved: Operating normally
2026-07-09 18:00:00+00:00,28.400000000000002,VALID,95.427616,VALID,0.9433560000000001,VALID,Online,Resolved: Operating normally
2026-07-09 19:00:00+00:00,28.491666666666664,VALID,97.976128,VALID,0.9481820000000001,VALID,Online,Resolved: Operating normally
2026-07-09 20:00:00+00:00,28.558333333333334,VALID,105.409288,VALID,0.961898,VALID,Online,Resolved: Operating normally
2026-07-09 21:00:00+00:00,28.474999999999998,VALID,137.21849333333333,VALID,1.016,VALID,Online,Resolved: Operating normally
2026-07-09 22:00:00+00:00,28.525000000000002,VALID,158.88084533333333,VALID,1.0502900000000002,VALID,Online,Resolved: Operating normally
2026-07-09 23:00:00+00:00,28.53333333333333,VALID,151.94322933333333,VALID,1.039622,VALID,Online,Resolved: Operating normally
2026-07-10 00:00:00+00:00,28.575000000000003,VALID,141.017664,VALID,1.022604,VALID,Online,Resolved: Operating normally
2026-07-10 01:00:00+00:00,28.03333333333333,VALID,136.36898933333336,VALID,1.015238,VALID,Online,Resolved: Operating normally
2026-07-10 02:00:00+00:00,27.675,VALID,136.86453333333336,VALID,1.016,VALID,Online,Resolved: Operating normally
2026-07-10 03:00:00+00:00,27.7,VALID,139.83779733333333,VALID,1.020572,VALID,Online,Resolved: Operating normally
2026-07-10 04:00:00+00:00,27.633333333333336,VALID,141.30083199999999,VALID,1.023112,VALID,Online,Resolved: Operating normally
2026-07-10 05:00:00+00:00,27.525000000000002,VALID,144.840432,VALID,1.0287,VALID,Online,Resolved: Operating normally
2026-07-10 06:00:00+00:00,27.233333333333334,VALID,153.59504266666667,VALID,1.042162,VALID,Online,Resolved: Operating normally
2026-07-10 07:00:00+00:00,27.058333333333334,VALID,167.02192533333331,VALID,1.062482,VALID,Online,Resolved: Operating normally
2026-07-10 08:00:00+00:00,26.891666666666666,VALID,183.18609866666668,VALID,1.085596,VALID,Online,Resolved: Operating normally
2026-07-10 09:00:00+00:00,26.933333333333334,VALID,199.421064,VALID,1.1079480000000002,VALID,Online,Resolved: Operating normally
2026-07-10 10:00:00+00:00,26.891666666666666,VALID,213.3198933333333,VALID,1.126236,VALID,Online,Resolved: Operating normally
2026-07-10 11:00:00+00:00,26.833333333333332,VALID,225.11856,VALID,1.1414760000000002,VALID,Online,Resolved: Operating normally
2026-07-10 12:00:00+00:00,26.808333333333334,VALID,235.241816,VALID,1.1541759999999999,VALID,Online,Resolved: Operating normally
2026-07-10 13:00:00+00:00,26.88333333333333,VALID,243.71325866666666,VALID,1.16459,VALID,Online,Resolved: Operating normally
2026-07-10 14:00:00+00:00,27.141666666666666,VALID,248.99906133333332,VALID,1.171194,VALID,Online,Resolved: Operating normally
2026-07-10 15:00:00+00:00,27.458333333333332,VALID,251.09922399999996,VALID,1.173734,VALID,Online,Resolved: Operating normally
2026-07-10 16:00:00+00:00,27.708333333333332,VALID,251.948728,VALID,1.1747500000000002,VALID,Online,Resolved: Operating normally
2026-07-10 17:00:00+00:00,27.916666666666668,VALID,249.61259199999998,VALID,1.171956,VALID,Online,Resolved: Operating normally
2026-07-10 18:00:00+00:00,28.008333333333336,VALID,247.01688533333333,VALID,1.1686539999999999,VALID,Online,Resolved: Operating normally
2026-07-10 19:00:00+00:00,28.09166666666667,VALID,243.099728,VALID,1.163828,VALID,Online,Resolved: Operating normally
2026-07-10 20:00:00+00:00,28.008333333333336,VALID,238.073496,VALID,1.157732,VALID,Online,Resolved: Operating normally
2026-07-10 21:00:00+00:00,28.0,VALID,232.78769333333332,VALID,1.1511280000000002,VALID,Online,Resolved: Operating normally
2026-07-10 22:00:00+00:00,28.0,VALID,226.93555466666666,VALID,1.143762,VALID,Online,Resolved: Operating normally
2026-07-10 23:00:00+00:00,27.90833333333333,VALID,220.51708,VALID,1.1356340000000003,VALID,Online,Resolved: Operating normally
2026-07-11 00:00:00+00:00,27.816666666666666,VALID,214.641344,VALID,1.128014,VALID,Online,Resolved: Operating normally
2026-07-11 01:00:00+00:00,27.775000000000002,VALID,209.6387093333333,VALID,1.12141,VALID,Online,Resolved: Operating normally
2026-07-11 02:00:00+00:00,27.691666666666666,VALID,204.42369866666664,VALID,1.114552,VALID,Online,Resolved: Operating normally
2026-07-11 03:00:00+00:00,27.59166666666667,VALID,199.916608,VALID,1.10871,VALID,Online,Resolved: Operating normally
2026-07-11 04:00:00+00:00,27.516666666666666,VALID,195.19714133333332,VALID,1.10236,VALID,Online,Resolved: Operating normally
2026-07-11 05:00:00+00:00,27.38333333333333,VALID,191.86991733333332,VALID,1.097534,VALID,Online,Resolved: Operating normally
2026-07-11 06:00:00+00:00,27.275000000000002,VALID,192.9082,VALID,1.099058,VALID,Online,Resolved: Operating normally
2026-07-11 07:00:00+00:00,27.21666666666667,VALID,197.651264,VALID,1.1056620000000001,VALID,Online,Resolved: Operating normally
2026-07-11 08:00:00+00:00,27.2,VALID,195.57469866666668,VALID,1.1028680000000002,VALID,Online,Resolved: Operating normally
2026-07-11 09:00:00+00:00,27.175,VALID,189.81694933333333,VALID,1.09474,VALID,Online,Resolved: Operating normally
2026-07-11 10:00:00+00:00,27.133333333333336,VALID,183.280488,VALID,1.08585,VALID,Online,Resolved: Operating normally
2026-07-11 11:00:00+00:00,27.100000000000005,VALID,179.15095466666665,VALID,1.080008,VALID,Online,Resolved: Operating normally
2026-07-11 12:00:00+00:00,27.058333333333334,VALID,175.65854933333333,VALID,1.074928,VALID,Online,Resolved: Operating normally
2026-07-11 13:00:00+00:00,27.075000000000003,VALID,172.49650666666665,VALID,1.070356,VALID,Online,Resolved: Operating normally
2026-07-11 14:00:00+00:00,27.2,VALID,169.92439733333333,VALID,1.0668,VALID,Online,Resolved: Operating normally
2026-07-11 15:00:00+00:00,27.34166666666667,VALID,166.97473066666666,VALID,1.062482,VALID,Online,Resolved: Operating normally
2026-07-11 16:00:00+00:00,27.675,VALID,165.32291733333332,VALID,1.0601960000000001,VALID,Online,Resolved: Operating normally
2026-07-11 17:00:00+00:00,28.075,VALID,163.17556,VALID,1.056894,VALID,Online,Resolved: Operating normally
2026-07-11 18:00:00+00:00,28.416666666666668,VALID,161.02820266666666,VALID,1.053592,VALID,Online,Resolved: Operating normally
2026-07-11 19:00:00+00:00,28.658333333333335,VALID,159.37638933333332,VALID,1.051052,VALID,Online,Resolved: Operating normally
2026-07-11 20:00:00+00:00,28.983333333333334,VALID,157.55939466666666,VALID,1.0482580000000001,VALID,Online,Resolved: Operating normally
2026-07-11 21:00:00+00:00,29.075000000000003,VALID,155.7424,VALID,1.0454640000000002,VALID,Online,Resolved: Operating normally
2026-07-11 22:00:00+00:00,29.0,VALID,153.59504266666667,VALID,1.042162,VALID,Online,Resolved: Operating normally
2026-07-11 23:00:00+00:00,28.899999999999995,VALID,151.11732266666664,VALID,1.038352,VALID,Online,Resolved: Operating normally
2026-07-12 00:00:00+00:00,28.825,VALID,149.13514666666666,VALID,1.0353040000000002,VALID,Online,Resolved: Operating normally
2026-07-12 01:00:00+00:00,28.691666666666666,VALID,146.327064,VALID,1.0309860000000002,VALID,Online,Resolved: Operating normally
2026-07-12 02:00:00+00:00,28.541666666666668,VALID,143.68416266666665,VALID,1.0269220000000001,VALID,Online,Resolved: Operating normally
2026-07-12 03:00:00+00:00,28.366666666666664,VALID,141.58399999999997,VALID,1.02362,VALID,Online,Resolved: Operating normally
2026-07-12 04:00:00+00:00,28.233333333333334,VALID,140.00297866666668,VALID,1.020826,VALID,Online,Resolved: Operating normally
2026-07-12 05:00:00+00:00,28.075000000000003,VALID,138.185984,VALID,1.018032,VALID,Online,Resolved: Operating normally
2026-07-12 06:00:00+00:00,27.95,VALID,136.203808,VALID,1.014984,VALID,Online,Resolved: Operating normally
2026-07-12 07:00:00+00:00,27.8,VALID,134.64638399999998,VALID,1.01219,VALID,Online,Resolved: Operating normally
2026-07-12 08:00:00+00:00,27.65833333333333,VALID,134.5048,VALID,1.011936,VALID,Online,Resolved: Operating normally
2026-07-12 09:00:00+00:00,27.525000000000002,VALID,135.21272,VALID,1.013206,VALID,Online,Resolved: Operating normally
2026-07-12 10:00:00+00:00,27.474999999999998,VALID,136.203808,VALID,1.014984,VALID,Online,Resolved: Operating normally
2026-07-12 11:00:00+00:00,27.541666666666668,VALID,138.84670933333334,VALID,1.019048,VALID,Online,Resolved: Operating normally
2026-07-12 12:00:00+00:00,27.675,VALID,141.63119466666666,VALID,1.02362,VALID,Online,Resolved: Operating normally
2026-07-12 13:00:00+00:00,27.858333333333334,VALID,146.16188266666668,VALID,1.0307320000000002,VALID,Online,Resolved: Operating normally
2026-07-12 14:00:00+00:00,27.983333333333334,VALID,150.45659733333332,VALID,1.037336,VALID,Online,Resolved: Operating normally
2026-07-12 15:00:00+00:00,28.241666666666664,VALID,151.77804799999998,VALID,1.039368,VALID,Online,Resolved: Operating normally
2026-07-12 16:00:00+00:00,28.399999999999995,VALID,151.4476853333333,VALID,1.0388600000000001,VALID,Online,Resolved: Operating normally
2026-07-12 17:00:00+00:00,28.641666666666666,VALID,149.795872,VALID,1.0363200000000001,VALID,Online,Resolved: Operating normally
2026-07-12 18:00:00+00:00,28.808333333333334,VALID,148.96996533333333,VALID,1.0350500000000002,VALID,Online,Resolved: Operating normally
2026-07-12 19:00:00+00:00,28.974999999999998,VALID,147.64851466666667,VALID,1.0330180000000002,VALID,Online,Resolved: Operating normally
2026-07-12 20:00:00+00:00,28.974999999999998,VALID,147.813696,VALID,1.0332720000000002,VALID,Online,Resolved: Operating normally
2026-07-12 21:00:00+00:00,29.0,VALID,146.822608,VALID,1.031748,VALID,Online,Resolved: Operating normally
2026-07-12 22:00:00+00:00,29.0,VALID,146.16188266666668,VALID,1.0307320000000002,VALID,Online,Resolved: Operating normally
2026-07-12 23:00:00+00:00,28.891666666666666,VALID,145.83152,VALID,1.030224,VALID,Online,Resolved: Operating normally
2026-07-13 00:00:00+00:00,28.65833333333333,VALID,145.83152,VALID,1.030224,VALID,Online,Resolved: Operating normally
2026-07-13 01:00:00+00:00,28.491666666666664,VALID,145.83152,VALID,1.030224,VALID,Online,Resolved: Operating normally
2026-07-13 02:00:00+00:00,28.325,VALID,145.83152,VALID,1.030224,VALID,Online,Resolved: Operating normally
2026-07-13 03:00:00+00:00,28.166666666666668,VALID,145.83152,VALID,1.030224,VALID,Online,Resolved: Operating normally
2026-07-13 04:00:00+00:00,28.0,VALID,146.327064,VALID,1.0309860000000002,VALID,Online,Resolved: Operating normally
2026-07-13 05:00:00+00:00,27.833333333333332,VALID,147.813696,VALID,1.0332720000000002,VALID,Online,Resolved: Operating normally
2026-07-13 06:00:00+00:00,27.641666666666666,VALID,147.813696,VALID,1.0332720000000002,VALID,Online,Resolved: Operating normally
2026-07-13 07:00:00+00:00,27.458333333333332,VALID,147.318152,VALID,1.03251,VALID,Online,Resolved: Operating normally
2026-07-13 08:00:00+00:00,27.291666666666668,VALID,145.83152,VALID,1.030224,VALID,Online,Resolved: Operating normally
2026-07-13 09:00:00+00:00,27.141666666666666,VALID,145.83152,VALID,1.030224,VALID,Online,Resolved: Operating normally
2026-07-13 10:00:00+00:00,27.075000000000003,VALID,143.849344,VALID,1.027176,VALID,Online,Resolved: Operating normally
2026-07-13 11:00:00+00:00,27.008333333333336,VALID,142.5278933333333,VALID,1.025144,VALID,Online,Resolved: Operating normally
2026-07-13 12:00:00+00:00,27.016666666666666,VALID,140.87608,VALID,1.02235,VALID,Online,Resolved: Operating normally
2026-07-13 13:00:00+00:00,27.21666666666667,VALID,139.672616,VALID,1.020318,VALID,Online,Resolved: Operating normally
2026-07-13 14:00:00+00:00,27.441666666666666,VALID,138.02080266666667,VALID,1.017778,VALID,Online,Resolved: Operating normally
2026-07-13 15:00:00+00:00,27.825,VALID,136.06222400000001,VALID,1.0147300000000001,VALID,Online,Resolved: Operating normally
2026-07-13 16:00:00+00:00,28.175,VALID,135.21272,VALID,1.013206,VALID,Online,Resolved: Operating normally
2026-07-13 17:00:00+00:00,28.525000000000002,VALID,133.34853066666668,VALID,1.010158,VALID,Online,Resolved: Operating normally
2026-07-13 18:00:00+00:00,28.675,VALID,131.86189866666666,VALID,1.007872,VALID,Online,Resolved: Operating normally
2026-07-13 19:00:00+00:00,28.858333333333334,VALID,130.11569599999999,VALID,1.0050780000000001,VALID,Online,Resolved: Operating normally
2026-07-13 20:00:00+00:00,29.083333333333332,VALID,128.84144,VALID,1.0027920000000001,VALID,Online,Resolved: Operating normally
2026-07-13 21:00:00+00:00,29.2,VALID,127.850352,VALID,1.001014,VALID,Online,Resolved: Operating normally
2026-07-13 22:00:00+00:00,29.2,VALID,125.443424,VALID,0.99695,VALID,Online,Resolved: Operating normally
2026-07-13 23:00:00+00:00,29.11666666666667,VALID,126.97725066666668,VALID,0.9994899999999999,VALID,Online,Resolved: Operating normally
2026-07-14 00:00:00+00:00,29.008333333333336,VALID,125.82098133333334,VALID,0.9977119999999999,VALID,Online,Resolved: Operating normally
2026-07-14 01:00:00+00:00,28.891666666666666,VALID,125.160256,VALID,0.996696,VALID,Online,Resolved: Operating normally
2026-07-14 02:00:00+00:00,28.75,VALID,125.018672,VALID,0.996442,VALID,Online,Resolved: Operating normally
2026-07-14 03:00:00+00:00,28.541666666666668,VALID,123.815208,VALID,0.9944099999999999,VALID,Online,Resolved: Operating normally
2026-07-14 04:00:00+00:00,28.291666666666668,VALID,119.921648,VALID,0.9878060000000001,VALID,Online,Resolved: Operating normally
2026-07-14 05:00:00+00:00,28.09166666666667,VALID,118.64739200000001,VALID,0.9855200000000001,VALID,Online,Resolved: Operating normally
2026-07-14 06:00:00+00:00,27.900000000000002,VALID,118.081056,VALID,0.9845039999999999,VALID,Online,Resolved: Operating normally
2026-07-14 07:00:00+00:00,27.675,VALID,118.505808,VALID,0.9852660000000001,VALID,Online,Resolved: Operating normally
2026-07-14 08:00:00+00:00,27.566666666666666,VALID,121.33748800000001,VALID,0.9903460000000001,VALID,Online,Resolved: Operating normally
2026-07-14 09:00:00+00:00,27.458333333333332,VALID,121.47907200000002,VALID,0.9906,VALID,Online,Resolved: Operating normally
2026-07-14 10:00:00+00:00,27.308333333333334,VALID,121.47907200000002,VALID,0.9906,VALID,Online,Resolved: Operating normally
2026-07-14 11:00:00+00:00,27.233333333333334,VALID,121.33748800000001,VALID,0.9903460000000001,VALID,Online,Resolved: Operating normally
2026-07-14 12:00:00+00:00,27.266666666666666,VALID,120.06323199999999,VALID,0.98806,VALID,Online,Resolved: Operating normally
2026-07-14 13:00:00+00:00,27.71666666666667,VALID,119.35531199999998,VALID,0.9867900000000001,VALID,Online,Resolved: Operating normally
2026-07-14 14:00:00+00:00,28.28333333333333,VALID,119.63848,VALID,0.9872980000000001,VALID,Online,Resolved: Operating normally
2026-07-14 15:00:00+00:00,28.78333333333333,VALID,118.081056,VALID,0.9845039999999999,VALID,Online,Resolved: Operating normally
2026-07-14 16:00:00+00:00,29.008333333333336,VALID,118.081056,VALID,0.9845039999999999,VALID,Online,Resolved: Operating normally
2026-07-14 17:00:00+00:00,29.400000000000002,VALID,117.373136,VALID,0.983234,VALID,Online,Resolved: Operating normally
2026-07-14 18:00:00+00:00,29.458333333333332,VALID,116.8068,VALID,0.982218,VALID,Online,Resolved: Operating normally
2026-07-14 19:00:00+00:00,29.65833333333333,VALID,116.382048,VALID,0.9814560000000001,VALID,Online,Resolved: Operating normally
2026-07-14 20:00:00+00:00,29.916666666666668,VALID,116.09888000000001,VALID,0.9809480000000002,VALID,Online,Resolved: Operating normally
2026-07-14 21:00:00+00:00,29.96666666666667,VALID,115.249376,VALID,0.9794240000000002,VALID,Online,Resolved: Operating normally
2026-07-14 22:00:00+00:00,30.008333333333336,VALID,114.35267733333335,VALID,0.9779,VALID,Online,Resolved: Operating normally
2026-07-14 23:00:00+00:00,30.016666666666666,VALID,112.70086399999998,VALID,0.9753600000000001,VALID,Online,Resolved: Operating normally
2026-07-15 00:00:00+00:00,29.95,VALID,112.70086399999998,VALID,0.9753600000000001,VALID,Online,Resolved: Operating normally
2026-07-15 01:00:00+00:00,29.78333333333333,VALID,112.70086399999998,VALID,0.9753600000000001,VALID,Online,Resolved: Operating normally
2026-07-15 02:00:00+00:00,29.641666666666666,VALID,112.41769599999999,VALID,0.9748520000000002,VALID,Online,Resolved: Operating normally
2026-07-15 03:00:00+00:00,29.53333333333333,VALID,110.718688,VALID,0.9718040000000001,VALID,Online,Resolved: Operating normally
2026-07-15 04:00:00+00:00,29.40833333333333,VALID,109.161264,VALID,0.96901,VALID,Online,Resolved: Operating normally
2026-07-15 05:00:00+00:00,29.224999999999998,VALID,107.60384,VALID,0.9662160000000001,VALID,Online,Resolved: Operating normally
2026-07-15 06:00:00+00:00,29.041666666666668,VALID,106.75433600000001,VALID,0.964692,VALID,Online,Resolved: Operating normally
2026-07-15 07:00:00+00:00,28.858333333333334,VALID,105.904832,VALID,0.9631680000000001,VALID,Online,Resolved: Operating normally
2026-07-15 08:00:00+00:00,28.724999999999998,VALID,105.07892533333332,VALID,0.9613900000000001,VALID,Online,Resolved: Operating normally
2026-07-15 09:00:00+00:00,28.525000000000002,VALID,104.488992,VALID,0.96012,VALID,Online,Resolved: Operating normally
2026-07-15 10:00:00+00:00,28.375,VALID,104.60697866666665,VALID,0.960374,VALID,Online,Resolved: Operating normally
2026-07-15 11:00:00+00:00,28.224999999999998,VALID,104.34740799999999,VALID,0.959866,VALID,Online,Resolved: Operating normally
2026-07-15 12:00:00+00:00,28.133333333333336,VALID,103.922656,VALID,0.959104,VALID,Online,Resolved: Operating normally
2026-07-15 13:00:00+00:00,28.566666666666666,VALID,103.922656,VALID,0.959104,VALID,Online,Resolved: Operating normally
2026-07-15 14:00:00+00:00,29.03333333333333,VALID,102.93156800000001,VALID,0.957326,VALID,Online,Resolved: Operating normally
2026-07-15 15:00:00+00:00,29.525000000000002,VALID,102.6484,VALID,0.9568180000000001,VALID,Online,Resolved: Operating normally
2026-07-15 16:00:00+00:00,29.991666666666664,VALID,102.22364800000001,VALID,0.9560559999999999,VALID,Online,Resolved: Operating normally
2026-07-15 17:00:00+00:00,30.400000000000002,VALID,101.94048,VALID,0.955548,VALID,Online,Resolved: Operating normally
2026-07-15 18:00:00+00:00,30.366666666666664,VALID,102.082064,VALID,0.9558019999999999,VALID,Online,Resolved: Operating normally
2026-07-15 19:00:00+00:00,30.566666666666666,VALID,102.082064,VALID,0.9558019999999999,VALID,Online,Resolved: Operating normally
2026-07-15 20:00:00+00:00,30.633333333333336,VALID,102.93156800000001,VALID,0.957326,VALID,Online,Resolved: Operating normally
2026-07-15 21:00:00+00:00,30.808333333333334,VALID,103.781072,VALID,0.95885,VALID,Online,Resolved: Operating normally
2026-07-15 22:00:00+00:00,30.741666666666664,VALID,104.06424,VALID,0.9593579999999999,VALID,Online,Resolved: Operating normally
2026-07-15 23:00:00+00:00,30.733333333333334,VALID,104.488992,VALID,0.96012,VALID,Online,Resolved: Operating normally
2026-07-16 00:00:00+00:00,30.866666666666664,VALID,104.72496533333333,VALID,0.9606279999999999,VALID,Online,Resolved: Operating normally
2026-07-16 01:00:00+00:00,30.733333333333334,VALID,106.04641600000001,VALID,0.9634220000000001,VALID,Online,Resolved: Operating normally
2026-07-16 02:00:00+00:00,30.633333333333336,VALID,107.60384,VALID,0.9662160000000001,VALID,Online,Resolved: Operating normally
2026-07-16 03:00:00+00:00,30.516666666666666,VALID,107.46225600000001,VALID,0.9659620000000001,VALID,Online,Resolved: Operating normally
2026-07-16 04:00:00+00:00,30.40833333333333,VALID,105.904832,VALID,0.9631680000000001,VALID,Online,Resolved: Operating normally
2026-07-16 05:00:00+00:00,30.316666666666666,VALID,105.55087199999998,VALID,0.9624060000000001,VALID,Online,Resolved: Operating normally
2026-07-16 06:00:00+00:00,30.2,VALID,104.488992,VALID,0.96012,VALID,Online,Resolved: Operating normally
2026-07-16 07:00:00+00:00,30.108333333333334,VALID,104.488992,VALID,0.96012,VALID,Online,Resolved: Operating normally
2026-07-16 08:00:00+00:00,30.008333333333336,VALID,104.72496533333333,VALID,0.9606279999999999,VALID,Online,Resolved: Operating normally
2026-07-16 09:00:00+00:00,29.875,VALID,104.488992,VALID,0.96012,VALID,Online,Resolved: Operating normally
2026-07-16 10:00:00+00:00,29.733333333333334,VALID,104.488992,VALID,0.96012,VALID,Online,Resolved: Operating normally
2026-07-16 11:00:00+00:00,29.608333333333334,VALID,104.488992,VALID,0.96012,VALID,Online,Resolved: Operating normally
2026-07-16 12:00:00+00:00,29.5,VALID,104.488992,VALID,0.96012,VALID,Online,Resolved: Operating normally
2026-07-16 13:00:00+00:00,29.708333333333332,VALID,104.488992,VALID,0.96012,VALID,Online,Resolved: Operating normally
2026-07-16 14:00:00+00:00,30.150000000000002,VALID,104.488992,VALID,0.96012,VALID,Online,Resolved: Operating normally
2026-07-16 15:00:00+00:00,30.675,VALID,103.63948799999999,VALID,0.958596,VALID,Online,Resolved: Operating normally
2026-07-16 16:00:00+00:00,31.0,VALID,102.789984,VALID,0.957072,VALID,Online,Resolved: Operating normally
2026-07-16 17:00:00+00:00,31.483333333333334,VALID,102.22364800000001,VALID,0.9560559999999999,VALID,Online,Resolved: Operating normally
2026-07-16 18:00:00+00:00,31.78333333333333,VALID,101.657312,VALID,0.95504,VALID,Online,Resolved: Operating normally
2026-07-16 19:00:00+00:00,32.36666666666667,VALID,100.949392,VALID,0.95377,VALID,Online,Resolved: Operating normally
2026-07-16 20:00:00+00:00,32.25,VALID,100.52463999999999,VALID,0.953008,VALID,Online,Resolved: Operating normally
2026-07-16 21:00:00+00:00,32.15,VALID,99.250384,VALID,0.950722,VALID,Online,Resolved: Operating normally
2026-07-16 22:00:00+00:00,32.025,VALID,98.40088000000002,VALID,0.949198,VALID,Online,Resolved: Operating normally
2026-07-16 23:00:00+00:00,31.866666666666664,VALID,97.339,VALID,0.9471660000000001,VALID,Online,Resolved: Operating normally
2026-07-17 00:00:00+00:00,31.866666666666664,VALID,96.86705333333333,VALID,0.9461499999999999,VALID,Online,Resolved: Operating normally
2026-07-17 01:00:00+00:00,31.791666666666668,VALID,97.57497333333333,VALID,0.947674,VALID,Online,Resolved: Operating normally
2026-07-17 02:00:00+00:00,31.683333333333334,VALID,97.69296000000001,VALID,0.947928,VALID,Online,Resolved: Operating normally
2026-07-17 03:00:00+00:00,31.558333333333334,VALID,96.51309333333332,VALID,0.945388,VALID,Online,Resolved: Operating normally
2026-07-17 04:00:00+00:00,31.45,VALID,95.002864,VALID,0.942594,VALID,Online,Resolved: Operating normally
2026-07-17 05:00:00+00:00,31.349999999999998,VALID,92.90270133333333,VALID,0.9387840000000001,VALID,Online,Resolved: Operating normally
2026-07-17 06:00:00+00:00,31.2,VALID,91.817224,VALID,0.9364979999999999,VALID,Online,Resolved: Operating normally
2026-07-17 07:00:00+00:00,31.075000000000003,VALID,91.03851200000001,VALID,0.934974,VALID,Online,Resolved: Operating normally
2026-07-17 08:00:00+00:00,30.916666666666668,VALID,89.764256,VALID,0.9326880000000001,VALID,Online,Resolved: Operating normally
2026-07-17 09:00:00+00:00,30.78333333333333,VALID,89.764256,VALID,0.9326880000000001,VALID,Online,Resolved: Operating normally
2026-07-17 10:00:00+00:00,30.608333333333334,VALID,89.764256,VALID,0.9326880000000001,VALID,Online,Resolved: Operating normally
2026-07-17 11:00:00+00:00,30.433333333333334,VALID,89.764256,VALID,0.9326880000000001,VALID,Online,Resolved: Operating normally
2026-07-17 12:00:00+00:00,30.241666666666664,VALID,89.64626933333334,VALID,0.9324340000000001,VALID,Online,Resolved: Operating normally
2026-07-17 13:00:00+00:00,30.133333333333336,VALID,89.410296,VALID,0.9319260000000001,VALID,Online,Resolved: Operating normally
2026-07-17 14:00:00+00:00,30.34166666666667,VALID,88.348416,VALID,0.92964,VALID,Online,Resolved: Operating normally
2026-07-17 15:00:00+00:00,30.941666666666666,VALID,88.348416,VALID,0.92964,VALID,Online,Resolved: Operating normally
2026-07-17 16:00:00+00:00,31.241666666666664,VALID,87.21574399999999,VALID,0.9276080000000001,VALID,Online,Resolved: Operating normally
2026-07-17 17:00:00+00:00,31.325,VALID,86.649408,VALID,0.926592,VALID,Online,Resolved: Operating normally
2026-07-17 18:00:00+00:00,31.433333333333334,VALID,86.649408,VALID,0.926592,VALID,Online,Resolved: Operating normally
2026-07-17 19:00:00+00:00,31.96666666666667,VALID,85.46954133333334,VALID,0.9240520000000001,VALID,Online,Resolved: Operating normally
2026-07-17 20:00:00+00:00,32.233333333333334,VALID,85.233568,VALID,0.923544,VALID,Online,Resolved: Operating normally
2026-07-17 21:00:00+00:00,32.266666666666666,VALID,84.64363466666667,VALID,0.9222740000000001,VALID,Online,Resolved: Operating normally
2026-07-17 22:00:00+00:00,32.041666666666664,VALID,83.817728,VALID,0.9204960000000001,VALID,Online,Resolved: Operating normally
2026-07-17 23:00:00+00:00,31.84166666666667,VALID,83.67614400000001,VALID,0.920242,VALID,Online,Resolved: Operating normally
2026-07-18 00:00:00+00:00,31.96666666666667,VALID,82.260304,VALID,0.9177019999999999,VALID,Online,Resolved: Operating normally
2026-07-18 01:00:00+00:00,31.891666666666666,VALID,82.00073333333333,VALID,0.917194,VALID,Online,Resolved: Operating normally
2026-07-18 02:00:00+00:00,31.78333333333333,VALID,81.05684,VALID,0.915162,VALID,Online,Resolved: Operating normally
2026-07-18 03:00:00+00:00,31.608333333333334,VALID,80.70288,VALID,0.9144000000000001,VALID,Online,Resolved: Operating normally
2026-07-18 04:00:00+00:00,31.458333333333332,VALID,79.28704,VALID,0.9113520000000003,VALID,Online,Resolved: Operating normally
2026-07-18 05:00:00+00:00,31.316666666666666,VALID,79.05106666666667,VALID,0.9108440000000001,VALID,Online,Resolved: Operating normally
2026-07-18 06:00:00+00:00,31.2,VALID,78.22516,VALID,0.909066,VALID,Online,Resolved: Operating normally
2026-07-18 07:00:00+00:00,31.083333333333332,VALID,77.8712,VALID,0.9083039999999999,VALID,Online,Resolved: Operating normally
2026-07-18 08:00:00+00:00,30.983333333333334,VALID,77.8712,VALID,0.9083039999999999,VALID,Online,Resolved: Operating normally
2026-07-18 09:00:00+00:00,30.875,VALID,78.81509333333334,VALID,0.910336,VALID,Online,Resolved: Operating normally
2026-07-18 10:00:00+00:00,30.733333333333334,VALID,79.16905333333334,VALID,0.9110980000000001,VALID,Online,Resolved: Operating normally
2026-07-18 11:00:00+00:00,30.566666666666666,VALID,79.28704,VALID,0.9113520000000003,VALID,Online,Resolved: Operating normally
2026-07-18 12:00:00+00:00,30.416666666666668,VALID,79.28704,VALID,0.9113520000000003,VALID,Online,Resolved: Operating normally
2026-07-18 13:00:00+00:00,30.25,VALID,79.28704,VALID,0.9113520000000003,VALID,Online,Resolved: Operating normally
2026-07-18 14:00:00+00:00,30.183333333333334,VALID,79.28704,VALID,0.9113520000000003,VALID,Online,Resolved: Operating normally
2026-07-18 15:00:00+00:00,30.258333333333336,VALID,79.28704,VALID,0.9113520000000003,VALID,Online,Resolved: Operating normally
2026-07-18 16:00:00+00:00,30.675,VALID,79.28704,VALID,0.9113520000000003,VALID,Online,Resolved: Operating normally
2026-07-18 17:00:00+00:00,30.95,VALID,78.10717333333334,VALID,0.9088120000000001,VALID,Online,Resolved: Operating normally
2026-07-18 18:00:00+00:00,31.383333333333336,VALID,77.16328,VALID,0.90678,VALID,Online,Resolved: Operating normally
2026-07-18 19:00:00+00:00,31.358333333333334,VALID,76.45536,VALID,0.9052560000000001,VALID,Online,Resolved: Operating normally
2026-07-18 20:00:00+00:00,31.666666666666668,VALID,77.51724,VALID,0.907542,VALID,Online,Resolved: Operating normally
2026-07-18 21:00:00+00:00,31.583333333333332,VALID,79.28704,VALID,0.911352,VALID,Online,Resolved: Operating normally
2026-07-18 22:00:00+00:00,31.391666666666666,VALID,79.28704,VALID,0.9113520000000003,VALID,Online,Resolved: Operating normally
2026-07-18 23:00:00+00:00,31.349999999999998,VALID,80.46690666666666,VALID,0.9138920000000001,VALID,Online,Resolved: Operating normally
2026-07-19 00:00:00+00:00,31.3,VALID,80.70288,VALID,0.9144000000000001,VALID,Online,Resolved: Operating normally
2026-07-19 01:00:00+00:00,31.25,VALID,80.46690666666666,VALID,0.9138920000000001,VALID,Online,Resolved: Operating normally
2026-07-19 02:00:00+00:00,31.075000000000003,VALID,78.69710666666667,VALID,0.9100820000000001,VALID,Online,Resolved: Operating normally
2026-07-19 03:00:00+00:00,30.883333333333336,VALID,77.75321333333333,VALID,0.9080499999999999,VALID,Online,Resolved: Operating normally
2026-07-19 04:00:00+00:00,30.791666666666668,VALID,77.75321333333333,VALID,0.9080499999999999,VALID,Online,Resolved: Operating normally
2026-07-19 05:00:00+00:00,30.7,VALID,78.93308,VALID,0.9105900000000001,VALID,Online,Resolved: Operating normally
2026-07-19 06:00:00+00:00,30.675,VALID,79.16905333333334,VALID,0.9110980000000001,VALID,Online,Resolved: Operating normally
2026-07-19 07:00:00+00:00,30.566666666666666,VALID,79.05106666666667,VALID,0.9108440000000001,VALID,Online,Resolved: Operating normally
2026-07-19 08:00:00+00:00,30.416666666666668,VALID,79.40502666666667,VALID,0.9116060000000002,VALID,Online,Resolved: Operating normally
2026-07-19 09:00:00+00:00,30.241666666666664,VALID,81.05684,VALID,0.915162,VALID,Online,Resolved: Operating normally
2026-07-19 10:00:00+00:00,30.099999999999998,VALID,82.56706933333334,VALID,0.9182100000000001,VALID,Online,Resolved: Operating normally
2026-07-19 11:00:00+00:00,30.0,VALID,84.525648,VALID,0.9220200000000002,VALID,Online,Resolved: Operating normally
2026-07-19 12:00:00+00:00,29.916666666666668,VALID,85.70551466666666,VALID,0.92456,VALID,Online,Resolved: Operating normally
2026-07-19 13:00:00+00:00,29.8,VALID,87.47531466666668,VALID,0.928116,VALID,Online,Resolved: Operating normally
2026-07-19 14:00:00+00:00,29.741666666666664,VALID,88.93834933333333,VALID,0.93091,VALID,Online,Resolved: Operating normally
2026-07-19 15:00:00+00:00,29.758333333333336,VALID,90.87333066666667,VALID,0.93472,VALID,Online,Resolved: Operating normally
2026-07-19 16:00:00+00:00,30.058333333333334,VALID,92.54874133333334,VALID,0.938022,VALID,Online,Resolved: Operating normally
2026-07-19 17:00:00+00:00,30.391666666666666,VALID,94.011776,VALID,0.940816,VALID,Online,Resolved: Operating normally
2026-07-19 18:00:00+00:00,30.65833333333333,VALID,96.206328,VALID,0.94488,VALID,Online,Resolved: Operating normally
2026-07-19 19:00:00+00:00,30.825,VALID,97.88173866666666,VALID,0.9481820000000001,VALID,Online,Resolved: Operating normally
2026-07-19 20:00:00+00:00,30.916666666666668,VALID,100.38305600000001,VALID,0.952754,VALID,Online,Resolved: Operating normally
2026-07-19 21:00:00+00:00,31.05,VALID,102.6484,VALID,0.9568180000000001,VALID,Online,Resolved: Operating normally
2026-07-19 22:00:00+00:00,31.166666666666668,VALID,104.488992,VALID,0.96012,VALID,Online,Resolved: Operating normally
2026-07-19 23:00:00+00:00,31.2,VALID,104.84295200000001,VALID,0.9608820000000001,VALID,Online,Resolved: Operating normally
2026-07-20 00:00:00+00:00,31.066666666666666,VALID,105.196912,VALID,0.961644,VALID,Online,Resolved: Operating normally
2026-07-20 01:00:00+00:00,30.95,VALID,104.60697866666665,VALID,0.960374,VALID,Online,Resolved: Operating normally
2026-07-20 02:00:00+00:00,30.825,VALID,104.488992,VALID,0.96012,VALID,Online,Resolved: Operating normally
2026-07-20 03:00:00+00:00,30.691666666666666,VALID,103.35632,VALID,0.958088,VALID,Online,Resolved: Operating normally
2026-07-20 04:00:00+00:00,30.508333333333336,VALID,101.798896,VALID,0.955294,VALID,Online,Resolved: Operating normally
2026-07-20 05:00:00+00:00,30.291666666666668,VALID,100.52463999999999,VALID,0.953008,VALID,Online,Resolved: Operating normally
2026-07-20 06:00:00+00:00,30.05,VALID,98.96721600000001,VALID,0.950214,VALID,Online,Resolved: Operating normally
2026-07-20 07:00:00+00:00,29.84166666666667,VALID,97.22101333333335,VALID,0.9469120000000001,VALID,Online,Resolved: Operating normally
2026-07-20 08:00:00+00:00,29.625,VALID,95.427616,VALID,0.9433560000000001,VALID,Online,Resolved: Operating normally
2026-07-20 09:00:00+00:00,29.349999999999998,VALID,93.44544,VALID,0.9398,VALID,Online,Resolved: Operating normally
2026-07-20 10:00:00+00:00,29.09166666666667,VALID,91.58125066666666,VALID,0.93599,VALID,Online,Resolved: Operating normally
2026-07-20 11:00:00+00:00,28.916666666666668,VALID,89.64626933333334,VALID,0.9324340000000001,VALID,Online,Resolved: Operating normally
2026-07-20 12:00:00+00:00,28.75,VALID,87.92366399999999,VALID,0.9288780000000001,VALID,Online,Resolved: Operating normally
2026-07-20 13:00:00+00:00,28.65833333333333,VALID,86.41343466666666,VALID,0.926084,VALID,Online,Resolved: Operating normally
2026-07-20 14:00:00+00:00,28.900000000000002,VALID,85.233568,VALID,0.923544,VALID,Online,Resolved: Operating normally
2026-07-20 15:00:00+00:00,29.333333333333332,VALID,82.968224,VALID,0.918972,VALID,Online,Resolved: Operating normally
2026-07-20 16:00:00+00:00,29.766666666666666,VALID,81.52878666666666,VALID,0.9161779999999999,VALID,Online,Resolved: Operating normally
2026-07-20 17:00:00+00:00,29.96666666666667,VALID,79.87697333333334,VALID,0.9126220000000002,VALID,Online,Resolved: Operating normally
2026-07-20 18:00:00+00:00,30.166666666666668,VALID,78.57912,VALID,0.9098280000000001,VALID,Online,Resolved: Operating normally
2026-07-20 19:00:00+00:00,30.275000000000002,VALID,77.04529333333333,VALID,0.906526,VALID,Online,Resolved: Operating normally
2026-07-20 20:00:00+00:00,30.358333333333334,VALID,75.74744,VALID,0.9037320000000001,VALID,Online,Resolved: Operating normally
2026-07-20 21:00:00+00:00,30.5,VALID,75.03952,VALID,0.902208,VALID,Online,Resolved: Operating normally
2026-07-20 22:00:00+00:00,30.46666666666667,VALID,73.74166666666666,VALID,0.899414,VALID,Online,Resolved: Operating normally
2026-07-20 23:00:00+00:00,30.458333333333332,VALID,72.32582666666667,VALID,0.896366,VALID,Online,Resolved: Operating normally
2026-07-21 00:00:00+00:00,30.34166666666667,VALID,71.97186666666667,VALID,0.8956040000000001,VALID,Online,Resolved: Operating normally
2026-07-21 01:00:00+00:00,30.21666666666667,VALID,71.02797333333334,VALID,0.8935720000000001,VALID,Online,Resolved: Operating normally
2026-07-21 02:00:00+00:00,30.09166666666667,VALID,70.792,VALID,0.8930640000000002,VALID,Online,Resolved: Operating normally
2026-07-21 03:00:00+00:00,29.96666666666667,VALID,69.61213333333333,VALID,0.8905240000000001,VALID,Online,Resolved: Operating normally
2026-07-21 04:00:00+00:00,29.899999999999995,VALID,68.78622666666666,VALID,0.8887460000000001,VALID,Online,Resolved: Operating normally
2026-07-21 05:00:00+00:00,29.816666666666666,VALID,67.96032,VALID,0.8869680000000001,VALID,Online,Resolved: Operating normally
2026-07-21 06:00:00+00:00,29.666666666666668,VALID,67.48837333333333,VALID,0.8859520000000001,VALID,Online,Resolved: Operating normally
2026-07-21 07:00:00+00:00,29.425,VALID,66.54448,VALID,0.8839200000000002,VALID,Online,Resolved: Operating normally
2026-07-21 08:00:00+00:00,29.233333333333334,VALID,66.54448,VALID,0.8839200000000002,VALID,Online,Resolved: Operating normally
2026-07-21 09:00:00+00:00,29.066666666666666,VALID,66.54448,VALID,0.8839200000000002,VALID,Online,Resolved: Operating normally
2026-07-21 10:00:00+00:00,28.90833333333333,VALID,65.71857333333334,VALID,0.8821420000000001,VALID,Online,Resolved: Operating normally
2026-07-21 11:00:00+00:00,28.8,VALID,65.12864,VALID,0.8808720000000001,VALID,Online,Resolved: Operating normally
2026-07-21 12:00:00+00:00,28.7,VALID,65.03425066666667,VALID,0.8806180000000001,VALID,Online,Resolved: Operating normally
2026-07-21 13:00:00+00:00,28.650000000000002,VALID,65.12864,VALID,0.8808720000000001,VALID,Online,Resolved: Operating normally
2026-07-21 14:00:00+00:00,28.600000000000005,VALID,65.12864,VALID,0.8808720000000001,VALID,Online,Resolved: Operating normally
2026-07-21 15:00:00+00:00,28.675,VALID,65.12864,VALID,0.8808720000000001,VALID,Online,Resolved: Operating normally
2026-07-21 16:00:00+00:00,28.791666666666668,VALID,64.93986133333334,VALID,0.8803640000000001,VALID,Online,Resolved: Operating normally
2026-07-21 17:00:00+00:00,29.125,VALID,64.46791466666666,VALID,0.8790940000000002,VALID,Online,Resolved: Operating normally
2026-07-21 18:00:00+00:00,29.108333333333334,VALID,64.46791466666667,VALID,0.8790940000000002,VALID,Online,Resolved: Operating normally
2026-07-21 19:00:00+00:00,29.28333333333333,VALID,63.995968,VALID,0.877824,VALID,Online,Resolved: Operating normally
2026-07-21 20:00:00+00:00,29.558333333333334,VALID,63.759994666666664,VALID,0.8773160000000001,VALID,Online,Resolved: Operating normally
2026-07-21 21:00:00+00:00,29.65833333333333,VALID,64.09035733333333,VALID,0.878332,VALID,Online,Resolved: Operating normally
2026-07-21 22:00:00+00:00,29.59166666666667,VALID,64.279136,VALID,0.878586,VALID,Online,Resolved: Operating normally
2026-07-21 23:00:00+00:00,29.59166666666667,VALID,63.995968,VALID,0.877824,VALID,Online,Resolved: Operating normally
2026-07-22 00:00:00+00:00,29.491666666666664,VALID,64.51510933333333,VALID,0.8790940000000002,VALID,Online,Resolved: Operating normally
2026-07-22 01:00:00+00:00,29.399999999999995,VALID,66.78045333333333,VALID,0.8844280000000001,VALID,Online,Resolved: Operating normally
2026-07-22 02:00:00+00:00,29.3,VALID,73.74166666666666,VALID,0.899414,VALID,Online,Resolved: Operating normally
2026-07-22 03:00:00+00:00,29.2,VALID,86.01227999999999,VALID,0.925068,VALID,Online,Resolved: Operating normally
2026-07-22 04:00:00+00:00,29.150000000000002,VALID,86.62581066666667,VALID,0.926338,VALID,Online,Resolved: Operating normally
2026-07-22 05:00:00+00:00,29.09166666666667,VALID,82.23670666666666,VALID,0.9174480000000002,VALID,Online,Resolved: Operating normally
2026-07-22 06:00:00+00:00,29.008333333333336,VALID,78.34314666666667,VALID,0.9093200000000001,VALID,Online,Resolved: Operating normally
2026-07-22 07:00:00+00:00,28.96666666666667,VALID,75.39348,VALID,0.9029699999999999,VALID,Online,Resolved: Operating normally
2026-07-22 08:00:00+00:00,28.825,VALID,76.57334666666667,VALID,0.90551,VALID,Online,Resolved: Operating normally
2026-07-22 09:00:00+00:00,28.55,VALID,84.50205066666666,VALID,0.9220200000000002,VALID,Online,Resolved: Operating normally
2026-07-22 10:00:00+00:00,28.40833333333333,VALID,93.68141333333334,VALID,0.9400540000000001,VALID,Online,Resolved: Operating normally
2026-07-22 11:00:00+00:00,28.266666666666666,VALID,98.70764533333333,VALID,0.949706,VALID,Online,Resolved: Operating normally
2026-07-22 12:00:00+00:00,28.175,VALID,99.958304,VALID,0.9519920000000001,VALID,Online,Resolved: Operating normally
2026-07-22 13:00:00+00:00,27.95,VALID,101.090976,VALID,0.954024,VALID,Online,Resolved: Operating normally
2026-07-22 14:00:00+00:00,28.141666666666666,VALID,103.35632,VALID,0.958088,VALID,Online,Resolved: Operating normally
2026-07-22 15:00:00+00:00,28.441666666666666,VALID,106.117208,VALID,0.9634220000000001,VALID,Online,Resolved: Operating normally
2026-07-22 16:00:00+00:00,28.641666666666666,VALID,108.736512,VALID,0.9682480000000001,VALID,Online,Resolved: Operating normally
2026-07-22 17:00:00+00:00,29.025000000000002,VALID,110.43552,VALID,0.9712960000000002,VALID,Online,Resolved: Operating normally
2026-07-22 18:00:00+00:00,29.133333333333336,VALID,109.7276,VALID,0.9700260000000002,VALID,Online,Resolved: Operating normally
2026-07-22 19:00:00+00:00,29.224999999999998,VALID,109.161264,VALID,0.96901,VALID,Online,Resolved: Operating normally
2026-07-22 20:00:00+00:00,29.34166666666667,VALID,108.31176,VALID,0.9674860000000001,VALID,Online,Resolved: Operating normally
2026-07-22 21:00:00+00:00,29.400000000000002,VALID,107.179088,VALID,0.9654540000000001,VALID,Online,Resolved: Operating normally
2026-07-22 22:00:00+00:00,29.40833333333333,VALID,106.75433600000001,VALID,0.964692,VALID,Online,Resolved: Operating normally
2026-07-22 23:00:00+00:00,29.433333333333334,VALID,105.66885866666667,VALID,0.9626600000000001,VALID,Online,Resolved: Operating normally
2026-07-23 00:00:00+00:00,29.391666666666666,VALID,104.488992,VALID,0.96012,VALID,Online,Resolved: Operating normally
2026-07-23 01:00:00+00:00,29.308333333333334,VALID,103.35632,VALID,0.958088,VALID,Online,Resolved: Operating normally
2026-07-23 02:00:00+00:00,29.233333333333334,VALID,101.657312,VALID,0.95504,VALID,Online,Resolved: Operating normally
2026-07-23 03:00:00+00:00,29.058333333333334,VALID,100.666224,VALID,0.953262,VALID,Online,Resolved: Operating normally
2026-07-23 04:00:00+00:00,28.900000000000002,VALID,99.67513600000001,VALID,0.9514840000000001,VALID,Online,Resolved: Operating normally
2026-07-23 05:00:00+00:00,28.766666666666666,VALID,99.10880000000002,VALID,0.950468,VALID,Online,Resolved: Operating normally
2026-07-23 06:00:00+00:00,28.608333333333334,VALID,97.976128,VALID,0.9484360000000001,VALID,Online,Resolved: Operating normally
2026-07-23 07:00:00+00:00,28.441666666666666,VALID,97.69296000000001,VALID,0.947928,VALID,Online,Resolved: Operating normally
2026-07-23 08:00:00+00:00,28.208333333333332,VALID,97.69296000000001,VALID,0.947928,VALID,Online,Resolved: Operating normally
2026-07-23 09:00:00+00:00,27.96666666666667,VALID,97.45698666666665,VALID,0.94742,VALID,Online,Resolved: Operating normally
2026-07-23 10:00:00+00:00,27.741666666666664,VALID,97.69296000000001,VALID,0.947928,VALID,Online,Resolved: Operating normally
2026-07-23 11:00:00+00:00,27.474999999999998,VALID,97.45698666666665,VALID,0.94742,VALID,Online,Resolved: Operating normally
2026-07-23 12:00:00+00:00,27.275000000000002,VALID,96.74906666666668,VALID,0.945896,VALID,Online,Resolved: Operating normally
2026-07-23 13:00:00+00:00,27.066666666666666,VALID,96.39510666666666,VALID,0.945134,VALID,Online,Resolved: Operating normally
2026-07-23 14:00:00+00:00,27.141666666666666,VALID,95.993952,VALID,0.944372,VALID,Online,Resolved: Operating normally
2026-07-23 15:00:00+00:00,27.733333333333334,VALID,95.14444800000001,VALID,0.942848,VALID,Online,Resolved: Operating normally
2026-07-23 16:00:00+00:00,28.28333333333333,VALID,94.719696,VALID,0.9420860000000001,VALID,Online,Resolved: Operating normally
2026-07-23 17:00:00+00:00,28.891666666666666,VALID,93.587024,VALID,0.9400540000000001,VALID,Online,Resolved: Operating normally
2026-07-23 18:00:00+00:00,29.15833333333333,VALID,92.879104,VALID,0.9387840000000001,VALID,Online,Resolved: Operating normally
2026-07-23 19:00:00+00:00,29.25,VALID,92.171184,VALID,0.9372600000000001,VALID,Online,Resolved: Operating normally
2026-07-23 20:00:00+00:00,28.983333333333334,VALID,91.463264,VALID,0.935736,VALID,Online,Resolved: Operating normally
2026-07-23 21:00:00+00:00,29.108333333333334,VALID,89.90584000000001,VALID,0.932942,VALID,Online,Resolved: Operating normally
2026-07-23 22:00:00+00:00,29.224999999999998,VALID,88.93834933333333,VALID,0.93091,VALID,Online,Resolved: Operating normally
2026-07-23 23:00:00+00:00,29.233333333333334,VALID,87.92366399999999,VALID,0.9288780000000001,VALID,Online,Resolved: Operating normally
2026-07-24 00:00:00+00:00,29.133333333333336,VALID,86.649408,VALID,0.926592,VALID,Online,Resolved: Operating normally
2026-07-24 01:00:00+00:00,28.974999999999998,VALID,85.587528,VALID,0.9243060000000001,VALID,Online,Resolved: Operating normally
2026-07-24 02:00:00+00:00,28.775000000000002,VALID,85.233568,VALID,0.923544,VALID,Online,Resolved: Operating normally
2026-07-24 03:00:00+00:00,28.616666666666664,VALID,84.76162133333334,VALID,0.9225280000000001,VALID,Online,Resolved: Operating normally
2026-07-24 04:00:00+00:00,28.433333333333334,VALID,83.817728,VALID,0.9204960000000001,VALID,Online,Resolved: Operating normally
2026-07-24 05:00:00+00:00,28.25,VALID,82.401888,VALID,0.9179559999999999,VALID,Online,Resolved: Operating normally
2026-07-24 06:00:00+00:00,28.099999999999998,VALID,81.76476,VALID,0.916686,VALID,Online,Resolved: Operating normally
2026-07-24 07:00:00+00:00,27.925,VALID,80.70288,VALID,0.9144000000000001,VALID,Online,Resolved: Operating normally
2026-07-24 08:00:00+00:00,27.741666666666664,VALID,80.46690666666666,VALID,0.9138920000000001,VALID,Online,Resolved: Operating normally
2026-07-24 09:00:00+00:00,27.541666666666668,VALID,79.28704,VALID,0.9113520000000003,VALID,Online,Resolved: Operating normally
2026-07-24 10:00:00+00:00,27.391666666666666,VALID,79.28704,VALID,0.9113520000000003,VALID,Online,Resolved: Operating normally
2026-07-24 11:00:00+00:00,27.166666666666668,VALID,79.28704,VALID,0.9113520000000003,VALID,Online,Resolved: Operating normally
2026-07-24 12:00:00+00:00,26.974999999999998,VALID,78.34314666666667,VALID,0.9093200000000001,VALID,Online,Resolved: Operating normally
2026-07-24 13:00:00+00:00,26.775000000000002,VALID,77.8712,VALID,0.9083039999999999,VALID,Online,Resolved: Operating normally
2026-07-24 14:00:00+00:00,26.925,VALID,76.80932,VALID,0.906018,VALID,Online,Resolved: Operating normally
2026-07-24 15:00:00+00:00,27.15833333333333,VALID,76.45536,VALID,0.9052560000000001,VALID,Online,Resolved: Operating normally
2026-07-24 16:00:00+00:00,27.441666666666666,VALID,75.86542666666666,VALID,0.9039860000000001,VALID,Online,Resolved: Operating normally
2026-07-24 17:00:00+00:00,27.71666666666667,VALID,75.27549333333333,VALID,0.902716,VALID,Online,Resolved: Operating normally
2026-07-24 18:00:00+00:00,28.2,VALID,75.15750666666666,VALID,0.902462,VALID,Online,Resolved: Operating normally
2026-07-24 19:00:00+00:00,28.383333333333336,VALID,74.09562666666666,VALID,0.9001760000000001,VALID,Online,Resolved: Operating normally
2026-07-24 20:00:00+00:00,28.558333333333334,VALID,73.62368,VALID,0.8991600000000001,VALID,Online,Resolved: Operating normally
2026-07-24 21:00:00+00:00,28.483333333333334,VALID,73.50569333333333,VALID,0.8989060000000001,VALID,Online,Resolved: Operating normally
2026-07-24 22:00:00+00:00,28.333333333333332,VALID,72.32582666666667,VALID,0.896366,VALID,Online,Resolved: Operating normally
2026-07-24 23:00:00+00:00,28.2,VALID,72.20784,VALID,0.896112,VALID,Online,Resolved: Operating normally
2026-07-25 00:00:00+00:00,28.150000000000002,VALID,71.97186666666667,VALID,0.8956040000000001,VALID,Online,Resolved: Operating normally
2026-07-25 01:00:00+00:00,28.100000000000005,VALID,70.90998666666667,VALID,0.8933180000000002,VALID,Online,Resolved: Operating normally
2026-07-25 02:00:00+00:00,28.0,VALID,70.792,VALID,0.8930640000000002,VALID,Online,Resolved: Operating normally
2026-07-25 03:00:00+00:00,27.933333333333334,VALID,70.792,VALID,0.8930640000000002,VALID,Online,Resolved: Operating normally
2026-07-25 04:00:00+00:00,27.84166666666667,VALID,70.20206666666667,VALID,0.8917940000000001,VALID,Online,Resolved: Operating normally
2026-07-25 05:00:00+00:00,27.741666666666664,VALID,69.73012,VALID,0.8907780000000001,VALID,Online,Resolved: Operating normally
2026-07-25 06:00:00+00:00,27.641666666666666,VALID,70.55602666666667,VALID,0.892556,VALID,Online,Resolved: Operating normally
2026-07-25 07:00:00+00:00,27.525000000000002,VALID,70.792,VALID,0.8930640000000002,VALID,Online,Resolved: Operating normally
2026-07-25 08:00:00+00:00,27.391666666666666,VALID,70.792,VALID,0.8930640000000002,VALID,Online,Resolved: Operating normally
2026-07-25 09:00:00+00:00,27.25,VALID,71.61790666666667,VALID,0.894842,VALID,Online,Resolved: Operating normally
2026-07-25 10:00:00+00:00,27.11666666666667,VALID,71.73589333333334,VALID,0.895096,VALID,Online,Resolved: Operating normally
2026-07-25 11:00:00+00:00,27.0,VALID,71.85388,VALID,0.8953500000000001,VALID,Online,Resolved: Operating normally
2026-07-25 12:00:00+00:00,26.858333333333334,VALID,72.08985333333334,VALID,0.895858,VALID,Online,Resolved: Operating normally
2026-07-25 13:00:00+00:00,26.766666666666666,VALID,71.26394666666667,VALID,0.8940800000000001,VALID,Online,Resolved: Operating normally
2026-07-25 14:00:00+00:00,26.733333333333334,VALID,71.85388,VALID,0.8953500000000001,VALID,Online,Resolved: Operating normally
2026-07-25 15:00:00+00:00,27.0,VALID,70.792,VALID,0.8930640000000002,VALID,Online,Resolved: Operating normally
2026-07-25 16:00:00+00:00,27.208333333333332,VALID,70.792,VALID,0.8930640000000002,VALID,Online,Resolved: Operating normally
2026-07-25 17:00:00+00:00,27.566666666666666,VALID,70.792,VALID,0.8930640000000002,VALID,Online,Resolved: Operating normally
2026-07-25 18:00:00+00:00,27.05,VALID,69.96609333333333,VALID,0.891286,VALID,Online,Resolved: Operating normally
2026-07-25 19:00:00+00:00,27.666666666666668,VALID,69.37616,VALID,0.890016,VALID,Online,Resolved: Operating normally
2026-07-25 20:00:00+00:00,27.733333333333334,VALID,69.37616,VALID,0.890016,VALID,Online,Resolved: Operating normally
2026-07-25 21:00:00+00:00,28.150000000000002,VALID,68.78622666666666,VALID,0.8887460000000001,VALID,Online,Resolved: Operating normally
2026-07-25 22:00:00+00:00,28.308333333333334,VALID,67.96032,VALID,0.8869680000000001,VALID,Online,Resolved: Operating normally
2026-07-25 23:00:00+00:00,28.291666666666668,VALID,67.96032,VALID,0.8869680000000001,VALID,Online,Resolved: Operating normally
2026-07-26 00:00:00+00:00,28.141666666666666,VALID,67.96032,VALID,0.8869680000000001,VALID,Online,Resolved: Operating normally
2026-07-26 01:00:00+00:00,27.974999999999998,VALID,67.96032,VALID,0.8869680000000001,VALID,Online,Resolved: Operating normally
2026-07-26 02:00:00+00:00,27.96666666666667,VALID,67.96032,VALID,0.8869680000000001,VALID,Online,Resolved: Operating normally
2026-07-26 03:00:00+00:00,27.90833333333333,VALID,67.96032,VALID,0.8869680000000001,VALID,Online,Resolved: Operating normally
2026-07-26 04:00:00+00:00,27.825,VALID,67.48837333333333,VALID,0.8859520000000001,VALID,Online,Resolved: Operating normally
2026-07-26 05:00:00+00:00,27.733333333333334,VALID,66.54448,VALID,0.8839200000000002,VALID,Online,Resolved: Operating normally
2026-07-26 06:00:00+00:00,27.61666666666667,VALID,66.07253333333334,VALID,0.882904,VALID,Online,Resolved: Operating normally
2026-07-26 07:00:00+00:00,27.558333333333334,VALID,65.12864,VALID,0.8808720000000001,VALID,Online,Resolved: Operating normally
2026-07-26 08:00:00+00:00,27.45,VALID,64.75108266666668,VALID,0.8798560000000001,VALID,Online,Resolved: Operating normally
2026-07-26 09:00:00+00:00,27.358333333333334,VALID,63.995968,VALID,0.877824,VALID,Online,Resolved: Operating normally
2026-07-26 10:00:00+00:00,27.224999999999998,VALID,63.995968,VALID,0.877824,VALID,Online,Resolved: Operating normally
2026-07-26 11:00:00+00:00,27.141666666666666,VALID,63.995968,VALID,0.877824,VALID,Online,Resolved: Operating normally
2026-07-26 12:00:00+00:00,27.03333333333333,VALID,63.995968,VALID,0.877824,VALID,Online,Resolved: Operating normally
2026-07-26 13:00:00+00:00,26.958333333333332,VALID,64.37352533333333,VALID,0.87884,VALID,Online,Resolved: Operating normally
2026-07-26 14:00:00+00:00,26.899999999999995,VALID,65.12864,VALID,0.8808720000000001,VALID,Online,Resolved: Operating normally
2026-07-26 15:00:00+00:00,27.0,VALID,65.12864,VALID,0.8808720000000001,VALID,Online,Resolved: Operating normally
2026-07-26 16:00:00+00:00,26.899999999999995,VALID,65.36461333333334,VALID,0.88138,VALID,Online,Resolved: Operating normally
2026-07-26 17:00:00+00:00,26.899999999999995,VALID,66.42649333333333,VALID,0.883666,VALID,Online,Resolved: Operating normally
2026-07-26 18:00:00+00:00,26.916666666666668,VALID,66.54448,VALID,0.8839200000000002,VALID,Online,Resolved: Operating normally
2026-07-26 19:00:00+00:00,27.099999999999998,VALID,66.54448,VALID,0.8839200000000002,VALID,Online,Resolved: Operating normally
2026-07-26 20:00:00+00:00,27.349999999999998,VALID,66.54448,VALID,0.8839200000000002,VALID,Online,Resolved: Operating normally
2026-07-26 21:00:00+00:00,27.775000000000002,VALID,66.89844,VALID,0.8846820000000001,VALID,Online,Resolved: Operating normally
2026-07-26 22:00:00+00:00,28.150000000000002,VALID,67.37038666666666,VALID,0.8856980000000001,VALID,Online,Resolved: Operating normally
2026-07-26 23:00:00+00:00,27.991666666666664,VALID,67.72434666666666,VALID,0.88646,VALID,Online,Resolved: Operating normally
2026-07-27 00:00:00+00:00,27.924999999999997,VALID,66.78045333333333,VALID,0.8844280000000001,VALID,Online,Resolved: Operating normally
2026-07-27 01:00:00+00:00,27.849999999999998,VALID,66.54448,VALID,0.8839200000000002,VALID,Online,Resolved: Operating normally
2026-07-27 02:00:00+00:00,27.8,VALID,66.54448,VALID,0.8839200000000002,VALID,Online,Resolved: Operating normally
2026-07-27 03:00:00+00:00,27.708333333333332,VALID,65.60058666666667,VALID,0.881888,VALID,Online,Resolved: Operating normally
2026-07-27 04:00:00+00:00,27.7,VALID,65.12864,VALID,0.8808720000000001,VALID,Online,Resolved: Operating normally
2026-07-27 05:00:00+00:00,27.7,VALID,64.75108266666668,VALID,0.8798560000000001,VALID,Online,Resolved: Operating normally
2026-07-27 06:00:00+00:00,27.7,VALID,63.995968,VALID,0.877824,VALID,Online,Resolved: Operating normally
2026-07-27 07:00:00+00:00,27.65833333333333,VALID,63.17006133333333,VALID,0.8760460000000001,VALID,Online,Resolved: Operating normally
2026-07-27 08:00:00+00:00,27.600000000000005,VALID,59.654058666666664,VALID,0.8679180000000001,VALID,Online,Resolved: Operating normally
2026-07-27 09:00:00+00:00,27.516666666666666,VALID,59.606864,VALID,0.867918,VALID,Online,Resolved: Operating normally
2026-07-27 10:00:00+00:00,27.5,VALID,62.226168,VALID,0.8740140000000002,VALID,Online,Resolved: Operating normally
2026-07-27 11:00:00+00:00,27.433333333333334,VALID,62.580128,VALID,0.8747760000000001,VALID,Online,Resolved: Operating normally
2026-07-27 12:00:00+00:00,27.38333333333333,VALID,62.69811466666667,VALID,0.8750300000000001,VALID,Online,Resolved: Operating normally
2026-07-27 13:00:00+00:00,27.375,VALID,63.52402133333334,VALID,0.876808,VALID,Online,Resolved: Operating normally
2026-07-27 14:00:00+00:00,27.483333333333334,VALID,63.87798133333333,VALID,0.8775700000000001,VALID,Online,Resolved: Operating normally
2026-07-27 15:00:00+00:00,27.61666666666667,VALID,63.87798133333333,VALID,0.8775700000000001,VALID,Online,Resolved: Operating normally
2026-07-27 16:00:00+00:00,27.75,VALID,63.17006133333334,VALID,0.8760460000000001,VALID,Online,Resolved: Operating normally
2026-07-27 17:00:00+00:00,27.875,VALID,63.05207466666667,VALID,0.8757920000000001,VALID,Online,Resolved: Operating normally
2026-07-27 18:00:00+00:00,28.09166666666667,VALID,63.288048,VALID,0.8763000000000001,VALID,Online,Resolved: Operating normally
2026-07-27 19:00:00+00:00,28.416666666666668,VALID,63.759994666666664,VALID,0.8773160000000001,VALID,Online,Resolved: Operating normally
2026-07-27 20:00:00+00:00,28.65833333333333,VALID,63.40603466666667,VALID,0.876554,VALID,Online,Resolved: Operating normally
2026-07-27 21:00:00+00:00,28.691666666666666,VALID,63.87798133333333,VALID,0.8775700000000001,VALID,Online,Resolved: Operating normally
2026-07-27 22:00:00+00:00,28.900000000000002,VALID,63.52402133333334,VALID,0.876808,VALID,Online,Resolved: Operating normally
2026-07-27 23:00:00+00:00,28.900000000000002,VALID,62.580128,VALID,0.8747760000000001,VALID,Online,Resolved: Operating normally
2026-07-28 00:00:00+00:00,28.78333333333333,VALID,62.580128,VALID,0.8747760000000001,VALID,Online,Resolved: Operating normally
2026-07-28 01:00:00+00:00,28.724999999999998,VALID,62.34415466666667,VALID,0.8742680000000002,VALID,Online,Resolved: Operating normally
2026-07-28 02:00:00+00:00,28.666666666666668,VALID,61.282274666666666,VALID,0.871982,VALID,Online,Resolved: Operating normally
2026-07-28 03:00:00+00:00,28.600000000000005,VALID,61.164288,VALID,0.8717280000000001,VALID,Online,Resolved: Operating normally
2026-07-28 04:00:00+00:00,28.525000000000002,VALID,61.164288,VALID,0.8717280000000001,VALID,Online,Resolved: Operating normally
2026-07-28 05:00:00+00:00,28.424999999999997,VALID,61.164288,VALID,0.8717280000000001,VALID,Online,Resolved: Operating normally
2026-07-28 06:00:00+00:00,28.349999999999998,VALID,61.06989866666667,VALID,0.8714740000000001,VALID,Online,Resolved: Operating normally
2026-07-28 07:00:00+00:00,28.28333333333333,VALID,60.69234133333333,VALID,0.8704580000000001,VALID,Online,Resolved: Operating normally
2026-07-28 08:00:00+00:00,28.2,VALID,60.220394666666664,VALID,0.8691880000000002,VALID,Online,Resolved: Operating normally
2026-07-28 09:00:00+00:00,28.2,VALID,60.03161600000001,VALID,0.86868,VALID,Online,Resolved: Operating normally
2026-07-28 10:00:00+00:00,28.125,VALID,60.03161600000001,VALID,0.86868,VALID,Online,Resolved: Operating normally
2026-07-28 11:00:00+00:00,28.100000000000005,VALID,59.913629333333326,VALID,0.868426,VALID,Online,Resolved: Operating normally
2026-07-28 12:00:00+00:00,28.100000000000005,VALID,59.913629333333326,VALID,0.868426,VALID,Online,Resolved: Operating normally
2026-07-28 13:00:00+00:00,28.09166666666667,VALID,60.03161600000001,VALID,0.86868,VALID,Online,Resolved: Operating normally
2026-07-28 14:00:00+00:00,28.100000000000005,VALID,60.03161600000001,VALID,0.86868,VALID,Online,Resolved: Operating normally
2026-07-28 15:00:00+00:00,28.100000000000005,VALID,59.67765599999999,VALID,0.8679180000000001,VALID,Online,Resolved: Operating normally
2026-07-28 16:00:00+00:00,28.016666666666666,VALID,59.67765599999999,VALID,0.8679180000000001,VALID,Online,Resolved: Operating normally
2026-07-28 17:00:00+00:00,28.125,VALID,59.79564266666667,VALID,0.868172,VALID,Online,Resolved: Operating normally
2026-07-28 18:00:00+00:00,28.366666666666664,VALID,60.03161600000001,VALID,0.86868,VALID,Online,Resolved: Operating normally
2026-07-28 19:00:00+00:00,28.45,VALID,60.102408,VALID,0.868934,VALID,Online,Resolved: Operating normally
2026-07-28 20:00:00+00:00,28.608333333333334,VALID,60.220394666666664,VALID,0.8691880000000002,VALID,Online,Resolved: Operating normally
2026-07-28 21:00:00+00:00,28.675,VALID,60.69234133333333,VALID,0.8704580000000001,VALID,Online,Resolved: Operating normally
2026-07-28 22:00:00+00:00,28.55,VALID,71.59430933333333,VALID,0.894588,VALID,Online,Resolved: Operating normally
2026-07-28 23:00:00+00:00,28.399999999999995,VALID,89.66986666666666,VALID,0.9321800000000001,VALID,Online,Resolved: Operating normally
2026-07-29 00:00:00+00:00,28.416666666666668,VALID,94.011776,VALID,0.940816,VALID,Online,Resolved: Operating normally
2026-07-29 01:00:00+00:00,28.5,VALID,93.020688,VALID,0.939038,VALID,Online,Resolved: Operating normally
2026-07-29 02:00:00+00:00,28.46666666666667,VALID,88.41920800000001,VALID,0.929894,VALID,Online,Resolved: Operating normally
2026-07-29 03:00:00+00:00,28.366666666666664,VALID,80.986048,VALID,0.914908,VALID,Online,Resolved: Operating normally
2026-07-29 04:00:00+00:00,28.21666666666667,VALID,76.33737333333333,VALID,0.9050020000000001,VALID,Online,Resolved: Operating normally
2026-07-29 05:00:00+00:00,28.05,VALID,73.50569333333333,VALID,0.8989060000000001,VALID,Online,Resolved: Operating normally
2026-07-29 06:00:00+00:00,27.858333333333334,VALID,72.20784,VALID,0.896112,VALID,Online,Resolved: Operating normally
2026-07-29 07:00:00+00:00,27.8,VALID,70.90998666666667,VALID,0.8933180000000002,VALID,Online,Resolved: Operating normally
2026-07-29 08:00:00+00:00,27.8,VALID,71.85388,VALID,0.8953500000000001,VALID,Online,Resolved: Operating normally
2026-07-29 09:00:00+00:00,27.71666666666667,VALID,71.97186666666667,VALID,0.8956040000000001,VALID,Online,Resolved: Operating normally
2026-07-29 10:00:00+00:00,27.61666666666667,VALID,72.20784,VALID,0.896112,VALID,Online,Resolved: Operating normally
2026-07-29 11:00:00+00:00,27.441666666666666,VALID,72.20784,VALID,0.896112,VALID,Online,Resolved: Operating normally
2026-07-29 12:00:00+00:00,27.28333333333333,VALID,72.20784,VALID,0.896112,VALID,Online,Resolved: Operating normally
2026-07-29 13:00:00+00:00,27.116666666666664,VALID,71.02797333333334,VALID,0.8935720000000001,VALID,Online,Resolved: Operating normally
2026-07-29 14:00:00+00:00,27.09166666666667,VALID,68.43226666666666,VALID,0.887984,VALID,Online,Resolved: Operating normally
2026-07-29 15:00:00+00:00,27.108333333333334,VALID,68.78622666666666,VALID,0.8887460000000001,VALID,Online,Resolved: Operating normally
2026-07-29 16:00:00+00:00,27.2,VALID,68.66824,VALID,0.888492,VALID,Online,Resolved: Operating normally
2026-07-29 17:00:00+00:00,27.333333333333332,VALID,68.78622666666666,VALID,0.8887460000000001,VALID,Online,Resolved: Operating normally
2026-07-29 18:00:00+00:00,27.616666666666664,VALID,69.61213333333333,VALID,0.8905240000000001,VALID,Online,Resolved: Operating normally
2026-07-29 19:00:00+00:00,27.900000000000002,VALID,67.84233333333333,VALID,0.886714,VALID,Online,Resolved: Operating normally
2026-07-29 20:00:00+00:00,28.05,VALID,67.48837333333333,VALID,0.8859520000000001,VALID,Online,Resolved: Operating normally
2026-07-29 21:00:00+00:00,28.183333333333334,VALID,67.72434666666666,VALID,0.88646,VALID,Online,Resolved: Operating normally
2026-07-29 22:00:00+00:00,28.11666666666667,VALID,68.31428,VALID,0.88773,VALID,Online,Resolved: Operating normally
2026-07-29 23:00:00+00:00,28.075000000000003,VALID,68.19629333333333,VALID,0.887476,VALID,Online,Resolved: Operating normally
2026-07-30 00:00:00+00:00,28.0,VALID,68.07830666666666,VALID,0.8872220000000001,VALID,Online,Resolved: Operating normally
2026-07-30 01:00:00+00:00,27.900000000000002,VALID,67.72434666666666,VALID,0.88646,VALID,Online,Resolved: Operating normally
2026-07-30 02:00:00+00:00,27.8,VALID,67.13441333333333,VALID,0.88519,VALID,Online,Resolved: Operating normally
2026-07-30 03:00:00+00:00,27.71666666666667,VALID,66.09613066666667,VALID,0.882904,VALID,Online,Resolved: Operating normally
2026-07-30 04:00:00+00:00,27.650000000000002,VALID,66.54448,VALID,0.8839200000000002,VALID,Online,Resolved: Operating normally
2026-07-30 05:00:00+00:00,27.55,VALID,65.60058666666667,VALID,0.881888,VALID,Online,Resolved: Operating normally
2026-07-30 06:00:00+00:00,27.400000000000002,VALID,65.03425066666667,VALID,0.8806180000000001,VALID,Online,Resolved: Operating normally
2026-07-30 07:00:00+00:00,27.291666666666668,VALID,64.845472,VALID,0.8801100000000001,VALID,Online,Resolved: Operating normally
2026-07-30 08:00:00+00:00,27.150000000000002,VALID,64.845472,VALID,0.8801100000000001,VALID,Online,Resolved: Operating normally
2026-07-30 09:00:00+00:00,27.025000000000002,VALID,64.93986133333334,VALID,0.8803640000000001,VALID,Online,Resolved: Operating normally
2026-07-30 10:00:00+00:00,26.941666666666666,VALID,64.845472,VALID,0.8801100000000001,VALID,Online,Resolved: Operating normally
2026-07-30 11:00:00+00:00,26.875,VALID,64.75108266666668,VALID,0.8798560000000001,VALID,Online,Resolved: Operating normally
2026-07-30 12:00:00+00:00,26.766666666666666,VALID,63.80718933333333,VALID,0.8775700000000001,VALID,Online,Resolved: Operating normally
2026-07-30 13:00:00+00:00,26.633333333333336,VALID,63.05207466666667,VALID,0.8757920000000001,VALID,Online,Resolved: Operating normally
2026-07-30 14:00:00+00:00,26.541666666666668,VALID,62.462141333333335,VALID,0.8745220000000001,VALID,Online,Resolved: Operating normally
2026-07-30 15:00:00+00:00,26.583333333333332,VALID,63.335242666666666,VALID,0.876554,VALID,Online,Resolved: Operating normally
2026-07-30 16:00:00+00:00,26.650000000000002,VALID,62.69811466666667,VALID,0.8750300000000001,VALID,Online,Resolved: Operating normally
2026-07-30 17:00:00+00:00,26.84166666666667,VALID,63.146464,VALID,0.8760460000000001,VALID,Online,Resolved: Operating normally
2026-07-30 18:00:00+00:00,27.0,VALID,63.642008,VALID,0.877062,VALID,Online,Resolved: Operating normally
2026-07-30 19:00:00+00:00,27.183333333333334,VALID,64.562304,VALID,0.8793480000000001,VALID,Online,Resolved: Operating normally
2026-07-30 20:00:00+00:00,27.28333333333333,VALID,65.95454666666667,VALID,0.88265,VALID,Online,Resolved: Operating normally
2026-07-30 21:00:00+00:00,27.508333333333336,VALID,66.54448,VALID,0.8839200000000002,VALID,Online,Resolved: Operating normally
2026-07-30 22:00:00+00:00,27.7,VALID,66.42649333333333,VALID,0.883666,VALID,Online,Resolved: Operating normally
2026-07-30 23:00:00+00:00,27.8,VALID,65.12864,VALID,0.8808720000000001,VALID,Online,Resolved: Operating normally
2026-07-31 00:00:00+00:00,27.78333333333333,VALID,64.845472,VALID,0.8801100000000001,VALID,Online,Resolved: Operating normally
2026-07-31 01:00:00+00:00,27.7,VALID,63.995968,VALID,0.877824,VALID,Online,Resolved: Operating normally
2026-07-31 02:00:00+00:00,27.61666666666667,VALID,62.934088,VALID,0.8755380000000001,VALID,Online,Resolved: Operating normally
2026-07-31 03:00:00+00:00,27.508333333333336,VALID,62.580128,VALID,0.8747760000000001,VALID,Online,Resolved: Operating normally
2026-07-31 04:00:00+00:00,27.399999999999995,VALID,61.164288,VALID,0.8717280000000001,VALID,Online,Resolved: Operating normally
2026-07-31 05:00:00+00:00,27.3,VALID,61.164288,VALID,0.8717280000000001,VALID,Online,Resolved: Operating normally
2026-07-31 06:00:00+00:00,27.233333333333334,VALID,61.164288,VALID,0.8717280000000001,VALID,Online,Resolved: Operating normally
2026-07-31 07:00:00+00:00,27.183333333333334,VALID,61.06989866666667,VALID,0.8714740000000001,VALID,Online,Resolved: Operating normally
2026-07-31 08:00:00+00:00,27.108333333333334,VALID,60.12600533333333,VALID,0.8689340000000002,VALID,Online,Resolved: Operating normally
2026-07-31 09:00:00+00:00,27.075000000000003,VALID,60.03161600000001,VALID,0.86868,VALID,Online,Resolved: Operating normally
2026-07-31 10:00:00+00:00,27.0,VALID,60.03161600000001,VALID,0.86868,VALID,Online,Resolved: Operating normally
2026-07-31 11:00:00+00:00,26.933333333333334,VALID,60.03161600000001,VALID,0.86868,VALID,Online,Resolved: Operating normally
2026-07-31 12:00:00+00:00,26.825,VALID,60.220394666666664,VALID,0.8691880000000002,VALID,Online,Resolved: Operating normally
2026-07-31 13:00:00+00:00,26.8,VALID,60.12600533333333,VALID,0.8689340000000002,VALID,Online,Resolved: Operating normally
2026-07-31 14:00:00+00:00,26.891666666666666,VALID,60.220394666666664,VALID,0.8691880000000002,VALID,Online,Resolved: Operating normally
2026-07-31 15:00:00+00:00,27.075000000000003,VALID,60.314784,VALID,0.8694420000000002,VALID,Online,Resolved: Operating normally
2026-07-31 16:00:00+00:00,27.100000000000005,VALID,60.220394666666664,VALID,0.8691880000000002,VALID,Online,Resolved: Operating normally
2026-07-31 17:00:00+00:00,27.05,VALID,60.220394666666664,VALID,0.8691880000000002,VALID,Online,Resolved: Operating normally
2026-07-31 18:00:00+00:00,26.96666666666667,VALID,60.03161600000001,VALID,0.86868,VALID,Online,Resolved: Operating normally
2026-07-31 19:00:00+00:00,27.258333333333336,VALID,59.79564266666667,VALID,0.868172,VALID,Online,Resolved: Operating normally
2026-07-31 20:00:00+00:00,28.099999999999998,VALID,59.323696000000005,VALID,0.867156,VALID,Online,Resolved: Operating normally
2026-07-31 21:00:00+00:00,28.191666666666666,VALID,59.44168266666666,VALID,0.86741,VALID,Online,Resolved: Operating normally
2026-07-31 22:00:00+00:00,28.366666666666664,VALID,59.55966933333334,VALID,0.8676640000000001,VALID,Online,Resolved: Operating normally
2026-07-31 23:00:00+00:00,28.416666666666668,VALID,59.55966933333334,VALID,0.8676640000000001,VALID,Online,Resolved: Operating normally
2026-08-01 00:00:00+00:00,28.291666666666668,VALID,58.615776000000004,VALID,0.8656320000000001,VALID,Online,Resolved: Operating normally
2026-08-01 01:00:00+00:00,28.391666666666666,VALID,58.615776000000004,VALID,0.8656320000000001,VALID,Online,Resolved: Operating normally
2026-08-01 02:00:00+00:00,28.299999999999997,VALID,58.615776000000004,VALID,0.8656320000000001,VALID,Online,Resolved: Operating normally
2026-08-01 03:00:00+00:00,28.099999999999998,VALID,58.143829333333336,VALID,0.864362,VALID,Online,Resolved: Operating normally
2026-08-01 04:00:00+00:00,27.958333333333332,VALID,57.483104,VALID,0.862584,VALID,Online,Resolved: Operating normally
2026-08-01 05:00:00+00:00,27.84166666666667,VALID,57.483104,VALID,0.862584,VALID,Online,Resolved: Operating normally
2026-08-01 06:00:00+00:00,27.75,VALID,56.65719733333333,VALID,0.8608060000000001,VALID,Online,Resolved: Operating normally
2026-08-01 07:00:00+00:00,27.625,VALID,56.067264,VALID,0.859536,VALID,Online,Resolved: Operating normally
2026-08-01 08:00:00+00:00,27.508333333333336,VALID,56.067264,VALID,0.859536,VALID,Online,Resolved: Operating normally
2026-08-01 09:00:00+00:00,27.441666666666666,VALID,55.87848533333334,VALID,0.859028,VALID,Online,Resolved: Operating normally
2026-08-01 10:00:00+00:00,27.399999999999995,VALID,54.934592,VALID,0.856488,VALID,Online,Resolved: Operating normally
2026-08-01 11:00:00+00:00,27.399999999999995,VALID,54.934592,VALID,0.856488,VALID,Online,Resolved: Operating normally
2026-08-01 12:00:00+00:00,27.399999999999995,VALID,54.816605333333335,VALID,0.856234,VALID,Online,Resolved: Operating normally
2026-08-01 13:00:00+00:00,27.433333333333334,VALID,53.518752,VALID,0.85344,VALID,Online,Resolved: Operating normally
2026-08-01 14:00:00+00:00,27.600000000000005,VALID,53.518752,VALID,0.85344,VALID,Online,Resolved: Operating normally
2026-08-01 15:00:00+00:00,27.525000000000002,VALID,53.518752,VALID,0.85344,VALID,Online,Resolved: Operating normally
2026-08-01 16:00:00+00:00,27.53333333333333,VALID,53.235583999999996,VALID,0.852678,VALID,Online,Resolved: Operating normally
2026-08-01 17:00:00+00:00,27.766666666666666,VALID,53.04680533333333,VALID,0.85217,VALID,Online,Resolved: Operating normally
2026-08-01 18:00:00+00:00,28.058333333333334,VALID,52.669248,VALID,0.8511540000000001,VALID,Online,Resolved: Operating normally
2026-08-01 19:00:00+00:00,28.366666666666664,VALID,52.29169066666666,VALID,0.850138,VALID,Online,Resolved: Operating normally
2026-08-01 20:00:00+00:00,28.34166666666667,VALID,52.29169066666666,VALID,0.850138,VALID,Online,Resolved: Operating normally
2026-08-01 21:00:00+00:00,28.616666666666664,VALID,51.253408,VALID,0.847344,VALID,Online,Resolved: Operating normally
2026-08-01 22:00:00+00:00,28.65833333333333,VALID,51.253408,VALID,0.847344,VALID,Online,Resolved: Operating normally
2026-08-01 23:00:00+00:00,28.683333333333334,VALID,50.687072,VALID,0.8458200000000001,VALID,Online,Resolved: Operating normally
2026-08-02 00:00:00+00:00,28.625,VALID,50.49829333333333,VALID,0.845312,VALID,Online,Resolved: Operating normally
2026-08-02 01:00:00+00:00,28.558333333333334,VALID,50.21512533333333,VALID,0.84455,VALID,Online,Resolved: Operating normally
2026-08-02 02:00:00+00:00,28.46666666666667,VALID,50.120736,VALID,0.844296,VALID,Online,Resolved: Operating normally
2026-08-02 03:00:00+00:00,28.366666666666664,VALID,50.120736,VALID,0.844296,VALID,Online,Resolved: Operating normally
2026-08-02 04:00:00+00:00,28.291666666666668,VALID,50.120736,VALID,0.844296,VALID,Online,Resolved: Operating normally
2026-08-02 05:00:00+00:00,28.21666666666667,VALID,50.120736,VALID,0.844296,VALID,Online,Resolved: Operating normally
2026-08-02 06:00:00+00:00,28.2,VALID,50.02634666666666,VALID,0.8440420000000001,VALID,Online,Resolved: Operating normally
2026-08-02 07:00:00+00:00,28.11666666666667,VALID,50.120736,VALID,0.844296,VALID,Online,Resolved: Operating normally
2026-08-02 08:00:00+00:00,28.03333333333333,VALID,50.02634666666666,VALID,0.8440420000000001,VALID,Online,Resolved: Operating normally
2026-08-02 09:00:00+00:00,27.95,VALID,49.93195733333334,VALID,0.843788,VALID,Online,Resolved: Operating normally
2026-08-02 10:00:00+00:00,27.866666666666664,VALID,49.36562133333334,VALID,0.842264,VALID,Online,Resolved: Operating normally
2026-08-02 11:00:00+00:00,27.8,VALID,48.988064,VALID,0.8412479999999999,VALID,Online,Resolved: Operating normally
2026-08-02 12:00:00+00:00,27.733333333333334,VALID,48.988064,VALID,0.8412479999999999,VALID,Online,Resolved: Operating normally
2026-08-02 13:00:00+00:00,27.7,VALID,48.988064,VALID,0.8412479999999999,VALID,Online,Resolved: Operating normally
2026-08-02 14:00:00+00:00,27.7,VALID,48.988064,VALID,0.8412479999999999,VALID,Online,Resolved: Operating normally
2026-08-02 15:00:00+00:00,27.733333333333334,VALID,48.988064,VALID,0.8412479999999999,VALID,Online,Resolved: Operating normally
2026-08-02 16:00:00+00:00,27.8,VALID,49.837568000000005,VALID,0.843534,VALID,Online,Resolved: Operating normally
2026-08-02 17:00:00+00:00,27.758333333333336,VALID,52.64565066666666,VALID,0.8509000000000001,VALID,Online,Resolved: Operating normally
2026-08-02 18:00:00+00:00,27.7,VALID,54.8638,VALID,0.856488,VALID,Online,Resolved: Operating normally
2026-08-02 19:00:00+00:00,27.766666666666666,VALID,53.518752,VALID,0.85344,VALID,Online,Resolved: Operating normally
2026-08-02 20:00:00+00:00,27.84166666666667,VALID,56.23244533333334,VALID,0.8597899999999999,VALID,Online,Resolved: Operating normally
2026-08-02 21:00:00+00:00,27.8,VALID,74.56757333333333,VALID,0.901192,VALID,Online,Resolved: Operating normally
2026-08-02 22:00:00+00:00,27.8,VALID,85.46954133333332,VALID,0.9240520000000001,VALID,Online,Resolved: Operating normally
2026-08-02 23:00:00+00:00,27.733333333333334,VALID,81.08043733333334,VALID,0.915162,VALID,Online,Resolved: Operating normally
2026-08-03 00:00:00+00:00,27.641666666666666,VALID,81.52878666666666,VALID,0.9161779999999999,VALID,Online,Resolved: Operating normally
2026-08-03 01:00:00+00:00,27.541666666666668,VALID,76.33737333333333,VALID,0.9050020000000001,VALID,Online,Resolved: Operating normally
2026-08-03 02:00:00+00:00,27.424999999999997,VALID,69.49414666666667,VALID,0.8902700000000001,VALID,Online,Resolved: Operating normally
2026-08-03 03:00:00+00:00,27.391666666666666,VALID,65.4826,VALID,0.881634,VALID,Online,Resolved: Operating normally
2026-08-03 04:00:00+00:00,27.233333333333334,VALID,64.37352533333333,VALID,0.87884,VALID,Online,Resolved: Operating normally
2026-08-03 05:00:00+00:00,27.025000000000002,VALID,65.03425066666667,VALID,0.8806180000000001,VALID,Online,Resolved: Operating normally
2026-08-03 06:00:00+00:00,26.933333333333334,VALID,65.03425066666667,VALID,0.8806180000000001,VALID,Online,Resolved: Operating normally
2026-08-03 07:00:00+00:00,26.96666666666667,VALID,64.75108266666668,VALID,0.8798560000000001,VALID,Online,Resolved: Operating normally
2026-08-03 08:00:00+00:00,27.0,VALID,64.65669333333334,VALID,0.8796020000000001,VALID,Online,Resolved: Operating normally
2026-08-03 09:00:00+00:00,27.0,VALID,64.65669333333334,VALID,0.8796020000000001,VALID,Online,Resolved: Operating normally
2026-08-03 10:00:00+00:00,27.0,VALID,64.46791466666667,VALID,0.8790940000000002,VALID,Online,Resolved: Operating normally
2026-08-03 11:00:00+00:00,27.0,VALID,64.09035733333333,VALID,0.878078,VALID,Online,Resolved: Operating normally
2026-08-03 12:00:00+00:00,27.0,VALID,64.562304,VALID,0.8793480000000001,VALID,Online,Resolved: Operating normally
2026-08-03 13:00:00+00:00,27.041666666666668,VALID,65.24662666666667,VALID,0.8811260000000001,VALID,Online,Resolved: Operating normally
2026-08-03 14:00:00+00:00,27.291666666666668,VALID,66.54448,VALID,0.8839200000000002,VALID,Online,Resolved: Operating normally
2026-08-03 15:00:00+00:00,27.266666666666666,VALID,67.72434666666666,VALID,0.88646,VALID,Online,Resolved: Operating normally
2026-08-03 16:00:00+00:00,27.150000000000002,VALID,68.78622666666666,VALID,0.8887460000000001,VALID,Online,Resolved: Operating normally
2026-08-03 17:00:00+00:00,27.46666666666667,VALID,70.08408,VALID,0.89154,VALID,Online,Resolved: Operating normally
2026-08-03 18:00:00+00:00,27.96666666666667,VALID,70.792,VALID,0.893064,VALID,Online,Resolved: Operating normally
2026-08-03 19:00:00+00:00,28.133333333333336,VALID,71.73589333333334,VALID,0.895096,VALID,Online,Resolved: Operating normally
2026-08-03 20:00:00+00:00,28.316666666666666,VALID,72.20784,VALID,0.896112,VALID,Online,Resolved: Operating normally
2026-08-03 21:00:00+00:00,28.241666666666664,VALID,72.20784,VALID,0.896112,VALID,Online,Resolved: Operating normally
2026-08-03 22:00:00+00:00,28.208333333333332,VALID,72.20784,VALID,0.896112,VALID,Online,Resolved: Operating normally
2026-08-03 23:00:00+00:00,28.28333333333333,VALID,70.792,VALID,0.8930640000000002,VALID,Online,Resolved: Operating normally
2026-08-04 00:00:00+00:00,28.166666666666668,VALID,69.37616,VALID,0.890016,VALID,Online,Resolved: Operating normally
2026-08-04 01:00:00+00:00,28.0,VALID,68.55025333333333,VALID,0.888238,VALID,Online,Resolved: Operating normally
2026-08-04 02:00:00+00:00,27.941666666666666,VALID,67.84233333333333,VALID,0.8867140000000001,VALID,Online,Resolved: Operating normally
2026-08-04 03:00:00+00:00,27.866666666666664,VALID,66.54448,VALID,0.8839200000000002,VALID,Online,Resolved: Operating normally
2026-08-04 04:00:00+00:00,27.8,VALID,66.19051999999999,VALID,0.883158,VALID,Online,Resolved: Operating normally
2026-08-04 05:00:00+00:00,27.724999999999998,VALID,65.12864,VALID,0.8808720000000001,VALID,Online,Resolved: Operating normally
2026-08-04 06:00:00+00:00,27.65833333333333,VALID,64.46791466666666,VALID,0.8790940000000002,VALID,Online,Resolved: Operating normally
2026-08-04 07:00:00+00:00,27.600000000000005,VALID,63.52402133333334,VALID,0.876808,VALID,Online,Resolved: Operating normally
2026-08-04 08:00:00+00:00,27.53333333333333,VALID,61.872208,VALID,0.873252,VALID,Online,Resolved: Operating normally
2026-08-04 09:00:00+00:00,27.45,VALID,60.88112,VALID,0.8709660000000001,VALID,Online,Resolved: Operating normally
2026-08-04 10:00:00+00:00,27.366666666666664,VALID,59.79564266666667,VALID,0.868172,VALID,Online,Resolved: Operating normally
2026-08-04 11:00:00+00:00,27.291666666666668,VALID,58.615776000000004,VALID,0.8656320000000001,VALID,Online,Resolved: Operating normally
2026-08-04 12:00:00+00:00,27.208333333333332,VALID,58.143829333333336,VALID,0.864362,VALID,Online,Resolved: Operating normally
2026-08-04 13:00:00+00:00,27.34166666666667,VALID,57.483104,VALID,0.862584,VALID,Online,Resolved: Operating normally
2026-08-04 14:00:00+00:00,27.59166666666667,VALID,56.65719733333333,VALID,0.8608060000000001,VALID,Online,Resolved: Operating normally
2026-08-04 15:00:00+00:00,27.608333333333334,VALID,56.067264,VALID,0.859536,VALID,Online,Resolved: Operating normally
2026-08-04 16:00:00+00:00,27.466666666666665,VALID,55.689706666666666,VALID,0.85852,VALID,Online,Resolved: Operating normally
2026-08-04 17:00:00+00:00,27.416666666666668,VALID,55.21776,VALID,0.8572500000000001,VALID,Online,Resolved: Operating normally
2026-08-04 18:00:00+00:00,27.71666666666667,VALID,55.02898133333334,VALID,0.856742,VALID,Online,Resolved: Operating normally
2026-08-04 19:00:00+00:00,28.275000000000002,VALID,55.123370666666666,VALID,0.856996,VALID,Online,Resolved: Operating normally
2026-08-04 20:00:00+00:00,28.45,VALID,54.934592,VALID,0.856488,VALID,Online,Resolved: Operating normally
2026-08-04 21:00:00+00:00,28.833333333333332,VALID,53.75472533333333,VALID,0.8539479999999999,VALID,Online,Resolved: Operating normally
2026-08-04 22:00:00+00:00,28.875,VALID,53.518752,VALID,0.85344,VALID,Online,Resolved: Operating normally
2026-08-04 23:00:00+00:00,29.208333333333332,VALID,53.518752,VALID,0.85344,VALID,Online,Resolved: Operating normally
2026-08-05 00:00:00+00:00,29.191666666666666,VALID,52.38608,VALID,0.8503919999999999,VALID,Online,Resolved: Operating normally
2026-08-05 01:00:00+00:00,29.21666666666667,VALID,52.38608,VALID,0.8503919999999999,VALID,Online,Resolved: Operating normally
2026-08-05 02:00:00+00:00,29.208333333333332,VALID,52.38608,VALID,0.8503919999999999,VALID,Online,Resolved: Operating normally
2026-08-05 03:00:00+00:00,29.025000000000002,VALID,52.197301333333336,VALID,0.849884,VALID,Online,Resolved: Operating normally
2026-08-05 04:00:00+00:00,28.84166666666667,VALID,51.253408,VALID,0.847344,VALID,Online,Resolved: Operating normally
2026-08-05 05:00:00+00:00,28.7,VALID,51.253408,VALID,0.847344,VALID,Online,Resolved: Operating normally
2026-08-05 06:00:00+00:00,28.575000000000003,VALID,50.59268266666667,VALID,0.8455659999999999,VALID,Online,Resolved: Operating normally
2026-08-05 07:00:00+00:00,28.458333333333332,VALID,50.120736,VALID,0.844296,VALID,Online,Resolved: Operating normally
2026-08-05 08:00:00+00:00,28.399999999999995,VALID,49.46001066666667,VALID,0.842518,VALID,Online,Resolved: Operating normally
2026-08-05 09:00:00+00:00,28.3,VALID,50.02634666666666,VALID,0.8440420000000001,VALID,Online,Resolved: Operating normally
2026-08-05 10:00:00+00:00,28.3,VALID,50.49829333333333,VALID,0.845312,VALID,Online,Resolved: Operating normally
2026-08-05 11:00:00+00:00,28.399999999999995,VALID,50.59268266666667,VALID,0.8455659999999999,VALID,Online,Resolved: Operating normally
2026-08-05 12:00:00+00:00,28.399999999999995,VALID,50.87585066666667,VALID,0.8463280000000001,VALID,Online,Resolved: Operating normally
2026-08-05 13:00:00+00:00,28.40833333333333,VALID,51.253408,VALID,0.847344,VALID,Online,Resolved: Operating normally
2026-08-05 14:00:00+00:00,28.5,VALID,52.197301333333336,VALID,0.849884,VALID,Online,Resolved: Operating normally
2026-08-05 15:00:00+00:00,28.59166666666667,VALID,52.57485866666667,VALID,0.8509000000000001,VALID,Online,Resolved: Operating normally
2026-08-05 16:00:00+00:00,28.458333333333332,VALID,52.38608,VALID,0.8503919999999999,VALID,Online,Resolved: Operating normally
2026-08-05 17:00:00+00:00,28.40833333333333,VALID,51.72535466666667,VALID,0.848614,VALID,Online,Resolved: Operating normally
2026-08-05 18:00:00+00:00,28.566666666666666,VALID,52.38608,VALID,0.8503919999999999,VALID,Online,Resolved: Operating normally
2026-08-05 19:00:00+00:00,28.608333333333334,VALID,52.29169066666666,VALID,0.850138,VALID,Online,Resolved: Operating normally
2026-08-05 20:00:00+00:00,29.075,VALID,53.660336,VALID,0.853694,VALID,Online,Resolved: Operating normally
2026-08-05 21:00:00+00:00,29.366666666666664,VALID,57.129144,VALID,0.8618220000000001,VALID,Online,Resolved: Operating normally
2026-08-05 22:00:00+00:00,29.366666666666664,VALID,62.13177866666666,VALID,0.87376,VALID,Online,Resolved: Operating normally
2026-08-05 23:00:00+00:00,29.308333333333334,VALID,63.995968,VALID,0.877824,VALID,Online,Resolved: Operating normally
2026-08-06 00:00:00+00:00,29.358333333333334,VALID,63.995968,VALID,0.877824,VALID,Online,Resolved: Operating normally
2026-08-06 01:00:00+00:00,29.166666666666668,VALID,63.995968,VALID,0.877824,VALID,Online,Resolved: Operating normally
2026-08-06 02:00:00+00:00,29.133333333333336,VALID,63.995968,VALID,0.877824,VALID,Online,Resolved: Operating normally
2026-08-06 03:00:00+00:00,29.058333333333334,VALID,63.995968,VALID,0.877824,VALID,Online,Resolved: Operating normally
2026-08-06 04:00:00+00:00,29.0,VALID,63.995968,VALID,0.877824,VALID,Online,Resolved: Operating normally
2026-08-06 05:00:00+00:00,28.90833333333333,VALID,63.995968,VALID,0.877824,VALID,Online,Resolved: Operating normally
2026-08-06 06:00:00+00:00,28.825,VALID,63.642008,VALID,0.877062,VALID,Online,Resolved: Operating normally
2026-08-06 07:00:00+00:00,28.71666666666667,VALID,62.580128,VALID,0.8747760000000001,VALID,Online,Resolved: Operating normally
2026-08-06 08:00:00+00:00,28.608333333333334,VALID,62.226168,VALID,0.8740140000000002,VALID,Online,Resolved: Operating normally
2026-08-06 09:00:00+00:00,28.59166666666667,VALID,61.164288,VALID,0.8717280000000001,VALID,Online,Resolved: Operating normally
2026-08-06 10:00:00+00:00,28.600000000000005,VALID,60.97550933333333,VALID,0.8712200000000001,VALID,Online,Resolved: Operating normally
2026-08-06 11:00:00+00:00,28.600000000000005,VALID,60.12600533333333,VALID,0.8689340000000002,VALID,Online,Resolved: Operating normally
2026-08-06 12:00:00+00:00,28.600000000000005,VALID,60.03161600000001,VALID,0.86868,VALID,Online,Resolved: Operating normally
2026-08-06 13:00:00+00:00,28.75,VALID,60.03161600000001,VALID,0.86868,VALID,Online,Resolved: Operating normally
2026-08-06 14:00:00+00:00,28.941666666666666,VALID,60.03161600000001,VALID,0.86868,VALID,Online,Resolved: Operating normally
2026-08-06 15:00:00+00:00,28.816666666666666,VALID,59.67765599999999,VALID,0.8679180000000001,VALID,Online,Resolved: Operating normally
2026-08-06 16:00:00+00:00,28.775000000000002,VALID,58.96973599999999,VALID,0.866394,VALID,Online,Resolved: Operating normally
2026-08-06 17:00:00+00:00,28.933333333333334,VALID,58.615776000000004,VALID,0.8656320000000001,VALID,Online,Resolved: Operating normally
2026-08-06 18:00:00+00:00,29.266666666666666,VALID,58.85174933333334,VALID,0.86614,VALID,Online,Resolved: Operating normally
2026-08-06 19:00:00+00:00,29.808333333333334,VALID,59.913629333333326,VALID,0.868426,VALID,Online,Resolved: Operating normally
2026-08-06 20:00:00+00:00,29.925,VALID,60.243992,VALID,0.8691880000000002,VALID,Online,Resolved: Operating normally
2026-08-06 21:00:00+00:00,30.375,VALID,68.21989066666667,VALID,0.887476,VALID,Online,Resolved: Operating normally
2026-08-06 22:00:00+00:00,29.658333333333335,VALID,80.136544,VALID,0.9128760000000001,VALID,Online,Resolved: Operating normally
2026-08-06 23:00:00+00:00,29.516666666666666,VALID,95.92316,VALID,0.944372,VALID,Online,Resolved: Operating normally
2026-08-07 00:00:00+00:00,29.5,VALID,96.96144266666666,VALID,0.9464039999999999,VALID,Online,Resolved: Operating normally
2026-08-07 01:00:00+00:00,29.458333333333332,VALID,87.78208000000001,VALID,0.9286240000000001,VALID,Online,Resolved: Operating normally
2026-08-07 02:00:00+00:00,29.325,VALID,80.93885333333333,VALID,0.914908,VALID,Online,Resolved: Operating normally
2026-08-07 03:00:00+00:00,29.166666666666668,VALID,78.34314666666667,VALID,0.9093200000000001,VALID,Online,Resolved: Operating normally
2026-08-07 04:00:00+00:00,28.933333333333334,VALID,76.57334666666667,VALID,0.90551,VALID,Online,Resolved: Operating normally
2026-08-07 05:00:00+00:00,28.766666666666666,VALID,76.33737333333333,VALID,0.9050020000000001,VALID,Online,Resolved: Operating normally
2026-08-07 06:00:00+00:00,28.7,VALID,76.45536,VALID,0.9052560000000001,VALID,Online,Resolved: Operating normally
2026-08-07 07:00:00+00:00,28.691666666666666,VALID,76.45536,VALID,0.9052560000000001,VALID,Online,Resolved: Operating normally
2026-08-07 08:00:00+00:00,28.625,VALID,75.74744,VALID,0.9037320000000001,VALID,Online,Resolved: Operating normally
2026-08-07 09:00:00+00:00,28.516666666666666,VALID,74.3316,VALID,0.900684,VALID,Online,Resolved: Operating normally
2026-08-07 10:00:00+00:00,28.416666666666668,VALID,72.67978666666666,VALID,0.897128,VALID,Online,Resolved: Operating normally
2026-08-07 11:00:00+00:00,28.291666666666668,VALID,70.32005333333333,VALID,0.8920480000000001,VALID,Online,Resolved: Operating normally
2026-08-07 12:00:00+00:00,28.15833333333333,VALID,68.55025333333333,VALID,0.888238,VALID,Online,Resolved: Operating normally
2026-08-07 13:00:00+00:00,28.108333333333334,VALID,67.48837333333333,VALID,0.8859520000000001,VALID,Online,Resolved: Operating normally
2026-08-07 14:00:00+00:00,28.349999999999998,VALID,66.54448,VALID,0.8839200000000002,VALID,Online,Resolved: Operating normally
2026-08-07 15:00:00+00:00,28.399999999999995,VALID,66.54448,VALID,0.8839200000000002,VALID,Online,Resolved: Operating normally
2026-08-07 16:00:00+00:00,28.38333333333333,VALID,65.24662666666667,VALID,0.8811260000000001,VALID,Online,Resolved: Operating normally
2026-08-07 17:00:00+00:00,28.608333333333334,VALID,65.12864,VALID,0.8808720000000001,VALID,Online,Resolved: Operating normally
2026-08-07 18:00:00+00:00,28.95,VALID,64.46791466666666,VALID,0.8790940000000002,VALID,Online,Resolved: Operating normally
2026-08-07 19:00:00+00:00,29.133333333333336,VALID,63.995968,VALID,0.877824,VALID,Online,Resolved: Operating normally
2026-08-07 20:00:00+00:00,29.400000000000002,VALID,62.816101333333336,VALID,0.8752840000000001,VALID,Online,Resolved: Operating normally
2026-08-07 21:00:00+00:00,29.95,VALID,62.69811466666667,VALID,0.8750300000000001,VALID,Online,Resolved: Operating normally
2026-08-07 22:00:00+00:00,30.058333333333334,VALID,62.108181333333334,VALID,0.8737600000000002,VALID,Online,Resolved: Operating normally
2026-08-07 23:00:00+00:00,29.90833333333333,VALID,61.164288,VALID,0.8717280000000001,VALID,Online,Resolved: Operating normally
2026-08-08 00:00:00+00:00,29.883333333333336,VALID,62.816101333333336,VALID,0.8752840000000001,VALID,Online,Resolved: Operating normally
2026-08-08 01:00:00+00:00,29.925,VALID,63.759994666666664,VALID,0.8773160000000001,VALID,Online,Resolved: Operating normally
2026-08-08 02:00:00+00:00,29.691666666666666,VALID,63.26445066666667,VALID,0.8763000000000001,VALID,Online,Resolved: Operating normally
2026-08-08 03:00:00+00:00,29.55,VALID,64.93986133333334,VALID,0.8803640000000001,VALID,Online,Resolved: Operating normally
2026-08-08 04:00:00+00:00,29.40833333333333,VALID,65.08144533333333,VALID,0.8806180000000001,VALID,Online,Resolved: Operating normally
2026-08-08 05:00:00+00:00,29.308333333333334,VALID,69.61213333333333,VALID,0.8905240000000001,VALID,Online,Resolved: Operating normally
2026-08-08 06:00:00+00:00,29.224999999999998,VALID,79.05106666666667,VALID,0.910844,VALID,Online,Resolved: Operating normally
2026-08-08 07:00:00+00:00,29.2,VALID,85.233568,VALID,0.923544,VALID,Online,Resolved: Operating normally
2026-08-08 08:00:00+00:00,29.2,VALID,84.879608,VALID,0.9227820000000001,VALID,Online,Resolved: Operating normally
2026-08-08 09:00:00+00:00,29.141666666666666,VALID,81.57598133333333,VALID,0.916178,VALID,Online,Resolved: Operating normally
2026-08-08 10:00:00+00:00,28.983333333333334,VALID,78.10717333333334,VALID,0.9088120000000001,VALID,Online,Resolved: Operating normally
2026-08-08 11:00:00+00:00,28.866666666666664,VALID,74.56757333333333,VALID,0.901192,VALID,Online,Resolved: Operating normally
2026-08-08 12:00:00+00:00,28.808333333333334,VALID,71.85388,VALID,0.8953500000000001,VALID,Online,Resolved: Operating normally
2026-08-08 13:00:00+00:00,28.71666666666667,VALID,69.73012,VALID,0.8907780000000001,VALID,Online,Resolved: Operating normally
2026-08-08 14:00:00+00:00,28.849999999999998,VALID,68.43226666666666,VALID,0.887984,VALID,Online,Resolved: Operating normally
2026-08-08 15:00:00+00:00,28.958333333333332,VALID,67.2524,VALID,0.8854440000000001,VALID,Online,Resolved: Operating normally
2026-08-08 16:00:00+00:00,28.958333333333332,VALID,66.19051999999999,VALID,0.883158,VALID,Online,Resolved: Operating normally
2026-08-08 17:00:00+00:00,28.90833333333333,VALID,65.36461333333334,VALID,0.88138,VALID,Online,Resolved: Operating normally
2026-08-08 18:00:00+00:00,29.2,VALID,64.37352533333333,VALID,0.87884,VALID,Online,Resolved: Operating normally
2026-08-08 19:00:00+00:00,29.849999999999998,VALID,63.17006133333334,VALID,0.8760460000000001,VALID,Online,Resolved: Operating normally
2026-08-08 20:00:00+00:00,29.691666666666666,VALID,62.580128,VALID,0.8747760000000001,VALID,Online,Resolved: Operating normally
2026-08-08 21:00:00+00:00,30.066666666666666,VALID,62.69811466666667,VALID,0.8750300000000001,VALID,Online,Resolved: Operating normally
2026-08-08 22:00:00+00:00,30.366666666666664,VALID,62.580128,VALID,0.8747760000000001,VALID,Online,Resolved: Operating normally
2026-08-08 23:00:00+00:00,30.691666666666666,VALID,62.34415466666667,VALID,0.8742680000000002,VALID,Online,Resolved: Operating normally
2026-08-09 00:00:00+00:00,30.724999999999998,VALID,61.282274666666666,VALID,0.871982,VALID,Online,Resolved: Operating normally
2026-08-09 01:00:00+00:00,30.474999999999998,VALID,61.164288,VALID,0.8717280000000001,VALID,Online,Resolved: Operating normally
2026-08-09 02:00:00+00:00,30.191666666666666,VALID,61.06989866666667,VALID,0.8714740000000001,VALID,Online,Resolved: Operating normally
2026-08-09 03:00:00+00:00,30.125,VALID,60.03161600000001,VALID,0.86868,VALID,Online,Resolved: Operating normally
2026-08-09 04:00:00+00:00,30.100000000000005,VALID,60.03161600000001,VALID,0.86868,VALID,Online,Resolved: Operating normally
2026-08-09 05:00:00+00:00,30.041666666666668,VALID,58.85174933333334,VALID,0.86614,VALID,Online,Resolved: Operating normally
2026-08-09 06:00:00+00:00,29.958333333333332,VALID,58.33260799999999,VALID,0.8648699999999999,VALID,Online,Resolved: Operating normally
2026-08-09 07:00:00+00:00,29.849999999999998,VALID,57.483104,VALID,0.862584,VALID,Online,Resolved: Operating normally
2026-08-09 08:00:00+00:00,29.791666666666668,VALID,57.24713066666666,VALID,0.8620760000000001,VALID,Online,Resolved: Operating normally
2026-08-09 09:00:00+00:00,29.7,VALID,56.18525066666667,VALID,0.8597899999999999,VALID,Online,Resolved: Operating normally
2026-08-09 10:00:00+00:00,29.61666666666667,VALID,55.97287466666666,VALID,0.859282,VALID,Online,Resolved: Operating normally
2026-08-09 11:00:00+00:00,29.525000000000002,VALID,56.09086133333333,VALID,0.859536,VALID,Online,Resolved: Operating normally
2026-08-09 12:00:00+00:00,29.416666666666668,VALID,55.689706666666666,VALID,0.85852,VALID,Online,Resolved: Operating normally
2026-08-09 13:00:00+00:00,29.399999999999995,VALID,55.595317333333334,VALID,0.858266,VALID,Online,Resolved: Operating normally
2026-08-09 14:00:00+00:00,29.399999999999995,VALID,55.595317333333334,VALID,0.858266,VALID,Online,Resolved: Operating normally
2026-08-09 15:00:00+00:00,29.53333333333333,VALID,55.97287466666666,VALID,0.859282,VALID,Online,Resolved: Operating normally
2026-08-09 16:00:00+00:00,29.516666666666666,VALID,56.18525066666667,VALID,0.8597899999999999,VALID,Online,Resolved: Operating normally
2026-08-09 17:00:00+00:00,29.633333333333336,VALID,56.067264,VALID,0.859536,VALID,Online,Resolved: Operating normally
2026-08-09 18:00:00+00:00,30.241666666666664,VALID,56.067264,VALID,0.859536,VALID,Online,Resolved: Operating normally
2026-08-09 19:00:00+00:00,30.46666666666667,VALID,56.303237333333335,VALID,0.8600439999999999,VALID,Online,Resolved: Operating normally
2026-08-09 20:00:00+00:00,30.683333333333334,VALID,56.421224,VALID,0.8602979999999999,VALID,Online,Resolved: Operating normally
2026-08-09 21:00:00+00:00,30.900000000000002,VALID,57.24713066666666,VALID,0.8620760000000001,VALID,Online,Resolved: Operating normally
2026-08-09 22:00:00+00:00,30.941666666666666,VALID,57.483104,VALID,0.862584,VALID,Online,Resolved: Operating normally
2026-08-09 23:00:00+00:00,30.916666666666668,VALID,57.483104,VALID,0.862584,VALID,Online,Resolved: Operating normally
2026-08-10 00:00:00+00:00,30.758333333333336,VALID,57.483104,VALID,0.862584,VALID,Online,Resolved: Operating normally
2026-08-10 01:00:00+00:00,30.78333333333333,VALID,57.483104,VALID,0.862584,VALID,Online,Resolved: Operating normally
2026-08-10 02:00:00+00:00,30.675,VALID,57.483104,VALID,0.862584,VALID,Online,Resolved: Operating normally
2026-08-10 03:00:00+00:00,30.424999999999997,VALID,58.04944,VALID,0.864108,VALID,Online,Resolved: Operating normally
2026-08-10 04:00:00+00:00,30.38333333333333,VALID,58.615776000000004,VALID,0.8656320000000001,VALID,Online,Resolved: Operating normally
2026-08-10 05:00:00+00:00,30.275000000000002,VALID,58.615776000000004,VALID,0.8656320000000001,VALID,Online,Resolved: Operating normally
2026-08-10 06:00:00+00:00,30.175,VALID,58.73376266666666,VALID,0.865886,VALID,Online,Resolved: Operating normally
2026-08-10 07:00:00+00:00,30.058333333333334,VALID,60.03161600000001,VALID,0.86868,VALID,Online,Resolved: Operating normally
2026-08-10 08:00:00+00:00,29.991666666666664,VALID,60.314784,VALID,0.8694420000000002,VALID,Online,Resolved: Operating normally
2026-08-10 09:00:00+00:00,29.90833333333333,VALID,61.164288,VALID,0.8717280000000001,VALID,Online,Resolved: Operating normally
2026-08-10 10:00:00+00:00,29.88333333333333,VALID,61.872208,VALID,0.873252,VALID,Online,Resolved: Operating normally
2026-08-10 11:00:00+00:00,29.8,VALID,62.934088,VALID,0.8755380000000001,VALID,Online,Resolved: Operating normally
2026-08-10 12:00:00+00:00,29.8,VALID,63.995968,VALID,0.877824,VALID,Online,Resolved: Operating normally
2026-08-10 13:00:00+00:00,29.8,VALID,65.12864,VALID,0.8808720000000001,VALID,Online,Resolved: Operating normally
2026-08-10 14:00:00+00:00,29.808333333333334,VALID,65.60058666666667,VALID,0.881888,VALID,Online,Resolved: Operating normally
2026-08-10 15:00:00+00:00,29.899999999999995,VALID,66.42649333333333,VALID,0.883666,VALID,Online,Resolved: Operating normally
2026-08-10 16:00:00+00:00,29.899999999999995,VALID,66.54448,VALID,0.8839200000000002,VALID,Online,Resolved: Operating normally
2026-08-10 17:00:00+00:00,29.833333333333332,VALID,66.54448,VALID,0.8839200000000002,VALID,Online,Resolved: Operating normally
2026-08-10 18:00:00+00:00,29.96666666666667,VALID,66.54448,VALID,0.8839200000000002,VALID,Online,Resolved: Operating normally
2026-08-10 19:00:00+00:00,30.291666666666668,VALID,66.78045333333333,VALID,0.8844280000000001,VALID,Online,Resolved: Operating normally
2026-08-10 20:00:00+00:00,30.96666666666667,VALID,67.48837333333333,VALID,0.8859520000000001,VALID,Online,Resolved: Operating normally
2026-08-10 21:00:00+00:00,31.09166666666667,VALID,71.85388,VALID,0.8953500000000001,VALID,Online,Resolved: Operating normally
2026-08-10 22:00:00+00:00,30.724999999999998,VALID,71.49992,VALID,0.894588,VALID,Online,Resolved: Operating normally
2026-08-10 23:00:00+00:00,30.791666666666668,VALID,78.46113333333334,VALID,0.9095740000000001,VALID,Online,Resolved: Operating normally
2026-08-11 00:00:00+00:00,30.891666666666666,VALID,81.4108,VALID,0.915924,VALID,Online,Resolved: Operating normally
2026-08-11 01:00:00+00:00,30.75,VALID,82.968224,VALID,0.918972,VALID,Online,Resolved: Operating normally
2026-08-11 02:00:00+00:00,30.516666666666666,VALID,82.11872,VALID,0.9174479999999999,VALID,Online,Resolved: Operating normally
2026-08-11 03:00:00+00:00,30.316666666666666,VALID,82.11872,VALID,0.9174479999999999,VALID,Online,Resolved: Operating normally
2026-08-11 04:00:00+00:00,30.15833333333333,VALID,82.11872,VALID,0.9174479999999999,VALID,Online,Resolved: Operating normally
2026-08-11 05:00:00+00:00,30.041666666666668,VALID,83.251392,VALID,0.9194800000000001,VALID,Online,Resolved: Operating normally
2026-08-11 06:00:00+00:00,30.0,VALID,85.46954133333334,VALID,0.9240520000000001,VALID,Online,Resolved: Operating normally
2026-08-11 07:00:00+00:00,30.0,VALID,87.498912,VALID,0.928116,VALID,Online,Resolved: Operating normally
2026-08-11 08:00:00+00:00,29.891666666666666,VALID,89.410296,VALID,0.9319260000000001,VALID,Online,Resolved: Operating normally
2026-08-11 09:00:00+00:00,29.78333333333333,VALID,89.764256,VALID,0.9326880000000001,VALID,Online,Resolved: Operating normally
2026-08-11 10:00:00+00:00,29.541666666666668,VALID,89.31590666666666,VALID,0.931672,VALID,Online,Resolved: Operating normally
2026-08-11 11:00:00+00:00,29.266666666666666,VALID,88.82036266666667,VALID,0.930656,VALID,Online,Resolved: Operating normally
2026-08-11 12:00:00+00:00,29.150000000000002,VALID,88.702376,VALID,0.9304020000000001,VALID,Online,Resolved: Operating normally
2026-08-11 13:00:00+00:00,29.03333333333333,VALID,89.64626933333334,VALID,0.9324340000000001,VALID,Online,Resolved: Operating normally
2026-08-11 14:00:00+00:00,29.025000000000002,VALID,90.189008,VALID,0.9334500000000001,VALID,Online,Resolved: Operating normally
2026-08-11 15:00:00+00:00,29.208333333333332,VALID,90.47217599999999,VALID,0.9339580000000001,VALID,Online,Resolved: Operating normally
2026-08-11 16:00:00+00:00,29.666666666666668,VALID,91.93521066666666,VALID,0.9367519999999999,VALID,Online,Resolved: Operating normally
2026-08-11 17:00:00+00:00,29.84166666666667,VALID,93.16227199999999,VALID,0.939292,VALID,Online,Resolved: Operating normally
2026-08-11 18:00:00+00:00,30.208333333333332,VALID,94.294944,VALID,0.9413239999999999,VALID,Online,Resolved: Operating normally
2026-08-11 19:00:00+00:00,30.175,VALID,94.57811199999999,VALID,0.9418320000000001,VALID,Online,Resolved: Operating normally
2026-08-11 20:00:00+00:00,30.21666666666667,VALID,93.72860800000001,VALID,0.940308,VALID,Online,Resolved: Operating normally
2026-08-11 21:00:00+00:00,30.383333333333336,VALID,92.879104,VALID,0.9387840000000001,VALID,Online,Resolved: Operating normally
2026-08-11 22:00:00+00:00,30.474999999999998,VALID,92.525144,VALID,0.938022,VALID,Online,Resolved: Operating normally
2026-08-11 23:00:00+00:00,30.433333333333334,VALID,91.463264,VALID,0.935736,VALID,Online,Resolved: Operating normally
2026-08-12 00:00:00+00:00,30.25,VALID,90.189008,VALID,0.9334500000000001,VALID,Online,Resolved: Operating normally
2026-08-12 01:00:00+00:00,30.133333333333336,VALID,89.764256,VALID,0.9326880000000001,VALID,Online,Resolved: Operating normally
2026-08-12 02:00:00+00:00,29.983333333333334,VALID,89.764256,VALID,0.9326880000000001,VALID,Online,Resolved: Operating normally
2026-08-12 03:00:00+00:00,29.833333333333332,VALID,88.46640266666667,VALID,0.929894,VALID,Online,Resolved: Operating normally
2026-08-12 04:00:00+00:00,29.7,VALID,87.92366399999999,VALID,0.9288780000000001,VALID,Online,Resolved: Operating normally
2026-08-12 05:00:00+00:00,29.575000000000003,VALID,86.649408,VALID,0.926592,VALID,Online,Resolved: Operating normally
2026-08-12 06:00:00+00:00,29.424999999999997,VALID,85.82350133333334,VALID,0.924814,VALID,Online,Resolved: Operating normally
2026-08-12 07:00:00+00:00,29.291666666666668,VALID,84.879608,VALID,0.9227820000000001,VALID,Online,Resolved: Operating normally
2026-08-12 08:00:00+00:00,29.150000000000002,VALID,83.53456,VALID,0.919988,VALID,Online,Resolved: Operating normally
2026-08-12 09:00:00+00:00,29.025000000000002,VALID,82.11872,VALID,0.9174479999999999,VALID,Online,Resolved: Operating normally
2026-08-12 10:00:00+00:00,28.849999999999998,VALID,81.52878666666666,VALID,0.9161779999999999,VALID,Online,Resolved: Operating normally
2026-08-12 11:00:00+00:00,28.683333333333334,VALID,80.70288,VALID,0.9144000000000001,VALID,Online,Resolved: Operating normally
2026-08-12 12:00:00+00:00,28.5,VALID,79.52301333333334,VALID,0.9118600000000002,VALID,Online,Resolved: Operating normally
2026-08-12 13:00:00+00:00,28.366666666666664,VALID,79.16905333333334,VALID,0.9110980000000001,VALID,Online,Resolved: Operating normally
2026-08-12 14:00:00+00:00,28.3,VALID,78.46113333333334,VALID,0.9095740000000001,VALID,Online,Resolved: Operating normally
2026-08-12 15:00:00+00:00,28.55,VALID,77.8712,VALID,0.9083039999999999,VALID,Online,Resolved: Operating normally
2026-08-12 16:00:00+00:00,28.88333333333333,VALID,77.75321333333333,VALID,0.9080499999999999,VALID,Online,Resolved: Operating normally
2026-08-12 17:00:00+00:00,28.958333333333332,VALID,76.45536,VALID,0.9052560000000001,VALID,Online,Resolved: Operating normally
2026-08-12 18:00:00+00:00,28.84166666666667,VALID,76.45536,VALID,0.9052560000000001,VALID,Online,Resolved: Operating normally
2026-08-12 19:00:00+00:00,28.816666666666666,VALID,76.45536,VALID,0.9052560000000001,VALID,Online,Resolved: Operating normally
2026-08-12 20:00:00+00:00,29.058333333333334,VALID,76.45536,VALID,0.9052560000000001,VALID,Online,Resolved: Operating normally
2026-08-12 21:00:00+00:00,29.45,VALID,76.45536,VALID,0.9052560000000001,VALID,Online,Resolved: Operating normally
2026-08-12 22:00:00+00:00,29.59166666666667,VALID,76.45536,VALID,0.9052560000000001,VALID,Online,Resolved: Operating normally
2026-08-12 23:00:00+00:00,29.916666666666668,VALID,76.45536,VALID,0.9052560000000001,VALID,Online,Resolved: Operating normally
2026-08-13 00:00:00+00:00,29.916666666666668,VALID,76.45536,VALID,0.9052560000000001,VALID,Online,Resolved: Operating normally
2026-08-13 01:00:00+00:00,29.625,VALID,76.45536,VALID,0.9052560000000001,VALID,Online,Resolved: Operating normally
2026-08-13 02:00:00+00:00,29.575000000000003,VALID,76.45536,VALID,0.9052560000000001,VALID,Online,Resolved: Operating normally
2026-08-13 03:00:00+00:00,29.46666666666667,VALID,76.45536,VALID,0.9052560000000001,VALID,Online,Resolved: Operating normally
2026-08-13 04:00:00+00:00,29.358333333333334,VALID,76.45536,VALID,0.9052560000000001,VALID,Online,Resolved: Operating normally
2026-08-13 05:00:00+00:00,29.275000000000002,VALID,76.57334666666667,VALID,0.90551,VALID,Online,Resolved: Operating normally
2026-08-13 06:00:00+00:00,29.208333333333332,VALID,77.16328,VALID,0.90678,VALID,Online,Resolved: Operating normally
2026-08-13 07:00:00+00:00,29.150000000000002,VALID,77.63522666666667,VALID,0.9077959999999999,VALID,Online,Resolved: Operating normally
2026-08-13 08:00:00+00:00,29.083333333333332,VALID,76.92730666666667,VALID,0.9062720000000001,VALID,Online,Resolved: Operating normally
2026-08-13 09:00:00+00:00,29.008333333333336,VALID,77.16328,VALID,0.90678,VALID,Online,Resolved: Operating normally
2026-08-13 10:00:00+00:00,28.95,VALID,77.16328,VALID,0.90678,VALID,Online,Resolved: Operating normally
2026-08-13 11:00:00+00:00,28.808333333333334,VALID,77.51724,VALID,0.907542,VALID,Online,Resolved: Operating normally
2026-08-13 12:00:00+00:00,28.7,VALID,77.8712,VALID,0.9083039999999999,VALID,Online,Resolved: Operating normally
2026-08-13 13:00:00+00:00,28.541666666666668,VALID,77.8712,VALID,0.9083039999999999,VALID,Online,Resolved: Operating normally
2026-08-13 14:00:00+00:00,28.416666666666668,VALID,77.75321333333333,VALID,0.9080499999999999,VALID,Online,Resolved: Operating normally
2026-08-13 15:00:00+00:00,28.483333333333334,VALID,78.57912,VALID,0.9098280000000001,VALID,Online,Resolved: Operating normally
2026-08-13 16:00:00+00:00,28.758333333333336,VALID,79.28704,VALID,0.911352,VALID,Online,Resolved: Operating normally
2026-08-13 17:00:00+00:00,29.233333333333334,VALID,79.52301333333334,VALID,0.9118600000000002,VALID,Online,Resolved: Operating normally
2026-08-13 18:00:00+00:00,29.474999999999998,VALID,80.23093333333333,VALID,0.9133840000000001,VALID,Online,Resolved: Operating normally
2026-08-13 19:00:00+00:00,29.508333333333336,VALID,81.4108,VALID,0.915924,VALID,Online,Resolved: Operating normally
2026-08-13 20:00:00+00:00,29.833333333333332,VALID,82.11872,VALID,0.9174479999999999,VALID,Online,Resolved: Operating normally
2026-08-13 21:00:00+00:00,29.891666666666666,VALID,83.392976,VALID,0.919734,VALID,Online,Resolved: Operating normally
2026-08-13 22:00:00+00:00,29.866666666666664,VALID,83.817728,VALID,0.9204960000000001,VALID,Online,Resolved: Operating normally
2026-08-13 23:00:00+00:00,29.966666666666665,VALID,83.817728,VALID,0.9204960000000001,VALID,Online,Resolved: Operating normally
2026-08-14 00:00:00+00:00,29.900000000000002,VALID,83.817728,VALID,0.9204960000000001,VALID,Online,Resolved: Operating normally
2026-08-14 01:00:00+00:00,29.891666666666666,VALID,83.817728,VALID,0.9204960000000001,VALID,Online,Resolved: Operating normally
2026-08-14 02:00:00+00:00,29.8,VALID,83.817728,VALID,0.9204960000000001,VALID,Online,Resolved: Operating normally
2026-08-14 03:00:00+00:00,29.766666666666666,VALID,83.817728,VALID,0.9204960000000001,VALID,Online,Resolved: Operating normally
2026-08-14 04:00:00+00:00,29.7,VALID,83.817728,VALID,0.9204960000000001,VALID,Online,Resolved: Operating normally
2026-08-14 05:00:00+00:00,29.65833333333333,VALID,83.251392,VALID,0.9194800000000001,VALID,Online,Resolved: Operating normally
2026-08-14 06:00:00+00:00,29.600000000000005,VALID,82.260304,VALID,0.9177019999999999,VALID,Online,Resolved: Operating normally
2026-08-14 07:00:00+00:00,29.525000000000002,VALID,81.4108,VALID,0.915924,VALID,Online,Resolved: Operating normally
2026-08-14 08:00:00+00:00,29.45,VALID,80.70288,VALID,0.9144000000000001,VALID,Online,Resolved: Operating normally
2026-08-14 09:00:00+00:00,29.38333333333333,VALID,80.70288,VALID,0.9144000000000001,VALID,Online,Resolved: Operating normally
2026-08-14 10:00:00+00:00,29.3,VALID,79.87697333333334,VALID,0.9126220000000002,VALID,Online,Resolved: Operating normally
2026-08-14 11:00:00+00:00,29.208333333333332,VALID,79.28704,VALID,0.9113520000000003,VALID,Online,Resolved: Operating normally
2026-08-14 12:00:00+00:00,29.11666666666667,VALID,79.16905333333334,VALID,0.9110980000000001,VALID,Online,Resolved: Operating normally
2026-08-14 13:00:00+00:00,29.008333333333336,VALID,77.8712,VALID,0.9083039999999999,VALID,Online,Resolved: Operating normally
2026-08-14 14:00:00+00:00,28.974999999999998,VALID,77.8712,VALID,0.9083039999999999,VALID,Online,Resolved: Operating normally
2026-08-14 15:00:00+00:00,28.899999999999995,VALID,77.39925333333333,VALID,0.907288,VALID,Online,Resolved: Operating normally
2026-08-14 16:00:00+00:00,28.849999999999998,VALID,76.45536,VALID,0.9052560000000001,VALID,Online,Resolved: Operating normally
2026-08-14 17:00:00+00:00,28.808333333333334,VALID,75.74744,VALID,0.9037320000000001,VALID,Online,Resolved: Operating normally
2026-08-14 18:00:00+00:00,28.958333333333332,VALID,75.03952,VALID,0.902208,VALID,Online,Resolved: Operating normally
2026-08-14 19:00:00+00:00,29.308333333333334,VALID,74.21361333333333,VALID,0.9004300000000001,VALID,Online,Resolved: Operating normally
2026-08-14 20:00:00+00:00,29.625,VALID,73.62368,VALID,0.8991600000000001,VALID,Online,Resolved: Operating normally
2026-08-14 21:00:00+00:00,29.641666666666666,VALID,72.67978666666666,VALID,0.897128,VALID,Online,Resolved: Operating normally
2026-08-14 22:00:00+00:00,29.608333333333334,VALID,72.20784,VALID,0.896112,VALID,Online,Resolved: Operating normally
2026-08-14 23:00:00+00:00,29.541666666666668,VALID,72.20784,VALID,0.896112,VALID,Online,Resolved: Operating normally
2026-08-15 00:00:00+00:00,29.5,VALID,72.20784,VALID,0.896112,VALID,Online,Resolved: Operating normally
2026-08-15 01:00:00+00:00,29.55,VALID,72.20784,VALID,0.896112,VALID,Online,Resolved: Operating normally
2026-08-15 02:00:00+00:00,29.583333333333332,VALID,72.20784,VALID,0.896112,VALID,Online,Resolved: Operating normally
2026-08-15 03:00:00+00:00,29.5,VALID,72.20784,VALID,0.896112,VALID,Online,Resolved: Operating normally
2026-08-15 04:00:00+00:00,29.45,VALID,72.32582666666667,VALID,0.896366,VALID,Online,Resolved: Operating normally
2026-08-15 05:00:00+00:00,29.358333333333334,VALID,73.38770666666666,VALID,0.8986520000000001,VALID,Online,Resolved: Operating normally
2026-08-15 06:00:00+00:00,29.258333333333336,VALID,73.62368,VALID,0.8991600000000001,VALID,Online,Resolved: Operating normally
2026-08-15 07:00:00+00:00,29.183333333333334,VALID,73.85965333333333,VALID,0.8996680000000001,VALID,Online,Resolved: Operating normally
2026-08-15 08:00:00+00:00,29.075000000000003,VALID,74.80354666666666,VALID,0.9017,VALID,Online,Resolved: Operating normally
2026-08-15 09:00:00+00:00,29.0,VALID,75.03952,VALID,0.902208,VALID,Online,Resolved: Operating normally
2026-08-15 10:00:00+00:00,28.924999999999997,VALID,75.86542666666666,VALID,0.9039860000000001,VALID,Online,Resolved: Operating normally
2026-08-15 11:00:00+00:00,28.8,VALID,76.45536,VALID,0.9052560000000001,VALID,Online,Resolved: Operating normally
2026-08-15 12:00:00+00:00,28.71666666666667,VALID,76.57334666666667,VALID,0.90551,VALID,Online,Resolved: Operating normally
2026-08-15 13:00:00+00:00,28.608333333333334,VALID,77.8712,VALID,0.9083039999999999,VALID,Online,Resolved: Operating normally
2026-08-15 14:00:00+00:00,28.666666666666668,VALID,78.69710666666667,VALID,0.9100820000000001,VALID,Online,Resolved: Operating normally
2026-08-15 15:00:00+00:00,28.791666666666668,VALID,79.641,VALID,0.9121140000000002,VALID,Online,Resolved: Operating normally
2026-08-15 16:00:00+00:00,28.900000000000002,VALID,81.198424,VALID,0.915416,VALID,Online,Resolved: Operating normally
2026-08-15 17:00:00+00:00,28.666666666666668,VALID,82.260304,VALID,0.9177019999999999,VALID,Online,Resolved: Operating normally
2026-08-15 18:00:00+00:00,29.008333333333336,VALID,83.67614400000001,VALID,0.920242,VALID,Online,Resolved: Operating normally
2026-08-15 19:00:00+00:00,29.3,VALID,84.525648,VALID,0.9220200000000002,VALID,Online,Resolved: Operating normally
2026-08-15 20:00:00+00:00,29.433333333333334,VALID,85.233568,VALID,0.923544,VALID,Online,Resolved: Operating normally
2026-08-15 21:00:00+00:00,29.808333333333334,VALID,85.35155466666667,VALID,0.923798,VALID,Online,Resolved: Operating normally
2026-08-15 22:00:00+00:00,29.791666666666668,VALID,85.70551466666666,VALID,0.92456,VALID,Online,Resolved: Operating normally
2026-08-15 23:00:00+00:00,29.78333333333333,VALID,85.94148799999999,VALID,0.925068,VALID,Online,Resolved: Operating normally
2026-08-16 00:00:00+00:00,29.633333333333336,VALID,85.46954133333334,VALID,0.9240520000000001,VALID,Online,Resolved: Operating normally
2026-08-16 01:00:00+00:00,29.600000000000005,VALID,85.11558133333334,VALID,0.92329,VALID,Online,Resolved: Operating normally
2026-08-16 02:00:00+00:00,29.583333333333332,VALID,83.817728,VALID,0.9204960000000001,VALID,Online,Resolved: Operating normally
2026-08-16 03:00:00+00:00,29.508333333333336,VALID,83.251392,VALID,0.9194800000000001,VALID,Online,Resolved: Operating normally
2026-08-16 04:00:00+00:00,29.474999999999998,VALID,82.11872,VALID,0.9174479999999999,VALID,Online,Resolved: Operating normally
2026-08-16 05:00:00+00:00,29.40833333333333,VALID,80.70288,VALID,0.9144000000000001,VALID,Online,Resolved: Operating normally
2026-08-16 06:00:00+00:00,29.358333333333334,VALID,80.46690666666666,VALID,0.9138920000000001,VALID,Online,Resolved: Operating normally
2026-08-16 07:00:00+00:00,29.258333333333336,VALID,79.28704,VALID,0.9113520000000003,VALID,Online,Resolved: Operating normally
2026-08-16 08:00:00+00:00,29.208333333333332,VALID,78.57912,VALID,0.9098280000000001,VALID,Online,Resolved: Operating normally
2026-08-16 09:00:00+00:00,29.11666666666667,VALID,77.75321333333333,VALID,0.9080499999999999,VALID,Online,Resolved: Operating normally
2026-08-16 10:00:00+00:00,29.041666666666668,VALID,76.57334666666667,VALID,0.90551,VALID,Online,Resolved: Operating normally
2026-08-16 11:00:00+00:00,28.941666666666666,VALID,76.1014,VALID,0.904494,VALID,Online,Resolved: Operating normally
2026-08-16 12:00:00+00:00,28.825,VALID,75.15750666666666,VALID,0.902462,VALID,Online,Resolved: Operating normally
2026-08-16 13:00:00+00:00,28.71666666666667,VALID,74.68556,VALID,0.901446,VALID,Online,Resolved: Operating normally
2026-08-16 14:00:00+00:00,28.59166666666667,VALID,74.44958666666666,VALID,0.900938,VALID,Online,Resolved: Operating normally
2026-08-16 15:00:00+00:00,28.45,VALID,73.62368,VALID,0.8991600000000001,VALID,Online,Resolved: Operating normally
2026-08-16 16:00:00+00:00,28.34166666666667,VALID,73.62368,VALID,0.8991600000000001,VALID,Online,Resolved: Operating normally
2026-08-16 17:00:00+00:00,28.224999999999998,VALID,73.62368,VALID,0.8991600000000001,VALID,Online,Resolved: Operating normally
2026-08-16 18:00:00+00:00,28.2,VALID,73.50569333333333,VALID,0.8989060000000001,VALID,Online,Resolved: Operating normally
2026-08-16 19:00:00+00:00,28.208333333333332,VALID,72.32582666666667,VALID,0.896366,VALID,Online,Resolved: Operating normally
2026-08-16 20:00:00+00:00,28.349999999999998,VALID,72.20784,VALID,0.896112,VALID,Online,Resolved: Operating normally
2026-08-16 21:00:00+00:00,28.45,VALID,72.20784,VALID,0.896112,VALID,Online,Resolved: Operating normally
2026-08-16 22:00:00+00:00,28.5,VALID,71.97186666666667,VALID,0.8956040000000001,VALID,Online,Resolved: Operating normally
2026-08-16 23:00:00+00:00,28.55,VALID,70.90998666666667,VALID,0.8933180000000002,VALID,Online,Resolved: Operating normally
2026-08-17 00:00:00+00:00,28.633333333333336,VALID,70.90998666666667,VALID,0.8933180000000002,VALID,Online,Resolved: Operating normally
2026-08-17 01:00:00+00:00,28.7,VALID,70.792,VALID,0.8930640000000002,VALID,Online,Resolved: Operating normally
2026-08-17 02:00:00+00:00,28.650000000000002,VALID,70.67401333333333,VALID,0.89281,VALID,Online,Resolved: Operating normally
2026-08-17 03:00:00+00:00,28.600000000000005,VALID,71.02797333333334,VALID,0.8935720000000001,VALID,Online,Resolved: Operating normally
2026-08-17 04:00:00+00:00,28.600000000000005,VALID,71.85388,VALID,0.8953500000000001,VALID,Online,Resolved: Operating normally
2026-08-17 05:00:00+00:00,28.600000000000005,VALID,71.02797333333334,VALID,0.8935720000000001,VALID,Online,Resolved: Operating normally
2026-08-17 06:00:00+00:00,28.600000000000005,VALID,71.97186666666667,VALID,0.8956040000000001,VALID,Online,Resolved: Operating normally
2026-08-17 07:00:00+00:00,28.5,VALID,74.44958666666666,VALID,0.900938,VALID,Online,Resolved: Operating normally
2026-08-17 08:00:00+00:00,28.349999999999998,VALID,77.16328,VALID,0.90678,VALID,Online,Resolved: Operating normally
2026-08-17 09:00:00+00:00,28.241666666666664,VALID,77.98918666666667,VALID,0.9085580000000001,VALID,Online,Resolved: Operating normally
2026-08-17 10:00:00+00:00,28.2,VALID,77.8712,VALID,0.9083039999999999,VALID,Online,Resolved: Operating normally
2026-08-17 11:00:00+00:00,28.125,VALID,77.98918666666667,VALID,0.9085580000000001,VALID,Online,Resolved: Operating normally
2026-08-17 12:00:00+00:00,28.075000000000003,VALID,79.641,VALID,0.9121140000000002,VALID,Online,Resolved: Operating normally
2026-08-17 13:00:00+00:00,28.041666666666668,VALID,81.92994133333333,VALID,0.91694,VALID,Online,Resolved: Operating normally
2026-08-17 14:00:00+00:00,28.183333333333334,VALID,85.35155466666667,VALID,0.9237980000000001,VALID,Online,Resolved: Operating normally
2026-08-17 15:00:00+00:00,28.308333333333334,VALID,88.01805333333334,VALID,0.9291320000000001,VALID,Online,Resolved: Operating normally
2026-08-17 16:00:00+00:00,28.424999999999997,VALID,90.96772,VALID,0.9349740000000001,VALID,Online,Resolved: Operating normally
2026-08-17 17:00:00+00:00,28.741666666666664,VALID,92.05319733333333,VALID,0.9370060000000001,VALID,Online,Resolved: Operating normally
2026-08-17 18:00:00+00:00,28.974999999999998,VALID,94.15336,VALID,0.94107,VALID,Online,Resolved: Operating normally
2026-08-17 19:00:00+00:00,28.958333333333332,VALID,95.002864,VALID,0.942594,VALID,Online,Resolved: Operating normally
2026-08-17 20:00:00+00:00,28.899999999999995,VALID,96.135536,VALID,0.9446260000000001,VALID,Online,Resolved: Operating normally
2026-08-17 21:00:00+00:00,28.95,VALID,96.63108,VALID,0.945642,VALID,Online,Resolved: Operating normally
2026-08-17 22:00:00+00:00,29.058333333333334,VALID,97.24461066666667,VALID,0.9469120000000001,VALID,Online,Resolved: Operating normally
2026-08-17 23:00:00+00:00,29.100000000000005,VALID,96.74906666666668,VALID,0.945896,VALID,Online,Resolved: Operating normally
2026-08-18 00:00:00+00:00,29.09166666666667,VALID,97.339,VALID,0.9471660000000001,VALID,Online,Resolved: Operating normally
2026-08-18 01:00:00+00:00,29.0,VALID,96.51309333333332,VALID,0.945388,VALID,Online,Resolved: Operating normally
2026-08-18 02:00:00+00:00,28.916666666666668,VALID,95.28603199999999,VALID,0.943102,VALID,Online,Resolved: Operating normally
2026-08-18 03:00:00+00:00,28.766666666666666,VALID,93.587024,VALID,0.9400540000000001,VALID,Online,Resolved: Operating normally
2026-08-18 04:00:00+00:00,28.65833333333333,VALID,91.65204266666666,VALID,0.936244,VALID,Online,Resolved: Operating normally
2026-08-18 05:00:00+00:00,28.566666666666666,VALID,89.52828266666667,VALID,0.9321800000000001,VALID,Online,Resolved: Operating normally
2026-08-18 06:00:00+00:00,28.433333333333334,VALID,88.46640266666667,VALID,0.929894,VALID,Online,Resolved: Operating normally
2026-08-18 07:00:00+00:00,28.349999999999998,VALID,86.649408,VALID,0.926592,VALID,Online,Resolved: Operating normally
2026-08-18 08:00:00+00:00,28.28333333333333,VALID,85.35155466666667,VALID,0.923798,VALID,Online,Resolved: Operating normally
2026-08-18 09:00:00+00:00,28.2,VALID,84.05370133333334,VALID,0.921004,VALID,Online,Resolved: Operating normally
2026-08-18 10:00:00+00:00,28.083333333333332,VALID,82.968224,VALID,0.918972,VALID,Online,Resolved: Operating normally
2026-08-18 11:00:00+00:00,27.958333333333332,VALID,81.64677333333333,VALID,0.916432,VALID,Online,Resolved: Operating normally
2026-08-18 12:00:00+00:00,27.84166666666667,VALID,80.70288,VALID,0.9144000000000001,VALID,Online,Resolved: Operating normally
2026-08-18 13:00:00+00:00,27.741666666666664,VALID,79.75898666666667,VALID,0.9123680000000002,VALID,Online,Resolved: Operating normally
2026-08-18 14:00:00+00:00,27.775000000000002,VALID,78.34314666666667,VALID,0.9093200000000001,VALID,Online,Resolved: Operating normally
2026-08-18 15:00:00+00:00,28.041666666666668,VALID,77.75321333333333,VALID,0.9080499999999999,VALID,Online,Resolved: Operating normally
2026-08-18 16:00:00+00:00,28.541666666666668,VALID,76.92730666666667,VALID,0.9062720000000001,VALID,Online,Resolved: Operating normally
2026-08-18 17:00:00+00:00,29.03333333333333,VALID,76.33737333333333,VALID,0.9050020000000001,VALID,Online,Resolved: Operating normally
2026-08-18 18:00:00+00:00,29.366666666666664,VALID,75.51146666666666,VALID,0.9032240000000001,VALID,Online,Resolved: Operating normally
2026-08-18 19:00:00+00:00,29.483333333333334,VALID,75.03952,VALID,0.902208,VALID,Online,Resolved: Operating normally
2026-08-18 20:00:00+00:00,29.525000000000002,VALID,75.15750666666666,VALID,0.902462,VALID,Online,Resolved: Operating normally
2026-08-18 21:00:00+00:00,29.7,VALID,75.39348,VALID,0.9029699999999999,VALID,Online,Resolved: Operating normally
2026-08-18 22:00:00+00:00,29.8,VALID,75.03952,VALID,0.902208,VALID,Online,Resolved: Operating normally
2026-08-18 23:00:00+00:00,29.8,VALID,75.15750666666666,VALID,0.902462,VALID,Online,Resolved: Operating normally
2026-08-19 00:00:00+00:00,29.599999999999998,VALID,76.45536,VALID,0.9052560000000001,VALID,Online,Resolved: Operating normally
2026-08-19 01:00:00+00:00,29.400000000000002,VALID,77.39925333333333,VALID,0.907288,VALID,Online,Resolved: Operating normally
2026-08-19 02:00:00+00:00,29.3,VALID,78.34314666666667,VALID,0.9093200000000001,VALID,Online,Resolved: Operating normally
2026-08-19 03:00:00+00:00,29.25,VALID,80.11294666666667,VALID,0.9131300000000001,VALID,Online,Resolved: Operating normally
2026-08-19 04:00:00+00:00,29.150000000000002,VALID,80.82086666666666,VALID,0.9146540000000001,VALID,Online,Resolved: Operating normally
2026-08-19 05:00:00+00:00,29.058333333333334,VALID,82.11872,VALID,0.9174479999999999,VALID,Online,Resolved: Operating normally
2026-08-19 06:00:00+00:00,28.958333333333332,VALID,82.11872,VALID,0.9174479999999999,VALID,Online,Resolved: Operating normally
2026-08-19 07:00:00+00:00,28.816666666666666,VALID,82.543472,VALID,0.9182099999999999,VALID,Online,Resolved: Operating normally
2026-08-19 08:00:00+00:00,28.708333333333332,VALID,83.392976,VALID,0.919734,VALID,Online,Resolved: Operating normally
2026-08-19 09:00:00+00:00,28.566666666666666,VALID,83.53456,VALID,0.919988,VALID,Online,Resolved: Operating normally
2026-08-19 10:00:00+00:00,28.45,VALID,83.817728,VALID,0.9204960000000001,VALID,Online,Resolved: Operating normally
2026-08-19 11:00:00+00:00,28.316666666666666,VALID,83.251392,VALID,0.9194800000000001,VALID,Online,Resolved: Operating normally
2026-08-19 12:00:00+00:00,28.125,VALID,82.11872,VALID,0.9174479999999999,VALID,Online,Resolved: Operating normally
2026-08-19 13:00:00+00:00,27.941666666666666,VALID,82.11872,VALID,0.9174479999999999,VALID,Online,Resolved: Operating normally
2026-08-19 14:00:00+00:00,27.883333333333336,VALID,82.11872,VALID,0.9174479999999999,VALID,Online,Resolved: Operating normally
2026-08-19 15:00:00+00:00,28.125,VALID,81.17482666666666,VALID,0.915416,VALID,Online,Resolved: Operating normally
2026-08-19 16:00:00+00:00,28.383333333333336,VALID,80.70288,VALID,0.9144000000000001,VALID,Online,Resolved: Operating normally
2026-08-19 17:00:00+00:00,28.425,VALID,80.70288,VALID,0.9144000000000001,VALID,Online,Resolved: Operating normally
2026-08-19 18:00:00+00:00,28.741666666666664,VALID,80.58489333333333,VALID,0.9141460000000001,VALID,Online,Resolved: Operating normally
2026-08-19 19:00:00+00:00,28.90833333333333,VALID,80.93885333333333,VALID,0.914908,VALID,Online,Resolved: Operating normally
2026-08-19 20:00:00+00:00,29.166666666666668,VALID,81.05684,VALID,0.915162,VALID,Online,Resolved: Operating normally
2026-08-19 21:00:00+00:00,29.400000000000002,VALID,80.70288,VALID,0.9144000000000001,VALID,Online,Resolved: Operating normally
2026-08-19 22:00:00+00:00,29.316666666666666,VALID,80.70288,VALID,0.9144000000000001,VALID,Online,Resolved: Operating normally
2026-08-19 23:00:00+00:00,29.28333333333333,VALID,80.82086666666666,VALID,0.9146540000000001,VALID,Online,Resolved: Operating normally
2026-08-20 00:00:00+00:00,29.358333333333334,VALID,81.4108,VALID,0.915924,VALID,Online,Resolved: Operating normally
2026-08-20 01:00:00+00:00,29.375,VALID,82.11872,VALID,0.9174479999999999,VALID,Online,Resolved: Operating normally
2026-08-20 02:00:00+00:00,29.25,VALID,82.82664,VALID,0.918718,VALID,Online,Resolved: Operating normally
2026-08-20 03:00:00+00:00,29.150000000000002,VALID,83.817728,VALID,0.9204960000000001,VALID,Online,Resolved: Operating normally
2026-08-20 04:00:00+00:00,29.008333333333336,VALID,84.28967466666667,VALID,0.921512,VALID,Online,Resolved: Operating normally
2026-08-20 05:00:00+00:00,28.899999999999995,VALID,84.99759466666667,VALID,0.9230360000000001,VALID,Online,Resolved: Operating normally
2026-08-20 06:00:00+00:00,28.808333333333334,VALID,85.233568,VALID,0.923544,VALID,Online,Resolved: Operating normally
2026-08-20 07:00:00+00:00,28.7,VALID,85.233568,VALID,0.923544,VALID,Online,Resolved: Operating normally
2026-08-20 08:00:00+00:00,28.633333333333336,VALID,85.35155466666667,VALID,0.923798,VALID,Online,Resolved: Operating normally
2026-08-20 09:00:00+00:00,28.558333333333334,VALID,85.94148799999999,VALID,0.925068,VALID,Online,Resolved: Operating normally
2026-08-20 10:00:00+00:00,28.483333333333334,VALID,86.41343466666666,VALID,0.926084,VALID,Online,Resolved: Operating normally
2026-08-20 11:00:00+00:00,28.358333333333334,VALID,86.649408,VALID,0.926592,VALID,Online,Resolved: Operating normally
2026-08-20 12:00:00+00:00,28.233333333333334,VALID,86.649408,VALID,0.926592,VALID,Online,Resolved: Operating normally
2026-08-20 13:00:00+00:00,28.133333333333336,VALID,86.649408,VALID,0.926592,VALID,Online,Resolved: Operating normally
2026-08-20 14:00:00+00:00,28.008333333333336,VALID,87.498912,VALID,0.928116,VALID,Online,Resolved: Operating normally
2026-08-20 15:00:00+00:00,28.0,VALID,88.348416,VALID,0.92964,VALID,Online,Resolved: Operating normally
2026-08-20 16:00:00+00:00,28.108333333333334,VALID,88.206832,VALID,0.929386,VALID,Online,Resolved: Operating normally
2026-08-20 17:00:00+00:00,28.333333333333332,VALID,88.348416,VALID,0.92964,VALID,Online,Resolved: Operating normally
2026-08-20 18:00:00+00:00,28.625,VALID,88.348416,VALID,0.92964,VALID,Online,Resolved: Operating normally
2026-08-20 19:00:00+00:00,28.849999999999998,VALID,87.92366399999999,VALID,0.9288780000000001,VALID,Online,Resolved: Operating normally
2026-08-20 20:00:00+00:00,29.191666666666666,VALID,86.861784,VALID,0.926846,VALID,Online,Resolved: Operating normally
2026-08-20 21:00:00+00:00,29.125,VALID,87.00336800000001,VALID,0.9271000000000001,VALID,Online,Resolved: Operating normally
2026-08-20 22:00:00+00:00,29.008333333333336,VALID,88.702376,VALID,0.9304020000000001,VALID,Online,Resolved: Operating normally
2026-08-20 23:00:00+00:00,29.183333333333334,VALID,95.02646133333333,VALID,0.942594,VALID,Online,Resolved: Operating normally
2026-08-21 00:00:00+00:00,29.141666666666666,VALID,101.23255999999999,VALID,0.954278,VALID,Online,Resolved: Operating normally
2026-08-21 01:00:00+00:00,29.025000000000002,VALID,98.96721600000001,VALID,0.950214,VALID,Online,Resolved: Operating normally
2026-08-21 02:00:00+00:00,28.941666666666666,VALID,96.206328,VALID,0.94488,VALID,Online,Resolved: Operating normally
2026-08-21 03:00:00+00:00,28.775000000000002,VALID,93.72860800000001,VALID,0.940308,VALID,Online,Resolved: Operating normally
2026-08-21 04:00:00+00:00,28.641666666666666,VALID,92.76111733333333,VALID,0.9385300000000001,VALID,Online,Resolved: Operating normally
2026-08-21 05:00:00+00:00,28.46666666666667,VALID,92.76111733333333,VALID,0.9385300000000001,VALID,Online,Resolved: Operating normally
2026-08-21 06:00:00+00:00,28.2,VALID,92.879104,VALID,0.9387840000000001,VALID,Online,Resolved: Operating normally
2026-08-21 07:00:00+00:00,28.008333333333336,VALID,92.879104,VALID,0.9387840000000001,VALID,Online,Resolved: Operating normally
2026-08-21 08:00:00+00:00,27.8,VALID,91.463264,VALID,0.935736,VALID,Online,Resolved: Operating normally
2026-08-21 09:00:00+00:00,27.5,VALID,91.463264,VALID,0.935736,VALID,Online,Resolved: Operating normally
2026-08-21 10:00:00+00:00,27.281818181818185,VALID,91.30880872727272,VALID,0.9354589090909091,VALID,Online,Resolved: Operating normally
