,Temperature,Temperature_qa_flag,Streamflow,Streamflow_qa_flag,Gage height,Gage height_qa_flag,Station_State,Active_Alarms
2026-01-01 08:00:00+00:00,6.8,VALID,3716.58,VALID,23.243286,VALID,Warning,WARN: High flow rate detected (Flood risk)
2026-01-01 09:00:00+00:00,6.8,VALID,3716.58,VALID,23.248620000000003,VALID,Warning,WARN: High flow rate detected (Flood risk)
2026-01-01 10:00:00+00:00,6.8,VALID,3865.2432,VALID,23.223474000000003,VALID,Warning,WARN: High flow rate detected (Flood risk)
2026-01-01 11:00:00+00:00,6.8,VALID,3886.4808,VALID,23.198328,VALID,Warning,WARN: High flow rate detected (Flood risk)
2026-01-01 12:00:00+00:00,6.8,VALID,4247.52,VALID,23.173944,VALID,Warning,WARN: High flow rate detected (Flood risk)
2026-01-01 13:00:00+00:00,6.7,VALID,3808.6096,VALID,23.152608,VALID,Warning,WARN: High flow rate detected (Flood risk)
2026-01-01 14:00:00+00:00,6.8,VALID,3284.7488,VALID,23.213568000000002,VALID,Warning,WARN: High flow rate detected (Flood risk)
2026-01-01 15:00:00+00:00,6.8,VALID,4651.0344000000005,VALID,23.236428,VALID,Warning,WARN: High flow rate detected (Flood risk)
2026-01-01 16:00:00+00:00,6.7,VALID,4120.0944,VALID,23.222712,VALID,Warning,WARN: High flow rate detected (Flood risk)
2026-01-01 17:00:00+00:00,6.7,VALID,4240.4408,VALID,23.196804,VALID,Warning,WARN: High flow rate detected (Flood risk)
2026-01-01 18:00:00+00:00,6.7,VALID,4580.2424,VALID,23.208996,VALID,Warning,WARN: High flow rate detected (Flood risk)
2026-01-01 19:00:00+00:00,6.7,VALID,4580.2424,VALID,23.224236000000005,VALID,Warning,WARN: High flow rate detected (Flood risk)
2026-01-01 20:00:00+00:00,6.7,VALID,4339.5496,VALID,23.231094000000002,VALID,Warning,WARN: High flow rate detected (Flood risk)
2026-01-01 21:00:00+00:00,6.7,VALID,4282.916,VALID,23.183088,VALID,Warning,WARN: High flow rate detected (Flood risk)
2026-01-01 22:00:00+00:00,6.7,VALID,3780.2928,VALID,23.135844000000002,VALID,Warning,WARN: High flow rate detected (Flood risk)
2026-01-01 23:00:00+00:00,6.7,VALID,3780.2928,VALID,23.121366000000002,VALID,Warning,WARN: High flow rate detected (Flood risk)
2026-01-02 00:00:00+00:00,6.7,VALID,4020.9856,VALID,23.173944000000002,VALID,Warning,WARN: High flow rate detected (Flood risk)
2026-01-02 01:00:00+00:00,6.7,VALID,4629.7968,VALID,23.177754,VALID,Warning,WARN: High flow rate detected (Flood risk)
2026-01-02 02:00:00+00:00,6.7,VALID,4042.2232000000004,VALID,23.167086,VALID,Warning,WARN: High flow rate detected (Flood risk)
2026-01-02 03:00:00+00:00,6.7,VALID,4091.7776000000003,VALID,23.155656,VALID,Warning,WARN: High flow rate detected (Flood risk)
2026-01-02 04:00:00+00:00,6.6,VALID,4169.6488,VALID,23.158704,VALID,Warning,WARN: High flow rate detected (Flood risk)
2026-01-02 05:00:00+00:00,6.6,VALID,4020.9856,VALID,23.1648,VALID,Warning,WARN: High flow rate detected (Flood risk)
2026-01-02 06:00:00+00:00,6.6,VALID,3497.1248,VALID,23.081742000000002,VALID,Warning,WARN: High flow rate detected (Flood risk)
2026-01-02 07:00:00+00:00,6.6,VALID,3631.6295999999998,VALID,23.033735999999998,VALID,Warning,WARN: High flow rate detected (Flood risk)
2026-01-02 08:00:00+00:00,6.6,VALID,3695.3424,VALID,23.013924,VALID,Warning,WARN: High flow rate detected (Flood risk)
2026-01-02 09:00:00+00:00,6.6,VALID,3893.56,VALID,22.998684,VALID,Warning,WARN: High flow rate detected (Flood risk)
2026-01-02 10:00:00+00:00,6.6,VALID,3426.3328,VALID,22.956774,VALID,Warning,WARN: High flow rate detected (Flood risk)
2026-01-02 11:00:00+00:00,6.6,VALID,3610.392,VALID,22.916387999999998,VALID,Warning,WARN: High flow rate detected (Flood risk)
2026-01-02 12:00:00+00:00,6.6,VALID,3334.3032,VALID,22.884384,VALID,Warning,WARN: High flow rate detected (Flood risk)
2026-01-02 13:00:00+00:00,6.6,VALID,3313.0656,VALID,22.851618000000002,VALID,Warning,WARN: High flow rate detected (Flood risk)
2026-01-02 14:00:00+00:00,6.6,VALID,3369.6992,VALID,22.887432,VALID,Warning,WARN: High flow rate detected (Flood risk)
2026-01-02 15:00:00+00:00,6.6,VALID,3447.5704,VALID,22.908006,VALID,Warning,WARN: High flow rate detected (Flood risk)
2026-01-02 16:00:00+00:00,6.6,VALID,3376.7783999999997,VALID,22.912578,VALID,Warning,WARN: High flow rate detected (Flood risk)
2026-01-02 17:00:00+00:00,6.6,VALID,3298.9071999999996,VALID,22.925532,VALID,Warning,WARN: High flow rate detected (Flood risk)
2026-01-02 18:00:00+00:00,6.6,VALID,3051.1351999999997,VALID,22.988016000000002,VALID,Warning,WARN: High flow rate detected (Flood risk)
2026-01-02 19:00:00+00:00,6.6,VALID,2874.1552,VALID,23.020782,VALID,Warning,WARN: High flow rate detected (Flood risk)
2026-01-02 20:00:00+00:00,6.6,VALID,2821.76912,VALID,22.962108,VALID,Warning,WARN: High flow rate detected (Flood risk)
2026-01-02 21:00:00+00:00,6.6,VALID,2830.97208,VALID,22.917912,VALID,Warning,WARN: High flow rate detected (Flood risk)
2026-01-02 22:00:00+00:00,6.6,VALID,2799.8236,VALID,22.942296000000002,VALID,Warning,WARN: High flow rate detected (Flood risk)
2026-01-02 23:00:00+00:00,6.6,VALID,2802.65528,VALID,23.008589999999998,VALID,Warning,WARN: High flow rate detected (Flood risk)
2026-01-03 00:00:00+00:00,6.6,VALID,2987.4224,VALID,23.001732,VALID,Warning,WARN: High flow rate detected (Flood risk)
2026-01-03 01:00:00+00:00,6.6,VALID,2916.6304,VALID,22.990302,VALID,Warning,WARN: High flow rate detected (Flood risk)
2026-01-03 02:00:00+00:00,6.6,VALID,2902.4719999999998,VALID,22.99716,VALID,Warning,WARN: High flow rate detected (Flood risk)
2026-01-03 03:00:00+00:00,6.6,VALID,2952.0263999999997,VALID,23.004018000000002,VALID,Warning,WARN: High flow rate detected (Flood risk)
2026-01-03 04:00:00+00:00,6.6,VALID,3029.8976,VALID,23.03145,VALID,Warning,WARN: High flow rate detected (Flood risk)
2026-01-03 05:00:00+00:00,6.6,VALID,3044.056,VALID,23.029926,VALID,Warning,WARN: High flow rate detected (Flood risk)
2026-01-03 06:00:00+00:00,6.6,VALID,3029.8976,VALID,23.00859,VALID,Warning,WARN: High flow rate detected (Flood risk)
2026-01-03 07:00:00+00:00,6.6,VALID,3022.8184,VALID,22.956012,VALID,Warning,WARN: High flow rate detected (Flood risk)
2026-01-03 08:00:00+00:00,6.6,VALID,2794.16024,VALID,22.945344000000002,VALID,Warning,WARN: High flow rate detected (Flood risk)
2026-01-03 09:00:00+00:00,6.6,VALID,2984.59072,VALID,22.942296000000002,VALID,Warning,WARN: High flow rate detected (Flood risk)
2026-01-03 10:00:00+00:00,6.6,VALID,3263.5112,VALID,22.923246,VALID,Warning,WARN: High flow rate detected (Flood risk)
2026-01-03 11:00:00+00:00,6.6,VALID,3596.2336,VALID,22.891242000000002,VALID,Warning,WARN: High flow rate detected (Flood risk)
2026-01-03 12:00:00+00:00,6.6,VALID,2973.264,VALID,22.862286,VALID,Warning,WARN: High flow rate detected (Flood risk)
2026-01-03 13:00:00+00:00,6.6,VALID,3780.2928,VALID,22.869906,VALID,Warning,WARN: High flow rate detected (Flood risk)
2026-01-03 14:00:00+00:00,6.6,VALID,2853.62552,VALID,22.859238,VALID,Warning,WARN: High flow rate detected (Flood risk)
2026-01-03 15:00:00+00:00,6.6,VALID,3093.6104,VALID,22.895052,VALID,Warning,WARN: High flow rate detected (Flood risk)
2026-01-03 16:00:00+00:00,6.6,VALID,2930.7888,VALID,22.911816,VALID,Warning,WARN: High flow rate detected (Flood risk)
2026-01-03 17:00:00+00:00,6.6,VALID,3199.7983999999997,VALID,22.906482,VALID,Warning,WARN: High flow rate detected (Flood risk)
2026-01-03 18:00:00+00:00,6.6,VALID,3022.8184,VALID,22.899624000000003,VALID,Warning,WARN: High flow rate detected (Flood risk)
2026-01-03 19:00:00+00:00,6.6,VALID,3044.056,VALID,22.925532,VALID,Warning,WARN: High flow rate detected (Flood risk)
2026-01-03 20:00:00+00:00,6.6,VALID,2885.48192,VALID,22.910292,VALID,Warning,WARN: High flow rate detected (Flood risk)
2026-01-03 21:00:00+00:00,6.6,VALID,2765.8434399999996,VALID,22.900386,VALID,Warning,WARN: High flow rate detected (Flood risk)
2026-01-03 22:00:00+00:00,6.6,VALID,2844.42256,VALID,22.902672000000003,VALID,Warning,WARN: High flow rate detected (Flood risk)
2026-01-03 23:00:00+00:00,6.6,VALID,2833.80376,VALID,22.916388,VALID,Warning,WARN: High flow rate detected (Flood risk)
2026-01-04 00:00:00+00:00,6.6,VALID,3047.5956,VALID,22.915626000000003,VALID,Warning,WARN: High flow rate detected (Flood risk)
2026-01-04 01:00:00+00:00,6.5,VALID,2891.1452799999997,VALID,22.938485999999997,VALID,Warning,WARN: High flow rate detected (Flood risk)
2026-01-04 02:00:00+00:00,6.5,VALID,3206.8776,VALID,22.969728,VALID,Warning,WARN: High flow rate detected (Flood risk)
2026-01-04 03:00:00+00:00,6.5,VALID,3086.5312,VALID,22.987254,VALID,Warning,WARN: High flow rate detected (Flood risk)
2026-01-04 04:00:00+00:00,6.5,VALID,3511.2832,VALID,22.961346,VALID,Warning,WARN: High flow rate detected (Flood risk)
2026-01-04 05:00:00+00:00,6.5,VALID,4622.7176,VALID,22.961346,VALID,Warning,WARN: High flow rate detected (Flood risk)
2026-01-04 06:00:00+00:00,6.5,VALID,3185.64,VALID,22.976586,VALID,Warning,WARN: High flow rate detected (Flood risk)
2026-01-04 07:00:00+00:00,6.5,VALID,2952.0263999999997,VALID,22.979634,VALID,Warning,WARN: High flow rate detected (Flood risk)
2026-01-04 08:00:00+00:00,6.5,VALID,3199.7984,VALID,22.934676000000003,VALID,Warning,WARN: High flow rate detected (Flood risk)
2026-01-04 09:00:00+00:00,6.5,VALID,3320.1448,VALID,22.888956,VALID,Warning,WARN: High flow rate detected (Flood risk)
2026-01-04 10:00:00+00:00,6.5,VALID,3829.8472,VALID,22.908768000000002,VALID,Warning,WARN: High flow rate detected (Flood risk)
2026-01-04 11:00:00+00:00,6.5,VALID,3447.5704,VALID,22.935438,VALID,Warning,WARN: High flow rate detected (Flood risk)
2026-01-04 12:00:00+00:00,6.5,VALID,2767.2592799999998,VALID,22.920198,VALID,Warning,WARN: High flow rate detected (Flood risk)
2026-01-04 13:00:00+00:00,6.5,VALID,2932.9125599999998,VALID,22.906482000000004,VALID,Warning,WARN: High flow rate detected (Flood risk)
2026-01-04 14:00:00+00:00,6.5,VALID,3143.8727200000003,VALID,22.910292,VALID,Warning,WARN: High flow rate detected (Flood risk)
2026-01-04 15:00:00+00:00,6.5,VALID,3631.6295999999998,VALID,22.984206,VALID,Warning,WARN: High flow rate detected (Flood risk)
2026-01-04 16:00:00+00:00,6.5,VALID,3072.3728,VALID,23.011638,VALID,Warning,WARN: High flow rate detected (Flood risk)
2026-01-04 17:00:00+00:00,6.5,VALID,3298.9071999999996,VALID,23.013162,VALID,Warning,WARN: High flow rate detected (Flood risk)
2026-01-04 18:00:00+00:00,6.5,VALID,3086.5312,VALID,23.000208,VALID,Warning,WARN: High flow rate detected (Flood risk)
2026-01-04 19:00:00+00:00,6.5,VALID,3794.4512,VALID,23.030687999999998,VALID,Warning,WARN: High flow rate detected (Flood risk)
2026-01-04 20:00:00+00:00,6.5,VALID,3320.1448,VALID,23.03526,VALID,Warning,WARN: High flow rate detected (Flood risk)
2026-01-04 21:00:00+00:00,6.5,VALID,3412.1744,VALID,23.007066000000002,VALID,Warning,WARN: High flow rate detected (Flood risk)
2026-01-04 22:00:00+00:00,6.5,VALID,2959.1056,VALID,22.98954,VALID,Warning,WARN: High flow rate detected (Flood risk)
2026-01-04 23:00:00+00:00,6.5,VALID,2874.86312,VALID,22.990302,VALID,Warning,WARN: High flow rate detected (Flood risk)
2026-01-05 00:00:00+00:00,6.5,VALID,2811.15032,VALID,22.98573,VALID,Warning,WARN: High flow rate detected (Flood risk)
2026-01-05 01:00:00+00:00,6.5,VALID,2876.98688,VALID,23.024592000000002,VALID,Warning,WARN: High flow rate detected (Flood risk)
2026-01-05 02:00:00+00:00,6.5,VALID,3117.67968,VALID,23.070312,VALID,Warning,WARN: High flow rate detected (Flood risk)
2026-01-05 03:00:00+00:00,6.5,VALID,3256.432,VALID,23.069550000000003,VALID,Warning,WARN: High flow rate detected (Flood risk)
2026-01-05 04:00:00+00:00,6.5,VALID,3334.3032,VALID,23.048214,VALID,Warning,WARN: High flow rate detected (Flood risk)
2026-01-05 05:00:00+00:00,6.5,VALID,3086.5312,VALID,23.049738,VALID,Warning,WARN: High flow rate detected (Flood risk)
2026-01-05 06:00:00+00:00,6.5,VALID,3100.6895999999997,VALID,23.063454,VALID,Warning,WARN: High flow rate detected (Flood risk)
2026-01-05 07:00:00+00:00,6.5,VALID,3157.3232,VALID,23.03145,VALID,Warning,WARN: High flow rate detected (Flood risk)
2026-01-05 08:00:00+00:00,6.4,VALID,2937.868,VALID,23.01621,VALID,Warning,WARN: High flow rate detected (Flood risk)
2026-01-05 09:00:00+00:00,6.4,VALID,3426.3328,VALID,23.000208,VALID,Warning,WARN: High flow rate detected (Flood risk)
2026-01-05 10:00:00+00:00,6.4,VALID,3412.1744,VALID,22.984968000000002,VALID,Warning,WARN: High flow rate detected (Flood risk)
2026-01-05 11:00:00+00:00,6.4,VALID,3192.7192,VALID,22.956774,VALID,Warning,WARN: High flow rate detected (Flood risk)
2026-01-05 12:00:00+00:00,6.4,VALID,3242.2736,VALID,22.937724000000003,VALID,Warning,WARN: High flow rate detected (Flood risk)
2026-01-05 13:00:00+00:00,6.4,VALID,3157.3232,VALID,22.920198,VALID,Warning,WARN: High flow rate detected (Flood risk)
2026-01-05 14:00:00+00:00,6.4,VALID,3369.6992,VALID,22.927056,VALID,Warning,WARN: High flow rate detected (Flood risk)
2026-01-05 15:00:00+00:00,6.4,VALID,3390.9368,VALID,22.934676000000003,VALID,Warning,WARN: High flow rate detected (Flood risk)
2026-01-05 16:00:00+00:00,6.4,VALID,3320.1448,VALID,22.938486,VALID,Warning,WARN: High flow rate detected (Flood risk)
2026-01-05 17:00:00+00:00,6.4,VALID,2990.2540799999997,VALID,22.917912,VALID,Warning,WARN: High flow rate detected (Flood risk)
2026-01-05 18:00:00+00:00,6.4,VALID,3164.4024,VALID,22.936962,VALID,Warning,WARN: High flow rate detected (Flood risk)
2026-01-05 19:00:00+00:00,6.4,VALID,2944.9472,VALID,22.9362,VALID,Warning,WARN: High flow rate detected (Flood risk)
2026-01-05 20:00:00+00:00,6.4,VALID,2899.64032,VALID,22.9362,VALID,Warning,WARN: High flow rate detected (Flood risk)
2026-01-05 21:00:00+00:00,6.4,VALID,3744.8968,VALID,22.927818000000002,VALID,Warning,WARN: High flow rate detected (Flood risk)
2026-01-05 22:00:00+00:00,6.4,VALID,4353.708,VALID,22.940772000000003,VALID,Warning,WARN: High flow rate detected (Flood risk)
2026-01-05 23:00:00+00:00,6.4,VALID,4665.1928,VALID,22.946868000000002,VALID,Warning,WARN: High flow rate detected (Flood risk)
2026-01-06 00:00:00+00:00,6.4,VALID,3886.4808,VALID,22.936200000000003,VALID,Warning,WARN: High flow rate detected (Flood risk)
2026-01-06 01:00:00+00:00,6.4,VALID,3631.6296,VALID,22.918674,VALID,Warning,WARN: High flow rate detected (Flood risk)
2026-01-06 02:00:00+00:00,6.3,VALID,3235.1944,VALID,22.92096,VALID,Warning,WARN: High flow rate detected (Flood risk)
2026-01-06 03:00:00+00:00,6.3,VALID,3284.7488,VALID,22.934676000000003,VALID,Warning,WARN: High flow rate detected (Flood risk)
2026-01-06 04:00:00+00:00,6.3,VALID,3518.3624,VALID,22.952964,VALID,Warning,WARN: High flow rate detected (Flood risk)
2026-01-06 05:00:00+00:00,6.3,VALID,3723.6592,VALID,22.961346,VALID,Warning,WARN: High flow rate detected (Flood risk)
2026-01-06 06:00:00+00:00,6.3,VALID,3192.7192,VALID,22.956012,VALID,Warning,WARN: High flow rate detected (Flood risk)
2026-01-06 07:00:00+00:00,6.3,VALID,3185.64,VALID,22.957535999999998,VALID,Warning,WARN: High flow rate detected (Flood risk)
2026-01-06 08:00:00+00:00,6.2,VALID,3305.9864,VALID,22.981920000000002,VALID,Warning,WARN: High flow rate detected (Flood risk)
2026-01-06 09:00:00+00:00,6.2,VALID,2987.4224,VALID,22.990302,VALID,Warning,WARN: High flow rate detected (Flood risk)
2026-01-06 10:00:00+00:00,6.2,VALID,3228.1152,VALID,23.020020000000002,VALID,Warning,WARN: High flow rate detected (Flood risk)
2026-01-06 11:00:00+00:00,6.2,VALID,3560.8376,VALID,23.040594,VALID,Warning,WARN: High flow rate detected (Flood risk)
2026-01-06 12:00:00+00:00,6.2,VALID,3504.2039999999997,VALID,23.058120000000002,VALID,Warning,WARN: High flow rate detected (Flood risk)
2026-01-06 13:00:00+00:00,6.2,VALID,2980.3432000000003,VALID,23.04669,VALID,Warning,WARN: High flow rate detected (Flood risk)
2026-01-06 14:00:00+00:00,6.2,VALID,3192.7192,VALID,23.051262,VALID,Warning,WARN: High flow rate detected (Flood risk)
2026-01-06 15:00:00+00:00,6.2,VALID,3851.0847999999996,VALID,23.084028,VALID,Warning,WARN: High flow rate detected (Flood risk)
2026-01-06 16:00:00+00:00,6.2,VALID,3348.4616,VALID,23.127462,VALID,Warning,WARN: High flow rate detected (Flood risk)
2026-01-06 17:00:00+00:00,6.2,VALID,3539.6,VALID,23.13051,VALID,Warning,WARN: High flow rate detected (Flood risk)
2026-01-06 18:00:00+00:00,6.2,VALID,3461.7288,VALID,23.085552,VALID,Warning,WARN: High flow rate detected (Flood risk)
2026-01-06 19:00:00+00:00,6.2,VALID,3249.3528,VALID,23.07336,VALID,Warning,WARN: High flow rate detected (Flood risk)
2026-01-06 20:00:00+00:00,6.2,VALID,3143.1648,VALID,23.079456,VALID,Warning,WARN: High flow rate detected (Flood risk)
2026-01-06 21:00:00+00:00,6.2,VALID,3129.0064,VALID,23.077170000000002,VALID,Warning,WARN: High flow rate detected (Flood risk)
2026-01-06 22:00:00+00:00,6.1,VALID,3688.2632000000003,VALID,23.089362,VALID,Warning,WARN: High flow rate detected (Flood risk)
2026-01-06 23:00:00+00:00,6.1,VALID,3178.5608,VALID,23.083266000000002,VALID,Warning,WARN: High flow rate detected (Flood risk)
2026-01-07 00:00:00+00:00,6.1,VALID,3461.7288,VALID,23.071074000000003,VALID,Warning,WARN: High flow rate detected (Flood risk)
2026-01-07 01:00:00+00:00,6.1,VALID,3964.352,VALID,23.07336,VALID,Warning,WARN: High flow rate detected (Flood risk)
2026-01-07 02:00:00+00:00,6.1,VALID,3589.1544,VALID,23.072598,VALID,Warning,WARN: High flow rate detected (Flood risk)
2026-01-07 03:00:00+00:00,6.1,VALID,3574.996,VALID,23.058882,VALID,Warning,WARN: High flow rate detected (Flood risk)
2026-01-07 04:00:00+00:00,6.1,VALID,3921.8768,VALID,23.039832,VALID,Warning,WARN: High flow rate detected (Flood risk)
2026-01-07 05:00:00+00:00,6.1,VALID,3121.9272,VALID,22.938485999999997,VALID,Warning,WARN: High flow rate detected (Flood risk)
2026-01-07 06:00:00+00:00,6.1,VALID,3242.2736,VALID,22.889718000000002,VALID,Warning,WARN: High flow rate detected (Flood risk)
2026-01-07 07:00:00+00:00,6.1,VALID,3068.8332,VALID,22.927818000000002,VALID,Warning,WARN: High flow rate detected (Flood risk)
2026-01-07 08:00:00+00:00,6.1,VALID,3277.6696,VALID,23.013924000000003,VALID,Warning,WARN: High flow rate detected (Flood risk)
2026-01-07 09:00:00+00:00,6.1,VALID,3058.2144,VALID,23.037546000000003,VALID,Warning,WARN: High flow rate detected (Flood risk)
2026-01-07 10:00:00+00:00,6.1,VALID,3376.7784,VALID,23.055072,VALID,Warning,WARN: High flow rate detected (Flood risk)
2026-01-07 11:00:00+00:00,6.1,VALID,3221.036,VALID,23.06193,VALID,Warning,WARN: High flow rate detected (Flood risk)
2026-01-07 12:00:00+00:00,6.1,VALID,3072.3728,VALID,23.091648,VALID,Warning,WARN: High flow rate detected (Flood risk)
2026-01-07 13:00:00+00:00,6.1,VALID,3497.1247999999996,VALID,23.124414,VALID,Warning,WARN: High flow rate detected (Flood risk)
2026-01-07 14:00:00+00:00,6.1,VALID,3879.4015999999997,VALID,23.169372000000003,VALID,Warning,WARN: High flow rate detected (Flood risk)
2026-01-07 15:00:00+00:00,6.1,VALID,2994.5016,VALID,23.128986,VALID,Warning,WARN: High flow rate detected (Flood risk)
2026-01-07 16:00:00+00:00,6.1,VALID,3596.2335999999996,VALID,23.098506,VALID,Warning,WARN: High flow rate detected (Flood risk)
2026-01-07 17:00:00+00:00,6.1,VALID,3376.7783999999997,VALID,23.095458,VALID,Warning,WARN: High flow rate detected (Flood risk)
2026-01-07 18:00:00+00:00,6.1,VALID,3221.036,VALID,23.082504,VALID,Warning,WARN: High flow rate detected (Flood risk)
2026-01-07 19:00:00+00:00,6.1,VALID,2902.4719999999998,VALID,23.085552,VALID,Warning,WARN: High flow rate detected (Flood risk)
2026-01-07 20:00:00+00:00,6.1,VALID,2870.6156,VALID,23.115270000000002,VALID,Warning,WARN: High flow rate detected (Flood risk)
2026-01-07 21:00:00+00:00,6.1,VALID,2966.1848,VALID,23.161752,VALID,Warning,WARN: High flow rate detected (Flood risk)
2026-01-07 22:00:00+00:00,6.1,VALID,4254.5992,VALID,23.231094,VALID,Warning,WARN: High flow rate detected (Flood risk)
2026-01-07 23:00:00+00:00,6.1,VALID,3900.6392,VALID,23.227284,VALID,Warning,WARN: High flow rate detected (Flood risk)
2026-01-08 00:00:00+00:00,6.1,VALID,3277.6695999999997,VALID,23.238714,VALID,Warning,WARN: High flow rate detected (Flood risk)
2026-01-08 01:00:00+00:00,6.1,VALID,3051.1351999999997,VALID,23.276814,VALID,Warning,WARN: High flow rate detected (Flood risk)
2026-01-08 02:00:00+00:00,6.1,VALID,3058.2144,VALID,23.325582,VALID,Warning,WARN: High flow rate detected (Flood risk)
2026-01-08 03:00:00+00:00,6.1,VALID,3327.224,VALID,23.30958,VALID,Warning,WARN: High flow rate detected (Flood risk)
2026-01-08 04:00:00+00:00,6.1,VALID,3490.0456,VALID,23.321772000000003,VALID,Warning,WARN: High flow rate detected (Flood risk)
2026-01-08 05:00:00+00:00,6.1,VALID,3511.2832,VALID,23.331678000000004,VALID,Warning,WARN: High flow rate detected (Flood risk)
2026-01-08 06:00:00+00:00,6.1,VALID,3681.184,VALID,23.326344,VALID,Warning,WARN: High flow rate detected (Flood risk)
2026-01-08 07:00:00+00:00,6.1,VALID,3872.3224,VALID,23.324058,VALID,Warning,WARN: High flow rate detected (Flood risk)
2026-01-08 08:00:00+00:00,6.1,VALID,3405.0951999999997,VALID,23.266146,VALID,Warning,WARN: High flow rate detected (Flood risk)
2026-01-08 09:00:00+00:00,6.1,VALID,3688.2632,VALID,23.229570000000002,VALID,Warning,WARN: High flow rate detected (Flood risk)
2026-01-08 10:00:00+00:00,6.1,VALID,2850.08592,VALID,23.226522000000003,VALID,Warning,WARN: High flow rate detected (Flood risk)
2026-01-08 11:00:00+00:00,6.1,VALID,2994.5016,VALID,23.247858,VALID,Warning,WARN: High flow rate detected (Flood risk)
2026-01-08 12:00:00+00:00,6.1,VALID,2980.3432,VALID,23.249382,VALID,Warning,WARN: High flow rate detected (Flood risk)
2026-01-08 13:00:00+00:00,6.1,VALID,3681.184,VALID,23.245572000000003,VALID,Warning,WARN: High flow rate detected (Flood risk)
2026-01-08 14:00:00+00:00,6.1,VALID,3709.5008,VALID,23.279862,VALID,Warning,WARN: High flow rate detected (Flood risk)
2026-01-08 15:00:00+00:00,6.0,VALID,3723.6592,VALID,23.327106,VALID,Warning,WARN: High flow rate detected (Flood risk)
2026-01-08 16:00:00+00:00,6.1,VALID,5104.1032,VALID,23.304246,VALID,Warning,WARN: High flow rate detected (Flood risk)
2026-01-08 17:00:00+00:00,6.1,VALID,3836.9264,VALID,23.310342000000002,VALID,Warning,WARN: High flow rate detected (Flood risk)
2026-01-08 18:00:00+00:00,6.1,VALID,3008.66,VALID,23.266908,VALID,Warning,WARN: High flow rate detected (Flood risk)
2026-01-08 19:00:00+00:00,6.1,VALID,2837.34336,VALID,23.231856,VALID,Warning,WARN: High flow rate detected (Flood risk)
2026-01-08 20:00:00+00:00,6.1,VALID,2690.096,VALID,23.23338,VALID,Warning,WARN: High flow rate detected (Flood risk)
2026-01-08 21:00:00+00:00,6.1,VALID,2713.45736,VALID,23.26386,VALID,Warning,WARN: High flow rate detected (Flood risk)
2026-01-08 22:00:00+00:00,6.1,VALID,2758.0563199999997,VALID,23.238714,VALID,Warning,WARN: High flow rate detected (Flood risk)
2026-01-08 23:00:00+00:00,6.1,VALID,2894.68488,VALID,23.184612,VALID,Warning,WARN: High flow rate detected (Flood risk)
2026-01-09 00:00:00+00:00,6.1,VALID,2841.5908799999997,VALID,23.248620000000003,VALID,Warning,WARN: High flow rate detected (Flood risk)
2026-01-09 01:00:00+00:00,6.1,VALID,2966.1848,VALID,23.260812,VALID,Warning,WARN: High flow rate detected (Flood risk)
2026-01-09 02:00:00+00:00,6.1,VALID,3121.9272,VALID,23.236428000000004,VALID,Warning,WARN: High flow rate detected (Flood risk)
2026-01-09 03:00:00+00:00,6.1,VALID,3610.392,VALID,23.224236,VALID,Warning,WARN: High flow rate detected (Flood risk)
2026-01-09 04:00:00+00:00,6.1,VALID,3313.0656,VALID,23.250906,VALID,Warning,WARN: High flow rate detected (Flood risk)
2026-01-09 05:00:00+00:00,6.1,VALID,3206.8776,VALID,23.269194,VALID,Warning,WARN: High flow rate detected (Flood risk)
2026-01-09 06:00:00+00:00,6.1,VALID,3950.1936,VALID,23.273004,VALID,Warning,WARN: High flow rate detected (Flood risk)
2026-01-09 07:00:00+00:00,6.0,VALID,3574.996,VALID,23.267670000000003,VALID,Warning,WARN: High flow rate detected (Flood risk)
2026-01-09 08:00:00+00:00,6.0,VALID,3334.3032,VALID,23.272242000000002,VALID,Warning,WARN: High flow rate detected (Flood risk)
2026-01-09 09:00:00+00:00,6.1,VALID,3157.3232,VALID,23.273004,VALID,Warning,WARN: High flow rate detected (Flood risk)
2026-01-09 10:00:00+00:00,6.1,VALID,3114.848,VALID,23.280624000000003,VALID,Warning,WARN: High flow rate detected (Flood risk)
2026-01-09 11:00:00+00:00,6.1,VALID,3178.5608,VALID,23.295102,VALID,Warning,WARN: High flow rate detected (Flood risk)
2026-01-09 12:00:00+00:00,6.1,VALID,3256.432,VALID,23.316438,VALID,Warning,WARN: High flow rate detected (Flood risk)
2026-01-09 13:00:00+00:00,6.1,VALID,3143.1648,VALID,23.32863,VALID,Warning,WARN: High flow rate detected (Flood risk)
2026-01-09 14:00:00+00:00,6.1,VALID,3136.0856,VALID,23.334726,VALID,Warning,WARN: High flow rate detected (Flood risk)
2026-01-09 15:00:00+00:00,6.1,VALID,3589.1544,VALID,23.323296,VALID,Warning,WARN: High flow rate detected (Flood risk)
2026-01-09 16:00:00+00:00,6.1,VALID,3376.7783999999997,VALID,23.299674000000003,VALID,Warning,WARN: High flow rate detected (Flood risk)
2026-01-09 17:00:00+00:00,6.1,VALID,3051.1351999999997,VALID,23.304246000000003,VALID,Warning,WARN: High flow rate detected (Flood risk)
2026-01-09 18:00:00+00:00,6.1,VALID,3044.056,VALID,23.319486,VALID,Warning,WARN: High flow rate detected (Flood risk)
2026-01-09 19:00:00+00:00,6.1,VALID,3199.7984,VALID,23.320248,VALID,Warning,WARN: High flow rate detected (Flood risk)
2026-01-09 20:00:00+00:00,6.1,VALID,3121.9272,VALID,23.310342000000002,VALID,Warning,WARN: High flow rate detected (Flood risk)
2026-01-09 21:00:00+00:00,6.1,VALID,2960.52144,VALID,23.223474,VALID,Warning,WARN: High flow rate detected (Flood risk)
2026-01-09 22:00:00+00:00,6.2,VALID,2811.1503199999997,VALID,23.167086,VALID,Warning,WARN: High flow rate detected (Flood risk)
2026-01-09 23:00:00+00:00,6.2,VALID,2702.13064,VALID,23.134320000000002,VALID,Warning,WARN: High flow rate detected (Flood risk)
2026-01-10 00:00:00+00:00,6.2,VALID,2934.3284,VALID,23.198328000000004,VALID,Warning,WARN: High flow rate detected (Flood risk)
2026-01-10 01:00:00+00:00,6.2,VALID,3313.0656,VALID,23.18766,VALID,Warning,WARN: High flow rate detected (Flood risk)
2026-01-10 02:00:00+00:00,6.2,VALID,3235.1944,VALID,23.162514,VALID,Warning,WARN: High flow rate detected (Flood risk)
2026-01-10 03:00:00+00:00,6.2,VALID,3136.0856,VALID,23.140416000000002,VALID,Warning,WARN: High flow rate detected (Flood risk)
2026-01-10 04:00:00+00:00,6.1,VALID,3157.3232,VALID,23.148036,VALID,Warning,WARN: High flow rate detected (Flood risk)
2026-01-10 05:00:00+00:00,6.1,VALID,4020.9856,VALID,23.136606,VALID,Warning,WARN: High flow rate detected (Flood risk)
2026-01-10 06:00:00+00:00,6.1,VALID,3681.1839999999997,VALID,23.12289,VALID,Warning,WARN: High flow rate detected (Flood risk)
2026-01-10 07:00:00+00:00,6.1,VALID,3121.9272,VALID,23.109174000000003,VALID,Warning,WARN: High flow rate detected (Flood risk)
2026-01-10 08:00:00+00:00,6.1,VALID,3369.6992,VALID,23.093934,VALID,Warning,WARN: High flow rate detected (Flood risk)
2026-01-10 09:00:00+00:00,6.1,VALID,3270.5904,VALID,23.086314,VALID,Warning,WARN: High flow rate detected (Flood risk)
2026-01-10 10:00:00+00:00,6.1,VALID,3617.4712,VALID,23.07336,VALID,Warning,WARN: High flow rate detected (Flood risk)
2026-01-10 11:00:00+00:00,6.1,VALID,3560.8376,VALID,23.053548,VALID,Warning,WARN: High flow rate detected (Flood risk)
2026-01-10 12:00:00+00:00,6.1,VALID,3313.0656,VALID,23.04669,VALID,Warning,WARN: High flow rate detected (Flood risk)
2026-01-10 13:00:00+00:00,6.1,VALID,3454.6495999999997,VALID,23.056596000000003,VALID,Warning,WARN: High flow rate detected (Flood risk)
2026-01-10 14:00:00+00:00,6.1,VALID,3744.8968,VALID,23.075646,VALID,Warning,WARN: High flow rate detected (Flood risk)
2026-01-10 15:00:00+00:00,6.1,VALID,3320.1448,VALID,23.059644,VALID,Warning,WARN: High flow rate detected (Flood risk)
2026-01-10 16:00:00+00:00,6.1,VALID,3688.2632,VALID,23.058882000000004,VALID,Warning,WARN: High flow rate detected (Flood risk)
2026-01-10 17:00:00+00:00,6.1,VALID,3398.0159999999996,VALID,23.048214,VALID,Warning,WARN: High flow rate detected (Flood risk)
2026-01-10 18:00:00+00:00,6.1,VALID,3129.0064,VALID,23.04288,VALID,Warning,WARN: High flow rate detected (Flood risk)
2026-01-10 19:00:00+00:00,6.1,VALID,3150.2439999999997,VALID,23.042118,VALID,Warning,WARN: High flow rate detected (Flood risk)
2026-01-10 20:00:00+00:00,6.1,VALID,2952.0263999999997,VALID,23.036784,VALID,Warning,WARN: High flow rate detected (Flood risk)
2026-01-10 21:00:00+00:00,6.1,VALID,2909.5512,VALID,23.026116000000002,VALID,Warning,WARN: High flow rate detected (Flood risk)
2026-01-10 22:00:00+00:00,6.1,VALID,2923.7096,VALID,23.014686,VALID,Warning,WARN: High flow rate detected (Flood risk)
2026-01-10 23:00:00+00:00,6.1,VALID,2874.1552,VALID,23.010876000000003,VALID,Warning,WARN: High flow rate detected (Flood risk)
2026-01-11 00:00:00+00:00,6.1,VALID,2879.11064,VALID,23.044404,VALID,Warning,WARN: High flow rate detected (Flood risk)
2026-01-11 01:00:00+00:00,6.1,VALID,3065.2936,VALID,23.064978000000004,VALID,Warning,WARN: High flow rate detected (Flood risk)
2026-01-11 02:00:00+00:00,6.1,VALID,3164.4024,VALID,23.066502,VALID,Warning,WARN: High flow rate detected (Flood risk)
2026-01-11 03:00:00+00:00,6.1,VALID,3228.1152,VALID,23.076408,VALID,Warning,WARN: High flow rate detected (Flood risk)
2026-01-11 04:00:00+00:00,6.1,VALID,3143.1648,VALID,23.094696,VALID,Warning,WARN: High flow rate detected (Flood risk)
2026-01-11 05:00:00+00:00,6.1,VALID,3376.7784,VALID,23.118318000000002,VALID,Warning,WARN: High flow rate detected (Flood risk)
2026-01-11 06:00:00+00:00,6.1,VALID,3567.9168,VALID,23.129748,VALID,Warning,WARN: High flow rate detected (Flood risk)
2026-01-11 07:00:00+00:00,6.1,VALID,3815.6888,VALID,23.135082,VALID,Warning,WARN: High flow rate detected (Flood risk)
2026-01-11 08:00:00+00:00,6.1,VALID,3398.016,VALID,23.125176,VALID,Warning,WARN: High flow rate detected (Flood risk)
2026-01-11 09:00:00+00:00,6.1,VALID,3093.6104,VALID,23.114508,VALID,Warning,WARN: High flow rate detected (Flood risk)
2026-01-11 10:00:00+00:00,6.1,VALID,3298.9072,VALID,23.11527,VALID,Warning,WARN: High flow rate detected (Flood risk)
2026-01-11 11:00:00+00:00,6.1,VALID,3504.2039999999997,VALID,23.141178,VALID,Warning,WARN: High flow rate detected (Flood risk)
2026-01-11 12:00:00+00:00,6.1,VALID,3532.5208000000002,VALID,23.13813,VALID,Warning,WARN: High flow rate detected (Flood risk)
2026-01-11 13:00:00+00:00,6.1,VALID,3426.3328,VALID,23.120604,VALID,Warning,WARN: High flow rate detected (Flood risk)
2026-01-11 14:00:00+00:00,6.1,VALID,3751.976,VALID,23.146512,VALID,Warning,WARN: High flow rate detected (Flood risk)
2026-01-11 15:00:00+00:00,6.1,VALID,3454.6495999999997,VALID,23.186898,VALID,Warning,WARN: High flow rate detected (Flood risk)
2026-01-11 16:00:00+00:00,6.1,VALID,3426.3328,VALID,23.207472000000003,VALID,Warning,WARN: High flow rate detected (Flood risk)
2026-01-11 17:00:00+00:00,6.1,VALID,3242.2736,VALID,23.219664,VALID,Warning,WARN: High flow rate detected (Flood risk)
2026-01-11 18:00:00+00:00,6.1,VALID,3334.3032,VALID,23.231094000000002,VALID,Warning,WARN: High flow rate detected (Flood risk)
2026-01-11 19:00:00+00:00,6.1,VALID,3228.1152,VALID,23.228046,VALID,Warning,WARN: High flow rate detected (Flood risk)
2026-01-11 20:00:00+00:00,6.1,VALID,3263.5112,VALID,23.228046,VALID,Warning,WARN: High flow rate detected (Flood risk)
2026-01-11 21:00:00+00:00,6.1,VALID,3107.7688,VALID,23.228808,VALID,Warning,WARN: High flow rate detected (Flood risk)
2026-01-11 22:00:00+00:00,6.1,VALID,3206.8776,VALID,23.250144000000002,VALID,Warning,WARN: High flow rate detected (Flood risk)
2026-01-11 23:00:00+00:00,6.1,VALID,3086.5312,VALID,23.147274000000003,VALID,Warning,WARN: High flow rate detected (Flood risk)
2026-01-12 00:00:00+00:00,6.1,VALID,2987.4224,VALID,23.094696,VALID,Warning,WARN: High flow rate detected (Flood risk)
2026-01-12 01:00:00+00:00,6.1,VALID,2891.1452799999997,VALID,23.076408,VALID,Warning,WARN: High flow rate detected (Flood risk)
2026-01-12 02:00:00+00:00,6.1,VALID,2987.4224,VALID,23.058120000000002,VALID,Warning,WARN: High flow rate detected (Flood risk)
2026-01-12 03:00:00+00:00,6.1,VALID,2952.0264,VALID,23.000970000000002,VALID,Warning,WARN: High flow rate detected (Flood risk)
2026-01-12 04:00:00+00:00,6.1,VALID,3277.6696,VALID,22.962108,VALID,Warning,WARN: High flow rate detected (Flood risk)
2026-01-12 05:00:00+00:00,6.1,VALID,3723.6592,VALID,22.919436,VALID,Warning,WARN: High flow rate detected (Flood risk)
2026-01-12 06:00:00+00:00,6.1,VALID,3447.5704,VALID,22.986492000000002,VALID,Warning,WARN: High flow rate detected (Flood risk)
2026-01-12 07:00:00+00:00,6.1,VALID,3652.8672,VALID,23.03907,VALID,Warning,WARN: High flow rate detected (Flood risk)
2026-01-12 08:00:00+00:00,6.1,VALID,3221.036,VALID,23.048976,VALID,Warning,WARN: High flow rate detected (Flood risk)
2026-01-12 09:00:00+00:00,6.1,VALID,3228.1152,VALID,23.04288,VALID,Warning,WARN: High flow rate detected (Flood risk)
2026-01-12 10:00:00+00:00,6.1,VALID,3206.8776,VALID,23.077170000000002,VALID,Warning,WARN: High flow rate detected (Flood risk)
2026-01-12 11:00:00+00:00,6.1,VALID,3206.8776,VALID,23.102316000000002,VALID,Warning,WARN: High flow rate detected (Flood risk)
2026-01-12 12:00:00+00:00,6.1,VALID,3114.848,VALID,23.110698,VALID,Warning,WARN: High flow rate detected (Flood risk)
2026-01-12 13:00:00+00:00,6.1,VALID,3164.4024,VALID,23.124414,VALID,Warning,WARN: High flow rate detected (Flood risk)
2026-01-12 14:00:00+00:00,6.2,VALID,3185.64,VALID,23.140416000000002,VALID,Warning,WARN: High flow rate detected (Flood risk)
2026-01-12 15:00:00+00:00,6.1,VALID,3235.1944,VALID,23.154132,VALID,Warning,WARN: High flow rate detected (Flood risk)
2026-01-12 16:00:00+00:00,6.2,VALID,3022.8184,VALID,23.166324000000003,VALID,Warning,WARN: High flow rate detected (Flood risk)
2026-01-12 17:00:00+00:00,6.1,VALID,3242.2736,VALID,23.175468000000002,VALID,Warning,WARN: High flow rate detected (Flood risk)
2026-01-12 18:00:00+00:00,6.1,VALID,2977.51152,VALID,23.18385,VALID,Warning,WARN: High flow rate detected (Flood risk)
2026-01-12 19:00:00+00:00,6.2,VALID,2950.61056,VALID,23.192232,VALID,Warning,WARN: High flow rate detected (Flood risk)
2026-01-12 20:00:00+00:00,6.2,VALID,2916.6304,VALID,23.211282000000004,VALID,Warning,WARN: High flow rate detected (Flood risk)
2026-01-12 21:00:00+00:00,6.2,VALID,2959.1056,VALID,23.232618000000002,VALID,Warning,WARN: High flow rate detected (Flood risk)
2026-01-12 22:00:00+00:00,6.2,VALID,2959.1056,VALID,23.237952,VALID,Warning,WARN: High flow rate detected (Flood risk)
2026-01-12 23:00:00+00:00,6.2,VALID,2909.5512,VALID,23.249382,VALID,Warning,WARN: High flow rate detected (Flood risk)
2026-01-13 00:00:00+00:00,6.2,VALID,3015.7392,VALID,23.26767,VALID,Warning,WARN: High flow rate detected (Flood risk)
2026-01-13 01:00:00+00:00,6.2,VALID,3065.2936,VALID,23.27148,VALID,Warning,WARN: High flow rate detected (Flood risk)
2026-01-13 02:00:00+00:00,6.2,VALID,3051.1351999999997,VALID,23.284434,VALID,Warning,WARN: High flow rate detected (Flood risk)
2026-01-13 03:00:00+00:00,6.2,VALID,3313.0656,VALID,23.305770000000003,VALID,Warning,WARN: High flow rate detected (Flood risk)
2026-01-13 04:00:00+00:00,6.2,VALID,3171.4816,VALID,23.323296,VALID,Warning,WARN: High flow rate detected (Flood risk)
2026-01-13 05:00:00+00:00,6.2,VALID,3468.808,VALID,23.329392000000002,VALID,Warning,WARN: High flow rate detected (Flood risk)
2026-01-13 06:00:00+00:00,6.2,VALID,3829.8471999999997,VALID,23.331678,VALID,Warning,WARN: High flow rate detected (Flood risk)
2026-01-13 07:00:00+00:00,6.2,VALID,3914.7976,VALID,23.339298,VALID,Warning,WARN: High flow rate detected (Flood risk)
2026-01-13 08:00:00+00:00,6.2,VALID,3398.016,VALID,23.288244,VALID,Warning,WARN: High flow rate detected (Flood risk)
2026-01-13 09:00:00+00:00,6.2,VALID,3369.6992,VALID,23.262336,VALID,Warning,WARN: High flow rate detected (Flood risk)
2026-01-13 10:00:00+00:00,6.2,VALID,3624.5504,VALID,23.250144,VALID,Warning,WARN: High flow rate detected (Flood risk)
2026-01-13 11:00:00+00:00,6.1,VALID,3058.2144,VALID,23.247096,VALID,Warning,WARN: High flow rate detected (Flood risk)
2026-01-13 12:00:00+00:00,6.1,VALID,3957.2727999999997,VALID,23.219664,VALID,Warning,WARN: High flow rate detected (Flood risk)
2026-01-13 13:00:00+00:00,6.1,VALID,3702.4216,VALID,23.258526,VALID,Warning,WARN: High flow rate detected (Flood risk)
2026-01-13 14:00:00+00:00,6.1,VALID,3433.412,VALID,23.26386,VALID,Warning,WARN: High flow rate detected (Flood risk)
2026-01-13 15:00:00+00:00,6.1,VALID,3787.3720000000003,VALID,23.262335999999998,VALID,Warning,WARN: High flow rate detected (Flood risk)
2026-01-13 16:00:00+00:00,6.1,VALID,3270.5904,VALID,23.273766000000002,VALID,Warning,WARN: High flow rate detected (Flood risk)
2026-01-13 17:00:00+00:00,6.1,VALID,3560.8376,VALID,23.321772000000003,VALID,Warning,WARN: High flow rate detected (Flood risk)
2026-01-13 18:00:00+00:00,6.1,VALID,2889.0215200000002,VALID,23.321772000000003,VALID,Warning,WARN: High flow rate detected (Flood risk)
2026-01-13 19:00:00+00:00,6.2,VALID,2716.2890399999997,VALID,23.339298000000003,VALID,Warning,WARN: High flow rate detected (Flood risk)
2026-01-13 20:00:00+00:00,6.2,VALID,2996.62536,VALID,23.356824,VALID,Warning,WARN: High flow rate detected (Flood risk)
2026-01-13 21:00:00+00:00,6.2,VALID,2655.40792,VALID,23.391876000000003,VALID,Warning,WARN: High flow rate detected (Flood risk)
2026-01-13 22:00:00+00:00,6.2,VALID,2690.8039200000003,VALID,23.404830000000004,VALID,Warning,WARN: High flow rate detected (Flood risk)
2026-01-13 23:00:00+00:00,6.2,VALID,2755.93256,VALID,23.428452,VALID,Warning,WARN: High flow rate detected (Flood risk)
2026-01-14 00:00:00+00:00,6.2,VALID,2763.71968,VALID,23.520654,VALID,Warning,WARN: High flow rate detected (Flood risk)
2026-01-14 01:00:00+00:00,6.2,VALID,3199.09048,VALID,23.539704,VALID,Warning,WARN: High flow rate detected (Flood risk)
2026-01-14 02:00:00+00:00,6.2,VALID,3256.432,VALID,23.537418000000002,VALID,Warning,WARN: High flow rate detected (Flood risk)
2026-01-14 03:00:00+00:00,6.1,VALID,3589.1544,VALID,23.548086,VALID,Warning,WARN: High flow rate detected (Flood risk)
2026-01-14 04:00:00+00:00,6.1,VALID,3886.4808000000003,VALID,23.584662,VALID,Warning,WARN: High flow rate detected (Flood risk)
2026-01-14 05:00:00+00:00,6.1,VALID,4169.6488,VALID,23.609808,VALID,Warning,WARN: High flow rate detected (Flood risk)
2026-01-14 06:00:00+00:00,6.1,VALID,4615.6384,VALID,23.629620000000003,VALID,Warning,WARN: High flow rate detected (Flood risk)
2026-01-14 07:00:00+00:00,6.1,VALID,3957.2728,VALID,23.605236,VALID,Warning,WARN: High flow rate detected (Flood risk)
2026-01-14 08:00:00+00:00,6.1,VALID,4070.54,VALID,23.600664000000002,VALID,Warning,WARN: High flow rate detected (Flood risk)
2026-01-14 09:00:00+00:00,6.1,VALID,3928.956,VALID,23.607522000000003,VALID,Warning,WARN: High flow rate detected (Flood risk)
2026-01-14 10:00:00+00:00,6.1,VALID,3497.1248,VALID,23.628096000000003,VALID,Warning,WARN: High flow rate detected (Flood risk)
2026-01-14 11:00:00+00:00,6.1,VALID,3921.8768,VALID,23.628096,VALID,Warning,WARN: High flow rate detected (Flood risk)
2026-01-14 12:00:00+00:00,6.1,VALID,3801.5304,VALID,23.64105,VALID,Warning,WARN: High flow rate detected (Flood risk)
2026-01-14 13:00:00+00:00,6.1,VALID,3398.016,VALID,23.678387999999998,VALID,Warning,WARN: High flow rate detected (Flood risk)
2026-01-14 14:00:00+00:00,6.1,VALID,3950.1935999999996,VALID,23.689056,VALID,Warning,WARN: High flow rate detected (Flood risk)
2026-01-14 15:00:00+00:00,6.1,VALID,3624.5504,VALID,23.708106,VALID,Warning,WARN: High flow rate detected (Flood risk)
2026-01-14 16:00:00+00:00,6.0,VALID,3985.5896,VALID,23.730204,VALID,Warning,WARN: High flow rate detected (Flood risk)
2026-01-14 17:00:00+00:00,6.1,VALID,3652.8672,VALID,23.695152,VALID,Warning,WARN: High flow rate detected (Flood risk)
2026-01-14 18:00:00+00:00,6.1,VALID,3242.2736,VALID,23.67915,VALID,Warning,WARN: High flow rate detected (Flood risk)
2026-01-14 19:00:00+00:00,6.1,VALID,3051.84312,VALID,23.687532,VALID,Warning,WARN: High flow rate detected (Flood risk)
2026-01-14 20:00:00+00:00,6.1,VALID,2765.84344,VALID,23.659338,VALID,Warning,WARN: High flow rate detected (Flood risk)
2026-01-14 21:00:00+00:00,6.1,VALID,2772.92264,VALID,23.622,VALID,Warning,WARN: High flow rate detected (Flood risk)
2026-01-14 22:00:00+00:00,6.1,VALID,2738.23456,VALID,23.608284,VALID,Warning,WARN: High flow rate detected (Flood risk)
2026-01-14 23:00:00+00:00,6.1,VALID,2879.11064,VALID,23.662386,VALID,Warning,WARN: High flow rate detected (Flood risk)
2026-01-15 00:00:00+00:00,6.1,VALID,3079.4519999999998,VALID,23.686770000000003,VALID,Warning,WARN: High flow rate detected (Flood risk)
2026-01-15 01:00:00+00:00,6.1,VALID,3348.4616,VALID,23.683722000000003,VALID,Warning,WARN: High flow rate detected (Flood risk)
2026-01-15 02:00:00+00:00,6.1,VALID,3313.0656,VALID,23.683722000000003,VALID,Warning,WARN: High flow rate detected (Flood risk)
2026-01-15 03:00:00+00:00,6.1,VALID,3858.1639999999998,VALID,23.71725,VALID,Warning,WARN: High flow rate detected (Flood risk)
2026-01-15 04:00:00+00:00,6.1,VALID,4360.787200000001,VALID,23.708106,VALID,Warning,WARN: High flow rate detected (Flood risk)
2026-01-15 05:00:00+00:00,6.1,VALID,3851.0847999999996,VALID,23.693628,VALID,Warning,WARN: High flow rate detected (Flood risk)
2026-01-15 06:00:00+00:00,6.1,VALID,4311.2328,VALID,23.70201,VALID,Warning,WARN: High flow rate detected (Flood risk)
2026-01-15 07:00:00+00:00,6.0,VALID,3971.4312,VALID,23.723346,VALID,Warning,WARN: High flow rate detected (Flood risk)
2026-01-15 08:00:00+00:00,6.1,VALID,3773.2136,VALID,23.716488000000002,VALID,Warning,WARN: High flow rate detected (Flood risk)
2026-01-15 09:00:00+00:00,6.0,VALID,4120.0944,VALID,23.705820000000003,VALID,Warning,WARN: High flow rate detected (Flood risk)
2026-01-15 10:00:00+00:00,6.1,VALID,4042.2232000000004,VALID,23.705820000000003,VALID,Warning,WARN: High flow rate detected (Flood risk)
2026-01-15 11:00:00+00:00,6.1,VALID,3192.7192,VALID,23.705058,VALID,Warning,WARN: High flow rate detected (Flood risk)
2026-01-15 12:00:00+00:00,6.1,VALID,3412.1744,VALID,23.70963,VALID,Warning,WARN: High flow rate detected (Flood risk)
2026-01-15 13:00:00+00:00,6.1,VALID,3164.4024,VALID,23.714202,VALID,Warning,WARN: High flow rate detected (Flood risk)
2026-01-15 14:00:00+00:00,6.1,VALID,3093.6104,VALID,23.700486,VALID,Warning,WARN: High flow rate detected (Flood risk)
2026-01-15 15:00:00+00:00,6.1,VALID,3114.848,VALID,23.680674,VALID,Warning,WARN: High flow rate detected (Flood risk)
2026-01-15 16:00:00+00:00,6.1,VALID,2850.79384,VALID,23.641050000000003,VALID,Warning,WARN: High flow rate detected (Flood risk)
2026-01-15 17:00:00+00:00,6.1,VALID,2739.6504,VALID,23.668482,VALID,Warning,WARN: High flow rate detected (Flood risk)
2026-01-15 18:00:00+00:00,6.1,VALID,2603.02184,VALID,23.644098,VALID,Warning,WARN: High flow rate detected (Flood risk)
2026-01-15 19:00:00+00:00,6.1,VALID,2491.1704799999998,VALID,23.64105,VALID,Warning,WARN: High flow rate detected (Flood risk)
2026-01-15 20:00:00+00:00,6.1,VALID,2477.72,VALID,23.643336,VALID,Warning,WARN: High flow rate detected (Flood risk)
2026-01-15 21:00:00+00:00,6.1,VALID,2486.92296,VALID,23.619714000000002,VALID,Warning,WARN: High flow rate detected (Flood risk)
2026-01-15 22:00:00+00:00,6.1,VALID,2481.2596,VALID,23.554944000000003,VALID,Warning,WARN: High flow rate detected (Flood risk)
2026-01-15 23:00:00+00:00,6.1,VALID,2536.47736,VALID,23.589234,VALID,Warning,WARN: High flow rate detected (Flood risk)
2026-01-16 00:00:00+00:00,6.1,VALID,2659.65544,VALID,23.666958,VALID,Warning,WARN: High flow rate detected (Flood risk)
2026-01-16 01:00:00+00:00,6.1,VALID,2911.6749600000003,VALID,23.734776000000004,VALID,Warning,WARN: High flow rate detected (Flood risk)
2026-01-16 02:00:00+00:00,6.1,VALID,3199.7984,VALID,23.659338,VALID,Warning,WARN: High flow rate detected (Flood risk)
2026-01-16 03:00:00+00:00,6.0,VALID,2980.3432000000003,VALID,23.673816000000002,VALID,Warning,WARN: High flow rate detected (Flood risk)
2026-01-16 04:00:00+00:00,6.0,VALID,3086.5312,VALID,23.70963,VALID,Warning,WARN: High flow rate detected (Flood risk)
2026-01-16 05:00:00+00:00,6.0,VALID,3114.848,VALID,23.727918000000003,VALID,Warning,WARN: High flow rate detected (Flood risk)
2026-01-16 06:00:00+00:00,6.0,VALID,3426.3328,VALID,23.727156,VALID,Warning,WARN: High flow rate detected (Flood risk)
2026-01-16 07:00:00+00:00,6.0,VALID,3313.0656,VALID,23.72106,VALID,Warning,WARN: High flow rate detected (Flood risk)
2026-01-16 08:00:00+00:00,6.0,VALID,3164.4024,VALID,23.718774,VALID,Warning,WARN: High flow rate detected (Flood risk)
2026-01-16 09:00:00+00:00,6.0,VALID,3150.2439999999997,VALID,23.72868,VALID,Warning,WARN: High flow rate detected (Flood risk)
2026-01-16 10:00:00+00:00,6.0,VALID,3504.2039999999997,VALID,23.749254,VALID,Warning,WARN: High flow rate detected (Flood risk)
2026-01-16 11:00:00+00:00,6.0,VALID,4120.0944,VALID,23.750016000000002,VALID,Warning,WARN: High flow rate detected (Flood risk)
2026-01-16 12:00:00+00:00,6.0,VALID,3971.4312,VALID,23.75916,VALID,Warning,WARN: High flow rate detected (Flood risk)
2026-01-16 13:00:00+00:00,6.0,VALID,3305.9864,VALID,23.791926,VALID,Warning,WARN: High flow rate detected (Flood risk)
2026-01-16 14:00:00+00:00,6.0,VALID,3440.4912,VALID,23.810214000000002,VALID,Warning,WARN: High flow rate detected (Flood risk)
2026-01-16 15:00:00+00:00,6.1,VALID,3213.9568,VALID,23.82393,VALID,Warning,WARN: High flow rate detected (Flood risk)
2026-01-16 16:00:00+00:00,6.1,VALID,3157.3232,VALID,23.842218000000003,VALID,Warning,WARN: High flow rate detected (Flood risk)
2026-01-16 17:00:00+00:00,6.1,VALID,3136.0856,VALID,23.852886,VALID,Warning,WARN: High flow rate detected (Flood risk)
2026-01-16 18:00:00+00:00,6.1,VALID,3107.7688,VALID,23.836122000000003,VALID,Warning,WARN: High flow rate detected (Flood risk)
2026-01-16 19:00:00+00:00,6.1,VALID,3143.1648,VALID,23.821644000000003,VALID,Warning,WARN: High flow rate detected (Flood risk)
2026-01-16 20:00:00+00:00,6.1,VALID,3185.64,VALID,23.79345,VALID,Warning,WARN: High flow rate detected (Flood risk)
2026-01-16 21:00:00+00:00,6.1,VALID,3143.1647999999996,VALID,23.781258,VALID,Warning,WARN: High flow rate detected (Flood risk)
2026-01-16 22:00:00+00:00,6.1,VALID,3305.9864,VALID,23.763732,VALID,Warning,WARN: High flow rate detected (Flood risk)
2026-01-16 23:00:00+00:00,6.1,VALID,3036.9768,VALID,23.822406,VALID,Warning,WARN: High flow rate detected (Flood risk)
2026-01-17 00:00:00+00:00,6.1,VALID,3015.7392,VALID,23.841456,VALID,Warning,WARN: High flow rate detected (Flood risk)
2026-01-17 01:00:00+00:00,6.1,VALID,3022.8184,VALID,23.836883999999998,VALID,Warning,WARN: High flow rate detected (Flood risk)
2026-01-17 02:00:00+00:00,6.1,VALID,3171.4816,VALID,23.836122000000003,VALID,Warning,WARN: High flow rate detected (Flood risk)
2026-01-17 03:00:00+00:00,6.1,VALID,3192.7192,VALID,23.849076,VALID,Warning,WARN: High flow rate detected (Flood risk)
2026-01-17 04:00:00+00:00,6.1,VALID,3143.1648,VALID,23.838408,VALID,Warning,WARN: High flow rate detected (Flood risk)
2026-01-17 05:00:00+00:00,6.0,VALID,3136.0856,VALID,23.809452,VALID,Warning,WARN: High flow rate detected (Flood risk)
2026-01-17 06:00:00+00:00,6.0,VALID,3121.9272,VALID,23.798022000000003,VALID,Warning,WARN: High flow rate detected (Flood risk)
2026-01-17 07:00:00+00:00,6.0,VALID,3164.4024,VALID,23.781258,VALID,Warning,WARN: High flow rate detected (Flood risk)
2026-01-17 08:00:00+00:00,6.0,VALID,3086.5312,VALID,23.746968000000003,VALID,Warning,WARN: High flow rate detected (Flood risk)
2026-01-17 09:00:00+00:00,6.0,VALID,3277.6696,VALID,23.753064000000002,VALID,Warning,WARN: High flow rate detected (Flood risk)
2026-01-17 10:00:00+00:00,6.0,VALID,3235.1944,VALID,23.737824000000003,VALID,Warning,WARN: High flow rate detected (Flood risk)
2026-01-17 11:00:00+00:00,6.0,VALID,3114.848,VALID,23.725632,VALID,Warning,WARN: High flow rate detected (Flood risk)
2026-01-17 12:00:00+00:00,6.0,VALID,3015.7392,VALID,23.716488,VALID,Warning,WARN: High flow rate detected (Flood risk)
2026-01-17 13:00:00+00:00,6.0,VALID,3008.66,VALID,23.702772000000003,VALID,Warning,WARN: High flow rate detected (Flood risk)
2026-01-17 14:00:00+00:00,6.0,VALID,2944.9472,VALID,23.681436,VALID,Warning,WARN: High flow rate detected (Flood risk)
2026-01-17 15:00:00+00:00,6.0,VALID,3150.244,VALID,23.651718000000002,VALID,Warning,WARN: High flow rate detected (Flood risk)
2026-01-17 16:00:00+00:00,6.0,VALID,2973.264,VALID,23.641812,VALID,Warning,WARN: High flow rate detected (Flood risk)
2026-01-17 17:00:00+00:00,6.0,VALID,3022.8184,VALID,23.637240000000002,VALID,Warning,WARN: High flow rate detected (Flood risk)
2026-01-17 18:00:00+00:00,6.0,VALID,3093.6104,VALID,23.609808,VALID,Warning,WARN: High flow rate detected (Flood risk)
2026-01-17 19:00:00+00:00,6.0,VALID,3107.7688,VALID,23.585424000000003,VALID,Warning,WARN: High flow rate detected (Flood risk)
2026-01-17 20:00:00+00:00,6.0,VALID,3129.0064,VALID,23.56485,VALID,Warning,WARN: High flow rate detected (Flood risk)
2026-01-17 21:00:00+00:00,6.0,VALID,3114.848,VALID,23.540466000000002,VALID,Warning,WARN: High flow rate detected (Flood risk)
2026-01-17 22:00:00+00:00,6.0,VALID,3383.8576,VALID,23.516082000000004,VALID,Warning,WARN: High flow rate detected (Flood risk)
2026-01-17 23:00:00+00:00,6.0,VALID,3256.432,VALID,23.523702,VALID,Warning,WARN: High flow rate detected (Flood risk)
2026-01-18 00:00:00+00:00,6.0,VALID,3114.848,VALID,23.525988,VALID,Warning,WARN: High flow rate detected (Flood risk)
2026-01-18 01:00:00+00:00,6.0,VALID,3072.3728,VALID,23.509224000000003,VALID,Warning,WARN: High flow rate detected (Flood risk)
2026-01-18 02:00:00+00:00,6.0,VALID,3015.7392,VALID,23.485602,VALID,Warning,WARN: High flow rate detected (Flood risk)
2026-01-18 03:00:00+00:00,6.0,VALID,2944.9472,VALID,23.481792000000002,VALID,Warning,WARN: High flow rate detected (Flood risk)
2026-01-18 04:00:00+00:00,6.0,VALID,2980.3432000000003,VALID,23.484840000000002,VALID,Warning,WARN: High flow rate detected (Flood risk)
2026-01-18 05:00:00+00:00,6.0,VALID,3008.66,VALID,23.465790000000002,VALID,Warning,WARN: High flow rate detected (Flood risk)
2026-01-18 06:00:00+00:00,6.0,VALID,3029.8976000000002,VALID,23.443692000000002,VALID,Warning,WARN: High flow rate detected (Flood risk)
2026-01-18 07:00:00+00:00,6.0,VALID,2843.00672,VALID,23.427690000000002,VALID,Warning,WARN: High flow rate detected (Flood risk)
2026-01-18 08:00:00+00:00,6.0,VALID,2973.264,VALID,23.418546,VALID,Warning,WARN: High flow rate detected (Flood risk)
2026-01-18 09:00:00+00:00,6.0,VALID,2952.0264,VALID,23.410926,VALID,Warning,WARN: High flow rate detected (Flood risk)
2026-01-18 10:00:00+00:00,6.0,VALID,2959.1056,VALID,23.396448,VALID,Warning,WARN: High flow rate detected (Flood risk)
2026-01-18 11:00:00+00:00,6.0,VALID,2944.9472,VALID,23.370540000000002,VALID,Warning,WARN: High flow rate detected (Flood risk)
2026-01-18 12:00:00+00:00,6.0,VALID,2881.94232,VALID,23.35911,VALID,Warning,WARN: High flow rate detected (Flood risk)
2026-01-18 13:00:00+00:00,6.0,VALID,3021.40256,VALID,23.333964,VALID,Warning,WARN: High flow rate detected (Flood risk)
2026-01-18 14:00:00+00:00,6.0,VALID,3157.3232,VALID,23.309580000000004,VALID,Warning,WARN: High flow rate detected (Flood risk)
2026-01-18 15:00:00+00:00,6.0,VALID,3150.2439999999997,VALID,23.298912,VALID,Warning,WARN: High flow rate detected (Flood risk)
2026-01-18 16:00:00+00:00,6.0,VALID,3298.9071999999996,VALID,23.286720000000003,VALID,Warning,WARN: High flow rate detected (Flood risk)
2026-01-18 17:00:00+00:00,6.0,VALID,3100.6895999999997,VALID,23.266908,VALID,Warning,WARN: High flow rate detected (Flood risk)
2026-01-18 18:00:00+00:00,6.0,VALID,3291.828,VALID,23.238714,VALID,Warning,WARN: High flow rate detected (Flood risk)
2026-01-18 19:00:00+00:00,6.0,VALID,3242.2736,VALID,23.198328,VALID,Warning,WARN: High flow rate detected (Flood risk)
2026-01-18 20:00:00+00:00,6.0,VALID,3114.848,VALID,23.158704,VALID,Warning,WARN: High flow rate detected (Flood risk)
2026-01-18 21:00:00+00:00,6.0,VALID,3001.5808,VALID,23.135844000000002,VALID,Warning,WARN: High flow rate detected (Flood risk)
2026-01-18 22:00:00+00:00,6.0,VALID,3022.8184,VALID,23.135844000000002,VALID,Warning,WARN: High flow rate detected (Flood risk)
2026-01-18 23:00:00+00:00,6.0,VALID,3036.9768,VALID,23.165562,VALID,Warning,WARN: High flow rate detected (Flood risk)
2026-01-19 00:00:00+00:00,6.0,VALID,3171.4816,VALID,23.176230000000004,VALID,Warning,WARN: High flow rate detected (Flood risk)
2026-01-19 01:00:00+00:00,6.0,VALID,3129.0064,VALID,23.176230000000004,VALID,Warning,WARN: High flow rate detected (Flood risk)
2026-01-19 02:00:00+00:00,6.0,VALID,3263.5112,VALID,23.183087999999998,VALID,Warning,WARN: High flow rate detected (Flood risk)
2026-01-19 03:00:00+00:00,6.0,VALID,3362.62,VALID,23.167848000000003,VALID,Warning,WARN: High flow rate detected (Flood risk)
2026-01-19 04:00:00+00:00,6.0,VALID,3249.3527999999997,VALID,23.124414,VALID,Warning,WARN: High flow rate detected (Flood risk)
2026-01-19 05:00:00+00:00,6.0,VALID,3305.9864,VALID,23.10765,VALID,Warning,WARN: High flow rate detected (Flood risk)
2026-01-19 06:00:00+00:00,6.0,VALID,3008.66,VALID,23.100792,VALID,Warning,WARN: High flow rate detected (Flood risk)
2026-01-19 07:00:00+00:00,6.0,VALID,3136.0856,VALID,23.062692,VALID,Warning,WARN: High flow rate detected (Flood risk)
2026-01-19 08:00:00+00:00,6.0,VALID,3079.452,VALID,23.045928000000004,VALID,Warning,WARN: High flow rate detected (Flood risk)
2026-01-19 09:00:00+00:00,6.0,VALID,3164.4024,VALID,23.02764,VALID,Warning,WARN: High flow rate detected (Flood risk)
2026-01-19 10:00:00+00:00,5.9,VALID,3129.0064,VALID,23.022306,VALID,Warning,WARN: High flow rate detected (Flood risk)
2026-01-19 11:00:00+00:00,5.9,VALID,3086.5312,VALID,22.999446000000002,VALID,Warning,WARN: High flow rate detected (Flood risk)
2026-01-19 12:00:00+00:00,5.9,VALID,2930.7888000000003,VALID,22.98573,VALID,Warning,WARN: High flow rate detected (Flood risk)
2026-01-19 13:00:00+00:00,5.9,VALID,3015.7392,VALID,22.968966,VALID,Warning,WARN: High flow rate detected (Flood risk)
2026-01-19 14:00:00+00:00,5.9,VALID,3093.6104,VALID,22.988016000000002,VALID,Warning,WARN: High flow rate detected (Flood risk)
2026-01-19 15:00:00+00:00,5.9,VALID,3164.4024,VALID,22.959822000000003,VALID,Warning,WARN: High flow rate detected (Flood risk)
2026-01-19 16:00:00+00:00,5.9,VALID,3065.2936,VALID,22.960584,VALID,Warning,WARN: High flow rate detected (Flood risk)
2026-01-19 17:00:00+00:00,5.9,VALID,3079.4519999999998,VALID,22.994874000000003,VALID,Warning,WARN: High flow rate detected (Flood risk)
2026-01-19 18:00:00+00:00,5.9,VALID,3015.7392,VALID,23.026116000000002,VALID,Warning,WARN: High flow rate detected (Flood risk)
2026-01-19 19:00:00+00:00,5.9,VALID,3065.2936,VALID,23.045166000000002,VALID,Warning,WARN: High flow rate detected (Flood risk)
2026-01-19 20:00:00+00:00,5.9,VALID,3001.5808,VALID,23.062692000000002,VALID,Warning,WARN: High flow rate detected (Flood risk)
2026-01-19 21:00:00+00:00,5.9,VALID,3008.66,VALID,23.11146,VALID,Warning,WARN: High flow rate detected (Flood risk)
2026-01-19 22:00:00+00:00,5.9,VALID,3136.0856,VALID,23.144226,VALID,Warning,WARN: High flow rate detected (Flood risk)
2026-01-19 23:00:00+00:00,5.9,VALID,3044.056,VALID,23.19528,VALID,Warning,WARN: High flow rate detected (Flood risk)
2026-01-20 00:00:00+00:00,5.9,VALID,3100.6895999999997,VALID,23.214330000000004,VALID,Warning,WARN: High flow rate detected (Flood risk)
2026-01-20 01:00:00+00:00,5.9,VALID,3022.8184,VALID,23.231856,VALID,Warning,WARN: High flow rate detected (Flood risk)
2026-01-20 02:00:00+00:00,5.9,VALID,3058.2144,VALID,23.218902,VALID,Warning,WARN: High flow rate detected (Flood risk)
2026-01-20 03:00:00+00:00,5.9,VALID,3015.7392,VALID,23.258526,VALID,Warning,WARN: High flow rate detected (Flood risk)
2026-01-20 04:00:00+00:00,5.9,VALID,3284.7488,VALID,23.279862,VALID,Warning,WARN: High flow rate detected (Flood risk)
2026-01-20 05:00:00+00:00,5.9,VALID,3121.9272,VALID,23.276814,VALID,Warning,WARN: High flow rate detected (Flood risk)
2026-01-20 06:00:00+00:00,5.9,VALID,3129.0063999999998,VALID,23.277576000000003,VALID,Warning,WARN: High flow rate detected (Flood risk)
2026-01-20 07:00:00+00:00,5.8,VALID,3525.4416,VALID,23.288244,VALID,Warning,WARN: High flow rate detected (Flood risk)
2026-01-20 08:00:00+00:00,5.8,VALID,3348.4616,VALID,23.310342000000002,VALID,Warning,WARN: High flow rate detected (Flood risk)
2026-01-20 09:00:00+00:00,5.8,VALID,3320.1448,VALID,23.332440000000002,VALID,Warning,WARN: High flow rate detected (Flood risk)
2026-01-20 10:00:00+00:00,5.8,VALID,4254.599200000001,VALID,23.342346,VALID,Warning,WARN: High flow rate detected (Flood risk)
2026-01-20 11:00:00+00:00,5.8,VALID,3851.0848,VALID,23.338536,VALID,Warning,WARN: High flow rate detected (Flood risk)
2026-01-20 12:00:00+00:00,5.8,VALID,3390.9368,VALID,23.326344,VALID,Warning,WARN: High flow rate detected (Flood risk)
2026-01-20 13:00:00+00:00,5.8,VALID,3022.8184,VALID,23.332440000000002,VALID,Warning,WARN: High flow rate detected (Flood risk)
2026-01-20 14:00:00+00:00,5.8,VALID,3164.4024,VALID,23.339298,VALID,Warning,WARN: High flow rate detected (Flood risk)
2026-01-20 15:00:00+00:00,5.8,VALID,4028.0648,VALID,23.307294,VALID,Warning,WARN: High flow rate detected (Flood risk)
2026-01-20 16:00:00+00:00,5.8,VALID,3801.5303999999996,VALID,23.292054,VALID,Warning,WARN: High flow rate detected (Flood risk)
2026-01-20 17:00:00+00:00,5.8,VALID,3341.3824,VALID,23.285958,VALID,Warning,WARN: High flow rate detected (Flood risk)
2026-01-20 18:00:00+00:00,5.8,VALID,3412.1744,VALID,23.318724000000003,VALID,Warning,WARN: High flow rate detected (Flood risk)
2026-01-20 19:00:00+00:00,5.8,VALID,3412.1744,VALID,23.335488,VALID,Warning,WARN: High flow rate detected (Flood risk)
2026-01-20 20:00:00+00:00,5.8,VALID,3624.5504,VALID,23.322534,VALID,Warning,WARN: High flow rate detected (Flood risk)
2026-01-20 21:00:00+00:00,5.8,VALID,3334.3032,VALID,23.33625,VALID,Warning,WARN: High flow rate detected (Flood risk)
2026-01-20 22:00:00+00:00,5.8,VALID,2922.29376,VALID,23.368254000000004,VALID,Warning,WARN: High flow rate detected (Flood risk)
2026-01-20 23:00:00+00:00,5.8,VALID,2950.61056,VALID,23.420832,VALID,Warning,WARN: High flow rate detected (Flood risk)
2026-01-21 00:00:00+00:00,5.8,VALID,2944.9472,VALID,23.430738,VALID,Warning,WARN: High flow rate detected (Flood risk)
2026-01-21 01:00:00+00:00,5.8,VALID,3008.66,VALID,23.506176000000004,VALID,Warning,WARN: High flow rate detected (Flood risk)
2026-01-21 02:00:00+00:00,5.8,VALID,3419.2536,VALID,23.55723,VALID,Warning,WARN: High flow rate detected (Flood risk)
2026-01-21 03:00:00+00:00,5.8,VALID,3341.3824,VALID,23.50008,VALID,Warning,WARN: High flow rate detected (Flood risk)
2026-01-21 04:00:00+00:00,5.8,VALID,3497.1247999999996,VALID,23.464266000000002,VALID,Warning,WARN: High flow rate detected (Flood risk)
2026-01-21 05:00:00+00:00,5.8,VALID,3390.9368,VALID,23.46198,VALID,Warning,WARN: High flow rate detected (Flood risk)
2026-01-21 06:00:00+00:00,5.8,VALID,3107.7688,VALID,23.447502,VALID,Warning,WARN: High flow rate detected (Flood risk)
2026-01-21 07:00:00+00:00,5.8,VALID,3185.64,VALID,23.433024000000003,VALID,Warning,WARN: High flow rate detected (Flood risk)
2026-01-21 08:00:00+00:00,5.8,VALID,3206.8776,VALID,23.429976,VALID,Warning,WARN: High flow rate detected (Flood risk)
2026-01-21 09:00:00+00:00,5.8,VALID,3327.224,VALID,23.41626,VALID,Warning,WARN: High flow rate detected (Flood risk)
2026-01-21 10:00:00+00:00,5.8,VALID,3638.7088,VALID,23.394162,VALID,Warning,WARN: High flow rate detected (Flood risk)
2026-01-21 11:00:00+00:00,5.8,VALID,3313.0656,VALID,23.389590000000002,VALID,Warning,WARN: High flow rate detected (Flood risk)
2026-01-21 12:00:00+00:00,5.8,VALID,3242.2736,VALID,23.384256,VALID,Warning,WARN: High flow rate detected (Flood risk)
2026-01-21 13:00:00+00:00,5.8,VALID,3256.432,VALID,23.360634,VALID,Warning,WARN: High flow rate detected (Flood risk)
2026-01-21 14:00:00+00:00,5.8,VALID,3369.6992,VALID,23.352252,VALID,Warning,WARN: High flow rate detected (Flood risk)
2026-01-21 15:00:00+00:00,5.8,VALID,3100.6895999999997,VALID,23.339298,VALID,Warning,WARN: High flow rate detected (Flood risk)
2026-01-21 16:00:00+00:00,5.8,VALID,3058.2144,VALID,23.361396,VALID,Warning,WARN: High flow rate detected (Flood risk)
2026-01-21 17:00:00+00:00,5.8,VALID,3369.6992,VALID,23.441406,VALID,Warning,WARN: High flow rate detected (Flood risk)
2026-01-21 18:00:00+00:00,5.8,VALID,3383.8576,VALID,23.482554,VALID,Warning,WARN: High flow rate detected (Flood risk)
2026-01-21 19:00:00+00:00,5.8,VALID,3313.0656,VALID,23.401020000000003,VALID,Warning,WARN: High flow rate detected (Flood risk)
2026-01-21 20:00:00+00:00,5.8,VALID,2996.62536,VALID,23.37435,VALID,Warning,WARN: High flow rate detected (Flood risk)
2026-01-21 21:00:00+00:00,5.8,VALID,2994.5016,VALID,23.396448,VALID,Warning,WARN: High flow rate detected (Flood risk)
2026-01-21 22:00:00+00:00,5.8,VALID,3199.7983999999997,VALID,23.411688,VALID,Warning,WARN: High flow rate detected (Flood risk)
2026-01-21 23:00:00+00:00,5.8,VALID,3383.8576,VALID,23.385780000000004,VALID,Warning,WARN: High flow rate detected (Flood risk)
2026-01-22 00:00:00+00:00,5.8,VALID,3468.808,VALID,23.458932,VALID,Warning,WARN: High flow rate detected (Flood risk)
2026-01-22 01:00:00+00:00,5.8,VALID,3327.2239999999997,VALID,23.506176,VALID,Warning,WARN: High flow rate detected (Flood risk)
2026-01-22 02:00:00+00:00,5.8,VALID,3730.7383999999997,VALID,23.509224000000003,VALID,Warning,WARN: High flow rate detected (Flood risk)
2026-01-22 03:00:00+00:00,5.8,VALID,4077.6192,VALID,23.466552,VALID,Warning,WARN: High flow rate detected (Flood risk)
2026-01-22 04:00:00+00:00,5.8,VALID,3610.392,VALID,23.459694000000002,VALID,Warning,WARN: High flow rate detected (Flood risk)
2026-01-22 05:00:00+00:00,5.8,VALID,3369.6992,VALID,23.449788,VALID,Warning,WARN: High flow rate detected (Flood risk)
2026-01-22 06:00:00+00:00,5.8,VALID,3185.64,VALID,23.41245,VALID,Warning,WARN: High flow rate detected (Flood risk)
2026-01-22 07:00:00+00:00,5.8,VALID,3086.5312,VALID,23.382732,VALID,Warning,WARN: High flow rate detected (Flood risk)
2026-01-22 08:00:00+00:00,5.8,VALID,3129.0064,VALID,23.364444000000002,VALID,Warning,WARN: High flow rate detected (Flood risk)
2026-01-22 09:00:00+00:00,5.7,VALID,3086.5312,VALID,23.356062,VALID,Warning,WARN: High flow rate detected (Flood risk)
2026-01-22 10:00:00+00:00,5.8,VALID,3015.7392,VALID,23.331678,VALID,Warning,WARN: High flow rate detected (Flood risk)
2026-01-22 11:00:00+00:00,5.8,VALID,3206.8776,VALID,23.310342000000002,VALID,Warning,WARN: High flow rate detected (Flood risk)
2026-01-22 12:00:00+00:00,5.7,VALID,3270.5904,VALID,23.289768000000002,VALID,Warning,WARN: High flow rate detected (Flood risk)
2026-01-22 13:00:00+00:00,5.7,VALID,3582.0752,VALID,23.285196000000003,VALID,Warning,WARN: High flow rate detected (Flood risk)
2026-01-22 14:00:00+00:00,5.7,VALID,3185.64,VALID,23.274528000000004,VALID,Warning,WARN: High flow rate detected (Flood risk)
2026-01-22 15:00:00+00:00,5.7,VALID,3136.0856,VALID,23.274528,VALID,Warning,WARN: High flow rate detected (Flood risk)
2026-01-22 16:00:00+00:00,5.7,VALID,3029.8976,VALID,23.338536,VALID,Warning,WARN: High flow rate detected (Flood risk)
2026-01-22 17:00:00+00:00,5.7,VALID,3221.036,VALID,23.369778,VALID,Warning,WARN: High flow rate detected (Flood risk)
2026-01-22 18:00:00+00:00,5.7,VALID,3263.5112,VALID,23.402544000000002,VALID,Warning,WARN: High flow rate detected (Flood risk)
2026-01-22 19:00:00+00:00,5.7,VALID,3171.4816,VALID,23.419307999999997,VALID,Warning,WARN: High flow rate detected (Flood risk)
2026-01-22 20:00:00+00:00,5.7,VALID,3008.66,VALID,23.449026,VALID,Warning,WARN: High flow rate detected (Flood risk)
2026-01-22 21:00:00+00:00,5.7,VALID,2864.24432,VALID,23.474934,VALID,Warning,WARN: High flow rate detected (Flood risk)
2026-01-22 22:00:00+00:00,5.7,VALID,2966.1848,VALID,23.503890000000002,VALID,Warning,WARN: High flow rate detected (Flood risk)
2026-01-22 23:00:00+00:00,5.7,VALID,3086.5312,VALID,23.563326,VALID,Warning,WARN: High flow rate detected (Flood risk)
2026-01-23 00:00:00+00:00,5.7,VALID,3511.2832,VALID,23.602188,VALID,Warning,WARN: High flow rate detected (Flood risk)
2026-01-23 01:00:00+00:00,5.7,VALID,3157.3232,VALID,23.643336,VALID,Warning,WARN: High flow rate detected (Flood risk)
2026-01-23 02:00:00+00:00,5.7,VALID,3398.016,VALID,23.684484,VALID,Warning,WARN: High flow rate detected (Flood risk)
2026-01-23 03:00:00+00:00,5.7,VALID,3617.4712,VALID,23.718012,VALID,Warning,WARN: High flow rate detected (Flood risk)
2026-01-23 04:00:00+00:00,5.6,VALID,3426.3328,VALID,23.702772000000003,VALID,Warning,WARN: High flow rate detected (Flood risk)
2026-01-23 05:00:00+00:00,5.6,VALID,3355.5407999999998,VALID,23.715726000000004,VALID,Warning,WARN: High flow rate detected (Flood risk)
2026-01-23 06:00:00+00:00,5.6,VALID,3525.4416,VALID,23.7363,VALID,Warning,WARN: High flow rate detected (Flood risk)
2026-01-23 07:00:00+00:00,5.6,VALID,3270.5904,VALID,23.681436,VALID,Warning,WARN: High flow rate detected (Flood risk)
2026-01-23 08:00:00+00:00,5.6,VALID,3298.9072,VALID,23.636478,VALID,Warning,WARN: High flow rate detected (Flood risk)
2026-01-23 09:00:00+00:00,5.6,VALID,3624.5504,VALID,23.617428,VALID,Warning,WARN: High flow rate detected (Flood risk)
2026-01-23 10:00:00+00:00,5.6,VALID,3624.5504,VALID,23.605236,VALID,Warning,WARN: High flow rate detected (Flood risk)
2026-01-23 11:00:00+00:00,5.6,VALID,4297.0743999999995,VALID,23.574756,VALID,Warning,WARN: High flow rate detected (Flood risk)
2026-01-23 12:00:00+00:00,5.6,VALID,4049.3024,VALID,23.557230000000004,VALID,Warning,WARN: High flow rate detected (Flood risk)
2026-01-23 13:00:00+00:00,5.6,VALID,4006.8272,VALID,23.521416000000002,VALID,Warning,WARN: High flow rate detected (Flood risk)
2026-01-23 14:00:00+00:00,5.6,VALID,4289.995199999999,VALID,23.551134,VALID,Warning,WARN: High flow rate detected (Flood risk)
2026-01-23 15:00:00+00:00,5.6,VALID,4679.3512,VALID,23.564088,VALID,Warning,WARN: High flow rate detected (Flood risk)
2026-01-23 16:00:00+00:00,5.6,VALID,4084.6983999999998,VALID,23.603712,VALID,Warning,WARN: High flow rate detected (Flood risk)
2026-01-23 17:00:00+00:00,5.6,VALID,3652.8672,VALID,23.631906,VALID,Warning,WARN: High flow rate detected (Flood risk)
2026-01-23 18:00:00+00:00,5.6,VALID,4431.5792,VALID,23.63343,VALID,Warning,WARN: High flow rate detected (Flood risk)
2026-01-23 19:00:00+00:00,5.6,VALID,3836.9264,VALID,23.658576,VALID,Warning,WARN: High flow rate detected (Flood risk)
2026-01-23 20:00:00+00:00,5.6,VALID,3086.5312,VALID,23.650194000000003,VALID,Warning,WARN: High flow rate detected (Flood risk)
2026-01-23 21:00:00+00:00,5.6,VALID,3058.2144,VALID,23.665434,VALID,Warning,WARN: High flow rate detected (Flood risk)
2026-01-23 22:00:00+00:00,5.6,VALID,2887.60568,VALID,23.678388,VALID,Warning,WARN: High flow rate detected (Flood risk)
2026-01-23 23:00:00+00:00,5.6,VALID,3015.7392,VALID,23.695914000000002,VALID,Warning,WARN: High flow rate detected (Flood risk)
2026-01-24 00:00:00+00:00,5.6,VALID,3150.244,VALID,23.758398,VALID,Warning,WARN: High flow rate detected (Flood risk)
2026-01-24 01:00:00+00:00,5.6,VALID,3164.4024,VALID,23.794974,VALID,Warning,WARN: High flow rate detected (Flood risk)
2026-01-24 02:00:00+00:00,5.6,VALID,3107.7688,VALID,23.782020000000003,VALID,Warning,WARN: High flow rate detected (Flood risk)
2026-01-24 03:00:00+00:00,5.5,VALID,3157.3232,VALID,23.772876,VALID,Warning,WARN: High flow rate detected (Flood risk)
2026-01-24 04:00:00+00:00,5.5,VALID,3277.6695999999997,VALID,23.791926000000004,VALID,Warning,WARN: High flow rate detected (Flood risk)
2026-01-24 05:00:00+00:00,5.5,VALID,3249.3527999999997,VALID,23.791926,VALID,Warning,WARN: High flow rate detected (Flood risk)
2026-01-24 06:00:00+00:00,5.5,VALID,3574.996,VALID,23.780496,VALID,Warning,WARN: High flow rate detected (Flood risk)
2026-01-24 07:00:00+00:00,5.5,VALID,3256.432,VALID,23.711154,VALID,Warning,WARN: High flow rate detected (Flood risk)
2026-01-24 08:00:00+00:00,5.5,VALID,4035.144,VALID,23.67915,VALID,Warning,WARN: High flow rate detected (Flood risk)
2026-01-24 09:00:00+00:00,5.5,VALID,5104.1032,VALID,23.665434,VALID,Warning,WARN: High flow rate detected (Flood risk)
2026-01-24 10:00:00+00:00,5.5,VALID,4028.0648,VALID,23.653242,VALID,Warning,WARN: High flow rate detected (Flood risk)
2026-01-24 11:00:00+00:00,5.5,VALID,3638.7088,VALID,23.601426000000004,VALID,Warning,WARN: High flow rate detected (Flood risk)
2026-01-24 12:00:00+00:00,5.5,VALID,3475.8872,VALID,23.56485,VALID,Warning,WARN: High flow rate detected (Flood risk)
2026-01-24 13:00:00+00:00,5.5,VALID,3886.4808,VALID,23.55723,VALID,Warning,WARN: High flow rate detected (Flood risk)
2026-01-24 14:00:00+00:00,5.5,VALID,4452.8168,VALID,23.597616000000002,VALID,Warning,WARN: High flow rate detected (Flood risk)
2026-01-24 15:00:00+00:00,5.5,VALID,3992.6688,VALID,23.608284,VALID,Warning,WARN: High flow rate detected (Flood risk)
2026-01-24 16:00:00+00:00,5.4,VALID,4113.0152,VALID,23.596854,VALID,Warning,WARN: High flow rate detected (Flood risk)
2026-01-24 17:00:00+00:00,5.4,VALID,3815.6888,VALID,23.625048,VALID,Warning,WARN: High flow rate detected (Flood risk)
2026-01-24 18:00:00+00:00,5.4,VALID,3277.6696,VALID,23.647146,VALID,Warning,WARN: High flow rate detected (Flood risk)
2026-01-24 19:00:00+00:00,5.4,VALID,3291.828,VALID,23.596854,VALID,Warning,WARN: High flow rate detected (Flood risk)
2026-01-24 20:00:00+00:00,5.4,VALID,3199.7984,VALID,23.529036,VALID,Warning,WARN: High flow rate detected (Flood risk)
2026-01-24 21:00:00+00:00,5.5,VALID,3066.00152,VALID,23.516844000000003,VALID,Warning,WARN: High flow rate detected (Flood risk)
2026-01-24 22:00:00+00:00,5.4,VALID,3067.41736,VALID,23.512272000000003,VALID,Warning,WARN: High flow rate detected (Flood risk)
2026-01-24 23:00:00+00:00,5.5,VALID,3005.82832,VALID,23.468837999999998,VALID,Warning,WARN: High flow rate detected (Flood risk)
2026-01-25 00:00:00+00:00,5.4,VALID,2908.13536,VALID,23.48484,VALID,Warning,WARN: High flow rate detected (Flood risk)
2026-01-25 01:00:00+00:00,5.5,VALID,3468.808,VALID,23.532084,VALID,Warning,WARN: High flow rate detected (Flood risk)
2026-01-25 02:00:00+00:00,5.4,VALID,3759.0552,VALID,23.532846,VALID,Warning,WARN: High flow rate detected (Flood risk)
2026-01-25 03:00:00+00:00,5.4,VALID,3936.0352,VALID,23.518368000000002,VALID,Warning,WARN: High flow rate detected (Flood risk)
2026-01-25 04:00:00+00:00,5.4,VALID,4091.7776,VALID,23.529798,VALID,Warning,WARN: High flow rate detected (Flood risk)
2026-01-25 05:00:00+00:00,5.4,VALID,4254.5992,VALID,23.547324,VALID,Warning,WARN: High flow rate detected (Flood risk)
2026-01-25 06:00:00+00:00,5.4,VALID,4573.1632,VALID,23.558754,VALID,Warning,WARN: High flow rate detected (Flood risk)
2026-01-25 07:00:00+00:00,5.4,VALID,3907.7184,VALID,23.570946,VALID,Warning,WARN: High flow rate detected (Flood risk)
2026-01-25 08:00:00+00:00,5.4,VALID,4155.4904,VALID,23.513034,VALID,Warning,WARN: High flow rate detected (Flood risk)
2026-01-25 09:00:00+00:00,5.4,VALID,3610.392,VALID,23.487887999999998,VALID,Warning,WARN: High flow rate detected (Flood risk)
2026-01-25 10:00:00+00:00,5.3,VALID,3751.976,VALID,23.490174,VALID,Warning,WARN: High flow rate detected (Flood risk)
2026-01-25 11:00:00+00:00,5.3,VALID,3589.1544,VALID,23.500842000000002,VALID,Warning,WARN: High flow rate detected (Flood risk)
2026-01-25 12:00:00+00:00,5.4,VALID,4813.856,VALID,23.501604,VALID,Warning,WARN: High flow rate detected (Flood risk)
2026-01-25 13:00:00+00:00,5.3,VALID,4332.4704,VALID,23.512272000000003,VALID,Warning,WARN: High flow rate detected (Flood risk)
2026-01-25 14:00:00+00:00,5.3,VALID,3836.9264000000003,VALID,23.524464000000002,VALID,Warning,WARN: High flow rate detected (Flood risk)
2026-01-25 15:00:00+00:00,5.3,VALID,4176.728,VALID,23.52675,VALID,Warning,WARN: High flow rate detected (Flood risk)
2026-01-25 16:00:00+00:00,5.3,VALID,4438.6584,VALID,23.531322000000003,VALID,Warning,WARN: High flow rate detected (Flood risk)
2026-01-25 17:00:00+00:00,5.3,VALID,4013.9064,VALID,23.542752,VALID,Warning,WARN: High flow rate detected (Flood risk)
2026-01-25 18:00:00+00:00,5.3,VALID,3185.64,VALID,23.557992000000002,VALID,Warning,WARN: High flow rate detected (Flood risk)
2026-01-25 19:00:00+00:00,5.3,VALID,3213.9568,VALID,23.490936,VALID,Warning,WARN: High flow rate detected (Flood risk)
2026-01-25 20:00:00+00:00,5.3,VALID,2783.54144,VALID,23.470362,VALID,Warning,WARN: High flow rate detected (Flood risk)
2026-01-25 21:00:00+00:00,5.3,VALID,2741.06624,VALID,23.48865,VALID,Warning,WARN: High flow rate detected (Flood risk)
2026-01-25 22:00:00+00:00,5.3,VALID,2823.18496,VALID,23.49246,VALID,Warning,WARN: High flow rate detected (Flood risk)
2026-01-25 23:00:00+00:00,5.3,VALID,2779.29392,VALID,23.462742,VALID,Warning,WARN: High flow rate detected (Flood risk)
2026-01-26 00:00:00+00:00,5.3,VALID,2843.71464,VALID,23.433786,VALID,Warning,WARN: High flow rate detected (Flood risk)
2026-01-26 01:00:00+00:00,5.3,VALID,3199.09048,VALID,23.472648,VALID,Warning,WARN: High flow rate detected (Flood risk)
2026-01-26 02:00:00+00:00,5.3,VALID,3574.996,VALID,23.484078000000004,VALID,Warning,WARN: High flow rate detected (Flood risk)
2026-01-26 03:00:00+00:00,5.3,VALID,4360.7872,VALID,23.489412,VALID,Warning,WARN: High flow rate detected (Flood risk)
2026-01-26 04:00:00+00:00,5.2,VALID,3114.848,VALID,23.477220000000003,VALID,Warning,WARN: High flow rate detected (Flood risk)
2026-01-26 05:00:00+00:00,5.2,VALID,2987.4224,VALID,23.487126,VALID,Warning,WARN: High flow rate detected (Flood risk)
2026-01-26 06:00:00+00:00,5.2,VALID,3603.3127999999997,VALID,23.461218000000002,VALID,Warning,WARN: High flow rate detected (Flood risk)
2026-01-26 07:00:00+00:00,5.2,VALID,3383.8576000000003,VALID,23.449026000000003,VALID,Warning,WARN: High flow rate detected (Flood risk)
2026-01-26 08:00:00+00:00,5.2,VALID,4537.7672,VALID,23.455122000000003,VALID,Warning,WARN: High flow rate detected (Flood risk)
2026-01-26 09:00:00+00:00,5.2,VALID,3950.1935999999996,VALID,23.459694,VALID,Warning,WARN: High flow rate detected (Flood risk)
2026-01-26 10:00:00+00:00,5.2,VALID,3447.5703999999996,VALID,23.460456,VALID,Warning,WARN: High flow rate detected (Flood risk)
2026-01-26 11:00:00+00:00,5.2,VALID,3794.4512,VALID,23.445216000000002,VALID,Warning,WARN: High flow rate detected (Flood risk)
2026-01-26 12:00:00+00:00,5.2,VALID,3971.4312,VALID,23.471124,VALID,Warning,WARN: High flow rate detected (Flood risk)
2026-01-26 13:00:00+00:00,5.2,VALID,3695.3424,VALID,23.506176000000004,VALID,Warning,WARN: High flow rate detected (Flood risk)
2026-01-26 14:00:00+00:00,5.2,VALID,3780.2928,VALID,23.522178000000004,VALID,Warning,WARN: High flow rate detected (Flood risk)
2026-01-26 15:00:00+00:00,5.2,VALID,3305.9864,VALID,23.519892,VALID,Warning,WARN: High flow rate detected (Flood risk)
2026-01-26 16:00:00+00:00,5.2,VALID,3702.4215999999997,VALID,23.5458,VALID,Warning,WARN: High flow rate detected (Flood risk)
2026-01-26 17:00:00+00:00,5.2,VALID,4325.3912,VALID,23.577804,VALID,Warning,WARN: High flow rate detected (Flood risk)
2026-01-26 18:00:00+00:00,5.2,VALID,3362.62,VALID,23.54961,VALID,Warning,WARN: High flow rate detected (Flood risk)
2026-01-26 19:00:00+00:00,5.2,VALID,3029.8976000000002,VALID,23.506937999999998,VALID,Warning,WARN: High flow rate detected (Flood risk)
2026-01-26 20:00:00+00:00,5.2,VALID,2856.4572,VALID,23.499318000000002,VALID,Warning,WARN: High flow rate detected (Flood risk)
2026-01-26 21:00:00+00:00,5.2,VALID,2779.29392,VALID,23.391876000000003,VALID,Warning,WARN: High flow rate detected (Flood risk)
2026-01-26 22:00:00+00:00,5.2,VALID,2581.07632,VALID,23.342346,VALID,Warning,WARN: High flow rate detected (Flood risk)
2026-01-26 23:00:00+00:00,5.2,VALID,2412.59136,VALID,23.375874000000003,VALID,Warning,WARN: High flow rate detected (Flood risk)
2026-01-27 00:00:00+00:00,5.1,VALID,2464.97744,VALID,23.41245,VALID,Warning,WARN: High flow rate detected (Flood risk)
2026-01-27 01:00:00+00:00,5.1,VALID,2544.9723999999997,VALID,23.445216000000002,VALID,Warning,WARN: High flow rate detected (Flood risk)
2026-01-27 02:00:00+00:00,5.1,VALID,3158.0311199999996,VALID,23.44674,VALID,Warning,WARN: High flow rate detected (Flood risk)
2026-01-27 03:00:00+00:00,5.1,VALID,3061.754,VALID,23.408640000000002,VALID,Warning,WARN: High flow rate detected (Flood risk)
2026-01-27 04:00:00+00:00,5.1,VALID,3320.1448,VALID,23.400258,VALID,Warning,WARN: High flow rate detected (Flood risk)
2026-01-27 05:00:00+00:00,5.1,VALID,3645.788,VALID,23.375874000000003,VALID,Warning,WARN: High flow rate detected (Flood risk)
2026-01-27 06:00:00+00:00,5.1,VALID,3390.9368,VALID,23.316438,VALID,Warning,WARN: High flow rate detected (Flood risk)
2026-01-27 07:00:00+00:00,5.1,VALID,3136.0856,VALID,23.314152,VALID,Warning,WARN: High flow rate detected (Flood risk)
2026-01-27 08:00:00+00:00,5.0,VALID,3286.87256,VALID,23.345394,VALID,Warning,WARN: High flow rate detected (Flood risk)
2026-01-27 09:00:00+00:00,5.0,VALID,2964.76896,VALID,23.354538,VALID,Warning,WARN: High flow rate detected (Flood risk)
2026-01-27 10:00:00+00:00,5.0,VALID,3589.1544,VALID,23.298912,VALID,Warning,WARN: High flow rate detected (Flood risk)
2026-01-27 11:00:00+00:00,5.0,VALID,3133.96184,VALID,23.249382000000004,VALID,Warning,WARN: High flow rate detected (Flood risk)
2026-01-27 12:00:00+00:00,5.0,VALID,2690.80392,VALID,23.259288,VALID,Warning,WARN: High flow rate detected (Flood risk)
2026-01-27 13:00:00+00:00,5.0,VALID,3308.81808,VALID,23.317962,VALID,Warning,WARN: High flow rate detected (Flood risk)
2026-01-27 14:00:00+00:00,5.0,VALID,3914.7976,VALID,23.344632,VALID,Warning,WARN: High flow rate detected (Flood risk)
2026-01-27 15:00:00+00:00,5.0,VALID,3872.3224,VALID,23.350728,VALID,Warning,WARN: High flow rate detected (Flood risk)
2026-01-27 16:00:00+00:00,5.0,VALID,3574.996,VALID,23.37435,VALID,Warning,WARN: High flow rate detected (Flood risk)
2026-01-27 17:00:00+00:00,5.0,VALID,3100.6896,VALID,23.405592000000002,VALID,Warning,WARN: High flow rate detected (Flood risk)
2026-01-27 18:00:00+00:00,5.0,VALID,2937.868,VALID,23.44293,VALID,Warning,WARN: High flow rate detected (Flood risk)
2026-01-27 19:00:00+00:00,5.0,VALID,2846.54632,VALID,23.417022,VALID,Warning,WARN: High flow rate detected (Flood risk)
2026-01-27 20:00:00+00:00,5.0,VALID,2591.69512,VALID,23.356062,VALID,Warning,WARN: High flow rate detected (Flood risk)
2026-01-27 21:00:00+00:00,5.0,VALID,2484.7992,VALID,23.334726000000003,VALID,Warning,WARN: High flow rate detected (Flood risk)
2026-01-27 22:00:00+00:00,5.0,VALID,2466.39328,VALID,23.342346,VALID,Warning,WARN: High flow rate detected (Flood risk)
2026-01-27 23:00:00+00:00,5.0,VALID,2567.6258399999997,VALID,23.324820000000003,VALID,Warning,WARN: High flow rate detected (Flood risk)
2026-01-28 00:00:00+00:00,5.0,VALID,2463.5616,VALID,23.33244,VALID,Warning,WARN: High flow rate detected (Flood risk)
2026-01-28 01:00:00+00:00,5.0,VALID,2540.7248799999998,VALID,23.417784,VALID,Warning,WARN: High flow rate detected (Flood risk)
2026-01-28 02:00:00+00:00,5.0,VALID,3080.15992,VALID,23.407116000000002,VALID,Warning,WARN: High flow rate detected (Flood risk)
2026-01-28 03:00:00+00:00,4.9,VALID,3829.8472,VALID,23.379684,VALID,Warning,WARN: High flow rate detected (Flood risk)
2026-01-28 04:00:00+00:00,4.9,VALID,3001.5808,VALID,23.367492000000002,VALID,Warning,WARN: High flow rate detected (Flood risk)
2026-01-28 05:00:00+00:00,4.9,VALID,2980.3432000000003,VALID,23.326344,VALID,Warning,WARN: High flow rate detected (Flood risk)
2026-01-28 06:00:00+00:00,4.9,VALID,3075.9124,VALID,23.289006,VALID,Warning,WARN: High flow rate detected (Flood risk)
2026-01-28 07:00:00+00:00,4.9,VALID,2818.22952,VALID,23.220426,VALID,Warning,WARN: High flow rate detected (Flood risk)
2026-01-28 08:00:00+00:00,4.9,VALID,2675.9376,VALID,23.181564,VALID,Warning,WARN: High flow rate detected (Flood risk)
2026-01-28 09:00:00+00:00,4.9,VALID,2569.0416800000003,VALID,23.121366000000002,VALID,Warning,WARN: High flow rate detected (Flood risk)
2026-01-28 10:00:00+00:00,4.9,VALID,3574.996,VALID,23.098506,VALID,Warning,WARN: High flow rate detected (Flood risk)
2026-01-28 11:00:00+00:00,4.9,VALID,3410.7585599999998,VALID,23.05431,VALID,Warning,WARN: High flow rate detected (Flood risk)
2026-01-28 12:00:00+00:00,4.9,VALID,3052.5510400000003,VALID,23.039832,VALID,Warning,WARN: High flow rate detected (Flood risk)
2026-01-28 13:00:00+00:00,4.8,VALID,3475.8872,VALID,23.064216000000002,VALID,Warning,WARN: High flow rate detected (Flood risk)
2026-01-28 14:00:00+00:00,4.9,VALID,3737.8176,VALID,23.094696,VALID,Warning,WARN: High flow rate detected (Flood risk)
2026-01-28 15:00:00+00:00,4.9,VALID,3291.828,VALID,23.088600000000003,VALID,Warning,WARN: High flow rate detected (Flood risk)
2026-01-28 16:00:00+00:00,4.9,VALID,3072.3728,VALID,23.079456,VALID,Warning,WARN: High flow rate detected (Flood risk)
2026-01-28 17:00:00+00:00,4.9,VALID,2826.72456,VALID,23.099268000000002,VALID,Warning,WARN: High flow rate detected (Flood risk)
2026-01-28 18:00:00+00:00,4.9,VALID,2733.98704,VALID,23.055834,VALID,Warning,WARN: High flow rate detected (Flood risk)
2026-01-28 19:00:00+00:00,4.9,VALID,2782.1256,VALID,23.038308,VALID,Warning,WARN: High flow rate detected (Flood risk)
2026-01-28 20:00:00+00:00,4.9,VALID,2498.9576,VALID,22.975062,VALID,Warning,WARN: High flow rate detected (Flood risk)
2026-01-28 21:00:00+00:00,4.9,VALID,2367.28448,VALID,22.953726,VALID,Warning,WARN: High flow rate detected (Flood risk)
2026-01-28 22:00:00+00:00,4.9,VALID,2403.3884,VALID,22.912578000000003,VALID,Warning,WARN: High flow rate detected (Flood risk)
2026-01-28 23:00:00+00:00,4.9,VALID,2367.2844800000003,VALID,22.883622,VALID,Warning,WARN: High flow rate detected (Flood risk)
2026-01-29 00:00:00+00:00,4.9,VALID,2494.00216,VALID,22.860762000000005,VALID,Warning,WARN: High flow rate detected (Flood risk)
2026-01-29 01:00:00+00:00,4.9,VALID,2535.76944,VALID,22.942296,VALID,Warning,WARN: High flow rate detected (Flood risk)
2026-01-29 02:00:00+00:00,4.9,VALID,2758.0563199999997,VALID,22.962108,VALID,Warning,WARN: High flow rate detected (Flood risk)
2026-01-29 03:00:00+00:00,4.9,VALID,2711.3336,VALID,22.9362,VALID,Warning,WARN: High flow rate detected (Flood risk)
2026-01-29 04:00:00+00:00,4.9,VALID,2719.8286399999997,VALID,22.939248,VALID,Warning,WARN: High flow rate detected (Flood risk)
2026-01-29 05:00:00+00:00,4.8,VALID,2782.1256,VALID,22.94001,VALID,Warning,WARN: High flow rate detected (Flood risk)
2026-01-29 06:00:00+00:00,4.8,VALID,2672.398,VALID,22.95525,VALID,Warning,WARN: High flow rate detected (Flood risk)
2026-01-29 07:00:00+00:00,4.8,VALID,2628.5069599999997,VALID,22.963632,VALID,Warning,WARN: High flow rate detected (Flood risk)
2026-01-29 08:00:00+00:00,4.8,VALID,2596.65056,VALID,22.939248000000003,VALID,Warning,WARN: High flow rate detected (Flood risk)
2026-01-29 09:00:00+00:00,4.8,VALID,2555.5912,VALID,22.94001,VALID,Warning,WARN: High flow rate detected (Flood risk)
2026-01-29 10:00:00+00:00,4.8,VALID,2535.76944,VALID,22.960584,VALID,Warning,WARN: High flow rate detected (Flood risk)
2026-01-29 11:00:00+00:00,4.8,VALID,3638.7088,VALID,22.977348,VALID,Warning,WARN: High flow rate detected (Flood risk)
2026-01-29 12:00:00+00:00,4.8,VALID,2701.42272,VALID,22.994112,VALID,Warning,WARN: High flow rate detected (Flood risk)
2026-01-29 13:00:00+00:00,4.8,VALID,2914.50664,VALID,23.083266000000002,VALID,Warning,WARN: High flow rate detected (Flood risk)
2026-01-29 14:00:00+00:00,4.8,VALID,2804.07112,VALID,23.114508,VALID,Warning,WARN: High flow rate detected (Flood risk)
2026-01-29 15:00:00+00:00,4.8,VALID,2961.93728,VALID,23.106126,VALID,Warning,WARN: High flow rate detected (Flood risk)
2026-01-29 16:00:00+00:00,4.8,VALID,2874.1552,VALID,23.119842,VALID,Warning,WARN: High flow rate detected (Flood risk)
2026-01-29 17:00:00+00:00,4.8,VALID,2988.83824,VALID,23.090886,VALID,Warning,WARN: High flow rate detected (Flood risk)
2026-01-29 18:00:00+00:00,4.8,VALID,2666.02672,VALID,23.081742,VALID,Warning,WARN: High flow rate detected (Flood risk)
2026-01-29 19:00:00+00:00,4.8,VALID,3069.54112,VALID,23.061168000000002,VALID,Warning,WARN: High flow rate detected (Flood risk)
2026-01-29 20:00:00+00:00,4.9,VALID,2449.4031999999997,VALID,23.048976000000003,VALID,Warning,WARN: High flow rate detected (Flood risk)
2026-01-29 21:00:00+00:00,4.9,VALID,2438.0764799999997,VALID,23.04669,VALID,Warning,WARN: High flow rate detected (Flood risk)
2026-01-29 22:00:00+00:00,4.9,VALID,2804.07112,VALID,23.049738,VALID,Warning,WARN: High flow rate detected (Flood risk)
2026-01-29 23:00:00+00:00,4.9,VALID,2663.19504,VALID,23.071074000000003,VALID,Warning,WARN: High flow rate detected (Flood risk)
2026-01-30 00:00:00+00:00,4.8,VALID,2724.07616,VALID,23.128224000000003,VALID,Warning,WARN: High flow rate detected (Flood risk)
2026-01-30 01:00:00+00:00,4.8,VALID,2819.64536,VALID,23.148036,VALID,Warning,WARN: High flow rate detected (Flood risk)
2026-01-30 02:00:00+00:00,4.8,VALID,3003.70456,VALID,23.136606,VALID,Warning,WARN: High flow rate detected (Flood risk)
2026-01-30 03:00:00+00:00,4.8,VALID,2850.79384,VALID,23.137368000000002,VALID,Warning,WARN: High flow rate detected (Flood risk)
2026-01-30 04:00:00+00:00,4.8,VALID,3759.0552,VALID,23.112984,VALID,Warning,WARN: High flow rate detected (Flood risk)
2026-01-30 05:00:00+00:00,4.8,VALID,3001.5808,VALID,23.087076000000003,VALID,Warning,WARN: High flow rate detected (Flood risk)
2026-01-30 06:00:00+00:00,4.8,VALID,2650.45248,VALID,23.047452,VALID,Warning,WARN: High flow rate detected (Flood risk)
2026-01-30 07:00:00+00:00,4.8,VALID,2541.4328,VALID,23.033736,VALID,Warning,WARN: High flow rate detected (Flood risk)
2026-01-30 08:00:00+00:00,4.8,VALID,2639.12576,VALID,23.063454,VALID,Warning,WARN: High flow rate detected (Flood risk)
2026-01-30 09:00:00+00:00,4.8,VALID,2626.3832,VALID,23.10765,VALID,Warning,WARN: High flow rate detected (Flood risk)
2026-01-30 10:00:00+00:00,4.8,VALID,2710.62568,VALID,23.117556,VALID,Warning,WARN: High flow rate detected (Flood risk)
2026-01-30 11:00:00+00:00,4.8,VALID,2663.1950399999996,VALID,23.123652,VALID,Warning,WARN: High flow rate detected (Flood risk)
2026-01-30 12:00:00+00:00,4.8,VALID,2579.66048,VALID,23.170134,VALID,Warning,WARN: High flow rate detected (Flood risk)
2026-01-30 13:00:00+00:00,4.8,VALID,2648.32872,VALID,23.265384,VALID,Warning,WARN: High flow rate detected (Flood risk)
2026-01-30 14:00:00+00:00,4.8,VALID,2942.82344,VALID,23.311104,VALID,Warning,WARN: High flow rate detected (Flood risk)
2026-01-30 15:00:00+00:00,4.8,VALID,2784.9572799999996,VALID,23.298912,VALID,Warning,WARN: High flow rate detected (Flood risk)
2026-01-30 16:00:00+00:00,4.8,VALID,3056.79856,VALID,23.275290000000002,VALID,Warning,WARN: High flow rate detected (Flood risk)
2026-01-30 17:00:00+00:00,4.8,VALID,2650.45248,VALID,23.220426000000003,VALID,Warning,WARN: High flow rate detected (Flood risk)
2026-01-30 18:00:00+00:00,4.8,VALID,2655.4079199999996,VALID,23.201376,VALID,Warning,WARN: High flow rate detected (Flood risk)
2026-01-30 19:00:00+00:00,4.8,VALID,2532.93776,VALID,23.179278000000004,VALID,Warning,WARN: High flow rate detected (Flood risk)
2026-01-30 20:00:00+00:00,4.8,VALID,2620.7198399999997,VALID,23.148036,VALID,Warning,WARN: High flow rate detected (Flood risk)
2026-01-30 21:00:00+00:00,4.8,VALID,2500.37344,VALID,23.102316000000002,VALID,Warning,WARN: High flow rate detected (Flood risk)
2026-01-30 22:00:00+00:00,4.8,VALID,2782.83352,VALID,23.093172000000003,VALID,Warning,WARN: High flow rate detected (Flood risk)
2026-01-30 23:00:00+00:00,4.8,VALID,2801.94736,VALID,23.124414,VALID,Warning,WARN: High flow rate detected (Flood risk)
2026-01-31 00:00:00+00:00,4.8,VALID,3002.99664,VALID,23.181564,VALID,Warning,WARN: High flow rate detected (Flood risk)
2026-01-31 01:00:00+00:00,4.8,VALID,2803.3632,VALID,23.17623,VALID,Warning,WARN: High flow rate detected (Flood risk)
2026-01-31 02:00:00+00:00,4.8,VALID,2884.774,VALID,23.188422,VALID,Warning,WARN: High flow rate detected (Flood risk)
2026-01-31 03:00:00+00:00,4.8,VALID,2731.86328,VALID,23.135082,VALID,Warning,WARN: High flow rate detected (Flood risk)
2026-01-31 04:00:00+00:00,4.8,VALID,2686.5564,VALID,23.127462,VALID,Warning,WARN: High flow rate detected (Flood risk)
2026-01-31 05:00:00+00:00,4.8,VALID,2592.40304,VALID,23.128224000000003,VALID,Warning,WARN: High flow rate detected (Flood risk)
2026-01-31 06:00:00+00:00,4.8,VALID,2606.56144,VALID,23.157942,VALID,Warning,WARN: High flow rate detected (Flood risk)
2026-01-31 07:00:00+00:00,4.8,VALID,2682.30888,VALID,23.121366000000002,VALID,Warning,WARN: High flow rate detected (Flood risk)
2026-01-31 08:00:00+00:00,4.8,VALID,2634.1703199999997,VALID,23.057358,VALID,Warning,WARN: High flow rate detected (Flood risk)
2026-01-31 09:00:00+00:00,4.8,VALID,2449.4031999999997,VALID,23.080218000000002,VALID,Warning,WARN: High flow rate detected (Flood risk)
2026-01-31 10:00:00+00:00,4.8,VALID,2503.20512,VALID,23.110698,VALID,Warning,WARN: High flow rate detected (Flood risk)
2026-01-31 11:00:00+00:00,4.8,VALID,2474.88832,VALID,23.109936,VALID,Warning,WARN: High flow rate detected (Flood risk)
2026-01-31 12:00:00+00:00,4.8,VALID,2525.8585599999997,VALID,23.083266000000002,VALID,Warning,WARN: High flow rate detected (Flood risk)
2026-01-31 13:00:00+00:00,4.8,VALID,2586.73968,VALID,23.182326,VALID,Warning,WARN: High flow rate detected (Flood risk)
2026-01-31 14:00:00+00:00,4.8,VALID,2690.80392,VALID,23.251668000000002,VALID,Warning,WARN: High flow rate detected (Flood risk)
2026-01-31 15:00:00+00:00,4.8,VALID,2872.0314399999997,VALID,23.276052,VALID,Warning,WARN: High flow rate detected (Flood risk)
2026-01-31 16:00:00+00:00,4.8,VALID,2823.18496,VALID,23.216616000000002,VALID,Warning,WARN: High flow rate detected (Flood risk)
2026-01-31 17:00:00+00:00,4.8,VALID,2650.45248,VALID,23.172420000000002,VALID,Warning,WARN: High flow rate detected (Flood risk)
2026-01-31 18:00:00+00:00,4.8,VALID,2496.12592,VALID,23.157180000000004,VALID,Warning,WARN: High flow rate detected (Flood risk)
2026-01-31 19:00:00+00:00,4.8,VALID,2474.88832,VALID,23.151846000000003,VALID,Warning,WARN: High flow rate detected (Flood risk)
2026-01-31 20:00:00+00:00,4.8,VALID,2455.77448,VALID,23.116794,VALID,Warning,WARN: High flow rate detected (Flood risk)
2026-01-31 21:00:00+00:00,4.8,VALID,2416.13096,VALID,23.084028000000004,VALID,Warning,WARN: High flow rate detected (Flood risk)
2026-01-31 22:00:00+00:00,4.8,VALID,2399.8487999999998,VALID,23.051262,VALID,Warning,WARN: High flow rate detected (Flood risk)
2026-01-31 23:00:00+00:00,4.8,VALID,2419.67056,VALID,23.072598,VALID,Warning,WARN: High flow rate detected (Flood risk)
2026-02-01 00:00:00+00:00,4.8,VALID,2615.05648,VALID,23.106126,VALID,Warning,WARN: High flow rate detected (Flood risk)
2026-02-01 01:00:00+00:00,4.8,VALID,2726.90784,VALID,23.11527,VALID,Warning,WARN: High flow rate detected (Flood risk)
2026-02-01 02:00:00+00:00,4.8,VALID,2699.29896,VALID,23.119842000000002,VALID,Warning,WARN: High flow rate detected (Flood risk)
2026-02-01 03:00:00+00:00,4.8,VALID,2683.0168000000003,VALID,23.129748000000003,VALID,Warning,WARN: High flow rate detected (Flood risk)
2026-02-01 04:00:00+00:00,4.8,VALID,2792.0364799999998,VALID,23.14575,VALID,Warning,WARN: High flow rate detected (Flood risk)
2026-02-01 05:00:00+00:00,4.8,VALID,2715.58112,VALID,23.170896,VALID,Warning,WARN: High flow rate detected (Flood risk)
2026-02-01 06:00:00+00:00,4.8,VALID,3041.93224,VALID,23.179278000000004,VALID,Warning,WARN: High flow rate detected (Flood risk)
2026-02-01 07:00:00+00:00,4.8,VALID,3036.9768,VALID,23.190708,VALID,Warning,WARN: High flow rate detected (Flood risk)
2026-02-01 08:00:00+00:00,4.8,VALID,2668.1504800000002,VALID,23.143464,VALID,Warning,WARN: High flow rate detected (Flood risk)
2026-02-01 09:00:00+00:00,4.8,VALID,2474.88832,VALID,23.135844000000002,VALID,Warning,WARN: High flow rate detected (Flood risk)
2026-02-01 10:00:00+00:00,4.8,VALID,2377.90328,VALID,23.151846,VALID,Warning,WARN: High flow rate detected (Flood risk)
2026-02-01 11:00:00+00:00,4.8,VALID,2547.80408,VALID,23.171658,VALID,Warning,WARN: High flow rate detected (Flood risk)
2026-02-01 12:00:00+00:00,4.8,VALID,2603.72976,VALID,23.194518000000002,VALID,Warning,WARN: High flow rate detected (Flood risk)
2026-02-01 13:00:00+00:00,4.8,VALID,2599.48224,VALID,23.234904,VALID,Warning,WARN: High flow rate detected (Flood risk)
2026-02-01 14:00:00+00:00,4.8,VALID,2622.13568,VALID,23.26005,VALID,Warning,WARN: High flow rate detected (Flood risk)
2026-02-01 15:00:00+00:00,4.8,VALID,2964.06104,VALID,23.280624000000003,VALID,Warning,WARN: High flow rate detected (Flood risk)
2026-02-01 16:00:00+00:00,4.8,VALID,2496.83384,VALID,23.259288,VALID,Warning,WARN: High flow rate detected (Flood risk)
2026-02-01 17:00:00+00:00,4.8,VALID,2568.33376,VALID,23.234904,VALID,Warning,WARN: High flow rate detected (Flood risk)
2026-02-01 18:00:00+00:00,4.8,VALID,2543.55656,VALID,23.241,VALID,Warning,WARN: High flow rate detected (Flood risk)
2026-02-01 19:00:00+00:00,4.8,VALID,3041.22432,VALID,23.247096,VALID,Warning,WARN: High flow rate detected (Flood risk)
2026-02-01 20:00:00+00:00,4.8,VALID,2687.97224,VALID,23.215092000000002,VALID,Warning,WARN: High flow rate detected (Flood risk)
2026-02-01 21:00:00+00:00,4.9,VALID,2494.71008,VALID,23.196042000000002,VALID,Warning,WARN: High flow rate detected (Flood risk)
2026-02-01 22:00:00+00:00,4.9,VALID,3049.01144,VALID,23.2029,VALID,Warning,WARN: High flow rate detected (Flood risk)
2026-02-01 23:00:00+00:00,4.9,VALID,4240.4408,VALID,23.193756,VALID,Warning,WARN: High flow rate detected (Flood risk)
2026-02-02 00:00:00+00:00,4.9,VALID,3808.6096,VALID,23.231856,VALID,Warning,WARN: High flow rate detected (Flood risk)
2026-02-02 01:00:00+00:00,4.9,VALID,3213.9568,VALID,23.232618000000002,VALID,Warning,WARN: High flow rate detected (Flood risk)
2026-02-02 02:00:00+00:00,4.8,VALID,2980.3432000000003,VALID,23.230332,VALID,Warning,WARN: High flow rate detected (Flood risk)
2026-02-02 03:00:00+00:00,4.8,VALID,2884.774,VALID,23.247096,VALID,Warning,WARN: High flow rate detected (Flood risk)
2026-02-02 04:00:00+00:00,4.8,VALID,3121.9272,VALID,23.268432,VALID,Warning,WARN: High flow rate detected (Flood risk)
2026-02-02 05:00:00+00:00,4.8,VALID,2950.61056,VALID,23.237952,VALID,Warning,WARN: High flow rate detected (Flood risk)
2026-02-02 06:00:00+00:00,4.8,VALID,2796.99192,VALID,23.250144000000002,VALID,Warning,WARN: High flow rate detected (Flood risk)
2026-02-02 07:00:00+00:00,4.8,VALID,2729.73952,VALID,23.289006,VALID,Warning,WARN: High flow rate detected (Flood risk)
2026-02-02 08:00:00+00:00,4.8,VALID,2646.20496,VALID,23.254716000000002,VALID,Warning,WARN: High flow rate detected (Flood risk)
2026-02-02 09:00:00+00:00,4.8,VALID,2792.7444,VALID,23.22195,VALID,Warning,WARN: High flow rate detected (Flood risk)
2026-02-02 10:00:00+00:00,4.8,VALID,3393.06056,VALID,23.224236,VALID,Warning,WARN: High flow rate detected (Flood risk)
2026-02-02 11:00:00+00:00,4.8,VALID,2902.4719999999998,VALID,23.250906,VALID,Warning,WARN: High flow rate detected (Flood risk)
2026-02-02 12:00:00+00:00,4.8,VALID,2796.284,VALID,23.227284,VALID,Warning,WARN: High flow rate detected (Flood risk)
2026-02-02 13:00:00+00:00,4.8,VALID,2479.13584,VALID,23.217378000000004,VALID,Warning,WARN: High flow rate detected (Flood risk)
2026-02-02 14:00:00+00:00,4.8,VALID,2445.8635999999997,VALID,23.280624000000003,VALID,Warning,WARN: High flow rate detected (Flood risk)
2026-02-02 15:00:00+00:00,4.8,VALID,2646.91288,VALID,23.301198,VALID,Warning,WARN: High flow rate detected (Flood risk)
2026-02-02 16:00:00+00:00,4.8,VALID,2748.85336,VALID,23.31339,VALID,Warning,WARN: High flow rate detected (Flood risk)
2026-02-02 17:00:00+00:00,4.8,VALID,2498.24968,VALID,23.286720000000003,VALID,Warning,WARN: High flow rate detected (Flood risk)
2026-02-02 18:00:00+00:00,4.8,VALID,2554.88328,VALID,23.29815,VALID,Warning,WARN: High flow rate detected (Flood risk)
2026-02-02 19:00:00+00:00,4.8,VALID,2483.38336,VALID,23.24481,VALID,Warning,WARN: High flow rate detected (Flood risk)
2026-02-02 20:00:00+00:00,4.8,VALID,2481.96752,VALID,23.18766,VALID,Warning,WARN: High flow rate detected (Flood risk)
2026-02-02 21:00:00+00:00,4.8,VALID,2383.56664,VALID,23.173944,VALID,Warning,WARN: High flow rate detected (Flood risk)
2026-02-02 22:00:00+00:00,4.8,VALID,2542.84864,VALID,23.202138,VALID,Warning,WARN: High flow rate detected (Flood risk)
2026-02-02 23:00:00+00:00,4.9,VALID,2429.58144,VALID,23.171658,VALID,Warning,WARN: High flow rate detected (Flood risk)
2026-02-03 00:00:00+00:00,4.9,VALID,2535.76944,VALID,23.208234,VALID,Warning,WARN: High flow rate detected (Flood risk)
2026-02-03 01:00:00+00:00,4.9,VALID,2762.30384,VALID,23.243286,VALID,Warning,WARN: High flow rate detected (Flood risk)
2026-02-03 02:00:00+00:00,4.8,VALID,2938.57592,VALID,23.266908,VALID,Warning,WARN: High flow rate detected (Flood risk)
2026-02-03 03:00:00+00:00,4.8,VALID,3178.5608,VALID,23.250144000000002,VALID,Warning,WARN: High flow rate detected (Flood risk)
2026-02-03 04:00:00+00:00,4.8,VALID,2852.20968,VALID,23.274528,VALID,Warning,WARN: High flow rate detected (Flood risk)
2026-02-03 05:00:00+00:00,4.8,VALID,2881.2344000000003,VALID,23.246334,VALID,Warning,WARN: High flow rate detected (Flood risk)
2026-02-03 06:00:00+00:00,4.8,VALID,2714.16528,VALID,23.196042000000002,VALID,Warning,WARN: High flow rate detected (Flood risk)
2026-02-03 07:00:00+00:00,4.8,VALID,2621.42776,VALID,23.170896,VALID,Warning,WARN: High flow rate detected (Flood risk)
2026-02-03 08:00:00+00:00,4.8,VALID,2781.41768,VALID,23.1648,VALID,Warning,WARN: High flow rate detected (Flood risk)
2026-02-03 09:00:00+00:00,4.8,VALID,2969.7244,VALID,23.176992000000002,VALID,Warning,WARN: High flow rate detected (Flood risk)
2026-02-03 10:00:00+00:00,4.8,VALID,2685.14056,VALID,23.177754,VALID,Warning,WARN: High flow rate detected (Flood risk)
2026-02-03 11:00:00+00:00,4.8,VALID,3178.5608,VALID,23.166324,VALID,Warning,WARN: High flow rate detected (Flood risk)
2026-02-03 12:00:00+00:00,4.8,VALID,2713.45736,VALID,23.171658,VALID,Warning,WARN: High flow rate detected (Flood risk)
2026-02-03 13:00:00+00:00,4.8,VALID,2663.90296,VALID,23.20671,VALID,Warning,WARN: High flow rate detected (Flood risk)
2026-02-03 14:00:00+00:00,4.8,VALID,2695.05144,VALID,23.247858,VALID,Warning,WARN: High flow rate detected (Flood risk)
2026-02-03 15:00:00+00:00,4.8,VALID,2546.38824,VALID,23.284434,VALID,Warning,WARN: High flow rate detected (Flood risk)
2026-02-03 16:00:00+00:00,4.8,VALID,2666.73464,VALID,23.343870000000003,VALID,Warning,WARN: High flow rate detected (Flood risk)
2026-02-03 17:00:00+00:00,4.8,VALID,2657.53168,VALID,23.356062,VALID,Warning,WARN: High flow rate detected (Flood risk)
2026-02-03 18:00:00+00:00,4.8,VALID,2581.07632,VALID,23.250144000000002,VALID,Warning,WARN: High flow rate detected (Flood risk)
2026-02-03 19:00:00+00:00,4.8,VALID,2401.97256,VALID,23.202138,VALID,Warning,WARN: High flow rate detected (Flood risk)
2026-02-03 20:00:00+00:00,4.8,VALID,2482.67544,VALID,23.205948,VALID,Warning,WARN: High flow rate detected (Flood risk)
2026-02-03 21:00:00+00:00,4.8,VALID,2610.10104,VALID,23.203662,VALID,Warning,WARN: High flow rate detected (Flood risk)
2026-02-03 22:00:00+00:00,4.8,VALID,2606.56144,VALID,23.146512,VALID,Warning,WARN: High flow rate detected (Flood risk)
2026-02-03 23:00:00+00:00,4.8,VALID,2354.5419199999997,VALID,23.096982,VALID,Warning,WARN: High flow rate detected (Flood risk)
2026-02-04 00:00:00+00:00,4.8,VALID,2417.5468,VALID,23.122128000000004,VALID,Warning,WARN: High flow rate detected (Flood risk)
2026-02-04 01:00:00+00:00,4.8,VALID,2599.4822400000003,VALID,23.182326000000003,VALID,Warning,WARN: High flow rate detected (Flood risk)
2026-02-04 02:00:00+00:00,4.8,VALID,2772.92264,VALID,23.181564,VALID,Warning,WARN: High flow rate detected (Flood risk)
2026-02-04 03:00:00+00:00,4.8,VALID,2735.40288,VALID,23.16861,VALID,Warning,WARN: High flow rate detected (Flood risk)
2026-02-04 04:00:00+00:00,4.8,VALID,2687.26432,VALID,23.192994000000002,VALID,Warning,WARN: High flow rate detected (Flood risk)
2026-02-04 05:00:00+00:00,4.8,VALID,2862.82848,VALID,23.240238,VALID,Warning,WARN: High flow rate detected (Flood risk)
2026-02-04 06:00:00+00:00,4.8,VALID,3151.65984,VALID,23.232618000000002,VALID,Warning,WARN: High flow rate detected (Flood risk)
2026-02-04 07:00:00+00:00,4.8,VALID,2765.84344,VALID,23.229570000000002,VALID,Warning,WARN: High flow rate detected (Flood risk)
2026-02-04 08:00:00+00:00,4.8,VALID,2605.85352,VALID,23.156418000000002,VALID,Warning,WARN: High flow rate detected (Flood risk)
2026-02-04 09:00:00+00:00,4.7,VALID,2545.68032,VALID,23.114508,VALID,Warning,WARN: High flow rate detected (Flood risk)
2026-02-04 10:00:00+00:00,4.8,VALID,2386.39832,VALID,23.13813,VALID,Warning,WARN: High flow rate detected (Flood risk)
2026-02-04 11:00:00+00:00,4.8,VALID,2396.3091999999997,VALID,23.154894000000002,VALID,Warning,WARN: High flow rate detected (Flood risk)
2026-02-04 12:00:00+00:00,4.7,VALID,2394.89336,VALID,23.128224,VALID,Warning,WARN: High flow rate detected (Flood risk)
2026-02-04 13:00:00+00:00,4.8,VALID,2400.55672,VALID,23.112983999999997,VALID,Warning,WARN: High flow rate detected (Flood risk)
2026-02-04 14:00:00+00:00,4.8,VALID,2429.58144,VALID,23.173944,VALID,Warning,WARN: High flow rate detected (Flood risk)
2026-02-04 15:00:00+00:00,4.8,VALID,2556.29912,VALID,23.211282,VALID,Warning,WARN: High flow rate detected (Flood risk)
2026-02-04 16:00:00+00:00,4.8,VALID,2596.65056,VALID,23.129748,VALID,Warning,WARN: High flow rate detected (Flood risk)
2026-02-04 17:00:00+00:00,4.8,VALID,2662.48712,VALID,23.074122000000003,VALID,Warning,WARN: High flow rate detected (Flood risk)
2026-02-04 18:00:00+00:00,4.8,VALID,2448.69528,VALID,23.060406,VALID,Warning,WARN: High flow rate detected (Flood risk)
2026-02-04 19:00:00+00:00,4.8,VALID,2504.6209599999997,VALID,23.03145,VALID,Warning,WARN: High flow rate detected (Flood risk)
2026-02-04 20:00:00+00:00,4.8,VALID,2340.38352,VALID,22.985730000000004,VALID,Warning,WARN: High flow rate detected (Flood risk)
2026-02-04 21:00:00+00:00,4.8,VALID,2340.3835200000003,VALID,22.935438,VALID,Warning,WARN: High flow rate detected (Flood risk)
2026-02-04 22:00:00+00:00,4.8,VALID,2587.4476,VALID,22.883622000000003,VALID,Warning,WARN: High flow rate detected (Flood risk)
2026-02-04 23:00:00+00:00,4.8,VALID,2427.45768,VALID,22.832568000000002,VALID,Warning,WARN: High flow rate detected (Flood risk)
2026-02-05 00:00:00+00:00,4.8,VALID,2576.12088,VALID,22.889718000000002,VALID,Warning,WARN: High flow rate detected (Flood risk)
2026-02-05 01:00:00+00:00,4.8,VALID,2695.05144,VALID,22.900386,VALID,Warning,WARN: High flow rate detected (Flood risk)
2026-02-05 02:00:00+00:00,4.8,VALID,2848.67008,VALID,22.87143,VALID,Warning,WARN: High flow rate detected (Flood risk)
2026-02-05 03:00:00+00:00,4.8,VALID,2641.95744,VALID,22.876002,VALID,Warning,WARN: High flow rate detected (Flood risk)
2026-02-05 04:00:00+00:00,4.8,VALID,2673.10592,VALID,22.915626000000003,VALID,Warning,WARN: High flow rate detected (Flood risk)
2026-02-05 05:00:00+00:00,4.8,VALID,2533.64568,VALID,22.870668000000002,VALID,Warning,WARN: High flow rate detected (Flood risk)
2026-02-05 06:00:00+00:00,4.8,VALID,2456.4824,VALID,22.834854,VALID,Warning,WARN: High flow rate detected (Flood risk)
2026-02-05 07:00:00+00:00,4.8,VALID,2733.27912,VALID,22.813518000000002,VALID,Warning,WARN: High flow rate detected (Flood risk)
2026-02-05 08:00:00+00:00,4.8,VALID,2503.91304,VALID,22.812756,VALID,Warning,WARN: High flow rate detected (Flood risk)
2026-02-05 09:00:00+00:00,4.8,VALID,2389.23,VALID,22.792944000000002,VALID,Warning,WARN: High flow rate detected (Flood risk)
2026-02-05 10:00:00+00:00,4.8,VALID,2428.1656,VALID,22.772370000000002,VALID,Warning,WARN: High flow rate detected (Flood risk)
2026-02-05 11:00:00+00:00,4.8,VALID,2394.89336,VALID,22.74189,VALID,Warning,WARN: High flow rate detected (Flood risk)
2026-02-05 12:00:00+00:00,4.8,VALID,2314.8984,VALID,22.728936,VALID,Warning,WARN: High flow rate detected (Flood risk)
2026-02-05 13:00:00+00:00,4.8,VALID,2409.05176,VALID,22.773894000000002,VALID,Warning,WARN: High flow rate detected (Flood risk)
2026-02-05 14:00:00+00:00,4.8,VALID,2590.9872,VALID,22.785324,VALID,Warning,WARN: High flow rate detected (Flood risk)
2026-02-05 15:00:00+00:00,4.8,VALID,2540.01696,VALID,22.786086,VALID,Warning,WARN: High flow rate detected (Flood risk)
2026-02-05 16:00:00+00:00,4.8,VALID,2714.16528,VALID,22.78761,VALID,Warning,WARN: High flow rate detected (Flood risk)
2026-02-05 17:00:00+00:00,4.8,VALID,2596.65056,VALID,22.808184,VALID,Warning,WARN: High flow rate detected (Flood risk)
2026-02-05 18:00:00+00:00,4.9,VALID,2496.12592,VALID,22.799039999999998,VALID,Warning,WARN: High flow rate detected (Flood risk)
2026-02-05 19:00:00+00:00,4.9,VALID,2489.04672,VALID,22.802088,VALID,Warning,WARN: High flow rate detected (Flood risk)
2026-02-05 20:00:00+00:00,4.9,VALID,2477.7200000000003,VALID,22.822662,VALID,Warning,WARN: High flow rate detected (Flood risk)
2026-02-05 21:00:00+00:00,4.9,VALID,2595.23472,VALID,22.860762,VALID,Warning,WARN: High flow rate detected (Flood risk)
2026-02-05 22:00:00+00:00,4.9,VALID,2635.58616,VALID,22.865334,VALID,Warning,WARN: High flow rate detected (Flood risk)
2026-02-05 23:00:00+00:00,4.9,VALID,2579.66048,VALID,22.867620000000002,VALID,Warning,WARN: High flow rate detected (Flood risk)
2026-02-06 00:00:00+00:00,4.9,VALID,2862.82848,VALID,22.903434,VALID,Warning,WARN: High flow rate detected (Flood risk)
2026-02-06 01:00:00+00:00,4.9,VALID,3451.1099999999997,VALID,22.934676000000003,VALID,Warning,WARN: High flow rate detected (Flood risk)
2026-02-06 02:00:00+00:00,4.9,VALID,2741.06624,VALID,22.945344000000002,VALID,Warning,WARN: High flow rate detected (Flood risk)
2026-02-06 03:00:00+00:00,4.9,VALID,2634.87824,VALID,22.964394,VALID,Warning,WARN: High flow rate detected (Flood risk)
2026-02-06 04:00:00+00:00,4.9,VALID,2740.3583200000003,VALID,23.015448000000003,VALID,Warning,WARN: High flow rate detected (Flood risk)
2026-02-06 05:00:00+00:00,4.9,VALID,2743.89792,VALID,23.00478,VALID,Warning,WARN: High flow rate detected (Flood risk)
2026-02-06 06:00:00+00:00,4.9,VALID,2673.81384,VALID,23.005542000000002,VALID,Warning,WARN: High flow rate detected (Flood risk)
2026-02-06 07:00:00+00:00,4.9,VALID,2581.07632,VALID,23.01621,VALID,Warning,WARN: High flow rate detected (Flood risk)
2026-02-06 08:00:00+00:00,4.9,VALID,2596.65056,VALID,22.999446,VALID,Warning,WARN: High flow rate detected (Flood risk)
2026-02-06 09:00:00+00:00,4.9,VALID,2477.72,VALID,22.97049,VALID,Warning,WARN: High flow rate detected (Flood risk)
2026-02-06 10:00:00+00:00,4.9,VALID,2401.97256,VALID,22.962870000000002,VALID,Warning,WARN: High flow rate detected (Flood risk)
2026-02-06 11:00:00+00:00,4.9,VALID,2383.56664,VALID,22.96668,VALID,Warning,WARN: High flow rate detected (Flood risk)
2026-02-06 12:00:00+00:00,4.9,VALID,2472.05664,VALID,22.942296000000002,VALID,Warning,WARN: High flow rate detected (Flood risk)
2026-02-06 13:00:00+00:00,4.9,VALID,2570.45752,VALID,22.997922000000003,VALID,Warning,WARN: High flow rate detected (Flood risk)
2026-02-06 14:00:00+00:00,4.9,VALID,2639.8336799999997,VALID,23.03526,VALID,Warning,WARN: High flow rate detected (Flood risk)
2026-02-06 15:00:00+00:00,4.9,VALID,2639.12576,VALID,23.026878,VALID,Warning,WARN: High flow rate detected (Flood risk)
2026-02-06 16:00:00+00:00,4.9,VALID,2583.908,VALID,23.039832,VALID,Warning,WARN: High flow rate detected (Flood risk)
2026-02-06 17:00:00+00:00,4.9,VALID,2603.02184,VALID,23.075646000000003,VALID,Warning,WARN: High flow rate detected (Flood risk)
2026-02-06 18:00:00+00:00,4.9,VALID,2570.45752,VALID,23.020020000000002,VALID,Warning,WARN: High flow rate detected (Flood risk)
2026-02-06 19:00:00+00:00,4.9,VALID,2738.23456,VALID,22.983444,VALID,Warning,WARN: High flow rate detected (Flood risk)
2026-02-06 20:00:00+00:00,4.9,VALID,2701.42272,VALID,22.979634,VALID,Warning,WARN: High flow rate detected (Flood risk)
2026-02-06 21:00:00+00:00,4.9,VALID,2548.5119999999997,VALID,22.982682000000004,VALID,Warning,WARN: High flow rate detected (Flood risk)
2026-02-06 22:00:00+00:00,4.9,VALID,2460.022,VALID,22.946106,VALID,Warning,WARN: High flow rate detected (Flood risk)
2026-02-06 23:00:00+00:00,4.9,VALID,2465.68536,VALID,22.925532,VALID,Warning,WARN: High flow rate detected (Flood risk)
2026-02-07 00:00:00+00:00,5.0,VALID,2581.78424,VALID,23.010114,VALID,Warning,WARN: High flow rate detected (Flood risk)
2026-02-07 01:00:00+00:00,4.9,VALID,2787.08104,VALID,23.039070000000002,VALID,Warning,WARN: High flow rate detected (Flood risk)
2026-02-07 02:00:00+00:00,4.9,VALID,2843.00672,VALID,23.041356,VALID,Warning,WARN: High flow rate detected (Flood risk)
2026-02-07 03:00:00+00:00,4.9,VALID,2733.98704,VALID,23.041356,VALID,Warning,WARN: High flow rate detected (Flood risk)
2026-02-07 04:00:00+00:00,4.9,VALID,2789.2048,VALID,23.095458,VALID,Warning,WARN: High flow rate detected (Flood risk)
2026-02-07 05:00:00+00:00,4.9,VALID,2795.57608,VALID,23.127462,VALID,Warning,WARN: High flow rate detected (Flood risk)
2026-02-07 06:00:00+00:00,4.9,VALID,2639.12576,VALID,23.110698,VALID,Warning,WARN: High flow rate detected (Flood risk)
2026-02-07 07:00:00+00:00,4.9,VALID,2693.6355999999996,VALID,23.053548,VALID,Warning,WARN: High flow rate detected (Flood risk)
2026-02-07 08:00:00+00:00,5.0,VALID,2566.91792,VALID,23.029926000000003,VALID,Warning,WARN: High flow rate detected (Flood risk)
2026-02-07 09:00:00+00:00,5.0,VALID,2794.16024,VALID,23.02764,VALID,Warning,WARN: High flow rate detected (Flood risk)
2026-02-07 10:00:00+00:00,5.0,VALID,2739.6504,VALID,23.006304,VALID,Warning,WARN: High flow rate detected (Flood risk)
2026-02-07 11:00:00+00:00,5.0,VALID,2785.6652,VALID,22.972014,VALID,Warning,WARN: High flow rate detected (Flood risk)
2026-02-07 12:00:00+00:00,5.0,VALID,2788.4968799999997,VALID,22.943058,VALID,Warning,WARN: High flow rate detected (Flood risk)
2026-02-07 13:00:00+00:00,5.0,VALID,2583.2000799999996,VALID,22.920198,VALID,Warning,WARN: High flow rate detected (Flood risk)
2026-02-07 14:00:00+00:00,5.0,VALID,2549.21992,VALID,22.956774000000003,VALID,Warning,WARN: High flow rate detected (Flood risk)
2026-02-07 15:00:00+00:00,5.0,VALID,2660.3633600000003,VALID,22.976586,VALID,Warning,WARN: High flow rate detected (Flood risk)
2026-02-07 16:00:00+00:00,5.0,VALID,2670.98216,VALID,22.972776,VALID,Warning,WARN: High flow rate detected (Flood risk)
2026-02-07 17:00:00+00:00,5.0,VALID,2588.1555200000003,VALID,22.973538,VALID,Warning,WARN: High flow rate detected (Flood risk)
2026-02-07 18:00:00+00:00,5.0,VALID,2845.8384,VALID,22.983444,VALID,Warning,WARN: High flow rate detected (Flood risk)
2026-02-07 19:00:00+00:00,5.0,VALID,3138.20936,VALID,22.937724,VALID,Warning,WARN: High flow rate detected (Flood risk)
2026-02-07 20:00:00+00:00,5.0,VALID,2484.7992,VALID,22.899624000000003,VALID,Warning,WARN: High flow rate detected (Flood risk)
2026-02-07 21:00:00+00:00,5.0,VALID,2456.4824,VALID,22.88286,VALID,Warning,WARN: High flow rate detected (Flood risk)
2026-02-07 22:00:00+00:00,5.0,VALID,4042.2232000000004,VALID,22.87524,VALID,Warning,WARN: High flow rate detected (Flood risk)
2026-02-07 23:00:00+00:00,5.0,VALID,3794.4512,VALID,22.829520000000002,VALID,Warning,WARN: High flow rate detected (Flood risk)
2026-02-08 00:00:00+00:00,5.0,VALID,2789.91272,VALID,22.867620000000002,VALID,Warning,WARN: High flow rate detected (Flood risk)
2026-02-08 01:00:00+00:00,5.0,VALID,2603.02184,VALID,22.883622,VALID,Warning,WARN: High flow rate detected (Flood risk)
2026-02-08 02:00:00+00:00,5.0,VALID,2964.06104,VALID,22.868382,VALID,Warning,WARN: High flow rate detected (Flood risk)
2026-02-08 03:00:00+00:00,5.0,VALID,2598.77432,VALID,22.850094,VALID,Warning,WARN: High flow rate detected (Flood risk)
2026-02-08 04:00:00+00:00,5.0,VALID,2651.86832,VALID,22.866096000000002,VALID,Warning,WARN: High flow rate detected (Flood risk)
2026-02-08 05:00:00+00:00,5.0,VALID,2594.5268,VALID,22.888194,VALID,Warning,WARN: High flow rate detected (Flood risk)
2026-02-08 06:00:00+00:00,5.0,VALID,2697.88312,VALID,22.889718000000002,VALID,Warning,WARN: High flow rate detected (Flood risk)
2026-02-08 07:00:00+00:00,5.0,VALID,2735.40288,VALID,22.83714,VALID,Warning,WARN: High flow rate detected (Flood risk)
2026-02-08 08:00:00+00:00,5.0,VALID,3433.412,VALID,22.808184,VALID,Warning,WARN: High flow rate detected (Flood risk)
2026-02-08 09:00:00+00:00,5.0,VALID,2923.00168,VALID,22.769322,VALID,Warning,WARN: High flow rate detected (Flood risk)
2026-02-08 10:00:00+00:00,5.0,VALID,2805.48696,VALID,22.744938,VALID,Warning,WARN: High flow rate detected (Flood risk)
2026-02-08 11:00:00+00:00,5.0,VALID,2535.06152,VALID,22.706838000000005,VALID,Warning,WARN: High flow rate detected (Flood risk)
2026-02-08 12:00:00+00:00,5.0,VALID,2498.24968,VALID,22.681692,VALID,Warning,WARN: High flow rate detected (Flood risk)
2026-02-08 13:00:00+00:00,5.0,VALID,3251.47656,VALID,22.690836,VALID,Warning,WARN: High flow rate detected (Flood risk)
2026-02-08 14:00:00+00:00,5.0,VALID,2551.34368,VALID,22.717506,VALID,Warning,WARN: High flow rate detected (Flood risk)
2026-02-08 15:00:00+00:00,5.0,VALID,2859.28888,VALID,22.718268000000002,VALID,Warning,WARN: High flow rate detected (Flood risk)
2026-02-08 16:00:00+00:00,5.0,VALID,3129.0063999999998,VALID,22.715982000000004,VALID,Warning,WARN: High flow rate detected (Flood risk)
2026-02-08 17:00:00+00:00,5.0,VALID,3426.3328,VALID,22.715982,VALID,Warning,WARN: High flow rate detected (Flood risk)
2026-02-08 18:00:00+00:00,5.1,VALID,3589.1544,VALID,22.735032000000004,VALID,Warning,WARN: High flow rate detected (Flood risk)
2026-02-08 19:00:00+00:00,5.1,VALID,3206.8776,VALID,22.742652,VALID,Warning,WARN: High flow rate detected (Flood risk)
2026-02-08 20:00:00+00:00,5.1,VALID,3596.2336,VALID,22.754844000000002,VALID,Warning,WARN: High flow rate detected (Flood risk)
2026-02-08 21:00:00+00:00,5.1,VALID,3305.9864,VALID,22.763226000000003,VALID,Warning,WARN: High flow rate detected (Flood risk)
2026-02-08 22:00:00+00:00,5.1,VALID,3022.8184,VALID,22.774656,VALID,Warning,WARN: High flow rate detected (Flood risk)
2026-02-08 23:00:00+00:00,5.1,VALID,3014.32336,VALID,22.763988,VALID,Warning,WARN: High flow rate detected (Flood risk)
2026-02-09 00:00:00+00:00,5.1,VALID,2695.75936,VALID,22.795992000000002,VALID,Warning,WARN: High flow rate detected (Flood risk)
2026-02-09 01:00:00+00:00,5.1,VALID,3596.2336,VALID,22.831044000000002,VALID,Warning,WARN: High flow rate detected (Flood risk)
2026-02-09 02:00:00+00:00,5.1,VALID,3086.5312,VALID,22.854666,VALID,Warning,WARN: High flow rate detected (Flood risk)
2026-02-09 03:00:00+00:00,5.1,VALID,2829.55624,VALID,22.869144,VALID,Warning,WARN: High flow rate detected (Flood risk)
2026-02-09 04:00:00+00:00,5.1,VALID,3454.6495999999997,VALID,22.92096,VALID,Warning,WARN: High flow rate detected (Flood risk)
2026-02-09 05:00:00+00:00,5.1,VALID,2763.01176,VALID,22.927056,VALID,Warning,WARN: High flow rate detected (Flood risk)
2026-02-09 06:00:00+00:00,5.1,VALID,2907.42744,VALID,22.880574000000003,VALID,Warning,WARN: High flow rate detected (Flood risk)
2026-02-09 07:00:00+00:00,5.1,VALID,3419.2536,VALID,22.8219,VALID,Warning,WARN: High flow rate detected (Flood risk)
2026-02-09 08:00:00+00:00,5.1,VALID,2678.76928,VALID,22.800563999999998,VALID,Warning,WARN: High flow rate detected (Flood risk)
2026-02-09 09:00:00+00:00,5.1,VALID,2596.65056,VALID,22.792944,VALID,Warning,WARN: High flow rate detected (Flood risk)
2026-02-09 10:00:00+00:00,5.1,VALID,2675.9376,VALID,22.769322000000003,VALID,Warning,WARN: High flow rate detected (Flood risk)
2026-02-09 11:00:00+00:00,5.1,VALID,2938.57592,VALID,22.740366,VALID,Warning,WARN: High flow rate detected (Flood risk)
2026-02-09 12:00:00+00:00,5.1,VALID,3567.9168,VALID,22.742652,VALID,Warning,WARN: High flow rate detected (Flood risk)
2026-02-09 13:00:00+00:00,5.1,VALID,3114.848,VALID,22.783038,VALID,Warning,WARN: High flow rate detected (Flood risk)
2026-02-09 14:00:00+00:00,5.1,VALID,3235.1944,VALID,22.831044000000002,VALID,Warning,WARN: High flow rate detected (Flood risk)
2026-02-09 15:00:00+00:00,5.1,VALID,2869.19976,VALID,22.835616,VALID,Warning,WARN: High flow rate detected (Flood risk)
2026-02-09 16:00:00+00:00,5.1,VALID,2749.56128,VALID,22.869144000000002,VALID,Warning,WARN: High flow rate detected (Flood risk)
2026-02-09 17:00:00+00:00,5.1,VALID,2617.88816,VALID,22.908006,VALID,Warning,WARN: High flow rate detected (Flood risk)
2026-02-09 18:00:00+00:00,5.1,VALID,2515.9476799999998,VALID,22.934676000000003,VALID,Warning,WARN: High flow rate detected (Flood risk)
2026-02-09 19:00:00+00:00,5.1,VALID,2418.25472,VALID,22.991826,VALID,Warning,WARN: High flow rate detected (Flood risk)
2026-02-09 20:00:00+00:00,5.1,VALID,2485.50712,VALID,23.053548000000003,VALID,Warning,WARN: High flow rate detected (Flood risk)
2026-02-09 21:00:00+00:00,5.1,VALID,2596.65056,VALID,23.00859,VALID,Warning,WARN: High flow rate detected (Flood risk)
2026-02-09 22:00:00+00:00,5.2,VALID,3560.8376,VALID,23.014686,VALID,Warning,WARN: High flow rate detected (Flood risk)
2026-02-09 23:00:00+00:00,5.2,VALID,3454.6496,VALID,23.045166000000002,VALID,Warning,WARN: High flow rate detected (Flood risk)
2026-02-10 00:00:00+00:00,5.2,VALID,3086.5312,VALID,23.118318000000002,VALID,Warning,WARN: High flow rate detected (Flood risk)
2026-02-10 01:00:00+00:00,5.2,VALID,3242.2736,VALID,23.216616000000002,VALID,Warning,WARN: High flow rate detected (Flood risk)
2026-02-10 02:00:00+00:00,5.2,VALID,3072.3728,VALID,23.281386000000005,VALID,Warning,WARN: High flow rate detected (Flood risk)
2026-02-10 03:00:00+00:00,5.2,VALID,3044.056,VALID,23.263098,VALID,Warning,WARN: High flow rate detected (Flood risk)
2026-02-10 04:00:00+00:00,5.2,VALID,2944.9472,VALID,23.261574000000003,VALID,Warning,WARN: High flow rate detected (Flood risk)
2026-02-10 05:00:00+00:00,5.2,VALID,3008.66,VALID,23.231856,VALID,Warning,WARN: High flow rate detected (Flood risk)
2026-02-10 06:00:00+00:00,5.2,VALID,2683.72472,VALID,23.201376000000003,VALID,Warning,WARN: High flow rate detected (Flood risk)
2026-02-10 07:00:00+00:00,5.2,VALID,2814.68992,VALID,23.17623,VALID,Warning,WARN: High flow rate detected (Flood risk)
2026-02-10 08:00:00+00:00,5.2,VALID,2491.1704799999998,VALID,23.10003,VALID,Warning,WARN: High flow rate detected (Flood risk)
2026-02-10 09:00:00+00:00,5.2,VALID,2440.20024,VALID,23.023830000000004,VALID,Warning,WARN: High flow rate detected (Flood risk)
2026-02-10 10:00:00+00:00,5.1,VALID,2719.8286399999997,VALID,22.990302,VALID,Warning,WARN: High flow rate detected (Flood risk)
2026-02-10 11:00:00+00:00,5.1,VALID,2465.68536,VALID,22.95144,VALID,Warning,WARN: High flow rate detected (Flood risk)
2026-02-10 12:00:00+00:00,5.1,VALID,2321.9776,VALID,22.90191,VALID,Warning,WARN: High flow rate detected (Flood risk)
2026-02-10 13:00:00+00:00,5.1,VALID,2624.96736,VALID,22.933914,VALID,Warning,WARN: High flow rate detected (Flood risk)
2026-02-10 14:00:00+00:00,5.1,VALID,3066.00152,VALID,22.990302,VALID,Warning,WARN: High flow rate detected (Flood risk)
2026-02-10 15:00:00+00:00,5.1,VALID,3334.3032,VALID,23.086314,VALID,Warning,WARN: High flow rate detected (Flood risk)
2026-02-10 16:00:00+00:00,5.2,VALID,3006.53624,VALID,23.072598,VALID,Warning,WARN: High flow rate detected (Flood risk)
2026-02-10 17:00:00+00:00,5.2,VALID,2876.98688,VALID,23.064978,VALID,Warning,WARN: High flow rate detected (Flood risk)
2026-02-10 18:00:00+00:00,5.2,VALID,2499.66552,VALID,23.031450000000003,VALID,Warning,WARN: High flow rate detected (Flood risk)
2026-02-10 19:00:00+00:00,5.2,VALID,2325.5172,VALID,23.068788,VALID,Warning,WARN: High flow rate detected (Flood risk)
2026-02-10 20:00:00+00:00,5.2,VALID,2496.12592,VALID,23.074884,VALID,Warning,WARN: High flow rate detected (Flood risk)
2026-02-10 21:00:00+00:00,5.3,VALID,2315.60632,VALID,23.087838,VALID,Warning,WARN: High flow rate detected (Flood risk)
2026-02-10 22:00:00+00:00,5.3,VALID,2301.44792,VALID,23.071074000000003,VALID,Warning,WARN: High flow rate detected (Flood risk)
2026-02-10 23:00:00+00:00,5.3,VALID,2295.07664,VALID,23.087838,VALID,Warning,WARN: High flow rate detected (Flood risk)
2026-02-11 00:00:00+00:00,5.3,VALID,2324.10136,VALID,23.137368000000002,VALID,Warning,WARN: High flow rate detected (Flood risk)
2026-02-11 01:00:00+00:00,5.3,VALID,2489.75464,VALID,23.250144,VALID,Warning,WARN: High flow rate detected (Flood risk)
2026-02-11 02:00:00+00:00,5.3,VALID,2629.21488,VALID,23.306532,VALID,Warning,WARN: High flow rate detected (Flood risk)
2026-02-11 03:00:00+00:00,5.2,VALID,2870.6156,VALID,23.266908,VALID,Warning,WARN: High flow rate detected (Flood risk)
2026-02-11 04:00:00+00:00,5.2,VALID,2812.5661600000003,VALID,23.222712,VALID,Warning,WARN: High flow rate detected (Flood risk)
2026-02-11 05:00:00+00:00,5.2,VALID,2792.7444,VALID,23.202138,VALID,Warning,WARN: High flow rate detected (Flood risk)
2026-02-11 06:00:00+00:00,5.2,VALID,2789.9127200000003,VALID,23.190708,VALID,Warning,WARN: High flow rate detected (Flood risk)
2026-02-11 07:00:00+00:00,5.2,VALID,3390.9368,VALID,23.133558,VALID,Warning,WARN: High flow rate detected (Flood risk)
2026-02-11 08:00:00+00:00,5.2,VALID,3086.5312,VALID,23.041356,VALID,Warning,WARN: High flow rate detected (Flood risk)
2026-02-11 09:00:00+00:00,5.2,VALID,2810.4424,VALID,22.946106,VALID,Warning,WARN: High flow rate detected (Flood risk)
2026-02-11 10:00:00+00:00,5.2,VALID,2690.80392,VALID,22.89048,VALID,Warning,WARN: High flow rate detected (Flood risk)
2026-02-11 11:00:00+00:00,5.1,VALID,2680.18512,VALID,22.824948,VALID,Warning,WARN: High flow rate detected (Flood risk)
2026-02-11 12:00:00+00:00,5.1,VALID,2765.84344,VALID,22.80666,VALID,Warning,WARN: High flow rate detected (Flood risk)
2026-02-11 13:00:00+00:00,5.1,VALID,3178.5608,VALID,22.86,VALID,Warning,WARN: High flow rate detected (Flood risk)
2026-02-11 14:00:00+00:00,5.1,VALID,3277.6696,VALID,22.877526000000003,VALID,Warning,WARN: High flow rate detected (Flood risk)
2026-02-11 15:00:00+00:00,5.1,VALID,3284.7488,VALID,22.851618000000002,VALID,Warning,WARN: High flow rate detected (Flood risk)
2026-02-11 16:00:00+00:00,5.1,VALID,3114.848,VALID,22.877526,VALID,Warning,WARN: High flow rate detected (Flood risk)
2026-02-11 17:00:00+00:00,5.1,VALID,2712.0415199999998,VALID,22.859238,VALID,Warning,WARN: High flow rate detected (Flood risk)
2026-02-11 18:00:00+00:00,5.2,VALID,2540.7248799999998,VALID,22.834092000000002,VALID,Warning,WARN: High flow rate detected (Flood risk)
2026-02-11 19:00:00+00:00,5.2,VALID,2409.75968,VALID,22.843236000000005,VALID,Warning,WARN: High flow rate detected (Flood risk)
2026-02-11 20:00:00+00:00,5.2,VALID,2358.78944,VALID,22.886670000000002,VALID,Warning,WARN: High flow rate detected (Flood risk)
2026-02-11 21:00:00+00:00,5.3,VALID,2423.2101599999996,VALID,22.869906,VALID,Warning,WARN: High flow rate detected (Flood risk)
2026-02-11 22:00:00+00:00,5.3,VALID,2329.76472,VALID,22.87905,VALID,Warning,WARN: High flow rate detected (Flood risk)
2026-02-11 23:00:00+00:00,5.3,VALID,2343.92312,VALID,22.866858,VALID,Warning,WARN: High flow rate detected (Flood risk)
2026-02-12 00:00:00+00:00,5.3,VALID,2397.01712,VALID,22.874478000000003,VALID,Warning,WARN: High flow rate detected (Flood risk)
2026-02-12 01:00:00+00:00,5.3,VALID,2415.42304,VALID,22.937724000000003,VALID,Warning,WARN: High flow rate detected (Flood risk)
2026-02-12 02:00:00+00:00,5.3,VALID,2806.9028,VALID,22.992588,VALID,Warning,WARN: High flow rate detected (Flood risk)
2026-02-12 03:00:00+00:00,5.3,VALID,2983.17488,VALID,22.962870000000002,VALID,Warning,WARN: High flow rate detected (Flood risk)
2026-02-12 04:00:00+00:00,5.2,VALID,2852.20968,VALID,22.94001,VALID,Warning,WARN: High flow rate detected (Flood risk)
2026-02-12 05:00:00+00:00,5.2,VALID,2758.76424,VALID,22.957536,VALID,Warning,WARN: High flow rate detected (Flood risk)
2026-02-12 06:00:00+00:00,5.2,VALID,2733.98704,VALID,22.975062,VALID,Warning,WARN: High flow rate detected (Flood risk)
2026-02-12 07:00:00+00:00,5.2,VALID,2724.78408,VALID,22.904196000000002,VALID,Warning,WARN: High flow rate detected (Flood risk)
2026-02-12 08:00:00+00:00,5.2,VALID,2625.67528,VALID,22.863048000000003,VALID,Warning,WARN: High flow rate detected (Flood risk)
2026-02-12 09:00:00+00:00,5.2,VALID,2701.42272,VALID,22.852380000000004,VALID,Warning,WARN: High flow rate detected (Flood risk)
2026-02-12 10:00:00+00:00,5.2,VALID,2742.4820799999998,VALID,22.841712000000005,VALID,Warning,WARN: High flow rate detected (Flood risk)
2026-02-12 11:00:00+00:00,5.2,VALID,2656.11584,VALID,22.861524000000003,VALID,Warning,WARN: High flow rate detected (Flood risk)
2026-02-12 12:00:00+00:00,5.2,VALID,2619.304,VALID,22.968966,VALID,Warning,WARN: High flow rate detected (Flood risk)
2026-02-12 13:00:00+00:00,5.2,VALID,3284.7488,VALID,23.006304,VALID,Warning,WARN: High flow rate detected (Flood risk)
2026-02-12 14:00:00+00:00,5.2,VALID,3341.3824,VALID,23.026116000000002,VALID,Warning,WARN: High flow rate detected (Flood risk)
2026-02-12 15:00:00+00:00,5.2,VALID,3263.5112,VALID,23.059644,VALID,Warning,WARN: High flow rate detected (Flood risk)
2026-02-12 16:00:00+00:00,5.2,VALID,2916.6304,VALID,23.124414,VALID,Warning,WARN: High flow rate detected (Flood risk)
2026-02-12 17:00:00+00:00,5.2,VALID,3022.8184,VALID,23.177754,VALID,Warning,WARN: High flow rate detected (Flood risk)
2026-02-12 18:00:00+00:00,5.3,VALID,2869.19976,VALID,23.132796,VALID,Warning,WARN: High flow rate detected (Flood risk)
2026-02-12 19:00:00+00:00,5.3,VALID,2707.08608,VALID,23.12289,VALID,Warning,WARN: High flow rate detected (Flood risk)
2026-02-12 20:00:00+00:00,5.3,VALID,2513.82392,VALID,23.163276000000003,VALID,Warning,WARN: High flow rate detected (Flood risk)
2026-02-12 21:00:00+00:00,5.3,VALID,2531.52192,VALID,23.215092000000002,VALID,Warning,WARN: High flow rate detected (Flood risk)
2026-02-12 22:00:00+00:00,5.3,VALID,2523.7348,VALID,23.19528,VALID,Warning,WARN: High flow rate detected (Flood risk)
2026-02-12 23:00:00+00:00,5.3,VALID,2535.0615199999997,VALID,23.209758,VALID,Warning,WARN: High flow rate detected (Flood risk)
2026-02-13 00:00:00+00:00,5.3,VALID,2557.71496,VALID,23.241762,VALID,Warning,WARN: High flow rate detected (Flood risk)
2026-02-13 01:00:00+00:00,5.3,VALID,2520.1952,VALID,23.278338,VALID,Warning,WARN: High flow rate detected (Flood risk)
2026-02-13 02:00:00+00:00,5.3,VALID,2769.3830399999997,VALID,23.289006,VALID,Warning,WARN: High flow rate detected (Flood risk)
2026-02-13 03:00:00+00:00,5.3,VALID,2953.44224,VALID,23.269194000000002,VALID,Warning,WARN: High flow rate detected (Flood risk)
2026-02-13 04:00:00+00:00,5.3,VALID,3305.9864,VALID,23.253954,VALID,Warning,WARN: High flow rate detected (Flood risk)
2026-02-13 05:00:00+00:00,5.3,VALID,3072.3728,VALID,23.255478,VALID,Warning,WARN: High flow rate detected (Flood risk)
2026-02-13 06:00:00+00:00,5.3,VALID,2772.21472,VALID,23.249382,VALID,Warning,WARN: High flow rate detected (Flood risk)
2026-02-13 07:00:00+00:00,5.2,VALID,2812.56616,VALID,23.24481,VALID,Warning,WARN: High flow rate detected (Flood risk)
2026-02-13 08:00:00+00:00,5.2,VALID,2906.7195199999996,VALID,23.181564,VALID,Warning,WARN: High flow rate detected (Flood risk)
2026-02-13 09:00:00+00:00,5.2,VALID,3093.6104,VALID,23.142702,VALID,Warning,WARN: High flow rate detected (Flood risk)
2026-02-13 10:00:00+00:00,5.2,VALID,2842.2988,VALID,23.12289,VALID,Warning,WARN: High flow rate detected (Flood risk)
2026-02-13 11:00:00+00:00,5.2,VALID,2740.3583200000003,VALID,23.11146,VALID,Warning,WARN: High flow rate detected (Flood risk)
2026-02-13 12:00:00+00:00,5.2,VALID,2714.16528,VALID,23.061930000000004,VALID,Warning,WARN: High flow rate detected (Flood risk)
2026-02-13 13:00:00+00:00,5.2,VALID,2666.02672,VALID,23.093934,VALID,Warning,WARN: High flow rate detected (Flood risk)
2026-02-13 14:00:00+00:00,5.2,VALID,2738.23456,VALID,23.164038,VALID,Warning,WARN: High flow rate detected (Flood risk)
2026-02-13 15:00:00+00:00,5.2,VALID,3001.5808,VALID,23.18766,VALID,Warning,WARN: High flow rate detected (Flood risk)
2026-02-13 16:00:00+00:00,5.2,VALID,3143.1648,VALID,23.18766,VALID,Warning,WARN: High flow rate detected (Flood risk)
2026-02-13 17:00:00+00:00,5.3,VALID,2731.15536,VALID,23.153370000000002,VALID,Warning,WARN: High flow rate detected (Flood risk)
2026-02-13 18:00:00+00:00,5.3,VALID,2782.1256,VALID,23.160228,VALID,Warning,WARN: High flow rate detected (Flood risk)
2026-02-13 19:00:00+00:00,5.3,VALID,2601.6059999999998,VALID,23.18004,VALID,Warning,WARN: High flow rate detected (Flood risk)
2026-02-13 20:00:00+00:00,5.3,VALID,2525.85856,VALID,23.138892000000002,VALID,Warning,WARN: High flow rate detected (Flood risk)
2026-02-13 21:00:00+00:00,5.3,VALID,2599.4822400000003,VALID,23.086314,VALID,Warning,WARN: High flow rate detected (Flood risk)
2026-02-13 22:00:00+00:00,5.3,VALID,2430.99728,VALID,23.075646,VALID,Warning,WARN: High flow rate detected (Flood risk)
2026-02-13 23:00:00+00:00,5.3,VALID,2445.8636,VALID,23.066502,VALID,Warning,WARN: High flow rate detected (Flood risk)
2026-02-14 00:00:00+00:00,5.3,VALID,2425.33392,VALID,23.071836,VALID,Warning,WARN: High flow rate detected (Flood risk)
2026-02-14 01:00:00+00:00,5.3,VALID,2543.55656,VALID,23.101554,VALID,Warning,WARN: High flow rate detected (Flood risk)
2026-02-14 02:00:00+00:00,5.3,VALID,2751.68504,VALID,23.1267,VALID,Warning,WARN: High flow rate detected (Flood risk)
2026-02-14 03:00:00+00:00,5.3,VALID,2718.4128,VALID,23.125176000000003,VALID,Warning,WARN: High flow rate detected (Flood risk)
2026-02-14 04:00:00+00:00,5.3,VALID,2733.98704,VALID,23.143464,VALID,Warning,WARN: High flow rate detected (Flood risk)
2026-02-14 05:00:00+00:00,5.3,VALID,2731.1553599999997,VALID,23.158704,VALID,Warning,WARN: High flow rate detected (Flood risk)
2026-02-14 06:00:00+00:00,5.3,VALID,2700.00688,VALID,23.18385,VALID,Warning,WARN: High flow rate detected (Flood risk)
2026-02-14 07:00:00+00:00,5.3,VALID,2760.888,VALID,23.154132,VALID,Warning,WARN: High flow rate detected (Flood risk)
2026-02-14 08:00:00+00:00,5.3,VALID,2597.35848,VALID,23.14194,VALID,Warning,WARN: High flow rate detected (Flood risk)
2026-02-14 09:00:00+00:00,5.3,VALID,2576.8288,VALID,23.151084,VALID,Warning,WARN: High flow rate detected (Flood risk)
2026-02-14 10:00:00+00:00,5.3,VALID,2511.70016,VALID,23.169372,VALID,Warning,WARN: High flow rate detected (Flood risk)
2026-02-14 11:00:00+00:00,5.3,VALID,2530.10608,VALID,23.154132,VALID,Warning,WARN: High flow rate detected (Flood risk)
2026-02-14 12:00:00+00:00,5.3,VALID,2779.29392,VALID,23.16099,VALID,Warning,WARN: High flow rate detected (Flood risk)
2026-02-14 13:00:00+00:00,5.3,VALID,2765.84344,VALID,23.173944000000002,VALID,Warning,WARN: High flow rate detected (Flood risk)
2026-02-14 14:00:00+00:00,5.3,VALID,2641.24952,VALID,23.171658,VALID,Warning,WARN: High flow rate detected (Flood risk)
2026-02-14 15:00:00+00:00,5.3,VALID,2584.61592,VALID,23.15718,VALID,Warning,WARN: High flow rate detected (Flood risk)
2026-02-14 16:00:00+00:00,5.3,VALID,2649.03664,VALID,23.146512,VALID,Warning,WARN: High flow rate detected (Flood risk)
2026-02-14 17:00:00+00:00,5.3,VALID,2543.55656,VALID,23.144988,VALID,Warning,WARN: High flow rate detected (Flood risk)
2026-02-14 18:00:00+00:00,5.3,VALID,2459.31408,VALID,23.077170000000002,VALID,Warning,WARN: High flow rate detected (Flood risk)
2026-02-14 19:00:00+00:00,5.3,VALID,2382.85872,VALID,23.029164,VALID,Warning,WARN: High flow rate detected (Flood risk)
2026-02-14 20:00:00+00:00,5.4,VALID,2403.3884,VALID,23.006304,VALID,Warning,WARN: High flow rate detected (Flood risk)
2026-02-14 21:00:00+00:00,5.4,VALID,2411.88344,VALID,22.983444000000002,VALID,Warning,WARN: High flow rate detected (Flood risk)
2026-02-14 22:00:00+00:00,5.4,VALID,2331.88848,VALID,22.938486,VALID,Warning,WARN: High flow rate detected (Flood risk)
2026-02-14 23:00:00+00:00,5.4,VALID,2367.9924,VALID,22.900386,VALID,Warning,WARN: High flow rate detected (Flood risk)
2026-02-15 00:00:00+00:00,5.4,VALID,2543.55656,VALID,22.92096,VALID,Warning,WARN: High flow rate detected (Flood risk)
2026-02-15 01:00:00+00:00,5.4,VALID,2582.49216,VALID,22.983444,VALID,Warning,WARN: High flow rate detected (Flood risk)
2026-02-15 02:00:00+00:00,5.4,VALID,2794.86816,VALID,22.97811,VALID,Warning,WARN: High flow rate detected (Flood risk)
2026-02-15 03:00:00+00:00,5.4,VALID,3702.4215999999997,VALID,22.963632,VALID,Warning,WARN: High flow rate detected (Flood risk)
2026-02-15 04:00:00+00:00,5.4,VALID,3617.4712,VALID,22.973538,VALID,Warning,WARN: High flow rate detected (Flood risk)
2026-02-15 05:00:00+00:00,5.4,VALID,3171.4816,VALID,22.943058000000004,VALID,Warning,WARN: High flow rate detected (Flood risk)
2026-02-15 06:00:00+00:00,5.4,VALID,4438.6584,VALID,22.899624000000003,VALID,Warning,WARN: High flow rate detected (Flood risk)
2026-02-15 07:00:00+00:00,5.4,VALID,3355.5407999999998,VALID,22.885908,VALID,Warning,WARN: High flow rate detected (Flood risk)
2026-02-15 08:00:00+00:00,5.4,VALID,3475.8872,VALID,22.841712,VALID,Warning,WARN: High flow rate detected (Flood risk)
2026-02-15 09:00:00+00:00,5.4,VALID,2887.60568,VALID,22.772370000000002,VALID,Warning,WARN: High flow rate detected (Flood risk)
2026-02-15 10:00:00+00:00,5.4,VALID,2604.43768,VALID,22.73046,VALID,Warning,WARN: High flow rate detected (Flood risk)
2026-02-15 11:00:00+00:00,5.4,VALID,3454.6495999999997,VALID,22.705314,VALID,Warning,WARN: High flow rate detected (Flood risk)
2026-02-15 12:00:00+00:00,5.4,VALID,3808.6096,VALID,22.659594000000002,VALID,Warning,WARN: High flow rate detected (Flood risk)
2026-02-15 13:00:00+00:00,5.4,VALID,2852.9175999999998,VALID,22.658070000000002,VALID,Warning,WARN: High flow rate detected (Flood risk)
2026-02-15 14:00:00+00:00,5.4,VALID,3773.2136,VALID,22.717506,VALID,Warning,WARN: High flow rate detected (Flood risk)
2026-02-15 15:00:00+00:00,5.4,VALID,2822.4770399999998,VALID,22.738080000000004,VALID,Warning,WARN: High flow rate detected (Flood risk)
2026-02-15 16:00:00+00:00,5.4,VALID,3087.94704,VALID,22.734270000000002,VALID,Warning,WARN: High flow rate detected (Flood risk)
2026-02-15 17:00:00+00:00,5.4,VALID,2749.56128,VALID,22.735794,VALID,Warning,WARN: High flow rate detected (Flood risk)
2026-02-15 18:00:00+00:00,5.4,VALID,2695.05144,VALID,22.761702,VALID,Warning,WARN: High flow rate detected (Flood risk)
2026-02-15 19:00:00+00:00,5.5,VALID,2739.6504,VALID,22.767036,VALID,Warning,WARN: High flow rate detected (Flood risk)
2026-02-15 20:00:00+00:00,5.5,VALID,2907.42744,VALID,22.776180000000004,VALID,Warning,WARN: High flow rate detected (Flood risk)
2026-02-15 21:00:00+00:00,5.5,VALID,3014.32336,VALID,22.781514,VALID,Warning,WARN: High flow rate detected (Flood risk)
2026-02-15 22:00:00+00:00,5.5,VALID,2947.07096,VALID,22.791420000000002,VALID,Warning,WARN: High flow rate detected (Flood risk)
2026-02-15 23:00:00+00:00,5.5,VALID,2951.31848,VALID,22.803612,VALID,Warning,WARN: High flow rate detected (Flood risk)
2026-02-16 00:00:00+00:00,5.5,VALID,3036.9768,VALID,22.824186,VALID,Warning,WARN: High flow rate detected (Flood risk)
2026-02-16 01:00:00+00:00,5.5,VALID,2819.64536,VALID,22.822662,VALID,Warning,WARN: High flow rate detected (Flood risk)
2026-02-16 02:00:00+00:00,5.5,VALID,3058.2144,VALID,22.838664,VALID,Warning,WARN: High flow rate detected (Flood risk)
2026-02-16 03:00:00+00:00,5.5,VALID,2930.7888000000003,VALID,22.850856,VALID,Warning,WARN: High flow rate detected (Flood risk)
2026-02-16 04:00:00+00:00,5.5,VALID,2778.586,VALID,22.860762,VALID,Warning,WARN: High flow rate detected (Flood risk)
2026-02-16 05:00:00+00:00,5.5,VALID,2876.98688,VALID,22.868382,VALID,Warning,WARN: High flow rate detected (Flood risk)
2026-02-16 06:00:00+00:00,5.5,VALID,2930.7888,VALID,22.845522000000003,VALID,Warning,WARN: High flow rate detected (Flood risk)
2026-02-16 07:00:00+00:00,5.5,VALID,2775.0464,VALID,22.836378000000003,VALID,Warning,WARN: High flow rate detected (Flood risk)
2026-02-16 08:00:00+00:00,5.5,VALID,2674.52176,VALID,22.838664,VALID,Warning,WARN: High flow rate detected (Flood risk)
2026-02-16 09:00:00+00:00,5.5,VALID,2678.06136,VALID,22.847808,VALID,Warning,WARN: High flow rate detected (Flood risk)
2026-02-16 10:00:00+00:00,5.5,VALID,2713.45736,VALID,22.841712000000005,VALID,Warning,WARN: High flow rate detected (Flood risk)
2026-02-16 11:00:00+00:00,5.5,VALID,3208.29344,VALID,22.830282000000004,VALID,Warning,WARN: High flow rate detected (Flood risk)
2026-02-16 12:00:00+00:00,5.5,VALID,4587.3216,VALID,22.835616,VALID,Warning,WARN: High flow rate detected (Flood risk)
2026-02-16 13:00:00+00:00,5.5,VALID,4941.2816,VALID,22.863048,VALID,Warning,WARN: High flow rate detected (Flood risk)
2026-02-16 14:00:00+00:00,5.5,VALID,5012.0736,VALID,22.885908,VALID,Warning,WARN: High flow rate detected (Flood risk)
2026-02-16 15:00:00+00:00,5.6,VALID,5040.3904,VALID,22.898862,VALID,Warning,WARN: High flow rate detected (Flood risk)
2026-02-16 16:00:00+00:00,5.6,VALID,4091.7776,VALID,22.930104,VALID,Warning,WARN: High flow rate detected (Flood risk)
2026-02-16 17:00:00+00:00,5.6,VALID,4035.144,VALID,22.936962,VALID,Warning,WARN: High flow rate detected (Flood risk)
2026-02-16 18:00:00+00:00,5.6,VALID,4219.2032,VALID,22.973538,VALID,Warning,WARN: High flow rate detected (Flood risk)
2026-02-16 19:00:00+00:00,5.6,VALID,4261.6784,VALID,22.967442,VALID,Warning,WARN: High flow rate detected (Flood risk)
2026-02-16 20:00:00+00:00,5.6,VALID,4169.6488,VALID,22.984206,VALID,Warning,WARN: High flow rate detected (Flood risk)
2026-02-16 21:00:00+00:00,5.6,VALID,3546.6792,VALID,22.994112,VALID,Warning,WARN: High flow rate detected (Flood risk)
2026-02-16 22:00:00+00:00,5.6,VALID,2994.5016,VALID,23.009352000000003,VALID,Warning,WARN: High flow rate detected (Flood risk)
2026-02-16 23:00:00+00:00,5.6,VALID,3213.9568,VALID,23.024592000000002,VALID,Warning,WARN: High flow rate detected (Flood risk)
2026-02-17 00:00:00+00:00,5.6,VALID,4077.6192,VALID,23.033736,VALID,Warning,WARN: High flow rate detected (Flood risk)
2026-02-17 01:00:00+00:00,5.6,VALID,4686.4304,VALID,23.038308,VALID,Warning,WARN: High flow rate detected (Flood risk)
2026-02-17 02:00:00+00:00,5.6,VALID,3907.7183999999997,VALID,23.057358,VALID,Warning,WARN: High flow rate detected (Flood risk)
2026-02-17 03:00:00+00:00,5.6,VALID,4098.8568,VALID,23.067264,VALID,Warning,WARN: High flow rate detected (Flood risk)
2026-02-17 04:00:00+00:00,5.6,VALID,3298.9072,VALID,23.074884,VALID,Warning,WARN: High flow rate detected (Flood risk)
2026-02-17 05:00:00+00:00,5.6,VALID,3199.7984,VALID,23.096982,VALID,Warning,WARN: High flow rate detected (Flood risk)
2026-02-17 06:00:00+00:00,5.5,VALID,3539.6,VALID,23.103078,VALID,Warning,WARN: High flow rate detected (Flood risk)
2026-02-17 07:00:00+00:00,5.5,VALID,3355.5407999999998,VALID,23.044404,VALID,Warning,WARN: High flow rate detected (Flood risk)
2026-02-17 08:00:00+00:00,5.5,VALID,3164.4024,VALID,23.011638,VALID,Warning,WARN: High flow rate detected (Flood risk)
2026-02-17 09:00:00+00:00,5.5,VALID,2816.10576,VALID,23.019258,VALID,Warning,WARN: High flow rate detected (Flood risk)
2026-02-17 10:00:00+00:00,5.5,VALID,2837.34336,VALID,23.014686,VALID,Warning,WARN: High flow rate detected (Flood risk)
2026-02-17 11:00:00+00:00,5.5,VALID,3036.9768,VALID,22.984206,VALID,Warning,WARN: High flow rate detected (Flood risk)
2026-02-17 12:00:00+00:00,5.5,VALID,2563.37832,VALID,22.9743,VALID,Warning,WARN: High flow rate detected (Flood risk)
2026-02-17 13:00:00+00:00,5.5,VALID,2974.67984,VALID,23.024592000000002,VALID,Warning,WARN: High flow rate detected (Flood risk)
2026-02-17 14:00:00+00:00,5.5,VALID,2714.8732,VALID,23.04669,VALID,Warning,WARN: High flow rate detected (Flood risk)
2026-02-17 15:00:00+00:00,5.5,VALID,3334.3032,VALID,23.048976,VALID,Warning,WARN: High flow rate detected (Flood risk)
2026-02-17 16:00:00+00:00,5.5,VALID,3051.1351999999997,VALID,23.043642000000002,VALID,Warning,WARN: High flow rate detected (Flood risk)
2026-02-17 17:00:00+00:00,5.5,VALID,2975.38776,VALID,23.071074,VALID,Warning,WARN: High flow rate detected (Flood risk)
2026-02-17 18:00:00+00:00,5.5,VALID,2850.08592,VALID,23.070312,VALID,Warning,WARN: High flow rate detected (Flood risk)
2026-02-17 19:00:00+00:00,5.5,VALID,2738.23456,VALID,23.078694000000002,VALID,Warning,WARN: High flow rate detected (Flood risk)
2026-02-17 20:00:00+00:00,5.6,VALID,2700.7147999999997,VALID,23.087838,VALID,Warning,WARN: High flow rate detected (Flood risk)
2026-02-17 21:00:00+00:00,5.6,VALID,2779.29392,VALID,23.093172000000003,VALID,Warning,WARN: High flow rate detected (Flood risk)
2026-02-17 22:00:00+00:00,5.6,VALID,2849.3779999999997,VALID,23.135082,VALID,Warning,WARN: High flow rate detected (Flood risk)
2026-02-17 23:00:00+00:00,5.6,VALID,3709.5008,VALID,23.150322000000003,VALID,Warning,WARN: High flow rate detected (Flood risk)
2026-02-18 00:00:00+00:00,5.6,VALID,4020.9856,VALID,23.159466000000002,VALID,Warning,WARN: High flow rate detected (Flood risk)
2026-02-18 01:00:00+00:00,5.6,VALID,3964.352,VALID,23.16099,VALID,Warning,WARN: High flow rate detected (Flood risk)
2026-02-18 02:00:00+00:00,5.6,VALID,4233.3616,VALID,23.185374,VALID,Warning,WARN: High flow rate detected (Flood risk)
2026-02-18 03:00:00+00:00,5.6,VALID,4063.4608,VALID,23.202138,VALID,Warning,WARN: High flow rate detected (Flood risk)
2026-02-18 04:00:00+00:00,5.6,VALID,3574.996,VALID,23.196042,VALID,Warning,WARN: High flow rate detected (Flood risk)
2026-02-18 05:00:00+00:00,5.5,VALID,3334.3032,VALID,23.217378000000004,VALID,Warning,WARN: High flow rate detected (Flood risk)
2026-02-18 06:00:00+00:00,5.5,VALID,3157.3232,VALID,23.244048,VALID,Warning,WARN: High flow rate detected (Flood risk)
2026-02-18 07:00:00+00:00,5.5,VALID,3171.4816,VALID,23.259288,VALID,Warning,WARN: High flow rate detected (Flood risk)
2026-02-18 08:00:00+00:00,5.5,VALID,3383.8576,VALID,23.263098,VALID,Warning,WARN: High flow rate detected (Flood risk)
2026-02-18 09:00:00+00:00,5.5,VALID,3235.1944,VALID,23.279862,VALID,Warning,WARN: High flow rate detected (Flood risk)
2026-02-18 10:00:00+00:00,5.5,VALID,3355.5407999999998,VALID,23.287482,VALID,Warning,WARN: High flow rate detected (Flood risk)
2026-02-18 11:00:00+00:00,5.5,VALID,3136.0856,VALID,23.307294000000002,VALID,Warning,WARN: High flow rate detected (Flood risk)
2026-02-18 12:00:00+00:00,5.5,VALID,3560.8376,VALID,23.325582000000004,VALID,Warning,WARN: High flow rate detected (Flood risk)
2026-02-18 13:00:00+00:00,5.5,VALID,3136.0856,VALID,23.340822,VALID,Warning,WARN: High flow rate detected (Flood risk)
2026-02-18 14:00:00+00:00,5.5,VALID,3143.1648,VALID,23.338536,VALID,Warning,WARN: High flow rate detected (Flood risk)
2026-02-18 15:00:00+00:00,5.5,VALID,3263.5112,VALID,23.339298,VALID,Warning,WARN: High flow rate detected (Flood risk)
2026-02-18 16:00:00+00:00,5.5,VALID,2830.2641599999997,VALID,23.320248,VALID,Warning,WARN: High flow rate detected (Flood risk)
2026-02-18 17:00:00+00:00,5.5,VALID,2660.36336,VALID,23.30958,VALID,Warning,WARN: High flow rate detected (Flood risk)
2026-02-18 18:00:00+00:00,5.5,VALID,2615.0564799999997,VALID,23.308056,VALID,Warning,WARN: High flow rate detected (Flood risk)
2026-02-18 19:00:00+00:00,5.6,VALID,2592.40304,VALID,23.303484,VALID,Warning,WARN: High flow rate detected (Flood risk)
2026-02-18 20:00:00+00:00,5.6,VALID,2670.2742399999997,VALID,23.284434,VALID,Warning,WARN: High flow rate detected (Flood risk)
2026-02-18 21:00:00+00:00,5.6,VALID,2834.51168,VALID,23.277576000000003,VALID,Warning,WARN: High flow rate detected (Flood risk)
2026-02-18 22:00:00+00:00,5.6,VALID,3751.976,VALID,23.279862,VALID,Warning,WARN: High flow rate detected (Flood risk)
2026-02-18 23:00:00+00:00,5.6,VALID,2764.4276,VALID,23.263098,VALID,Warning,WARN: High flow rate detected (Flood risk)
2026-02-19 00:00:00+00:00,5.6,VALID,2663.19504,VALID,23.229570000000002,VALID,Warning,WARN: High flow rate detected (Flood risk)
2026-02-19 01:00:00+00:00,5.5,VALID,2734.69496,VALID,23.257002,VALID,Warning,WARN: High flow rate detected (Flood risk)
2026-02-19 02:00:00+00:00,5.5,VALID,2828.1403999999998,VALID,23.287482,VALID,Warning,WARN: High flow rate detected (Flood risk)
2026-02-19 03:00:00+00:00,5.5,VALID,3044.056,VALID,23.26386,VALID,Warning,WARN: High flow rate detected (Flood risk)
2026-02-19 04:00:00+00:00,5.5,VALID,3270.5904,VALID,23.256240000000002,VALID,Warning,WARN: High flow rate detected (Flood risk)
2026-02-19 05:00:00+00:00,5.5,VALID,2801.94736,VALID,23.270718000000002,VALID,Warning,WARN: High flow rate detected (Flood risk)
2026-02-19 06:00:00+00:00,5.5,VALID,2709.91776,VALID,23.265384,VALID,Warning,WARN: High flow rate detected (Flood risk)
2026-02-19 07:00:00+00:00,5.5,VALID,2676.64552,VALID,23.276814,VALID,Warning,WARN: High flow rate detected (Flood risk)
2026-02-19 08:00:00+00:00,5.5,VALID,2789.91272,VALID,23.288244000000002,VALID,Warning,WARN: High flow rate detected (Flood risk)
2026-02-19 09:00:00+00:00,5.4,VALID,3079.452,VALID,23.303484,VALID,Warning,WARN: High flow rate detected (Flood risk)
2026-02-19 10:00:00+00:00,5.5,VALID,2912.38288,VALID,23.311104,VALID,Warning,WARN: High flow rate detected (Flood risk)
2026-02-19 11:00:00+00:00,5.4,VALID,2838.7592,VALID,23.329392000000002,VALID,Warning,WARN: High flow rate detected (Flood risk)
2026-02-19 12:00:00+00:00,5.5,VALID,2943.53136,VALID,23.346918000000002,VALID,Warning,WARN: High flow rate detected (Flood risk)
2026-02-19 13:00:00+00:00,5.5,VALID,3426.3328,VALID,23.367492000000002,VALID,Warning,WARN: High flow rate detected (Flood risk)
2026-02-19 14:00:00+00:00,5.5,VALID,3426.3328,VALID,23.40102,VALID,Warning,WARN: High flow rate detected (Flood risk)
2026-02-19 15:00:00+00:00,5.5,VALID,3150.244,VALID,23.426928000000004,VALID,Warning,WARN: High flow rate detected (Flood risk)
2026-02-19 16:00:00+00:00,5.5,VALID,3143.1648,VALID,23.437596000000003,VALID,Warning,WARN: High flow rate detected (Flood risk)
2026-02-19 17:00:00+00:00,5.5,VALID,3129.0063999999998,VALID,23.449788,VALID,Warning,WARN: High flow rate detected (Flood risk)
2026-02-19 18:00:00+00:00,5.5,VALID,3022.8184,VALID,23.486364000000002,VALID,Warning,WARN: High flow rate detected (Flood risk)
2026-02-19 19:00:00+00:00,5.5,VALID,2800.53152,VALID,23.509224000000003,VALID,Warning,WARN: High flow rate detected (Flood risk)
2026-02-19 20:00:00+00:00,5.5,VALID,2792.7444,VALID,23.528274000000003,VALID,Warning,WARN: High flow rate detected (Flood risk)
2026-02-19 21:00:00+00:00,5.6,VALID,2850.79384,VALID,23.535132,VALID,Warning,WARN: High flow rate detected (Flood risk)
2026-02-19 22:00:00+00:00,5.6,VALID,2753.10088,VALID,23.508462,VALID,Warning,WARN: High flow rate detected (Flood risk)
2026-02-19 23:00:00+00:00,5.6,VALID,2728.32368,VALID,23.515320000000003,VALID,Warning,WARN: High flow rate detected (Flood risk)
2026-02-20 00:00:00+00:00,5.6,VALID,2660.36336,VALID,23.527512,VALID,Warning,WARN: High flow rate detected (Flood risk)
2026-02-20 01:00:00+00:00,5.6,VALID,2685.14056,VALID,23.596092000000002,VALID,Warning,WARN: High flow rate detected (Flood risk)
2026-02-20 02:00:00+00:00,5.6,VALID,3079.452,VALID,23.640288,VALID,Warning,WARN: High flow rate detected (Flood risk)
2026-02-20 03:00:00+00:00,5.5,VALID,3574.996,VALID,23.633430000000004,VALID,Warning,WARN: High flow rate detected (Flood risk)
2026-02-20 04:00:00+00:00,5.5,VALID,3468.808,VALID,23.650194000000003,VALID,Warning,WARN: High flow rate detected (Flood risk)
2026-02-20 05:00:00+00:00,5.5,VALID,3603.3128,VALID,23.665434,VALID,Warning,WARN: High flow rate detected (Flood risk)
2026-02-20 06:00:00+00:00,5.5,VALID,3780.2928,VALID,23.643336,VALID,Warning,WARN: High flow rate detected (Flood risk)
2026-02-20 07:00:00+00:00,5.5,VALID,4035.144,VALID,23.622762,VALID,Warning,WARN: High flow rate detected (Flood risk)
2026-02-20 08:00:00+00:00,5.5,VALID,3801.5304,VALID,23.605236,VALID,Warning,WARN: High flow rate detected (Flood risk)
2026-02-20 09:00:00+00:00,5.5,VALID,3964.352,VALID,23.601426,VALID,Warning,WARN: High flow rate detected (Flood risk)
2026-02-20 10:00:00+00:00,5.4,VALID,4077.6192,VALID,23.595330000000004,VALID,Warning,WARN: High flow rate detected (Flood risk)
2026-02-20 11:00:00+00:00,5.4,VALID,3560.8376,VALID,23.60295,VALID,Warning,WARN: High flow rate detected (Flood risk)
2026-02-20 12:00:00+00:00,5.4,VALID,3497.1247999999996,VALID,23.599140000000002,VALID,Warning,WARN: High flow rate detected (Flood risk)
2026-02-20 13:00:00+00:00,5.4,VALID,3242.2736,VALID,23.61438,VALID,Warning,WARN: High flow rate detected (Flood risk)
2026-02-20 14:00:00+00:00,5.4,VALID,2981.75904,VALID,23.618190000000002,VALID,Warning,WARN: High flow rate detected (Flood risk)
2026-02-20 15:00:00+00:00,5.5,VALID,2821.76912,VALID,23.615142000000002,VALID,Warning,WARN: High flow rate detected (Flood risk)
2026-02-20 16:00:00+00:00,5.5,VALID,2838.7592,VALID,23.626572,VALID,Warning,WARN: High flow rate detected (Flood risk)
2026-02-20 17:00:00+00:00,5.5,VALID,2811.85824,VALID,23.686008,VALID,Warning,WARN: High flow rate detected (Flood risk)
2026-02-20 18:00:00+00:00,5.5,VALID,2769.38304,VALID,23.666958,VALID,Warning,WARN: High flow rate detected (Flood risk)
2026-02-20 19:00:00+00:00,5.5,VALID,2639.8336799999997,VALID,23.660862,VALID,Warning,WARN: High flow rate detected (Flood risk)
2026-02-20 20:00:00+00:00,5.5,VALID,2673.81384,VALID,23.663148,VALID,Warning,WARN: High flow rate detected (Flood risk)
2026-02-20 21:00:00+00:00,5.5,VALID,2760.18008,VALID,23.666958,VALID,Warning,WARN: High flow rate detected (Flood risk)
2026-02-20 22:00:00+00:00,5.5,VALID,2758.76424,VALID,23.651718,VALID,Warning,WARN: High flow rate detected (Flood risk)
2026-02-20 23:00:00+00:00,5.5,VALID,2775.0464,VALID,23.645622000000003,VALID,Warning,WARN: High flow rate detected (Flood risk)
2026-02-21 00:00:00+00:00,5.5,VALID,2624.25944,VALID,23.69058,VALID,Warning,WARN: High flow rate detected (Flood risk)
2026-02-21 01:00:00+00:00,5.5,VALID,2714.16528,VALID,23.695914000000002,VALID,Warning,WARN: High flow rate detected (Flood risk)
2026-02-21 02:00:00+00:00,5.5,VALID,3049.01144,VALID,23.706582,VALID,Warning,WARN: High flow rate detected (Flood risk)
2026-02-21 03:00:00+00:00,5.5,VALID,3001.5807999999997,VALID,23.673816000000002,VALID,Warning,WARN: High flow rate detected (Flood risk)
2026-02-21 04:00:00+00:00,5.5,VALID,2881.2344,VALID,23.660862,VALID,Warning,WARN: High flow rate detected (Flood risk)
2026-02-21 05:00:00+00:00,5.4,VALID,2808.31864,VALID,23.650956,VALID,Warning,WARN: High flow rate detected (Flood risk)
2026-02-21 06:00:00+00:00,5.4,VALID,3017.1550399999996,VALID,23.626572000000003,VALID,Warning,WARN: High flow rate detected (Flood risk)
2026-02-21 07:00:00+00:00,5.4,VALID,2901.05616,VALID,23.605236,VALID,Warning,WARN: High flow rate detected (Flood risk)
2026-02-21 08:00:00+00:00,5.4,VALID,2981.05112,VALID,23.56485,VALID,Warning,WARN: High flow rate detected (Flood risk)
2026-02-21 09:00:00+00:00,5.4,VALID,3759.0552,VALID,23.539704,VALID,Warning,WARN: High flow rate detected (Flood risk)
2026-02-21 10:00:00+00:00,5.4,VALID,3221.036,VALID,23.516082,VALID,Warning,WARN: High flow rate detected (Flood risk)
2026-02-21 11:00:00+00:00,5.4,VALID,2952.0263999999997,VALID,23.487888,VALID,Warning,WARN: High flow rate detected (Flood risk)
2026-02-21 12:00:00+00:00,5.4,VALID,2973.264,VALID,23.456646,VALID,Warning,WARN: High flow rate detected (Flood risk)
2026-02-21 13:00:00+00:00,5.4,VALID,3008.66,VALID,23.440644000000002,VALID,Warning,WARN: High flow rate detected (Flood risk)
2026-02-21 14:00:00+00:00,5.4,VALID,3188.4716799999997,VALID,23.411688,VALID,Warning,WARN: High flow rate detected (Flood risk)
2026-02-21 15:00:00+00:00,5.4,VALID,3320.1448,VALID,23.389590000000002,VALID,Warning,WARN: High flow rate detected (Flood risk)
2026-02-21 16:00:00+00:00,5.4,VALID,3341.3824,VALID,23.37816,VALID,Warning,WARN: High flow rate detected (Flood risk)
2026-02-21 17:00:00+00:00,5.4,VALID,4268.7576,VALID,23.35911,VALID,Warning,WARN: High flow rate detected (Flood risk)
2026-02-21 18:00:00+00:00,5.5,VALID,4559.0048,VALID,23.327868,VALID,Warning,WARN: High flow rate detected (Flood risk)
2026-02-21 19:00:00+00:00,5.5,VALID,5288.1624,VALID,23.299674000000003,VALID,Warning,WARN: High flow rate detected (Flood risk)
2026-02-21 20:00:00+00:00,5.4,VALID,5033.3112,VALID,23.276052,VALID,Warning,WARN: High flow rate detected (Flood risk)
2026-02-21 21:00:00+00:00,5.4,VALID,4636.876,VALID,23.248620000000003,VALID,Warning,WARN: High flow rate detected (Flood risk)
2026-02-21 22:00:00+00:00,5.4,VALID,3039.80848,VALID,23.2029,VALID,Warning,WARN: High flow rate detected (Flood risk)
2026-02-21 23:00:00+00:00,5.4,VALID,2752.39296,VALID,23.180802,VALID,Warning,WARN: High flow rate detected (Flood risk)
2026-02-22 00:00:00+00:00,5.4,VALID,2879.11064,VALID,23.157942000000002,VALID,Warning,WARN: High flow rate detected (Flood risk)
2026-02-22 01:00:00+00:00,5.4,VALID,2690.80392,VALID,23.129748,VALID,Warning,WARN: High flow rate detected (Flood risk)
2026-02-22 02:00:00+00:00,5.4,VALID,2755.22464,VALID,23.090886,VALID,Warning,WARN: High flow rate detected (Flood risk)
2026-02-22 03:00:00+00:00,5.4,VALID,2885.48192,VALID,23.070312,VALID,Warning,WARN: High flow rate detected (Flood risk)
2026-02-22 04:00:00+00:00,5.3,VALID,3334.3032000000003,VALID,23.05431,VALID,Warning,WARN: High flow rate detected (Flood risk)
2026-02-22 05:00:00+00:00,5.3,VALID,3099.98168,VALID,23.04288,VALID,Warning,WARN: High flow rate detected (Flood risk)
2026-02-22 06:00:00+00:00,5.3,VALID,3036.9768,VALID,23.032212,VALID,Warning,WARN: High flow rate detected (Flood risk)
2026-02-22 07:00:00+00:00,5.3,VALID,2860.7047199999997,VALID,23.039070000000002,VALID,Warning,WARN: High flow rate detected (Flood risk)
2026-02-22 08:00:00+00:00,5.3,VALID,3022.8184,VALID,23.028402,VALID,Warning,WARN: High flow rate detected (Flood risk)
2026-02-22 09:00:00+00:00,5.3,VALID,3136.0856,VALID,23.021544000000002,VALID,Warning,WARN: High flow rate detected (Flood risk)
2026-02-22 10:00:00+00:00,5.3,VALID,2832.38792,VALID,23.010114,VALID,Warning,WARN: High flow rate detected (Flood risk)
2026-02-22 11:00:00+00:00,5.3,VALID,3100.6895999999997,VALID,23.000208,VALID,Warning,WARN: High flow rate detected (Flood risk)
2026-02-22 12:00:00+00:00,5.2,VALID,2711.3336,VALID,22.984968000000002,VALID,Warning,WARN: High flow rate detected (Flood risk)
2026-02-22 13:00:00+00:00,5.2,VALID,2755.93256,VALID,22.967442000000002,VALID,Warning,WARN: High flow rate detected (Flood risk)
2026-02-22 14:00:00+00:00,5.2,VALID,2918.75416,VALID,22.963632,VALID,Warning,WARN: High flow rate detected (Flood risk)
2026-02-22 15:00:00+00:00,5.2,VALID,3086.5312,VALID,22.939248000000003,VALID,Warning,WARN: High flow rate detected (Flood risk)
2026-02-22 16:00:00+00:00,5.2,VALID,2775.75432,VALID,22.912578,VALID,Warning,WARN: High flow rate detected (Flood risk)
2026-02-22 17:00:00+00:00,5.3,VALID,2552.7595199999996,VALID,22.879812,VALID,Warning,WARN: High flow rate detected (Flood risk)
2026-02-22 18:00:00+00:00,5.3,VALID,2474.88832,VALID,22.881335999999997,VALID,Warning,WARN: High flow rate detected (Flood risk)
2026-02-22 19:00:00+00:00,5.3,VALID,2501.08136,VALID,22.87905,VALID,Warning,WARN: High flow rate detected (Flood risk)
2026-02-22 20:00:00+00:00,5.3,VALID,2642.66536,VALID,22.84095,VALID,Warning,WARN: High flow rate detected (Flood risk)
2026-02-22 21:00:00+00:00,5.3,VALID,3284.7488,VALID,22.859237999999998,VALID,Warning,WARN: High flow rate detected (Flood risk)
2026-02-22 22:00:00+00:00,5.3,VALID,3872.3224,VALID,22.865334,VALID,Warning,WARN: High flow rate detected (Flood risk)
2026-02-22 23:00:00+00:00,5.4,VALID,3081.5757599999997,VALID,22.85238,VALID,Warning,WARN: High flow rate detected (Flood risk)
2026-02-23 00:00:00+00:00,5.3,VALID,2843.71464,VALID,22.829520000000002,VALID,Warning,WARN: High flow rate detected (Flood risk)
2026-02-23 01:00:00+00:00,5.3,VALID,3002.28872,VALID,22.808946,VALID,Warning,WARN: High flow rate detected (Flood risk)
2026-02-23 02:00:00+00:00,5.3,VALID,2952.0263999999997,VALID,22.795230000000004,VALID,Warning,WARN: High flow rate detected (Flood risk)
2026-02-23 03:00:00+00:00,5.3,VALID,3303.86264,VALID,22.784562,VALID,Warning,WARN: High flow rate detected (Flood risk)
2026-02-23 04:00:00+00:00,5.3,VALID,4304.1536,VALID,22.786086,VALID,Warning,WARN: High flow rate detected (Flood risk)
2026-02-23 05:00:00+00:00,5.3,VALID,4488.2128,VALID,22.805136,VALID,Warning,WARN: High flow rate detected (Flood risk)
2026-02-23 06:00:00+00:00,5.3,VALID,4028.0647999999997,VALID,22.817328,VALID,Warning,WARN: High flow rate detected (Flood risk)
2026-02-23 07:00:00+00:00,5.3,VALID,3249.3528,VALID,22.817328000000003,VALID,Warning,WARN: High flow rate detected (Flood risk)
2026-02-23 08:00:00+00:00,5.3,VALID,2899.64032,VALID,22.802087999999998,VALID,Warning,WARN: High flow rate detected (Flood risk)
2026-02-23 09:00:00+00:00,5.3,VALID,2799.11568,VALID,22.799802,VALID,Warning,WARN: High flow rate detected (Flood risk)
2026-02-23 10:00:00+00:00,5.3,VALID,3117.6796799999997,VALID,22.81809,VALID,Warning,WARN: High flow rate detected (Flood risk)
2026-02-23 11:00:00+00:00,5.3,VALID,3525.4416,VALID,22.807422,VALID,Warning,WARN: High flow rate detected (Flood risk)
2026-02-23 12:00:00+00:00,5.3,VALID,2967.60064,VALID,22.797516,VALID,Warning,WARN: High flow rate detected (Flood risk)
2026-02-23 13:00:00+00:00,5.3,VALID,3026.358,VALID,22.795992000000002,VALID,Warning,WARN: High flow rate detected (Flood risk)
2026-02-23 14:00:00+00:00,5.3,VALID,2959.1056,VALID,22.821138,VALID,Warning,WARN: High flow rate detected (Flood risk)
2026-02-23 15:00:00+00:00,5.3,VALID,3412.1744,VALID,22.817328000000003,VALID,Warning,WARN: High flow rate detected (Flood risk)
2026-02-23 16:00:00+00:00,5.3,VALID,3186.34792,VALID,22.834854000000004,VALID,Warning,WARN: High flow rate detected (Flood risk)
2026-02-23 17:00:00+00:00,5.3,VALID,2791.32856,VALID,22.855428,VALID,Warning,WARN: High flow rate detected (Flood risk)
2026-02-23 18:00:00+00:00,5.3,VALID,3525.4416,VALID,22.905720000000002,VALID,Warning,WARN: High flow rate detected (Flood risk)
2026-02-23 19:00:00+00:00,5.3,VALID,3015.7392,VALID,22.924008,VALID,Warning,WARN: High flow rate detected (Flood risk)
2026-02-23 20:00:00+00:00,5.3,VALID,2973.264,VALID,22.948392,VALID,Warning,WARN: High flow rate detected (Flood risk)
2026-02-23 21:00:00+00:00,5.4,VALID,3000.16496,VALID,22.980396,VALID,Warning,WARN: High flow rate detected (Flood risk)
2026-02-23 22:00:00+00:00,5.3,VALID,3029.8976,VALID,23.015448,VALID,Warning,WARN: High flow rate detected (Flood risk)
2026-02-23 23:00:00+00:00,5.3,VALID,3773.2136,VALID,23.037546,VALID,Warning,WARN: High flow rate detected (Flood risk)
2026-02-24 00:00:00+00:00,5.3,VALID,3709.5008000000003,VALID,23.062692000000002,VALID,Warning,WARN: High flow rate detected (Flood risk)
2026-02-24 01:00:00+00:00,5.3,VALID,3914.7976,VALID,23.089362,VALID,Warning,WARN: High flow rate detected (Flood risk)
2026-02-24 02:00:00+00:00,5.3,VALID,4155.4904,VALID,23.118318000000002,VALID,Warning,WARN: High flow rate detected (Flood risk)
2026-02-24 03:00:00+00:00,5.3,VALID,4325.3912,VALID,23.129748000000003,VALID,Warning,WARN: High flow rate detected (Flood risk)
2026-02-24 04:00:00+00:00,5.3,VALID,4219.2032,VALID,23.14956,VALID,Warning,WARN: High flow rate detected (Flood risk)
2026-02-24 05:00:00+00:00,5.3,VALID,3801.5303999999996,VALID,23.173182,VALID,Warning,WARN: High flow rate detected (Flood risk)
2026-02-24 06:00:00+00:00,5.3,VALID,3574.996,VALID,23.186135999999998,VALID,Warning,WARN: High flow rate detected (Flood risk)
2026-02-24 07:00:00+00:00,5.3,VALID,3242.2736,VALID,23.200614,VALID,Warning,WARN: High flow rate detected (Flood risk)
2026-02-24 08:00:00+00:00,5.3,VALID,3136.0856,VALID,23.165562,VALID,Warning,WARN: High flow rate detected (Flood risk)
2026-02-24 09:00:00+00:00,5.3,VALID,2944.9472,VALID,23.156418000000002,VALID,Warning,WARN: High flow rate detected (Flood risk)
2026-02-24 10:00:00+00:00,5.3,VALID,2925.12544,VALID,23.164038,VALID,Warning,WARN: High flow rate detected (Flood risk)
2026-02-24 11:00:00+00:00,5.3,VALID,3645.788,VALID,23.173182,VALID,Warning,WARN: High flow rate detected (Flood risk)
2026-02-24 12:00:00+00:00,5.3,VALID,4233.3616,VALID,23.160990000000005,VALID,Warning,WARN: High flow rate detected (Flood risk)
2026-02-24 13:00:00+00:00,5.3,VALID,3815.6888,VALID,23.204424000000003,VALID,Warning,WARN: High flow rate detected (Flood risk)
2026-02-24 14:00:00+00:00,5.3,VALID,3100.6895999999997,VALID,23.226522000000003,VALID,Warning,WARN: High flow rate detected (Flood risk)
2026-02-24 15:00:00+00:00,5.3,VALID,3171.4816,VALID,23.241,VALID,Warning,WARN: High flow rate detected (Flood risk)
2026-02-24 16:00:00+00:00,5.3,VALID,3221.036,VALID,23.257764,VALID,Warning,WARN: High flow rate detected (Flood risk)
2026-02-24 17:00:00+00:00,5.3,VALID,3277.6696,VALID,23.283672000000003,VALID,Warning,WARN: High flow rate detected (Flood risk)
2026-02-24 18:00:00+00:00,5.3,VALID,3242.2736,VALID,23.295864,VALID,Warning,WARN: High flow rate detected (Flood risk)
2026-02-24 19:00:00+00:00,5.3,VALID,3079.452,VALID,23.319486,VALID,Warning,WARN: High flow rate detected (Flood risk)
2026-02-24 20:00:00+00:00,5.3,VALID,3051.1351999999997,VALID,23.334726,VALID,Warning,WARN: High flow rate detected (Flood risk)
2026-02-24 21:00:00+00:00,5.3,VALID,3133.25392,VALID,23.356824,VALID,Warning,WARN: High flow rate detected (Flood risk)
2026-02-24 22:00:00+00:00,5.3,VALID,3185.64,VALID,23.377398,VALID,Warning,WARN: High flow rate detected (Flood risk)
2026-02-24 23:00:00+00:00,5.4,VALID,3121.9272,VALID,23.395686,VALID,Warning,WARN: High flow rate detected (Flood risk)
2026-02-25 00:00:00+00:00,5.4,VALID,3150.2439999999997,VALID,23.410164,VALID,Warning,WARN: High flow rate detected (Flood risk)
2026-02-25 01:00:00+00:00,5.4,VALID,3129.0063999999998,VALID,23.424642000000002,VALID,Warning,WARN: High flow rate detected (Flood risk)
2026-02-25 02:00:00+00:00,5.3,VALID,4863.4104,VALID,23.415498,VALID,Warning,WARN: High flow rate detected (Flood risk)
2026-02-25 03:00:00+00:00,5.4,VALID,5295.2416,VALID,23.422356,VALID,Warning,WARN: High flow rate detected (Flood risk)
2026-02-25 04:00:00+00:00,5.3,VALID,4155.4904,VALID,23.420832,VALID,Warning,WARN: High flow rate detected (Flood risk)
2026-02-25 05:00:00+00:00,5.3,VALID,3914.7976,VALID,23.429214,VALID,Warning,WARN: High flow rate detected (Flood risk)
2026-02-25 06:00:00+00:00,5.3,VALID,3950.1936,VALID,23.426928,VALID,Warning,WARN: High flow rate detected (Flood risk)
2026-02-25 07:00:00+00:00,5.3,VALID,3794.4512,VALID,23.426928,VALID,Warning,WARN: High flow rate detected (Flood risk)
2026-02-25 08:00:00+00:00,5.3,VALID,3681.1839999999997,VALID,23.436834000000005,VALID,Warning,WARN: High flow rate detected (Flood risk)
2026-02-25 09:00:00+00:00,5.3,VALID,4205.0448,VALID,23.442168000000002,VALID,Warning,WARN: High flow rate detected (Flood risk)
2026-02-25 10:00:00+00:00,5.3,VALID,4962.5192,VALID,23.452074000000003,VALID,Warning,WARN: High flow rate detected (Flood risk)
2026-02-25 11:00:00+00:00,5.3,VALID,5266.9248,VALID,23.457408,VALID,Warning,WARN: High flow rate detected (Flood risk)
2026-02-25 12:00:00+00:00,5.3,VALID,5196.132799999999,VALID,23.466552,VALID,Warning,WARN: High flow rate detected (Flood risk)
2026-02-25 13:00:00+00:00,5.3,VALID,4856.3312,VALID,23.466552,VALID,Warning,WARN: High flow rate detected (Flood risk)
2026-02-25 14:00:00+00:00,5.3,VALID,3858.1639999999998,VALID,23.471124,VALID,Warning,WARN: High flow rate detected (Flood risk)
2026-02-25 15:00:00+00:00,5.3,VALID,5047.4696,VALID,23.471124,VALID,Warning,WARN: High flow rate detected (Flood risk)
2026-02-25 16:00:00+00:00,5.3,VALID,4778.46,VALID,23.476458,VALID,Warning,WARN: High flow rate detected (Flood risk)
2026-02-25 17:00:00+00:00,5.3,VALID,4169.6488,VALID,23.522178000000004,VALID,Warning,WARN: High flow rate detected (Flood risk)
2026-02-25 18:00:00+00:00,5.3,VALID,5097.023999999999,VALID,23.5839,VALID,Warning,WARN: High flow rate detected (Flood risk)
2026-02-25 19:00:00+00:00,5.3,VALID,5316.4792,VALID,23.615904,VALID,Warning,WARN: High flow rate detected (Flood risk)
2026-02-25 20:00:00+00:00,5.4,VALID,5755.3896,VALID,23.659338,VALID,Warning,WARN: High flow rate detected (Flood risk)
2026-02-25 21:00:00+00:00,5.4,VALID,5705.8351999999995,VALID,23.688294000000003,VALID,Warning,WARN: High flow rate detected (Flood risk)
2026-02-25 22:00:00+00:00,5.4,VALID,5826.1816,VALID,23.72868,VALID,Warning,WARN: High flow rate detected (Flood risk)
2026-02-25 23:00:00+00:00,5.4,VALID,5599.647199999999,VALID,23.72868,VALID,Warning,WARN: High flow rate detected (Flood risk)
2026-02-26 00:00:00+00:00,5.4,VALID,5436.8256,VALID,23.741634,VALID,Warning,WARN: High flow rate detected (Flood risk)
2026-02-26 01:00:00+00:00,5.4,VALID,5189.053599999999,VALID,23.758398,VALID,Warning,WARN: High flow rate detected (Flood risk)
2026-02-26 02:00:00+00:00,5.4,VALID,4912.9648,VALID,23.744682,VALID,Warning,WARN: High flow rate detected (Flood risk)
2026-02-26 03:00:00+00:00,5.4,VALID,4679.3512,VALID,23.72106,VALID,Warning,WARN: High flow rate detected (Flood risk)
2026-02-26 04:00:00+00:00,5.4,VALID,4374.9456,VALID,23.716488000000002,VALID,Warning,WARN: High flow rate detected (Flood risk)
2026-02-26 05:00:00+00:00,5.4,VALID,4452.8168000000005,VALID,23.720298,VALID,Warning,WARN: High flow rate detected (Flood risk)
2026-02-26 06:00:00+00:00,5.4,VALID,4360.7872,VALID,23.724108,VALID,Warning,WARN: High flow rate detected (Flood risk)
2026-02-26 07:00:00+00:00,5.4,VALID,4183.8072,VALID,23.725632,VALID,Warning,WARN: High flow rate detected (Flood risk)
2026-02-26 08:00:00+00:00,5.3,VALID,4233.3616,VALID,23.724108,VALID,Warning,WARN: High flow rate detected (Flood risk)
2026-02-26 09:00:00+00:00,5.3,VALID,3730.7384,VALID,23.718012,VALID,Warning,WARN: High flow rate detected (Flood risk)
2026-02-26 10:00:00+00:00,5.3,VALID,4105.936,VALID,23.714964000000002,VALID,Warning,WARN: High flow rate detected (Flood risk)
2026-02-26 11:00:00+00:00,5.3,VALID,4325.3912,VALID,23.710392000000002,VALID,Warning,WARN: High flow rate detected (Flood risk)
2026-02-26 12:00:00+00:00,5.3,VALID,3964.352,VALID,23.714964000000002,VALID,Warning,WARN: High flow rate detected (Flood risk)
2026-02-26 13:00:00+00:00,5.3,VALID,3787.372,VALID,23.702772000000003,VALID,Warning,WARN: High flow rate detected (Flood risk)
2026-02-26 14:00:00+00:00,5.3,VALID,3440.4912,VALID,23.703534,VALID,Warning,WARN: High flow rate detected (Flood risk)
2026-02-26 15:00:00+00:00,5.3,VALID,3334.3032,VALID,23.698962,VALID,Warning,WARN: High flow rate detected (Flood risk)
2026-02-26 16:00:00+00:00,5.3,VALID,3291.828,VALID,23.692866000000002,VALID,Warning,WARN: High flow rate detected (Flood risk)
2026-02-26 17:00:00+00:00,5.4,VALID,3164.4024,VALID,23.673816000000002,VALID,Warning,WARN: High flow rate detected (Flood risk)
2026-02-26 18:00:00+00:00,5.4,VALID,3136.0856,VALID,23.642574000000003,VALID,Warning,WARN: High flow rate detected (Flood risk)
2026-02-26 19:00:00+00:00,5.4,VALID,4396.1832,VALID,23.635716000000002,VALID,Warning,WARN: High flow rate detected (Flood risk)
2026-02-26 20:00:00+00:00,5.4,VALID,4424.5,VALID,23.630382000000004,VALID,Warning,WARN: High flow rate detected (Flood risk)
2026-02-26 21:00:00+00:00,5.4,VALID,3518.3624,VALID,23.622,VALID,Warning,WARN: High flow rate detected (Flood risk)
2026-02-26 22:00:00+00:00,5.4,VALID,3270.5904,VALID,23.59533,VALID,Warning,WARN: High flow rate detected (Flood risk)
2026-02-26 23:00:00+00:00,5.4,VALID,4077.6192,VALID,23.550372,VALID,Warning,WARN: High flow rate detected (Flood risk)
2026-02-27 00:00:00+00:00,5.4,VALID,4205.0448,VALID,23.563326,VALID,Warning,WARN: High flow rate detected (Flood risk)
2026-02-27 01:00:00+00:00,5.4,VALID,4516.5296,VALID,23.589234,VALID,Warning,WARN: High flow rate detected (Flood risk)
2026-02-27 02:00:00+00:00,5.4,VALID,4049.3024,VALID,23.541228000000004,VALID,Warning,WARN: High flow rate detected (Flood risk)
2026-02-27 03:00:00+00:00,5.4,VALID,3405.0951999999997,VALID,23.516844,VALID,Warning,WARN: High flow rate detected (Flood risk)
2026-02-27 04:00:00+00:00,5.4,VALID,3419.2536,VALID,23.503128,VALID,Warning,WARN: High flow rate detected (Flood risk)
2026-02-27 05:00:00+00:00,5.3,VALID,3971.4312,VALID,23.492459999999998,VALID,Warning,WARN: High flow rate detected (Flood risk)
2026-02-27 06:00:00+00:00,5.3,VALID,3525.4416,VALID,23.477220000000003,VALID,Warning,WARN: High flow rate detected (Flood risk)
2026-02-27 07:00:00+00:00,5.3,VALID,4141.332,VALID,23.45436,VALID,Warning,WARN: High flow rate detected (Flood risk)
2026-02-27 08:00:00+00:00,5.3,VALID,3829.8471999999997,VALID,23.439120000000003,VALID,Warning,WARN: High flow rate detected (Flood risk)
2026-02-27 09:00:00+00:00,5.3,VALID,3624.5504,VALID,23.413974000000003,VALID,Warning,WARN: High flow rate detected (Flood risk)
2026-02-27 10:00:00+00:00,5.3,VALID,3716.58,VALID,23.368254,VALID,Warning,WARN: High flow rate detected (Flood risk)
2026-02-27 11:00:00+00:00,5.3,VALID,3546.6792,VALID,23.34387,VALID,Warning,WARN: High flow rate detected (Flood risk)
2026-02-27 12:00:00+00:00,5.3,VALID,3999.748,VALID,23.3172,VALID,Warning,WARN: High flow rate detected (Flood risk)
2026-02-27 13:00:00+00:00,5.3,VALID,3801.5304,VALID,23.312628,VALID,Warning,WARN: High flow rate detected (Flood risk)
2026-02-27 14:00:00+00:00,5.3,VALID,3582.0752,VALID,23.29053,VALID,Warning,WARN: High flow rate detected (Flood risk)
2026-02-27 15:00:00+00:00,5.3,VALID,3801.5304,VALID,23.265384,VALID,Warning,WARN: High flow rate detected (Flood risk)
2026-02-27 16:00:00+00:00,5.3,VALID,3405.0952,VALID,23.237190000000002,VALID,Warning,WARN: High flow rate detected (Flood risk)
2026-02-27 17:00:00+00:00,5.3,VALID,3086.5312,VALID,23.226522000000003,VALID,Warning,WARN: High flow rate detected (Flood risk)
2026-02-27 18:00:00+00:00,5.4,VALID,3001.5808,VALID,23.21433,VALID,Warning,WARN: High flow rate detected (Flood risk)
2026-02-27 19:00:00+00:00,5.4,VALID,3192.7192,VALID,23.190708,VALID,Warning,WARN: High flow rate detected (Flood risk)
2026-02-27 20:00:00+00:00,5.4,VALID,4282.915999999999,VALID,23.160228,VALID,Warning,WARN: High flow rate detected (Flood risk)
2026-02-27 21:00:00+00:00,5.4,VALID,5217.3704,VALID,23.138892000000002,VALID,Warning,WARN: High flow rate detected (Flood risk)
2026-02-27 22:00:00+00:00,5.4,VALID,5649.201599999999,VALID,23.117556,VALID,Warning,WARN: High flow rate detected (Flood risk)
2026-02-27 23:00:00+00:00,5.4,VALID,5373.1128,VALID,23.105364,VALID,Warning,WARN: High flow rate detected (Flood risk)
2026-02-28 00:00:00+00:00,5.4,VALID,5302.3208,VALID,23.068026000000003,VALID,Warning,WARN: High flow rate detected (Flood risk)
2026-02-28 01:00:00+00:00,5.4,VALID,5351.8752,VALID,23.029926,VALID,Warning,WARN: High flow rate detected (Flood risk)
2026-02-28 02:00:00+00:00,5.4,VALID,4176.728,VALID,23.003256,VALID,Warning,WARN: High flow rate detected (Flood risk)
2026-02-28 03:00:00+00:00,5.4,VALID,3631.6295999999998,VALID,22.972014,VALID,Warning,WARN: High flow rate detected (Flood risk)
2026-02-28 04:00:00+00:00,5.4,VALID,3631.6295999999998,VALID,22.979634,VALID,Warning,WARN: High flow rate detected (Flood risk)
2026-02-28 05:00:00+00:00,5.4,VALID,3305.9864000000002,VALID,22.984968000000002,VALID,Warning,WARN: High flow rate detected (Flood risk)
2026-02-28 06:00:00+00:00,5.4,VALID,3305.9864,VALID,22.98573,VALID,Warning,WARN: High flow rate detected (Flood risk)
2026-02-28 07:00:00+00:00,5.3,VALID,3015.7392,VALID,22.994874,VALID,Warning,WARN: High flow rate detected (Flood risk)
2026-02-28 08:00:00+00:00,5.3,VALID,2956.98184,VALID,22.968966,VALID,Warning,WARN: High flow rate detected (Flood risk)
2026-02-28 09:00:00+00:00,5.3,VALID,2878.40272,VALID,22.942296000000002,VALID,Warning,WARN: High flow rate detected (Flood risk)
2026-02-28 10:00:00+00:00,5.3,VALID,2944.9472,VALID,22.958298,VALID,Warning,WARN: High flow rate detected (Flood risk)
2026-02-28 11:00:00+00:00,5.3,VALID,2973.264,VALID,22.984968000000002,VALID,Warning,WARN: High flow rate detected (Flood risk)
2026-02-28 12:00:00+00:00,5.3,VALID,3150.2439999999997,VALID,22.97811,VALID,Warning,WARN: High flow rate detected (Flood risk)
2026-02-28 13:00:00+00:00,5.3,VALID,3263.5112,VALID,22.979634,VALID,Warning,WARN: High flow rate detected (Flood risk)
2026-02-28 14:00:00+00:00,5.3,VALID,2994.5016,VALID,23.01621,VALID,Warning,WARN: High flow rate detected (Flood risk)
2026-02-28 15:00:00+00:00,5.3,VALID,3185.64,VALID,23.029164,VALID,Warning,WARN: High flow rate detected (Flood risk)
2026-02-28 16:00:00+00:00,5.3,VALID,2980.3432,VALID,23.030688,VALID,Warning,WARN: High flow rate detected (Flood risk)
2026-02-28 17:00:00+00:00,5.3,VALID,2927.2492,VALID,23.026878,VALID,Warning,WARN: High flow rate detected (Flood risk)
2026-02-28 18:00:00+00:00,5.3,VALID,2944.23928,VALID,23.044404,VALID,Warning,WARN: High flow rate detected (Flood risk)
2026-02-28 19:00:00+00:00,5.4,VALID,2909.5512,VALID,23.056596000000003,VALID,Warning,WARN: High flow rate detected (Flood risk)
2026-02-28 20:00:00+00:00,5.4,VALID,2923.7096,VALID,23.080218000000002,VALID,Warning,WARN: High flow rate detected (Flood risk)
2026-02-28 21:00:00+00:00,5.4,VALID,2937.868,VALID,23.100792,VALID,Warning,WARN: High flow rate detected (Flood risk)
2026-02-28 22:00:00+00:00,5.4,VALID,2865.66016,VALID,23.117556,VALID,Warning,WARN: High flow rate detected (Flood risk)
2026-02-28 23:00:00+00:00,5.4,VALID,2937.16008,VALID,23.135081999999997,VALID,Warning,WARN: High flow rate detected (Flood risk)
2026-03-01 00:00:00+00:00,5.4,VALID,3007.24416,VALID,23.14956,VALID,Warning,WARN: High flow rate detected (Flood risk)
2026-03-01 01:00:00+00:00,5.3,VALID,2906.0116,VALID,23.17242,VALID,Warning,WARN: High flow rate detected (Flood risk)
2026-03-01 02:00:00+00:00,5.3,VALID,2980.3432000000003,VALID,23.198328,VALID,Warning,WARN: High flow rate detected (Flood risk)
2026-03-01 03:00:00+00:00,5.3,VALID,2857.87304,VALID,23.167848000000003,VALID,Warning,WARN: High flow rate detected (Flood risk)
2026-03-01 04:00:00+00:00,5.3,VALID,2858.5809600000002,VALID,23.148036,VALID,Warning,WARN: High flow rate detected (Flood risk)
2026-03-01 05:00:00+00:00,5.3,VALID,3077.32824,VALID,23.143464,VALID,Warning,WARN: High flow rate detected (Flood risk)
2026-03-01 06:00:00+00:00,5.3,VALID,2934.3284000000003,VALID,23.128986,VALID,Warning,WARN: High flow rate detected (Flood risk)
2026-03-01 07:00:00+00:00,5.3,VALID,2926.54128,VALID,23.119842,VALID,Warning,WARN: High flow rate detected (Flood risk)
2026-03-01 08:00:00+00:00,5.3,VALID,2872.73936,VALID,23.11146,VALID,Warning,WARN: High flow rate detected (Flood risk)
2026-03-01 09:00:00+00:00,5.3,VALID,3405.0951999999997,VALID,23.108412,VALID,Warning,WARN: High flow rate detected (Flood risk)
2026-03-01 10:00:00+00:00,5.3,VALID,3256.432,VALID,23.147274000000003,VALID,Warning,WARN: High flow rate detected (Flood risk)
2026-03-01 11:00:00+00:00,5.3,VALID,3136.0856,VALID,23.182326,VALID,Warning,WARN: High flow rate detected (Flood risk)
2026-03-01 12:00:00+00:00,5.3,VALID,3221.036,VALID,23.218140000000002,VALID,Warning,WARN: High flow rate detected (Flood risk)
2026-03-01 13:00:00+00:00,5.3,VALID,3114.848,VALID,23.243286,VALID,Warning,WARN: High flow rate detected (Flood risk)
2026-03-01 14:00:00+00:00,5.3,VALID,3270.5904,VALID,23.266908,VALID,Warning,WARN: High flow rate detected (Flood risk)
2026-03-01 15:00:00+00:00,5.3,VALID,3044.056,VALID,23.292054,VALID,Warning,WARN: High flow rate detected (Flood risk)
2026-03-01 16:00:00+00:00,5.3,VALID,2980.3432,VALID,23.22195,VALID,Warning,WARN: High flow rate detected (Flood risk)
2026-03-01 17:00:00+00:00,5.3,VALID,2868.49184,VALID,23.159466000000002,VALID,Warning,WARN: High flow rate detected (Flood risk)
2026-03-01 18:00:00+00:00,5.3,VALID,2689.38808,VALID,23.117556,VALID,Warning,WARN: High flow rate detected (Flood risk)
2026-03-01 19:00:00+00:00,5.3,VALID,2637.002,VALID,23.090886,VALID,Warning,WARN: High flow rate detected (Flood risk)
2026-03-01 20:00:00+00:00,5.4,VALID,2702.13064,VALID,23.033736,VALID,Warning,WARN: High flow rate detected (Flood risk)
2026-03-01 21:00:00+00:00,5.4,VALID,2657.53168,VALID,23.039070000000002,VALID,Warning,WARN: High flow rate detected (Flood risk)
2026-03-01 22:00:00+00:00,5.4,VALID,2811.1503199999997,VALID,23.039832,VALID,Warning,WARN: High flow rate detected (Flood risk)
2026-03-01 23:00:00+00:00,5.4,VALID,2810.4424,VALID,23.036784,VALID,Warning,WARN: High flow rate detected (Flood risk)
2026-03-02 00:00:00+00:00,5.4,VALID,2766.55136,VALID,23.05431,VALID,Warning,WARN: High flow rate detected (Flood risk)
2026-03-02 01:00:00+00:00,5.4,VALID,2871.32352,VALID,23.068026000000003,VALID,Warning,WARN: High flow rate detected (Flood risk)
2026-03-02 02:00:00+00:00,5.4,VALID,2980.3432,VALID,23.064216000000002,VALID,Warning,WARN: High flow rate detected (Flood risk)
2026-03-02 03:00:00+00:00,5.4,VALID,2990.962,VALID,23.062692000000002,VALID,Warning,WARN: High flow rate detected (Flood risk)
2026-03-02 04:00:00+00:00,5.3,VALID,2833.80376,VALID,23.094696,VALID,Warning,WARN: High flow rate detected (Flood risk)
2026-03-02 05:00:00+00:00,5.3,VALID,2966.1848,VALID,23.116032,VALID,Warning,WARN: High flow rate detected (Flood risk)
2026-03-02 06:00:00+00:00,5.3,VALID,2865.66016,VALID,23.120604,VALID,Warning,WARN: High flow rate detected (Flood risk)
2026-03-02 07:00:00+00:00,5.3,VALID,3058.2144,VALID,23.09241,VALID,Warning,WARN: High flow rate detected (Flood risk)
2026-03-02 08:00:00+00:00,5.3,VALID,2902.4719999999998,VALID,23.086314,VALID,Warning,WARN: High flow rate detected (Flood risk)
2026-03-02 09:00:00+00:00,5.3,VALID,2966.1848,VALID,23.060406,VALID,Warning,WARN: High flow rate detected (Flood risk)
2026-03-02 10:00:00+00:00,5.3,VALID,3072.3728,VALID,23.067264,VALID,Warning,WARN: High flow rate detected (Flood risk)
2026-03-02 11:00:00+00:00,5.3,VALID,2946.36304,VALID,23.082504,VALID,Warning,WARN: High flow rate detected (Flood risk)
2026-03-02 12:00:00+00:00,5.3,VALID,3305.9864,VALID,23.090886,VALID,Warning,WARN: High flow rate detected (Flood risk)
2026-03-02 13:00:00+00:00,5.3,VALID,3143.1648,VALID,23.109174000000003,VALID,Warning,WARN: High flow rate detected (Flood risk)
2026-03-02 14:00:00+00:00,5.3,VALID,3433.4120000000003,VALID,23.123652,VALID,Warning,WARN: High flow rate detected (Flood risk)
2026-03-02 15:00:00+00:00,5.3,VALID,3242.2736,VALID,23.090124,VALID,Warning,WARN: High flow rate detected (Flood risk)
2026-03-02 16:00:00+00:00,5.3,VALID,2927.95712,VALID,23.0505,VALID,Warning,WARN: High flow rate detected (Flood risk)
2026-03-02 17:00:00+00:00,5.3,VALID,2833.80376,VALID,23.047452,VALID,Warning,WARN: High flow rate detected (Flood risk)
2026-03-02 18:00:00+00:00,5.4,VALID,2780.7097599999997,VALID,23.062692000000002,VALID,Warning,WARN: High flow rate detected (Flood risk)
2026-03-02 19:00:00+00:00,5.4,VALID,2883.3581599999998,VALID,23.077170000000002,VALID,Warning,WARN: High flow rate detected (Flood risk)
2026-03-02 20:00:00+00:00,5.4,VALID,2835.92752,VALID,23.068788,VALID,Warning,WARN: High flow rate detected (Flood risk)
2026-03-02 21:00:00+00:00,5.4,VALID,2966.1848,VALID,23.082504,VALID,Warning,WARN: High flow rate detected (Flood risk)
2026-03-02 22:00:00+00:00,5.5,VALID,2830.97208,VALID,23.094696,VALID,Warning,WARN: High flow rate detected (Flood risk)
2026-03-02 23:00:00+00:00,5.5,VALID,3065.2936,VALID,23.110698,VALID,Warning,WARN: High flow rate detected (Flood risk)
2026-03-03 00:00:00+00:00,5.5,VALID,2916.6304,VALID,23.124414,VALID,Warning,WARN: High flow rate detected (Flood risk)
2026-03-03 01:00:00+00:00,5.5,VALID,3426.3327999999997,VALID,23.11908,VALID,Warning,WARN: High flow rate detected (Flood risk)
2026-03-03 02:00:00+00:00,5.5,VALID,3490.0456,VALID,23.071836,VALID,Warning,WARN: High flow rate detected (Flood risk)
2026-03-03 03:00:00+00:00,5.5,VALID,3334.3032,VALID,23.043642,VALID,Warning,WARN: High flow rate detected (Flood risk)
2026-03-03 04:00:00+00:00,5.5,VALID,3157.3232,VALID,23.042118000000002,VALID,Warning,WARN: High flow rate detected (Flood risk)
2026-03-03 05:00:00+00:00,5.4,VALID,3013.61544,VALID,23.034498,VALID,Warning,WARN: High flow rate detected (Flood risk)
2026-03-03 06:00:00+00:00,5.4,VALID,3136.0856,VALID,23.013162,VALID,Warning,WARN: High flow rate detected (Flood risk)
2026-03-03 07:00:00+00:00,5.4,VALID,2879.8185599999997,VALID,23.017734,VALID,Warning,WARN: High flow rate detected (Flood risk)
2026-03-03 08:00:00+00:00,5.4,VALID,3086.5312,VALID,23.026116000000002,VALID,Warning,WARN: High flow rate detected (Flood risk)
2026-03-03 09:00:00+00:00,5.4,VALID,2980.3432,VALID,23.03526,VALID,Warning,WARN: High flow rate detected (Flood risk)
2026-03-03 10:00:00+00:00,5.4,VALID,2871.32352,VALID,23.044404,VALID,Warning,WARN: High flow rate detected (Flood risk)
2026-03-03 11:00:00+00:00,5.4,VALID,2849.3779999999997,VALID,23.059644000000002,VALID,Warning,WARN: High flow rate detected (Flood risk)
2026-03-03 12:00:00+00:00,5.4,VALID,2966.1848,VALID,23.080980000000004,VALID,Warning,WARN: High flow rate detected (Flood risk)
2026-03-03 13:00:00+00:00,5.5,VALID,3065.2936,VALID,23.098506,VALID,Warning,WARN: High flow rate detected (Flood risk)
2026-03-03 14:00:00+00:00,5.5,VALID,2930.7888000000003,VALID,23.102316000000002,VALID,Warning,WARN: High flow rate detected (Flood risk)
2026-03-03 15:00:00+00:00,5.5,VALID,3136.0856,VALID,23.078694000000002,VALID,Warning,WARN: High flow rate detected (Flood risk)
2026-03-03 16:00:00+00:00,5.5,VALID,3058.2144,VALID,23.048976,VALID,Warning,WARN: High flow rate detected (Flood risk)
2026-03-03 17:00:00+00:00,5.5,VALID,2862.12056,VALID,22.971252,VALID,Warning,WARN: High flow rate detected (Flood risk)
2026-03-03 18:00:00+00:00,5.6,VALID,2705.67024,VALID,22.957536,VALID,Warning,WARN: High flow rate detected (Flood risk)
2026-03-03 19:00:00+00:00,5.6,VALID,2643.37328,VALID,22.94763,VALID,Warning,WARN: High flow rate detected (Flood risk)
2026-03-03 20:00:00+00:00,5.6,VALID,2724.78408,VALID,22.972776,VALID,Warning,WARN: High flow rate detected (Flood risk)
2026-03-03 21:00:00+00:00,5.6,VALID,2699.29896,VALID,22.971252,VALID,Warning,WARN: High flow rate detected (Flood risk)
2026-03-03 22:00:00+00:00,5.6,VALID,3709.5008,VALID,22.968966,VALID,Warning,WARN: High flow rate detected (Flood risk)
2026-03-03 23:00:00+00:00,5.7,VALID,4516.5296,VALID,22.968966,VALID,Warning,WARN: High flow rate detected (Flood risk)
2026-03-04 00:00:00+00:00,5.6,VALID,4934.2024,VALID,22.979634000000004,VALID,Warning,WARN: High flow rate detected (Flood risk)
2026-03-04 01:00:00+00:00,5.7,VALID,4566.084,VALID,23.029164,VALID,Warning,WARN: High flow rate detected (Flood risk)
2026-03-04 02:00:00+00:00,5.7,VALID,3936.0352,VALID,23.059644,VALID,Warning,WARN: High flow rate detected (Flood risk)
2026-03-04 03:00:00+00:00,5.6,VALID,3553.7583999999997,VALID,23.075646,VALID,Warning,WARN: High flow rate detected (Flood risk)
2026-03-04 04:00:00+00:00,5.6,VALID,3355.5407999999998,VALID,23.108412,VALID,Warning,WARN: High flow rate detected (Flood risk)
2026-03-04 05:00:00+00:00,5.6,VALID,3971.4312,VALID,23.138892000000002,VALID,Warning,WARN: High flow rate detected (Flood risk)
2026-03-04 06:00:00+00:00,5.6,VALID,3992.6688,VALID,23.161752,VALID,Warning,WARN: High flow rate detected (Flood risk)
2026-03-04 07:00:00+00:00,5.6,VALID,3058.2144,VALID,23.185374000000003,VALID,Warning,WARN: High flow rate detected (Flood risk)
2026-03-04 08:00:00+00:00,5.6,VALID,3008.66,VALID,23.215092000000002,VALID,Warning,WARN: High flow rate detected (Flood risk)
2026-03-04 09:00:00+00:00,5.6,VALID,3008.66,VALID,23.245572000000003,VALID,Warning,WARN: High flow rate detected (Flood risk)
2026-03-04 10:00:00+00:00,5.6,VALID,3015.7392,VALID,23.280624000000003,VALID,Warning,WARN: High flow rate detected (Flood risk)
2026-03-04 11:00:00+00:00,5.6,VALID,3022.8184,VALID,23.320248,VALID,Warning,WARN: High flow rate detected (Flood risk)
2026-03-04 12:00:00+00:00,5.6,VALID,3015.7392,VALID,23.344632,VALID,Warning,WARN: High flow rate detected (Flood risk)
2026-03-04 13:00:00+00:00,5.7,VALID,3001.5808,VALID,23.378922000000003,VALID,Warning,WARN: High flow rate detected (Flood risk)
2026-03-04 14:00:00+00:00,5.7,VALID,3284.7488,VALID,23.402544000000002,VALID,Warning,WARN: High flow rate detected (Flood risk)
2026-03-04 15:00:00+00:00,5.7,VALID,3129.0064,VALID,23.407116000000002,VALID,Warning,WARN: High flow rate detected (Flood risk)
2026-03-04 16:00:00+00:00,5.7,VALID,3136.0856,VALID,23.408640000000002,VALID,Warning,WARN: High flow rate detected (Flood risk)
2026-03-04 17:00:00+00:00,5.7,VALID,2819.64536,VALID,23.322534,VALID,Warning,WARN: High flow rate detected (Flood risk)
2026-03-04 18:00:00+00:00,5.7,VALID,2669.56632,VALID,23.2791,VALID,Warning,WARN: High flow rate detected (Flood risk)
2026-03-04 19:00:00+00:00,5.7,VALID,4040.09944,VALID,23.32863,VALID,Warning,WARN: High flow rate detected (Flood risk)
2026-03-04 20:00:00+00:00,5.8,VALID,4537.7672,VALID,23.334726,VALID,Warning,WARN: High flow rate detected (Flood risk)
2026-03-04 21:00:00+00:00,5.8,VALID,4651.0344000000005,VALID,23.270718000000002,VALID,Warning,WARN: High flow rate detected (Flood risk)
2026-03-04 22:00:00+00:00,5.8,VALID,4247.52,VALID,23.250144,VALID,Warning,WARN: High flow rate detected (Flood risk)
2026-03-04 23:00:00+00:00,5.8,VALID,4254.5992,VALID,23.221188,VALID,Warning,WARN: High flow rate detected (Flood risk)
2026-03-05 00:00:00+00:00,5.8,VALID,4396.1831999999995,VALID,23.270718000000002,VALID,Warning,WARN: High flow rate detected (Flood risk)
2026-03-05 01:00:00+00:00,5.8,VALID,3851.0848,VALID,23.273766000000002,VALID,Warning,WARN: High flow rate detected (Flood risk)
2026-03-05 02:00:00+00:00,5.8,VALID,4537.7672,VALID,23.285958,VALID,Warning,WARN: High flow rate detected (Flood risk)
2026-03-05 03:00:00+00:00,5.8,VALID,3667.0256,VALID,23.29053,VALID,Warning,WARN: High flow rate detected (Flood risk)
2026-03-05 04:00:00+00:00,5.8,VALID,4205.0448,VALID,23.312628,VALID,Warning,WARN: High flow rate detected (Flood risk)
2026-03-05 05:00:00+00:00,5.7,VALID,3376.7784,VALID,23.27529,VALID,Warning,WARN: High flow rate detected (Flood risk)
2026-03-05 06:00:00+00:00,5.7,VALID,2710.62568,VALID,23.27148,VALID,Warning,WARN: High flow rate detected (Flood risk)
2026-03-05 07:00:00+00:00,5.7,VALID,2806.9028,VALID,23.308056,VALID,Warning,WARN: High flow rate detected (Flood risk)
2026-03-05 08:00:00+00:00,5.7,VALID,3442.61496,VALID,23.332440000000002,VALID,Warning,WARN: High flow rate detected (Flood risk)
2026-03-05 09:00:00+00:00,5.7,VALID,3773.2136,VALID,23.323296000000003,VALID,Warning,WARN: High flow rate detected (Flood risk)
2026-03-05 10:00:00+00:00,5.7,VALID,3206.8776,VALID,23.352252,VALID,Warning,WARN: High flow rate detected (Flood risk)
2026-03-05 11:00:00+00:00,5.7,VALID,3390.9368,VALID,23.361396000000003,VALID,Warning,WARN: High flow rate detected (Flood risk)
2026-03-05 12:00:00+00:00,5.7,VALID,3419.2536,VALID,23.387304,VALID,Warning,WARN: High flow rate detected (Flood risk)
2026-03-05 13:00:00+00:00,5.7,VALID,3829.8472,VALID,23.452836,VALID,Warning,WARN: High flow rate detected (Flood risk)
2026-03-05 14:00:00+00:00,5.8,VALID,3674.1048,VALID,23.491698,VALID,Warning,WARN: High flow rate detected (Flood risk)
2026-03-05 15:00:00+00:00,5.7,VALID,3617.4712,VALID,23.458932,VALID,Warning,WARN: High flow rate detected (Flood risk)
2026-03-05 16:00:00+00:00,5.8,VALID,3645.788,VALID,23.448264,VALID,Warning,WARN: High flow rate detected (Flood risk)
2026-03-05 17:00:00+00:00,5.8,VALID,4268.7576,VALID,23.477982,VALID,Warning,WARN: High flow rate detected (Flood risk)
2026-03-05 18:00:00+00:00,5.8,VALID,3999.7479999999996,VALID,23.448264,VALID,Warning,WARN: High flow rate detected (Flood risk)
2026-03-05 19:00:00+00:00,5.8,VALID,4424.5,VALID,23.433024000000003,VALID,Warning,WARN: High flow rate detected (Flood risk)
2026-03-05 20:00:00+00:00,5.9,VALID,4693.5096,VALID,23.404068000000002,VALID,Warning,WARN: High flow rate detected (Flood risk)
2026-03-05 21:00:00+00:00,5.9,VALID,4934.2024,VALID,23.365968000000002,VALID,Warning,WARN: High flow rate detected (Flood risk)
2026-03-05 22:00:00+00:00,6.0,VALID,4863.4104,VALID,23.324820000000003,VALID,Warning,WARN: High flow rate detected (Flood risk)
2026-03-05 23:00:00+00:00,6.0,VALID,4629.7968,VALID,23.3172,VALID,Warning,WARN: High flow rate detected (Flood risk)
2026-03-06 00:00:00+00:00,6.0,VALID,4976.6776,VALID,23.396448,VALID,Warning,WARN: High flow rate detected (Flood risk)
2026-03-06 01:00:00+00:00,6.0,VALID,5288.1624,VALID,23.445978,VALID,Warning,WARN: High flow rate detected (Flood risk)
2026-03-06 02:00:00+00:00,5.9,VALID,5387.2712,VALID,23.417784000000005,VALID,Warning,WARN: High flow rate detected (Flood risk)
2026-03-06 03:00:00+00:00,5.9,VALID,5082.8656,VALID,23.359872000000003,VALID,Warning,WARN: High flow rate detected (Flood risk)
2026-03-06 04:00:00+00:00,5.8,VALID,4658.1136,VALID,23.367492000000002,VALID,Warning,WARN: High flow rate detected (Flood risk)
2026-03-06 05:00:00+00:00,5.9,VALID,4934.2024,VALID,23.373588,VALID,Warning,WARN: High flow rate detected (Flood risk)
2026-03-06 06:00:00+00:00,5.9,VALID,4445.7376,VALID,23.349204,VALID,Warning,WARN: High flow rate detected (Flood risk)
2026-03-06 07:00:00+00:00,5.9,VALID,4254.5992,VALID,23.353776,VALID,Warning,WARN: High flow rate detected (Flood risk)
2026-03-06 08:00:00+00:00,5.9,VALID,4346.6288,VALID,23.327868000000002,VALID,Warning,WARN: High flow rate detected (Flood risk)
2026-03-06 09:00:00+00:00,5.9,VALID,4197.9656,VALID,23.3172,VALID,Warning,WARN: High flow rate detected (Flood risk)
2026-03-06 10:00:00+00:00,5.9,VALID,4084.6983999999998,VALID,23.296626000000003,VALID,Warning,WARN: High flow rate detected (Flood risk)
2026-03-06 11:00:00+00:00,5.9,VALID,4410.3416,VALID,23.29815,VALID,Warning,WARN: High flow rate detected (Flood risk)
2026-03-06 12:00:00+00:00,5.9,VALID,3461.7288,VALID,23.296626000000003,VALID,Warning,WARN: High flow rate detected (Flood risk)
2026-03-06 13:00:00+00:00,5.9,VALID,3305.9864,VALID,23.35911,VALID,Warning,WARN: High flow rate detected (Flood risk)
2026-03-06 14:00:00+00:00,5.9,VALID,3412.1744,VALID,23.33625,VALID,Warning,WARN: High flow rate detected (Flood risk)
2026-03-06 15:00:00+00:00,5.9,VALID,3334.3032,VALID,23.30958,VALID,Warning,WARN: High flow rate detected (Flood risk)
2026-03-06 16:00:00+00:00,6.0,VALID,3320.1448,VALID,23.300436,VALID,Warning,WARN: High flow rate detected (Flood risk)
2026-03-06 17:00:00+00:00,6.0,VALID,3327.224,VALID,23.326344,VALID,Warning,WARN: High flow rate detected (Flood risk)
2026-03-06 18:00:00+00:00,6.0,VALID,3638.7088,VALID,23.420070000000003,VALID,Warning,WARN: High flow rate detected (Flood risk)
2026-03-06 19:00:00+00:00,6.0,VALID,3879.4016,VALID,23.363682,VALID,Warning,WARN: High flow rate detected (Flood risk)
2026-03-06 20:00:00+00:00,6.0,VALID,3631.6295999999998,VALID,23.380446,VALID,Warning,WARN: High flow rate detected (Flood risk)
2026-03-06 21:00:00+00:00,6.0,VALID,3511.2832,VALID,23.426928,VALID,Warning,WARN: High flow rate detected (Flood risk)
2026-03-06 22:00:00+00:00,6.0,VALID,3751.976,VALID,23.464266000000002,VALID,Warning,WARN: High flow rate detected (Flood risk)
2026-03-06 23:00:00+00:00,6.0,VALID,3872.3224,VALID,23.438358,VALID,Warning,WARN: High flow rate detected (Flood risk)
2026-03-07 00:00:00+00:00,6.1,VALID,3836.9264,VALID,23.500842000000002,VALID,Warning,WARN: High flow rate detected (Flood risk)
2026-03-07 01:00:00+00:00,6.0,VALID,4594.400799999999,VALID,23.571708,VALID,Warning,WARN: High flow rate detected (Flood risk)
2026-03-07 02:00:00+00:00,6.0,VALID,4728.9056,VALID,23.531322,VALID,Warning,WARN: High flow rate detected (Flood risk)
2026-03-07 03:00:00+00:00,6.0,VALID,4028.0647999999997,VALID,23.491698,VALID,Warning,WARN: High flow rate detected (Flood risk)
2026-03-07 04:00:00+00:00,6.0,VALID,3865.2432,VALID,23.490174,VALID,Warning,WARN: High flow rate detected (Flood risk)
2026-03-07 05:00:00+00:00,6.0,VALID,4382.0248,VALID,23.521416000000002,VALID,Warning,WARN: High flow rate detected (Flood risk)
2026-03-07 06:00:00+00:00,6.0,VALID,4275.8368,VALID,23.528274,VALID,Warning,WARN: High flow rate detected (Flood risk)
2026-03-07 07:00:00+00:00,6.0,VALID,3497.1247999999996,VALID,23.520654,VALID,Warning,WARN: High flow rate detected (Flood risk)
2026-03-07 08:00:00+00:00,6.0,VALID,3327.224,VALID,23.484078000000004,VALID,Warning,WARN: High flow rate detected (Flood risk)
2026-03-07 09:00:00+00:00,6.0,VALID,3305.9864000000002,VALID,23.466552,VALID,Warning,WARN: High flow rate detected (Flood risk)
2026-03-07 10:00:00+00:00,6.0,VALID,3228.1152,VALID,23.541228,VALID,Warning,WARN: High flow rate detected (Flood risk)
2026-03-07 11:00:00+00:00,6.0,VALID,3751.976,VALID,23.586186,VALID,Warning,WARN: High flow rate detected (Flood risk)
2026-03-07 12:00:00+00:00,6.0,VALID,4261.6784,VALID,23.560278,VALID,Warning,WARN: High flow rate detected (Flood risk)
2026-03-07 13:00:00+00:00,6.0,VALID,4417.4208,VALID,23.59533,VALID,Warning,WARN: High flow rate detected (Flood risk)
2026-03-07 14:00:00+00:00,6.0,VALID,3213.9568,VALID,23.660862,VALID,Warning,WARN: High flow rate detected (Flood risk)
2026-03-07 15:00:00+00:00,6.0,VALID,2919.46208,VALID,23.673054,VALID,Warning,WARN: High flow rate detected (Flood risk)
2026-03-07 16:00:00+00:00,6.1,VALID,3270.5904,VALID,23.573994000000003,VALID,Warning,WARN: High flow rate detected (Flood risk)
2026-03-07 17:00:00+00:00,6.1,VALID,4502.3712,VALID,23.555706,VALID,Warning,WARN: High flow rate detected (Flood risk)
2026-03-07 18:00:00+00:00,6.1,VALID,4254.599200000001,VALID,23.569422,VALID,Warning,WARN: High flow rate detected (Flood risk)
2026-03-07 19:00:00+00:00,6.2,VALID,4898.8063999999995,VALID,23.593044000000003,VALID,Warning,WARN: High flow rate detected (Flood risk)
2026-03-07 20:00:00+00:00,6.3,VALID,4870.4896,VALID,23.554944,VALID,Warning,WARN: High flow rate detected (Flood risk)
2026-03-07 21:00:00+00:00,6.3,VALID,4665.1928,VALID,23.561040000000002,VALID,Warning,WARN: High flow rate detected (Flood risk)
2026-03-07 22:00:00+00:00,6.4,VALID,4275.8368,VALID,23.551896000000003,VALID,Warning,WARN: High flow rate detected (Flood risk)
2026-03-07 23:00:00+00:00,6.4,VALID,4672.272,VALID,23.547324,VALID,Warning,WARN: High flow rate detected (Flood risk)
2026-03-08 00:00:00+00:00,6.4,VALID,4920.044,VALID,23.578566000000002,VALID,Warning,WARN: High flow rate detected (Flood risk)
2026-03-08 01:00:00+00:00,6.4,VALID,5139.4992,VALID,23.644098000000003,VALID,Warning,WARN: High flow rate detected (Flood risk)
2026-03-08 02:00:00+00:00,6.4,VALID,5500.5383999999995,VALID,23.634192000000002,VALID,Warning,WARN: High flow rate detected (Flood risk)
2026-03-08 03:00:00+00:00,6.5,VALID,4927.1232,VALID,23.579328,VALID,Warning,WARN: High flow rate detected (Flood risk)
2026-03-08 04:00:00+00:00,6.4,VALID,4792.618399999999,VALID,23.578566000000002,VALID,Warning,WARN: High flow rate detected (Flood risk)
2026-03-08 05:00:00+00:00,6.4,VALID,4693.509599999999,VALID,23.599140000000002,VALID,Warning,WARN: High flow rate detected (Flood risk)
2026-03-08 06:00:00+00:00,6.4,VALID,4240.4408,VALID,23.594568000000002,VALID,Warning,WARN: High flow rate detected (Flood risk)
2026-03-08 07:00:00+00:00,6.4,VALID,3674.1048,VALID,23.56866,VALID,Warning,WARN: High flow rate detected (Flood risk)
2026-03-08 08:00:00+00:00,6.4,VALID,3369.6992,VALID,23.550372000000003,VALID,Warning,WARN: High flow rate detected (Flood risk)
2026-03-08 09:00:00+00:00,6.4,VALID,3221.036,VALID,23.552658,VALID,Warning,WARN: High flow rate detected (Flood risk)
2026-03-08 10:00:00+00:00,6.4,VALID,4516.5296,VALID,23.597616000000002,VALID,Warning,WARN: High flow rate detected (Flood risk)
2026-03-08 11:00:00+00:00,6.4,VALID,3844.0056,VALID,23.623524,VALID,Warning,WARN: High flow rate detected (Flood risk)
2026-03-08 12:00:00+00:00,6.4,VALID,3617.4712,VALID,23.650956,VALID,Warning,WARN: High flow rate detected (Flood risk)
2026-03-08 13:00:00+00:00,6.4,VALID,3674.1048,VALID,23.694390000000002,VALID,Warning,WARN: High flow rate detected (Flood risk)
2026-03-08 14:00:00+00:00,6.4,VALID,4155.4904,VALID,23.676102,VALID,Warning,WARN: High flow rate detected (Flood risk)
2026-03-08 15:00:00+00:00,6.5,VALID,4049.3024,VALID,23.649431999999997,VALID,Warning,WARN: High flow rate detected (Flood risk)
2026-03-08 16:00:00+00:00,6.5,VALID,4247.52,VALID,23.67153,VALID,Warning,WARN: High flow rate detected (Flood risk)
2026-03-08 17:00:00+00:00,6.5,VALID,4417.4208,VALID,23.687532,VALID,Warning,WARN: High flow rate detected (Flood risk)
2026-03-08 18:00:00+00:00,6.5,VALID,4651.0344,VALID,23.683722000000003,VALID,Warning,WARN: High flow rate detected (Flood risk)
2026-03-08 19:00:00+00:00,6.6,VALID,5415.588,VALID,23.695152,VALID,Warning,WARN: High flow rate detected (Flood risk)
2026-03-08 20:00:00+00:00,6.7,VALID,5493.4592,VALID,23.714202,VALID,Warning,WARN: High flow rate detected (Flood risk)
2026-03-08 21:00:00+00:00,6.7,VALID,5316.4792,VALID,23.705820000000003,VALID,Warning,WARN: High flow rate detected (Flood risk)
2026-03-08 22:00:00+00:00,6.7,VALID,4997.9151999999995,VALID,23.691342000000002,VALID,Warning,WARN: High flow rate detected (Flood risk)
2026-03-08 23:00:00+00:00,6.7,VALID,4997.9152,VALID,23.701248,VALID,Warning,WARN: High flow rate detected (Flood risk)
2026-03-09 00:00:00+00:00,6.7,VALID,4700.5887999999995,VALID,23.718774,VALID,Warning,WARN: High flow rate detected (Flood risk)
2026-03-09 01:00:00+00:00,6.6,VALID,4417.4208,VALID,23.724870000000003,VALID,Warning,WARN: High flow rate detected (Flood risk)
2026-03-09 02:00:00+00:00,6.6,VALID,4863.4104,VALID,23.703534,VALID,Warning,WARN: High flow rate detected (Flood risk)
2026-03-09 03:00:00+00:00,6.6,VALID,5082.8656,VALID,23.743158,VALID,Warning,WARN: High flow rate detected (Flood risk)
2026-03-09 04:00:00+00:00,6.6,VALID,5649.2016,VALID,23.779734,VALID,Warning,WARN: High flow rate detected (Flood risk)
2026-03-09 05:00:00+00:00,6.6,VALID,5663.36,VALID,23.785068000000003,VALID,Warning,WARN: High flow rate detected (Flood risk)
2026-03-09 06:00:00+00:00,6.6,VALID,5564.2512,VALID,23.778972000000003,VALID,Warning,WARN: High flow rate detected (Flood risk)
2026-03-09 07:00:00+00:00,6.6,VALID,5507.6176,VALID,23.794974,VALID,Warning,WARN: High flow rate detected (Flood risk)
2026-03-09 08:00:00+00:00,6.5,VALID,5521.776,VALID,23.804118000000003,VALID,Warning,WARN: High flow rate detected (Flood risk)
2026-03-09 09:00:00+00:00,6.5,VALID,5550.0928,VALID,23.788878000000004,VALID,Warning,WARN: High flow rate detected (Flood risk)
2026-03-09 10:00:00+00:00,6.5,VALID,5266.924800000001,VALID,23.77821,VALID,Warning,WARN: High flow rate detected (Flood risk)
2026-03-09 11:00:00+00:00,6.6,VALID,4976.6776,VALID,23.771352,VALID,Warning,WARN: High flow rate detected (Flood risk)
2026-03-09 12:00:00+00:00,6.6,VALID,4643.9552,VALID,23.782782,VALID,Warning,WARN: High flow rate detected (Flood risk)
2026-03-09 13:00:00+00:00,6.6,VALID,4360.7872,VALID,23.799546000000003,VALID,Warning,WARN: High flow rate detected (Flood risk)
2026-03-09 14:00:00+00:00,6.6,VALID,5068.7072,VALID,23.795735999999998,VALID,Warning,WARN: High flow rate detected (Flood risk)
2026-03-09 15:00:00+00:00,6.6,VALID,3865.2432,VALID,23.799546,VALID,Warning,WARN: High flow rate detected (Flood risk)
2026-03-09 16:00:00+00:00,6.6,VALID,4141.332,VALID,23.830788000000002,VALID,Warning,WARN: High flow rate detected (Flood risk)
2026-03-09 17:00:00+00:00,6.6,VALID,4828.0144,VALID,23.8506,VALID,Warning,WARN: High flow rate detected (Flood risk)
2026-03-09 18:00:00+00:00,6.6,VALID,5167.816,VALID,23.861268000000003,VALID,Warning,WARN: High flow rate detected (Flood risk)
2026-03-09 19:00:00+00:00,6.6,VALID,5585.4888,VALID,23.889462,VALID,Warning,WARN: High flow rate detected (Flood risk)
2026-03-09 20:00:00+00:00,6.6,VALID,5160.736800000001,VALID,23.916894,VALID,Warning,WARN: High flow rate detected (Flood risk)
2026-03-09 21:00:00+00:00,6.6,VALID,5266.9248,VALID,23.940516000000002,VALID,Warning,WARN: High flow rate detected (Flood risk)
2026-03-09 22:00:00+00:00,6.6,VALID,4594.400799999999,VALID,23.926038000000002,VALID,Warning,WARN: High flow rate detected (Flood risk)
2026-03-09 23:00:00+00:00,6.6,VALID,4835.0936,VALID,23.937468000000003,VALID,Warning,WARN: High flow rate detected (Flood risk)
2026-03-10 00:00:00+00:00,6.6,VALID,4566.084,VALID,23.944326000000004,VALID,Warning,WARN: High flow rate detected (Flood risk)
2026-03-10 01:00:00+00:00,6.6,VALID,4849.252,VALID,23.970996,VALID,Warning,WARN: High flow rate detected (Flood risk)
2026-03-10 02:00:00+00:00,6.6,VALID,4835.0936,VALID,23.943564000000002,VALID,Warning,WARN: High flow rate detected (Flood risk)
2026-03-10 03:00:00+00:00,6.5,VALID,4544.8464,VALID,23.954994,VALID,Warning,WARN: High flow rate detected (Flood risk)
2026-03-10 04:00:00+00:00,6.5,VALID,4311.2328,VALID,23.861268000000003,VALID,Warning,WARN: High flow rate detected (Flood risk)
2026-03-10 05:00:00+00:00,6.5,VALID,3858.1639999999998,VALID,23.82393,VALID,Warning,WARN: High flow rate detected (Flood risk)
2026-03-10 06:00:00+00:00,6.5,VALID,3390.9368,VALID,23.810976,VALID,Warning,WARN: High flow rate detected (Flood risk)
2026-03-10 07:00:00+00:00,6.5,VALID,3277.6695999999997,VALID,23.790402,VALID,Warning,WARN: High flow rate detected (Flood risk)
2026-03-10 08:00:00+00:00,6.4,VALID,3100.6895999999997,VALID,23.709630000000004,VALID,Warning,WARN: High flow rate detected (Flood risk)
2026-03-10 09:00:00+00:00,6.4,VALID,3235.1944,VALID,23.687532,VALID,Warning,WARN: High flow rate detected (Flood risk)
2026-03-10 10:00:00+00:00,6.4,VALID,3235.1944,VALID,23.655528000000004,VALID,Warning,WARN: High flow rate detected (Flood risk)
2026-03-10 11:00:00+00:00,6.4,VALID,3461.7288,VALID,23.696676,VALID,Warning,WARN: High flow rate detected (Flood risk)
2026-03-10 12:00:00+00:00,6.4,VALID,3440.4912,VALID,23.719536,VALID,Warning,WARN: High flow rate detected (Flood risk)
2026-03-10 13:00:00+00:00,6.4,VALID,3638.7088,VALID,23.740872000000003,VALID,Warning,WARN: High flow rate detected (Flood risk)
2026-03-10 14:00:00+00:00,6.4,VALID,4382.024799999999,VALID,23.736300000000004,VALID,Warning,WARN: High flow rate detected (Flood risk)
2026-03-10 15:00:00+00:00,6.5,VALID,3751.976,VALID,23.746206,VALID,Warning,WARN: High flow rate detected (Flood risk)
2026-03-10 16:00:00+00:00,6.5,VALID,3539.6,VALID,23.752302,VALID,Warning,WARN: High flow rate detected (Flood risk)
2026-03-10 17:00:00+00:00,6.5,VALID,3291.828,VALID,23.746968000000003,VALID,Warning,WARN: High flow rate detected (Flood risk)
2026-03-10 18:00:00+00:00,6.5,VALID,3093.6104,VALID,23.719535999999998,VALID,Warning,WARN: High flow rate detected (Flood risk)
2026-03-10 19:00:00+00:00,6.6,VALID,3468.808,VALID,23.666958,VALID,Warning,WARN: High flow rate detected (Flood risk)
2026-03-10 20:00:00+00:00,6.6,VALID,4084.6984,VALID,23.64486,VALID,Warning,WARN: High flow rate detected (Flood risk)
2026-03-10 21:00:00+00:00,6.6,VALID,4006.8272,VALID,23.634192000000002,VALID,Warning,WARN: High flow rate detected (Flood risk)
2026-03-10 22:00:00+00:00,6.6,VALID,3596.2335999999996,VALID,23.605236,VALID,Warning,WARN: High flow rate detected (Flood risk)
2026-03-10 23:00:00+00:00,6.6,VALID,3836.9264,VALID,23.573994,VALID,Warning,WARN: High flow rate detected (Flood risk)
2026-03-11 00:00:00+00:00,6.6,VALID,3879.4015999999997,VALID,23.603712,VALID,Warning,WARN: High flow rate detected (Flood risk)
2026-03-11 01:00:00+00:00,6.6,VALID,3199.7983999999997,VALID,23.611332,VALID,Warning,WARN: High flow rate detected (Flood risk)
2026-03-11 02:00:00+00:00,6.6,VALID,3313.0656,VALID,23.613618000000002,VALID,Warning,WARN: High flow rate detected (Flood risk)
2026-03-11 03:00:00+00:00,6.5,VALID,4509.4504,VALID,23.611332,VALID,Warning,WARN: High flow rate detected (Flood risk)
2026-03-11 04:00:00+00:00,6.6,VALID,3497.1248,VALID,23.556468000000002,VALID,Warning,WARN: High flow rate detected (Flood risk)
2026-03-11 05:00:00+00:00,6.5,VALID,3164.4024,VALID,23.567136,VALID,Warning,WARN: High flow rate detected (Flood risk)
2026-03-11 06:00:00+00:00,6.6,VALID,2987.4224,VALID,23.577042,VALID,Warning,WARN: High flow rate detected (Flood risk)
2026-03-11 07:00:00+00:00,6.6,VALID,3185.64,VALID,23.588472,VALID,Warning,WARN: High flow rate detected (Flood risk)
2026-03-11 08:00:00+00:00,6.6,VALID,3001.5807999999997,VALID,23.57247,VALID,Warning,WARN: High flow rate detected (Flood risk)
2026-03-11 09:00:00+00:00,6.6,VALID,3022.8184,VALID,23.573232,VALID,Warning,WARN: High flow rate detected (Flood risk)
2026-03-11 10:00:00+00:00,6.6,VALID,2959.1056,VALID,23.567898,VALID,Warning,WARN: High flow rate detected (Flood risk)
2026-03-11 11:00:00+00:00,6.6,VALID,3164.4024,VALID,23.573232,VALID,Warning,WARN: High flow rate detected (Flood risk)
2026-03-11 12:00:00+00:00,6.6,VALID,3143.1648,VALID,23.588472000000003,VALID,Warning,WARN: High flow rate detected (Flood risk)
2026-03-11 13:00:00+00:00,6.6,VALID,3079.452,VALID,23.608284,VALID,Warning,WARN: High flow rate detected (Flood risk)
2026-03-11 14:00:00+00:00,6.6,VALID,3723.6592,VALID,23.611332,VALID,Warning,WARN: High flow rate detected (Flood risk)
2026-03-11 15:00:00+00:00,6.7,VALID,4183.8072,VALID,23.604474000000003,VALID,Warning,WARN: High flow rate detected (Flood risk)
2026-03-11 16:00:00+00:00,6.7,VALID,3936.0352,VALID,23.609046000000003,VALID,Warning,WARN: High flow rate detected (Flood risk)
2026-03-11 17:00:00+00:00,6.7,VALID,3617.4712,VALID,23.617428,VALID,Warning,WARN: High flow rate detected (Flood risk)
2026-03-11 18:00:00+00:00,6.8,VALID,3362.62,VALID,23.628096000000003,VALID,Warning,WARN: High flow rate detected (Flood risk)
2026-03-11 19:00:00+00:00,6.8,VALID,3355.5407999999998,VALID,23.607522000000003,VALID,Warning,WARN: High flow rate detected (Flood risk)
2026-03-11 20:00:00+00:00,6.8,VALID,3107.7688,VALID,23.608284,VALID,Warning,WARN: High flow rate detected (Flood risk)
2026-03-11 21:00:00+00:00,6.8,VALID,3235.1944,VALID,23.617428,VALID,Warning,WARN: High flow rate detected (Flood risk)
2026-03-11 22:00:00+00:00,6.8,VALID,3228.1151999999997,VALID,23.615142,VALID,Warning,WARN: High flow rate detected (Flood risk)
2026-03-11 23:00:00+00:00,6.8,VALID,3164.4024,VALID,23.603712,VALID,Warning,WARN: High flow rate detected (Flood risk)
2026-03-12 00:00:00+00:00,6.8,VALID,3129.0064,VALID,23.636478,VALID,Warning,WARN: High flow rate detected (Flood risk)
2026-03-12 01:00:00+00:00,6.8,VALID,3129.0064,VALID,23.615904,VALID,Warning,WARN: High flow rate detected (Flood risk)
2026-03-12 02:00:00+00:00,6.8,VALID,3228.1151999999997,VALID,23.584662,VALID,Warning,WARN: High flow rate detected (Flood risk)
2026-03-12 03:00:00+00:00,6.8,VALID,3235.1944,VALID,23.560278,VALID,Warning,WARN: High flow rate detected (Flood risk)
2026-03-12 04:00:00+00:00,6.8,VALID,3362.62,VALID,23.563326,VALID,Warning,WARN: High flow rate detected (Flood risk)
2026-03-12 05:00:00+00:00,6.8,VALID,3716.58,VALID,23.53818,VALID,Warning,WARN: High flow rate detected (Flood risk)
2026-03-12 06:00:00+00:00,6.8,VALID,5111.1824,VALID,23.520654,VALID,Warning,WARN: High flow rate detected (Flood risk)
2026-03-12 07:00:00+00:00,6.8,VALID,4459.896,VALID,23.494746,VALID,Warning,WARN: High flow rate detected (Flood risk)
2026-03-12 08:00:00+00:00,6.8,VALID,4155.4904,VALID,23.490174,VALID,Warning,WARN: High flow rate detected (Flood risk)
2026-03-12 09:00:00+00:00,6.8,VALID,3751.9759999999997,VALID,23.478744000000003,VALID,Warning,WARN: High flow rate detected (Flood risk)
2026-03-12 10:00:00+00:00,6.8,VALID,4353.708,VALID,23.465790000000005,VALID,Warning,WARN: High flow rate detected (Flood risk)
2026-03-12 11:00:00+00:00,6.8,VALID,4212.124,VALID,23.4696,VALID,Warning,WARN: High flow rate detected (Flood risk)
2026-03-12 12:00:00+00:00,6.9,VALID,4261.6784,VALID,23.484840000000002,VALID,Warning,WARN: High flow rate detected (Flood risk)
2026-03-12 13:00:00+00:00,6.9,VALID,3928.956,VALID,23.476458,VALID,Warning,WARN: High flow rate detected (Flood risk)
2026-03-12 14:00:00+00:00,6.9,VALID,5543.0136,VALID,23.514558,VALID,Warning,WARN: High flow rate detected (Flood risk)
2026-03-12 15:00:00+00:00,6.9,VALID,5259.8456,VALID,23.521416000000002,VALID,Warning,WARN: High flow rate detected (Flood risk)
2026-03-12 16:00:00+00:00,7.0,VALID,5132.42,VALID,23.529798,VALID,Warning,WARN: High flow rate detected (Flood risk)
2026-03-12 17:00:00+00:00,7.0,VALID,4679.3512,VALID,23.55723,VALID,Warning,WARN: High flow rate detected (Flood risk)
2026-03-12 18:00:00+00:00,7.0,VALID,4700.5887999999995,VALID,23.538180000000004,VALID,Warning,WARN: High flow rate detected (Flood risk)
2026-03-12 19:00:00+00:00,7.0,VALID,5097.023999999999,VALID,23.546562,VALID,Warning,WARN: High flow rate detected (Flood risk)
2026-03-12 20:00:00+00:00,7.1,VALID,5429.7464,VALID,23.555706,VALID,Warning,WARN: High flow rate detected (Flood risk)
2026-03-12 21:00:00+00:00,7.1,VALID,5380.192,VALID,23.56485,VALID,Warning,WARN: High flow rate detected (Flood risk)
2026-03-12 22:00:00+00:00,7.1,VALID,5500.5383999999995,VALID,23.551134,VALID,Warning,WARN: High flow rate detected (Flood risk)
2026-03-12 23:00:00+00:00,7.1,VALID,5804.9439999999995,VALID,23.638764000000002,VALID,Warning,WARN: High flow rate detected (Flood risk)
2026-03-13 00:00:00+00:00,7.1,VALID,6236.7752,VALID,23.684484,VALID,Warning,WARN: High flow rate detected (Flood risk)
2026-03-13 01:00:00+00:00,7.1,VALID,5578.4096,VALID,23.699724,VALID,Warning,WARN: High flow rate detected (Flood risk)
2026-03-13 02:00:00+00:00,7.1,VALID,5635.0432,VALID,23.683722000000003,VALID,Warning,WARN: High flow rate detected (Flood risk)
2026-03-13 03:00:00+00:00,7.1,VALID,5351.8752,VALID,23.716488,VALID,Warning,WARN: High flow rate detected (Flood risk)
2026-03-13 04:00:00+00:00,7.1,VALID,4920.044,VALID,23.730966000000002,VALID,Warning,WARN: High flow rate detected (Flood risk)
2026-03-13 05:00:00+00:00,7.1,VALID,4495.292,VALID,23.746206,VALID,Warning,WARN: High flow rate detected (Flood risk)
2026-03-13 06:00:00+00:00,7.1,VALID,4183.8072,VALID,23.754588000000002,VALID,Warning,WARN: High flow rate detected (Flood risk)
2026-03-13 07:00:00+00:00,7.1,VALID,4120.0944,VALID,23.791164000000002,VALID,Warning,WARN: High flow rate detected (Flood risk)
2026-03-13 08:00:00+00:00,7.1,VALID,4254.5992,VALID,23.759922,VALID,Warning,WARN: High flow rate detected (Flood risk)
2026-03-13 09:00:00+00:00,7.1,VALID,4127.1736,VALID,23.74773,VALID,Warning,WARN: High flow rate detected (Flood risk)
2026-03-13 10:00:00+00:00,7.1,VALID,4346.6287999999995,VALID,23.768304,VALID,Warning,WARN: High flow rate detected (Flood risk)
2026-03-13 11:00:00+00:00,7.2,VALID,4098.8568,VALID,23.767542000000002,VALID,Warning,WARN: High flow rate detected (Flood risk)
2026-03-13 12:00:00+00:00,7.2,VALID,4297.0743999999995,VALID,23.750778,VALID,Warning,WARN: High flow rate detected (Flood risk)
2026-03-13 13:00:00+00:00,7.2,VALID,4537.7672,VALID,23.773638000000002,VALID,Warning,WARN: High flow rate detected (Flood risk)
2026-03-13 14:00:00+00:00,7.2,VALID,5266.9248,VALID,23.77821,VALID,Warning,WARN: High flow rate detected (Flood risk)
2026-03-13 15:00:00+00:00,7.2,VALID,5684.5976,VALID,23.760684,VALID,Warning,WARN: High flow rate detected (Flood risk)
2026-03-13 16:00:00+00:00,7.2,VALID,5323.5584,VALID,23.762208,VALID,Warning,WARN: High flow rate detected (Flood risk)
2026-03-13 17:00:00+00:00,7.3,VALID,5918.2112,VALID,23.767542000000002,VALID,Warning,WARN: High flow rate detected (Flood risk)
2026-03-13 18:00:00+00:00,7.3,VALID,6010.2408,VALID,23.772876,VALID,Warning,WARN: High flow rate detected (Flood risk)
2026-03-13 19:00:00+00:00,7.3,VALID,5981.924,VALID,23.772114000000002,VALID,Warning,WARN: High flow rate detected (Flood risk)
2026-03-13 20:00:00+00:00,7.3,VALID,6102.270399999999,VALID,23.771352,VALID,Warning,WARN: High flow rate detected (Flood risk)
2026-03-13 21:00:00+00:00,7.4,VALID,6081.0328,VALID,23.752302,VALID,Warning,WARN: High flow rate detected (Flood risk)
2026-03-13 22:00:00+00:00,7.4,VALID,6222.6168,VALID,23.724870000000003,VALID,Warning,WARN: High flow rate detected (Flood risk)
2026-03-13 23:00:00+00:00,7.4,VALID,6109.3496,VALID,23.744682,VALID,Warning,WARN: High flow rate detected (Flood risk)
2026-03-14 00:00:00+00:00,7.4,VALID,5797.8648,VALID,23.753064000000002,VALID,Warning,WARN: High flow rate detected (Flood risk)
2026-03-14 01:00:00+00:00,7.4,VALID,5996.0824,VALID,23.739348000000003,VALID,Warning,WARN: High flow rate detected (Flood risk)
2026-03-14 02:00:00+00:00,7.4,VALID,5953.6072,VALID,23.722584,VALID,Warning,WARN: High flow rate detected (Flood risk)
2026-03-14 03:00:00+00:00,7.4,VALID,5465.1424,VALID,23.68296,VALID,Warning,WARN: High flow rate detected (Flood risk)
2026-03-14 04:00:00+00:00,7.4,VALID,5358.9544000000005,VALID,23.661624000000003,VALID,Warning,WARN: High flow rate detected (Flood risk)
2026-03-14 05:00:00+00:00,7.4,VALID,5075.7864,VALID,23.654004,VALID,Warning,WARN: High flow rate detected (Flood risk)
2026-03-14 06:00:00+00:00,7.4,VALID,5358.9544,VALID,23.639526,VALID,Warning,WARN: High flow rate detected (Flood risk)
2026-03-14 07:00:00+00:00,7.4,VALID,5358.9544000000005,VALID,23.667720000000003,VALID,Warning,WARN: High flow rate detected (Flood risk)
2026-03-14 08:00:00+00:00,7.4,VALID,5408.5088,VALID,23.708106,VALID,Warning,WARN: High flow rate detected (Flood risk)
2026-03-14 09:00:00+00:00,7.5,VALID,6208.4583999999995,VALID,23.746968000000003,VALID,Warning,WARN: High flow rate detected (Flood risk)
2026-03-14 10:00:00+00:00,7.5,VALID,6604.893599999999,VALID,23.78583,VALID,Warning,WARN: High flow rate detected (Flood risk)
2026-03-14 11:00:00+00:00,7.5,VALID,6031.4784,VALID,23.810976000000004,VALID,Warning,WARN: High flow rate detected (Flood risk)
2026-03-14 12:00:00+00:00,7.5,VALID,6081.0328,VALID,23.865840000000002,VALID,Warning,WARN: High flow rate detected (Flood risk)
2026-03-14 13:00:00+00:00,7.5,VALID,6088.112,VALID,23.93823,VALID,Warning,WARN: High flow rate detected (Flood risk)
2026-03-14 14:00:00+00:00,7.5,VALID,6279.2504,VALID,23.944326,VALID,Warning,WARN: High flow rate detected (Flood risk)
2026-03-14 15:00:00+00:00,7.5,VALID,6626.1312,VALID,23.935182,VALID,Warning,WARN: High flow rate detected (Flood risk)
2026-03-14 16:00:00+00:00,7.4,VALID,6817.2696,VALID,23.910798,VALID,Warning,WARN: High flow rate detected (Flood risk)
2026-03-14 17:00:00+00:00,7.4,VALID,6392.5176,VALID,23.903178,VALID,Warning,WARN: High flow rate detected (Flood risk)
2026-03-14 18:00:00+00:00,7.4,VALID,6576.5768,VALID,23.90013,VALID,Warning,WARN: High flow rate detected (Flood risk)
2026-03-14 19:00:00+00:00,7.4,VALID,6576.5768,VALID,23.90775,VALID,Warning,WARN: High flow rate detected (Flood risk)
2026-03-14 20:00:00+00:00,7.4,VALID,6611.9728,VALID,23.912322000000003,VALID,Warning,WARN: High flow rate detected (Flood risk)
2026-03-14 21:00:00+00:00,7.4,VALID,6817.2696,VALID,23.887938000000002,VALID,Warning,WARN: High flow rate detected (Flood risk)
2026-03-14 22:00:00+00:00,7.4,VALID,6654.448,VALID,23.881842,VALID,Warning,WARN: High flow rate detected (Flood risk)
2026-03-14 23:00:00+00:00,7.4,VALID,6399.596799999999,VALID,23.868888,VALID,Warning,WARN: High flow rate detected (Flood risk)
2026-03-15 00:00:00+00:00,7.4,VALID,6144.7456,VALID,23.836884,VALID,Warning,WARN: High flow rate detected (Flood risk)
2026-03-15 01:00:00+00:00,7.4,VALID,5719.9936,VALID,23.80488,VALID,Warning,WARN: High flow rate detected (Flood risk)
2026-03-15 02:00:00+00:00,7.4,VALID,5677.5184,VALID,23.7744,VALID,Warning,WARN: High flow rate detected (Flood risk)
2026-03-15 03:00:00+00:00,7.4,VALID,5656.2807999999995,VALID,23.741634,VALID,Warning,WARN: High flow rate detected (Flood risk)
2026-03-15 04:00:00+00:00,7.4,VALID,5896.973599999999,VALID,23.714202,VALID,Warning,WARN: High flow rate detected (Flood risk)
2026-03-15 05:00:00+00:00,7.4,VALID,5854.4984,VALID,23.745444000000003,VALID,Warning,WARN: High flow rate detected (Flood risk)
2026-03-15 06:00:00+00:00,7.3,VALID,5642.1224,VALID,23.757636,VALID,Warning,WARN: High flow rate detected (Flood risk)
2026-03-15 07:00:00+00:00,7.3,VALID,5592.567999999999,VALID,23.743158,VALID,Warning,WARN: High flow rate detected (Flood risk)
2026-03-15 08:00:00+00:00,7.3,VALID,5840.34,VALID,23.727918000000003,VALID,Warning,WARN: High flow rate detected (Flood risk)
2026-03-15 09:00:00+00:00,7.3,VALID,5408.5088,VALID,23.730204,VALID,Warning,WARN: High flow rate detected (Flood risk)
2026-03-15 10:00:00+00:00,7.3,VALID,5323.5584,VALID,23.72106,VALID,Warning,WARN: High flow rate detected (Flood risk)
2026-03-15 11:00:00+00:00,7.3,VALID,5174.8952,VALID,23.713440000000002,VALID,Warning,WARN: High flow rate detected (Flood risk)
2026-03-15 12:00:00+00:00,7.3,VALID,5153.6576000000005,VALID,23.700486,VALID,Warning,WARN: High flow rate detected (Flood risk)
2026-03-15 13:00:00+00:00,7.3,VALID,5146.5784,VALID,23.6982,VALID,Warning,WARN: High flow rate detected (Flood risk)
2026-03-15 14:00:00+00:00,7.3,VALID,5776.6272,VALID,23.685246000000003,VALID,Warning,WARN: High flow rate detected (Flood risk)
2026-03-15 15:00:00+00:00,7.3,VALID,6088.112,VALID,23.705820000000003,VALID,Warning,WARN: High flow rate detected (Flood risk)
2026-03-15 16:00:00+00:00,7.3,VALID,6399.596799999999,VALID,23.72106,VALID,Warning,WARN: High flow rate detected (Flood risk)
2026-03-15 17:00:00+00:00,7.3,VALID,6187.2208,VALID,23.699724000000003,VALID,Warning,WARN: High flow rate detected (Flood risk)
2026-03-15 18:00:00+00:00,7.3,VALID,6144.7456,VALID,23.692104,VALID,Warning,WARN: High flow rate detected (Flood risk)
2026-03-15 19:00:00+00:00,7.3,VALID,6215.5376,VALID,23.686008,VALID,Warning,WARN: High flow rate detected (Flood risk)
2026-03-15 20:00:00+00:00,7.3,VALID,6307.5672,VALID,23.682198,VALID,Warning,WARN: High flow rate detected (Flood risk)
2026-03-15 21:00:00+00:00,7.3,VALID,6010.2408,VALID,23.682198,VALID,Warning,WARN: High flow rate detected (Flood risk)
2026-03-15 22:00:00+00:00,7.3,VALID,6045.6368,VALID,23.72106,VALID,Warning,WARN: High flow rate detected (Flood risk)
2026-03-15 23:00:00+00:00,7.3,VALID,6774.7944,VALID,23.759922000000003,VALID,Warning,WARN: High flow rate detected (Flood risk)
2026-03-16 00:00:00+00:00,7.3,VALID,6873.9032,VALID,23.77821,VALID,Warning,WARN: High flow rate detected (Flood risk)
2026-03-16 01:00:00+00:00,7.3,VALID,7065.0416000000005,VALID,23.800308,VALID,Warning,WARN: High flow rate detected (Flood risk)
2026-03-16 02:00:00+00:00,7.4,VALID,7086.2792,VALID,23.804118000000003,VALID,Warning,WARN: High flow rate detected (Flood risk)
2026-03-16 03:00:00+00:00,7.4,VALID,6760.636,VALID,23.823168000000003,VALID,Warning,WARN: High flow rate detected (Flood risk)
2026-03-16 04:00:00+00:00,7.4,VALID,6796.032,VALID,23.83155,VALID,Warning,WARN: High flow rate detected (Flood risk)
2026-03-16 05:00:00+00:00,7.4,VALID,6888.0616,VALID,23.86203,VALID,Warning,WARN: High flow rate detected (Flood risk)
2026-03-16 06:00:00+00:00,7.4,VALID,6562.4184,VALID,23.849076,VALID,Warning,WARN: High flow rate detected (Flood risk)
2026-03-16 07:00:00+00:00,7.4,VALID,6364.2008,VALID,23.839170000000003,VALID,Warning,WARN: High flow rate detected (Flood risk)
2026-03-16 08:00:00+00:00,7.5,VALID,6250.9336,VALID,23.836122,VALID,Warning,WARN: High flow rate detected (Flood risk)
2026-03-16 09:00:00+00:00,7.5,VALID,6137.6664,VALID,23.856696,VALID,Warning,WARN: High flow rate detected (Flood risk)
2026-03-16 10:00:00+00:00,7.5,VALID,6073.9536,VALID,23.868888,VALID,Warning,WARN: High flow rate detected (Flood risk)
2026-03-16 11:00:00+00:00,7.5,VALID,5996.0824,VALID,23.883366000000002,VALID,Warning,WARN: High flow rate detected (Flood risk)
2026-03-16 12:00:00+00:00,7.5,VALID,6031.4784,VALID,23.905464000000002,VALID,Warning,WARN: High flow rate detected (Flood risk)
2026-03-16 13:00:00+00:00,7.5,VALID,6003.161599999999,VALID,23.925276,VALID,Warning,WARN: High flow rate detected (Flood risk)
2026-03-16 14:00:00+00:00,7.5,VALID,5861.5776000000005,VALID,23.936706,VALID,Warning,WARN: High flow rate detected (Flood risk)
2026-03-16 15:00:00+00:00,7.4,VALID,5790.7856,VALID,23.878794,VALID,Warning,WARN: High flow rate detected (Flood risk)
2026-03-16 16:00:00+00:00,7.4,VALID,5514.6968,VALID,23.79345,VALID,Warning,WARN: High flow rate detected (Flood risk)
2026-03-16 17:00:00+00:00,7.4,VALID,4976.6776,VALID,23.765256,VALID,Warning,WARN: High flow rate detected (Flood risk)
2026-03-16 18:00:00+00:00,7.4,VALID,4856.3312,VALID,23.756874,VALID,Warning,WARN: High flow rate detected (Flood risk)
2026-03-16 19:00:00+00:00,7.4,VALID,4743.064,VALID,23.752302,VALID,Warning,WARN: High flow rate detected (Flood risk)
2026-03-16 20:00:00+00:00,7.5,VALID,4643.9552,VALID,23.750778,VALID,Warning,WARN: High flow rate detected (Flood risk)
2026-03-16 21:00:00+00:00,7.5,VALID,4806.7768,VALID,23.74392,VALID,Warning,WARN: High flow rate detected (Flood risk)
2026-03-16 22:00:00+00:00,7.5,VALID,4587.3216,VALID,23.740872000000003,VALID,Warning,WARN: High flow rate detected (Flood risk)
2026-03-16 23:00:00+00:00,7.5,VALID,4424.5,VALID,23.741634,VALID,Warning,WARN: High flow rate detected (Flood risk)
2026-03-17 00:00:00+00:00,7.6,VALID,4658.1136,VALID,23.74773,VALID,Warning,WARN: High flow rate detected (Flood risk)
2026-03-17 01:00:00+00:00,7.6,VALID,6151.8248,VALID,23.757636,VALID,Warning,WARN: High flow rate detected (Flood risk)
2026-03-17 02:00:00+00:00,7.6,VALID,5967.7656,VALID,23.7363,VALID,Warning,WARN: High flow rate detected (Flood risk)
2026-03-17 03:00:00+00:00,7.6,VALID,5295.241599999999,VALID,23.721822000000003,VALID,Warning,WARN: High flow rate detected (Flood risk)
2026-03-17 04:00:00+00:00,7.6,VALID,4636.876,VALID,23.70963,VALID,Warning,WARN: High flow rate detected (Flood risk)
2026-03-17 05:00:00+00:00,7.6,VALID,4530.688,VALID,23.669244,VALID,Warning,WARN: High flow rate detected (Flood risk)
2026-03-17 06:00:00+00:00,7.6,VALID,4226.2824,VALID,23.600664000000002,VALID,Warning,WARN: High flow rate detected (Flood risk)
2026-03-17 07:00:00+00:00,7.5,VALID,4466.9752,VALID,23.559516000000002,VALID,Warning,WARN: High flow rate detected (Flood risk)
2026-03-17 08:00:00+00:00,7.5,VALID,4573.1632,VALID,23.522940000000002,VALID,Warning,WARN: High flow rate detected (Flood risk)
2026-03-17 09:00:00+00:00,7.5,VALID,4247.52,VALID,23.533608,VALID,Warning,WARN: High flow rate detected (Flood risk)
2026-03-17 10:00:00+00:00,7.5,VALID,4459.896,VALID,23.519892000000002,VALID,Warning,WARN: High flow rate detected (Flood risk)
2026-03-17 11:00:00+00:00,7.5,VALID,4219.2032,VALID,23.517606,VALID,Warning,WARN: High flow rate detected (Flood risk)
2026-03-17 12:00:00+00:00,7.5,VALID,4339.5496,VALID,23.548086,VALID,Warning,WARN: High flow rate detected (Flood risk)
2026-03-17 13:00:00+00:00,7.5,VALID,4728.9056,VALID,23.584662,VALID,Warning,WARN: High flow rate detected (Flood risk)
2026-03-17 14:00:00+00:00,7.5,VALID,4884.647999999999,VALID,23.584662,VALID,Warning,WARN: High flow rate detected (Flood risk)
2026-03-17 15:00:00+00:00,7.5,VALID,4389.104,VALID,23.493222,VALID,Warning,WARN: High flow rate detected (Flood risk)
2026-03-17 16:00:00+00:00,7.5,VALID,3985.5896,VALID,23.461218000000002,VALID,Warning,WARN: High flow rate detected (Flood risk)
2026-03-17 17:00:00+00:00,7.5,VALID,3744.8968,VALID,23.461218000000002,VALID,Warning,WARN: High flow rate detected (Flood risk)
2026-03-17 18:00:00+00:00,7.6,VALID,3829.8472,VALID,23.459694000000002,VALID,Warning,WARN: High flow rate detected (Flood risk)
2026-03-17 19:00:00+00:00,7.6,VALID,5415.588,VALID,23.449788,VALID,Warning,WARN: High flow rate detected (Flood risk)
2026-03-17 20:00:00+00:00,7.6,VALID,5203.2119999999995,VALID,23.42388,VALID,Warning,WARN: High flow rate detected (Flood risk)
2026-03-17 21:00:00+00:00,7.7,VALID,4346.6288,VALID,23.386542000000002,VALID,Warning,WARN: High flow rate detected (Flood risk)
2026-03-17 22:00:00+00:00,7.7,VALID,4332.4704,VALID,23.337774000000003,VALID,Warning,WARN: High flow rate detected (Flood risk)
2026-03-17 23:00:00+00:00,7.6,VALID,4049.3024,VALID,23.31339,VALID,Warning,WARN: High flow rate detected (Flood risk)
2026-03-18 00:00:00+00:00,7.6,VALID,4658.113600000001,VALID,23.314152,VALID,Warning,WARN: High flow rate detected (Flood risk)
2026-03-18 01:00:00+00:00,7.6,VALID,3844.0056,VALID,23.291292000000002,VALID,Warning,WARN: High flow rate detected (Flood risk)
2026-03-18 02:00:00+00:00,7.6,VALID,3893.56,VALID,23.292816000000002,VALID,Warning,WARN: High flow rate detected (Flood risk)
2026-03-18 03:00:00+00:00,7.6,VALID,4006.8271999999997,VALID,23.299674000000003,VALID,Warning,WARN: High flow rate detected (Flood risk)
2026-03-18 04:00:00+00:00,7.6,VALID,4013.9064,VALID,23.294340000000002,VALID,Warning,WARN: High flow rate detected (Flood risk)
2026-03-18 05:00:00+00:00,7.6,VALID,3886.4808,VALID,23.276052,VALID,Warning,WARN: High flow rate detected (Flood risk)
2026-03-18 06:00:00+00:00,7.6,VALID,3610.392,VALID,23.277576,VALID,Warning,WARN: High flow rate detected (Flood risk)
2026-03-18 07:00:00+00:00,7.5,VALID,3631.6295999999998,VALID,23.261574,VALID,Warning,WARN: High flow rate detected (Flood risk)
2026-03-18 08:00:00+00:00,7.5,VALID,3511.2832,VALID,23.259288,VALID,Warning,WARN: High flow rate detected (Flood risk)
2026-03-18 09:00:00+00:00,7.5,VALID,3574.996,VALID,23.254716000000002,VALID,Warning,WARN: High flow rate detected (Flood risk)
2026-03-18 10:00:00+00:00,7.5,VALID,3574.996,VALID,23.246334,VALID,Warning,WARN: High flow rate detected (Flood risk)
2026-03-18 11:00:00+00:00,7.5,VALID,3667.0256,VALID,23.247096,VALID,Warning,WARN: High flow rate detected (Flood risk)
2026-03-18 12:00:00+00:00,7.5,VALID,3865.2432,VALID,23.24481,VALID,Warning,WARN: High flow rate detected (Flood risk)
2026-03-18 13:00:00+00:00,7.5,VALID,3617.4712,VALID,23.239476,VALID,Warning,WARN: High flow rate detected (Flood risk)
2026-03-18 14:00:00+00:00,7.5,VALID,3596.2336,VALID,23.232618000000002,VALID,Warning,WARN: High flow rate detected (Flood risk)
2026-03-18 15:00:00+00:00,7.5,VALID,3532.5208,VALID,23.231094000000002,VALID,Warning,WARN: High flow rate detected (Flood risk)
2026-03-18 16:00:00+00:00,7.5,VALID,3482.9664,VALID,23.222712,VALID,Warning,WARN: High flow rate detected (Flood risk)
2026-03-18 17:00:00+00:00,7.5,VALID,3560.8376,VALID,23.220426000000003,VALID,Warning,WARN: High flow rate detected (Flood risk)
2026-03-18 18:00:00+00:00,7.6,VALID,3914.7976,VALID,23.231094,VALID,Warning,WARN: High flow rate detected (Flood risk)
2026-03-18 19:00:00+00:00,7.6,VALID,3723.6592,VALID,23.229570000000002,VALID,Warning,WARN: High flow rate detected (Flood risk)
2026-03-18 20:00:00+00:00,7.6,VALID,3674.1048,VALID,23.232618000000002,VALID,Warning,WARN: High flow rate detected (Flood risk)
2026-03-18 21:00:00+00:00,7.6,VALID,4962.519200000001,VALID,23.22195,VALID,Warning,WARN: High flow rate detected (Flood risk)
2026-03-18 22:00:00+00:00,7.6,VALID,5401.4295999999995,VALID,23.208234,VALID,Warning,WARN: High flow rate detected (Flood risk)
2026-03-18 23:00:00+00:00,7.6,VALID,5174.8952,VALID,23.270718000000002,VALID,Warning,WARN: High flow rate detected (Flood risk)
2026-03-19 00:00:00+00:00,7.6,VALID,4856.3312,VALID,23.295102,VALID,Warning,WARN: High flow rate detected (Flood risk)
2026-03-19 01:00:00+00:00,7.6,VALID,4693.5096,VALID,23.292054,VALID,Warning,WARN: High flow rate detected (Flood risk)
2026-03-19 02:00:00+00:00,7.6,VALID,4799.6975999999995,VALID,23.283672000000003,VALID,Warning,WARN: High flow rate detected (Flood risk)
2026-03-19 03:00:00+00:00,7.5,VALID,4693.509599999999,VALID,23.304246000000003,VALID,Warning,WARN: High flow rate detected (Flood risk)
2026-03-19 04:00:00+00:00,7.5,VALID,5181.9744,VALID,23.298912,VALID,Warning,WARN: High flow rate detected (Flood risk)
2026-03-19 05:00:00+00:00,7.5,VALID,4063.4608000000003,VALID,23.267670000000003,VALID,Warning,WARN: High flow rate detected (Flood risk)
2026-03-19 06:00:00+00:00,7.5,VALID,3688.2632,VALID,23.260812,VALID,Warning,WARN: High flow rate detected (Flood risk)
2026-03-19 07:00:00+00:00,7.5,VALID,3759.0552,VALID,23.273004,VALID,Warning,WARN: High flow rate detected (Flood risk)
2026-03-19 08:00:00+00:00,7.4,VALID,3574.996,VALID,23.273766000000002,VALID,Warning,WARN: High flow rate detected (Flood risk)
2026-03-19 09:00:00+00:00,7.4,VALID,3582.0751999999998,VALID,23.259288,VALID,Warning,WARN: High flow rate detected (Flood risk)
2026-03-19 10:00:00+00:00,7.5,VALID,3574.996,VALID,23.260812,VALID,Warning,WARN: High flow rate detected (Flood risk)
2026-03-19 11:00:00+00:00,7.5,VALID,3412.1744,VALID,23.263859999999998,VALID,Warning,WARN: High flow rate detected (Flood risk)
2026-03-19 12:00:00+00:00,7.5,VALID,3659.9464,VALID,23.295102,VALID,Warning,WARN: High flow rate detected (Flood risk)
2026-03-19 13:00:00+00:00,7.5,VALID,3808.6096,VALID,23.311866000000002,VALID,Warning,WARN: High flow rate detected (Flood risk)
2026-03-19 14:00:00+00:00,7.5,VALID,3751.976,VALID,23.311104,VALID,Warning,WARN: High flow rate detected (Flood risk)
2026-03-19 15:00:00+00:00,7.5,VALID,3532.5208000000002,VALID,23.320248,VALID,Warning,WARN: High flow rate detected (Flood risk)
2026-03-19 16:00:00+00:00,7.5,VALID,3560.8376,VALID,23.324058,VALID,Warning,WARN: High flow rate detected (Flood risk)
2026-03-19 17:00:00+00:00,7.5,VALID,3504.2039999999997,VALID,23.33625,VALID,Warning,WARN: High flow rate detected (Flood risk)
2026-03-19 18:00:00+00:00,7.5,VALID,3560.8376,VALID,23.34006,VALID,Warning,WARN: High flow rate detected (Flood risk)
2026-03-19 19:00:00+00:00,7.5,VALID,3518.3624,VALID,23.35911,VALID,Warning,WARN: High flow rate detected (Flood risk)
2026-03-19 20:00:00+00:00,7.6,VALID,3667.0256,VALID,23.369778,VALID,Warning,WARN: High flow rate detected (Flood risk)
2026-03-19 21:00:00+00:00,7.6,VALID,4289.9952,VALID,23.386542,VALID,Warning,WARN: High flow rate detected (Flood risk)
2026-03-19 22:00:00+00:00,7.6,VALID,5656.2808,VALID,23.401782,VALID,Warning,WARN: High flow rate detected (Flood risk)
2026-03-19 23:00:00+00:00,7.6,VALID,6102.270399999999,VALID,23.409402,VALID,Warning,WARN: High flow rate detected (Flood risk)
2026-03-20 00:00:00+00:00,7.6,VALID,6335.884,VALID,23.417784,VALID,Warning,WARN: High flow rate detected (Flood risk)
2026-03-20 01:00:00+00:00,7.6,VALID,5691.6768,VALID,23.407878000000004,VALID,Warning,WARN: High flow rate detected (Flood risk)
2026-03-20 02:00:00+00:00,7.6,VALID,5266.9248,VALID,23.413974,VALID,Warning,WARN: High flow rate detected (Flood risk)
2026-03-20 03:00:00+00:00,7.5,VALID,4127.1736,VALID,23.414736,VALID,Warning,WARN: High flow rate detected (Flood risk)
2026-03-20 04:00:00+00:00,7.5,VALID,4289.995199999999,VALID,23.445978,VALID,Warning,WARN: High flow rate detected (Flood risk)
2026-03-20 05:00:00+00:00,7.5,VALID,4268.7576,VALID,23.36673,VALID,Warning,WARN: High flow rate detected (Flood risk)
2026-03-20 06:00:00+00:00,7.5,VALID,4459.896,VALID,23.345394000000002,VALID,Warning,WARN: High flow rate detected (Flood risk)
2026-03-20 07:00:00+00:00,7.5,VALID,4389.103999999999,VALID,23.3934,VALID,Warning,WARN: High flow rate detected (Flood risk)
2026-03-20 08:00:00+00:00,7.6,VALID,4226.2824,VALID,23.427690000000002,VALID,Warning,WARN: High flow rate detected (Flood risk)
2026-03-20 09:00:00+00:00,7.6,VALID,3596.2336,VALID,23.379684,VALID,Warning,WARN: High flow rate detected (Flood risk)
2026-03-20 10:00:00+00:00,7.5,VALID,3525.4416,VALID,23.34006,VALID,Warning,WARN: High flow rate detected (Flood risk)
2026-03-20 11:00:00+00:00,7.5,VALID,3454.6495999999997,VALID,23.32863,VALID,Warning,WARN: High flow rate detected (Flood risk)
2026-03-20 12:00:00+00:00,7.6,VALID,3433.412,VALID,23.334726000000003,VALID,Warning,WARN: High flow rate detected (Flood risk)
2026-03-20 13:00:00+00:00,7.6,VALID,3582.0752,VALID,23.354538,VALID,Warning,WARN: High flow rate detected (Flood risk)
2026-03-20 14:00:00+00:00,7.6,VALID,3631.6296,VALID,23.335488,VALID,Warning,WARN: High flow rate detected (Flood risk)
2026-03-20 15:00:00+00:00,7.6,VALID,3567.9168,VALID,23.331678,VALID,Warning,WARN: High flow rate detected (Flood risk)
2026-03-20 16:00:00+00:00,7.6,VALID,3539.6,VALID,23.32101,VALID,Warning,WARN: High flow rate detected (Flood risk)
2026-03-20 17:00:00+00:00,7.6,VALID,3518.3624,VALID,23.308818000000002,VALID,Warning,WARN: High flow rate detected (Flood risk)
2026-03-20 18:00:00+00:00,7.7,VALID,4162.5696,VALID,23.313390000000002,VALID,Warning,WARN: High flow rate detected (Flood risk)
2026-03-20 19:00:00+00:00,7.7,VALID,6215.5376,VALID,23.327106,VALID,Warning,WARN: High flow rate detected (Flood risk)
2026-03-20 20:00:00+00:00,7.7,VALID,6661.5272,VALID,23.309580000000004,VALID,Warning,WARN: High flow rate detected (Flood risk)
2026-03-20 21:00:00+00:00,7.7,VALID,6498.705599999999,VALID,23.277576,VALID,Warning,WARN: High flow rate detected (Flood risk)
2026-03-20 22:00:00+00:00,7.7,VALID,6689.844,VALID,23.261574,VALID,Warning,WARN: High flow rate detected (Flood risk)
2026-03-20 23:00:00+00:00,7.8,VALID,6633.2104,VALID,23.253954,VALID,Warning,WARN: High flow rate detected (Flood risk)
2026-03-21 00:00:00+00:00,7.8,VALID,6548.26,VALID,23.257764,VALID,Warning,WARN: High flow rate detected (Flood risk)
2026-03-21 01:00:00+00:00,7.7,VALID,6328.8048,VALID,23.24862,VALID,Warning,WARN: High flow rate detected (Flood risk)
2026-03-21 02:00:00+00:00,7.7,VALID,5889.8944,VALID,23.239476000000003,VALID,Warning,WARN: High flow rate detected (Flood risk)
2026-03-21 03:00:00+00:00,7.7,VALID,5627.964,VALID,23.247858,VALID,Warning,WARN: High flow rate detected (Flood risk)
2026-03-21 04:00:00+00:00,7.7,VALID,4955.4400000000005,VALID,23.244048,VALID,Warning,WARN: High flow rate detected (Flood risk)
2026-03-21 05:00:00+00:00,7.7,VALID,4622.7176,VALID,23.244048,VALID,Warning,WARN: High flow rate detected (Flood risk)
2026-03-21 06:00:00+00:00,7.7,VALID,4367.8664,VALID,23.250906,VALID,Warning,WARN: High flow rate detected (Flood risk)
2026-03-21 07:00:00+00:00,7.7,VALID,4495.2919999999995,VALID,23.253954,VALID,Warning,WARN: High flow rate detected (Flood risk)
2026-03-21 08:00:00+00:00,7.7,VALID,4629.7968,VALID,23.308818,VALID,Warning,WARN: High flow rate detected (Flood risk)
2026-03-21 09:00:00+00:00,7.7,VALID,5925.2904,VALID,23.34768,VALID,Warning,WARN: High flow rate detected (Flood risk)
2026-03-21 10:00:00+00:00,7.8,VALID,6413.7552,VALID,23.390352,VALID,Warning,WARN: High flow rate detected (Flood risk)
2026-03-21 11:00:00+00:00,7.8,VALID,6654.448,VALID,23.4315,VALID,Warning,WARN: High flow rate detected (Flood risk)
2026-03-21 12:00:00+00:00,7.8,VALID,6484.5472,VALID,23.429976,VALID,Warning,WARN: High flow rate detected (Flood risk)
2026-03-21 13:00:00+00:00,7.8,VALID,5295.241599999999,VALID,23.512272000000003,VALID,Warning,WARN: High flow rate detected (Flood risk)
2026-03-21 14:00:00+00:00,7.8,VALID,6633.2104,VALID,23.612094000000003,VALID,Warning,WARN: High flow rate detected (Flood risk)
2026-03-21 15:00:00+00:00,7.8,VALID,6633.2104,VALID,23.672292000000002,VALID,Warning,WARN: High flow rate detected (Flood risk)
2026-03-21 16:00:00+00:00,7.8,VALID,6187.2208,VALID,23.745444000000003,VALID,Warning,WARN: High flow rate detected (Flood risk)
2026-03-21 17:00:00+00:00,7.8,VALID,6944.6952,VALID,23.834598,VALID,Warning,WARN: High flow rate detected (Flood risk)
2026-03-21 18:00:00+00:00,7.8,VALID,7362.3679999999995,VALID,23.90394,VALID,Warning,WARN: High flow rate detected (Flood risk)
2026-03-21 19:00:00+00:00,7.8,VALID,7603.0608,VALID,23.969472,VALID,Warning,WARN: High flow rate detected (Flood risk)
2026-03-21 20:00:00+00:00,7.8,VALID,7659.6944,VALID,23.996142,VALID,Warning,WARN: High flow rate detected (Flood risk)
2026-03-21 21:00:00+00:00,7.8,VALID,7688.0112,VALID,23.978616000000002,VALID,Warning,WARN: High flow rate detected (Flood risk)
2026-03-21 22:00:00+00:00,7.8,VALID,7511.0312,VALID,23.992332,VALID,Warning,WARN: High flow rate detected (Flood risk)
2026-03-21 23:00:00+00:00,7.8,VALID,7595.9816,VALID,24.026622000000003,VALID,Warning,WARN: High flow rate detected (Flood risk)
2026-03-22 00:00:00+00:00,7.8,VALID,7964.1,VALID,24.04491,VALID,Warning,WARN: High flow rate detected (Flood risk)
2026-03-22 01:00:00+00:00,7.8,VALID,7496.8728,VALID,24.003762000000002,VALID,Warning,WARN: High flow rate detected (Flood risk)
2026-03-22 02:00:00+00:00,7.8,VALID,7411.9223999999995,VALID,24.008334,VALID,Warning,WARN: High flow rate detected (Flood risk)
2026-03-22 03:00:00+00:00,7.8,VALID,7454.3976,VALID,24.02205,VALID,Warning,WARN: High flow rate detected (Flood risk)
2026-03-22 04:00:00+00:00,7.8,VALID,7114.5960000000005,VALID,24.02586,VALID,Warning,WARN: High flow rate detected (Flood risk)
2026-03-22 05:00:00+00:00,7.7,VALID,6371.280000000001,VALID,24.034242,VALID,Warning,WARN: High flow rate detected (Flood risk)
2026-03-22 06:00:00+00:00,7.7,VALID,6137.6664,VALID,24.042624,VALID,Warning,WARN: High flow rate detected (Flood risk)
2026-03-22 07:00:00+00:00,7.7,VALID,6562.4184,VALID,24.054054,VALID,Warning,WARN: High flow rate detected (Flood risk)
2026-03-22 08:00:00+00:00,7.7,VALID,5550.0928,VALID,24.051768000000003,VALID,Warning,WARN: High flow rate detected (Flood risk)
2026-03-22 09:00:00+00:00,7.7,VALID,5882.8152,VALID,24.050244,VALID,Warning,WARN: High flow rate detected (Flood risk)
2026-03-22 10:00:00+00:00,7.7,VALID,5599.647199999999,VALID,24.041862000000002,VALID,Warning,WARN: High flow rate detected (Flood risk)
2026-03-22 11:00:00+00:00,7.7,VALID,5082.8656,VALID,24.037290000000002,VALID,Warning,WARN: High flow rate detected (Flood risk)
2026-03-22 12:00:00+00:00,7.7,VALID,5401.4295999999995,VALID,24.038814000000002,VALID,Warning,WARN: High flow rate detected (Flood risk)
2026-03-22 13:00:00+00:00,7.7,VALID,4743.064,VALID,24.039576000000004,VALID,Warning,WARN: High flow rate detected (Flood risk)
2026-03-22 14:00:00+00:00,7.6,VALID,5302.3207999999995,VALID,24.039576,VALID,Warning,WARN: High flow rate detected (Flood risk)
2026-03-22 15:00:00+00:00,7.6,VALID,5408.5088,VALID,24.031956,VALID,Warning,WARN: High flow rate detected (Flood risk)
2026-03-22 16:00:00+00:00,7.6,VALID,4799.6975999999995,VALID,24.034242000000003,VALID,Warning,WARN: High flow rate detected (Flood risk)
2026-03-22 17:00:00+00:00,7.6,VALID,4983.7568,VALID,24.032718000000003,VALID,Warning,WARN: High flow rate detected (Flood risk)
2026-03-22 18:00:00+00:00,7.6,VALID,5054.5488000000005,VALID,24.031194,VALID,Warning,WARN: High flow rate detected (Flood risk)
2026-03-22 19:00:00+00:00,7.6,VALID,5104.1032,VALID,24.027384,VALID,Warning,WARN: High flow rate detected (Flood risk)
2026-03-22 20:00:00+00:00,7.6,VALID,5189.0536,VALID,24.024336,VALID,Warning,WARN: High flow rate detected (Flood risk)
2026-03-22 21:00:00+00:00,7.7,VALID,5196.1328,VALID,24.016716000000002,VALID,Warning,WARN: High flow rate detected (Flood risk)
2026-03-22 22:00:00+00:00,7.7,VALID,5217.3704,VALID,24.019002,VALID,Warning,WARN: High flow rate detected (Flood risk)
2026-03-22 23:00:00+00:00,7.7,VALID,5231.5288,VALID,24.006048,VALID,Warning,WARN: High flow rate detected (Flood risk)
2026-03-23 00:00:00+00:00,7.7,VALID,5040.3904,VALID,24.015192,VALID,Warning,WARN: High flow rate detected (Flood risk)
2026-03-23 01:00:00+00:00,7.7,VALID,5125.3408,VALID,24.019002,VALID,Warning,WARN: High flow rate detected (Flood risk)
2026-03-23 02:00:00+00:00,7.7,VALID,5266.9248,VALID,24.022812000000002,VALID,Warning,WARN: High flow rate detected (Flood risk)
2026-03-23 03:00:00+00:00,7.7,VALID,5337.7168,VALID,24.027384,VALID,Warning,WARN: High flow rate detected (Flood risk)
2026-03-23 04:00:00+00:00,7.7,VALID,5281.0832,VALID,24.022812000000002,VALID,Warning,WARN: High flow rate detected (Flood risk)
2026-03-23 05:00:00+00:00,7.7,VALID,5104.1032000000005,VALID,24.031956,VALID,Warning,WARN: High flow rate detected (Flood risk)
2026-03-23 06:00:00+00:00,7.7,VALID,5252.7664,VALID,24.030432,VALID,Warning,WARN: High flow rate detected (Flood risk)
2026-03-23 07:00:00+00:00,7.7,VALID,5132.42,VALID,24.031956,VALID,Warning,WARN: High flow rate detected (Flood risk)
2026-03-23 08:00:00+00:00,7.8,VALID,5118.2616,VALID,24.035766000000002,VALID,Warning,WARN: High flow rate detected (Flood risk)
2026-03-23 09:00:00+00:00,7.8,VALID,5231.5288,VALID,24.038052000000004,VALID,Warning,WARN: High flow rate detected (Flood risk)
2026-03-23 10:00:00+00:00,7.8,VALID,5429.7464,VALID,24.039576000000004,VALID,Warning,WARN: High flow rate detected (Flood risk)
2026-03-23 11:00:00+00:00,7.8,VALID,5288.1624,VALID,24.040338000000002,VALID,Warning,WARN: High flow rate detected (Flood risk)
2026-03-23 12:00:00+00:00,7.8,VALID,5436.8256,VALID,24.0411,VALID,Warning,WARN: High flow rate detected (Flood risk)
2026-03-23 13:00:00+00:00,7.8,VALID,5387.2712,VALID,24.050244,VALID,Warning,WARN: High flow rate detected (Flood risk)
2026-03-23 14:00:00+00:00,7.8,VALID,4828.0144,VALID,23.996904,VALID,Warning,WARN: High flow rate detected (Flood risk)
2026-03-23 15:00:00+00:00,7.7,VALID,4495.292,VALID,23.855172,VALID,Warning,WARN: High flow rate detected (Flood risk)
2026-03-23 16:00:00+00:00,7.7,VALID,4502.3712,VALID,23.920704,VALID,Warning,WARN: High flow rate detected (Flood risk)
2026-03-23 17:00:00+00:00,7.7,VALID,5012.0736,VALID,23.98395,VALID,Warning,WARN: High flow rate detected (Flood risk)
2026-03-23 18:00:00+00:00,7.7,VALID,4898.8063999999995,VALID,23.980902,VALID,Warning,WARN: High flow rate detected (Flood risk)
2026-03-23 19:00:00+00:00,7.7,VALID,4997.9151999999995,VALID,23.95347,VALID,Warning,WARN: High flow rate detected (Flood risk)
2026-03-23 20:00:00+00:00,7.7,VALID,5040.3904,VALID,23.974806,VALID,Warning,WARN: High flow rate detected (Flood risk)
2026-03-23 21:00:00+00:00,7.8,VALID,5309.4,VALID,23.994618,VALID,Warning,WARN: High flow rate detected (Flood risk)
2026-03-23 22:00:00+00:00,7.8,VALID,5783.7064,VALID,23.997666000000002,VALID,Warning,WARN: High flow rate detected (Flood risk)
2026-03-23 23:00:00+00:00,7.8,VALID,5748.3104,VALID,24.003762000000002,VALID,Warning,WARN: High flow rate detected (Flood risk)
2026-03-24 00:00:00+00:00,7.8,VALID,5543.0136,VALID,24.016716000000002,VALID,Warning,WARN: High flow rate detected (Flood risk)
2026-03-24 01:00:00+00:00,7.8,VALID,5203.2119999999995,VALID,24.011382,VALID,Warning,WARN: High flow rate detected (Flood risk)
2026-03-24 02:00:00+00:00,7.8,VALID,5401.4295999999995,VALID,23.996904,VALID,Warning,WARN: High flow rate detected (Flood risk)
2026-03-24 03:00:00+00:00,7.8,VALID,5493.4592,VALID,24.007572000000003,VALID,Warning,WARN: High flow rate detected (Flood risk)
2026-03-24 04:00:00+00:00,7.8,VALID,5281.0832,VALID,24.012906,VALID,Warning,WARN: High flow rate detected (Flood risk)
2026-03-24 05:00:00+00:00,7.8,VALID,5535.9344,VALID,24.028908,VALID,Warning,WARN: High flow rate detected (Flood risk)
2026-03-24 06:00:00+00:00,7.8,VALID,5351.8752,VALID,24.031194,VALID,Warning,WARN: High flow rate detected (Flood risk)
2026-03-24 07:00:00+00:00,7.8,VALID,5302.3207999999995,VALID,24.051768,VALID,Warning,WARN: High flow rate detected (Flood risk)
2026-03-24 08:00:00+00:00,7.8,VALID,5620.8848,VALID,24.055578,VALID,Warning,WARN: High flow rate detected (Flood risk)
2026-03-24 09:00:00+00:00,7.8,VALID,5167.816,VALID,24.054816000000002,VALID,Warning,WARN: High flow rate detected (Flood risk)
2026-03-24 10:00:00+00:00,7.9,VALID,5231.5288,VALID,24.058626000000004,VALID,Warning,WARN: High flow rate detected (Flood risk)
2026-03-24 11:00:00+00:00,7.9,VALID,5153.6576000000005,VALID,24.06015,VALID,Warning,WARN: High flow rate detected (Flood risk)
2026-03-24 12:00:00+00:00,7.9,VALID,5082.8656,VALID,24.065483999999998,VALID,Warning,WARN: High flow rate detected (Flood risk)
2026-03-24 13:00:00+00:00,7.9,VALID,5210.2912,VALID,24.067008,VALID,Warning,WARN: High flow rate detected (Flood risk)
2026-03-24 14:00:00+00:00,7.9,VALID,4898.8063999999995,VALID,24.07158,VALID,Warning,WARN: High flow rate detected (Flood risk)
2026-03-24 15:00:00+00:00,7.8,VALID,4997.9151999999995,VALID,24.068532,VALID,Warning,WARN: High flow rate detected (Flood risk)
2026-03-24 16:00:00+00:00,7.8,VALID,4863.4104,VALID,24.070818,VALID,Warning,WARN: High flow rate detected (Flood risk)
2026-03-24 17:00:00+00:00,7.8,VALID,4941.2816,VALID,24.081486,VALID,Warning,WARN: High flow rate detected (Flood risk)
2026-03-24 18:00:00+00:00,7.8,VALID,5281.0832,VALID,24.101298,VALID,Warning,WARN: High flow rate detected (Flood risk)
2026-03-24 19:00:00+00:00,7.9,VALID,5146.5784,VALID,24.095964000000002,VALID,Warning,WARN: High flow rate detected (Flood risk)
2026-03-24 20:00:00+00:00,7.8,VALID,5557.172,VALID,24.105108,VALID,Warning,WARN: High flow rate detected (Flood risk)
2026-03-24 21:00:00+00:00,7.8,VALID,6767.7152,VALID,24.108156,VALID,Warning,WARN: High flow rate detected (Flood risk)
2026-03-24 22:00:00+00:00,7.8,VALID,6236.7752,VALID,24.097488000000002,VALID,Warning,WARN: High flow rate detected (Flood risk)
2026-03-24 23:00:00+00:00,7.9,VALID,6873.9032,VALID,24.082248,VALID,Warning,WARN: High flow rate detected (Flood risk)
2026-03-25 00:00:00+00:00,7.9,VALID,7008.407999999999,VALID,24.07158,VALID,Warning,WARN: High flow rate detected (Flood risk)
2026-03-25 01:00:00+00:00,7.8,VALID,6781.8736,VALID,24.064722,VALID,Warning,WARN: High flow rate detected (Flood risk)
2026-03-25 02:00:00+00:00,7.8,VALID,6434.9928,VALID,24.057864000000002,VALID,Warning,WARN: High flow rate detected (Flood risk)
2026-03-25 03:00:00+00:00,7.8,VALID,6718.1608,VALID,24.054054,VALID,Warning,WARN: High flow rate detected (Flood risk)
2026-03-25 04:00:00+00:00,7.9,VALID,7072.1208,VALID,24.042624,VALID,Warning,WARN: High flow rate detected (Flood risk)
2026-03-25 05:00:00+00:00,7.9,VALID,6831.428,VALID,24.051006,VALID,Warning,WARN: High flow rate detected (Flood risk)
2026-03-25 06:00:00+00:00,7.9,VALID,5797.864799999999,VALID,24.047958,VALID,Warning,WARN: High flow rate detected (Flood risk)
2026-03-25 07:00:00+00:00,7.9,VALID,4877.5688,VALID,24.042624,VALID,Warning,WARN: High flow rate detected (Flood risk)
2026-03-25 08:00:00+00:00,7.9,VALID,5450.9839999999995,VALID,24.035004,VALID,Warning,WARN: High flow rate detected (Flood risk)
2026-03-25 09:00:00+00:00,7.9,VALID,5904.0527999999995,VALID,24.041862000000002,VALID,Warning,WARN: High flow rate detected (Flood risk)
2026-03-25 10:00:00+00:00,7.9,VALID,5698.756,VALID,24.035004,VALID,Warning,WARN: High flow rate detected (Flood risk)
2026-03-25 11:00:00+00:00,7.9,VALID,5776.6272,VALID,24.029670000000003,VALID,Warning,WARN: High flow rate detected (Flood risk)
2026-03-25 12:00:00+00:00,7.9,VALID,5967.7656,VALID,24.02586,VALID,Warning,WARN: High flow rate detected (Flood risk)
2026-03-25 13:00:00+00:00,7.9,VALID,6229.696,VALID,24.016716000000002,VALID,Warning,WARN: High flow rate detected (Flood risk)
2026-03-25 14:00:00+00:00,7.9,VALID,5358.9544,VALID,24.003762000000002,VALID,Warning,WARN: High flow rate detected (Flood risk)
2026-03-25 15:00:00+00:00,7.9,VALID,5111.1824,VALID,23.997666,VALID,Warning,WARN: High flow rate detected (Flood risk)
2026-03-25 16:00:00+00:00,7.9,VALID,6505.784799999999,VALID,23.938992,VALID,Warning,WARN: High flow rate detected (Flood risk)
2026-03-25 17:00:00+00:00,7.9,VALID,6973.012000000001,VALID,23.93061,VALID,Warning,WARN: High flow rate detected (Flood risk)
2026-03-25 18:00:00+00:00,8.0,VALID,6704.002399999999,VALID,23.922990000000002,VALID,Warning,WARN: High flow rate detected (Flood risk)
2026-03-25 19:00:00+00:00,8.0,VALID,6937.616,VALID,23.89251,VALID,Warning,WARN: High flow rate detected (Flood risk)
2026-03-25 20:00:00+00:00,8.0,VALID,6852.6656,VALID,23.851362,VALID,Warning,WARN: High flow rate detected (Flood risk)
2026-03-25 21:00:00+00:00,8.1,VALID,6583.656,VALID,23.823168000000003,VALID,Warning,WARN: High flow rate detected (Flood risk)
2026-03-25 22:00:00+00:00,8.1,VALID,6519.9432,VALID,23.818596000000003,VALID,Warning,WARN: High flow rate detected (Flood risk)
2026-03-25 23:00:00+00:00,8.1,VALID,6640.2896,VALID,23.794212,VALID,Warning,WARN: High flow rate detected (Flood risk)
2026-03-26 00:00:00+00:00,8.1,VALID,6958.8536,VALID,23.759922,VALID,Warning,WARN: High flow rate detected (Flood risk)
2026-03-26 01:00:00+00:00,8.1,VALID,6831.428,VALID,23.702772000000003,VALID,Warning,WARN: High flow rate detected (Flood risk)
2026-03-26 02:00:00+00:00,8.1,VALID,6689.844,VALID,23.667720000000003,VALID,Warning,WARN: High flow rate detected (Flood risk)
2026-03-26 03:00:00+00:00,8.0,VALID,6774.7944,VALID,23.631906,VALID,Warning,WARN: High flow rate detected (Flood risk)
2026-03-26 04:00:00+00:00,8.0,VALID,5415.588,VALID,23.596092000000002,VALID,Warning,WARN: High flow rate detected (Flood risk)
2026-03-26 05:00:00+00:00,8.0,VALID,5118.2616,VALID,23.558754,VALID,Warning,WARN: High flow rate detected (Flood risk)
2026-03-26 06:00:00+00:00,8.0,VALID,4530.688,VALID,23.509986,VALID,Warning,WARN: High flow rate detected (Flood risk)
2026-03-26 07:00:00+00:00,8.0,VALID,5174.8952,VALID,23.55723,VALID,Warning,WARN: High flow rate detected (Flood risk)
2026-03-26 08:00:00+00:00,8.0,VALID,5854.4984,VALID,23.567898,VALID,Warning,WARN: High flow rate detected (Flood risk)
2026-03-26 09:00:00+00:00,8.0,VALID,5316.4792,VALID,23.567898,VALID,Warning,WARN: High flow rate detected (Flood risk)
2026-03-26 10:00:00+00:00,8.1,VALID,5316.4792,VALID,23.552658,VALID,Warning,WARN: High flow rate detected (Flood risk)
2026-03-26 11:00:00+00:00,8.0,VALID,5139.4992,VALID,23.583138,VALID,Warning,WARN: High flow rate detected (Flood risk)
2026-03-26 12:00:00+00:00,8.0,VALID,6024.3992,VALID,23.601426000000004,VALID,Warning,WARN: High flow rate detected (Flood risk)
2026-03-26 13:00:00+00:00,8.0,VALID,5578.4096,VALID,23.609046,VALID,Warning,WARN: High flow rate detected (Flood risk)
2026-03-26 14:00:00+00:00,8.0,VALID,5989.0032,VALID,23.61438,VALID,Warning,WARN: High flow rate detected (Flood risk)
2026-03-26 15:00:00+00:00,8.0,VALID,5443.9048,VALID,23.634192000000002,VALID,Warning,WARN: High flow rate detected (Flood risk)
2026-03-26 16:00:00+00:00,8.0,VALID,5111.1824,VALID,23.643336,VALID,Warning,WARN: High flow rate detected (Flood risk)
2026-03-26 17:00:00+00:00,8.0,VALID,5132.42,VALID,23.660862,VALID,Warning,WARN: High flow rate detected (Flood risk)
2026-03-26 18:00:00+00:00,8.0,VALID,5316.4792,VALID,23.668482,VALID,Warning,WARN: High flow rate detected (Flood risk)
2026-03-26 19:00:00+00:00,8.0,VALID,5380.192,VALID,23.683722000000003,VALID,Warning,WARN: High flow rate detected (Flood risk)
2026-03-26 20:00:00+00:00,8.0,VALID,5436.8256,VALID,23.695152,VALID,Warning,WARN: High flow rate detected (Flood risk)
2026-03-26 21:00:00+00:00,8.0,VALID,5705.8351999999995,VALID,23.707344000000003,VALID,Warning,WARN: High flow rate detected (Flood risk)
2026-03-26 22:00:00+00:00,8.0,VALID,5677.5184,VALID,23.725632,VALID,Warning,WARN: High flow rate detected (Flood risk)
2026-03-26 23:00:00+00:00,8.0,VALID,5571.3304,VALID,23.743920000000003,VALID,Warning,WARN: High flow rate detected (Flood risk)
2026-03-27 00:00:00+00:00,8.0,VALID,5557.172,VALID,23.760684,VALID,Warning,WARN: High flow rate detected (Flood risk)
2026-03-27 01:00:00+00:00,8.0,VALID,5146.5784,VALID,23.763732,VALID,Warning,WARN: High flow rate detected (Flood risk)
2026-03-27 02:00:00+00:00,8.0,VALID,5068.707200000001,VALID,23.753064000000002,VALID,Warning,WARN: High flow rate detected (Flood risk)
2026-03-27 03:00:00+00:00,8.0,VALID,5167.816,VALID,23.767542,VALID,Warning,WARN: High flow rate detected (Flood risk)
2026-03-27 04:00:00+00:00,8.0,VALID,5599.647199999999,VALID,23.769828000000004,VALID,Warning,WARN: High flow rate detected (Flood risk)
2026-03-27 05:00:00+00:00,8.0,VALID,5557.172,VALID,23.77821,VALID,Warning,WARN: High flow rate detected (Flood risk)
2026-03-27 06:00:00+00:00,8.0,VALID,5132.42,VALID,23.77821,VALID,Warning,WARN: High flow rate detected (Flood risk)
2026-03-27 07:00:00+00:00,8.1,VALID,5004.9944,VALID,23.79345,VALID,Warning,WARN: High flow rate detected (Flood risk)
2026-03-27 08:00:00+00:00,8.1,VALID,4983.7568,VALID,23.798784,VALID,Warning,WARN: High flow rate detected (Flood risk)
2026-03-27 09:00:00+00:00,8.1,VALID,5288.1624,VALID,23.812500000000004,VALID,Warning,WARN: High flow rate detected (Flood risk)
2026-03-27 10:00:00+00:00,8.1,VALID,5415.588,VALID,23.817834,VALID,Warning,WARN: High flow rate detected (Flood risk)
2026-03-27 11:00:00+00:00,8.1,VALID,5203.2119999999995,VALID,23.826216000000002,VALID,Warning,WARN: High flow rate detected (Flood risk)
2026-03-27 12:00:00+00:00,8.2,VALID,5231.5288,VALID,23.848314,VALID,Warning,WARN: High flow rate detected (Flood risk)
2026-03-27 13:00:00+00:00,8.1,VALID,5387.2712,VALID,23.859744,VALID,Warning,WARN: High flow rate detected (Flood risk)
2026-03-27 14:00:00+00:00,8.1,VALID,5316.4792,VALID,23.866602,VALID,Warning,WARN: High flow rate detected (Flood risk)
2026-03-27 15:00:00+00:00,8.1,VALID,4983.7568,VALID,23.878032,VALID,Warning,WARN: High flow rate detected (Flood risk)
2026-03-27 16:00:00+00:00,8.1,VALID,5068.7072,VALID,23.890986,VALID,Warning,WARN: High flow rate detected (Flood risk)
2026-03-27 17:00:00+00:00,8.1,VALID,4884.648,VALID,23.904702,VALID,Warning,WARN: High flow rate detected (Flood risk)
2026-03-27 18:00:00+00:00,8.1,VALID,4828.0144,VALID,23.927562,VALID,Warning,WARN: High flow rate detected (Flood risk)
2026-03-27 19:00:00+00:00,8.2,VALID,4920.044,VALID,23.951946,VALID,Warning,WARN: High flow rate detected (Flood risk)
2026-03-27 20:00:00+00:00,8.2,VALID,5649.201599999999,VALID,23.984712000000002,VALID,Warning,WARN: High flow rate detected (Flood risk)
2026-03-27 21:00:00+00:00,8.2,VALID,5373.1128,VALID,24.009096000000003,VALID,Warning,WARN: High flow rate detected (Flood risk)
2026-03-27 22:00:00+00:00,8.2,VALID,4920.044,VALID,24.026622,VALID,Warning,WARN: High flow rate detected (Flood risk)
2026-03-27 23:00:00+00:00,8.3,VALID,4757.222400000001,VALID,24.053292000000003,VALID,Warning,WARN: High flow rate detected (Flood risk)
2026-03-28 00:00:00+00:00,8.3,VALID,5160.736800000001,VALID,24.076914000000002,VALID,Warning,WARN: High flow rate detected (Flood risk)
2026-03-28 01:00:00+00:00,8.3,VALID,5125.3408,VALID,24.076152,VALID,Warning,WARN: High flow rate detected (Flood risk)
2026-03-28 02:00:00+00:00,8.3,VALID,5047.4696,VALID,24.092916000000002,VALID,Warning,WARN: High flow rate detected (Flood risk)
2026-03-28 03:00:00+00:00,8.3,VALID,5366.033600000001,VALID,24.102822,VALID,Warning,WARN: High flow rate detected (Flood risk)
2026-03-28 04:00:00+00:00,8.3,VALID,5408.5088,VALID,24.115776000000004,VALID,Warning,WARN: High flow rate detected (Flood risk)
2026-03-28 05:00:00+00:00,8.3,VALID,5238.608,VALID,24.120348,VALID,Warning,WARN: High flow rate detected (Flood risk)
2026-03-28 06:00:00+00:00,8.3,VALID,5266.9248,VALID,24.130254,VALID,Warning,WARN: High flow rate detected (Flood risk)
2026-03-28 07:00:00+00:00,8.4,VALID,5019.1528,VALID,24.143208,VALID,Warning,WARN: High flow rate detected (Flood risk)
2026-03-28 08:00:00+00:00,8.4,VALID,5613.8056,VALID,24.150828,VALID,Warning,WARN: High flow rate detected (Flood risk)
2026-03-28 09:00:00+00:00,8.4,VALID,5528.8552,VALID,24.163782000000005,VALID,Warning,WARN: High flow rate detected (Flood risk)
2026-03-28 10:00:00+00:00,8.4,VALID,5245.6872,VALID,24.18207,VALID,Warning,WARN: High flow rate detected (Flood risk)
2026-03-28 11:00:00+00:00,8.5,VALID,5366.033600000001,VALID,24.189690000000002,VALID,Warning,WARN: High flow rate detected (Flood risk)
2026-03-28 12:00:00+00:00,8.5,VALID,5889.8944,VALID,24.203406,VALID,Warning,WARN: High flow rate detected (Flood risk)
2026-03-28 13:00:00+00:00,8.4,VALID,5918.2112,VALID,24.215598,VALID,Warning,WARN: High flow rate detected (Flood risk)
2026-03-28 14:00:00+00:00,8.4,VALID,5429.7464,VALID,24.229314000000002,VALID,Warning,WARN: High flow rate detected (Flood risk)
2026-03-28 15:00:00+00:00,8.4,VALID,5861.5776,VALID,24.244554,VALID,Warning,WARN: High flow rate detected (Flood risk)
2026-03-28 16:00:00+00:00,8.4,VALID,5366.0336,VALID,24.259794,VALID,Warning,WARN: High flow rate detected (Flood risk)
2026-03-28 17:00:00+00:00,8.4,VALID,5458.0632000000005,VALID,24.285702,VALID,Warning,WARN: High flow rate detected (Flood risk)
2026-03-28 18:00:00+00:00,8.4,VALID,5429.7464,VALID,24.306276,VALID,Warning,WARN: High flow rate detected (Flood risk)
2026-03-28 19:00:00+00:00,8.4,VALID,7093.358399999999,VALID,24.326088000000002,VALID,Warning,WARN: High flow rate detected (Flood risk)
2026-03-28 20:00:00+00:00,8.5,VALID,7043.804,VALID,24.358854,VALID,Warning,WARN: High flow rate detected (Flood risk)
2026-03-28 21:00:00+00:00,8.5,VALID,7503.952,VALID,24.358092000000003,VALID,Warning,WARN: High flow rate detected (Flood risk)
2026-03-28 22:00:00+00:00,8.6,VALID,7829.5952,VALID,24.355806,VALID,Warning,WARN: High flow rate detected (Flood risk)
2026-03-28 23:00:00+00:00,8.6,VALID,7801.2784,VALID,24.346662000000002,VALID,Warning,WARN: High flow rate detected (Flood risk)
2026-03-29 00:00:00+00:00,8.6,VALID,7765.8824,VALID,24.346662000000002,VALID,Warning,WARN: High flow rate detected (Flood risk)
2026-03-29 01:00:00+00:00,8.6,VALID,7659.6944,VALID,24.287226,VALID,Warning,WARN: High flow rate detected (Flood risk)
2026-03-29 02:00:00+00:00,8.6,VALID,6689.844,VALID,24.215598,VALID,Warning,WARN: High flow rate detected (Flood risk)
2026-03-29 03:00:00+00:00,8.6,VALID,6420.8344,VALID,24.188928,VALID,Warning,WARN: High flow rate detected (Flood risk)
2026-03-29 04:00:00+00:00,8.6,VALID,6201.379199999999,VALID,24.170640000000002,VALID,Warning,WARN: High flow rate detected (Flood risk)
2026-03-29 05:00:00+00:00,8.6,VALID,5443.9048,VALID,24.131016000000002,VALID,Warning,WARN: High flow rate detected (Flood risk)
2026-03-29 06:00:00+00:00,8.6,VALID,4990.836,VALID,24.099012000000002,VALID,Warning,WARN: High flow rate detected (Flood risk)
2026-03-29 07:00:00+00:00,8.6,VALID,4835.0936,VALID,24.073104,VALID,Warning,WARN: High flow rate detected (Flood risk)
2026-03-29 08:00:00+00:00,8.6,VALID,4750.1432,VALID,24.035004,VALID,Warning,WARN: High flow rate detected (Flood risk)
2026-03-29 09:00:00+00:00,8.6,VALID,4445.7375999999995,VALID,23.997666,VALID,Warning,WARN: High flow rate detected (Flood risk)
2026-03-29 10:00:00+00:00,8.6,VALID,4495.292,VALID,23.970996,VALID,Warning,WARN: High flow rate detected (Flood risk)
2026-03-29 11:00:00+00:00,8.6,VALID,4240.4408,VALID,23.942802,VALID,Warning,WARN: High flow rate detected (Flood risk)
2026-03-29 12:00:00+00:00,8.6,VALID,4304.1536,VALID,23.929086,VALID,Warning,WARN: High flow rate detected (Flood risk)
2026-03-29 13:00:00+00:00,8.6,VALID,4495.2919999999995,VALID,23.91918,VALID,Warning,WARN: High flow rate detected (Flood risk)
2026-03-29 14:00:00+00:00,8.6,VALID,4856.3312000000005,VALID,23.925276000000004,VALID,Warning,WARN: High flow rate detected (Flood risk)
2026-03-29 15:00:00+00:00,8.6,VALID,4566.084,VALID,23.928324000000003,VALID,Warning,WARN: High flow rate detected (Flood risk)
2026-03-29 16:00:00+00:00,8.5,VALID,4651.0344000000005,VALID,23.927562,VALID,Warning,WARN: High flow rate detected (Flood risk)
2026-03-29 17:00:00+00:00,8.5,VALID,5118.2616,VALID,23.9268,VALID,Warning,WARN: High flow rate detected (Flood risk)
2026-03-29 18:00:00+00:00,8.5,VALID,6831.428,VALID,23.922990000000002,VALID,Warning,WARN: High flow rate detected (Flood risk)
2026-03-29 19:00:00+00:00,8.5,VALID,7249.1008,VALID,23.935182,VALID,Warning,WARN: High flow rate detected (Flood risk)
2026-03-29 20:00:00+00:00,8.5,VALID,7574.744,VALID,23.939754,VALID,Warning,WARN: High flow rate detected (Flood risk)
2026-03-29 21:00:00+00:00,8.5,VALID,7567.6648000000005,VALID,23.932896000000003,VALID,Warning,WARN: High flow rate detected (Flood risk)
2026-03-29 22:00:00+00:00,8.5,VALID,7560.5856,VALID,23.927562,VALID,Warning,WARN: High flow rate detected (Flood risk)
2026-03-29 23:00:00+00:00,8.5,VALID,7433.16,VALID,23.925276,VALID,Warning,WARN: High flow rate detected (Flood risk)
2026-03-30 00:00:00+00:00,8.5,VALID,6980.0912,VALID,23.914608,VALID,Warning,WARN: High flow rate detected (Flood risk)
2026-03-30 01:00:00+00:00,8.4,VALID,6987.1704,VALID,23.908512,VALID,Warning,WARN: High flow rate detected (Flood risk)
2026-03-30 02:00:00+00:00,8.4,VALID,6548.26,VALID,23.900892,VALID,Warning,WARN: High flow rate detected (Flood risk)
2026-03-30 03:00:00+00:00,8.4,VALID,6590.7352,VALID,23.906988000000002,VALID,Warning,WARN: High flow rate detected (Flood risk)
2026-03-30 04:00:00+00:00,8.4,VALID,6675.6856,VALID,23.90775,VALID,Warning,WARN: High flow rate detected (Flood risk)
2026-03-30 05:00:00+00:00,8.4,VALID,6406.6759999999995,VALID,23.880318000000003,VALID,Warning,WARN: High flow rate detected (Flood risk)
2026-03-30 06:00:00+00:00,8.4,VALID,6519.9432,VALID,23.871936,VALID,Warning,WARN: High flow rate detected (Flood risk)
2026-03-30 07:00:00+00:00,8.4,VALID,7114.596,VALID,23.896320000000003,VALID,Warning,WARN: High flow rate detected (Flood risk)
2026-03-30 08:00:00+00:00,8.4,VALID,6803.111199999999,VALID,23.9268,VALID,Warning,WARN: High flow rate detected (Flood risk)
2026-03-30 09:00:00+00:00,8.4,VALID,6434.9928,VALID,23.9268,VALID,Warning,WARN: High flow rate detected (Flood risk)
2026-03-30 10:00:00+00:00,8.4,VALID,6215.5376,VALID,23.935944,VALID,Warning,WARN: High flow rate detected (Flood risk)
2026-03-30 11:00:00+00:00,8.4,VALID,5507.6176,VALID,23.910036,VALID,Warning,WARN: High flow rate detected (Flood risk)
2026-03-30 12:00:00+00:00,8.4,VALID,5174.8952,VALID,23.908512,VALID,Warning,WARN: High flow rate detected (Flood risk)
2026-03-30 13:00:00+00:00,8.4,VALID,4205.0448,VALID,23.909274,VALID,Warning,WARN: High flow rate detected (Flood risk)
2026-03-30 14:00:00+00:00,8.4,VALID,4063.4608,VALID,23.906226,VALID,Warning,WARN: High flow rate detected (Flood risk)
2026-03-30 15:00:00+00:00,8.4,VALID,4134.2528,VALID,23.897844000000003,VALID,Warning,WARN: High flow rate detected (Flood risk)
2026-03-30 16:00:00+00:00,8.4,VALID,4105.936,VALID,23.894796,VALID,Warning,WARN: High flow rate detected (Flood risk)
2026-03-30 17:00:00+00:00,8.4,VALID,3928.956,VALID,23.885652,VALID,Warning,WARN: High flow rate detected (Flood risk)
2026-03-30 18:00:00+00:00,8.4,VALID,3921.8768,VALID,23.87346,VALID,Warning,WARN: High flow rate detected (Flood risk)
2026-03-30 19:00:00+00:00,8.4,VALID,3985.5896000000002,VALID,23.866602,VALID,Warning,WARN: High flow rate detected (Flood risk)
2026-03-30 20:00:00+00:00,8.4,VALID,4318.312,VALID,23.860506,VALID,Warning,WARN: High flow rate detected (Flood risk)
2026-03-30 21:00:00+00:00,8.4,VALID,4750.1432,VALID,23.856696000000003,VALID,Warning,WARN: High flow rate detected (Flood risk)
2026-03-30 22:00:00+00:00,8.4,VALID,4849.2519999999995,VALID,23.871174,VALID,Warning,WARN: High flow rate detected (Flood risk)
2026-03-30 23:00:00+00:00,8.4,VALID,5118.2616,VALID,23.871174,VALID,Warning,WARN: High flow rate detected (Flood risk)
2026-03-31 00:00:00+00:00,8.4,VALID,4948.3608,VALID,23.874984,VALID,Warning,WARN: High flow rate detected (Flood risk)
2026-03-31 01:00:00+00:00,8.4,VALID,4877.5688,VALID,23.875746,VALID,Warning,WARN: High flow rate detected (Flood risk)
2026-03-31 02:00:00+00:00,8.4,VALID,4431.5792,VALID,23.886414000000002,VALID,Warning,WARN: High flow rate detected (Flood risk)
2026-03-31 03:00:00+00:00,8.4,VALID,4084.6984,VALID,23.897844,VALID,Warning,WARN: High flow rate detected (Flood risk)
2026-03-31 04:00:00+00:00,8.4,VALID,4127.1736,VALID,23.89251,VALID,Warning,WARN: High flow rate detected (Flood risk)
2026-03-31 05:00:00+00:00,8.4,VALID,5054.5488,VALID,23.886414000000002,VALID,Warning,WARN: High flow rate detected (Flood risk)
2026-03-31 06:00:00+00:00,8.4,VALID,4495.292,VALID,23.883366000000002,VALID,Warning,WARN: High flow rate detected (Flood risk)
2026-03-31 07:00:00+00:00,8.4,VALID,3978.5104,VALID,23.884890000000002,VALID,Warning,WARN: High flow rate detected (Flood risk)
2026-03-31 08:00:00+00:00,8.4,VALID,4127.1736,VALID,23.888700000000004,VALID,Warning,WARN: High flow rate detected (Flood risk)
2026-03-31 09:00:00+00:00,8.4,VALID,4219.2032,VALID,23.89251,VALID,Warning,WARN: High flow rate detected (Flood risk)
2026-03-31 10:00:00+00:00,8.4,VALID,4141.331999999999,VALID,23.898606,VALID,Warning,WARN: High flow rate detected (Flood risk)
2026-03-31 11:00:00+00:00,8.4,VALID,4084.6984,VALID,23.90775,VALID,Warning,WARN: High flow rate detected (Flood risk)
2026-03-31 12:00:00+00:00,8.4,VALID,4049.3024,VALID,23.916132,VALID,Warning,WARN: High flow rate detected (Flood risk)
2026-03-31 13:00:00+00:00,8.4,VALID,3992.6688,VALID,23.910798,VALID,Warning,WARN: High flow rate detected (Flood risk)
2026-03-31 14:00:00+00:00,8.4,VALID,4070.54,VALID,23.923752,VALID,Warning,WARN: High flow rate detected (Flood risk)
2026-03-31 15:00:00+00:00,8.4,VALID,4148.4112000000005,VALID,23.927562,VALID,Warning,WARN: High flow rate detected (Flood risk)
2026-03-31 16:00:00+00:00,8.4,VALID,4233.3616,VALID,23.927562,VALID,Warning,WARN: High flow rate detected (Flood risk)
2026-03-31 17:00:00+00:00,8.4,VALID,4169.6488,VALID,23.926038000000002,VALID,Warning,WARN: High flow rate detected (Flood risk)
2026-03-31 18:00:00+00:00,8.4,VALID,4197.9655999999995,VALID,23.931372000000003,VALID,Warning,WARN: High flow rate detected (Flood risk)
2026-03-31 19:00:00+00:00,8.4,VALID,4686.4304,VALID,23.931372000000003,VALID,Warning,WARN: High flow rate detected (Flood risk)
2026-03-31 20:00:00+00:00,8.4,VALID,4289.995199999999,VALID,23.929848,VALID,Warning,WARN: High flow rate detected (Flood risk)
2026-03-31 21:00:00+00:00,8.4,VALID,4410.3416,VALID,23.927562,VALID,Warning,WARN: High flow rate detected (Flood risk)
2026-03-31 22:00:00+00:00,8.4,VALID,4608.5592,VALID,23.932896,VALID,Warning,WARN: High flow rate detected (Flood risk)
2026-03-31 23:00:00+00:00,8.4,VALID,4672.272,VALID,23.942040000000002,VALID,Warning,WARN: High flow rate detected (Flood risk)
2026-04-01 00:00:00+00:00,8.4,VALID,4551.9256000000005,VALID,23.951946,VALID,Warning,WARN: High flow rate detected (Flood risk)
2026-04-01 01:00:00+00:00,8.4,VALID,4594.400799999999,VALID,23.951183999999998,VALID,Warning,WARN: High flow rate detected (Flood risk)
2026-04-01 02:00:00+00:00,8.4,VALID,4672.272,VALID,23.94204,VALID,Warning,WARN: High flow rate detected (Flood risk)
2026-04-01 03:00:00+00:00,8.4,VALID,4580.2424,VALID,23.944326,VALID,Warning,WARN: High flow rate detected (Flood risk)
2026-04-01 04:00:00+00:00,8.4,VALID,4077.6192,VALID,23.954994,VALID,Warning,WARN: High flow rate detected (Flood risk)
2026-04-01 05:00:00+00:00,8.4,VALID,4205.0448,VALID,23.951946,VALID,Warning,WARN: High flow rate detected (Flood risk)
2026-04-01 06:00:00+00:00,8.4,VALID,4219.2032,VALID,23.948136,VALID,Warning,WARN: High flow rate detected (Flood risk)
2026-04-01 07:00:00+00:00,8.4,VALID,4466.9752,VALID,23.944326000000004,VALID,Warning,WARN: High flow rate detected (Flood risk)
2026-04-01 08:00:00+00:00,8.4,VALID,4240.4408,VALID,23.944326,VALID,Warning,WARN: High flow rate detected (Flood risk)
2026-04-01 09:00:00+00:00,8.4,VALID,4148.4112000000005,VALID,23.947374000000003,VALID,Warning,WARN: High flow rate detected (Flood risk)
2026-04-01 10:00:00+00:00,8.4,VALID,4566.084,VALID,23.951184,VALID,Warning,WARN: High flow rate detected (Flood risk)
2026-04-01 11:00:00+00:00,8.4,VALID,4374.9456,VALID,23.94966,VALID,Warning,WARN: High flow rate detected (Flood risk)
2026-04-01 12:00:00+00:00,8.4,VALID,4360.7872,VALID,23.952708,VALID,Warning,WARN: High flow rate detected (Flood risk)
2026-04-01 13:00:00+00:00,8.4,VALID,4254.5992,VALID,23.954994,VALID,Warning,WARN: High flow rate detected (Flood risk)
2026-04-01 14:00:00+00:00,8.4,VALID,4509.4504,VALID,23.956518000000003,VALID,Warning,WARN: High flow rate detected (Flood risk)
2026-04-01 15:00:00+00:00,8.4,VALID,4127.1736,VALID,23.961852,VALID,Warning,WARN: High flow rate detected (Flood risk)
2026-04-01 16:00:00+00:00,8.4,VALID,4374.9456,VALID,23.965662000000002,VALID,Warning,WARN: High flow rate detected (Flood risk)
2026-04-01 17:00:00+00:00,8.4,VALID,4389.104,VALID,23.964392,VALID,Warning,WARN: High flow rate detected (Flood risk)
2026-04-01 18:00:00+00:00,8.4,VALID,4127.1736,VALID,23.966424,VALID,Warning,WARN: High flow rate detected (Flood risk)
2026-04-01 19:00:00+00:00,8.4,VALID,4254.599200000001,VALID,23.962614000000002,VALID,Warning,WARN: High flow rate detected (Flood risk)
2026-04-01 20:00:00+00:00,8.4,VALID,4693.5096,VALID,23.963376000000004,VALID,Warning,WARN: High flow rate detected (Flood risk)
2026-04-01 21:00:00+00:00,8.4,VALID,5762.4688,VALID,23.97633,VALID,Warning,WARN: High flow rate detected (Flood risk)
2026-04-01 22:00:00+00:00,8.4,VALID,5054.5488000000005,VALID,23.977854,VALID,Warning,WARN: High flow rate detected (Flood risk)
2026-04-01 23:00:00+00:00,8.4,VALID,5790.7856,VALID,23.988522,VALID,Warning,WARN: High flow rate detected (Flood risk)
2026-04-02 00:00:00+00:00,8.4,VALID,4813.856,VALID,23.989284,VALID,Warning,WARN: High flow rate detected (Flood risk)
2026-04-02 01:00:00+00:00,8.4,VALID,4006.8272,VALID,23.993856,VALID,Warning,WARN: High flow rate detected (Flood risk)
2026-04-02 02:00:00+00:00,8.4,VALID,6307.5671999999995,VALID,23.99919,VALID,Warning,WARN: High flow rate detected (Flood risk)
2026-04-02 03:00:00+00:00,8.4,VALID,6201.3792,VALID,23.992332,VALID,Warning,WARN: High flow rate detected (Flood risk)
2026-04-02 04:00:00+00:00,8.4,VALID,5932.3696,VALID,23.993094,VALID,Warning,WARN: High flow rate detected (Flood risk)
2026-04-02 05:00:00+00:00,8.4,VALID,5712.9144,VALID,24.003,VALID,Warning,WARN: High flow rate detected (Flood risk)
2026-04-02 06:00:00+00:00,8.4,VALID,6328.8048,VALID,23.978616000000002,VALID,Warning,WARN: High flow rate detected (Flood risk)
2026-04-02 07:00:00+00:00,8.4,VALID,6109.3496,VALID,23.967185999999998,VALID,Warning,WARN: High flow rate detected (Flood risk)
2026-04-02 08:00:00+00:00,8.4,VALID,4721.8264,VALID,23.958042000000003,VALID,Warning,WARN: High flow rate detected (Flood risk)
2026-04-02 09:00:00+00:00,8.4,VALID,5415.588,VALID,23.9649,VALID,Warning,WARN: High flow rate detected (Flood risk)
2026-04-02 10:00:00+00:00,8.4,VALID,5295.2416,VALID,23.962614000000002,VALID,Warning,WARN: High flow rate detected (Flood risk)
2026-04-02 11:00:00+00:00,8.4,VALID,5146.5784,VALID,23.966424,VALID,Warning,WARN: High flow rate detected (Flood risk)
2026-04-02 12:00:00+00:00,8.4,VALID,5252.7663999999995,VALID,23.958804,VALID,Warning,WARN: High flow rate detected (Flood risk)
2026-04-02 13:00:00+00:00,8.4,VALID,5295.241599999999,VALID,23.947374,VALID,Warning,WARN: High flow rate detected (Flood risk)
2026-04-02 14:00:00+00:00,8.4,VALID,4452.8168,VALID,23.952708,VALID,Warning,WARN: High flow rate detected (Flood risk)
2026-04-02 15:00:00+00:00,8.4,VALID,4438.6584,VALID,23.965662000000002,VALID,Warning,WARN: High flow rate detected (Flood risk)
2026-04-02 16:00:00+00:00,8.4,VALID,4969.5984,VALID,23.900892000000002,VALID,Warning,WARN: High flow rate detected (Flood risk)
2026-04-02 17:00:00+00:00,8.4,VALID,3667.0256,VALID,23.890224000000003,VALID,Warning,WARN: High flow rate detected (Flood risk)
2026-04-02 18:00:00+00:00,8.4,VALID,5642.1224,VALID,23.939754,VALID,Warning,WARN: High flow rate detected (Flood risk)
2026-04-02 19:00:00+00:00,8.4,VALID,5535.9344,VALID,23.928324,VALID,Warning,WARN: High flow rate detected (Flood risk)
2026-04-02 20:00:00+00:00,8.4,VALID,5663.36,VALID,23.88108,VALID,Warning,WARN: High flow rate detected (Flood risk)
2026-04-02 21:00:00+00:00,8.4,VALID,5833.2608,VALID,23.898606,VALID,Warning,WARN: High flow rate detected (Flood risk)
2026-04-02 22:00:00+00:00,8.5,VALID,5585.4888,VALID,23.915370000000003,VALID,Warning,WARN: High flow rate detected (Flood risk)
2026-04-02 23:00:00+00:00,8.5,VALID,5932.3696,VALID,23.872698,VALID,Warning,WARN: High flow rate detected (Flood risk)
2026-04-03 00:00:00+00:00,8.5,VALID,5642.1224,VALID,23.834598,VALID,Warning,WARN: High flow rate detected (Flood risk)
2026-04-03 01:00:00+00:00,8.5,VALID,5670.4392,VALID,23.836883999999998,VALID,Warning,WARN: High flow rate detected (Flood risk)
2026-04-03 02:00:00+00:00,8.5,VALID,5302.3207999999995,VALID,23.824692000000002,VALID,Warning,WARN: High flow rate detected (Flood risk)
2026-04-03 03:00:00+00:00,8.5,VALID,4877.5688,VALID,23.807928000000004,VALID,Warning,WARN: High flow rate detected (Flood risk)
2026-04-03 04:00:00+00:00,8.5,VALID,4084.6983999999998,VALID,23.795736,VALID,Warning,WARN: High flow rate detected (Flood risk)
2026-04-03 05:00:00+00:00,8.4,VALID,4141.331999999999,VALID,23.802594,VALID,Warning,WARN: High flow rate detected (Flood risk)
2026-04-03 06:00:00+00:00,8.4,VALID,4304.153600000001,VALID,23.793704,VALID,Warning,WARN: High flow rate detected (Flood risk)
2026-04-03 07:00:00+00:00,8.4,VALID,4920.044,VALID,23.791164,VALID,Warning,WARN: High flow rate detected (Flood risk)
2026-04-03 08:00:00+00:00,8.4,VALID,4134.2528,VALID,23.78583,VALID,Warning,WARN: High flow rate detected (Flood risk)
2026-04-03 09:00:00+00:00,8.4,VALID,3780.2927999999997,VALID,23.780496000000003,VALID,Warning,WARN: High flow rate detected (Flood risk)
2026-04-03 10:00:00+00:00,8.4,VALID,3751.9759999999997,VALID,23.779734,VALID,Warning,WARN: High flow rate detected (Flood risk)
2026-04-03 11:00:00+00:00,8.4,VALID,3574.996,VALID,23.777448,VALID,Warning,WARN: High flow rate detected (Flood risk)
2026-04-03 12:00:00+00:00,8.4,VALID,3532.5208,VALID,23.78583,VALID,Warning,WARN: High flow rate detected (Flood risk)
2026-04-03 13:00:00+00:00,8.4,VALID,3858.1639999999998,VALID,23.796498,VALID,Warning,WARN: High flow rate detected (Flood risk)
2026-04-03 14:00:00+00:00,8.4,VALID,3688.2632,VALID,23.781258,VALID,Warning,WARN: High flow rate detected (Flood risk)
2026-04-03 15:00:00+00:00,8.4,VALID,3865.2432,VALID,23.779734,VALID,Warning,WARN: High flow rate detected (Flood risk)
2026-04-03 16:00:00+00:00,8.4,VALID,3928.956,VALID,23.819358,VALID,Warning,WARN: High flow rate detected (Flood risk)
2026-04-03 17:00:00+00:00,8.4,VALID,4254.5992,VALID,23.83536,VALID,Warning,WARN: High flow rate detected (Flood risk)
2026-04-03 18:00:00+00:00,8.5,VALID,4389.103999999999,VALID,23.824692,VALID,Warning,WARN: High flow rate detected (Flood risk)
2026-04-03 19:00:00+00:00,8.5,VALID,4042.2232,VALID,23.852124,VALID,Warning,WARN: High flow rate detected (Flood risk)
2026-04-03 20:00:00+00:00,8.5,VALID,4155.4904,VALID,23.886414000000002,VALID,Warning,WARN: High flow rate detected (Flood risk)
2026-04-03 21:00:00+00:00,8.5,VALID,4233.3616,VALID,23.918418000000003,VALID,Warning,WARN: High flow rate detected (Flood risk)
2026-04-03 22:00:00+00:00,8.5,VALID,4268.7576,VALID,23.938992,VALID,Warning,WARN: High flow rate detected (Flood risk)
2026-04-03 23:00:00+00:00,8.5,VALID,4098.8568,VALID,23.955756,VALID,Warning,WARN: High flow rate detected (Flood risk)
2026-04-04 00:00:00+00:00,8.5,VALID,4212.124,VALID,23.960328,VALID,Warning,WARN: High flow rate detected (Flood risk)
2026-04-04 01:00:00+00:00,8.5,VALID,5019.1528,VALID,23.942802,VALID,Warning,WARN: High flow rate detected (Flood risk)
2026-04-04 02:00:00+00:00,8.5,VALID,4658.113600000001,VALID,23.928324000000003,VALID,Warning,WARN: High flow rate detected (Flood risk)
2026-04-04 03:00:00+00:00,8.5,VALID,4757.2224,VALID,23.927562,VALID,Warning,WARN: High flow rate detected (Flood risk)
2026-04-04 04:00:00+00:00,8.5,VALID,4629.7968,VALID,23.928324000000003,VALID,Warning,WARN: High flow rate detected (Flood risk)
2026-04-04 05:00:00+00:00,8.4,VALID,4091.7776000000003,VALID,23.917656,VALID,Warning,WARN: High flow rate detected (Flood risk)
2026-04-04 06:00:00+00:00,8.4,VALID,3801.5303999999996,VALID,23.910798,VALID,Warning,WARN: High flow rate detected (Flood risk)
2026-04-04 07:00:00+00:00,8.4,VALID,3865.2432,VALID,23.910798,VALID,Warning,WARN: High flow rate detected (Flood risk)
2026-04-04 08:00:00+00:00,8.4,VALID,3936.0352,VALID,23.899368,VALID,Warning,WARN: High flow rate detected (Flood risk)
2026-04-04 09:00:00+00:00,8.4,VALID,3787.372,VALID,23.893272,VALID,Warning,WARN: High flow rate detected (Flood risk)
2026-04-04 10:00:00+00:00,8.4,VALID,4169.6488,VALID,23.884890000000002,VALID,Warning,WARN: High flow rate detected (Flood risk)
2026-04-04 11:00:00+00:00,8.4,VALID,4495.292,VALID,23.875746,VALID,Warning,WARN: High flow rate detected (Flood risk)
2026-04-04 12:00:00+00:00,8.5,VALID,4113.0152,VALID,23.872698,VALID,Warning,WARN: High flow rate detected (Flood risk)
2026-04-04 13:00:00+00:00,8.5,VALID,3723.6592,VALID,23.865078000000004,VALID,Warning,WARN: High flow rate detected (Flood risk)
2026-04-04 14:00:00+00:00,8.5,VALID,3638.7088,VALID,23.855172,VALID,Warning,WARN: High flow rate detected (Flood risk)
2026-04-04 15:00:00+00:00,8.5,VALID,3390.9368,VALID,23.838408,VALID,Warning,WARN: High flow rate detected (Flood risk)
2026-04-04 16:00:00+00:00,8.5,VALID,3801.5303999999996,VALID,23.838408,VALID,Warning,WARN: High flow rate detected (Flood risk)
2026-04-04 17:00:00+00:00,8.5,VALID,3624.5504,VALID,23.831296,VALID,Warning,WARN: High flow rate detected (Flood risk)
2026-04-04 18:00:00+00:00,8.5,VALID,3851.0847999999996,VALID,23.830026,VALID,Warning,WARN: High flow rate detected (Flood risk)
2026-04-04 19:00:00+00:00,8.6,VALID,3886.4808000000003,VALID,23.817072000000003,VALID,Warning,WARN: High flow rate detected (Flood risk)
2026-04-04 20:00:00+00:00,8.6,VALID,4374.9456,VALID,23.812500000000004,VALID,Warning,WARN: High flow rate detected (Flood risk)
2026-04-04 21:00:00+00:00,8.6,VALID,4084.6983999999998,VALID,23.809452,VALID,Warning,WARN: High flow rate detected (Flood risk)
2026-04-04 22:00:00+00:00,8.6,VALID,4063.4608,VALID,23.798784,VALID,Warning,WARN: High flow rate detected (Flood risk)
2026-04-04 23:00:00+00:00,8.7,VALID,4155.4904,VALID,23.795735999999998,VALID,Warning,WARN: High flow rate detected (Flood risk)
2026-04-05 00:00:00+00:00,8.6,VALID,3794.4512,VALID,23.790656,VALID,Warning,WARN: High flow rate detected (Flood risk)
2026-04-05 01:00:00+00:00,8.6,VALID,3589.1544,VALID,23.780496,VALID,Warning,WARN: High flow rate detected (Flood risk)
2026-04-05 02:00:00+00:00,8.6,VALID,3419.2536,VALID,23.775162,VALID,Warning,WARN: High flow rate detected (Flood risk)
2026-04-05 03:00:00+00:00,8.6,VALID,3943.1143999999995,VALID,23.770590000000002,VALID,Warning,WARN: High flow rate detected (Flood risk)
2026-04-05 04:00:00+00:00,8.6,VALID,4042.2232000000004,VALID,23.764494000000003,VALID,Warning,WARN: High flow rate detected (Flood risk)
2026-04-05 05:00:00+00:00,8.6,VALID,3893.56,VALID,23.746206,VALID,Warning,WARN: High flow rate detected (Flood risk)
2026-04-05 06:00:00+00:00,8.6,VALID,3780.2928,VALID,23.745444,VALID,Warning,WARN: High flow rate detected (Flood risk)
2026-04-05 07:00:00+00:00,8.6,VALID,3822.768,VALID,23.742396000000003,VALID,Warning,WARN: High flow rate detected (Flood risk)
2026-04-05 08:00:00+00:00,8.6,VALID,3836.9264,VALID,23.737062,VALID,Warning,WARN: High flow rate detected (Flood risk)
2026-04-05 09:00:00+00:00,8.6,VALID,3702.4216,VALID,23.730204,VALID,Warning,WARN: High flow rate detected (Flood risk)
2026-04-05 10:00:00+00:00,8.6,VALID,3645.788,VALID,23.722583999999998,VALID,Warning,WARN: High flow rate detected (Flood risk)
2026-04-05 11:00:00+00:00,8.6,VALID,3638.7088,VALID,23.718774,VALID,Warning,WARN: High flow rate detected (Flood risk)
2026-04-05 12:00:00+00:00,8.7,VALID,3709.5008,VALID,23.720552,VALID,Warning,WARN: High flow rate detected (Flood risk)
2026-04-05 13:00:00+00:00,8.7,VALID,3766.1344,VALID,23.712678000000004,VALID,Warning,WARN: High flow rate detected (Flood risk)
2026-04-05 14:00:00+00:00,8.7,VALID,3957.2727999999997,VALID,23.703534,VALID,Warning,WARN: High flow rate detected (Flood risk)
2026-04-05 15:00:00+00:00,8.7,VALID,3525.4416,VALID,23.699724000000003,VALID,Warning,WARN: High flow rate detected (Flood risk)
2026-04-05 16:00:00+00:00,8.7,VALID,3716.58,VALID,23.689818000000002,VALID,Warning,WARN: High flow rate detected (Flood risk)
2026-04-05 17:00:00+00:00,8.7,VALID,3574.996,VALID,23.681436,VALID,Warning,WARN: High flow rate detected (Flood risk)
2026-04-05 18:00:00+00:00,8.8,VALID,3475.8872,VALID,23.673816000000002,VALID,Warning,WARN: High flow rate detected (Flood risk)
2026-04-05 19:00:00+00:00,8.8,VALID,3532.5208000000002,VALID,23.670006,VALID,Warning,WARN: High flow rate detected (Flood risk)
2026-04-05 20:00:00+00:00,8.8,VALID,3709.5008,VALID,23.660100000000003,VALID,Warning,WARN: High flow rate detected (Flood risk)
2026-04-05 21:00:00+00:00,8.8,VALID,3844.0056,VALID,23.64867,VALID,Warning,WARN: High flow rate detected (Flood risk)
2026-04-05 22:00:00+00:00,8.8,VALID,4205.0448,VALID,23.628858,VALID,Warning,WARN: High flow rate detected (Flood risk)
2026-04-05 23:00:00+00:00,8.8,VALID,4013.9064,VALID,23.627334,VALID,Warning,WARN: High flow rate detected (Flood risk)
2026-04-06 00:00:00+00:00,8.8,VALID,3560.8376,VALID,23.622762,VALID,Warning,WARN: High flow rate detected (Flood risk)
2026-04-06 01:00:00+00:00,8.8,VALID,3808.6096,VALID,23.611332,VALID,Warning,WARN: High flow rate detected (Flood risk)
2026-04-06 02:00:00+00:00,8.7,VALID,4488.2128,VALID,23.672292000000002,VALID,Warning,WARN: High flow rate detected (Flood risk)
2026-04-06 03:00:00+00:00,8.8,VALID,4410.3416,VALID,23.714964000000002,VALID,Warning,WARN: High flow rate detected (Flood risk)
2026-04-06 04:00:00+00:00,8.8,VALID,4573.1632,VALID,23.725632,VALID,Warning,WARN: High flow rate detected (Flood risk)
2026-04-06 05:00:00+00:00,8.7,VALID,4728.9056,VALID,23.72868,VALID,Warning,WARN: High flow rate detected (Flood risk)
2026-04-06 06:00:00+00:00,8.7,VALID,4424.5,VALID,23.76297,VALID,Warning,WARN: High flow rate detected (Flood risk)
2026-04-06 07:00:00+00:00,8.7,VALID,4254.5992,VALID,23.749254,VALID,Warning,WARN: High flow rate detected (Flood risk)
2026-04-06 08:00:00+00:00,8.8,VALID,3886.4808000000003,VALID,23.742396,VALID,Warning,WARN: High flow rate detected (Flood risk)
2026-04-06 09:00:00+00:00,8.8,VALID,3900.6392,VALID,23.756112,VALID,Warning,WARN: High flow rate detected (Flood risk)
2026-04-06 10:00:00+00:00,8.8,VALID,3794.4512,VALID,23.778972,VALID,Warning,WARN: High flow rate detected (Flood risk)
2026-04-06 11:00:00+00:00,8.8,VALID,3695.3424,VALID,23.78202,VALID,Warning,WARN: High flow rate detected (Flood risk)
2026-04-06 12:00:00+00:00,8.8,VALID,3688.2632,VALID,23.790402,VALID,Warning,WARN: High flow rate detected (Flood risk)
2026-04-06 13:00:00+00:00,8.8,VALID,4035.144,VALID,23.794974000000003,VALID,Warning,WARN: High flow rate detected (Flood risk)
2026-04-06 14:00:00+00:00,8.8,VALID,3702.4216,VALID,23.814786,VALID,Warning,WARN: High flow rate detected (Flood risk)
2026-04-06 15:00:00+00:00,8.8,VALID,3447.5704,VALID,23.79726,VALID,Warning,WARN: High flow rate detected (Flood risk)
2026-04-06 16:00:00+00:00,8.8,VALID,3433.412,VALID,23.783544,VALID,Warning,WARN: High flow rate detected (Flood risk)
2026-04-06 17:00:00+00:00,8.8,VALID,3936.0352000000003,VALID,23.781258,VALID,Warning,WARN: High flow rate detected (Flood risk)
2026-04-06 18:00:00+00:00,8.8,VALID,3730.7384,VALID,23.796498,VALID,Warning,WARN: High flow rate detected (Flood risk)
2026-04-06 19:00:00+00:00,8.9,VALID,3737.8176,VALID,23.788624000000002,VALID,Warning,WARN: High flow rate detected (Flood risk)
2026-04-06 20:00:00+00:00,8.9,VALID,3723.6592,VALID,23.78964,VALID,Warning,WARN: High flow rate detected (Flood risk)
2026-04-06 21:00:00+00:00,8.9,VALID,3858.1639999999998,VALID,23.782020000000003,VALID,Warning,WARN: High flow rate detected (Flood risk)
2026-04-06 22:00:00+00:00,8.9,VALID,4969.5984,VALID,23.791164000000002,VALID,Warning,WARN: High flow rate detected (Flood risk)
2026-04-06 23:00:00+00:00,9.0,VALID,6109.3496,VALID,23.798784,VALID,Warning,WARN: High flow rate detected (Flood risk)
2026-04-07 00:00:00+00:00,8.9,VALID,6222.6168,VALID,23.805642,VALID,Warning,WARN: High flow rate detected (Flood risk)
2026-04-07 01:00:00+00:00,8.9,VALID,5599.647199999999,VALID,23.806404,VALID,Warning,WARN: High flow rate detected (Flood risk)
2026-04-07 02:00:00+00:00,8.9,VALID,4884.648,VALID,23.750016000000002,VALID,Warning,WARN: High flow rate detected (Flood risk)
2026-04-07 03:00:00+00:00,8.9,VALID,4084.6983999999998,VALID,23.715726,VALID,Warning,WARN: High flow rate detected (Flood risk)
2026-04-07 04:00:00+00:00,8.9,VALID,4127.1736,VALID,23.724108,VALID,Warning,WARN: High flow rate detected (Flood risk)
2026-04-07 05:00:00+00:00,8.9,VALID,3690.6229333333335,VALID,23.736808,VALID,Warning,WARN: High flow rate detected (Flood risk)
2026-04-07 06:00:00+00:00,8.9,VALID,4268.7576,VALID,23.729442,VALID,Warning,WARN: High flow rate detected (Flood risk)
2026-04-07 07:00:00+00:00,8.9,VALID,3737.8176,VALID,23.724108,VALID,Warning,WARN: High flow rate detected (Flood risk)
2026-04-07 08:00:00+00:00,8.9,VALID,3928.956,VALID,23.723346,VALID,Warning,WARN: High flow rate detected (Flood risk)
2026-04-07 09:00:00+00:00,8.9,VALID,4806.7768,VALID,23.740872000000003,VALID,Warning,WARN: High flow rate detected (Flood risk)
2026-04-07 10:00:00+00:00,8.9,VALID,4898.8063999999995,VALID,23.739348000000003,VALID,Warning,WARN: High flow rate detected (Flood risk)
2026-04-07 11:00:00+00:00,9.0,VALID,5259.845600000001,VALID,23.752302,VALID,Warning,WARN: High flow rate detected (Flood risk)
2026-04-07 12:00:00+00:00,9.0,VALID,5047.4696,VALID,23.742396,VALID,Warning,WARN: High flow rate detected (Flood risk)
2026-04-07 13:00:00+00:00,9.0,VALID,5295.241599999999,VALID,23.718012,VALID,Warning,WARN: High flow rate detected (Flood risk)
2026-04-07 14:00:00+00:00,9.0,VALID,5436.8256,VALID,23.716488,VALID,Warning,WARN: High flow rate detected (Flood risk)
2026-04-07 15:00:00+00:00,9.0,VALID,5684.5976,VALID,23.721822000000003,VALID,Warning,WARN: High flow rate detected (Flood risk)
2026-04-07 16:00:00+00:00,9.0,VALID,5953.6071999999995,VALID,23.72106,VALID,Warning,WARN: High flow rate detected (Flood risk)
2026-04-07 17:00:00+00:00,9.0,VALID,6173.0624,VALID,23.720298,VALID,Warning,WARN: High flow rate detected (Flood risk)
2026-04-07 18:00:00+00:00,9.1,VALID,6250.9336,VALID,23.705820000000003,VALID,Warning,WARN: High flow rate detected (Flood risk)
2026-04-07 19:00:00+00:00,9.1,VALID,6201.379199999999,VALID,23.697438000000002,VALID,Warning,WARN: High flow rate detected (Flood risk)
2026-04-07 20:00:00+00:00,9.2,VALID,6180.1416,VALID,23.685246,VALID,Warning,WARN: High flow rate detected (Flood risk)
2026-04-07 21:00:00+00:00,9.2,VALID,6222.6168,VALID,23.692104,VALID,Warning,WARN: High flow rate detected (Flood risk)
2026-04-07 22:00:00+00:00,9.2,VALID,6307.5671999999995,VALID,23.684484,VALID,Warning,WARN: High flow rate detected (Flood risk)
2026-04-07 23:00:00+00:00,9.1,VALID,6243.8544,VALID,23.673816000000002,VALID,Warning,WARN: High flow rate detected (Flood risk)
2026-04-08 00:00:00+00:00,9.1,VALID,6215.5376,VALID,23.678388,VALID,Warning,WARN: High flow rate detected (Flood risk)
2026-04-08 01:00:00+00:00,9.1,VALID,5875.736,VALID,23.669244000000003,VALID,Warning,WARN: High flow rate detected (Flood risk)
2026-04-08 02:00:00+00:00,9.1,VALID,5004.9944,VALID,23.636478000000004,VALID,Warning,WARN: High flow rate detected (Flood risk)
2026-04-08 03:00:00+00:00,9.1,VALID,4785.539199999999,VALID,23.613618000000002,VALID,Warning,WARN: High flow rate detected (Flood risk)
2026-04-08 04:00:00+00:00,9.0,VALID,5203.212,VALID,23.596854,VALID,Warning,WARN: High flow rate detected (Flood risk)
2026-04-08 05:00:00+00:00,9.1,VALID,4835.0936,VALID,23.580090000000002,VALID,Warning,WARN: High flow rate detected (Flood risk)
2026-04-08 06:00:00+00:00,9.0,VALID,5004.9944,VALID,23.540466000000002,VALID,Warning,WARN: High flow rate detected (Flood risk)
2026-04-08 07:00:00+00:00,9.0,VALID,4686.4304,VALID,23.465028,VALID,Warning,WARN: High flow rate detected (Flood risk)
2026-04-08 08:00:00+00:00,9.0,VALID,3490.0456,VALID,23.420070000000003,VALID,Warning,WARN: High flow rate detected (Flood risk)
2026-04-08 09:00:00+00:00,9.0,VALID,3398.0159999999996,VALID,23.440644000000002,VALID,Warning,WARN: High flow rate detected (Flood risk)
2026-04-08 10:00:00+00:00,9.0,VALID,3206.8776,VALID,23.429214,VALID,Warning,WARN: High flow rate detected (Flood risk)
2026-04-08 11:00:00+00:00,9.0,VALID,2966.1848,VALID,23.365968000000002,VALID,Warning,WARN: High flow rate detected (Flood risk)
2026-04-08 12:00:00+00:00,9.0,VALID,3001.5807999999997,VALID,23.34768,VALID,Warning,WARN: High flow rate detected (Flood risk)
2026-04-08 13:00:00+00:00,9.0,VALID,3044.0559999999996,VALID,23.33625,VALID,Warning,WARN: High flow rate detected (Flood risk)
2026-04-08 14:00:00+00:00,9.0,VALID,3114.848,VALID,23.295864,VALID,Warning,WARN: High flow rate detected (Flood risk)
2026-04-08 15:00:00+00:00,9.0,VALID,3058.2144000000003,VALID,23.238968,VALID,Warning,WARN: High flow rate detected (Flood risk)
2026-04-08 16:00:00+00:00,9.0,VALID,2973.264,VALID,23.186136,VALID,Warning,WARN: High flow rate detected (Flood risk)
2026-04-08 17:00:00+00:00,9.1,VALID,3079.452,VALID,23.234142000000002,VALID,Warning,WARN: High flow rate detected (Flood risk)
2026-04-08 18:00:00+00:00,9.1,VALID,3270.5904,VALID,23.270718000000002,VALID,Warning,WARN: High flow rate detected (Flood risk)
2026-04-08 19:00:00+00:00,9.1,VALID,3589.1544,VALID,23.286720000000003,VALID,Warning,WARN: High flow rate detected (Flood risk)
2026-04-08 20:00:00+00:00,9.1,VALID,3426.3328,VALID,23.298912,VALID,Warning,WARN: High flow rate detected (Flood risk)
2026-04-08 21:00:00+00:00,9.2,VALID,3815.6888,VALID,23.33625,VALID,Warning,WARN: High flow rate detected (Flood risk)
2026-04-08 22:00:00+00:00,9.2,VALID,4318.312,VALID,23.374350000000003,VALID,Warning,WARN: High flow rate detected (Flood risk)
2026-04-08 23:00:00+00:00,9.3,VALID,4134.2528,VALID,23.356062,VALID,Warning,WARN: High flow rate detected (Flood risk)
2026-04-09 00:00:00+00:00,9.2,VALID,5082.8656,VALID,23.358348000000003,VALID,Warning,WARN: High flow rate detected (Flood risk)
2026-04-09 01:00:00+00:00,9.2,VALID,4516.5296,VALID,23.37435,VALID,Warning,WARN: High flow rate detected (Flood risk)
2026-04-09 02:00:00+00:00,9.2,VALID,3865.2432,VALID,23.338536,VALID,Warning,WARN: High flow rate detected (Flood risk)
2026-04-09 03:00:00+00:00,9.1,VALID,3872.3224,VALID,23.287482,VALID,Warning,WARN: High flow rate detected (Flood risk)
2026-04-09 04:00:00+00:00,9.1,VALID,3313.0656,VALID,23.203662,VALID,Warning,WARN: High flow rate detected (Flood risk)
2026-04-09 05:00:00+00:00,9.1,VALID,3577.3557333333333,VALID,23.227792000000004,VALID,Warning,WARN: High flow rate detected (Flood risk)
2026-04-09 06:00:00+00:00,9.1,VALID,3532.5208,VALID,23.26386,VALID,Warning,WARN: High flow rate detected (Flood risk)
2026-04-09 07:00:00+00:00,9.1,VALID,3320.1448,VALID,23.286720000000003,VALID,Warning,WARN: High flow rate detected (Flood risk)
2026-04-09 08:00:00+00:00,9.1,VALID,3362.62,VALID,23.245572000000003,VALID,Warning,WARN: High flow rate detected (Flood risk)
2026-04-09 09:00:00+00:00,9.1,VALID,3209.237333333333,VALID,23.265384,VALID,Warning,WARN: High flow rate detected (Flood risk)
2026-04-09 10:00:00+00:00,9.1,VALID,3284.7488,VALID,23.272496,VALID,Warning,WARN: High flow rate detected (Flood risk)
2026-04-09 11:00:00+00:00,9.1,VALID,3185.64,VALID,23.273004,VALID,Warning,WARN: High flow rate detected (Flood risk)
2026-04-09 12:00:00+00:00,9.1,VALID,2930.7888000000003,VALID,23.269194,VALID,Warning,WARN: High flow rate detected (Flood risk)
2026-04-09 13:00:00+00:00,9.2,VALID,2987.4224,VALID,23.272242000000002,VALID,Warning,WARN: High flow rate detected (Flood risk)
2026-04-09 14:00:00+00:00,9.2,VALID,3136.0856,VALID,23.222712,VALID,Warning,WARN: High flow rate detected (Flood risk)
2026-04-09 15:00:00+00:00,9.2,VALID,2867.076,VALID,23.173944000000002,VALID,Warning,WARN: High flow rate detected (Flood risk)
2026-04-09 16:00:00+00:00,9.2,VALID,2923.7096,VALID,23.148798000000003,VALID,Warning,WARN: High flow rate detected (Flood risk)
2026-04-09 17:00:00+00:00,9.3,VALID,2994.5016,VALID,23.115270000000002,VALID,Warning,WARN: High flow rate detected (Flood risk)
2026-04-09 18:00:00+00:00,9.3,VALID,2874.1552,VALID,23.123652,VALID,Warning,WARN: High flow rate detected (Flood risk)
2026-04-09 19:00:00+00:00,9.4,VALID,2895.3928,VALID,23.144988,VALID,Warning,WARN: High flow rate detected (Flood risk)
2026-04-09 20:00:00+00:00,9.4,VALID,2959.1056,VALID,23.212806,VALID,Warning,WARN: High flow rate detected (Flood risk)
2026-04-09 21:00:00+00:00,9.4,VALID,3383.8576,VALID,23.234904,VALID,Warning,WARN: High flow rate detected (Flood risk)
2026-04-09 22:00:00+00:00,9.5,VALID,3674.1048,VALID,23.269956,VALID,Warning,WARN: High flow rate detected (Flood risk)
2026-04-09 23:00:00+00:00,9.5,VALID,3143.1648,VALID,23.302722000000003,VALID,Warning,WARN: High flow rate detected (Flood risk)
2026-04-10 00:00:00+00:00,9.4,VALID,3022.8184,VALID,23.348442,VALID,Warning,WARN: High flow rate detected (Flood risk)
2026-04-10 01:00:00+00:00,9.5,VALID,3171.4816,VALID,23.37435,VALID,Warning,WARN: High flow rate detected (Flood risk)
2026-04-10 02:00:00+00:00,9.4,VALID,3107.7688,VALID,23.372826,VALID,Warning,WARN: High flow rate detected (Flood risk)
2026-04-10 03:00:00+00:00,9.4,VALID,3525.4416,VALID,23.319486,VALID,Warning,WARN: High flow rate detected (Flood risk)
2026-04-10 04:00:00+00:00,9.4,VALID,3348.4616,VALID,23.292054,VALID,Warning,WARN: High flow rate detected (Flood risk)
2026-04-10 05:00:00+00:00,9.4,VALID,3497.1247999999996,VALID,23.276052,VALID,Warning,WARN: High flow rate detected (Flood risk)
2026-04-10 06:00:00+00:00,9.4,VALID,3284.7488,VALID,23.253192000000002,VALID,Warning,WARN: High flow rate detected (Flood risk)
2026-04-10 07:00:00+00:00,9.4,VALID,3178.5608,VALID,23.289768000000002,VALID,Warning,WARN: High flow rate detected (Flood risk)
2026-04-10 08:00:00+00:00,9.4,VALID,3695.3424,VALID,23.32101,VALID,Warning,WARN: High flow rate detected (Flood risk)
2026-04-10 09:00:00+00:00,9.4,VALID,3829.8471999999997,VALID,23.401020000000003,VALID,Warning,WARN: High flow rate detected (Flood risk)
2026-04-10 10:00:00+00:00,9.4,VALID,3574.996,VALID,23.314152,VALID,Warning,WARN: High flow rate detected (Flood risk)
2026-04-10 11:00:00+00:00,9.4,VALID,3674.1048,VALID,23.386542000000002,VALID,Warning,WARN: High flow rate detected (Flood risk)
2026-04-10 12:00:00+00:00,9.4,VALID,3983.2298666666666,VALID,23.452328000000005,VALID,Warning,WARN: High flow rate detected (Flood risk)
2026-04-10 13:00:00+00:00,9.5,VALID,4410.3416,VALID,23.461218000000002,VALID,Warning,WARN: High flow rate detected (Flood risk)
2026-04-10 14:00:00+00:00,9.5,VALID,4020.9856,VALID,23.465790000000002,VALID,Warning,WARN: High flow rate detected (Flood risk)
2026-04-10 15:00:00+00:00,9.5,VALID,3950.1936,VALID,23.485602,VALID,Warning,WARN: High flow rate detected (Flood risk)
2026-04-10 16:00:00+00:00,9.6,VALID,4028.0648,VALID,23.498556,VALID,Warning,WARN: High flow rate detected (Flood risk)
2026-04-10 17:00:00+00:00,9.6,VALID,4056.3815999999997,VALID,23.490936,VALID,Warning,WARN: High flow rate detected (Flood risk)
2026-04-10 18:00:00+00:00,9.6,VALID,3520.722133333333,VALID,23.466552000000004,VALID,Warning,WARN: High flow rate detected (Flood risk)
2026-04-10 19:00:00+00:00,9.7,VALID,3433.4120000000003,VALID,23.372064,VALID,Warning,WARN: High flow rate detected (Flood risk)
2026-04-10 20:00:00+00:00,9.7,VALID,3263.5112,VALID,23.30958,VALID,Warning,WARN: High flow rate detected (Flood risk)
2026-04-10 21:00:00+00:00,9.8,VALID,3221.036,VALID,23.285958,VALID,Warning,WARN: High flow rate detected (Flood risk)
2026-04-10 22:00:00+00:00,9.8,VALID,3313.0656,VALID,23.249382000000004,VALID,Warning,WARN: High flow rate detected (Flood risk)
2026-04-10 23:00:00+00:00,9.8,VALID,3815.6888,VALID,23.254716000000002,VALID,Warning,WARN: High flow rate detected (Flood risk)
2026-04-11 00:00:00+00:00,9.8,VALID,3978.5104,VALID,23.266908,VALID,Warning,WARN: High flow rate detected (Flood risk)
2026-04-11 01:00:00+00:00,9.7,VALID,4219.2032,VALID,23.278338,VALID,Warning,WARN: High flow rate detected (Flood risk)
2026-04-11 02:00:00+00:00,9.7,VALID,3659.9464,VALID,23.273766000000002,VALID,Warning,WARN: High flow rate detected (Flood risk)
2026-04-11 03:00:00+00:00,9.7,VALID,3744.8968,VALID,23.283672,VALID,Warning,WARN: High flow rate detected (Flood risk)
2026-04-11 04:00:00+00:00,9.7,VALID,4013.9064,VALID,23.299674,VALID,Warning,WARN: High flow rate detected (Flood risk)
2026-04-11 05:00:00+00:00,9.7,VALID,3787.372,VALID,23.315676,VALID,Warning,WARN: High flow rate detected (Flood risk)
2026-04-11 06:00:00+00:00,9.7,VALID,3773.2136,VALID,23.234142000000002,VALID,Warning,WARN: High flow rate detected (Flood risk)
2026-04-11 07:00:00+00:00,9.8,VALID,5295.2416,VALID,23.23084,VALID,Warning,WARN: High flow rate detected (Flood risk)
2026-04-11 08:00:00+00:00,9.8,VALID,3992.6688,VALID,23.20036,VALID,Warning,WARN: High flow rate detected (Flood risk)
2026-04-11 09:00:00+00:00,9.8,VALID,3199.7984,VALID,23.197566000000002,VALID,Warning,WARN: High flow rate detected (Flood risk)
2026-04-11 10:00:00+00:00,9.8,VALID,3263.5112,VALID,23.142702,VALID,Warning,WARN: High flow rate detected (Flood risk)
2026-04-11 11:00:00+00:00,9.8,VALID,3298.9072,VALID,23.154132,VALID,Warning,WARN: High flow rate detected (Flood risk)
2026-04-11 12:00:00+00:00,9.8,VALID,4672.272,VALID,23.27148,VALID,Warning,WARN: High flow rate detected (Flood risk)
2026-04-11 13:00:00+00:00,9.8,VALID,6560.058666666667,VALID,23.322280000000003,VALID,Warning,WARN: High flow rate detected (Flood risk)
2026-04-11 14:00:00+00:00,9.8,VALID,6803.111199999999,VALID,23.298912,VALID,Warning,WARN: High flow rate detected (Flood risk)
2026-04-11 15:00:00+00:00,9.8,VALID,5840.34,VALID,23.178516000000002,VALID,Warning,WARN: High flow rate detected (Flood risk)
2026-04-11 16:00:00+00:00,9.8,VALID,4346.6288,VALID,23.131272000000003,VALID,Warning,WARN: High flow rate detected (Flood risk)
2026-04-11 17:00:00+00:00,9.8,VALID,5174.8952,VALID,23.156418000000002,VALID,Warning,WARN: High flow rate detected (Flood risk)
2026-04-11 18:00:00+00:00,9.8,VALID,3808.6096,VALID,23.1648,VALID,Warning,WARN: High flow rate detected (Flood risk)
2026-04-11 19:00:00+00:00,9.9,VALID,3360.2602666666667,VALID,23.130256000000003,VALID,Warning,WARN: High flow rate detected (Flood risk)
2026-04-11 20:00:00+00:00,9.9,VALID,4049.3024,VALID,23.108412,VALID,Warning,WARN: High flow rate detected (Flood risk)
2026-04-11 21:00:00+00:00,10.0,VALID,5840.34,VALID,23.110698,VALID,Warning,WARN: High flow rate detected (Flood risk)
2026-04-11 22:00:00+00:00,10.0,VALID,5847.4192,VALID,23.114508,VALID,Warning,WARN: High flow rate detected (Flood risk)
2026-04-11 23:00:00+00:00,10.0,VALID,6038.5576,VALID,23.188422000000003,VALID,Warning,WARN: High flow rate detected (Flood risk)
2026-04-12 00:00:00+00:00,10.0,VALID,6194.3,VALID,23.253954,VALID,Warning,WARN: High flow rate detected (Flood risk)
2026-04-12 01:00:00+00:00,10.0,VALID,5649.2016,VALID,23.27148,VALID,Warning,WARN: High flow rate detected (Flood risk)
2026-04-12 02:00:00+00:00,10.0,VALID,5054.5488000000005,VALID,23.285196000000003,VALID,Warning,WARN: High flow rate detected (Flood risk)
2026-04-12 03:00:00+00:00,10.0,VALID,4743.063999999999,VALID,23.298912,VALID,Warning,WARN: High flow rate detected (Flood risk)
2026-04-12 04:00:00+00:00,10.0,VALID,4606.199466666666,VALID,23.300944,VALID,Warning,WARN: High flow rate detected (Flood risk)
2026-04-12 05:00:00+00:00,10.0,VALID,5082.8656,VALID,23.363682,VALID,Warning,WARN: High flow rate detected (Flood risk)
2026-04-12 06:00:00+00:00,10.0,VALID,5514.6968,VALID,23.424642,VALID,Warning,WARN: High flow rate detected (Flood risk)
2026-04-12 07:00:00+00:00,10.0,VALID,4851.611733333333,VALID,23.33752,VALID,Warning,WARN: High flow rate detected (Flood risk)
2026-04-12 08:00:00+00:00,10.0,VALID,4551.9256,VALID,23.254716000000002,VALID,Warning,WARN: High flow rate detected (Flood risk)
2026-04-12 09:00:00+00:00,10.0,VALID,3631.6295999999998,VALID,23.26386,VALID,Warning,WARN: High flow rate detected (Flood risk)
2026-04-12 10:00:00+00:00,10.0,VALID,3560.8376,VALID,23.288244000000002,VALID,Warning,WARN: High flow rate detected (Flood risk)
2026-04-12 11:00:00+00:00,10.0,VALID,3610.392,VALID,23.247096,VALID,Warning,WARN: High flow rate detected (Flood risk)
2026-04-12 12:00:00+00:00,10.0,VALID,4183.8072,VALID,23.307294000000002,VALID,Warning,WARN: High flow rate detected (Flood risk)
2026-04-12 13:00:00+00:00,10.0,VALID,4573.1632,VALID,23.384256,VALID,Warning,WARN: High flow rate detected (Flood risk)
2026-04-12 14:00:00+00:00,10.0,VALID,5304.680533333333,VALID,23.461472,VALID,Warning,WARN: High flow rate detected (Flood risk)
2026-04-12 15:00:00+00:00,10.1,VALID,5047.4696,VALID,23.463504,VALID,Warning,WARN: High flow rate detected (Flood risk)
2026-04-12 16:00:00+00:00,10.0,VALID,4502.3712000000005,VALID,23.42896,VALID,Warning,WARN: High flow rate detected (Flood risk)
2026-04-12 17:00:00+00:00,10.1,VALID,4813.856,VALID,23.415751999999998,VALID,Warning,WARN: High flow rate detected (Flood risk)
2026-04-12 18:00:00+00:00,10.0,VALID,4700.5888,VALID,23.443184000000002,VALID,Warning,WARN: High flow rate detected (Flood risk)
2026-04-12 19:00:00+00:00,10.1,VALID,4148.4112000000005,VALID,23.501604,VALID,Warning,WARN: High flow rate detected (Flood risk)
2026-04-12 20:00:00+00:00,10.1,VALID,5833.2608,VALID,23.548848000000003,VALID,Warning,WARN: High flow rate detected (Flood risk)
2026-04-12 21:00:00+00:00,10.1,VALID,6994.2496,VALID,23.578566000000002,VALID,Warning,WARN: High flow rate detected (Flood risk)
2026-04-12 22:00:00+00:00,10.1,VALID,6890.421333333333,VALID,23.594568,VALID,Warning,WARN: High flow rate detected (Flood risk)
2026-04-12 23:00:00+00:00,10.1,VALID,6786.593066666667,VALID,23.618952000000004,VALID,Warning,WARN: High flow rate detected (Flood risk)
2026-04-13 00:00:00+00:00,10.2,VALID,6859.7447999999995,VALID,23.621237999999998,VALID,Warning,WARN: High flow rate detected (Flood risk)
2026-04-13 01:00:00+00:00,10.1,VALID,7447.3184,VALID,23.719536,VALID,Warning,WARN: High flow rate detected (Flood risk)
2026-04-13 02:00:00+00:00,10.1,VALID,7305.7344,VALID,23.719536,VALID,Warning,WARN: High flow rate detected (Flood risk)
2026-04-13 03:00:00+00:00,10.1,VALID,7135.833600000001,VALID,23.697184000000004,VALID,Warning,WARN: High flow rate detected (Flood risk)
2026-04-13 04:00:00+00:00,10.1,VALID,6229.696,VALID,23.609808,VALID,Warning,WARN: High flow rate detected (Flood risk)
2026-04-13 05:00:00+00:00,10.1,VALID,5613.8056,VALID,23.544276000000004,VALID,Warning,WARN: High flow rate detected (Flood risk)
2026-04-13 06:00:00+00:00,10.1,VALID,5656.2807999999995,VALID,23.534370000000003,VALID,Warning,WARN: High flow rate detected (Flood risk)
2026-04-13 07:00:00+00:00,10.1,VALID,5401.4295999999995,VALID,23.618952,VALID,Warning,WARN: High flow rate detected (Flood risk)
2026-04-13 08:00:00+00:00,10.1,VALID,6088.112,VALID,23.624286,VALID,Warning,WARN: High flow rate detected (Flood risk)
2026-04-13 09:00:00+00:00,10.1,VALID,6519.9432,VALID,23.622762,VALID,Warning,WARN: High flow rate detected (Flood risk)
2026-04-13 10:00:00+00:00,10.1,VALID,6328.8048,VALID,23.63343,VALID,Warning,WARN: High flow rate detected (Flood risk)
2026-04-13 11:00:00+00:00,10.1,VALID,6583.656,VALID,23.638002,VALID,Warning,WARN: High flow rate detected (Flood risk)
2026-04-13 12:00:00+00:00,10.1,VALID,6456.2304,VALID,23.721822000000003,VALID,Warning,WARN: High flow rate detected (Flood risk)
2026-04-13 13:00:00+00:00,10.2,VALID,6541.1808,VALID,23.730204,VALID,Warning,WARN: High flow rate detected (Flood risk)
2026-04-13 14:00:00+00:00,10.2,VALID,6616.692266666666,VALID,23.684992000000005,VALID,Warning,WARN: High flow rate detected (Flood risk)
2026-04-13 15:00:00+00:00,10.2,VALID,7093.3584,VALID,23.646384,VALID,Warning,WARN: High flow rate detected (Flood risk)
2026-04-13 16:00:00+00:00,10.2,VALID,6640.2896,VALID,23.579328000000004,VALID,Warning,WARN: High flow rate detected (Flood risk)
2026-04-13 17:00:00+00:00,10.2,VALID,6718.1608,VALID,23.487126000000004,VALID,Warning,WARN: High flow rate detected (Flood risk)
2026-04-13 18:00:00+00:00,10.2,VALID,6201.379199999999,VALID,23.460455999999997,VALID,Warning,WARN: High flow rate detected (Flood risk)
2026-04-13 19:00:00+00:00,10.2,VALID,6293.4088,VALID,23.514558,VALID,Warning,WARN: High flow rate detected (Flood risk)
2026-04-13 20:00:00+00:00,10.3,VALID,6229.696,VALID,23.510748000000003,VALID,Warning,WARN: High flow rate detected (Flood risk)
2026-04-13 21:00:00+00:00,10.3,VALID,6173.0624,VALID,23.474172000000003,VALID,Warning,WARN: High flow rate detected (Flood risk)
2026-04-13 22:00:00+00:00,10.3,VALID,6413.7552,VALID,23.461218000000002,VALID,Warning,WARN: High flow rate detected (Flood risk)
2026-04-13 23:00:00+00:00,10.3,VALID,6265.092,VALID,23.460456,VALID,Warning,WARN: High flow rate detected (Flood risk)
2026-04-14 00:00:00+00:00,10.3,VALID,6335.884,VALID,23.452836,VALID,Warning,WARN: High flow rate detected (Flood risk)
2026-04-14 01:00:00+00:00,10.3,VALID,6073.9536,VALID,23.480268000000002,VALID,Warning,WARN: High flow rate detected (Flood risk)
2026-04-14 02:00:00+00:00,10.3,VALID,6909.2991999999995,VALID,23.5458,VALID,Warning,WARN: High flow rate detected (Flood risk)
2026-04-14 03:00:00+00:00,10.3,VALID,7199.546399999999,VALID,23.542752,VALID,Warning,WARN: High flow rate detected (Flood risk)
2026-04-14 04:00:00+00:00,10.3,VALID,6418.474666666666,VALID,23.43404,VALID,Warning,WARN: High flow rate detected (Flood risk)
2026-04-14 05:00:00+00:00,10.3,VALID,6427.9136,VALID,23.414736,VALID,Warning,WARN: High flow rate detected (Flood risk)
2026-04-14 06:00:00+00:00,10.3,VALID,6116.428800000001,VALID,23.417784,VALID,Warning,WARN: High flow rate detected (Flood risk)
2026-04-14 07:00:00+00:00,10.3,VALID,6531.741866666666,VALID,23.38324,VALID,Warning,WARN: High flow rate detected (Flood risk)
2026-04-14 08:00:00+00:00,10.3,VALID,6258.0127999999995,VALID,23.337012,VALID,Warning,WARN: High flow rate detected (Flood risk)
2026-04-14 09:00:00+00:00,10.3,VALID,6597.8144,VALID,23.3426,VALID,Warning,WARN: High flow rate detected (Flood risk)
2026-04-14 10:00:00+00:00,10.3,VALID,6392.5176,VALID,23.375874000000003,VALID,Warning,WARN: High flow rate detected (Flood risk)
2026-04-14 11:00:00+00:00,10.4,VALID,6399.596799999999,VALID,23.375112,VALID,Warning,WARN: High flow rate detected (Flood risk)
2026-04-14 12:00:00+00:00,10.4,VALID,5755.3895999999995,VALID,23.433024,VALID,Warning,WARN: High flow rate detected (Flood risk)
2026-04-14 13:00:00+00:00,10.4,VALID,6732.3192,VALID,23.462742,VALID,Warning,WARN: High flow rate detected (Flood risk)
2026-04-14 14:00:00+00:00,10.4,VALID,6427.9136,VALID,23.411687999999998,VALID,Warning,WARN: High flow rate detected (Flood risk)
2026-04-14 15:00:00+00:00,10.4,VALID,6342.963199999999,VALID,23.361904,VALID,Warning,WARN: High flow rate detected (Flood risk)
2026-04-14 16:00:00+00:00,10.4,VALID,4488.212799999999,VALID,23.27529,VALID,Warning,WARN: High flow rate detected (Flood risk)
2026-04-14 17:00:00+00:00,10.4,VALID,4318.312,VALID,23.230332,VALID,Warning,WARN: High flow rate detected (Flood risk)
2026-04-14 18:00:00+00:00,10.4,VALID,4325.3912,VALID,23.213568000000002,VALID,Warning,WARN: High flow rate detected (Flood risk)
2026-04-14 19:00:00+00:00,10.3,VALID,3879.4016,VALID,23.220426000000003,VALID,Warning,WARN: High flow rate detected (Flood risk)
2026-04-14 20:00:00+00:00,10.3,VALID,5285.8026666666665,VALID,23.201376,VALID,Warning,WARN: High flow rate detected (Flood risk)
2026-04-14 21:00:00+00:00,10.3,VALID,4596.760533333333,VALID,23.189184,VALID,Warning,WARN: High flow rate detected (Flood risk)
2026-04-14 22:00:00+00:00,10.3,VALID,4672.272,VALID,23.173944,VALID,Warning,WARN: High flow rate detected (Flood risk)
2026-04-14 23:00:00+00:00,10.3,VALID,6364.2008,VALID,23.176230000000004,VALID,Warning,WARN: High flow rate detected (Flood risk)
2026-04-15 00:00:00+00:00,10.3,VALID,6619.052,VALID,23.173182,VALID,Warning,WARN: High flow rate detected (Flood risk)
2026-04-15 01:00:00+00:00,10.2,VALID,6796.032,VALID,23.201376,VALID,Warning,WARN: High flow rate detected (Flood risk)
2026-04-15 02:00:00+00:00,10.2,VALID,6512.8640000000005,VALID,23.203408,VALID,Warning,WARN: High flow rate detected (Flood risk)
2026-04-15 03:00:00+00:00,10.2,VALID,5955.966933333333,VALID,23.209504,VALID,Warning,WARN: High flow rate detected (Flood risk)
2026-04-15 04:00:00+00:00,10.2,VALID,4842.1728,VALID,23.202138,VALID,Warning,WARN: High flow rate detected (Flood risk)
2026-04-15 05:00:00+00:00,10.2,VALID,4672.272,VALID,23.207472000000003,VALID,Warning,WARN: High flow rate detected (Flood risk)
2026-04-15 06:00:00+00:00,10.2,VALID,4912.9648,VALID,23.196804,VALID,Warning,WARN: High flow rate detected (Flood risk)
2026-04-15 07:00:00+00:00,10.2,VALID,4990.835999999999,VALID,23.158704,VALID,Warning,WARN: High flow rate detected (Flood risk)
2026-04-15 08:00:00+00:00,10.3,VALID,4813.856,VALID,23.146512,VALID,Warning,WARN: High flow rate detected (Flood risk)
2026-04-15 09:00:00+00:00,10.3,VALID,5252.7663999999995,VALID,23.173944000000002,VALID,Warning,WARN: High flow rate detected (Flood risk)
2026-04-15 10:00:00+00:00,10.3,VALID,5408.5088,VALID,23.179024000000002,VALID,Warning,WARN: High flow rate detected (Flood risk)
2026-04-15 11:00:00+00:00,10.3,VALID,6371.28,VALID,23.264368,VALID,Warning,WARN: High flow rate detected (Flood risk)
2026-04-15 12:00:00+00:00,10.3,VALID,7135.8336,VALID,23.3172,VALID,Warning,WARN: High flow rate detected (Flood risk)
2026-04-15 13:00:00+00:00,10.3,VALID,6871.543466666667,VALID,23.338536000000005,VALID,Warning,WARN: High flow rate detected (Flood risk)
2026-04-15 14:00:00+00:00,10.3,VALID,6796.032,VALID,23.365968,VALID,Warning,WARN: High flow rate detected (Flood risk)
2026-04-15 15:00:00+00:00,10.3,VALID,6626.1312,VALID,23.356824,VALID,Warning,WARN: High flow rate detected (Flood risk)
2026-04-15 16:00:00+00:00,10.4,VALID,6427.9136,VALID,23.311104000000004,VALID,Warning,WARN: High flow rate detected (Flood risk)
2026-04-15 17:00:00+00:00,10.4,VALID,6590.7352,VALID,23.295102,VALID,Warning,WARN: High flow rate detected (Flood risk)
2026-04-15 18:00:00+00:00,10.4,VALID,6711.0815999999995,VALID,23.277576,VALID,Warning,WARN: High flow rate detected (Flood risk)
2026-04-15 19:00:00+00:00,10.4,VALID,6590.7352,VALID,23.305770000000003,VALID,Warning,WARN: High flow rate detected (Flood risk)
2026-04-15 20:00:00+00:00,10.4,VALID,6902.22,VALID,23.334726000000003,VALID,Warning,WARN: High flow rate detected (Flood risk)
2026-04-15 21:00:00+00:00,10.4,VALID,6729.959466666666,VALID,23.325328000000003,VALID,Warning,WARN: High flow rate detected (Flood risk)
2026-04-15 22:00:00+00:00,10.4,VALID,6165.9832,VALID,23.301198000000003,VALID,Warning,WARN: High flow rate detected (Flood risk)
2026-04-15 23:00:00+00:00,10.4,VALID,6350.0424,VALID,23.3172,VALID,Warning,WARN: High flow rate detected (Flood risk)
2026-04-16 00:00:00+00:00,10.4,VALID,5427.386666666666,VALID,23.313136000000004,VALID,Warning,WARN: High flow rate detected (Flood risk)
2026-04-16 01:00:00+00:00,10.4,VALID,6635.570133333334,VALID,23.384256000000004,VALID,Warning,WARN: High flow rate detected (Flood risk)
2026-04-16 02:00:00+00:00,10.5,VALID,5644.482133333334,VALID,23.420832,VALID,Warning,WARN: High flow rate detected (Flood risk)
2026-04-16 03:00:00+00:00,10.4,VALID,5295.2416,VALID,23.411688,VALID,Warning,WARN: High flow rate detected (Flood risk)
2026-04-16 04:00:00+00:00,10.4,VALID,5422.6672,VALID,23.401020000000003,VALID,Warning,WARN: High flow rate detected (Flood risk)
2026-04-16 05:00:00+00:00,10.4,VALID,5330.6376,VALID,23.433786,VALID,Warning,WARN: High flow rate detected (Flood risk)
2026-04-16 06:00:00+00:00,10.4,VALID,5755.3896,VALID,23.426166000000002,VALID,Warning,WARN: High flow rate detected (Flood risk)
2026-04-16 07:00:00+00:00,10.4,VALID,5210.2912,VALID,23.332440000000002,VALID,Warning,WARN: High flow rate detected (Flood risk)
2026-04-16 08:00:00+00:00,10.4,VALID,4332.4704,VALID,23.309580000000004,VALID,Warning,WARN: High flow rate detected (Flood risk)
2026-04-16 09:00:00+00:00,10.4,VALID,4183.8072,VALID,23.318724000000003,VALID,Warning,WARN: High flow rate detected (Flood risk)
2026-04-16 10:00:00+00:00,10.4,VALID,5389.630933333334,VALID,23.326344000000002,VALID,Warning,WARN: High flow rate detected (Flood risk)
2026-04-16 11:00:00+00:00,10.4,VALID,5790.7856,VALID,23.297388,VALID,Warning,WARN: High flow rate detected (Flood risk)
2026-04-16 12:00:00+00:00,10.4,VALID,5380.192,VALID,23.371302,VALID,Warning,WARN: High flow rate detected (Flood risk)
2026-04-16 13:00:00+00:00,10.4,VALID,5550.0928,VALID,23.420832,VALID,Warning,WARN: High flow rate detected (Flood risk)
2026-04-16 14:00:00+00:00,10.4,VALID,5663.36,VALID,23.433786000000005,VALID,Warning,WARN: High flow rate detected (Flood risk)
2026-04-16 15:00:00+00:00,10.4,VALID,5500.5384,VALID,23.424642,VALID,Warning,WARN: High flow rate detected (Flood risk)
2026-04-16 16:00:00+00:00,10.4,VALID,6909.2991999999995,VALID,23.442168,VALID,Warning,WARN: High flow rate detected (Flood risk)
2026-04-16 17:00:00+00:00,10.4,VALID,6928.177066666666,VALID,23.401528,VALID,Warning,WARN: High flow rate detected (Flood risk)
2026-04-16 18:00:00+00:00,10.4,VALID,6267.451733333332,VALID,23.312120000000004,VALID,Warning,WARN: High flow rate detected (Flood risk)
2026-04-16 19:00:00+00:00,10.4,VALID,6201.3792,VALID,23.289768,VALID,Warning,WARN: High flow rate detected (Flood risk)
2026-04-16 20:00:00+00:00,10.4,VALID,6173.0624,VALID,23.326344000000002,VALID,Warning,WARN: High flow rate detected (Flood risk)
2026-04-16 21:00:00+00:00,10.4,VALID,5925.2904,VALID,23.30196,VALID,Warning,WARN: High flow rate detected (Flood risk)
2026-04-16 22:00:00+00:00,10.5,VALID,6333.524266666667,VALID,23.256240000000002,VALID,Warning,WARN: High flow rate detected (Flood risk)
2026-04-16 23:00:00+00:00,10.5,VALID,6597.8144,VALID,23.369016000000002,VALID,Warning,WARN: High flow rate detected (Flood risk)
2026-04-17 00:00:00+00:00,10.5,VALID,7050.8832,VALID,23.369016000000002,VALID,Warning,WARN: High flow rate detected (Flood risk)
2026-04-17 01:00:00+00:00,10.4,VALID,6531.741866666666,VALID,23.379176,VALID,Warning,WARN: High flow rate detected (Flood risk)
2026-04-17 02:00:00+00:00,10.4,VALID,5989.0032,VALID,23.3553,VALID,Warning,WARN: High flow rate detected (Flood risk)
2026-04-17 03:00:00+00:00,10.4,VALID,5203.2119999999995,VALID,23.359872000000003,VALID,Warning,WARN: High flow rate detected (Flood risk)
2026-04-17 04:00:00+00:00,10.4,VALID,5436.8256,VALID,23.353776000000003,VALID,Warning,WARN: High flow rate detected (Flood risk)
2026-04-17 07:00:00+00:00,10.4,VALID,5344.796,VALID,23.409402,VALID,Warning,WARN: High flow rate detected (Flood risk)
2026-04-17 08:00:00+00:00,10.4,VALID,5153.6576000000005,VALID,23.466552,VALID,Warning,WARN: High flow rate detected (Flood risk)
2026-04-17 09:00:00+00:00,10.4,VALID,5472.2216,VALID,23.45436,VALID,Warning,WARN: High flow rate detected (Flood risk)
2026-04-17 10:00:00+00:00,10.4,VALID,4743.064,VALID,23.451312,VALID,Warning,WARN: High flow rate detected (Flood risk)
2026-04-17 11:00:00+00:00,10.4,VALID,4771.3808,VALID,23.513796000000003,VALID,Warning,WARN: High flow rate detected (Flood risk)
2026-04-17 12:00:00+00:00,10.4,VALID,5429.7464,VALID,23.535132,VALID,Warning,WARN: High flow rate detected (Flood risk)
2026-04-17 13:00:00+00:00,10.4,VALID,5231.5288,VALID,23.53056,VALID,Warning,WARN: High flow rate detected (Flood risk)
2026-04-17 14:00:00+00:00,10.4,VALID,4974.317866666667,VALID,23.503128000000004,VALID,Warning,WARN: High flow rate detected (Flood risk)
2026-04-17 15:00:00+00:00,10.5,VALID,5295.241599999999,VALID,23.495508,VALID,Warning,WARN: High flow rate detected (Flood risk)
2026-04-17 16:00:00+00:00,10.5,VALID,4573.1632,VALID,23.399496,VALID,Warning,WARN: High flow rate detected (Flood risk)
2026-04-17 17:00:00+00:00,10.5,VALID,5351.8751999999995,VALID,23.359872000000003,VALID,Warning,WARN: High flow rate detected (Flood risk)
2026-04-17 18:00:00+00:00,10.5,VALID,5332.997333333333,VALID,23.370032,VALID,Warning,WARN: High flow rate detected (Flood risk)
2026-04-17 19:00:00+00:00,10.5,VALID,4360.7872,VALID,23.3934,VALID,Warning,WARN: High flow rate detected (Flood risk)
2026-04-17 20:00:00+00:00,10.5,VALID,4596.760533333333,VALID,23.409656000000002,VALID,Warning,WARN: High flow rate detected (Flood risk)
2026-04-17 21:00:00+00:00,10.5,VALID,4728.9056,VALID,23.442168,VALID,Warning,WARN: High flow rate detected (Flood risk)
2026-04-17 22:00:00+00:00,10.5,VALID,4577.882666666667,VALID,23.462488000000004,VALID,Warning,WARN: High flow rate detected (Flood risk)
2026-04-18 00:00:00+00:00,10.5,VALID,4757.2224,VALID,23.567136000000005,VALID,Warning,WARN: High flow rate detected (Flood risk)
2026-04-18 01:00:00+00:00,10.5,VALID,4946.001066666667,VALID,23.609808,VALID,Warning,WARN: High flow rate detected (Flood risk)
2026-04-18 02:00:00+00:00,10.5,VALID,4686.430399999999,VALID,23.603712,VALID,Warning,WARN: High flow rate detected (Flood risk)
2026-04-18 03:00:00+00:00,10.5,VALID,4870.4896,VALID,23.579328,VALID,Warning,WARN: High flow rate detected (Flood risk)
2026-04-18 04:00:00+00:00,10.5,VALID,5231.5288,VALID,23.570184,VALID,Warning,WARN: High flow rate detected (Flood risk)
2026-04-18 05:00:00+00:00,10.5,VALID,4719.466666666666,VALID,23.573232,VALID,Warning,WARN: High flow rate detected (Flood risk)
2026-04-18 06:00:00+00:00,10.5,VALID,5295.241599999999,VALID,23.570183999999998,VALID,Warning,WARN: High flow rate detected (Flood risk)
2026-04-18 07:00:00+00:00,10.5,VALID,5210.2912,VALID,23.580344,VALID,Warning,WARN: High flow rate detected (Flood risk)
2026-04-18 08:00:00+00:00,10.5,VALID,5266.9248,VALID,23.60676,VALID,Warning,WARN: High flow rate detected (Flood risk)
2026-04-18 09:00:00+00:00,10.5,VALID,5200.852266666666,VALID,23.599648000000002,VALID,Warning,WARN: High flow rate detected (Flood risk)
2026-04-18 10:00:00+00:00,10.5,VALID,5644.482133333334,VALID,23.596600000000006,VALID,Warning,WARN: High flow rate detected (Flood risk)
2026-04-18 11:00:00+00:00,10.5,VALID,5684.5976,VALID,23.600664000000002,VALID,Warning,WARN: High flow rate detected (Flood risk)
2026-04-18 12:00:00+00:00,10.5,VALID,5512.337066666667,VALID,23.604728000000005,VALID,Warning,WARN: High flow rate detected (Flood risk)
2026-04-18 13:00:00+00:00,10.5,VALID,5776.6272,VALID,23.570184,VALID,Warning,WARN: High flow rate detected (Flood risk)
2026-04-18 14:00:00+00:00,10.5,VALID,5776.6272,VALID,23.577296,VALID,Warning,WARN: High flow rate detected (Flood risk)
2026-04-18 15:00:00+00:00,10.5,VALID,6300.487999999999,VALID,23.589234,VALID,Warning,WARN: High flow rate detected (Flood risk)
2026-04-18 16:00:00+00:00,10.4,VALID,5493.4592,VALID,23.583138,VALID,Warning,WARN: High flow rate detected (Flood risk)
2026-04-18 17:00:00+00:00,10.4,VALID,5557.1720000000005,VALID,23.577042000000002,VALID,Warning,WARN: High flow rate detected (Flood risk)
2026-04-18 19:00:00+00:00,10.5,VALID,6102.270399999999,VALID,23.579328,VALID,Warning,WARN: High flow rate detected (Flood risk)
2026-04-18 21:00:00+00:00,10.5,VALID,6654.448,VALID,23.580852,VALID,Warning,WARN: High flow rate detected (Flood risk)
2026-04-18 22:00:00+00:00,10.5,VALID,6611.9728,VALID,23.56866,VALID,Warning,WARN: High flow rate detected (Flood risk)
2026-04-18 23:00:00+00:00,10.5,VALID,7173.589333333333,VALID,23.567136,VALID,Warning,WARN: High flow rate detected (Flood risk)
2026-04-19 00:00:00+00:00,10.6,VALID,5932.3696,VALID,23.589996,VALID,Warning,WARN: High flow rate detected (Flood risk)
2026-04-19 01:00:00+00:00,10.6,VALID,5960.6864,VALID,23.602188,VALID,Warning,WARN: High flow rate detected (Flood risk)
2026-04-19 02:00:00+00:00,10.6,VALID,5493.4592,VALID,23.602695999999998,VALID,Warning,WARN: High flow rate detected (Flood risk)
2026-04-19 03:00:00+00:00,10.5,VALID,5507.6176,VALID,23.578566000000002,VALID,Warning,WARN: High flow rate detected (Flood risk)
2026-04-19 04:00:00+00:00,10.5,VALID,6003.1616,VALID,23.463504000000004,VALID,Warning,WARN: High flow rate detected (Flood risk)
2026-04-19 05:00:00+00:00,10.5,VALID,4813.856,VALID,23.451312,VALID,Warning,WARN: High flow rate detected (Flood risk)
2026-04-19 06:00:00+00:00,10.5,VALID,4828.0144,VALID,23.411687999999998,VALID,Warning,WARN: High flow rate detected (Flood risk)
2026-04-19 07:00:00+00:00,10.5,VALID,4799.6975999999995,VALID,23.362920000000003,VALID,Warning,WARN: High flow rate detected (Flood risk)
2026-04-19 08:00:00+00:00,10.6,VALID,5295.2416,VALID,23.311866000000002,VALID,Warning,WARN: High flow rate detected (Flood risk)
2026-04-19 09:00:00+00:00,10.6,VALID,4190.8864,VALID,23.278592,VALID,Warning,WARN: High flow rate detected (Flood risk)
2026-04-19 10:00:00+00:00,10.6,VALID,4559.004800000001,VALID,23.245572000000003,VALID,Warning,WARN: High flow rate detected (Flood risk)
2026-04-19 11:00:00+00:00,10.6,VALID,4559.0048,VALID,23.23338,VALID,Warning,WARN: High flow rate detected (Flood risk)
2026-04-19 12:00:00+00:00,10.6,VALID,4353.708,VALID,23.197566000000002,VALID,Warning,WARN: High flow rate detected (Flood risk)
2026-04-19 13:00:00+00:00,10.6,VALID,4516.5296,VALID,23.213568000000002,VALID,Warning,WARN: High flow rate detected (Flood risk)
2026-04-19 15:00:00+00:00,10.6,VALID,4983.7568,VALID,23.176992000000002,VALID,Warning,WARN: High flow rate detected (Flood risk)
2026-04-19 16:00:00+00:00,10.6,VALID,4622.7176,VALID,23.185374000000003,VALID,Warning,WARN: High flow rate detected (Flood risk)
2026-04-19 17:00:00+00:00,10.6,VALID,4948.3608,VALID,23.228046,VALID,Warning,WARN: High flow rate detected (Flood risk)
2026-04-19 18:00:00+00:00,10.6,VALID,4530.688,VALID,23.208234,VALID,Warning,WARN: High flow rate detected (Flood risk)
2026-04-19 19:00:00+00:00,10.6,VALID,4898.8064,VALID,23.198328000000004,VALID,Warning,WARN: High flow rate detected (Flood risk)
2026-04-19 20:00:00+00:00,10.6,VALID,5160.7368,VALID,23.205948000000003,VALID,Warning,WARN: High flow rate detected (Flood risk)
2026-04-19 21:00:00+00:00,10.6,VALID,5399.069866666667,VALID,23.21052,VALID,Warning,WARN: High flow rate detected (Flood risk)
2026-04-19 22:00:00+00:00,10.6,VALID,4889.367466666667,VALID,23.207472,VALID,Warning,WARN: High flow rate detected (Flood risk)
2026-04-19 23:00:00+00:00,10.6,VALID,6250.9336,VALID,23.208996000000003,VALID,Warning,WARN: High flow rate detected (Flood risk)
2026-04-20 00:00:00+00:00,10.6,VALID,5776.6272,VALID,23.210520000000002,VALID,Warning,WARN: High flow rate detected (Flood risk)
2026-04-20 01:00:00+00:00,10.6,VALID,6069.2341333333325,VALID,23.333455999999998,VALID,Warning,WARN: High flow rate detected (Flood risk)
2026-04-20 02:00:00+00:00,10.6,VALID,6059.7952,VALID,23.356824,VALID,Warning,WARN: High flow rate detected (Flood risk)
2026-04-20 03:00:00+00:00,10.5,VALID,6597.8144,VALID,23.358348,VALID,Warning,WARN: High flow rate detected (Flood risk)
2026-04-20 04:00:00+00:00,10.5,VALID,6229.696,VALID,23.332440000000002,VALID,Warning,WARN: High flow rate detected (Flood risk)
2026-04-20 05:00:00+00:00,10.5,VALID,5351.8751999999995,VALID,23.22576,VALID,Warning,WARN: High flow rate detected (Flood risk)
2026-04-20 06:00:00+00:00,10.5,VALID,4941.2816,VALID,23.199852,VALID,Warning,WARN: High flow rate detected (Flood risk)
2026-04-20 07:00:00+00:00,10.5,VALID,4714.7472,VALID,23.163276000000003,VALID,Warning,WARN: High flow rate detected (Flood risk)
2026-04-20 08:00:00+00:00,10.5,VALID,4587.321599999999,VALID,23.178516000000002,VALID,Warning,WARN: High flow rate detected (Flood risk)
2026-04-20 09:00:00+00:00,10.5,VALID,4247.5199999999995,VALID,23.191216,VALID,Warning,WARN: High flow rate detected (Flood risk)
2026-04-20 10:00:00+00:00,10.5,VALID,4238.081066666667,VALID,23.19528,VALID,Warning,WARN: High flow rate detected (Flood risk)
2026-04-20 11:00:00+00:00,10.5,VALID,4304.153600000001,VALID,23.18512,VALID,Warning,WARN: High flow rate detected (Flood risk)
2026-04-20 12:00:00+00:00,10.5,VALID,4794.978133333333,VALID,23.227791999999997,VALID,Warning,WARN: High flow rate detected (Flood risk)
2026-04-20 13:00:00+00:00,10.5,VALID,5021.5125333333335,VALID,23.273512,VALID,Warning,WARN: High flow rate detected (Flood risk)
2026-04-20 14:00:00+00:00,10.5,VALID,5804.944,VALID,23.291800000000006,VALID,Warning,WARN: High flow rate detected (Flood risk)
2026-04-20 15:00:00+00:00,10.5,VALID,5125.3408,VALID,23.278592000000003,VALID,Warning,WARN: High flow rate detected (Flood risk)
2026-04-20 16:00:00+00:00,10.5,VALID,4794.978133333333,VALID,23.321264,VALID,Warning,WARN: High flow rate detected (Flood risk)
2026-04-20 17:00:00+00:00,10.5,VALID,4832.7338666666665,VALID,23.295864000000005,VALID,Warning,WARN: High flow rate detected (Flood risk)
2026-04-20 18:00:00+00:00,10.5,VALID,4747.783466666667,VALID,23.2664,VALID,Warning,WARN: High flow rate detected (Flood risk)
2026-04-20 19:00:00+00:00,10.6,VALID,3865.2432,VALID,23.260812,VALID,Warning,WARN: High flow rate detected (Flood risk)
2026-04-20 20:00:00+00:00,10.6,VALID,4658.113600000001,VALID,23.278338,VALID,Warning,WARN: High flow rate detected (Flood risk)
2026-04-20 21:00:00+00:00,10.6,VALID,4523.6088,VALID,23.265384,VALID,Warning,WARN: High flow rate detected (Flood risk)
2026-04-20 22:00:00+00:00,10.6,VALID,4374.9456,VALID,23.26386,VALID,Warning,WARN: High flow rate detected (Flood risk)
2026-04-20 23:00:00+00:00,10.6,VALID,4622.7176,VALID,23.295102,VALID,Warning,WARN: High flow rate detected (Flood risk)
2026-04-21 00:00:00+00:00,10.6,VALID,6165.983200000001,VALID,23.411688,VALID,Warning,WARN: High flow rate detected (Flood risk)
2026-04-21 01:00:00+00:00,10.6,VALID,7086.2792,VALID,23.493984,VALID,Warning,WARN: High flow rate detected (Flood risk)
2026-04-21 02:00:00+00:00,10.6,VALID,7249.1008,VALID,23.460456,VALID,Warning,WARN: High flow rate detected (Flood risk)
2026-04-21 03:00:00+00:00,10.6,VALID,5925.2904,VALID,23.418546000000003,VALID,Warning,WARN: High flow rate detected (Flood risk)
2026-04-21 04:00:00+00:00,10.6,VALID,5797.8648,VALID,23.413212,VALID,Warning,WARN: High flow rate detected (Flood risk)
2026-04-21 05:00:00+00:00,10.6,VALID,6109.3496,VALID,23.421594,VALID,Warning,WARN: High flow rate detected (Flood risk)
2026-04-21 06:00:00+00:00,10.6,VALID,5719.9936,VALID,23.381208,VALID,Warning,WARN: High flow rate detected (Flood risk)
2026-04-21 07:00:00+00:00,10.6,VALID,6215.5376,VALID,23.377398,VALID,Warning,WARN: High flow rate detected (Flood risk)
2026-04-21 08:00:00+00:00,10.6,VALID,5868.6568,VALID,23.408640000000002,VALID,Warning,WARN: High flow rate detected (Flood risk)
2026-04-21 09:00:00+00:00,10.6,VALID,6944.6952,VALID,23.526750000000003,VALID,Warning,WARN: High flow rate detected (Flood risk)
2026-04-21 10:00:00+00:00,10.6,VALID,6923.4576,VALID,23.583138,VALID,Warning,WARN: High flow rate detected (Flood risk)
2026-04-21 11:00:00+00:00,10.6,VALID,7284.4968,VALID,23.602950000000003,VALID,Warning,WARN: High flow rate detected (Flood risk)
2026-04-21 12:00:00+00:00,10.6,VALID,5812.0232,VALID,23.634954,VALID,Warning,WARN: High flow rate detected (Flood risk)
2026-04-21 13:00:00+00:00,10.6,VALID,5295.241599999999,VALID,23.69058,VALID,Warning,WARN: High flow rate detected (Flood risk)
2026-04-21 14:00:00+00:00,10.6,VALID,5380.192,VALID,23.702772000000003,VALID,Warning,WARN: High flow rate detected (Flood risk)
2026-04-21 15:00:00+00:00,10.6,VALID,4764.3016,VALID,23.714202,VALID,Warning,WARN: High flow rate detected (Flood risk)
2026-04-21 16:00:00+00:00,10.6,VALID,4721.8264,VALID,23.615142,VALID,Warning,WARN: High flow rate detected (Flood risk)
2026-04-21 17:00:00+00:00,10.6,VALID,5642.1224,VALID,23.603712,VALID,Warning,WARN: High flow rate detected (Flood risk)
2026-04-21 18:00:00+00:00,10.7,VALID,6031.4784,VALID,23.605998,VALID,Warning,WARN: High flow rate detected (Flood risk)
2026-04-21 19:00:00+00:00,10.7,VALID,6413.7552,VALID,23.607522000000003,VALID,Warning,WARN: High flow rate detected (Flood risk)
2026-04-21 20:00:00+00:00,10.7,VALID,6307.5671999999995,VALID,23.552658,VALID,Warning,WARN: High flow rate detected (Flood risk)
2026-04-21 21:00:00+00:00,10.7,VALID,6555.3392,VALID,23.528274,VALID,Warning,WARN: High flow rate detected (Flood risk)
2026-04-21 22:00:00+00:00,10.7,VALID,6364.2008,VALID,23.493984,VALID,Warning,WARN: High flow rate detected (Flood risk)
2026-04-21 23:00:00+00:00,10.6,VALID,6328.8048,VALID,23.455884,VALID,Warning,WARN: High flow rate detected (Flood risk)
2026-04-22 00:00:00+00:00,10.6,VALID,6633.2104,VALID,23.477982,VALID,Warning,WARN: High flow rate detected (Flood risk)
2026-04-22 01:00:00+00:00,10.6,VALID,6534.1016,VALID,23.48484,VALID,Warning,WARN: High flow rate detected (Flood risk)
2026-04-22 02:00:00+00:00,10.6,VALID,6279.2504,VALID,23.452836,VALID,Warning,WARN: High flow rate detected (Flood risk)
2026-04-22 03:00:00+00:00,10.6,VALID,6010.2408,VALID,23.427690000000002,VALID,Warning,WARN: High flow rate detected (Flood risk)
2026-04-22 04:00:00+00:00,10.6,VALID,5967.7656,VALID,23.430738,VALID,Warning,WARN: High flow rate detected (Flood risk)
2026-04-22 05:00:00+00:00,10.6,VALID,5896.9736,VALID,23.427690000000002,VALID,Warning,WARN: High flow rate detected (Flood risk)
2026-04-22 06:00:00+00:00,10.6,VALID,5748.3104,VALID,23.42769,VALID,Warning,WARN: High flow rate detected (Flood risk)
2026-04-22 07:00:00+00:00,10.6,VALID,5373.1128,VALID,23.421594000000002,VALID,Warning,WARN: High flow rate detected (Flood risk)
2026-04-22 08:00:00+00:00,10.6,VALID,5146.5784,VALID,23.429214,VALID,Warning,WARN: High flow rate detected (Flood risk)
2026-04-22 09:00:00+00:00,10.7,VALID,5550.0928,VALID,23.436072000000003,VALID,Warning,WARN: High flow rate detected (Flood risk)
2026-04-22 10:00:00+00:00,10.7,VALID,5904.0527999999995,VALID,23.445978000000004,VALID,Warning,WARN: High flow rate detected (Flood risk)
2026-04-22 11:00:00+00:00,10.7,VALID,5776.6272,VALID,23.43531,VALID,Warning,WARN: High flow rate detected (Flood risk)
2026-04-22 12:00:00+00:00,10.7,VALID,6357.1216,VALID,23.472648,VALID,Warning,WARN: High flow rate detected (Flood risk)
2026-04-22 13:00:00+00:00,10.7,VALID,6463.3096,VALID,23.499318000000002,VALID,Warning,WARN: High flow rate detected (Flood risk)
2026-04-22 14:00:00+00:00,10.7,VALID,6668.6064,VALID,23.471124000000003,VALID,Warning,WARN: High flow rate detected (Flood risk)
2026-04-22 15:00:00+00:00,10.7,VALID,6534.1016,VALID,23.409402,VALID,Warning,WARN: High flow rate detected (Flood risk)
2026-04-22 16:00:00+00:00,10.7,VALID,6413.7552,VALID,23.398734,VALID,Warning,WARN: High flow rate detected (Flood risk)
2026-04-22 17:00:00+00:00,10.7,VALID,6201.379199999999,VALID,23.418546000000003,VALID,Warning,WARN: High flow rate detected (Flood risk)
2026-04-22 18:00:00+00:00,10.7,VALID,5493.4592,VALID,23.465028,VALID,Warning,WARN: High flow rate detected (Flood risk)
2026-04-22 19:00:00+00:00,10.7,VALID,6180.1416,VALID,23.465790000000002,VALID,Warning,WARN: High flow rate detected (Flood risk)
2026-04-22 20:00:00+00:00,10.6,VALID,6144.7456,VALID,23.447502,VALID,Warning,WARN: High flow rate detected (Flood risk)
2026-04-22 21:00:00+00:00,10.7,VALID,6569.4976,VALID,23.470362,VALID,Warning,WARN: High flow rate detected (Flood risk)
2026-04-22 22:00:00+00:00,10.7,VALID,6753.5568,VALID,23.497032,VALID,Warning,WARN: High flow rate detected (Flood risk)
2026-04-22 23:00:00+00:00,10.7,VALID,6739.3984,VALID,23.509986,VALID,Warning,WARN: High flow rate detected (Flood risk)
2026-04-23 00:00:00+00:00,10.7,VALID,6817.2696,VALID,23.517606,VALID,Warning,WARN: High flow rate detected (Flood risk)
2026-04-23 01:00:00+00:00,10.7,VALID,7326.972,VALID,23.609046,VALID,Warning,WARN: High flow rate detected (Flood risk)
2026-04-23 02:00:00+00:00,10.7,VALID,7383.6056,VALID,23.662386,VALID,Warning,WARN: High flow rate detected (Flood risk)
2026-04-23 03:00:00+00:00,10.7,VALID,7072.1208,VALID,23.661624000000003,VALID,Warning,WARN: High flow rate detected (Flood risk)
2026-04-23 04:00:00+00:00,10.6,VALID,7008.407999999999,VALID,23.654766000000002,VALID,Warning,WARN: High flow rate detected (Flood risk)
2026-04-23 05:00:00+00:00,10.6,VALID,7213.7047999999995,VALID,23.673054,VALID,Warning,WARN: High flow rate detected (Flood risk)
2026-04-23 06:00:00+00:00,10.6,VALID,7001.328799999999,VALID,23.573994000000003,VALID,Warning,WARN: High flow rate detected (Flood risk)
2026-04-23 07:00:00+00:00,10.6,VALID,6576.5768,VALID,23.493222000000003,VALID,Warning,WARN: High flow rate detected (Flood risk)
2026-04-23 08:00:00+00:00,10.6,VALID,6519.9432,VALID,23.468837999999998,VALID,Warning,WARN: High flow rate detected (Flood risk)
2026-04-23 09:00:00+00:00,10.6,VALID,6364.2008,VALID,23.465790000000002,VALID,Warning,WARN: High flow rate detected (Flood risk)
2026-04-23 10:00:00+00:00,10.6,VALID,5953.6072,VALID,23.458170000000003,VALID,Warning,WARN: High flow rate detected (Flood risk)
2026-04-23 11:00:00+00:00,10.6,VALID,5642.1224,VALID,23.452836,VALID,Warning,WARN: High flow rate detected (Flood risk)
2026-04-23 12:00:00+00:00,10.6,VALID,5550.0928,VALID,23.517606,VALID,Warning,WARN: High flow rate detected (Flood risk)
2026-04-23 13:00:00+00:00,10.6,VALID,5691.6768,VALID,23.564088,VALID,Warning,WARN: High flow rate detected (Flood risk)
2026-04-23 14:00:00+00:00,10.6,VALID,5889.8944,VALID,23.584662,VALID,Warning,WARN: High flow rate detected (Flood risk)
2026-04-23 15:00:00+00:00,10.6,VALID,6548.26,VALID,23.595330000000004,VALID,Warning,WARN: High flow rate detected (Flood risk)
2026-04-23 16:00:00+00:00,10.6,VALID,7341.1304,VALID,23.598378,VALID,Warning,WARN: High flow rate detected (Flood risk)
2026-04-23 17:00:00+00:00,10.6,VALID,7213.7047999999995,VALID,23.589996,VALID,Warning,WARN: High flow rate detected (Flood risk)
2026-04-23 18:00:00+00:00,10.6,VALID,7369.4472,VALID,23.616666000000002,VALID,Warning,WARN: High flow rate detected (Flood risk)
2026-04-23 19:00:00+00:00,10.6,VALID,7511.0312,VALID,23.644098,VALID,Warning,WARN: High flow rate detected (Flood risk)
2026-04-23 20:00:00+00:00,10.7,VALID,7673.8528,VALID,23.689056,VALID,Warning,WARN: High flow rate detected (Flood risk)
2026-04-23 21:00:00+00:00,10.7,VALID,7794.1992,VALID,23.70201,VALID,Warning,WARN: High flow rate detected (Flood risk)
2026-04-23 22:00:00+00:00,10.7,VALID,7744.6448,VALID,23.699724000000003,VALID,Warning,WARN: High flow rate detected (Flood risk)
2026-04-23 23:00:00+00:00,10.7,VALID,7992.4168,VALID,23.7363,VALID,Warning,WARN: High flow rate detected (Flood risk)
2026-04-24 00:00:00+00:00,10.7,VALID,8098.604799999999,VALID,23.784306,VALID,Warning,WARN: High flow rate detected (Flood risk)
2026-04-24 01:00:00+00:00,10.7,VALID,8487.9608,VALID,23.862792,VALID,Warning,WARN: High flow rate detected (Flood risk)
2026-04-24 02:00:00+00:00,10.7,VALID,8884.396,VALID,23.910798,VALID,Warning,WARN: High flow rate detected (Flood risk)
2026-04-24 03:00:00+00:00,10.7,VALID,8707.416,VALID,23.906226,VALID,Warning,WARN: High flow rate detected (Flood risk)
2026-04-24 04:00:00+00:00,10.7,VALID,7928.704,VALID,23.906988000000002,VALID,Warning,WARN: High flow rate detected (Flood risk)
2026-04-24 05:00:00+00:00,10.8,VALID,7659.6944,VALID,23.898606,VALID,Warning,WARN: High flow rate detected (Flood risk)
2026-04-24 06:00:00+00:00,10.8,VALID,6413.7552,VALID,23.863554,VALID,Warning,WARN: High flow rate detected (Flood risk)
2026-04-24 07:00:00+00:00,10.8,VALID,6010.2408,VALID,23.836884,VALID,Warning,WARN: High flow rate detected (Flood risk)
2026-04-24 08:00:00+00:00,10.8,VALID,5578.4096,VALID,23.822406000000004,VALID,Warning,WARN: High flow rate detected (Flood risk)
2026-04-24 09:00:00+00:00,10.8,VALID,6010.2408,VALID,23.806404,VALID,Warning,WARN: High flow rate detected (Flood risk)
2026-04-24 10:00:00+00:00,10.8,VALID,5479.3008,VALID,23.82012,VALID,Warning,WARN: High flow rate detected (Flood risk)
2026-04-24 11:00:00+00:00,10.8,VALID,5741.2312,VALID,23.829264000000002,VALID,Warning,WARN: High flow rate detected (Flood risk)
2026-04-24 12:00:00+00:00,10.8,VALID,6463.3096000000005,VALID,23.862792,VALID,Warning,WARN: High flow rate detected (Flood risk)
2026-04-24 13:00:00+00:00,10.8,VALID,6831.428,VALID,23.8887,VALID,Warning,WARN: High flow rate detected (Flood risk)
2026-04-24 14:00:00+00:00,10.8,VALID,7312.8135999999995,VALID,23.881842,VALID,Warning,WARN: High flow rate detected (Flood risk)
2026-04-24 15:00:00+00:00,10.8,VALID,6838.5072,VALID,23.870412,VALID,Warning,WARN: High flow rate detected (Flood risk)
2026-04-24 16:00:00+00:00,10.8,VALID,5967.7656,VALID,23.794212,VALID,Warning,WARN: High flow rate detected (Flood risk)
2026-04-24 17:00:00+00:00,10.8,VALID,6017.32,VALID,23.668482,VALID,Warning,WARN: High flow rate detected (Flood risk)
2026-04-24 18:00:00+00:00,10.8,VALID,5252.7664,VALID,23.63343,VALID,Warning,WARN: High flow rate detected (Flood risk)
2026-04-24 19:00:00+00:00,10.8,VALID,5408.5088,VALID,23.639526000000004,VALID,Warning,WARN: High flow rate detected (Flood risk)
2026-04-24 20:00:00+00:00,10.9,VALID,5486.379999999999,VALID,23.565612,VALID,Warning,WARN: High flow rate detected (Flood risk)
2026-04-24 21:00:00+00:00,10.9,VALID,4842.1728,VALID,23.484078,VALID,Warning,WARN: High flow rate detected (Flood risk)
2026-04-24 22:00:00+00:00,11.0,VALID,5231.5288,VALID,23.426166000000002,VALID,Warning,WARN: High flow rate detected (Flood risk)
2026-04-24 23:00:00+00:00,11.0,VALID,5281.0832,VALID,23.411687999999998,VALID,Warning,WARN: High flow rate detected (Flood risk)
2026-04-25 00:00:00+00:00,11.0,VALID,6357.1215999999995,VALID,23.497794000000003,VALID,Warning,WARN: High flow rate detected (Flood risk)
2026-04-25 01:00:00+00:00,11.0,VALID,7638.4568,VALID,23.548086,VALID,Warning,WARN: High flow rate detected (Flood risk)
2026-04-25 02:00:00+00:00,11.0,VALID,6711.0815999999995,VALID,23.542752,VALID,Warning,WARN: High flow rate detected (Flood risk)
2026-04-25 03:00:00+00:00,11.0,VALID,5415.588,VALID,23.60295,VALID,Warning,WARN: High flow rate detected (Flood risk)
2026-04-25 04:00:00+00:00,11.0,VALID,6073.9536,VALID,23.689818000000002,VALID,Warning,WARN: High flow rate detected (Flood risk)
2026-04-25 05:00:00+00:00,11.0,VALID,6463.3096000000005,VALID,23.761446,VALID,Warning,WARN: High flow rate detected (Flood risk)
2026-04-25 06:00:00+00:00,11.0,VALID,7539.348,VALID,23.788878,VALID,Warning,WARN: High flow rate detected (Flood risk)
2026-04-25 07:00:00+00:00,11.1,VALID,6527.0224,VALID,23.665434,VALID,Warning,WARN: High flow rate detected (Flood risk)
2026-04-25 08:00:00+00:00,11.1,VALID,5613.8056,VALID,23.602188,VALID,Warning,WARN: High flow rate detected (Flood risk)
2026-04-25 09:00:00+00:00,11.1,VALID,5564.2512,VALID,23.60676,VALID,Warning,WARN: High flow rate detected (Flood risk)
2026-04-25 10:00:00+00:00,11.1,VALID,5309.4,VALID,23.648670000000003,VALID,Warning,WARN: High flow rate detected (Flood risk)
2026-04-25 11:00:00+00:00,11.1,VALID,6222.6168,VALID,23.650194,VALID,Warning,WARN: High flow rate detected (Flood risk)
2026-04-25 12:00:00+00:00,11.1,VALID,5564.2512,VALID,23.657052,VALID,Warning,WARN: High flow rate detected (Flood risk)
2026-04-25 13:00:00+00:00,11.1,VALID,5528.8552,VALID,23.659338,VALID,Warning,WARN: High flow rate detected (Flood risk)
2026-04-25 14:00:00+00:00,11.1,VALID,6739.3984,VALID,23.666196,VALID,Warning,WARN: High flow rate detected (Flood risk)
2026-04-25 15:00:00+00:00,11.1,VALID,5514.6968,VALID,23.571708,VALID,Warning,WARN: High flow rate detected (Flood risk)
2026-04-25 16:00:00+00:00,11.0,VALID,5316.4792,VALID,23.496270000000003,VALID,Warning,WARN: High flow rate detected (Flood risk)
2026-04-25 17:00:00+00:00,11.1,VALID,6399.596799999999,VALID,23.472648000000003,VALID,Warning,WARN: High flow rate detected (Flood risk)
2026-04-25 18:00:00+00:00,11.1,VALID,4820.9352,VALID,23.502366000000002,VALID,Warning,WARN: High flow rate detected (Flood risk)
2026-04-25 19:00:00+00:00,11.1,VALID,5344.796,VALID,23.486364000000002,VALID,Warning,WARN: High flow rate detected (Flood risk)
2026-04-25 20:00:00+00:00,11.2,VALID,4778.46,VALID,23.48103,VALID,Warning,WARN: High flow rate detected (Flood risk)
2026-04-25 21:00:00+00:00,11.2,VALID,5316.4792,VALID,23.484078,VALID,Warning,WARN: High flow rate detected (Flood risk)
2026-04-25 22:00:00+00:00,11.2,VALID,5918.2112,VALID,23.493984,VALID,Warning,WARN: High flow rate detected (Flood risk)
2026-04-25 23:00:00+00:00,11.2,VALID,4643.9552,VALID,23.487126000000004,VALID,Warning,WARN: High flow rate detected (Flood risk)
2026-04-26 00:00:00+00:00,11.2,VALID,5578.4096,VALID,23.484078,VALID,Warning,WARN: High flow rate detected (Flood risk)
2026-04-26 01:00:00+00:00,11.3,VALID,6314.6464,VALID,23.61438,VALID,Warning,WARN: High flow rate detected (Flood risk)
2026-04-26 02:00:00+00:00,11.3,VALID,7057.9624,VALID,23.685246000000003,VALID,Warning,WARN: High flow rate detected (Flood risk)
2026-04-26 03:00:00+00:00,11.2,VALID,5514.6968,VALID,23.70963,VALID,Warning,WARN: High flow rate detected (Flood risk)
2026-04-26 04:00:00+00:00,11.2,VALID,5925.2904,VALID,23.712678,VALID,Warning,WARN: High flow rate detected (Flood risk)
2026-04-26 05:00:00+00:00,11.2,VALID,6626.1312,VALID,23.76678,VALID,Warning,WARN: High flow rate detected (Flood risk)
2026-04-26 06:00:00+00:00,11.3,VALID,5755.3895999999995,VALID,23.804118000000003,VALID,Warning,WARN: High flow rate detected (Flood risk)
2026-04-26 07:00:00+00:00,11.3,VALID,5274.004,VALID,23.74773,VALID,Warning,WARN: High flow rate detected (Flood risk)
2026-04-26 08:00:00+00:00,11.3,VALID,4502.3712,VALID,23.697438000000002,VALID,Warning,WARN: High flow rate detected (Flood risk)
2026-04-26 09:00:00+00:00,11.4,VALID,4481.1336,VALID,23.711916000000002,VALID,Warning,WARN: High flow rate detected (Flood risk)
2026-04-26 10:00:00+00:00,11.4,VALID,4750.1431999999995,VALID,23.746206,VALID,Warning,WARN: High flow rate detected (Flood risk)
2026-04-26 11:00:00+00:00,11.4,VALID,5401.4295999999995,VALID,23.719536,VALID,Warning,WARN: High flow rate detected (Flood risk)
2026-04-26 12:00:00+00:00,11.4,VALID,4622.7176,VALID,23.776686,VALID,Warning,WARN: High flow rate detected (Flood risk)
2026-04-26 13:00:00+00:00,11.4,VALID,5918.2112,VALID,23.808690000000002,VALID,Warning,WARN: High flow rate detected (Flood risk)
2026-04-26 14:00:00+00:00,11.4,VALID,5224.4496,VALID,23.815548,VALID,Warning,WARN: High flow rate detected (Flood risk)
2026-04-26 15:00:00+00:00,11.4,VALID,5217.3704,VALID,23.738586,VALID,Warning,WARN: High flow rate detected (Flood risk)
2026-04-26 16:00:00+00:00,11.4,VALID,5472.2216,VALID,23.708106,VALID,Warning,WARN: High flow rate detected (Flood risk)
2026-04-26 17:00:00+00:00,11.4,VALID,4410.3416,VALID,23.730966000000002,VALID,Warning,WARN: High flow rate detected (Flood risk)
2026-04-26 18:00:00+00:00,11.4,VALID,4233.3616,VALID,23.73249,VALID,Warning,WARN: High flow rate detected (Flood risk)
2026-04-26 19:00:00+00:00,11.4,VALID,4502.3712,VALID,23.721822000000003,VALID,Warning,WARN: High flow rate detected (Flood risk)
2026-04-26 20:00:00+00:00,11.4,VALID,4268.7576,VALID,23.715726,VALID,Warning,WARN: High flow rate detected (Flood risk)
2026-04-26 21:00:00+00:00,11.4,VALID,6081.0328,VALID,23.730966000000002,VALID,Warning,WARN: High flow rate detected (Flood risk)
2026-04-26 22:00:00+00:00,11.5,VALID,6045.6368,VALID,23.734014000000002,VALID,Warning,WARN: High flow rate detected (Flood risk)
2026-04-26 23:00:00+00:00,11.5,VALID,6102.2704,VALID,23.724870000000003,VALID,Warning,WARN: High flow rate detected (Flood risk)
2026-04-27 00:00:00+00:00,11.5,VALID,6619.052,VALID,23.716488,VALID,Warning,WARN: High flow rate detected (Flood risk)
2026-04-27 01:00:00+00:00,11.5,VALID,6498.7056,VALID,23.789640000000002,VALID,Warning,WARN: High flow rate detected (Flood risk)
2026-04-27 02:00:00+00:00,11.5,VALID,6357.1215999999995,VALID,23.82393,VALID,Warning,WARN: High flow rate detected (Flood risk)
2026-04-27 03:00:00+00:00,11.5,VALID,6010.2408,VALID,23.79726,VALID,Warning,WARN: High flow rate detected (Flood risk)
2026-04-27 04:00:00+00:00,11.4,VALID,6165.9832,VALID,23.78583,VALID,Warning,WARN: High flow rate detected (Flood risk)
2026-04-27 05:00:00+00:00,11.4,VALID,6208.4583999999995,VALID,23.799546,VALID,Warning,WARN: High flow rate detected (Flood risk)
2026-04-27 06:00:00+00:00,11.4,VALID,5691.676799999999,VALID,23.75916,VALID,Warning,WARN: High flow rate detected (Flood risk)
2026-04-27 07:00:00+00:00,11.4,VALID,5606.7264,VALID,23.705058,VALID,Warning,WARN: High flow rate detected (Flood risk)
2026-04-27 08:00:00+00:00,11.4,VALID,6095.1912,VALID,23.695914000000002,VALID,Warning,WARN: High flow rate detected (Flood risk)
2026-04-27 09:00:00+00:00,11.5,VALID,6512.864,VALID,23.686008,VALID,Warning,WARN: High flow rate detected (Flood risk)
2026-04-27 10:00:00+00:00,11.5,VALID,6668.6064,VALID,23.703534,VALID,Warning,WARN: High flow rate detected (Flood risk)
2026-04-27 11:00:00+00:00,11.5,VALID,7171.2296,VALID,23.780496,VALID,Warning,WARN: High flow rate detected (Flood risk)
2026-04-27 12:00:00+00:00,11.5,VALID,6675.6856,VALID,23.81631,VALID,Warning,WARN: High flow rate detected (Flood risk)
2026-04-27 13:00:00+00:00,11.5,VALID,7496.8728,VALID,23.831550000000004,VALID,Warning,WARN: High flow rate detected (Flood risk)
2026-04-27 14:00:00+00:00,11.5,VALID,7595.9816,VALID,23.807166000000002,VALID,Warning,WARN: High flow rate detected (Flood risk)
2026-04-27 15:00:00+00:00,11.5,VALID,6987.1704,VALID,23.72106,VALID,Warning,WARN: High flow rate detected (Flood risk)
2026-04-27 16:00:00+00:00,11.4,VALID,6824.3488,VALID,23.654004,VALID,Warning,WARN: High flow rate detected (Flood risk)
2026-04-27 17:00:00+00:00,11.4,VALID,6831.428,VALID,23.721822000000003,VALID,Warning,WARN: High flow rate detected (Flood risk)
2026-04-27 18:00:00+00:00,11.4,VALID,7376.5264,VALID,23.767542000000002,VALID,Warning,WARN: High flow rate detected (Flood risk)
2026-04-27 19:00:00+00:00,11.4,VALID,7369.4472000000005,VALID,23.730966000000002,VALID,Warning,WARN: High flow rate detected (Flood risk)
2026-04-27 20:00:00+00:00,11.5,VALID,7334.0512,VALID,23.748492000000002,VALID,Warning,WARN: High flow rate detected (Flood risk)
2026-04-27 21:00:00+00:00,11.4,VALID,7164.1503999999995,VALID,23.781258,VALID,Warning,WARN: High flow rate detected (Flood risk)
2026-04-27 22:00:00+00:00,11.5,VALID,6973.012,VALID,23.800308,VALID,Warning,WARN: High flow rate detected (Flood risk)
2026-04-27 23:00:00+00:00,11.5,VALID,6930.5368,VALID,23.824692000000002,VALID,Warning,WARN: High flow rate detected (Flood risk)
2026-04-28 00:00:00+00:00,11.5,VALID,7447.3184,VALID,23.862792,VALID,Warning,WARN: High flow rate detected (Flood risk)
2026-04-28 01:00:00+00:00,11.5,VALID,7567.6648000000005,VALID,23.862030000000004,VALID,Warning,WARN: High flow rate detected (Flood risk)
2026-04-28 02:00:00+00:00,11.5,VALID,7093.3584,VALID,23.809452,VALID,Warning,WARN: High flow rate detected (Flood risk)
2026-04-28 03:00:00+00:00,11.4,VALID,6073.9536,VALID,23.770590000000002,VALID,Warning,WARN: High flow rate detected (Flood risk)
2026-04-28 04:00:00+00:00,11.4,VALID,5210.2912,VALID,23.716488000000002,VALID,Warning,WARN: High flow rate detected (Flood risk)
2026-04-28 05:00:00+00:00,11.4,VALID,4849.252,VALID,23.675340000000002,VALID,Warning,WARN: High flow rate detected (Flood risk)
2026-04-28 06:00:00+00:00,11.5,VALID,5691.6768,VALID,23.659338,VALID,Warning,WARN: High flow rate detected (Flood risk)
2026-04-28 07:00:00+00:00,11.5,VALID,6130.5872,VALID,23.640288,VALID,Warning,WARN: High flow rate detected (Flood risk)
2026-04-28 08:00:00+00:00,11.5,VALID,4905.8856,VALID,23.611332,VALID,Warning,WARN: High flow rate detected (Flood risk)
2026-04-28 09:00:00+00:00,11.5,VALID,5012.0736,VALID,23.607522000000003,VALID,Warning,WARN: High flow rate detected (Flood risk)
2026-04-28 10:00:00+00:00,11.5,VALID,5302.3207999999995,VALID,23.662386,VALID,Warning,WARN: High flow rate detected (Flood risk)
2026-04-28 11:00:00+00:00,11.5,VALID,6307.5671999999995,VALID,23.754588000000002,VALID,Warning,WARN: High flow rate detected (Flood risk)
2026-04-28 12:00:00+00:00,11.5,VALID,6484.5472,VALID,23.805642000000002,VALID,Warning,WARN: High flow rate detected (Flood risk)
2026-04-28 13:00:00+00:00,11.5,VALID,6519.9432,VALID,23.817072000000003,VALID,Warning,WARN: High flow rate detected (Flood risk)
2026-04-28 14:00:00+00:00,11.5,VALID,6307.5671999999995,VALID,23.817834,VALID,Warning,WARN: High flow rate detected (Flood risk)
2026-04-28 15:00:00+00:00,11.5,VALID,6725.24,VALID,23.751540000000002,VALID,Warning,WARN: High flow rate detected (Flood risk)
2026-04-28 16:00:00+00:00,11.4,VALID,6534.1016,VALID,23.653242,VALID,Warning,WARN: High flow rate detected (Flood risk)
2026-04-28 17:00:00+00:00,11.5,VALID,6597.8144,VALID,23.62581,VALID,Warning,WARN: High flow rate detected (Flood risk)
2026-04-28 18:00:00+00:00,11.5,VALID,6661.5272,VALID,23.650194000000003,VALID,Warning,WARN: High flow rate detected (Flood risk)
2026-04-28 19:00:00+00:00,11.5,VALID,6604.893599999999,VALID,23.634192000000002,VALID,Warning,WARN: High flow rate detected (Flood risk)
2026-04-28 20:00:00+00:00,11.5,VALID,6810.1903999999995,VALID,23.589234,VALID,Warning,WARN: High flow rate detected (Flood risk)
2026-04-28 21:00:00+00:00,11.5,VALID,6604.893599999999,VALID,23.564087999999998,VALID,Warning,WARN: High flow rate detected (Flood risk)
2026-04-28 22:00:00+00:00,11.5,VALID,6364.2008,VALID,23.539704000000004,VALID,Warning,WARN: High flow rate detected (Flood risk)
2026-04-28 23:00:00+00:00,11.5,VALID,6477.468,VALID,23.521416000000002,VALID,Warning,WARN: High flow rate detected (Flood risk)
2026-04-29 00:00:00+00:00,11.5,VALID,6427.9136,VALID,23.514558,VALID,Warning,WARN: High flow rate detected (Flood risk)
2026-04-29 01:00:00+00:00,11.5,VALID,6739.3984,VALID,23.54199,VALID,Warning,WARN: High flow rate detected (Flood risk)
2026-04-29 02:00:00+00:00,11.5,VALID,6916.3784,VALID,23.590758,VALID,Warning,WARN: High flow rate detected (Flood risk)
2026-04-29 03:00:00+00:00,11.5,VALID,6704.0024,VALID,23.593806,VALID,Warning,WARN: High flow rate detected (Flood risk)
2026-04-29 04:00:00+00:00,11.5,VALID,6463.3096000000005,VALID,23.591520000000003,VALID,Warning,WARN: High flow rate detected (Flood risk)
2026-04-29 05:00:00+00:00,11.5,VALID,6406.676,VALID,23.611332,VALID,Warning,WARN: High flow rate detected (Flood risk)
2026-04-29 06:00:00+00:00,11.5,VALID,6003.161599999999,VALID,23.594568000000002,VALID,Warning,WARN: High flow rate detected (Flood risk)
2026-04-29 07:00:00+00:00,11.5,VALID,5847.4192,VALID,23.564088,VALID,Warning,WARN: High flow rate detected (Flood risk)
2026-04-29 08:00:00+00:00,11.5,VALID,5599.647199999999,VALID,23.570184,VALID,Warning,WARN: High flow rate detected (Flood risk)
2026-04-29 09:00:00+00:00,11.5,VALID,4750.1431999999995,VALID,23.59152,VALID,Warning,WARN: High flow rate detected (Flood risk)
2026-04-29 10:00:00+00:00,11.5,VALID,4438.6584,VALID,23.601426,VALID,Warning,WARN: High flow rate detected (Flood risk)
2026-04-29 11:00:00+00:00,11.5,VALID,4714.7472,VALID,23.650194000000003,VALID,Warning,WARN: High flow rate detected (Flood risk)
2026-04-29 12:00:00+00:00,11.5,VALID,5026.232,VALID,23.684484,VALID,Warning,WARN: High flow rate detected (Flood risk)
2026-04-29 13:00:00+00:00,11.5,VALID,5479.3008,VALID,23.679912,VALID,Warning,WARN: High flow rate detected (Flood risk)
2026-04-29 14:00:00+00:00,11.5,VALID,5266.9248,VALID,23.647908,VALID,Warning,WARN: High flow rate detected (Flood risk)
2026-04-29 15:00:00+00:00,11.5,VALID,4289.995199999999,VALID,23.642574000000003,VALID,Warning,WARN: High flow rate detected (Flood risk)
2026-04-29 16:00:00+00:00,11.5,VALID,4070.54,VALID,23.598378,VALID,Warning,WARN: High flow rate detected (Flood risk)
2026-04-29 17:00:00+00:00,11.6,VALID,4438.6584,VALID,23.534370000000003,VALID,Warning,WARN: High flow rate detected (Flood risk)
2026-04-29 18:00:00+00:00,11.6,VALID,4141.332,VALID,23.497794,VALID,Warning,WARN: High flow rate detected (Flood risk)
2026-04-29 19:00:00+00:00,11.6,VALID,3964.352,VALID,23.52294,VALID,Warning,WARN: High flow rate detected (Flood risk)
2026-04-29 20:00:00+00:00,11.6,VALID,4820.9352,VALID,23.528274000000003,VALID,Warning,WARN: High flow rate detected (Flood risk)
2026-04-29 21:00:00+00:00,11.7,VALID,4516.5296,VALID,23.529036,VALID,Warning,WARN: High flow rate detected (Flood risk)
2026-04-29 22:00:00+00:00,11.7,VALID,4764.3016,VALID,23.585424000000003,VALID,Warning,WARN: High flow rate detected (Flood risk)
2026-04-29 23:00:00+00:00,11.8,VALID,4743.064,VALID,23.609808,VALID,Warning,WARN: High flow rate detected (Flood risk)
2026-04-30 00:00:00+00:00,11.8,VALID,4792.6184,VALID,23.636478,VALID,Warning,WARN: High flow rate detected (Flood risk)
2026-04-30 01:00:00+00:00,11.7,VALID,4863.4104,VALID,23.689056,VALID,Warning,WARN: High flow rate detected (Flood risk)
2026-04-30 02:00:00+00:00,11.7,VALID,4912.9648,VALID,23.737062,VALID,Warning,WARN: High flow rate detected (Flood risk)
2026-04-30 03:00:00+00:00,11.7,VALID,5104.1032,VALID,23.725632,VALID,Warning,WARN: High flow rate detected (Flood risk)
2026-04-30 04:00:00+00:00,11.7,VALID,5762.4688,VALID,23.718012,VALID,Warning,WARN: High flow rate detected (Flood risk)
2026-04-30 05:00:00+00:00,11.7,VALID,4941.2816,VALID,23.730204,VALID,Warning,WARN: High flow rate detected (Flood risk)
2026-04-30 06:00:00+00:00,11.7,VALID,5153.6576000000005,VALID,23.731728,VALID,Warning,WARN: High flow rate detected (Flood risk)
2026-04-30 07:00:00+00:00,11.7,VALID,4651.0344,VALID,23.715726,VALID,Warning,WARN: High flow rate detected (Flood risk)
2026-04-30 08:00:00+00:00,11.7,VALID,4488.212799999999,VALID,23.700485999999998,VALID,Warning,WARN: High flow rate detected (Flood risk)
2026-04-30 09:00:00+00:00,11.8,VALID,4502.3712,VALID,23.719536,VALID,Warning,WARN: High flow rate detected (Flood risk)
2026-04-30 10:00:00+00:00,11.8,VALID,4806.7768,VALID,23.727156,VALID,Warning,WARN: High flow rate detected (Flood risk)
2026-04-30 11:00:00+00:00,11.8,VALID,4537.7672,VALID,23.763732,VALID,Warning,WARN: High flow rate detected (Flood risk)
2026-04-30 12:00:00+00:00,11.8,VALID,5245.6872,VALID,23.766780000000004,VALID,Warning,WARN: High flow rate detected (Flood risk)
2026-04-30 13:00:00+00:00,11.8,VALID,5224.4496,VALID,23.714202,VALID,Warning,WARN: High flow rate detected (Flood risk)
2026-04-30 14:00:00+00:00,11.8,VALID,4643.9552,VALID,23.659338,VALID,Warning,WARN: High flow rate detected (Flood risk)
2026-04-30 15:00:00+00:00,11.8,VALID,4735.9848,VALID,23.672292000000002,VALID,Warning,WARN: High flow rate detected (Flood risk)
2026-04-30 16:00:00+00:00,11.8,VALID,5401.4295999999995,VALID,23.680674000000003,VALID,Warning,WARN: High flow rate detected (Flood risk)
2026-04-30 17:00:00+00:00,11.8,VALID,4856.3312000000005,VALID,23.661624,VALID,Warning,WARN: High flow rate detected (Flood risk)
2026-04-30 18:00:00+00:00,11.8,VALID,5394.350399999999,VALID,23.646384,VALID,Warning,WARN: High flow rate detected (Flood risk)
2026-04-30 19:00:00+00:00,11.9,VALID,4997.9151999999995,VALID,23.643336,VALID,Warning,WARN: High flow rate detected (Flood risk)
2026-04-30 20:00:00+00:00,11.9,VALID,5316.4792,VALID,23.643336,VALID,Warning,WARN: High flow rate detected (Flood risk)
2026-04-30 21:00:00+00:00,12.0,VALID,5118.2616,VALID,23.643336,VALID,Warning,WARN: High flow rate detected (Flood risk)
2026-04-30 22:00:00+00:00,11.9,VALID,5054.5488000000005,VALID,23.631906,VALID,Warning,WARN: High flow rate detected (Flood risk)
2026-04-30 23:00:00+00:00,12.0,VALID,4750.1431999999995,VALID,23.624286,VALID,Warning,WARN: High flow rate detected (Flood risk)
2026-05-01 00:00:00+00:00,12.0,VALID,5344.796,VALID,23.615904,VALID,Warning,WARN: High flow rate detected (Flood risk)
2026-05-01 01:00:00+00:00,12.0,VALID,4700.5887999999995,VALID,23.616666000000002,VALID,Warning,WARN: High flow rate detected (Flood risk)
2026-05-01 02:00:00+00:00,12.0,VALID,5472.2216,VALID,23.703534000000005,VALID,Warning,WARN: High flow rate detected (Flood risk)
2026-05-01 03:00:00+00:00,12.0,VALID,5918.2112,VALID,23.779734,VALID,Warning,WARN: High flow rate detected (Flood risk)
2026-05-01 04:00:00+00:00,12.0,VALID,6590.7352,VALID,23.773638000000002,VALID,Warning,WARN: High flow rate detected (Flood risk)
2026-05-01 05:00:00+00:00,12.0,VALID,6491.6264,VALID,23.735538,VALID,Warning,WARN: High flow rate detected (Flood risk)
2026-05-01 06:00:00+00:00,12.0,VALID,5635.0432,VALID,23.733252,VALID,Warning,WARN: High flow rate detected (Flood risk)
2026-05-01 07:00:00+00:00,12.0,VALID,5875.736,VALID,23.747730000000004,VALID,Warning,WARN: High flow rate detected (Flood risk)
2026-05-01 08:00:00+00:00,12.0,VALID,5925.2904,VALID,23.741634,VALID,Warning,WARN: High flow rate detected (Flood risk)
2026-05-01 09:00:00+00:00,12.0,VALID,6017.32,VALID,23.744682,VALID,Warning,WARN: High flow rate detected (Flood risk)
2026-05-01 10:00:00+00:00,12.1,VALID,5953.6072,VALID,23.725632,VALID,Warning,WARN: High flow rate detected (Flood risk)
2026-05-01 11:00:00+00:00,12.1,VALID,5932.3696,VALID,23.721059999999998,VALID,Warning,WARN: High flow rate detected (Flood risk)
2026-05-01 12:00:00+00:00,12.1,VALID,6066.8744,VALID,23.749254,VALID,Warning,WARN: High flow rate detected (Flood risk)
2026-05-01 13:00:00+00:00,12.1,VALID,6272.1712,VALID,23.783544,VALID,Warning,WARN: High flow rate detected (Flood risk)
2026-05-01 14:00:00+00:00,12.0,VALID,6371.28,VALID,23.753064000000002,VALID,Warning,WARN: High flow rate detected (Flood risk)
2026-05-01 15:00:00+00:00,12.0,VALID,5932.3696,VALID,23.603712,VALID,Warning,WARN: High flow rate detected (Flood risk)
2026-05-01 16:00:00+00:00,12.0,VALID,5012.0736,VALID,23.498556,VALID,Warning,WARN: High flow rate detected (Flood risk)
2026-05-01 17:00:00+00:00,12.0,VALID,4990.836,VALID,23.479506,VALID,Warning,WARN: High flow rate detected (Flood risk)
2026-05-01 18:00:00+00:00,12.0,VALID,4856.3312,VALID,23.421594,VALID,Warning,WARN: High flow rate detected (Flood risk)
2026-05-01 19:00:00+00:00,12.0,VALID,4162.5696,VALID,23.343870000000003,VALID,Warning,WARN: High flow rate detected (Flood risk)
2026-05-01 20:00:00+00:00,12.1,VALID,4551.9256,VALID,23.338536,VALID,Warning,WARN: High flow rate detected (Flood risk)
2026-05-01 21:00:00+00:00,12.1,VALID,5167.816,VALID,23.324058,VALID,Warning,WARN: High flow rate detected (Flood risk)
2026-05-01 22:00:00+00:00,12.2,VALID,4735.9848,VALID,23.30196,VALID,Warning,WARN: High flow rate detected (Flood risk)
2026-05-01 23:00:00+00:00,12.2,VALID,4431.5792,VALID,23.34006,VALID,Warning,WARN: High flow rate detected (Flood risk)
2026-05-02 00:00:00+00:00,12.2,VALID,5656.2807999999995,VALID,23.478744000000003,VALID,Warning,WARN: High flow rate detected (Flood risk)
2026-05-02 01:00:00+00:00,12.2,VALID,7008.408,VALID,23.533608,VALID,Warning,WARN: High flow rate detected (Flood risk)
2026-05-02 02:00:00+00:00,12.2,VALID,7737.5656,VALID,23.518368000000002,VALID,Warning,WARN: High flow rate detected (Flood risk)
2026-05-02 03:00:00+00:00,12.2,VALID,7730.4864,VALID,23.556468000000002,VALID,Warning,WARN: High flow rate detected (Flood risk)
2026-05-02 04:00:00+00:00,12.2,VALID,7716.3279999999995,VALID,23.613618000000002,VALID,Warning,WARN: High flow rate detected (Flood risk)
2026-05-02 05:00:00+00:00,12.2,VALID,6866.8240000000005,VALID,23.599902,VALID,Warning,WARN: High flow rate detected (Flood risk)
2026-05-02 06:00:00+00:00,12.2,VALID,6052.716,VALID,23.538180000000004,VALID,Warning,WARN: High flow rate detected (Flood risk)
2026-05-02 07:00:00+00:00,12.2,VALID,6286.3296,VALID,23.45055,VALID,Warning,WARN: High flow rate detected (Flood risk)
2026-05-02 08:00:00+00:00,12.2,VALID,5373.1128,VALID,23.433024,VALID,Warning,WARN: High flow rate detected (Flood risk)
2026-05-02 09:00:00+00:00,12.3,VALID,5528.8552,VALID,23.467314000000002,VALID,Warning,WARN: High flow rate detected (Flood risk)
2026-05-02 10:00:00+00:00,12.3,VALID,5946.528,VALID,23.467314000000002,VALID,Warning,WARN: High flow rate detected (Flood risk)
2026-05-02 11:00:00+00:00,12.3,VALID,5344.796,VALID,23.430738,VALID,Warning,WARN: High flow rate detected (Flood risk)
2026-05-02 12:00:00+00:00,12.3,VALID,4920.044,VALID,23.437596000000003,VALID,Warning,WARN: High flow rate detected (Flood risk)
2026-05-02 13:00:00+00:00,12.3,VALID,4098.8568,VALID,23.440644,VALID,Warning,WARN: High flow rate detected (Flood risk)
2026-05-02 14:00:00+00:00,12.3,VALID,4396.1831999999995,VALID,23.452836,VALID,Warning,WARN: High flow rate detected (Flood risk)
2026-05-02 15:00:00+00:00,12.3,VALID,4849.252,VALID,23.460456,VALID,Warning,WARN: High flow rate detected (Flood risk)
2026-05-02 16:00:00+00:00,12.3,VALID,5663.36,VALID,23.449026000000003,VALID,Warning,WARN: High flow rate detected (Flood risk)
2026-05-02 17:00:00+00:00,12.3,VALID,4580.242399999999,VALID,23.436834,VALID,Warning,WARN: High flow rate detected (Flood risk)
2026-05-02 18:00:00+00:00,12.3,VALID,4898.8064,VALID,23.426166000000002,VALID,Warning,WARN: High flow rate detected (Flood risk)
2026-05-02 19:00:00+00:00,12.3,VALID,6066.874400000001,VALID,23.522178,VALID,Warning,WARN: High flow rate detected (Flood risk)
2026-05-02 20:00:00+00:00,12.4,VALID,6619.052,VALID,23.55723,VALID,Warning,WARN: High flow rate detected (Flood risk)
2026-05-02 21:00:00+00:00,12.4,VALID,6173.0624,VALID,23.575518000000002,VALID,Warning,WARN: High flow rate detected (Flood risk)
2026-05-02 22:00:00+00:00,12.4,VALID,6335.884,VALID,23.592282,VALID,Warning,WARN: High flow rate detected (Flood risk)
2026-05-02 23:00:00+00:00,12.4,VALID,5840.34,VALID,23.648670000000003,VALID,Warning,WARN: High flow rate detected (Flood risk)
2026-05-03 00:00:00+00:00,12.4,VALID,6527.0224,VALID,23.729442,VALID,Warning,WARN: High flow rate detected (Flood risk)
2026-05-03 01:00:00+00:00,12.4,VALID,6753.5568,VALID,23.781258,VALID,Warning,WARN: High flow rate detected (Flood risk)
2026-05-03 02:00:00+00:00,12.5,VALID,6895.1408,VALID,23.811738000000002,VALID,Warning,WARN: High flow rate detected (Flood risk)
2026-05-03 03:00:00+00:00,12.4,VALID,7029.6456,VALID,23.807166000000002,VALID,Warning,WARN: High flow rate detected (Flood risk)
2026-05-03 04:00:00+00:00,12.4,VALID,6937.616,VALID,23.83536,VALID,Warning,WARN: High flow rate detected (Flood risk)
2026-05-03 05:00:00+00:00,12.4,VALID,6357.1215999999995,VALID,23.853648,VALID,Warning,WARN: High flow rate detected (Flood risk)
2026-05-03 06:00:00+00:00,12.4,VALID,6024.3992,VALID,23.881842000000002,VALID,Warning,WARN: High flow rate detected (Flood risk)
2026-05-03 07:00:00+00:00,12.4,VALID,5259.8456,VALID,23.791164000000002,VALID,Warning,WARN: High flow rate detected (Flood risk)
2026-05-03 08:00:00+00:00,12.4,VALID,4792.6184,VALID,23.733252,VALID,Warning,WARN: High flow rate detected (Flood risk)
2026-05-03 09:00:00+00:00,12.4,VALID,4587.3216,VALID,23.752302,VALID,Warning,WARN: High flow rate detected (Flood risk)
2026-05-03 10:00:00+00:00,12.4,VALID,4396.1831999999995,VALID,23.770590000000002,VALID,Warning,WARN: High flow rate detected (Flood risk)
2026-05-03 11:00:00+00:00,12.4,VALID,4297.0743999999995,VALID,23.745444000000003,VALID,Warning,WARN: High flow rate detected (Flood risk)
2026-05-03 12:00:00+00:00,12.4,VALID,4544.8464,VALID,23.737824000000003,VALID,Warning,WARN: High flow rate detected (Flood risk)
2026-05-03 13:00:00+00:00,12.4,VALID,4764.3016,VALID,23.746206,VALID,Warning,WARN: High flow rate detected (Flood risk)
2026-05-03 14:00:00+00:00,12.4,VALID,4750.1432,VALID,23.753064000000002,VALID,Warning,WARN: High flow rate detected (Flood risk)
2026-05-03 15:00:00+00:00,12.4,VALID,4771.3808,VALID,23.73249,VALID,Warning,WARN: High flow rate detected (Flood risk)
2026-05-03 16:00:00+00:00,12.4,VALID,5160.7368,VALID,23.711154,VALID,Warning,WARN: High flow rate detected (Flood risk)
2026-05-03 17:00:00+00:00,12.5,VALID,4622.7176,VALID,23.70963,VALID,Warning,WARN: High flow rate detected (Flood risk)
2026-05-03 18:00:00+00:00,12.5,VALID,5224.4496,VALID,23.705820000000003,VALID,Warning,WARN: High flow rate detected (Flood risk)
2026-05-03 19:00:00+00:00,12.5,VALID,5486.38,VALID,23.722584,VALID,Warning,WARN: High flow rate detected (Flood risk)
2026-05-03 20:00:00+00:00,12.5,VALID,6661.5272,VALID,23.730966000000002,VALID,Warning,WARN: High flow rate detected (Flood risk)
2026-05-03 21:00:00+00:00,12.5,VALID,6902.219999999999,VALID,23.760683999999998,VALID,Warning,WARN: High flow rate detected (Flood risk)
2026-05-03 22:00:00+00:00,12.6,VALID,6399.596799999999,VALID,23.77821,VALID,Warning,WARN: High flow rate detected (Flood risk)
2026-05-03 23:00:00+00:00,12.6,VALID,7072.1208,VALID,23.846028,VALID,Warning,WARN: High flow rate detected (Flood risk)
2026-05-04 00:00:00+00:00,12.6,VALID,7079.2,VALID,23.926038,VALID,Warning,WARN: High flow rate detected (Flood risk)
2026-05-04 01:00:00+00:00,12.6,VALID,7171.229600000001,VALID,23.924514000000002,VALID,Warning,WARN: High flow rate detected (Flood risk)
2026-05-04 02:00:00+00:00,12.6,VALID,6527.0224,VALID,23.866602,VALID,Warning,WARN: High flow rate detected (Flood risk)
2026-05-04 03:00:00+00:00,12.6,VALID,6477.468,VALID,23.838408,VALID,Warning,WARN: High flow rate detected (Flood risk)
2026-05-04 04:00:00+00:00,12.6,VALID,6258.0128,VALID,23.825454,VALID,Warning,WARN: High flow rate detected (Flood risk)
2026-05-04 05:00:00+00:00,12.6,VALID,5989.0032,VALID,23.803356,VALID,Warning,WARN: High flow rate detected (Flood risk)
2026-05-04 06:00:00+00:00,12.6,VALID,5429.7464,VALID,23.701248,VALID,Warning,WARN: High flow rate detected (Flood risk)
2026-05-04 07:00:00+00:00,12.6,VALID,4622.7176,VALID,23.593044,VALID,Warning,WARN: High flow rate detected (Flood risk)
2026-05-04 08:00:00+00:00,12.6,VALID,4311.2328,VALID,23.562564000000002,VALID,Warning,WARN: High flow rate detected (Flood risk)
2026-05-04 09:00:00+00:00,12.7,VALID,4374.9456,VALID,23.574756,VALID,Warning,WARN: High flow rate detected (Flood risk)
2026-05-04 10:00:00+00:00,12.7,VALID,4304.1536,VALID,23.574756,VALID,Warning,WARN: High flow rate detected (Flood risk)
2026-05-04 11:00:00+00:00,12.7,VALID,4828.0144,VALID,23.556468000000002,VALID,Warning,WARN: High flow rate detected (Flood risk)
2026-05-04 12:00:00+00:00,12.7,VALID,5585.4888,VALID,23.599140000000002,VALID,Warning,WARN: High flow rate detected (Flood risk)
2026-05-04 13:00:00+00:00,12.7,VALID,5620.8848,VALID,23.62581,VALID,Warning,WARN: High flow rate detected (Flood risk)
2026-05-04 14:00:00+00:00,12.7,VALID,4912.9648,VALID,23.574756,VALID,Warning,WARN: High flow rate detected (Flood risk)
2026-05-04 15:00:00+00:00,12.6,VALID,4990.836,VALID,23.60676,VALID,Warning,WARN: High flow rate detected (Flood risk)
2026-05-04 16:00:00+00:00,12.7,VALID,5592.568,VALID,23.672292000000002,VALID,Warning,WARN: High flow rate detected (Flood risk)
2026-05-04 17:00:00+00:00,12.7,VALID,6548.26,VALID,23.714964000000002,VALID,Warning,WARN: High flow rate detected (Flood risk)
2026-05-04 18:00:00+00:00,12.7,VALID,6909.2991999999995,VALID,23.7363,VALID,Warning,WARN: High flow rate detected (Flood risk)
2026-05-04 19:00:00+00:00,12.7,VALID,7270.338400000001,VALID,23.782782000000005,VALID,Warning,WARN: High flow rate detected (Flood risk)
2026-05-04 20:00:00+00:00,12.8,VALID,7142.9128,VALID,23.817072000000003,VALID,Warning,WARN: High flow rate detected (Flood risk)
2026-05-04 21:00:00+00:00,12.8,VALID,7326.972,VALID,23.85441,VALID,Warning,WARN: High flow rate detected (Flood risk)
2026-05-04 22:00:00+00:00,12.8,VALID,7079.2,VALID,23.890224000000003,VALID,Warning,WARN: High flow rate detected (Flood risk)
2026-05-04 23:00:00+00:00,12.8,VALID,7291.576,VALID,23.895558,VALID,Warning,WARN: High flow rate detected (Flood risk)
2026-05-05 00:00:00+00:00,12.8,VALID,7411.9223999999995,VALID,23.891748,VALID,Warning,WARN: High flow rate detected (Flood risk)
2026-05-05 01:00:00+00:00,12.9,VALID,7369.4472,VALID,23.868888000000002,VALID,Warning,WARN: High flow rate detected (Flood risk)
2026-05-05 02:00:00+00:00,12.9,VALID,6888.0616,VALID,23.825454,VALID,Warning,WARN: High flow rate detected (Flood risk)
2026-05-05 03:00:00+00:00,12.9,VALID,6243.8544,VALID,23.761446,VALID,Warning,WARN: High flow rate detected (Flood risk)
2026-05-05 04:00:00+00:00,12.9,VALID,6286.3296,VALID,23.730204,VALID,Warning,WARN: High flow rate detected (Flood risk)
2026-05-05 05:00:00+00:00,12.9,VALID,7220.784,VALID,23.691342000000002,VALID,Warning,WARN: High flow rate detected (Flood risk)
2026-05-05 06:00:00+00:00,12.9,VALID,6873.9032,VALID,23.670006,VALID,Warning,WARN: High flow rate detected (Flood risk)
2026-05-05 07:00:00+00:00,12.9,VALID,6746.4776,VALID,23.638764000000002,VALID,Warning,WARN: High flow rate detected (Flood risk)
2026-05-05 08:00:00+00:00,13.0,VALID,6753.556799999999,VALID,23.640288,VALID,Warning,WARN: High flow rate detected (Flood risk)
2026-05-05 09:00:00+00:00,13.0,VALID,7121.6752,VALID,23.680674,VALID,Warning,WARN: High flow rate detected (Flood risk)
2026-05-05 10:00:00+00:00,13.0,VALID,7029.6456,VALID,23.718012,VALID,Warning,WARN: High flow rate detected (Flood risk)
2026-05-05 11:00:00+00:00,13.1,VALID,7213.7047999999995,VALID,23.740872000000003,VALID,Warning,WARN: High flow rate detected (Flood risk)
2026-05-05 12:00:00+00:00,13.1,VALID,7270.3384,VALID,23.777448,VALID,Warning,WARN: High flow rate detected (Flood risk)
2026-05-05 13:00:00+00:00,13.1,VALID,7185.388,VALID,23.800308,VALID,Warning,WARN: High flow rate detected (Flood risk)
2026-05-05 14:00:00+00:00,13.1,VALID,6590.7352,VALID,23.796498,VALID,Warning,WARN: High flow rate detected (Flood risk)
2026-05-05 15:00:00+00:00,13.1,VALID,6923.4576,VALID,23.814024000000003,VALID,Warning,WARN: High flow rate detected (Flood risk)
2026-05-05 16:00:00+00:00,13.0,VALID,6994.249599999999,VALID,23.817834,VALID,Warning,WARN: High flow rate detected (Flood risk)
2026-05-05 17:00:00+00:00,13.1,VALID,7256.179999999999,VALID,23.856696,VALID,Warning,WARN: High flow rate detected (Flood risk)
2026-05-05 18:00:00+00:00,13.0,VALID,7376.5264,VALID,23.89251,VALID,Warning,WARN: High flow rate detected (Flood risk)
2026-05-05 19:00:00+00:00,13.0,VALID,7355.2888,VALID,23.917656,VALID,Warning,WARN: High flow rate detected (Flood risk)
2026-05-05 20:00:00+00:00,13.0,VALID,7355.2888,VALID,23.951946,VALID,Warning,WARN: High flow rate detected (Flood risk)
2026-05-05 21:00:00+00:00,13.1,VALID,7192.467199999999,VALID,23.974806,VALID,Warning,WARN: High flow rate detected (Flood risk)
2026-05-05 22:00:00+00:00,13.1,VALID,7164.1503999999995,VALID,23.999952,VALID,Warning,WARN: High flow rate detected (Flood risk)
2026-05-05 23:00:00+00:00,13.1,VALID,7206.625599999999,VALID,24.03348,VALID,Warning,WARN: High flow rate detected (Flood risk)
2026-05-06 00:00:00+00:00,13.1,VALID,7334.0512,VALID,24.035766000000002,VALID,Warning,WARN: High flow rate detected (Flood risk)
2026-05-06 01:00:00+00:00,13.1,VALID,7050.8832,VALID,24.01443,VALID,Warning,WARN: High flow rate detected (Flood risk)
2026-05-06 02:00:00+00:00,13.1,VALID,7072.1208,VALID,23.990046000000003,VALID,Warning,WARN: High flow rate detected (Flood risk)
2026-05-06 03:00:00+00:00,13.1,VALID,6817.2696,VALID,23.970234,VALID,Warning,WARN: High flow rate detected (Flood risk)
2026-05-06 04:00:00+00:00,13.1,VALID,7220.784,VALID,23.921466000000002,VALID,Warning,WARN: High flow rate detected (Flood risk)
2026-05-06 05:00:00+00:00,13.1,VALID,7525.1896,VALID,23.857458,VALID,Warning,WARN: High flow rate detected (Flood risk)
2026-05-06 06:00:00+00:00,13.1,VALID,7532.2688,VALID,23.803356,VALID,Warning,WARN: High flow rate detected (Flood risk)
2026-05-06 07:00:00+00:00,13.2,VALID,6569.4976,VALID,23.657814000000002,VALID,Warning,WARN: High flow rate detected (Flood risk)
2026-05-06 08:00:00+00:00,13.2,VALID,5996.082399999999,VALID,23.569422000000003,VALID,Warning,WARN: High flow rate detected (Flood risk)
2026-05-06 09:00:00+00:00,13.2,VALID,6569.4976,VALID,23.616666000000002,VALID,Warning,WARN: High flow rate detected (Flood risk)
2026-05-06 10:00:00+00:00,13.2,VALID,7008.407999999999,VALID,23.714202,VALID,Warning,WARN: High flow rate detected (Flood risk)
2026-05-06 11:00:00+00:00,13.2,VALID,6364.2008,VALID,23.734014000000002,VALID,Warning,WARN: High flow rate detected (Flood risk)
2026-05-06 12:00:00+00:00,13.2,VALID,6937.616,VALID,23.762208,VALID,Warning,WARN: High flow rate detected (Flood risk)
2026-05-06 13:00:00+00:00,13.2,VALID,7206.6256,VALID,23.786592,VALID,Warning,WARN: High flow rate detected (Flood risk)
2026-05-06 14:00:00+00:00,13.2,VALID,7468.556,VALID,23.814786,VALID,Warning,WARN: High flow rate detected (Flood risk)
2026-05-06 15:00:00+00:00,13.2,VALID,7249.1008,VALID,23.79726,VALID,Warning,WARN: High flow rate detected (Flood risk)
2026-05-06 16:00:00+00:00,13.2,VALID,7057.9624,VALID,23.79726,VALID,Warning,WARN: High flow rate detected (Flood risk)
2026-05-06 17:00:00+00:00,13.2,VALID,7157.0712,VALID,23.825454,VALID,Warning,WARN: High flow rate detected (Flood risk)
2026-05-06 18:00:00+00:00,13.2,VALID,7249.1008,VALID,23.84298,VALID,Warning,WARN: High flow rate detected (Flood risk)
2026-05-06 19:00:00+00:00,13.3,VALID,7206.6256,VALID,23.841456,VALID,Warning,WARN: High flow rate detected (Flood risk)
2026-05-06 20:00:00+00:00,13.3,VALID,7015.4872,VALID,23.852124,VALID,Warning,WARN: High flow rate detected (Flood risk)
2026-05-06 21:00:00+00:00,13.3,VALID,7043.804,VALID,23.850600000000004,VALID,Warning,WARN: High flow rate detected (Flood risk)
2026-05-06 22:00:00+00:00,13.4,VALID,6725.24,VALID,23.746968000000003,VALID,Warning,WARN: High flow rate detected (Flood risk)
2026-05-06 23:00:00+00:00,13.4,VALID,6215.5376,VALID,23.692104,VALID,Warning,WARN: High flow rate detected (Flood risk)
2026-05-07 00:00:00+00:00,13.4,VALID,6286.3296,VALID,23.683722,VALID,Warning,WARN: High flow rate detected (Flood risk)
2026-05-07 01:00:00+00:00,13.3,VALID,6746.4776,VALID,23.750778000000004,VALID,Warning,WARN: High flow rate detected (Flood risk)
2026-05-07 02:00:00+00:00,13.3,VALID,6654.448,VALID,23.74773,VALID,Warning,WARN: High flow rate detected (Flood risk)
2026-05-07 03:00:00+00:00,13.4,VALID,6364.2008,VALID,23.738586,VALID,Warning,WARN: High flow rate detected (Flood risk)
2026-05-07 04:00:00+00:00,13.3,VALID,6243.8544,VALID,23.695914000000002,VALID,Warning,WARN: High flow rate detected (Flood risk)
2026-05-07 05:00:00+00:00,13.4,VALID,6725.24,VALID,23.707344000000003,VALID,Warning,WARN: High flow rate detected (Flood risk)
2026-05-07 06:00:00+00:00,13.4,VALID,6803.111199999999,VALID,23.679912,VALID,Warning,WARN: High flow rate detected (Flood risk)
2026-05-07 07:00:00+00:00,13.4,VALID,6661.5272,VALID,23.640288,VALID,Warning,WARN: High flow rate detected (Flood risk)
2026-05-07 08:00:00+00:00,13.4,VALID,6229.696,VALID,23.616666000000002,VALID,Warning,WARN: High flow rate detected (Flood risk)
2026-05-07 09:00:00+00:00,13.4,VALID,6052.716,VALID,23.634192000000002,VALID,Warning,WARN: High flow rate detected (Flood risk)
2026-05-07 10:00:00+00:00,13.5,VALID,5989.0032,VALID,23.63343,VALID,Warning,WARN: High flow rate detected (Flood risk)
2026-05-07 11:00:00+00:00,13.5,VALID,5868.6568,VALID,23.609046,VALID,Warning,WARN: High flow rate detected (Flood risk)
2026-05-07 12:00:00+00:00,13.5,VALID,6201.3792,VALID,23.626572000000003,VALID,Warning,WARN: High flow rate detected (Flood risk)
2026-05-07 13:00:00+00:00,13.5,VALID,5500.5383999999995,VALID,23.65248,VALID,Warning,WARN: High flow rate detected (Flood risk)
2026-05-07 14:00:00+00:00,13.5,VALID,5748.3104,VALID,23.64486,VALID,Warning,WARN: High flow rate detected (Flood risk)
2026-05-07 15:00:00+00:00,13.5,VALID,6576.5768,VALID,23.629620000000003,VALID,Warning,WARN: High flow rate detected (Flood risk)
2026-05-07 16:00:00+00:00,13.5,VALID,6640.2896,VALID,23.654004,VALID,Warning,WARN: High flow rate detected (Flood risk)
2026-05-07 17:00:00+00:00,13.5,VALID,6633.2104,VALID,23.67915,VALID,Warning,WARN: High flow rate detected (Flood risk)
2026-05-07 18:00:00+00:00,13.5,VALID,6654.447999999999,VALID,23.702772000000003,VALID,Warning,WARN: High flow rate detected (Flood risk)
2026-05-07 19:00:00+00:00,13.5,VALID,6463.3096000000005,VALID,23.704296,VALID,Warning,WARN: High flow rate detected (Flood risk)
2026-05-07 20:00:00+00:00,13.6,VALID,6895.1408,VALID,23.695152,VALID,Warning,WARN: High flow rate detected (Flood risk)
2026-05-07 21:00:00+00:00,13.6,VALID,6838.5072,VALID,23.692104,VALID,Warning,WARN: High flow rate detected (Flood risk)
2026-05-07 22:00:00+00:00,13.6,VALID,7036.7248,VALID,23.689818000000002,VALID,Warning,WARN: High flow rate detected (Flood risk)
2026-05-07 23:00:00+00:00,13.6,VALID,7001.328799999999,VALID,23.72106,VALID,Warning,WARN: High flow rate detected (Flood risk)
2026-05-08 00:00:00+00:00,13.6,VALID,7121.6752,VALID,23.72106,VALID,Warning,WARN: High flow rate detected (Flood risk)
2026-05-08 01:00:00+00:00,13.5,VALID,6994.2496,VALID,23.74773,VALID,Warning,WARN: High flow rate detected (Flood risk)
2026-05-08 02:00:00+00:00,13.5,VALID,7157.0712,VALID,23.762208,VALID,Warning,WARN: High flow rate detected (Flood risk)
2026-05-08 03:00:00+00:00,13.5,VALID,7433.16,VALID,23.757636,VALID,Warning,WARN: High flow rate detected (Flood risk)
2026-05-08 04:00:00+00:00,13.5,VALID,7065.0416,VALID,23.759922,VALID,Warning,WARN: High flow rate detected (Flood risk)
2026-05-08 05:00:00+00:00,13.5,VALID,6300.487999999999,VALID,23.773638000000002,VALID,Warning,WARN: High flow rate detected (Flood risk)
2026-05-08 06:00:00+00:00,13.5,VALID,5882.8152,VALID,23.755350000000004,VALID,Warning,WARN: High flow rate detected (Flood risk)
2026-05-08 07:00:00+00:00,13.5,VALID,5804.9439999999995,VALID,23.750016000000002,VALID,Warning,WARN: High flow rate detected (Flood risk)
2026-05-08 08:00:00+00:00,13.5,VALID,5514.6968,VALID,23.754588000000002,VALID,Warning,WARN: High flow rate detected (Flood risk)
2026-05-08 09:00:00+00:00,13.6,VALID,4955.44,VALID,23.760684,VALID,Warning,WARN: High flow rate detected (Flood risk)
2026-05-08 10:00:00+00:00,13.6,VALID,4990.835999999999,VALID,23.77059,VALID,Warning,WARN: High flow rate detected (Flood risk)
2026-05-08 11:00:00+00:00,13.6,VALID,4750.1431999999995,VALID,23.769066,VALID,Warning,WARN: High flow rate detected (Flood risk)
2026-05-08 12:00:00+00:00,13.6,VALID,4226.2824,VALID,23.77821,VALID,Warning,WARN: High flow rate detected (Flood risk)
2026-05-08 13:00:00+00:00,13.6,VALID,5953.6071999999995,VALID,23.78583,VALID,Warning,WARN: High flow rate detected (Flood risk)
2026-05-08 14:00:00+00:00,13.6,VALID,6385.4384,VALID,23.811738000000002,VALID,Warning,WARN: High flow rate detected (Flood risk)
2026-05-08 15:00:00+00:00,13.6,VALID,6236.7752,VALID,23.830788000000002,VALID,Warning,WARN: High flow rate detected (Flood risk)
2026-05-08 16:00:00+00:00,13.6,VALID,6810.1904,VALID,23.847552,VALID,Warning,WARN: High flow rate detected (Flood risk)
2026-05-08 17:00:00+00:00,13.6,VALID,7001.328799999999,VALID,23.822406,VALID,Warning,WARN: High flow rate detected (Flood risk)
2026-05-08 18:00:00+00:00,13.6,VALID,6796.032,VALID,23.823168000000003,VALID,Warning,WARN: High flow rate detected (Flood risk)
2026-05-08 19:00:00+00:00,13.6,VALID,7079.2,VALID,23.841456,VALID,Warning,WARN: High flow rate detected (Flood risk)
2026-05-08 20:00:00+00:00,13.6,VALID,7086.2792,VALID,23.855172000000003,VALID,Warning,WARN: High flow rate detected (Flood risk)
2026-05-08 21:00:00+00:00,13.6,VALID,6902.219999999999,VALID,23.847552,VALID,Warning,WARN: High flow rate detected (Flood risk)
2026-05-08 22:00:00+00:00,13.6,VALID,7192.4672,VALID,23.83155,VALID,Warning,WARN: High flow rate detected (Flood risk)
2026-05-08 23:00:00+00:00,13.6,VALID,7029.6456,VALID,23.830788000000002,VALID,Warning,WARN: High flow rate detected (Flood risk)
2026-05-09 00:00:00+00:00,13.6,VALID,7072.1208,VALID,23.818596000000003,VALID,Warning,WARN: High flow rate detected (Flood risk)
2026-05-09 01:00:00+00:00,13.7,VALID,7298.655199999999,VALID,23.839170000000003,VALID,Warning,WARN: High flow rate detected (Flood risk)
2026-05-09 02:00:00+00:00,13.7,VALID,6994.2496,VALID,23.821644,VALID,Warning,WARN: High flow rate detected (Flood risk)
2026-05-09 03:00:00+00:00,13.7,VALID,6725.24,VALID,23.807166000000002,VALID,Warning,WARN: High flow rate detected (Flood risk)
2026-05-09 04:00:00+00:00,13.6,VALID,6031.4784,VALID,23.788878,VALID,Warning,WARN: High flow rate detected (Flood risk)
2026-05-09 05:00:00+00:00,13.6,VALID,5918.2112,VALID,23.80488,VALID,Warning,WARN: High flow rate detected (Flood risk)
2026-05-09 06:00:00+00:00,13.7,VALID,5387.2712,VALID,23.759922000000003,VALID,Warning,WARN: High flow rate detected (Flood risk)
2026-05-09 07:00:00+00:00,13.7,VALID,5068.7072,VALID,23.727156,VALID,Warning,WARN: High flow rate detected (Flood risk)
2026-05-09 08:00:00+00:00,13.7,VALID,5026.232,VALID,23.730204,VALID,Warning,WARN: High flow rate detected (Flood risk)
2026-05-09 09:00:00+00:00,13.7,VALID,4962.5192,VALID,23.74773,VALID,Warning,WARN: High flow rate detected (Flood risk)
2026-05-09 10:00:00+00:00,13.7,VALID,5153.6576000000005,VALID,23.741634,VALID,Warning,WARN: High flow rate detected (Flood risk)
2026-05-09 11:00:00+00:00,13.7,VALID,4396.1832,VALID,23.74773,VALID,Warning,WARN: High flow rate detected (Flood risk)
2026-05-09 12:00:00+00:00,13.7,VALID,4835.0936,VALID,23.737824000000003,VALID,Warning,WARN: High flow rate detected (Flood risk)
2026-05-09 13:00:00+00:00,13.7,VALID,5627.964,VALID,23.729442,VALID,Warning,WARN: High flow rate detected (Flood risk)
2026-05-09 14:00:00+00:00,13.7,VALID,5196.1328,VALID,23.720298,VALID,Warning,WARN: High flow rate detected (Flood risk)
2026-05-09 15:00:00+00:00,13.7,VALID,4403.2624000000005,VALID,23.735538000000002,VALID,Warning,WARN: High flow rate detected (Flood risk)
2026-05-09 16:00:00+00:00,13.8,VALID,4778.46,VALID,23.725632,VALID,Warning,WARN: High flow rate detected (Flood risk)
2026-05-09 17:00:00+00:00,13.8,VALID,5274.004,VALID,23.715726000000004,VALID,Warning,WARN: High flow rate detected (Flood risk)
2026-05-09 18:00:00+00:00,13.8,VALID,4240.4408,VALID,23.712678000000004,VALID,Warning,WARN: High flow rate detected (Flood risk)
2026-05-09 19:00:00+00:00,13.8,VALID,5564.2512,VALID,23.705820000000003,VALID,Warning,WARN: High flow rate detected (Flood risk)
2026-05-09 20:00:00+00:00,13.8,VALID,5635.0432,VALID,23.699724,VALID,Warning,WARN: High flow rate detected (Flood risk)
2026-05-09 21:00:00+00:00,13.8,VALID,5132.42,VALID,23.699724000000003,VALID,Warning,WARN: High flow rate detected (Flood risk)
2026-05-09 22:00:00+00:00,13.9,VALID,5351.8751999999995,VALID,23.697438,VALID,Warning,WARN: High flow rate detected (Flood risk)
2026-05-09 23:00:00+00:00,13.9,VALID,5245.6872,VALID,23.776686,VALID,Warning,WARN: High flow rate detected (Flood risk)
2026-05-10 00:00:00+00:00,13.9,VALID,6017.32,VALID,23.824692,VALID,Warning,WARN: High flow rate detected (Flood risk)
2026-05-10 01:00:00+00:00,13.9,VALID,6031.4784,VALID,23.83917,VALID,Warning,WARN: High flow rate detected (Flood risk)
2026-05-10 02:00:00+00:00,13.9,VALID,6314.6464,VALID,23.845266000000002,VALID,Warning,WARN: High flow rate detected (Flood risk)
2026-05-10 03:00:00+00:00,13.9,VALID,5833.2608,VALID,23.848314000000002,VALID,Warning,WARN: High flow rate detected (Flood risk)
2026-05-10 04:00:00+00:00,13.9,VALID,5996.0824,VALID,23.858982,VALID,Warning,WARN: High flow rate detected (Flood risk)
2026-05-10 05:00:00+00:00,13.9,VALID,6031.4784,VALID,23.875746,VALID,Warning,WARN: High flow rate detected (Flood risk)
2026-05-10 06:00:00+00:00,13.9,VALID,5210.2912,VALID,23.865078,VALID,Warning,WARN: High flow rate detected (Flood risk)
2026-05-10 07:00:00+00:00,14.0,VALID,4806.7768,VALID,23.849838,VALID,Warning,WARN: High flow rate detected (Flood risk)
2026-05-10 08:00:00+00:00,14.0,VALID,5040.3904,VALID,23.832312,VALID,Warning,WARN: High flow rate detected (Flood risk)
2026-05-10 09:00:00+00:00,14.0,VALID,4927.1232,VALID,23.836884,VALID,Warning,WARN: High flow rate detected (Flood risk)
2026-05-10 10:00:00+00:00,14.0,VALID,5047.4696,VALID,23.846790000000002,VALID,Warning,WARN: High flow rate detected (Flood risk)
2026-05-10 11:00:00+00:00,14.0,VALID,4813.856,VALID,23.853648,VALID,Warning,WARN: High flow rate detected (Flood risk)
2026-05-10 12:00:00+00:00,14.1,VALID,5181.9744,VALID,23.865078,VALID,Warning,WARN: High flow rate detected (Flood risk)
2026-05-10 13:00:00+00:00,14.0,VALID,5288.1624,VALID,23.829264000000002,VALID,Warning,WARN: High flow rate detected (Flood risk)
2026-05-10 14:00:00+00:00,14.0,VALID,5840.34,VALID,23.815548000000003,VALID,Warning,WARN: High flow rate detected (Flood risk)
2026-05-10 15:00:00+00:00,14.0,VALID,5826.1816,VALID,23.856696,VALID,Warning,WARN: High flow rate detected (Flood risk)
2026-05-10 16:00:00+00:00,14.0,VALID,5344.796,VALID,23.901654,VALID,Warning,WARN: High flow rate detected (Flood risk)
2026-05-10 17:00:00+00:00,14.0,VALID,5528.8552,VALID,23.922990000000002,VALID,Warning,WARN: High flow rate detected (Flood risk)
2026-05-10 18:00:00+00:00,14.0,VALID,7114.596,VALID,23.951184,VALID,Warning,WARN: High flow rate detected (Flood risk)
2026-05-10 19:00:00+00:00,14.0,VALID,7291.576,VALID,23.991570000000003,VALID,Warning,WARN: High flow rate detected (Flood risk)
2026-05-10 20:00:00+00:00,14.0,VALID,7560.5856,VALID,24.040338000000002,VALID,Warning,WARN: High flow rate detected (Flood risk)
2026-05-10 21:00:00+00:00,14.1,VALID,7772.9616000000005,VALID,24.051768000000003,VALID,Warning,WARN: High flow rate detected (Flood risk)
2026-05-10 22:00:00+00:00,14.1,VALID,7496.8728,VALID,24.035766000000002,VALID,Warning,WARN: High flow rate detected (Flood risk)
2026-05-10 23:00:00+00:00,14.1,VALID,7475.6352,VALID,24.062435999999998,VALID,Warning,WARN: High flow rate detected (Flood risk)
2026-05-11 00:00:00+00:00,14.1,VALID,7503.951999999999,VALID,24.108918000000003,VALID,Warning,WARN: High flow rate detected (Flood risk)
2026-05-11 01:00:00+00:00,14.2,VALID,7624.2984,VALID,24.141684,VALID,Warning,WARN: High flow rate detected (Flood risk)
2026-05-11 02:00:00+00:00,14.1,VALID,7588.9024,VALID,24.108156,VALID,Warning,WARN: High flow rate detected (Flood risk)
2026-05-11 03:00:00+00:00,14.1,VALID,7390.6848,VALID,24.088344000000003,VALID,Warning,WARN: High flow rate detected (Flood risk)
2026-05-11 04:00:00+00:00,14.1,VALID,6817.2696,VALID,24.080724,VALID,Warning,WARN: High flow rate detected (Flood risk)
2026-05-11 05:00:00+00:00,14.1,VALID,5882.8152,VALID,24.00681,VALID,Warning,WARN: High flow rate detected (Flood risk)
2026-05-11 06:00:00+00:00,14.1,VALID,5238.608,VALID,23.938992000000002,VALID,Warning,WARN: High flow rate detected (Flood risk)
2026-05-11 07:00:00+00:00,14.1,VALID,4587.321599999999,VALID,23.918418000000003,VALID,Warning,WARN: High flow rate detected (Flood risk)
2026-05-11 08:00:00+00:00,14.1,VALID,4948.3608,VALID,23.893272000000003,VALID,Warning,WARN: High flow rate detected (Flood risk)
2026-05-11 09:00:00+00:00,14.1,VALID,5833.2608,VALID,23.943564000000002,VALID,Warning,WARN: High flow rate detected (Flood risk)
2026-05-11 10:00:00+00:00,14.1,VALID,5705.8352,VALID,23.98776,VALID,Warning,WARN: High flow rate detected (Flood risk)
2026-05-11 11:00:00+00:00,14.1,VALID,5330.6376,VALID,23.974806,VALID,Warning,WARN: High flow rate detected (Flood risk)
2026-05-11 12:00:00+00:00,14.1,VALID,5181.9744,VALID,23.961090000000002,VALID,Warning,WARN: High flow rate detected (Flood risk)
2026-05-11 13:00:00+00:00,14.1,VALID,6010.2408,VALID,23.969472000000003,VALID,Warning,WARN: High flow rate detected (Flood risk)
2026-05-11 14:00:00+00:00,14.1,VALID,5174.8952,VALID,23.978616000000002,VALID,Warning,WARN: High flow rate detected (Flood risk)
2026-05-11 15:00:00+00:00,14.0,VALID,5507.6176,VALID,23.992332,VALID,Warning,WARN: High flow rate detected (Flood risk)
2026-05-11 16:00:00+00:00,14.0,VALID,5196.1328,VALID,23.983188000000002,VALID,Warning,WARN: High flow rate detected (Flood risk)
2026-05-11 17:00:00+00:00,14.0,VALID,5479.3008,VALID,23.978616000000002,VALID,Warning,WARN: High flow rate detected (Flood risk)
2026-05-11 18:00:00+00:00,14.0,VALID,5167.816,VALID,23.98776,VALID,Warning,WARN: High flow rate detected (Flood risk)
2026-05-11 19:00:00+00:00,14.1,VALID,5882.8152,VALID,23.955756,VALID,Warning,WARN: High flow rate detected (Flood risk)
2026-05-11 20:00:00+00:00,14.1,VALID,5217.3704,VALID,23.940516000000002,VALID,Warning,WARN: High flow rate detected (Flood risk)
2026-05-11 21:00:00+00:00,14.1,VALID,4842.1728,VALID,23.934420000000003,VALID,Warning,WARN: High flow rate detected (Flood risk)
2026-05-11 22:00:00+00:00,14.1,VALID,4573.1632,VALID,23.942040000000002,VALID,Warning,WARN: High flow rate detected (Flood risk)
2026-05-11 23:00:00+00:00,14.2,VALID,5394.350399999999,VALID,23.91537,VALID,Warning,WARN: High flow rate detected (Flood risk)
2026-05-12 00:00:00+00:00,14.2,VALID,4912.9648,VALID,23.947374000000003,VALID,Warning,WARN: High flow rate detected (Flood risk)
2026-05-12 01:00:00+00:00,14.2,VALID,5804.9439999999995,VALID,23.945088000000002,VALID,Warning,WARN: High flow rate detected (Flood risk)
2026-05-12 02:00:00+00:00,14.2,VALID,5323.5584,VALID,23.918418000000003,VALID,Warning,WARN: High flow rate detected (Flood risk)
2026-05-12 03:00:00+00:00,14.2,VALID,6187.2208,VALID,23.897082,VALID,Warning,WARN: High flow rate detected (Flood risk)
2026-05-12 04:00:00+00:00,14.2,VALID,6555.3392,VALID,23.889462,VALID,Warning,WARN: High flow rate detected (Flood risk)
2026-05-12 05:00:00+00:00,14.2,VALID,5295.2416,VALID,23.848314000000002,VALID,Warning,WARN: High flow rate detected (Flood risk)
2026-05-12 06:00:00+00:00,14.2,VALID,5507.6176,VALID,23.811738000000002,VALID,Warning,WARN: High flow rate detected (Flood risk)
2026-05-12 07:00:00+00:00,14.2,VALID,4743.064,VALID,23.727156,VALID,Warning,WARN: High flow rate detected (Flood risk)
2026-05-12 08:00:00+00:00,14.3,VALID,5033.3112,VALID,23.689818000000002,VALID,Warning,WARN: High flow rate detected (Flood risk)
2026-05-12 09:00:00+00:00,14.3,VALID,4643.9552,VALID,23.710392000000002,VALID,Warning,WARN: High flow rate detected (Flood risk)
2026-05-12 10:00:00+00:00,14.3,VALID,4580.2424,VALID,23.727156,VALID,Warning,WARN: High flow rate detected (Flood risk)
2026-05-12 11:00:00+00:00,14.3,VALID,4481.1336,VALID,23.732490000000002,VALID,Warning,WARN: High flow rate detected (Flood risk)
2026-05-12 12:00:00+00:00,14.3,VALID,4828.0144,VALID,23.795735999999998,VALID,Warning,WARN: High flow rate detected (Flood risk)
2026-05-12 13:00:00+00:00,14.3,VALID,5189.053599999999,VALID,23.821644000000003,VALID,Warning,WARN: High flow rate detected (Flood risk)
2026-05-12 14:00:00+00:00,14.3,VALID,4941.2816,VALID,23.750016000000002,VALID,Warning,WARN: High flow rate detected (Flood risk)
2026-05-12 15:00:00+00:00,14.3,VALID,4750.1432,VALID,23.712678000000004,VALID,Warning,WARN: High flow rate detected (Flood risk)
2026-05-12 16:00:00+00:00,14.3,VALID,4905.8856,VALID,23.731728,VALID,Warning,WARN: High flow rate detected (Flood risk)
2026-05-12 17:00:00+00:00,14.3,VALID,4891.7272,VALID,23.754588000000002,VALID,Warning,WARN: High flow rate detected (Flood risk)
2026-05-12 18:00:00+00:00,14.3,VALID,5847.4192,VALID,23.739348000000003,VALID,Warning,WARN: High flow rate detected (Flood risk)
2026-05-12 19:00:00+00:00,14.3,VALID,5281.0832,VALID,23.750016000000002,VALID,Warning,WARN: High flow rate detected (Flood risk)
2026-05-12 20:00:00+00:00,14.4,VALID,4983.7568,VALID,23.76297,VALID,Warning,WARN: High flow rate detected (Flood risk)
2026-05-12 21:00:00+00:00,14.4,VALID,5125.3408,VALID,23.799546000000003,VALID,Warning,WARN: High flow rate detected (Flood risk)
2026-05-12 22:00:00+00:00,14.4,VALID,5231.5288,VALID,23.877270000000003,VALID,Warning,WARN: High flow rate detected (Flood risk)
2026-05-12 23:00:00+00:00,14.4,VALID,6328.8048,VALID,23.928324000000003,VALID,Warning,WARN: High flow rate detected (Flood risk)
2026-05-13 00:00:00+00:00,14.4,VALID,6611.9728,VALID,23.942802,VALID,Warning,WARN: High flow rate detected (Flood risk)
2026-05-13 01:00:00+00:00,14.4,VALID,6272.1712,VALID,23.961852,VALID,Warning,WARN: High flow rate detected (Flood risk)
2026-05-13 02:00:00+00:00,14.4,VALID,6859.7447999999995,VALID,23.996904,VALID,Warning,WARN: High flow rate detected (Flood risk)
2026-05-13 03:00:00+00:00,14.4,VALID,7326.972,VALID,24.034242,VALID,Warning,WARN: High flow rate detected (Flood risk)
2026-05-13 04:00:00+00:00,14.4,VALID,6654.448,VALID,24.072342,VALID,Warning,WARN: High flow rate detected (Flood risk)
2026-05-13 05:00:00+00:00,14.4,VALID,7326.972,VALID,24.108156,VALID,Warning,WARN: High flow rate detected (Flood risk)
2026-05-13 06:00:00+00:00,14.4,VALID,7461.4768,VALID,24.07539,VALID,Warning,WARN: High flow rate detected (Flood risk)
2026-05-13 07:00:00+00:00,14.5,VALID,7341.1304,VALID,24.06396,VALID,Warning,WARN: High flow rate detected (Flood risk)
2026-05-13 08:00:00+00:00,14.5,VALID,7404.843199999999,VALID,24.076152,VALID,Warning,WARN: High flow rate detected (Flood risk)
2026-05-13 09:00:00+00:00,14.5,VALID,7397.764,VALID,24.088344,VALID,Warning,WARN: High flow rate detected (Flood risk)
2026-05-13 10:00:00+00:00,14.5,VALID,7341.1304,VALID,24.112728000000004,VALID,Warning,WARN: High flow rate detected (Flood risk)
2026-05-13 11:00:00+00:00,14.5,VALID,7461.4768,VALID,24.06015,VALID,Warning,WARN: High flow rate detected (Flood risk)
2026-05-13 12:00:00+00:00,14.5,VALID,7057.962399999999,VALID,24.060912000000002,VALID,Warning,WARN: High flow rate detected (Flood risk)
2026-05-13 13:00:00+00:00,14.5,VALID,6427.9136,VALID,24.148542000000003,VALID,Warning,WARN: High flow rate detected (Flood risk)
2026-05-13 14:00:00+00:00,14.5,VALID,7164.1504,VALID,24.20874,VALID,Warning,WARN: High flow rate detected (Flood risk)
2026-05-13 15:00:00+00:00,14.5,VALID,6527.0224,VALID,24.130254,VALID,Warning,WARN: High flow rate detected (Flood risk)
2026-05-13 16:00:00+00:00,14.4,VALID,6229.696,VALID,24.123396,VALID,Warning,WARN: High flow rate detected (Flood risk)
2026-05-13 17:00:00+00:00,14.4,VALID,6597.8144,VALID,24.146256,VALID,Warning,WARN: High flow rate detected (Flood risk)
2026-05-13 18:00:00+00:00,14.4,VALID,6647.3688,VALID,24.169116000000002,VALID,Warning,WARN: High flow rate detected (Flood risk)
2026-05-13 19:00:00+00:00,14.4,VALID,6427.9136,VALID,24.192738,VALID,Warning,WARN: High flow rate detected (Flood risk)
2026-05-13 20:00:00+00:00,14.4,VALID,6449.1512,VALID,24.240744,VALID,Warning,WARN: High flow rate detected (Flood risk)
2026-05-13 21:00:00+00:00,14.4,VALID,6342.9632,VALID,24.233124000000004,VALID,Warning,WARN: High flow rate detected (Flood risk)
2026-05-13 22:00:00+00:00,14.3,VALID,6498.7056,VALID,24.236172000000003,VALID,Warning,WARN: High flow rate detected (Flood risk)
2026-05-13 23:00:00+00:00,14.3,VALID,6753.5568,VALID,24.266652,VALID,Warning,WARN: High flow rate detected (Flood risk)
2026-05-14 00:00:00+00:00,14.3,VALID,6583.656,VALID,24.247602,VALID,Warning,WARN: High flow rate detected (Flood risk)
2026-05-14 01:00:00+00:00,14.3,VALID,6258.0128,VALID,24.281892000000003,VALID,Warning,WARN: High flow rate detected (Flood risk)
2026-05-14 02:00:00+00:00,14.3,VALID,6158.904,VALID,24.260556,VALID,Warning,WARN: High flow rate detected (Flood risk)
2026-05-14 03:00:00+00:00,14.3,VALID,5996.0824,VALID,24.205692,VALID,Warning,WARN: High flow rate detected (Flood risk)
2026-05-14 04:00:00+00:00,14.2,VALID,5989.0032,VALID,24.196548,VALID,Warning,WARN: High flow rate detected (Flood risk)
2026-05-14 05:00:00+00:00,14.2,VALID,6151.8248,VALID,24.199596,VALID,Warning,WARN: High flow rate detected (Flood risk)
2026-05-14 06:00:00+00:00,14.2,VALID,6102.2704,VALID,24.099774000000004,VALID,Warning,WARN: High flow rate detected (Flood risk)
2026-05-14 07:00:00+00:00,14.2,VALID,5790.7856,VALID,24.002238,VALID,Warning,WARN: High flow rate detected (Flood risk)
2026-05-14 08:00:00+00:00,14.2,VALID,6229.696,VALID,23.982426,VALID,Warning,WARN: High flow rate detected (Flood risk)
2026-05-14 09:00:00+00:00,14.3,VALID,6222.6168,VALID,23.984712000000002,VALID,Warning,WARN: High flow rate detected (Flood risk)
2026-05-14 10:00:00+00:00,14.3,VALID,6017.32,VALID,23.94966,VALID,Warning,WARN: High flow rate detected (Flood risk)
2026-05-14 11:00:00+00:00,14.3,VALID,5677.5184,VALID,24.023574000000004,VALID,Warning,WARN: High flow rate detected (Flood risk)
2026-05-14 12:00:00+00:00,14.3,VALID,6541.1808,VALID,24.080724,VALID,Warning,WARN: High flow rate detected (Flood risk)
2026-05-14 13:00:00+00:00,14.3,VALID,6279.2504,VALID,24.110442,VALID,Warning,WARN: High flow rate detected (Flood risk)
2026-05-14 14:00:00+00:00,14.2,VALID,5479.3008,VALID,24.076152,VALID,Warning,WARN: High flow rate detected (Flood risk)
2026-05-14 15:00:00+00:00,14.3,VALID,4743.064,VALID,24.025098,VALID,Warning,WARN: High flow rate detected (Flood risk)
2026-05-14 16:00:00+00:00,14.3,VALID,6187.2208,VALID,24.044148,VALID,Warning,WARN: High flow rate detected (Flood risk)
2026-05-14 17:00:00+00:00,14.3,VALID,6973.012,VALID,24.062435999999998,VALID,Warning,WARN: High flow rate detected (Flood risk)
2026-05-14 18:00:00+00:00,14.3,VALID,6781.8736,VALID,24.059388000000002,VALID,Warning,WARN: High flow rate detected (Flood risk)
2026-05-14 19:00:00+00:00,14.3,VALID,6923.4576,VALID,24.043386,VALID,Warning,WARN: High flow rate detected (Flood risk)
2026-05-14 20:00:00+00:00,14.3,VALID,6873.9032,VALID,24.035004,VALID,Warning,WARN: High flow rate detected (Flood risk)
2026-05-14 21:00:00+00:00,14.3,VALID,6916.3784,VALID,24.057102,VALID,Warning,WARN: High flow rate detected (Flood risk)
2026-05-14 22:00:00+00:00,14.3,VALID,7079.2,VALID,24.067008,VALID,Warning,WARN: High flow rate detected (Flood risk)
2026-05-14 23:00:00+00:00,14.4,VALID,7114.596,VALID,24.06015,VALID,Warning,WARN: High flow rate detected (Flood risk)
2026-05-15 00:00:00+00:00,14.3,VALID,7185.388,VALID,24.072342,VALID,Warning,WARN: High flow rate detected (Flood risk)
2026-05-15 01:00:00+00:00,14.4,VALID,7815.4367999999995,VALID,24.150066000000002,VALID,Warning,WARN: High flow rate detected (Flood risk)
2026-05-15 02:00:00+00:00,14.3,VALID,7758.8032,VALID,24.163782,VALID,Warning,WARN: High flow rate detected (Flood risk)
2026-05-15 03:00:00+00:00,14.3,VALID,7680.932,VALID,24.130254,VALID,Warning,WARN: High flow rate detected (Flood risk)
2026-05-15 04:00:00+00:00,14.3,VALID,7362.368,VALID,24.092916000000002,VALID,Warning,WARN: High flow rate detected (Flood risk)
2026-05-15 05:00:00+00:00,14.3,VALID,6527.0224,VALID,24.102822,VALID,Warning,WARN: High flow rate detected (Flood risk)
2026-05-15 06:00:00+00:00,14.3,VALID,6527.0224,VALID,24.100535999999998,VALID,Warning,WARN: High flow rate detected (Flood risk)
2026-05-15 07:00:00+00:00,14.3,VALID,6187.2208,VALID,24.10968,VALID,Warning,WARN: High flow rate detected (Flood risk)
2026-05-15 08:00:00+00:00,14.3,VALID,6236.7752,VALID,24.100536,VALID,Warning,WARN: High flow rate detected (Flood risk)
2026-05-15 09:00:00+00:00,14.3,VALID,6413.7552,VALID,24.04491,VALID,Warning,WARN: High flow rate detected (Flood risk)
2026-05-15 10:00:00+00:00,14.3,VALID,6838.5072,VALID,23.99538,VALID,Warning,WARN: High flow rate detected (Flood risk)
2026-05-15 11:00:00+00:00,14.3,VALID,7206.625599999999,VALID,23.975568000000003,VALID,Warning,WARN: High flow rate detected (Flood risk)
2026-05-15 12:00:00+00:00,14.3,VALID,7284.4968,VALID,24.059388,VALID,Warning,WARN: High flow rate detected (Flood risk)
2026-05-15 13:00:00+00:00,14.3,VALID,7787.12,VALID,24.1173,VALID,Warning,WARN: High flow rate detected (Flood risk)
2026-05-15 14:00:00+00:00,14.3,VALID,7624.2984,VALID,24.068532,VALID,Warning,WARN: High flow rate detected (Flood risk)
2026-05-15 15:00:00+00:00,14.3,VALID,7496.8728,VALID,23.974044,VALID,Warning,WARN: High flow rate detected (Flood risk)
2026-05-15 16:00:00+00:00,14.2,VALID,7319.8928,VALID,23.910798,VALID,Warning,WARN: High flow rate detected (Flood risk)
2026-05-15 17:00:00+00:00,14.2,VALID,7638.4568,VALID,23.90775,VALID,Warning,WARN: High flow rate detected (Flood risk)
2026-05-15 18:00:00+00:00,14.2,VALID,7206.6256,VALID,23.871174,VALID,Warning,WARN: High flow rate detected (Flood risk)
2026-05-15 19:00:00+00:00,14.2,VALID,7142.9128,VALID,23.814024000000003,VALID,Warning,WARN: High flow rate detected (Flood risk)
2026-05-15 20:00:00+00:00,14.3,VALID,7093.3584,VALID,23.826216,VALID,Warning,WARN: High flow rate detected (Flood risk)
2026-05-15 21:00:00+00:00,14.3,VALID,7086.2792,VALID,23.865078,VALID,Warning,WARN: High flow rate detected (Flood risk)
2026-05-15 22:00:00+00:00,14.3,VALID,7135.8336,VALID,23.868888000000002,VALID,Warning,WARN: High flow rate detected (Flood risk)
2026-05-15 23:00:00+00:00,14.3,VALID,7086.2792,VALID,23.896320000000003,VALID,Warning,WARN: High flow rate detected (Flood risk)
2026-05-16 00:00:00+00:00,14.3,VALID,7503.952,VALID,23.960328,VALID,Warning,WARN: High flow rate detected (Flood risk)
2026-05-16 01:00:00+00:00,14.2,VALID,7985.3376,VALID,24.038814000000002,VALID,Warning,WARN: High flow rate detected (Flood risk)
2026-05-16 02:00:00+00:00,14.2,VALID,7680.932,VALID,24.027384,VALID,Warning,WARN: High flow rate detected (Flood risk)
2026-05-16 03:00:00+00:00,14.2,VALID,7341.1304,VALID,23.990046,VALID,Warning,WARN: High flow rate detected (Flood risk)
2026-05-16 04:00:00+00:00,14.2,VALID,7249.1008,VALID,23.969472000000003,VALID,Warning,WARN: High flow rate detected (Flood risk)
2026-05-16 05:00:00+00:00,14.2,VALID,7256.18,VALID,24.042624,VALID,Warning,WARN: High flow rate detected (Flood risk)
2026-05-16 06:00:00+00:00,14.2,VALID,7864.9911999999995,VALID,24.089868,VALID,Warning,WARN: High flow rate detected (Flood risk)
2026-05-16 07:00:00+00:00,14.2,VALID,6392.5176,VALID,24.020526000000004,VALID,Warning,WARN: High flow rate detected (Flood risk)
2026-05-16 08:00:00+00:00,14.3,VALID,7284.4968,VALID,23.913084,VALID,Warning,WARN: High flow rate detected (Flood risk)
2026-05-16 09:00:00+00:00,14.3,VALID,5550.0928,VALID,23.858220000000003,VALID,Warning,WARN: High flow rate detected (Flood risk)
2026-05-16 10:00:00+00:00,14.3,VALID,5266.9248,VALID,23.865078,VALID,Warning,WARN: High flow rate detected (Flood risk)
2026-05-16 11:00:00+00:00,14.3,VALID,5450.9839999999995,VALID,23.849076,VALID,Warning,WARN: High flow rate detected (Flood risk)
2026-05-16 12:00:00+00:00,14.3,VALID,5953.6071999999995,VALID,23.806404,VALID,Warning,WARN: High flow rate detected (Flood risk)
2026-05-16 13:00:00+00:00,14.3,VALID,6279.2504,VALID,23.769828000000004,VALID,Warning,WARN: High flow rate detected (Flood risk)
2026-05-16 14:00:00+00:00,14.2,VALID,5592.568,VALID,23.746206,VALID,Warning,WARN: High flow rate detected (Flood risk)
2026-05-16 15:00:00+00:00,14.2,VALID,5925.2904,VALID,23.708868000000002,VALID,Warning,WARN: High flow rate detected (Flood risk)
2026-05-16 16:00:00+00:00,14.2,VALID,6548.26,VALID,23.686770000000003,VALID,Warning,WARN: High flow rate detected (Flood risk)
2026-05-16 17:00:00+00:00,14.2,VALID,6512.864,VALID,23.688294000000003,VALID,Warning,WARN: High flow rate detected (Flood risk)
2026-05-16 18:00:00+00:00,14.2,VALID,6689.844,VALID,23.681436,VALID,Warning,WARN: High flow rate detected (Flood risk)
2026-05-16 19:00:00+00:00,14.3,VALID,6527.0224,VALID,23.677626,VALID,Warning,WARN: High flow rate detected (Flood risk)
2026-05-16 20:00:00+00:00,14.3,VALID,7057.962399999999,VALID,23.692104,VALID,Warning,WARN: High flow rate detected (Flood risk)
2026-05-16 21:00:00+00:00,14.3,VALID,6640.2896,VALID,23.686008,VALID,Warning,WARN: High flow rate detected (Flood risk)
2026-05-16 22:00:00+00:00,14.3,VALID,6611.9728,VALID,23.666958,VALID,Warning,WARN: High flow rate detected (Flood risk)
2026-05-16 23:00:00+00:00,14.3,VALID,6951.7744,VALID,23.720298,VALID,Warning,WARN: High flow rate detected (Flood risk)
2026-05-17 00:00:00+00:00,14.3,VALID,7263.2592,VALID,23.771352,VALID,Warning,WARN: High flow rate detected (Flood risk)
2026-05-17 01:00:00+00:00,14.3,VALID,6597.8144,VALID,23.76678,VALID,Warning,WARN: High flow rate detected (Flood risk)
2026-05-17 02:00:00+00:00,14.3,VALID,6243.8544,VALID,23.775162,VALID,Warning,WARN: High flow rate detected (Flood risk)
2026-05-17 03:00:00+00:00,14.3,VALID,6258.0128,VALID,23.759922,VALID,Warning,WARN: High flow rate detected (Flood risk)
2026-05-17 04:00:00+00:00,14.2,VALID,6272.1712,VALID,23.737062,VALID,Warning,WARN: High flow rate detected (Flood risk)
2026-05-17 05:00:00+00:00,14.2,VALID,6838.5072,VALID,23.788116000000002,VALID,Warning,WARN: High flow rate detected (Flood risk)
2026-05-17 06:00:00+00:00,14.2,VALID,7242.0216,VALID,23.832312,VALID,Warning,WARN: High flow rate detected (Flood risk)
2026-05-17 07:00:00+00:00,14.2,VALID,6328.8048,VALID,23.737824000000003,VALID,Warning,WARN: High flow rate detected (Flood risk)
2026-05-17 08:00:00+00:00,14.2,VALID,5472.2216,VALID,23.584662,VALID,Warning,WARN: High flow rate detected (Flood risk)
2026-05-17 09:00:00+00:00,14.3,VALID,5783.7064,VALID,23.532846,VALID,Warning,WARN: High flow rate detected (Flood risk)
2026-05-17 10:00:00+00:00,14.2,VALID,5762.468800000001,VALID,23.548086,VALID,Warning,WARN: High flow rate detected (Flood risk)
2026-05-17 11:00:00+00:00,14.2,VALID,6130.5872,VALID,23.532084,VALID,Warning,WARN: High flow rate detected (Flood risk)
2026-05-17 12:00:00+00:00,14.2,VALID,6130.5872,VALID,23.572470000000003,VALID,Warning,WARN: High flow rate detected (Flood risk)
2026-05-17 13:00:00+00:00,14.2,VALID,6144.7456,VALID,23.58771,VALID,Warning,WARN: High flow rate detected (Flood risk)
2026-05-17 14:00:00+00:00,14.1,VALID,6229.696,VALID,23.609808,VALID,Warning,WARN: High flow rate detected (Flood risk)
2026-05-17 15:00:00+00:00,14.1,VALID,6633.2104,VALID,23.624286,VALID,Warning,WARN: High flow rate detected (Flood risk)
2026-05-17 16:00:00+00:00,14.1,VALID,6633.2104,VALID,23.631906,VALID,Warning,WARN: High flow rate detected (Flood risk)
2026-05-17 17:00:00+00:00,14.0,VALID,6788.9528,VALID,23.618952,VALID,Warning,WARN: High flow rate detected (Flood risk)
2026-05-17 18:00:00+00:00,14.0,VALID,6626.1312,VALID,23.616666000000002,VALID,Warning,WARN: High flow rate detected (Flood risk)
2026-05-17 19:00:00+00:00,14.1,VALID,6696.9232,VALID,23.626572,VALID,Warning,WARN: High flow rate detected (Flood risk)
2026-05-17 20:00:00+00:00,14.0,VALID,6838.5072,VALID,23.615904,VALID,Warning,WARN: High flow rate detected (Flood risk)
2026-05-17 21:00:00+00:00,14.1,VALID,6654.448,VALID,23.629620000000003,VALID,Warning,WARN: High flow rate detected (Flood risk)
2026-05-17 22:00:00+00:00,14.1,VALID,6873.903200000001,VALID,23.623524,VALID,Warning,WARN: High flow rate detected (Flood risk)
2026-05-17 23:00:00+00:00,14.1,VALID,6916.3784,VALID,23.615142000000002,VALID,Warning,WARN: High flow rate detected (Flood risk)
2026-05-18 00:00:00+00:00,14.1,VALID,6958.8536,VALID,23.594568000000002,VALID,Warning,WARN: High flow rate detected (Flood risk)
2026-05-18 01:00:00+00:00,14.0,VALID,7291.576,VALID,23.623524,VALID,Warning,WARN: High flow rate detected (Flood risk)
2026-05-18 02:00:00+00:00,14.1,VALID,6817.2696,VALID,23.650956,VALID,Warning,WARN: High flow rate detected (Flood risk)
2026-05-18 03:00:00+00:00,14.0,VALID,6668.606400000001,VALID,23.645622,VALID,Warning,WARN: High flow rate detected (Flood risk)
2026-05-18 04:00:00+00:00,14.0,VALID,6534.1016,VALID,23.630382,VALID,Warning,WARN: High flow rate detected (Flood risk)
2026-05-18 05:00:00+00:00,14.0,VALID,5840.34,VALID,23.644098,VALID,Warning,WARN: High flow rate detected (Flood risk)
2026-05-18 06:00:00+00:00,14.0,VALID,6017.32,VALID,23.645622,VALID,Warning,WARN: High flow rate detected (Flood risk)
2026-05-18 07:00:00+00:00,14.0,VALID,5302.3207999999995,VALID,23.61819,VALID,Warning,WARN: High flow rate detected (Flood risk)
2026-05-18 08:00:00+00:00,14.0,VALID,4863.4104,VALID,23.622,VALID,Warning,WARN: High flow rate detected (Flood risk)
2026-05-18 09:00:00+00:00,14.0,VALID,5033.3112,VALID,23.640288,VALID,Warning,WARN: High flow rate detected (Flood risk)
2026-05-18 10:00:00+00:00,14.0,VALID,5776.6272,VALID,23.640288,VALID,Warning,WARN: High flow rate detected (Flood risk)
2026-05-18 11:00:00+00:00,14.1,VALID,4912.9648,VALID,23.628858,VALID,Warning,WARN: High flow rate detected (Flood risk)
2026-05-18 12:00:00+00:00,14.0,VALID,4424.5,VALID,23.676102,VALID,Warning,WARN: High flow rate detected (Flood risk)
2026-05-18 13:00:00+00:00,14.0,VALID,5479.3008,VALID,23.697438000000002,VALID,Warning,WARN: High flow rate detected (Flood risk)
2026-05-18 14:00:00+00:00,14.0,VALID,6307.5671999999995,VALID,23.687532,VALID,Warning,WARN: High flow rate detected (Flood risk)
2026-05-18 15:00:00+00:00,14.0,VALID,5677.5184,VALID,23.620476000000004,VALID,Warning,WARN: High flow rate detected (Flood risk)
2026-05-18 16:00:00+00:00,14.0,VALID,5939.4488,VALID,23.567898,VALID,Warning,WARN: High flow rate detected (Flood risk)
2026-05-18 17:00:00+00:00,14.0,VALID,6024.3992,VALID,23.589234,VALID,Warning,WARN: High flow rate detected (Flood risk)
2026-05-18 18:00:00+00:00,14.0,VALID,6130.5872,VALID,23.612856,VALID,Warning,WARN: High flow rate detected (Flood risk)
2026-05-18 19:00:00+00:00,14.0,VALID,6208.4583999999995,VALID,23.597616000000002,VALID,Warning,WARN: High flow rate detected (Flood risk)
2026-05-18 20:00:00+00:00,14.0,VALID,6229.696,VALID,23.570184,VALID,Warning,WARN: High flow rate detected (Flood risk)
2026-05-18 21:00:00+00:00,14.0,VALID,6236.7752,VALID,23.579328000000004,VALID,Warning,WARN: High flow rate detected (Flood risk)
2026-05-18 22:00:00+00:00,14.0,VALID,5932.3696,VALID,23.589996000000003,VALID,Warning,WARN: High flow rate detected (Flood risk)
2026-05-18 23:00:00+00:00,14.0,VALID,6081.0328,VALID,23.592282000000004,VALID,Warning,WARN: High flow rate detected (Flood risk)
2026-05-19 00:00:00+00:00,14.0,VALID,6229.696,VALID,23.570184,VALID,Warning,WARN: High flow rate detected (Flood risk)
2026-05-19 01:00:00+00:00,14.0,VALID,6810.1903999999995,VALID,23.615142000000002,VALID,Warning,WARN: High flow rate detected (Flood risk)
2026-05-19 02:00:00+00:00,14.0,VALID,6201.379199999999,VALID,23.676102,VALID,Warning,WARN: High flow rate detected (Flood risk)
2026-05-19 03:00:00+00:00,14.0,VALID,6017.32,VALID,23.661624000000003,VALID,Warning,WARN: High flow rate detected (Flood risk)
2026-05-19 04:00:00+00:00,14.0,VALID,6010.2408,VALID,23.635716000000002,VALID,Warning,WARN: High flow rate detected (Flood risk)
2026-05-19 05:00:00+00:00,14.0,VALID,6286.3296,VALID,23.637240000000002,VALID,Warning,WARN: High flow rate detected (Flood risk)
2026-05-19 06:00:00+00:00,14.1,VALID,6980.0912,VALID,23.657814000000002,VALID,Warning,WARN: High flow rate detected (Flood risk)
2026-05-19 07:00:00+00:00,14.1,VALID,6208.4583999999995,VALID,23.553420000000003,VALID,Warning,WARN: High flow rate detected (Flood risk)
2026-05-19 08:00:00+00:00,14.1,VALID,5019.1528,VALID,23.471886,VALID,Warning,WARN: High flow rate detected (Flood risk)
2026-05-19 09:00:00+00:00,14.1,VALID,4367.8664,VALID,23.485602,VALID,Warning,WARN: High flow rate detected (Flood risk)
2026-05-19 10:00:00+00:00,14.1,VALID,4091.7776,VALID,23.523702,VALID,Warning,WARN: High flow rate detected (Flood risk)
2026-05-19 11:00:00+00:00,14.2,VALID,4509.4504,VALID,23.502366000000002,VALID,Warning,WARN: High flow rate detected (Flood risk)
2026-05-19 12:00:00+00:00,14.2,VALID,4643.9552,VALID,23.529798,VALID,Warning,WARN: High flow rate detected (Flood risk)
2026-05-19 13:00:00+00:00,14.1,VALID,5146.5784,VALID,23.550372,VALID,Warning,WARN: High flow rate detected (Flood risk)
2026-05-19 14:00:00+00:00,14.1,VALID,4792.618399999999,VALID,23.543514000000002,VALID,Warning,WARN: High flow rate detected (Flood risk)
2026-05-19 15:00:00+00:00,14.1,VALID,4396.1831999999995,VALID,23.506176,VALID,Warning,WARN: High flow rate detected (Flood risk)
2026-05-19 16:00:00+00:00,14.1,VALID,5734.152,VALID,23.501604,VALID,Warning,WARN: High flow rate detected (Flood risk)
2026-05-19 17:00:00+00:00,14.1,VALID,6456.2304,VALID,23.500842000000002,VALID,Warning,WARN: High flow rate detected (Flood risk)
2026-05-19 18:00:00+00:00,14.1,VALID,6505.784799999999,VALID,23.516082000000004,VALID,Warning,WARN: High flow rate detected (Flood risk)
2026-05-19 19:00:00+00:00,14.1,VALID,6399.596799999999,VALID,23.482554,VALID,Warning,WARN: High flow rate detected (Flood risk)
2026-05-19 20:00:00+00:00,14.1,VALID,6073.9536,VALID,23.449026,VALID,Warning,WARN: High flow rate detected (Flood risk)
2026-05-19 21:00:00+00:00,14.1,VALID,5748.3104,VALID,23.426166000000002,VALID,Warning,WARN: High flow rate detected (Flood risk)
2026-05-19 22:00:00+00:00,14.2,VALID,5868.6568,VALID,23.45055,VALID,Warning,WARN: High flow rate detected (Flood risk)
2026-05-19 23:00:00+00:00,14.2,VALID,5896.9736,VALID,23.430738,VALID,Warning,WARN: High flow rate detected (Flood risk)
2026-05-20 00:00:00+00:00,14.2,VALID,6208.4583999999995,VALID,23.450550000000003,VALID,Warning,WARN: High flow rate detected (Flood risk)
2026-05-20 01:00:00+00:00,14.2,VALID,7199.546399999999,VALID,23.567898000000003,VALID,Warning,WARN: High flow rate detected (Flood risk)
2026-05-20 02:00:00+00:00,14.2,VALID,7482.7144,VALID,23.637240000000002,VALID,Warning,WARN: High flow rate detected (Flood risk)
2026-05-20 03:00:00+00:00,14.1,VALID,7270.338400000001,VALID,23.632668,VALID,Warning,WARN: High flow rate detected (Flood risk)
2026-05-20 04:00:00+00:00,14.1,VALID,6781.8736,VALID,23.628858,VALID,Warning,WARN: High flow rate detected (Flood risk)
2026-05-20 05:00:00+00:00,14.1,VALID,6449.1512,VALID,23.674578000000004,VALID,Warning,WARN: High flow rate detected (Flood risk)
2026-05-20 06:00:00+00:00,14.1,VALID,6442.072,VALID,23.663148,VALID,Warning,WARN: High flow rate detected (Flood risk)
2026-05-20 07:00:00+00:00,14.1,VALID,5727.0728,VALID,23.557992000000002,VALID,Warning,WARN: High flow rate detected (Flood risk)
2026-05-20 08:00:00+00:00,14.2,VALID,5450.984,VALID,23.508462,VALID,Warning,WARN: High flow rate detected (Flood risk)
2026-05-20 09:00:00+00:00,14.2,VALID,5167.816,VALID,23.53056,VALID,Warning,WARN: High flow rate detected (Flood risk)
2026-05-20 10:00:00+00:00,14.2,VALID,4785.5392,VALID,23.567898,VALID,Warning,WARN: High flow rate detected (Flood risk)
2026-05-20 11:00:00+00:00,14.2,VALID,3921.8768,VALID,23.551896,VALID,Warning,WARN: High flow rate detected (Flood risk)
2026-05-20 12:00:00+00:00,14.2,VALID,4714.7472,VALID,23.610570000000003,VALID,Warning,WARN: High flow rate detected (Flood risk)
2026-05-20 13:00:00+00:00,14.2,VALID,4700.5887999999995,VALID,23.643336,VALID,Warning,WARN: High flow rate detected (Flood risk)
2026-05-20 14:00:00+00:00,14.2,VALID,5061.628,VALID,23.63343,VALID,Warning,WARN: High flow rate detected (Flood risk)
2026-05-20 15:00:00+00:00,14.2,VALID,5288.1624,VALID,23.591520000000003,VALID,Warning,WARN: High flow rate detected (Flood risk)
2026-05-20 16:00:00+00:00,14.3,VALID,5670.4392,VALID,23.577042,VALID,Warning,WARN: High flow rate detected (Flood risk)
2026-05-20 17:00:00+00:00,14.3,VALID,5571.3304,VALID,23.590758,VALID,Warning,WARN: High flow rate detected (Flood risk)
2026-05-20 18:00:00+00:00,14.3,VALID,4332.4704,VALID,23.619714000000002,VALID,Warning,WARN: High flow rate detected (Flood risk)
2026-05-20 19:00:00+00:00,14.3,VALID,4346.6288,VALID,23.647908,VALID,Warning,WARN: High flow rate detected (Flood risk)
2026-05-20 20:00:00+00:00,14.3,VALID,4665.1928,VALID,23.632668000000002,VALID,Warning,WARN: High flow rate detected (Flood risk)
2026-05-20 21:00:00+00:00,14.3,VALID,4396.1831999999995,VALID,23.631906,VALID,Warning,WARN: High flow rate detected (Flood risk)
2026-05-20 22:00:00+00:00,14.4,VALID,4374.9456,VALID,23.631906,VALID,Warning,WARN: High flow rate detected (Flood risk)
2026-05-20 23:00:00+00:00,14.4,VALID,4934.2024,VALID,23.659338,VALID,Warning,WARN: High flow rate detected (Flood risk)
2026-05-21 00:00:00+00:00,14.4,VALID,5727.0728,VALID,23.651718000000002,VALID,Warning,WARN: High flow rate detected (Flood risk)
2026-05-21 01:00:00+00:00,14.4,VALID,6123.508,VALID,23.725632,VALID,Warning,WARN: High flow rate detected (Flood risk)
2026-05-21 02:00:00+00:00,14.3,VALID,6661.5272,VALID,23.770590000000002,VALID,Warning,WARN: High flow rate detected (Flood risk)
2026-05-21 03:00:00+00:00,14.3,VALID,6753.5568,VALID,23.77059,VALID,Warning,WARN: High flow rate detected (Flood risk)
2026-05-21 04:00:00+00:00,14.3,VALID,6038.5576,VALID,23.734776,VALID,Warning,WARN: High flow rate detected (Flood risk)
2026-05-21 05:00:00+00:00,14.3,VALID,5387.2712,VALID,23.847552,VALID,Warning,WARN: High flow rate detected (Flood risk)
2026-05-21 06:00:00+00:00,14.3,VALID,5118.2616,VALID,23.837646,VALID,Warning,WARN: High flow rate detected (Flood risk)
2026-05-21 07:00:00+00:00,14.3,VALID,4778.46,VALID,23.68677,VALID,Warning,WARN: High flow rate detected (Flood risk)
2026-05-21 08:00:00+00:00,14.3,VALID,5111.1824,VALID,23.609046000000003,VALID,Warning,WARN: High flow rate detected (Flood risk)
2026-05-21 09:00:00+00:00,14.4,VALID,4898.8063999999995,VALID,23.654004000000004,VALID,Warning,WARN: High flow rate detected (Flood risk)
2026-05-21 10:00:00+00:00,14.4,VALID,4020.9856,VALID,23.67153,VALID,Warning,WARN: High flow rate detected (Flood risk)
2026-05-21 11:00:00+00:00,14.4,VALID,3780.2928,VALID,23.620476000000004,VALID,Warning,WARN: High flow rate detected (Flood risk)
2026-05-21 12:00:00+00:00,14.4,VALID,3872.3224,VALID,23.596854,VALID,Warning,WARN: High flow rate detected (Flood risk)
2026-05-21 13:00:00+00:00,14.4,VALID,3865.2432,VALID,23.586186,VALID,Warning,WARN: High flow rate detected (Flood risk)
2026-05-21 14:00:00+00:00,14.4,VALID,3525.4416,VALID,23.57247,VALID,Warning,WARN: High flow rate detected (Flood risk)
2026-05-21 15:00:00+00:00,14.4,VALID,3560.8376,VALID,23.560278000000004,VALID,Warning,WARN: High flow rate detected (Flood risk)
2026-05-21 16:00:00+00:00,14.4,VALID,3681.184,VALID,23.537418000000002,VALID,Warning,WARN: High flow rate detected (Flood risk)
2026-05-21 17:00:00+00:00,14.5,VALID,3964.352,VALID,23.518368000000002,VALID,Warning,WARN: High flow rate detected (Flood risk)
2026-05-21 18:00:00+00:00,14.5,VALID,3971.4312,VALID,23.51151,VALID,Warning,WARN: High flow rate detected (Flood risk)
2026-05-21 19:00:00+00:00,14.5,VALID,3794.4512,VALID,23.501604,VALID,Warning,WARN: High flow rate detected (Flood risk)
2026-05-21 20:00:00+00:00,14.6,VALID,4700.5887999999995,VALID,23.486364000000002,VALID,Warning,WARN: High flow rate detected (Flood risk)
2026-05-21 21:00:00+00:00,14.6,VALID,3822.768,VALID,23.477220000000003,VALID,Warning,WARN: High flow rate detected (Flood risk)
2026-05-21 22:00:00+00:00,14.6,VALID,4707.668,VALID,23.523702,VALID,Warning,WARN: High flow rate detected (Flood risk)
2026-05-21 23:00:00+00:00,14.6,VALID,5111.1824,VALID,23.535894000000003,VALID,Warning,WARN: High flow rate detected (Flood risk)
2026-05-22 00:00:00+00:00,14.7,VALID,5458.0632,VALID,23.602188,VALID,Warning,WARN: High flow rate detected (Flood risk)
2026-05-22 01:00:00+00:00,14.6,VALID,5996.082399999999,VALID,23.636478,VALID,Warning,WARN: High flow rate detected (Flood risk)
2026-05-22 02:00:00+00:00,14.5,VALID,5571.3304,VALID,23.68296,VALID,Warning,WARN: High flow rate detected (Flood risk)
2026-05-22 03:00:00+00:00,14.5,VALID,6413.7552,VALID,23.674578,VALID,Warning,WARN: High flow rate detected (Flood risk)
2026-05-22 04:00:00+00:00,14.5,VALID,5790.7856,VALID,23.591520000000003,VALID,Warning,WARN: High flow rate detected (Flood risk)
2026-05-22 05:00:00+00:00,14.5,VALID,4891.727199999999,VALID,23.539704,VALID,Warning,WARN: High flow rate detected (Flood risk)
2026-05-22 06:00:00+00:00,14.5,VALID,4615.6384,VALID,23.531322000000003,VALID,Warning,WARN: High flow rate detected (Flood risk)
2026-05-22 07:00:00+00:00,14.5,VALID,4488.2128,VALID,23.51151,VALID,Warning,WARN: High flow rate detected (Flood risk)
2026-05-22 08:00:00+00:00,14.5,VALID,4282.916,VALID,23.464266000000002,VALID,Warning,WARN: High flow rate detected (Flood risk)
2026-05-22 09:00:00+00:00,14.5,VALID,4120.0944,VALID,23.487888,VALID,Warning,WARN: High flow rate detected (Flood risk)
2026-05-22 10:00:00+00:00,14.5,VALID,4134.2528,VALID,23.484840000000002,VALID,Warning,WARN: High flow rate detected (Flood risk)
2026-05-22 11:00:00+00:00,14.5,VALID,4679.3512,VALID,23.556468000000002,VALID,Warning,WARN: High flow rate detected (Flood risk)
2026-05-22 12:00:00+00:00,14.6,VALID,5026.232,VALID,23.599902,VALID,Warning,WARN: High flow rate detected (Flood risk)
2026-05-22 13:00:00+00:00,14.6,VALID,4898.8063999999995,VALID,23.634192000000002,VALID,Warning,WARN: High flow rate detected (Flood risk)
2026-05-22 14:00:00+00:00,14.6,VALID,4842.1728,VALID,23.639526,VALID,Warning,WARN: High flow rate detected (Flood risk)
2026-05-22 15:00:00+00:00,14.6,VALID,4622.7176,VALID,23.613618000000002,VALID,Warning,WARN: High flow rate detected (Flood risk)
2026-05-22 16:00:00+00:00,14.6,VALID,4353.708,VALID,23.592282,VALID,Warning,WARN: High flow rate detected (Flood risk)
2026-05-22 17:00:00+00:00,14.6,VALID,4006.8272,VALID,23.60295,VALID,Warning,WARN: High flow rate detected (Flood risk)
2026-05-22 18:00:00+00:00,14.7,VALID,3858.164,VALID,23.608284,VALID,Warning,WARN: High flow rate detected (Flood risk)
2026-05-22 19:00:00+00:00,14.6,VALID,4360.7872,VALID,23.60295,VALID,Warning,WARN: High flow rate detected (Flood risk)
2026-05-22 20:00:00+00:00,14.7,VALID,4537.7672,VALID,23.592282000000004,VALID,Warning,WARN: High flow rate detected (Flood risk)
2026-05-22 21:00:00+00:00,14.7,VALID,4516.5296,VALID,23.598378,VALID,Warning,WARN: High flow rate detected (Flood risk)
2026-05-22 22:00:00+00:00,14.7,VALID,4658.1136,VALID,23.590758,VALID,Warning,WARN: High flow rate detected (Flood risk)
2026-05-22 23:00:00+00:00,14.7,VALID,5146.5784,VALID,23.613618000000002,VALID,Warning,WARN: High flow rate detected (Flood risk)
2026-05-23 00:00:00+00:00,14.8,VALID,5557.1720000000005,VALID,23.669244000000003,VALID,Warning,WARN: High flow rate detected (Flood risk)
2026-05-23 01:00:00+00:00,14.8,VALID,6279.2504,VALID,23.783544000000003,VALID,Warning,WARN: High flow rate detected (Flood risk)
2026-05-23 02:00:00+00:00,14.7,VALID,6300.487999999999,VALID,23.838408,VALID,Warning,WARN: High flow rate detected (Flood risk)
2026-05-23 03:00:00+00:00,14.7,VALID,6279.2504,VALID,23.819358,VALID,Warning,WARN: High flow rate detected (Flood risk)
2026-05-23 04:00:00+00:00,14.7,VALID,6286.3296,VALID,23.84679,VALID,Warning,WARN: High flow rate detected (Flood risk)
2026-05-23 05:00:00+00:00,14.7,VALID,5663.36,VALID,23.90013,VALID,Warning,WARN: High flow rate detected (Flood risk)
2026-05-23 06:00:00+00:00,14.7,VALID,4948.3608,VALID,23.851362,VALID,Warning,WARN: High flow rate detected (Flood risk)
2026-05-23 07:00:00+00:00,14.7,VALID,4382.0248,VALID,23.732490000000002,VALID,Warning,WARN: High flow rate detected (Flood risk)
2026-05-23 08:00:00+00:00,14.8,VALID,4346.6288,VALID,23.679912,VALID,Warning,WARN: High flow rate detected (Flood risk)
2026-05-23 09:00:00+00:00,14.8,VALID,5231.5288,VALID,23.712678,VALID,Warning,WARN: High flow rate detected (Flood risk)
2026-05-23 10:00:00+00:00,14.8,VALID,4721.8264,VALID,23.680674,VALID,Warning,WARN: High flow rate detected (Flood risk)
2026-05-23 11:00:00+00:00,14.8,VALID,4927.1232,VALID,23.628096,VALID,Warning,WARN: High flow rate detected (Flood risk)
2026-05-23 12:00:00+00:00,14.8,VALID,4799.6975999999995,VALID,23.60676,VALID,Warning,WARN: High flow rate detected (Flood risk)
2026-05-23 13:00:00+00:00,14.9,VALID,5422.6672,VALID,23.566374000000003,VALID,Warning,WARN: High flow rate detected (Flood risk)
2026-05-23 14:00:00+00:00,14.9,VALID,5500.5383999999995,VALID,23.550372000000003,VALID,Warning,WARN: High flow rate detected (Flood risk)
2026-05-23 15:00:00+00:00,14.9,VALID,5514.6968,VALID,23.525988,VALID,Warning,WARN: High flow rate detected (Flood risk)
2026-05-23 16:00:00+00:00,15.0,VALID,5599.6472,VALID,23.496270000000003,VALID,Warning,WARN: High flow rate detected (Flood risk)
2026-05-23 17:00:00+00:00,15.0,VALID,5465.1424,VALID,23.475696,VALID,Warning,WARN: High flow rate detected (Flood risk)
2026-05-23 18:00:00+00:00,15.0,VALID,5642.1224,VALID,23.453598,VALID,Warning,WARN: High flow rate detected (Flood risk)
2026-05-23 19:00:00+00:00,15.0,VALID,5585.4888,VALID,23.433024,VALID,Warning,WARN: High flow rate detected (Flood risk)
2026-05-23 20:00:00+00:00,15.1,VALID,5599.647199999999,VALID,23.404830000000004,VALID,Warning,WARN: High flow rate detected (Flood risk)
2026-05-23 21:00:00+00:00,15.1,VALID,5826.1816,VALID,23.369016000000002,VALID,Warning,WARN: High flow rate detected (Flood risk)
2026-05-23 22:00:00+00:00,15.1,VALID,5691.6768,VALID,23.330154,VALID,Warning,WARN: High flow rate detected (Flood risk)
2026-05-23 23:00:00+00:00,15.2,VALID,5535.9344,VALID,23.304246,VALID,Warning,WARN: High flow rate detected (Flood risk)
2026-05-24 00:00:00+00:00,15.1,VALID,5323.5584,VALID,23.331678000000004,VALID,Warning,WARN: High flow rate detected (Flood risk)
2026-05-24 01:00:00+00:00,15.1,VALID,5323.5584,VALID,23.378922,VALID,Warning,WARN: High flow rate detected (Flood risk)
2026-05-24 02:00:00+00:00,15.1,VALID,5429.7464,VALID,23.367492000000002,VALID,Warning,WARN: High flow rate detected (Flood risk)
2026-05-24 03:00:00+00:00,15.1,VALID,5224.4496,VALID,23.354538,VALID,Warning,WARN: High flow rate detected (Flood risk)
2026-05-24 04:00:00+00:00,15.0,VALID,4785.5392,VALID,23.362920000000003,VALID,Warning,WARN: High flow rate detected (Flood risk)
2026-05-24 05:00:00+00:00,15.0,VALID,5358.9544,VALID,23.385018000000002,VALID,Warning,WARN: High flow rate detected (Flood risk)
2026-05-24 06:00:00+00:00,14.9,VALID,5380.192,VALID,23.350728,VALID,Warning,WARN: High flow rate detected (Flood risk)
2026-05-24 07:00:00+00:00,14.9,VALID,5309.4,VALID,23.331678000000004,VALID,Warning,WARN: High flow rate detected (Flood risk)
2026-05-24 08:00:00+00:00,14.9,VALID,3815.6888,VALID,23.327106,VALID,Warning,WARN: High flow rate detected (Flood risk)
2026-05-24 09:00:00+00:00,14.9,VALID,3822.768,VALID,23.325582,VALID,Warning,WARN: High flow rate detected (Flood risk)
2026-05-24 10:00:00+00:00,14.9,VALID,5004.9944,VALID,23.310342000000002,VALID,Warning,WARN: High flow rate detected (Flood risk)
2026-05-24 11:00:00+00:00,15.0,VALID,4197.9656,VALID,23.286720000000003,VALID,Warning,WARN: High flow rate detected (Flood risk)
2026-05-24 12:00:00+00:00,15.0,VALID,3943.1144,VALID,23.2791,VALID,Warning,WARN: High flow rate detected (Flood risk)
2026-05-24 13:00:00+00:00,15.0,VALID,3461.7288,VALID,23.26005,VALID,Warning,WARN: High flow rate detected (Flood risk)
2026-05-24 14:00:00+00:00,15.0,VALID,4113.0152,VALID,23.2791,VALID,Warning,WARN: High flow rate detected (Flood risk)
2026-05-24 15:00:00+00:00,15.0,VALID,4148.4112,VALID,23.297388,VALID,Warning,WARN: High flow rate detected (Flood risk)
2026-05-24 16:00:00+00:00,15.0,VALID,3525.4416,VALID,23.306532,VALID,Warning,WARN: High flow rate detected (Flood risk)
2026-05-24 17:00:00+00:00,15.0,VALID,5097.024,VALID,23.305008,VALID,Warning,WARN: High flow rate detected (Flood risk)
2026-05-24 18:00:00+00:00,15.1,VALID,4983.7568,VALID,23.319486000000005,VALID,Warning,WARN: High flow rate detected (Flood risk)
2026-05-24 19:00:00+00:00,15.1,VALID,5521.776,VALID,23.326344,VALID,Warning,WARN: High flow rate detected (Flood risk)
2026-05-24 20:00:00+00:00,15.1,VALID,5394.350399999999,VALID,23.339298,VALID,Warning,WARN: High flow rate detected (Flood risk)
2026-05-24 21:00:00+00:00,15.1,VALID,4976.6776,VALID,23.353014,VALID,Warning,WARN: High flow rate detected (Flood risk)
2026-05-24 22:00:00+00:00,15.2,VALID,4863.4104,VALID,23.361396,VALID,Warning,WARN: High flow rate detected (Flood risk)
2026-05-24 23:00:00+00:00,15.2,VALID,4594.400799999999,VALID,23.367492,VALID,Warning,WARN: High flow rate detected (Flood risk)
2026-05-25 00:00:00+00:00,15.2,VALID,4580.2424,VALID,23.376636,VALID,Warning,WARN: High flow rate detected (Flood risk)
2026-05-25 01:00:00+00:00,15.1,VALID,4905.8856,VALID,23.385018000000002,VALID,Warning,WARN: High flow rate detected (Flood risk)
2026-05-25 02:00:00+00:00,15.1,VALID,5012.0736,VALID,23.398734,VALID,Warning,WARN: High flow rate detected (Flood risk)
2026-05-25 03:00:00+00:00,15.0,VALID,4820.9352,VALID,23.400258,VALID,Warning,WARN: High flow rate detected (Flood risk)
2026-05-25 04:00:00+00:00,15.0,VALID,4693.509599999999,VALID,23.401020000000003,VALID,Warning,WARN: High flow rate detected (Flood risk)
2026-05-25 05:00:00+00:00,15.0,VALID,4297.0743999999995,VALID,23.401020000000003,VALID,Warning,WARN: High flow rate detected (Flood risk)
2026-05-25 06:00:00+00:00,15.0,VALID,4566.084,VALID,23.369778,VALID,Warning,WARN: High flow rate detected (Flood risk)
2026-05-25 07:00:00+00:00,15.0,VALID,4254.5992,VALID,23.349966000000002,VALID,Warning,WARN: High flow rate detected (Flood risk)
2026-05-25 08:00:00+00:00,15.0,VALID,4056.3815999999997,VALID,23.35911,VALID,Warning,WARN: High flow rate detected (Flood risk)
2026-05-25 09:00:00+00:00,15.0,VALID,4197.9655999999995,VALID,23.365206,VALID,Warning,WARN: High flow rate detected (Flood risk)
2026-05-25 10:00:00+00:00,15.0,VALID,4098.8568,VALID,23.343108,VALID,Warning,WARN: High flow rate detected (Flood risk)
2026-05-25 11:00:00+00:00,15.0,VALID,4049.3024,VALID,23.335488,VALID,Warning,WARN: High flow rate detected (Flood risk)
2026-05-25 12:00:00+00:00,15.0,VALID,4098.8568,VALID,23.32101,VALID,Warning,WARN: High flow rate detected (Flood risk)
2026-05-25 13:00:00+00:00,15.1,VALID,3206.8776,VALID,23.323296000000003,VALID,Warning,WARN: High flow rate detected (Flood risk)
2026-05-25 14:00:00+00:00,15.1,VALID,3178.5607999999997,VALID,23.327106,VALID,Warning,WARN: High flow rate detected (Flood risk)
2026-05-25 15:00:00+00:00,15.1,VALID,3079.4519999999998,VALID,23.319486,VALID,Warning,WARN: High flow rate detected (Flood risk)
2026-05-25 16:00:00+00:00,15.2,VALID,3206.8776,VALID,23.311104,VALID,Warning,WARN: High flow rate detected (Flood risk)
2026-05-25 17:00:00+00:00,15.2,VALID,5097.024,VALID,23.337774000000003,VALID,Warning,WARN: High flow rate detected (Flood risk)
2026-05-25 18:00:00+00:00,15.2,VALID,5875.736,VALID,23.346918000000002,VALID,Warning,WARN: High flow rate detected (Flood risk)
2026-05-25 19:00:00+00:00,15.3,VALID,6024.3992,VALID,23.365968000000002,VALID,Warning,WARN: High flow rate detected (Flood risk)
2026-05-25 20:00:00+00:00,15.3,VALID,6208.4583999999995,VALID,23.357586,VALID,Warning,WARN: High flow rate detected (Flood risk)
2026-05-25 21:00:00+00:00,15.3,VALID,6165.9832,VALID,23.370540000000002,VALID,Warning,WARN: High flow rate detected (Flood risk)
2026-05-25 22:00:00+00:00,15.3,VALID,6130.5872,VALID,23.40483,VALID,Warning,WARN: High flow rate detected (Flood risk)
2026-05-25 23:00:00+00:00,15.3,VALID,6342.9632,VALID,23.481792000000002,VALID,Warning,WARN: High flow rate detected (Flood risk)
2026-05-26 00:00:00+00:00,15.2,VALID,6555.339199999999,VALID,23.531322,VALID,Warning,WARN: High flow rate detected (Flood risk)
2026-05-26 01:00:00+00:00,15.2,VALID,6633.2104,VALID,23.500842000000002,VALID,Warning,WARN: High flow rate detected (Flood risk)
2026-05-26 02:00:00+00:00,15.1,VALID,6463.3096,VALID,23.47341,VALID,Warning,WARN: High flow rate detected (Flood risk)
2026-05-26 03:00:00+00:00,15.1,VALID,6031.4784,VALID,23.428452,VALID,Warning,WARN: High flow rate detected (Flood risk)
2026-05-26 04:00:00+00:00,15.1,VALID,5252.7663999999995,VALID,23.453598,VALID,Warning,WARN: High flow rate detected (Flood risk)
2026-05-26 05:00:00+00:00,15.0,VALID,5408.5088,VALID,23.49246,VALID,Warning,WARN: High flow rate detected (Flood risk)
2026-05-26 06:00:00+00:00,15.0,VALID,5918.2112,VALID,23.516082,VALID,Warning,WARN: High flow rate detected (Flood risk)
2026-05-26 07:00:00+00:00,15.0,VALID,5543.0136,VALID,23.480268000000002,VALID,Warning,WARN: High flow rate detected (Flood risk)
2026-05-26 08:00:00+00:00,15.0,VALID,5097.023999999999,VALID,23.442168000000002,VALID,Warning,WARN: High flow rate detected (Flood risk)
2026-05-26 09:00:00+00:00,15.0,VALID,5274.004,VALID,23.439120000000003,VALID,Warning,WARN: High flow rate detected (Flood risk)
2026-05-26 10:00:00+00:00,15.0,VALID,4587.3216,VALID,23.442168000000002,VALID,Warning,WARN: High flow rate detected (Flood risk)
2026-05-26 11:00:00+00:00,15.0,VALID,4339.5496,VALID,23.428452,VALID,Warning,WARN: High flow rate detected (Flood risk)
2026-05-26 12:00:00+00:00,15.0,VALID,4212.124,VALID,23.421594,VALID,Warning,WARN: High flow rate detected (Flood risk)
2026-05-26 13:00:00+00:00,15.0,VALID,4778.46,VALID,23.417022,VALID,Warning,WARN: High flow rate detected (Flood risk)
2026-05-26 14:00:00+00:00,15.1,VALID,4120.0944,VALID,23.409402,VALID,Warning,WARN: High flow rate detected (Flood risk)
2026-05-26 15:00:00+00:00,15.1,VALID,5004.9944,VALID,23.418546,VALID,Warning,WARN: High flow rate detected (Flood risk)
2026-05-26 16:00:00+00:00,15.1,VALID,5415.588,VALID,23.41626,VALID,Warning,WARN: High flow rate detected (Flood risk)
2026-05-26 17:00:00+00:00,15.1,VALID,5741.2312,VALID,23.417022,VALID,Warning,WARN: High flow rate detected (Flood risk)
2026-05-26 18:00:00+00:00,15.2,VALID,5443.9048,VALID,23.397972000000003,VALID,Warning,WARN: High flow rate detected (Flood risk)
2026-05-26 19:00:00+00:00,15.2,VALID,5288.1624,VALID,23.390352,VALID,Warning,WARN: High flow rate detected (Flood risk)
2026-05-26 20:00:00+00:00,15.2,VALID,4927.1232,VALID,23.380446,VALID,Warning,WARN: High flow rate detected (Flood risk)
2026-05-26 21:00:00+00:00,15.2,VALID,5309.4,VALID,23.387304000000004,VALID,Warning,WARN: High flow rate detected (Flood risk)
2026-05-26 22:00:00+00:00,15.2,VALID,5061.628,VALID,23.400258,VALID,Warning,WARN: High flow rate detected (Flood risk)
2026-05-26 23:00:00+00:00,15.2,VALID,4856.3312000000005,VALID,23.379684,VALID,Warning,WARN: High flow rate detected (Flood risk)
2026-05-27 00:00:00+00:00,15.2,VALID,4813.856,VALID,23.354538,VALID,Warning,WARN: High flow rate detected (Flood risk)
2026-05-27 01:00:00+00:00,15.2,VALID,4700.5887999999995,VALID,23.41626,VALID,Warning,WARN: High flow rate detected (Flood risk)
2026-05-27 02:00:00+00:00,15.2,VALID,4580.2424,VALID,23.484078,VALID,Warning,WARN: High flow rate detected (Flood risk)
2026-05-27 03:00:00+00:00,15.2,VALID,4679.3512,VALID,23.512272000000003,VALID,Warning,WARN: High flow rate detected (Flood risk)
2026-05-27 04:00:00+00:00,15.2,VALID,5635.0432,VALID,23.520654,VALID,Warning,WARN: High flow rate detected (Flood risk)
2026-05-27 05:00:00+00:00,15.2,VALID,5939.4488,VALID,23.539704,VALID,Warning,WARN: High flow rate detected (Flood risk)
2026-05-27 06:00:00+00:00,15.2,VALID,5882.8152,VALID,23.583138,VALID,Warning,WARN: High flow rate detected (Flood risk)
2026-05-27 07:00:00+00:00,15.2,VALID,5663.36,VALID,23.570184,VALID,Warning,WARN: High flow rate detected (Flood risk)
2026-05-27 08:00:00+00:00,15.2,VALID,5394.3504,VALID,23.561040000000002,VALID,Warning,WARN: High flow rate detected (Flood risk)
2026-05-27 09:00:00+00:00,15.2,VALID,5238.608,VALID,23.563326000000004,VALID,Warning,WARN: High flow rate detected (Flood risk)
2026-05-27 10:00:00+00:00,15.2,VALID,5436.8256,VALID,23.578566000000002,VALID,Warning,WARN: High flow rate detected (Flood risk)
2026-05-27 11:00:00+00:00,15.2,VALID,5741.2312,VALID,23.646384,VALID,Warning,WARN: High flow rate detected (Flood risk)
2026-05-27 12:00:00+00:00,15.3,VALID,5380.192,VALID,23.704296,VALID,Warning,WARN: High flow rate detected (Flood risk)
2026-05-27 13:00:00+00:00,15.3,VALID,5075.7864,VALID,23.714964000000002,VALID,Warning,WARN: High flow rate detected (Flood risk)
2026-05-27 14:00:00+00:00,15.3,VALID,5047.4696,VALID,23.725632,VALID,Warning,WARN: High flow rate detected (Flood risk)
2026-05-27 15:00:00+00:00,15.3,VALID,4148.4112000000005,VALID,23.714202,VALID,Warning,WARN: High flow rate detected (Flood risk)
2026-05-27 16:00:00+00:00,15.4,VALID,4502.3712,VALID,23.721822000000003,VALID,Warning,WARN: High flow rate detected (Flood risk)
2026-05-27 17:00:00+00:00,15.4,VALID,4318.312,VALID,23.721822000000003,VALID,Warning,WARN: High flow rate detected (Flood risk)
2026-05-27 18:00:00+00:00,15.4,VALID,3808.6096,VALID,23.733252,VALID,Warning,WARN: High flow rate detected (Flood risk)
2026-05-27 19:00:00+00:00,15.5,VALID,4311.2328,VALID,23.734776000000004,VALID,Warning,WARN: High flow rate detected (Flood risk)
2026-05-27 20:00:00+00:00,15.5,VALID,4289.995199999999,VALID,23.742396000000003,VALID,Warning,WARN: High flow rate detected (Flood risk)
2026-05-27 21:00:00+00:00,15.5,VALID,4183.8072,VALID,23.737062,VALID,Warning,WARN: High flow rate detected (Flood risk)
2026-05-27 22:00:00+00:00,15.6,VALID,4700.5887999999995,VALID,23.746206,VALID,Warning,WARN: High flow rate detected (Flood risk)
2026-05-27 23:00:00+00:00,15.6,VALID,4799.6975999999995,VALID,23.752302000000004,VALID,Warning,WARN: High flow rate detected (Flood risk)
2026-05-28 00:00:00+00:00,15.6,VALID,5380.192,VALID,23.803356,VALID,Warning,WARN: High flow rate detected (Flood risk)
2026-05-28 01:00:00+00:00,15.6,VALID,5741.2312,VALID,23.842218000000003,VALID,Warning,WARN: High flow rate detected (Flood risk)
2026-05-28 02:00:00+00:00,15.6,VALID,5946.528,VALID,23.847552,VALID,Warning,WARN: High flow rate detected (Flood risk)
2026-05-28 03:00:00+00:00,15.6,VALID,5592.568,VALID,23.849838000000002,VALID,Warning,WARN: High flow rate detected (Flood risk)
2026-05-28 04:00:00+00:00,15.6,VALID,5075.7864,VALID,23.86203,VALID,Warning,WARN: High flow rate detected (Flood risk)
2026-05-28 05:00:00+00:00,15.6,VALID,5620.8848,VALID,23.868888,VALID,Warning,WARN: High flow rate detected (Flood risk)
2026-05-28 06:00:00+00:00,15.6,VALID,5118.2616,VALID,23.794974000000003,VALID,Warning,WARN: High flow rate detected (Flood risk)
2026-05-28 07:00:00+00:00,15.6,VALID,4651.0344,VALID,23.7363,VALID,Warning,WARN: High flow rate detected (Flood risk)
2026-05-28 08:00:00+00:00,15.6,VALID,4587.3216,VALID,23.746206,VALID,Warning,WARN: High flow rate detected (Flood risk)
2026-05-28 09:00:00+00:00,15.7,VALID,4056.3815999999997,VALID,23.760684,VALID,Warning,WARN: High flow rate detected (Flood risk)
2026-05-28 10:00:00+00:00,15.7,VALID,4580.2424,VALID,23.723346,VALID,Warning,WARN: High flow rate detected (Flood risk)
2026-05-28 11:00:00+00:00,15.7,VALID,4431.5792,VALID,23.764494000000003,VALID,Warning,WARN: High flow rate detected (Flood risk)
2026-05-28 12:00:00+00:00,15.8,VALID,4927.1232,VALID,23.8506,VALID,Warning,WARN: High flow rate detected (Flood risk)
2026-05-28 13:00:00+00:00,15.8,VALID,5620.8848,VALID,23.90394,VALID,Warning,WARN: High flow rate detected (Flood risk)
2026-05-28 14:00:00+00:00,15.8,VALID,4594.400799999999,VALID,23.874222,VALID,Warning,WARN: High flow rate detected (Flood risk)
2026-05-28 15:00:00+00:00,15.8,VALID,4835.0936,VALID,23.836122000000003,VALID,Warning,WARN: High flow rate detected (Flood risk)
2026-05-28 16:00:00+00:00,15.9,VALID,5040.3904,VALID,23.832312,VALID,Warning,WARN: High flow rate detected (Flood risk)
2026-05-28 17:00:00+00:00,15.9,VALID,4750.1432,VALID,23.837646000000003,VALID,Warning,WARN: High flow rate detected (Flood risk)
2026-05-28 18:00:00+00:00,15.9,VALID,4629.7968,VALID,23.833835999999998,VALID,Warning,WARN: High flow rate detected (Flood risk)
2026-05-28 19:00:00+00:00,15.9,VALID,4360.7872,VALID,23.829264000000002,VALID,Warning,WARN: High flow rate detected (Flood risk)
2026-05-28 20:00:00+00:00,15.9,VALID,5104.1032,VALID,23.832312,VALID,Warning,WARN: High flow rate detected (Flood risk)
2026-05-28 21:00:00+00:00,16.0,VALID,6739.3984,VALID,23.879556,VALID,Warning,WARN: High flow rate detected (Flood risk)
2026-05-28 22:00:00+00:00,16.0,VALID,7171.2296,VALID,23.970234,VALID,Warning,WARN: High flow rate detected (Flood risk)
2026-05-28 23:00:00+00:00,15.9,VALID,7319.8928,VALID,23.998428,VALID,Warning,WARN: High flow rate detected (Flood risk)
2026-05-29 00:00:00+00:00,16.0,VALID,6300.487999999999,VALID,23.985474000000004,VALID,Warning,WARN: High flow rate detected (Flood risk)
2026-05-29 01:00:00+00:00,15.9,VALID,6364.2008,VALID,23.98395,VALID,Warning,WARN: High flow rate detected (Flood risk)
2026-05-29 02:00:00+00:00,15.9,VALID,5840.34,VALID,23.965662000000002,VALID,Warning,WARN: High flow rate detected (Flood risk)
2026-05-29 03:00:00+00:00,15.9,VALID,6909.2991999999995,VALID,23.906226,VALID,Warning,WARN: High flow rate detected (Flood risk)
2026-05-29 04:00:00+00:00,16.0,VALID,7419.0016,VALID,23.899368000000003,VALID,Warning,WARN: High flow rate detected (Flood risk)
2026-05-29 05:00:00+00:00,15.9,VALID,7928.704,VALID,23.897844,VALID,Warning,WARN: High flow rate detected (Flood risk)
2026-05-29 06:00:00+00:00,15.9,VALID,7135.8336,VALID,23.878794000000003,VALID,Warning,WARN: High flow rate detected (Flood risk)
2026-05-29 07:00:00+00:00,15.9,VALID,6328.8048,VALID,23.778972,VALID,Warning,WARN: High flow rate detected (Flood risk)
2026-05-29 08:00:00+00:00,15.9,VALID,5550.092799999999,VALID,23.739348000000003,VALID,Warning,WARN: High flow rate detected (Flood risk)
2026-05-29 09:00:00+00:00,15.9,VALID,4842.1728,VALID,23.707344000000003,VALID,Warning,WARN: High flow rate detected (Flood risk)
2026-05-29 10:00:00+00:00,15.9,VALID,5422.6672,VALID,23.686008,VALID,Warning,WARN: High flow rate detected (Flood risk)
2026-05-29 11:00:00+00:00,15.9,VALID,6371.28,VALID,23.670768000000002,VALID,Warning,WARN: High flow rate detected (Flood risk)
2026-05-29 12:00:00+00:00,15.9,VALID,6711.0815999999995,VALID,23.72106,VALID,Warning,WARN: High flow rate detected (Flood risk)
2026-05-29 13:00:00+00:00,15.9,VALID,6831.428,VALID,23.749254,VALID,Warning,WARN: High flow rate detected (Flood risk)
2026-05-29 14:00:00+00:00,15.9,VALID,6817.2696,VALID,23.750778,VALID,Warning,WARN: High flow rate detected (Flood risk)
2026-05-29 15:00:00+00:00,15.9,VALID,6866.824,VALID,23.692866000000002,VALID,Warning,WARN: High flow rate detected (Flood risk)
2026-05-29 16:00:00+00:00,15.8,VALID,6293.408799999999,VALID,23.682198,VALID,Warning,WARN: High flow rate detected (Flood risk)
2026-05-29 17:00:00+00:00,15.8,VALID,6279.2504,VALID,23.702772000000003,VALID,Warning,WARN: High flow rate detected (Flood risk)
2026-05-29 18:00:00+00:00,15.8,VALID,6073.9536,VALID,23.72487,VALID,Warning,WARN: High flow rate detected (Flood risk)
2026-05-29 19:00:00+00:00,15.8,VALID,6562.4184,VALID,23.727918,VALID,Warning,WARN: High flow rate detected (Flood risk)
2026-05-29 20:00:00+00:00,15.8,VALID,6739.3984,VALID,23.725632,VALID,Warning,WARN: High flow rate detected (Flood risk)
2026-05-29 21:00:00+00:00,15.8,VALID,6640.2896,VALID,23.705820000000003,VALID,Warning,WARN: High flow rate detected (Flood risk)
2026-05-29 22:00:00+00:00,15.7,VALID,6668.6064,VALID,23.704296,VALID,Warning,WARN: High flow rate detected (Flood risk)
2026-05-29 23:00:00+00:00,15.7,VALID,6215.5376,VALID,23.680674,VALID,Warning,WARN: High flow rate detected (Flood risk)
2026-05-30 00:00:00+00:00,15.7,VALID,5635.0432,VALID,23.637240000000002,VALID,Warning,WARN: High flow rate detected (Flood risk)
2026-05-30 01:00:00+00:00,15.7,VALID,5309.4,VALID,23.551896,VALID,Warning,WARN: High flow rate detected (Flood risk)
2026-05-30 02:00:00+00:00,15.6,VALID,5047.469599999999,VALID,23.522178,VALID,Warning,WARN: High flow rate detected (Flood risk)
2026-05-30 03:00:00+00:00,15.6,VALID,4912.9648,VALID,23.51913,VALID,Warning,WARN: High flow rate detected (Flood risk)
2026-05-30 04:00:00+00:00,15.6,VALID,4559.0048,VALID,23.459694000000002,VALID,Warning,WARN: High flow rate detected (Flood risk)
2026-05-30 05:00:00+00:00,15.6,VALID,4743.064,VALID,23.391114,VALID,Warning,WARN: High flow rate detected (Flood risk)
2026-05-30 06:00:00+00:00,15.6,VALID,4735.9848,VALID,23.37435,VALID,Warning,WARN: High flow rate detected (Flood risk)
2026-05-30 07:00:00+00:00,15.6,VALID,4679.3512,VALID,23.316438,VALID,Warning,WARN: High flow rate detected (Flood risk)
2026-05-30 08:00:00+00:00,15.5,VALID,5026.232,VALID,23.320248,VALID,Warning,WARN: High flow rate detected (Flood risk)
2026-05-30 09:00:00+00:00,15.5,VALID,5493.4592,VALID,23.306532,VALID,Warning,WARN: High flow rate detected (Flood risk)
2026-05-30 10:00:00+00:00,15.5,VALID,5422.6672,VALID,23.277576,VALID,Warning,WARN: High flow rate detected (Flood risk)
2026-05-30 11:00:00+00:00,15.5,VALID,5118.2616,VALID,23.238714,VALID,Warning,WARN: High flow rate detected (Flood risk)
2026-05-30 12:00:00+00:00,15.5,VALID,5160.736800000001,VALID,23.234904,VALID,Warning,WARN: High flow rate detected (Flood risk)
2026-05-30 13:00:00+00:00,15.5,VALID,4799.6975999999995,VALID,23.135844,VALID,Warning,WARN: High flow rate detected (Flood risk)
2026-05-30 14:00:00+00:00,15.5,VALID,4438.6584,VALID,23.043642000000002,VALID,Warning,WARN: High flow rate detected (Flood risk)
2026-05-30 15:00:00+00:00,15.4,VALID,5160.736800000001,VALID,23.084028,VALID,Warning,WARN: High flow rate detected (Flood risk)
2026-05-30 16:00:00+00:00,15.5,VALID,5684.5976,VALID,23.209758,VALID,Warning,WARN: High flow rate detected (Flood risk)
2026-05-30 17:00:00+00:00,15.5,VALID,6392.5176,VALID,23.212806,VALID,Warning,WARN: High flow rate detected (Flood risk)
2026-05-30 18:00:00+00:00,15.5,VALID,6817.2696,VALID,23.253192000000002,VALID,Warning,WARN: High flow rate detected (Flood risk)
2026-05-30 19:00:00+00:00,15.5,VALID,7043.804,VALID,23.299674000000003,VALID,Warning,WARN: High flow rate detected (Flood risk)
2026-05-30 20:00:00+00:00,15.5,VALID,7029.6456,VALID,23.338536,VALID,Warning,WARN: High flow rate detected (Flood risk)
2026-05-30 21:00:00+00:00,15.5,VALID,6753.556799999999,VALID,23.360634,VALID,Warning,WARN: High flow rate detected (Flood risk)
2026-05-30 22:00:00+00:00,15.5,VALID,6569.4976,VALID,23.40483,VALID,Warning,WARN: High flow rate detected (Flood risk)
2026-05-30 23:00:00+00:00,15.5,VALID,6682.7648,VALID,23.477982,VALID,Warning,WARN: High flow rate detected (Flood risk)
2026-05-31 00:00:00+00:00,15.4,VALID,6668.606400000001,VALID,23.531322000000003,VALID,Warning,WARN: High flow rate detected (Flood risk)
2026-05-31 01:00:00+00:00,15.4,VALID,6647.3688,VALID,23.566374000000003,VALID,Warning,WARN: High flow rate detected (Flood risk)
2026-05-31 02:00:00+00:00,15.4,VALID,5840.34,VALID,23.519130000000004,VALID,Warning,WARN: High flow rate detected (Flood risk)
2026-05-31 03:00:00+00:00,15.4,VALID,5097.024,VALID,23.501604,VALID,Warning,WARN: High flow rate detected (Flood risk)
2026-05-31 04:00:00+00:00,15.4,VALID,5224.4496,VALID,23.521416000000002,VALID,Warning,WARN: High flow rate detected (Flood risk)
2026-05-31 05:00:00+00:00,15.3,VALID,4983.7568,VALID,23.546562,VALID,Warning,WARN: High flow rate detected (Flood risk)
2026-05-31 06:00:00+00:00,15.4,VALID,5337.7168,VALID,23.535894000000003,VALID,Warning,WARN: High flow rate detected (Flood risk)
2026-05-31 07:00:00+00:00,15.4,VALID,5415.588,VALID,23.566374000000003,VALID,Warning,WARN: High flow rate detected (Flood risk)
2026-05-31 08:00:00+00:00,15.4,VALID,5904.0527999999995,VALID,23.56866,VALID,Warning,WARN: High flow rate detected (Flood risk)
2026-05-31 09:00:00+00:00,15.4,VALID,6215.5376,VALID,23.565612,VALID,Warning,WARN: High flow rate detected (Flood risk)
2026-05-31 10:00:00+00:00,15.4,VALID,6031.4784,VALID,23.559516000000002,VALID,Warning,WARN: High flow rate detected (Flood risk)
2026-05-31 11:00:00+00:00,15.4,VALID,6024.3992,VALID,23.596854,VALID,Warning,WARN: High flow rate detected (Flood risk)
2026-05-31 12:00:00+00:00,15.4,VALID,5026.232,VALID,23.643336,VALID,Warning,WARN: High flow rate detected (Flood risk)
2026-05-31 13:00:00+00:00,15.4,VALID,4289.9952,VALID,23.632668000000002,VALID,Warning,WARN: High flow rate detected (Flood risk)
2026-05-31 14:00:00+00:00,15.4,VALID,4842.1728,VALID,23.627334,VALID,Warning,WARN: High flow rate detected (Flood risk)
2026-05-31 15:00:00+00:00,15.4,VALID,5592.568,VALID,23.657814000000002,VALID,Warning,WARN: High flow rate detected (Flood risk)
2026-05-31 16:00:00+00:00,15.4,VALID,6293.4088,VALID,23.662386,VALID,Warning,WARN: High flow rate detected (Flood risk)
2026-05-31 17:00:00+00:00,15.5,VALID,6711.0816,VALID,23.668481999999997,VALID,Warning,WARN: High flow rate detected (Flood risk)
2026-05-31 18:00:00+00:00,15.5,VALID,6541.1808,VALID,23.679912,VALID,Warning,WARN: High flow rate detected (Flood risk)
2026-05-31 19:00:00+00:00,15.5,VALID,6208.4583999999995,VALID,23.682198,VALID,Warning,WARN: High flow rate detected (Flood risk)
2026-05-31 20:00:00+00:00,15.5,VALID,5840.34,VALID,23.686770000000003,VALID,Warning,WARN: High flow rate detected (Flood risk)
2026-05-31 21:00:00+00:00,15.5,VALID,5748.3104,VALID,23.689818000000002,VALID,Warning,WARN: High flow rate detected (Flood risk)
2026-05-31 22:00:00+00:00,15.5,VALID,5918.2112,VALID,23.699724000000003,VALID,Warning,WARN: High flow rate detected (Flood risk)
2026-05-31 23:00:00+00:00,15.6,VALID,5833.2608,VALID,23.705058,VALID,Warning,WARN: High flow rate detected (Flood risk)
2026-06-01 00:00:00+00:00,15.6,VALID,6342.9632,VALID,23.715726,VALID,Warning,WARN: High flow rate detected (Flood risk)
2026-06-01 01:00:00+00:00,15.6,VALID,6852.6656,VALID,23.807166000000002,VALID,Warning,WARN: High flow rate detected (Flood risk)
2026-06-01 02:00:00+00:00,15.6,VALID,7234.9424,VALID,23.868126,VALID,Warning,WARN: High flow rate detected (Flood risk)
2026-06-01 03:00:00+00:00,15.6,VALID,7199.5464,VALID,23.862792000000002,VALID,Warning,WARN: High flow rate detected (Flood risk)
2026-06-01 04:00:00+00:00,15.6,VALID,6718.1608,VALID,23.82774,VALID,Warning,WARN: High flow rate detected (Flood risk)
2026-06-01 05:00:00+00:00,15.6,VALID,6406.6759999999995,VALID,23.814786,VALID,Warning,WARN: High flow rate detected (Flood risk)
2026-06-01 06:00:00+00:00,15.6,VALID,5712.9144,VALID,23.749254,VALID,Warning,WARN: High flow rate detected (Flood risk)
2026-06-01 07:00:00+00:00,15.6,VALID,4523.6088,VALID,23.690580000000004,VALID,Warning,WARN: High flow rate detected (Flood risk)
2026-06-01 08:00:00+00:00,15.7,VALID,4679.3512,VALID,23.686008,VALID,Warning,WARN: High flow rate detected (Flood risk)
2026-06-01 09:00:00+00:00,15.7,VALID,4813.856,VALID,23.700486,VALID,Warning,WARN: High flow rate detected (Flood risk)
2026-06-01 10:00:00+00:00,15.7,VALID,4849.2519999999995,VALID,23.694390000000002,VALID,Warning,WARN: High flow rate detected (Flood risk)
2026-06-01 11:00:00+00:00,15.7,VALID,4509.4504,VALID,23.683722000000003,VALID,Warning,WARN: High flow rate detected (Flood risk)
2026-06-01 12:00:00+00:00,15.7,VALID,4948.3608,VALID,23.696676000000004,VALID,Warning,WARN: High flow rate detected (Flood risk)
2026-06-01 13:00:00+00:00,15.8,VALID,5344.796,VALID,23.682198,VALID,Warning,WARN: High flow rate detected (Flood risk)
2026-06-01 14:00:00+00:00,15.8,VALID,4707.668,VALID,23.664672000000003,VALID,Warning,WARN: High flow rate detected (Flood risk)
2026-06-01 15:00:00+00:00,15.8,VALID,5408.5088,VALID,23.673054,VALID,Warning,WARN: High flow rate detected (Flood risk)
2026-06-01 16:00:00+00:00,15.8,VALID,5719.9936,VALID,23.697438000000002,VALID,Warning,WARN: High flow rate detected (Flood risk)
2026-06-01 17:00:00+00:00,15.8,VALID,5422.6672,VALID,23.679912,VALID,Warning,WARN: High flow rate detected (Flood risk)
2026-06-01 18:00:00+00:00,15.8,VALID,5479.3008,VALID,23.67153,VALID,Warning,WARN: High flow rate detected (Flood risk)
2026-06-01 19:00:00+00:00,15.8,VALID,5960.6864,VALID,23.676864000000002,VALID,Warning,WARN: High flow rate detected (Flood risk)
2026-06-01 20:00:00+00:00,15.8,VALID,6003.161599999999,VALID,23.676864000000002,VALID,Warning,WARN: High flow rate detected (Flood risk)
2026-06-01 21:00:00+00:00,15.9,VALID,6243.8544,VALID,23.730966000000002,VALID,Warning,WARN: High flow rate detected (Flood risk)
2026-06-01 22:00:00+00:00,15.9,VALID,6300.488,VALID,23.763732,VALID,Warning,WARN: High flow rate detected (Flood risk)
2026-06-01 23:00:00+00:00,15.9,VALID,6151.8248,VALID,23.799546,VALID,Warning,WARN: High flow rate detected (Flood risk)
2026-06-02 00:00:00+00:00,15.9,VALID,6845.5864,VALID,23.782782,VALID,Warning,WARN: High flow rate detected (Flood risk)
2026-06-02 01:00:00+00:00,15.9,VALID,6803.111199999999,VALID,23.769828000000004,VALID,Warning,WARN: High flow rate detected (Flood risk)
2026-06-02 02:00:00+00:00,15.9,VALID,6484.5472,VALID,23.762208,VALID,Warning,WARN: High flow rate detected (Flood risk)
2026-06-02 03:00:00+00:00,15.9,VALID,6293.4088,VALID,23.740872000000003,VALID,Warning,WARN: High flow rate detected (Flood risk)
2026-06-02 04:00:00+00:00,15.9,VALID,5266.9248,VALID,23.677626,VALID,Warning,WARN: High flow rate detected (Flood risk)
2026-06-02 05:00:00+00:00,16.0,VALID,5762.468800000001,VALID,23.628858,VALID,Warning,WARN: High flow rate detected (Flood risk)
2026-06-02 06:00:00+00:00,16.0,VALID,5366.0336,VALID,23.592282,VALID,Warning,WARN: High flow rate detected (Flood risk)
2026-06-02 07:00:00+00:00,16.0,VALID,5054.5488000000005,VALID,23.557992,VALID,Warning,WARN: High flow rate detected (Flood risk)
2026-06-02 08:00:00+00:00,16.0,VALID,4856.3312000000005,VALID,23.517606,VALID,Warning,WARN: High flow rate detected (Flood risk)
2026-06-02 09:00:00+00:00,16.1,VALID,4842.1728,VALID,23.51913,VALID,Warning,WARN: High flow rate detected (Flood risk)
2026-06-02 10:00:00+00:00,16.1,VALID,4643.9552,VALID,23.521416000000002,VALID,Warning,WARN: High flow rate detected (Flood risk)
2026-06-02 11:00:00+00:00,16.1,VALID,4764.3016,VALID,23.524464000000002,VALID,Warning,WARN: High flow rate detected (Flood risk)
2026-06-02 12:00:00+00:00,16.1,VALID,4721.8264,VALID,23.554182,VALID,Warning,WARN: High flow rate detected (Flood risk)
2026-06-02 13:00:00+00:00,16.1,VALID,5620.8848,VALID,23.572470000000003,VALID,Warning,WARN: High flow rate detected (Flood risk)
2026-06-02 14:00:00+00:00,16.1,VALID,4983.7568,VALID,23.580852,VALID,Warning,WARN: High flow rate detected (Flood risk)
2026-06-02 15:00:00+00:00,16.1,VALID,4962.5192,VALID,23.571708,VALID,Warning,WARN: High flow rate detected (Flood risk)
2026-06-02 16:00:00+00:00,16.1,VALID,5528.8552,VALID,23.541228000000004,VALID,Warning,WARN: High flow rate detected (Flood risk)
2026-06-02 17:00:00+00:00,16.2,VALID,5493.4592,VALID,23.523702,VALID,Warning,WARN: High flow rate detected (Flood risk)
2026-06-02 18:00:00+00:00,16.2,VALID,6378.3592,VALID,23.513034,VALID,Warning,WARN: High flow rate detected (Flood risk)
2026-06-02 19:00:00+00:00,16.2,VALID,6413.7552,VALID,23.503890000000002,VALID,Warning,WARN: High flow rate detected (Flood risk)
2026-06-02 20:00:00+00:00,16.2,VALID,6753.5568,VALID,23.538180000000004,VALID,Warning,WARN: High flow rate detected (Flood risk)
2026-06-02 21:00:00+00:00,16.3,VALID,7171.2296,VALID,23.617428,VALID,Warning,WARN: High flow rate detected (Flood risk)
2026-06-02 22:00:00+00:00,16.3,VALID,7057.9624,VALID,23.649432,VALID,Warning,WARN: High flow rate detected (Flood risk)
2026-06-02 23:00:00+00:00,16.3,VALID,7128.7544,VALID,23.657814000000002,VALID,Warning,WARN: High flow rate detected (Flood risk)
2026-06-03 00:00:00+00:00,16.4,VALID,6420.8344,VALID,23.677626,VALID,Warning,WARN: High flow rate detected (Flood risk)
2026-06-03 01:00:00+00:00,16.3,VALID,7652.6152,VALID,23.689056,VALID,Warning,WARN: High flow rate detected (Flood risk)
2026-06-03 02:00:00+00:00,16.3,VALID,7454.3976,VALID,23.70963,VALID,Warning,WARN: High flow rate detected (Flood risk)
2026-06-03 03:00:00+00:00,16.3,VALID,7149.992,VALID,23.722584,VALID,Warning,WARN: High flow rate detected (Flood risk)
2026-06-03 04:00:00+00:00,16.3,VALID,6696.9232,VALID,23.702772000000003,VALID,Warning,WARN: High flow rate detected (Flood risk)
2026-06-03 05:00:00+00:00,16.3,VALID,6144.7456,VALID,23.685246000000003,VALID,Warning,WARN: High flow rate detected (Flood risk)
2026-06-03 06:00:00+00:00,16.3,VALID,5826.1816,VALID,23.644098000000003,VALID,Warning,WARN: High flow rate detected (Flood risk)
2026-06-03 07:00:00+00:00,16.3,VALID,5316.4792,VALID,23.66391,VALID,Warning,WARN: High flow rate detected (Flood risk)
2026-06-03 08:00:00+00:00,16.4,VALID,5238.608,VALID,23.669244000000003,VALID,Warning,WARN: High flow rate detected (Flood risk)
2026-06-03 09:00:00+00:00,16.4,VALID,5316.4792,VALID,23.67915,VALID,Warning,WARN: High flow rate detected (Flood risk)
2026-06-03 10:00:00+00:00,16.4,VALID,5174.8952,VALID,23.675340000000002,VALID,Warning,WARN: High flow rate detected (Flood risk)
2026-06-03 11:00:00+00:00,16.4,VALID,5181.9744,VALID,23.62581,VALID,Warning,WARN: High flow rate detected (Flood risk)
2026-06-03 12:00:00+00:00,16.4,VALID,5139.4992,VALID,23.5839,VALID,Warning,WARN: High flow rate detected (Flood risk)
2026-06-03 13:00:00+00:00,16.4,VALID,6066.874400000001,VALID,23.586186,VALID,Warning,WARN: High flow rate detected (Flood risk)
2026-06-03 14:00:00+00:00,16.3,VALID,6194.3,VALID,23.622762,VALID,Warning,WARN: High flow rate detected (Flood risk)
2026-06-03 15:00:00+00:00,16.3,VALID,6321.7256,VALID,23.592282,VALID,Warning,WARN: High flow rate detected (Flood risk)
2026-06-03 16:00:00+00:00,16.3,VALID,5613.8056,VALID,23.52675,VALID,Warning,WARN: High flow rate detected (Flood risk)
2026-06-03 17:00:00+00:00,16.2,VALID,5882.8152,VALID,23.538942000000002,VALID,Warning,WARN: High flow rate detected (Flood risk)
2026-06-03 18:00:00+00:00,16.2,VALID,6024.3992,VALID,23.567136,VALID,Warning,WARN: High flow rate detected (Flood risk)
2026-06-03 19:00:00+00:00,16.2,VALID,7192.4672,VALID,23.69058,VALID,Warning,WARN: High flow rate detected (Flood risk)
2026-06-03 20:00:00+00:00,16.2,VALID,7836.6744,VALID,23.734776000000004,VALID,Warning,WARN: High flow rate detected (Flood risk)
2026-06-03 21:00:00+00:00,16.2,VALID,7872.0704,VALID,23.722584,VALID,Warning,WARN: High flow rate detected (Flood risk)
2026-06-03 22:00:00+00:00,16.2,VALID,7801.2784,VALID,23.708106,VALID,Warning,WARN: High flow rate detected (Flood risk)
2026-06-03 23:00:00+00:00,16.1,VALID,8027.8128,VALID,23.744682,VALID,Warning,WARN: High flow rate detected (Flood risk)
2026-06-04 00:00:00+00:00,16.2,VALID,8070.288,VALID,23.75916,VALID,Warning,WARN: High flow rate detected (Flood risk)
2026-06-04 01:00:00+00:00,16.1,VALID,8112.763199999999,VALID,23.791926000000004,VALID,Warning,WARN: High flow rate detected (Flood risk)
2026-06-04 02:00:00+00:00,16.2,VALID,8027.8128,VALID,23.790402,VALID,Warning,WARN: High flow rate detected (Flood risk)
2026-06-04 03:00:00+00:00,16.1,VALID,7730.4864,VALID,23.772876000000004,VALID,Warning,WARN: High flow rate detected (Flood risk)
2026-06-04 04:00:00+00:00,16.1,VALID,7149.992,VALID,23.75916,VALID,Warning,WARN: High flow rate detected (Flood risk)
2026-06-04 05:00:00+00:00,16.1,VALID,6958.8536,VALID,23.830788000000002,VALID,Warning,WARN: High flow rate detected (Flood risk)
2026-06-04 06:00:00+00:00,16.1,VALID,7128.7544,VALID,23.8506,VALID,Warning,WARN: High flow rate detected (Flood risk)
2026-06-04 07:00:00+00:00,16.1,VALID,6597.8144,VALID,23.817834,VALID,Warning,WARN: High flow rate detected (Flood risk)
2026-06-04 08:00:00+00:00,16.1,VALID,6350.0424,VALID,23.765256,VALID,Warning,WARN: High flow rate detected (Flood risk)
2026-06-04 09:00:00+00:00,16.1,VALID,5981.924,VALID,23.746968000000003,VALID,Warning,WARN: High flow rate detected (Flood risk)
2026-06-04 10:00:00+00:00,16.1,VALID,4870.4896,VALID,23.571708,VALID,Warning,WARN: High flow rate detected (Flood risk)
2026-06-04 11:00:00+00:00,16.1,VALID,4905.8856,VALID,23.487888,VALID,Warning,WARN: High flow rate detected (Flood risk)
2026-06-04 12:00:00+00:00,16.1,VALID,4672.272,VALID,23.423118000000002,VALID,Warning,WARN: High flow rate detected (Flood risk)
2026-06-04 13:00:00+00:00,16.1,VALID,4396.1831999999995,VALID,23.378922,VALID,Warning,WARN: High flow rate detected (Flood risk)
2026-06-04 14:00:00+00:00,16.1,VALID,4870.4896,VALID,23.330916000000002,VALID,Warning,WARN: High flow rate detected (Flood risk)
2026-06-04 15:00:00+00:00,16.1,VALID,5068.7072,VALID,23.284434,VALID,Warning,WARN: High flow rate detected (Flood risk)
2026-06-04 16:00:00+00:00,16.1,VALID,5741.2312,VALID,23.279862,VALID,Warning,WARN: High flow rate detected (Flood risk)
2026-06-04 17:00:00+00:00,16.1,VALID,5691.6768,VALID,23.226522,VALID,Warning,WARN: High flow rate detected (Flood risk)
2026-06-04 18:00:00+00:00,16.1,VALID,6456.2304,VALID,23.273766000000002,VALID,Warning,WARN: High flow rate detected (Flood risk)
2026-06-04 19:00:00+00:00,16.2,VALID,7234.9424,VALID,23.356824000000003,VALID,Warning,WARN: High flow rate detected (Flood risk)
2026-06-04 20:00:00+00:00,16.2,VALID,7645.536,VALID,23.436072000000003,VALID,Warning,WARN: High flow rate detected (Flood risk)
2026-06-04 21:00:00+00:00,16.2,VALID,7843.7536,VALID,23.43531,VALID,Warning,WARN: High flow rate detected (Flood risk)
2026-06-04 22:00:00+00:00,16.2,VALID,7581.8232,VALID,23.434548,VALID,Warning,WARN: High flow rate detected (Flood risk)
2026-06-04 23:00:00+00:00,16.2,VALID,7093.3584,VALID,23.385018000000002,VALID,Warning,WARN: High flow rate detected (Flood risk)
2026-06-05 00:00:00+00:00,16.2,VALID,7036.7248,VALID,23.385018000000002,VALID,Warning,WARN: High flow rate detected (Flood risk)
2026-06-05 01:00:00+00:00,16.2,VALID,6796.032,VALID,23.410164,VALID,Warning,WARN: High flow rate detected (Flood risk)
2026-06-05 02:00:00+00:00,16.2,VALID,6810.1904,VALID,23.380446,VALID,Warning,WARN: High flow rate detected (Flood risk)
2026-06-05 03:00:00+00:00,16.2,VALID,6406.6759999999995,VALID,23.341584,VALID,Warning,WARN: High flow rate detected (Flood risk)
2026-06-05 04:00:00+00:00,16.2,VALID,6095.1912,VALID,23.318724,VALID,Warning,WARN: High flow rate detected (Flood risk)
2026-06-05 05:00:00+00:00,16.2,VALID,6045.6368,VALID,23.32863,VALID,Warning,WARN: High flow rate detected (Flood risk)
2026-06-05 06:00:00+00:00,16.2,VALID,6031.4784,VALID,23.268432000000004,VALID,Warning,WARN: High flow rate detected (Flood risk)
2026-06-05 07:00:00+00:00,16.2,VALID,5734.152,VALID,23.213568000000002,VALID,Warning,WARN: High flow rate detected (Flood risk)
2026-06-05 08:00:00+00:00,16.2,VALID,5904.0527999999995,VALID,23.230332,VALID,Warning,WARN: High flow rate detected (Flood risk)
2026-06-05 09:00:00+00:00,16.2,VALID,5769.548,VALID,23.267670000000003,VALID,Warning,WARN: High flow rate detected (Flood risk)
2026-06-05 10:00:00+00:00,16.3,VALID,5663.36,VALID,23.259288,VALID,Warning,WARN: High flow rate detected (Flood risk)
2026-06-05 11:00:00+00:00,16.3,VALID,5422.6672,VALID,23.228808,VALID,Warning,WARN: High flow rate detected (Flood risk)
2026-06-05 12:00:00+00:00,16.3,VALID,5238.608,VALID,23.240238,VALID,Warning,WARN: High flow rate detected (Flood risk)
2026-06-05 13:00:00+00:00,16.3,VALID,5613.8056,VALID,23.253954,VALID,Warning,WARN: High flow rate detected (Flood risk)
2026-06-05 14:00:00+00:00,16.3,VALID,6130.5872,VALID,23.226522000000003,VALID,Warning,WARN: High flow rate detected (Flood risk)
2026-06-05 15:00:00+00:00,16.3,VALID,6321.7256,VALID,23.222712,VALID,Warning,WARN: High flow rate detected (Flood risk)
2026-06-05 16:00:00+00:00,16.3,VALID,6307.5671999999995,VALID,23.22576,VALID,Warning,WARN: High flow rate detected (Flood risk)
2026-06-05 17:00:00+00:00,16.4,VALID,6817.2696,VALID,23.321772000000003,VALID,Warning,WARN: High flow rate detected (Flood risk)
2026-06-05 18:00:00+00:00,16.4,VALID,7199.5464,VALID,23.394162,VALID,Warning,WARN: High flow rate detected (Flood risk)
2026-06-05 19:00:00+00:00,16.4,VALID,7801.2784,VALID,23.487888,VALID,Warning,WARN: High flow rate detected (Flood risk)
2026-06-05 20:00:00+00:00,16.4,VALID,8162.3176,VALID,23.527512,VALID,Warning,WARN: High flow rate detected (Flood risk)
2026-06-05 21:00:00+00:00,16.4,VALID,8056.1296,VALID,23.54961,VALID,Warning,WARN: High flow rate detected (Flood risk)
2026-06-05 22:00:00+00:00,16.4,VALID,8169.3967999999995,VALID,23.593806,VALID,Warning,WARN: High flow rate detected (Flood risk)
2026-06-05 23:00:00+00:00,16.4,VALID,8204.7928,VALID,23.630382,VALID,Warning,WARN: High flow rate detected (Flood risk)
2026-06-06 00:00:00+00:00,16.4,VALID,8169.3967999999995,VALID,23.655528000000004,VALID,Warning,WARN: High flow rate detected (Flood risk)
2026-06-06 01:00:00+00:00,16.4,VALID,8275.5848,VALID,23.674578000000004,VALID,Warning,WARN: High flow rate detected (Flood risk)
2026-06-06 02:00:00+00:00,16.4,VALID,8020.7336000000005,VALID,23.628858,VALID,Warning,WARN: High flow rate detected (Flood risk)
2026-06-06 03:00:00+00:00,16.4,VALID,7758.803199999999,VALID,23.620476000000004,VALID,Warning,WARN: High flow rate detected (Flood risk)
2026-06-06 04:00:00+00:00,16.4,VALID,7638.4568,VALID,23.624286,VALID,Warning,WARN: High flow rate detected (Flood risk)
2026-06-06 05:00:00+00:00,16.4,VALID,7249.1008,VALID,23.64486,VALID,Warning,WARN: High flow rate detected (Flood risk)
2026-06-06 06:00:00+00:00,16.4,VALID,7043.804,VALID,23.62581,VALID,Warning,WARN: High flow rate detected (Flood risk)
2026-06-06 07:00:00+00:00,16.5,VALID,6576.5768,VALID,23.571708,VALID,Warning,WARN: High flow rate detected (Flood risk)
2026-06-06 08:00:00+00:00,16.5,VALID,6456.2304,VALID,23.534370000000003,VALID,Warning,WARN: High flow rate detected (Flood risk)
2026-06-06 09:00:00+00:00,16.5,VALID,6491.6264,VALID,23.552658,VALID,Warning,WARN: High flow rate detected (Flood risk)
2026-06-06 10:00:00+00:00,16.6,VALID,6534.1016,VALID,23.583137999999998,VALID,Warning,WARN: High flow rate detected (Flood risk)
2026-06-06 11:00:00+00:00,16.6,VALID,6314.6464,VALID,23.577042,VALID,Warning,WARN: High flow rate detected (Flood risk)
2026-06-06 12:00:00+00:00,16.5,VALID,6137.6664,VALID,23.589234,VALID,Warning,WARN: High flow rate detected (Flood risk)
2026-06-06 13:00:00+00:00,16.5,VALID,6052.716,VALID,23.597616000000002,VALID,Warning,WARN: High flow rate detected (Flood risk)
2026-06-06 14:00:00+00:00,16.5,VALID,5996.082399999999,VALID,23.586186,VALID,Warning,WARN: High flow rate detected (Flood risk)
2026-06-06 15:00:00+00:00,16.5,VALID,6611.9728,VALID,23.588472000000003,VALID,Warning,WARN: High flow rate detected (Flood risk)
2026-06-06 16:00:00+00:00,16.5,VALID,7050.8832,VALID,23.610570000000003,VALID,Warning,WARN: High flow rate detected (Flood risk)
2026-06-06 17:00:00+00:00,16.5,VALID,7164.1504,VALID,23.603712,VALID,Warning,WARN: High flow rate detected (Flood risk)
2026-06-06 18:00:00+00:00,16.6,VALID,7029.6456,VALID,23.615142000000002,VALID,Warning,WARN: High flow rate detected (Flood risk)
2026-06-06 19:00:00+00:00,16.6,VALID,6781.8736,VALID,23.594568000000002,VALID,Warning,WARN: High flow rate detected (Flood risk)
2026-06-06 20:00:00+00:00,16.6,VALID,6498.705599999999,VALID,23.584662,VALID,Warning,WARN: High flow rate detected (Flood risk)
2026-06-06 21:00:00+00:00,16.6,VALID,6427.9136,VALID,23.582376000000004,VALID,Warning,WARN: High flow rate detected (Flood risk)
2026-06-06 22:00:00+00:00,16.6,VALID,6371.28,VALID,23.590758,VALID,Warning,WARN: High flow rate detected (Flood risk)
2026-06-06 23:00:00+00:00,16.6,VALID,6194.299999999999,VALID,23.548086,VALID,Warning,WARN: High flow rate detected (Flood risk)
2026-06-07 00:00:00+00:00,16.6,VALID,6548.26,VALID,23.571708,VALID,Warning,WARN: High flow rate detected (Flood risk)
2026-06-07 01:00:00+00:00,16.6,VALID,6923.4576,VALID,23.667720000000003,VALID,Warning,WARN: High flow rate detected (Flood risk)
2026-06-07 02:00:00+00:00,16.5,VALID,6661.5272,VALID,23.704296000000003,VALID,Warning,WARN: High flow rate detected (Flood risk)
2026-06-07 03:00:00+00:00,16.5,VALID,5620.8848,VALID,23.685246,VALID,Warning,WARN: High flow rate detected (Flood risk)
2026-06-07 04:00:00+00:00,16.5,VALID,6123.508,VALID,23.683722000000003,VALID,Warning,WARN: High flow rate detected (Flood risk)
2026-06-07 05:00:00+00:00,16.5,VALID,5649.2016,VALID,23.737062,VALID,Warning,WARN: High flow rate detected (Flood risk)
2026-06-07 06:00:00+00:00,16.5,VALID,5422.6672,VALID,23.777448000000003,VALID,Warning,WARN: High flow rate detected (Flood risk)
2026-06-07 07:00:00+00:00,16.5,VALID,5380.192,VALID,23.716488000000002,VALID,Warning,WARN: High flow rate detected (Flood risk)
2026-06-07 08:00:00+00:00,16.5,VALID,5196.132799999999,VALID,23.679912,VALID,Warning,WARN: High flow rate detected (Flood risk)
2026-06-07 09:00:00+00:00,16.5,VALID,4828.0144,VALID,23.681436,VALID,Warning,WARN: High flow rate detected (Flood risk)
2026-06-07 10:00:00+00:00,16.5,VALID,4601.48,VALID,23.662386,VALID,Warning,WARN: High flow rate detected (Flood risk)
2026-06-07 11:00:00+00:00,16.5,VALID,4693.509599999999,VALID,23.638764000000002,VALID,Warning,WARN: High flow rate detected (Flood risk)
2026-06-07 12:00:00+00:00,16.5,VALID,4728.9056,VALID,23.661624000000003,VALID,Warning,WARN: High flow rate detected (Flood risk)
2026-06-07 13:00:00+00:00,16.5,VALID,4608.5592,VALID,23.631144000000003,VALID,Warning,WARN: High flow rate detected (Flood risk)
2026-06-07 14:00:00+00:00,16.5,VALID,5288.162399999999,VALID,23.628096,VALID,Warning,WARN: High flow rate detected (Flood risk)
2026-06-07 15:00:00+00:00,16.5,VALID,6017.32,VALID,23.628858,VALID,Warning,WARN: High flow rate detected (Flood risk)
2026-06-07 16:00:00+00:00,16.5,VALID,6194.3,VALID,23.649432,VALID,Warning,WARN: High flow rate detected (Flood risk)
2026-06-07 17:00:00+00:00,16.5,VALID,6357.1216,VALID,23.625048,VALID,Warning,WARN: High flow rate detected (Flood risk)
2026-06-07 18:00:00+00:00,16.5,VALID,6385.4384,VALID,23.634192,VALID,Warning,WARN: High flow rate detected (Flood risk)
2026-06-07 19:00:00+00:00,16.5,VALID,6456.2304,VALID,23.66391,VALID,Warning,WARN: High flow rate detected (Flood risk)
2026-06-07 20:00:00+00:00,16.5,VALID,6682.7648,VALID,23.712678000000004,VALID,Warning,WARN: High flow rate detected (Flood risk)
2026-06-07 21:00:00+00:00,16.5,VALID,6385.4384,VALID,23.708868000000002,VALID,Warning,WARN: High flow rate detected (Flood risk)
2026-06-07 22:00:00+00:00,16.5,VALID,6073.9536,VALID,23.70201,VALID,Warning,WARN: High flow rate detected (Flood risk)
2026-06-07 23:00:00+00:00,16.5,VALID,6300.487999999999,VALID,23.720298,VALID,Warning,WARN: High flow rate detected (Flood risk)
2026-06-08 00:00:00+00:00,16.5,VALID,6392.5176,VALID,23.731728,VALID,Warning,WARN: High flow rate detected (Flood risk)
2026-06-08 01:00:00+00:00,16.5,VALID,6888.0616,VALID,23.807928,VALID,Warning,WARN: High flow rate detected (Flood risk)
2026-06-08 02:00:00+00:00,16.5,VALID,5967.7656,VALID,23.860506,VALID,Warning,WARN: High flow rate detected (Flood risk)
2026-06-08 03:00:00+00:00,16.5,VALID,5953.6072,VALID,23.846028,VALID,Warning,WARN: High flow rate detected (Flood risk)
2026-06-08 04:00:00+00:00,16.4,VALID,5670.4392,VALID,23.849076,VALID,Warning,WARN: High flow rate detected (Flood risk)
2026-06-08 05:00:00+00:00,16.4,VALID,5826.1816,VALID,23.890224,VALID,Warning,WARN: High flow rate detected (Flood risk)
2026-06-08 06:00:00+00:00,16.4,VALID,5691.6768,VALID,23.868888000000002,VALID,Warning,WARN: High flow rate detected (Flood risk)
2026-06-08 07:00:00+00:00,16.5,VALID,4983.756799999999,VALID,23.79726,VALID,Warning,WARN: High flow rate detected (Flood risk)
2026-06-08 08:00:00+00:00,16.5,VALID,4389.103999999999,VALID,23.777448,VALID,Warning,WARN: High flow rate detected (Flood risk)
2026-06-08 09:00:00+00:00,16.5,VALID,4205.0448,VALID,23.79726,VALID,Warning,WARN: High flow rate detected (Flood risk)
2026-06-08 10:00:00+00:00,16.5,VALID,4056.3815999999997,VALID,23.796498,VALID,Warning,WARN: High flow rate detected (Flood risk)
2026-06-08 11:00:00+00:00,16.5,VALID,3723.6592,VALID,23.769066000000002,VALID,Warning,WARN: High flow rate detected (Flood risk)
2026-06-08 12:00:00+00:00,16.5,VALID,4516.5296,VALID,23.76678,VALID,Warning,WARN: High flow rate detected (Flood risk)
2026-06-08 13:00:00+00:00,16.5,VALID,4891.7272,VALID,23.789640000000002,VALID,Warning,WARN: High flow rate detected (Flood risk)
2026-06-08 14:00:00+00:00,16.6,VALID,4941.2816,VALID,23.804118000000003,VALID,Warning,WARN: High flow rate detected (Flood risk)
2026-06-08 15:00:00+00:00,16.6,VALID,5210.2912,VALID,23.761446,VALID,Warning,WARN: High flow rate detected (Flood risk)
2026-06-08 16:00:00+00:00,16.5,VALID,5585.4888,VALID,23.7363,VALID,Warning,WARN: High flow rate detected (Flood risk)
2026-06-08 17:00:00+00:00,16.5,VALID,6583.656,VALID,23.72106,VALID,Warning,WARN: High flow rate detected (Flood risk)
2026-06-08 18:00:00+00:00,16.5,VALID,7149.992,VALID,23.69058,VALID,Warning,WARN: High flow rate detected (Flood risk)
2026-06-08 19:00:00+00:00,16.5,VALID,6265.092,VALID,23.743158,VALID,Warning,WARN: High flow rate detected (Flood risk)
2026-06-08 20:00:00+00:00,16.5,VALID,6505.784799999999,VALID,23.750016000000002,VALID,Warning,WARN: High flow rate detected (Flood risk)
2026-06-08 21:00:00+00:00,16.5,VALID,5939.4488,VALID,23.719536,VALID,Warning,WARN: High flow rate detected (Flood risk)
2026-06-08 22:00:00+00:00,16.4,VALID,6534.1016,VALID,23.714964000000002,VALID,Warning,WARN: High flow rate detected (Flood risk)
2026-06-08 23:00:00+00:00,16.4,VALID,7242.0216,VALID,23.74773,VALID,Warning,WARN: High flow rate detected (Flood risk)
2026-06-09 00:00:00+00:00,16.4,VALID,7503.951999999999,VALID,23.77821,VALID,Warning,WARN: High flow rate detected (Flood risk)
2026-06-09 01:00:00+00:00,16.4,VALID,7603.0608,VALID,23.770590000000002,VALID,Warning,WARN: High flow rate detected (Flood risk)
2026-06-09 02:00:00+00:00,16.4,VALID,7546.4272,VALID,23.769066000000002,VALID,Warning,WARN: High flow rate detected (Flood risk)
2026-06-09 03:00:00+00:00,16.4,VALID,6696.923199999999,VALID,23.761446,VALID,Warning,WARN: High flow rate detected (Flood risk)
2026-06-09 04:00:00+00:00,16.4,VALID,6293.408799999999,VALID,23.710392000000002,VALID,Warning,WARN: High flow rate detected (Flood risk)
2026-06-09 05:00:00+00:00,16.4,VALID,5196.132799999999,VALID,23.605235999999998,VALID,Warning,WARN: High flow rate detected (Flood risk)
2026-06-09 06:00:00+00:00,16.4,VALID,4629.7968,VALID,23.523702000000004,VALID,Warning,WARN: High flow rate detected (Flood risk)
2026-06-09 07:00:00+00:00,16.4,VALID,4566.084,VALID,23.47341,VALID,Warning,WARN: High flow rate detected (Flood risk)
2026-06-09 08:00:00+00:00,16.4,VALID,4339.5496,VALID,23.479506,VALID,Warning,WARN: High flow rate detected (Flood risk)
2026-06-09 09:00:00+00:00,16.4,VALID,4778.46,VALID,23.47722,VALID,Warning,WARN: High flow rate detected (Flood risk)
2026-06-09 10:00:00+00:00,16.4,VALID,5967.7656,VALID,23.498556,VALID,Warning,WARN: High flow rate detected (Flood risk)
2026-06-09 11:00:00+00:00,16.4,VALID,5996.082399999999,VALID,23.481030000000004,VALID,Warning,WARN: High flow rate detected (Flood risk)
2026-06-09 12:00:00+00:00,16.4,VALID,5996.0824,VALID,23.535894000000003,VALID,Warning,WARN: High flow rate detected (Flood risk)
2026-06-09 13:00:00+00:00,16.4,VALID,5939.4488,VALID,23.557992000000002,VALID,Warning,WARN: High flow rate detected (Flood risk)
2026-06-09 14:00:00+00:00,16.4,VALID,6144.7456,VALID,23.565612,VALID,Warning,WARN: High flow rate detected (Flood risk)
2026-06-09 15:00:00+00:00,16.4,VALID,6328.8048,VALID,23.569422,VALID,Warning,WARN: High flow rate detected (Flood risk)
2026-06-09 16:00:00+00:00,16.4,VALID,6583.656,VALID,23.584662,VALID,Warning,WARN: High flow rate detected (Flood risk)
2026-06-09 17:00:00+00:00,16.4,VALID,6704.002399999999,VALID,23.567136,VALID,Warning,WARN: High flow rate detected (Flood risk)
2026-06-09 18:00:00+00:00,16.4,VALID,6173.0624,VALID,23.557992000000002,VALID,Warning,WARN: High flow rate detected (Flood risk)
2026-06-09 19:00:00+00:00,16.4,VALID,5882.8152,VALID,23.554182000000004,VALID,Warning,WARN: High flow rate detected (Flood risk)
2026-06-09 20:00:00+00:00,16.5,VALID,6265.092,VALID,23.566374000000003,VALID,Warning,WARN: High flow rate detected (Flood risk)
2026-06-09 21:00:00+00:00,16.5,VALID,6392.517599999999,VALID,23.565612,VALID,Warning,WARN: High flow rate detected (Flood risk)
2026-06-09 22:00:00+00:00,16.5,VALID,6229.696,VALID,23.584662,VALID,Warning,WARN: High flow rate detected (Flood risk)
2026-06-09 23:00:00+00:00,16.6,VALID,6137.6664,VALID,23.689056,VALID,Warning,WARN: High flow rate detected (Flood risk)
2026-06-10 00:00:00+00:00,16.5,VALID,6406.6759999999995,VALID,23.734014000000002,VALID,Warning,WARN: High flow rate detected (Flood risk)
2026-06-10 01:00:00+00:00,16.5,VALID,6491.6264,VALID,23.734776000000004,VALID,Warning,WARN: High flow rate detected (Flood risk)
2026-06-10 02:00:00+00:00,16.5,VALID,5868.6568,VALID,23.729442000000002,VALID,Warning,WARN: High flow rate detected (Flood risk)
2026-06-10 03:00:00+00:00,16.5,VALID,5769.548,VALID,23.737824000000003,VALID,Warning,WARN: High flow rate detected (Flood risk)
2026-06-10 04:00:00+00:00,16.5,VALID,6066.8744,VALID,23.768304,VALID,Warning,WARN: High flow rate detected (Flood risk)
2026-06-10 05:00:00+00:00,16.4,VALID,6505.784799999999,VALID,23.809452,VALID,Warning,WARN: High flow rate detected (Flood risk)
2026-06-10 06:00:00+00:00,16.4,VALID,6385.4384,VALID,23.8506,VALID,Warning,WARN: High flow rate detected (Flood risk)
2026-06-10 07:00:00+00:00,16.4,VALID,5465.1424,VALID,23.761446,VALID,Warning,WARN: High flow rate detected (Flood risk)
2026-06-10 08:00:00+00:00,16.4,VALID,4707.668,VALID,23.657052,VALID,Warning,WARN: High flow rate detected (Flood risk)
2026-06-10 09:00:00+00:00,16.4,VALID,4622.7176,VALID,23.665434,VALID,Warning,WARN: High flow rate detected (Flood risk)
2026-06-10 10:00:00+00:00,16.5,VALID,3667.0256,VALID,23.694390000000002,VALID,Warning,WARN: High flow rate detected (Flood risk)
2026-06-10 11:00:00+00:00,16.5,VALID,3950.1935999999996,VALID,23.639526000000004,VALID,Warning,WARN: High flow rate detected (Flood risk)
2026-06-10 12:00:00+00:00,16.5,VALID,4382.0248,VALID,23.664672000000003,VALID,Warning,WARN: High flow rate detected (Flood risk)
2026-06-10 13:00:00+00:00,16.4,VALID,3957.2727999999997,VALID,23.676864000000002,VALID,Warning,WARN: High flow rate detected (Flood risk)
2026-06-10 14:00:00+00:00,16.4,VALID,4382.0248,VALID,23.680674000000003,VALID,Warning,WARN: High flow rate detected (Flood risk)
2026-06-10 15:00:00+00:00,16.4,VALID,5019.1528,VALID,23.670768000000002,VALID,Warning,WARN: High flow rate detected (Flood risk)
2026-06-10 16:00:00+00:00,16.4,VALID,5514.6968,VALID,23.656290000000002,VALID,Warning,WARN: High flow rate detected (Flood risk)
2026-06-10 17:00:00+00:00,16.4,VALID,5677.5184,VALID,23.638764000000002,VALID,Warning,WARN: High flow rate detected (Flood risk)
2026-06-10 18:00:00+00:00,16.4,VALID,5642.1224,VALID,23.624286,VALID,Warning,WARN: High flow rate detected (Flood risk)
2026-06-10 19:00:00+00:00,16.4,VALID,5139.4992,VALID,23.622,VALID,Warning,WARN: High flow rate detected (Flood risk)
2026-06-10 20:00:00+00:00,16.4,VALID,5493.4592,VALID,23.619714000000002,VALID,Warning,WARN: High flow rate detected (Flood risk)
2026-06-10 21:00:00+00:00,16.4,VALID,5458.0632,VALID,23.605236,VALID,Warning,WARN: High flow rate detected (Flood risk)
2026-06-10 22:00:00+00:00,16.4,VALID,5550.0928,VALID,23.592282,VALID,Warning,WARN: High flow rate detected (Flood risk)
2026-06-10 23:00:00+00:00,16.4,VALID,6102.270399999999,VALID,23.631906,VALID,Warning,WARN: High flow rate detected (Flood risk)
2026-06-11 00:00:00+00:00,16.4,VALID,6286.3296,VALID,23.654766000000002,VALID,Warning,WARN: High flow rate detected (Flood risk)
2026-06-11 01:00:00+00:00,16.4,VALID,5826.1816,VALID,23.634192000000002,VALID,Warning,WARN: High flow rate detected (Flood risk)
2026-06-11 02:00:00+00:00,16.4,VALID,5415.588,VALID,23.634954,VALID,Warning,WARN: High flow rate detected (Flood risk)
2026-06-11 03:00:00+00:00,16.4,VALID,5330.6376,VALID,23.640288,VALID,Warning,WARN: High flow rate detected (Flood risk)
2026-06-11 04:00:00+00:00,16.3,VALID,4813.856,VALID,23.650956,VALID,Warning,WARN: High flow rate detected (Flood risk)
2026-06-11 05:00:00+00:00,16.3,VALID,4778.46,VALID,23.677626000000004,VALID,Warning,WARN: High flow rate detected (Flood risk)
2026-06-11 06:00:00+00:00,16.3,VALID,4863.4104,VALID,23.707344000000003,VALID,Warning,WARN: High flow rate detected (Flood risk)
2026-06-11 07:00:00+00:00,16.3,VALID,4226.2824,VALID,23.622762,VALID,Warning,WARN: High flow rate detected (Flood risk)
2026-06-11 08:00:00+00:00,16.2,VALID,3737.8176,VALID,23.577804,VALID,Warning,WARN: High flow rate detected (Flood risk)
2026-06-11 09:00:00+00:00,16.2,VALID,4013.9064,VALID,23.577804,VALID,Warning,WARN: High flow rate detected (Flood risk)
2026-06-11 10:00:00+00:00,16.2,VALID,4275.8368,VALID,23.58771,VALID,Warning,WARN: High flow rate detected (Flood risk)
2026-06-11 11:00:00+00:00,16.2,VALID,4197.9655999999995,VALID,23.529798000000003,VALID,Warning,WARN: High flow rate detected (Flood risk)
2026-06-11 12:00:00+00:00,16.2,VALID,4488.212799999999,VALID,23.565612,VALID,Warning,WARN: High flow rate detected (Flood risk)
2026-06-11 13:00:00+00:00,16.2,VALID,4502.3712,VALID,23.586186,VALID,Warning,WARN: High flow rate detected (Flood risk)
2026-06-11 14:00:00+00:00,16.3,VALID,3900.6392,VALID,23.588472000000003,VALID,Warning,WARN: High flow rate detected (Flood risk)
2026-06-11 15:00:00+00:00,16.3,VALID,4410.3416,VALID,23.562564000000002,VALID,Warning,WARN: High flow rate detected (Flood risk)
2026-06-11 16:00:00+00:00,16.3,VALID,4091.7776,VALID,23.5839,VALID,Warning,WARN: High flow rate detected (Flood risk)
2026-06-11 17:00:00+00:00,16.4,VALID,4332.4704,VALID,23.580852,VALID,Warning,WARN: High flow rate detected (Flood risk)
2026-06-11 18:00:00+00:00,16.4,VALID,4155.4904,VALID,23.586948000000003,VALID,Warning,WARN: High flow rate detected (Flood risk)
2026-06-11 19:00:00+00:00,16.4,VALID,4778.46,VALID,23.589234,VALID,Warning,WARN: High flow rate detected (Flood risk)
2026-06-11 20:00:00+00:00,16.4,VALID,4665.1928,VALID,23.605998,VALID,Warning,WARN: High flow rate detected (Flood risk)
2026-06-11 21:00:00+00:00,16.4,VALID,4828.0144,VALID,23.625048,VALID,Warning,WARN: High flow rate detected (Flood risk)
2026-06-11 22:00:00+00:00,16.5,VALID,5635.0432,VALID,23.638764000000002,VALID,Warning,WARN: High flow rate detected (Flood risk)
2026-06-11 23:00:00+00:00,16.4,VALID,6059.7952,VALID,23.661624,VALID,Warning,WARN: High flow rate detected (Flood risk)
2026-06-12 00:00:00+00:00,16.4,VALID,6038.5576,VALID,23.672292000000002,VALID,Warning,WARN: High flow rate detected (Flood risk)
2026-06-12 01:00:00+00:00,16.4,VALID,6293.4088,VALID,23.696676000000004,VALID,Warning,WARN: High flow rate detected (Flood risk)
2026-06-12 02:00:00+00:00,16.4,VALID,6576.576800000001,VALID,23.704296,VALID,Warning,WARN: High flow rate detected (Flood risk)
2026-06-12 03:00:00+00:00,16.4,VALID,6307.5671999999995,VALID,23.710392000000002,VALID,Warning,WARN: High flow rate detected (Flood risk)
2026-06-12 04:00:00+00:00,16.4,VALID,5804.9439999999995,VALID,23.718774,VALID,Warning,WARN: High flow rate detected (Flood risk)
2026-06-12 05:00:00+00:00,16.3,VALID,5387.2712,VALID,23.687532,VALID,Warning,WARN: High flow rate detected (Flood risk)
2026-06-12 06:00:00+00:00,16.3,VALID,5429.7464,VALID,23.662386,VALID,Warning,WARN: High flow rate detected (Flood risk)
2026-06-12 07:00:00+00:00,16.3,VALID,5514.6968,VALID,23.655528,VALID,Warning,WARN: High flow rate detected (Flood risk)
2026-06-12 08:00:00+00:00,16.3,VALID,5139.4992,VALID,23.658576,VALID,Warning,WARN: High flow rate detected (Flood risk)
2026-06-12 09:00:00+00:00,16.3,VALID,4091.7776,VALID,23.649432,VALID,Warning,WARN: High flow rate detected (Flood risk)
2026-06-12 10:00:00+00:00,16.3,VALID,4148.4112,VALID,23.637240000000002,VALID,Warning,WARN: High flow rate detected (Flood risk)
2026-06-12 11:00:00+00:00,16.3,VALID,4714.7472,VALID,23.639526,VALID,Warning,WARN: High flow rate detected (Flood risk)
2026-06-12 12:00:00+00:00,16.4,VALID,4693.509599999999,VALID,23.637240000000002,VALID,Warning,WARN: High flow rate detected (Flood risk)
2026-06-12 13:00:00+00:00,16.4,VALID,4856.3312,VALID,23.631144000000003,VALID,Warning,WARN: High flow rate detected (Flood risk)
2026-06-12 14:00:00+00:00,16.4,VALID,3836.9264,VALID,23.621238,VALID,Warning,WARN: High flow rate detected (Flood risk)
2026-06-12 15:00:00+00:00,16.4,VALID,5344.796,VALID,23.612856,VALID,Warning,WARN: High flow rate detected (Flood risk)
2026-06-12 16:00:00+00:00,16.4,VALID,5606.7264,VALID,23.60295,VALID,Warning,WARN: High flow rate detected (Flood risk)
2026-06-12 17:00:00+00:00,16.5,VALID,5833.2608,VALID,23.583138,VALID,Warning,WARN: High flow rate detected (Flood risk)
2026-06-12 18:00:00+00:00,16.5,VALID,5585.4888,VALID,23.581614000000002,VALID,Warning,WARN: High flow rate detected (Flood risk)
2026-06-12 19:00:00+00:00,16.5,VALID,5705.8351999999995,VALID,23.566374,VALID,Warning,WARN: High flow rate detected (Flood risk)
2026-06-12 20:00:00+00:00,16.5,VALID,5642.1224,VALID,23.562564000000002,VALID,Warning,WARN: High flow rate detected (Flood risk)
2026-06-12 21:00:00+00:00,16.5,VALID,5514.6968,VALID,23.548848,VALID,Warning,WARN: High flow rate detected (Flood risk)
2026-06-12 22:00:00+00:00,16.6,VALID,5210.2912,VALID,23.545038,VALID,Warning,WARN: High flow rate detected (Flood risk)
2026-06-12 23:00:00+00:00,16.6,VALID,5436.8256,VALID,23.544276000000004,VALID,Warning,WARN: High flow rate detected (Flood risk)
2026-06-13 00:00:00+00:00,16.5,VALID,5670.4392,VALID,23.586186,VALID,Warning,WARN: High flow rate detected (Flood risk)
2026-06-13 01:00:00+00:00,16.5,VALID,5840.34,VALID,23.593806,VALID,Warning,WARN: High flow rate detected (Flood risk)
2026-06-13 02:00:00+00:00,16.5,VALID,6088.111999999999,VALID,23.596092,VALID,Warning,WARN: High flow rate detected (Flood risk)
2026-06-13 03:00:00+00:00,16.5,VALID,5557.1720000000005,VALID,23.579328,VALID,Warning,WARN: High flow rate detected (Flood risk)
2026-06-13 04:00:00+00:00,16.5,VALID,5061.628,VALID,23.598378000000004,VALID,Warning,WARN: High flow rate detected (Flood risk)
2026-06-13 05:00:00+00:00,16.4,VALID,4318.312,VALID,23.607522000000003,VALID,Warning,WARN: High flow rate detected (Flood risk)
2026-06-13 06:00:00+00:00,16.4,VALID,4311.2328,VALID,23.60295,VALID,Warning,WARN: High flow rate detected (Flood risk)
2026-06-13 07:00:00+00:00,16.4,VALID,4353.708,VALID,23.558754,VALID,Warning,WARN: High flow rate detected (Flood risk)
2026-06-13 08:00:00+00:00,16.5,VALID,4127.1736,VALID,23.537418000000002,VALID,Warning,WARN: High flow rate detected (Flood risk)
2026-06-13 09:00:00+00:00,16.5,VALID,3907.7183999999997,VALID,23.535132,VALID,Warning,WARN: High flow rate detected (Flood risk)
2026-06-13 10:00:00+00:00,16.5,VALID,3844.0056,VALID,23.509224,VALID,Warning,WARN: High flow rate detected (Flood risk)
2026-06-13 11:00:00+00:00,16.5,VALID,3844.0056,VALID,23.470362,VALID,Warning,WARN: High flow rate detected (Flood risk)
2026-06-13 12:00:00+00:00,16.6,VALID,3553.7584,VALID,23.478744000000003,VALID,Warning,WARN: High flow rate detected (Flood risk)
2026-06-13 13:00:00+00:00,16.6,VALID,3751.976,VALID,23.499318,VALID,Warning,WARN: High flow rate detected (Flood risk)
2026-06-13 14:00:00+00:00,16.6,VALID,3284.7488,VALID,23.375874000000003,VALID,Warning,WARN: High flow rate detected (Flood risk)
2026-06-13 15:00:00+00:00,16.7,VALID,3150.2439999999997,VALID,23.311866000000002,VALID,Warning,WARN: High flow rate detected (Flood risk)
2026-06-13 16:00:00+00:00,16.7,VALID,3284.7488,VALID,23.273766000000002,VALID,Warning,WARN: High flow rate detected (Flood risk)
2026-06-13 17:00:00+00:00,16.8,VALID,3525.4416,VALID,23.23338,VALID,Warning,WARN: High flow rate detected (Flood risk)
2026-06-13 18:00:00+00:00,16.8,VALID,3737.8176000000003,VALID,23.192232,VALID,Warning,WARN: High flow rate detected (Flood risk)
2026-06-13 19:00:00+00:00,16.9,VALID,4559.0048,VALID,23.177754,VALID,Warning,WARN: High flow rate detected (Flood risk)
2026-06-13 20:00:00+00:00,16.9,VALID,4990.835999999999,VALID,23.14575,VALID,Warning,WARN: High flow rate detected (Flood risk)
2026-06-13 21:00:00+00:00,17.0,VALID,4962.5192,VALID,23.116794,VALID,Warning,WARN: High flow rate detected (Flood risk)
2026-06-13 22:00:00+00:00,17.0,VALID,4289.995199999999,VALID,23.125176,VALID,Warning,WARN: High flow rate detected (Flood risk)
2026-06-13 23:00:00+00:00,17.0,VALID,5521.776,VALID,23.200614,VALID,Warning,WARN: High flow rate detected (Flood risk)
2026-06-14 00:00:00+00:00,17.0,VALID,5712.9144,VALID,23.299674000000003,VALID,Warning,WARN: High flow rate detected (Flood risk)
2026-06-14 01:00:00+00:00,17.0,VALID,6321.7256,VALID,23.353014,VALID,Warning,WARN: High flow rate detected (Flood risk)
2026-06-14 02:00:00+00:00,16.9,VALID,6279.2504,VALID,23.391876000000003,VALID,Warning,WARN: High flow rate detected (Flood risk)
2026-06-14 03:00:00+00:00,16.9,VALID,5996.0824,VALID,23.453598,VALID,Warning,WARN: High flow rate detected (Flood risk)
2026-06-14 04:00:00+00:00,16.8,VALID,5847.4192,VALID,23.520654,VALID,Warning,WARN: High flow rate detected (Flood risk)
2026-06-14 05:00:00+00:00,16.8,VALID,6158.904,VALID,23.581614000000002,VALID,Warning,WARN: High flow rate detected (Flood risk)
2026-06-14 06:00:00+00:00,16.8,VALID,5705.8352,VALID,23.622762,VALID,Warning,WARN: High flow rate detected (Flood risk)
2026-06-14 07:00:00+00:00,16.8,VALID,5089.9448,VALID,23.53818,VALID,Warning,WARN: High flow rate detected (Flood risk)
2026-06-14 08:00:00+00:00,16.8,VALID,4169.6488,VALID,23.439882,VALID,Warning,WARN: High flow rate detected (Flood risk)
2026-06-14 09:00:00+00:00,16.8,VALID,3780.2928,VALID,23.417022,VALID,Warning,WARN: High flow rate detected (Flood risk)
2026-06-14 10:00:00+00:00,16.8,VALID,3822.768,VALID,23.425404,VALID,Warning,WARN: High flow rate detected (Flood risk)
2026-06-14 11:00:00+00:00,16.8,VALID,3815.6888,VALID,23.381208,VALID,Warning,WARN: High flow rate detected (Flood risk)
2026-06-14 12:00:00+00:00,16.8,VALID,3433.4120000000003,VALID,23.35911,VALID,Warning,WARN: High flow rate detected (Flood risk)
2026-06-14 13:00:00+00:00,16.9,VALID,3766.1344,VALID,23.34006,VALID,Warning,WARN: High flow rate detected (Flood risk)
2026-06-14 14:00:00+00:00,16.9,VALID,2994.5016,VALID,23.298912,VALID,Warning,WARN: High flow rate detected (Flood risk)
2026-06-14 15:00:00+00:00,17.0,VALID,3022.8184,VALID,23.2791,VALID,Warning,WARN: High flow rate detected (Flood risk)
2026-06-14 16:00:00+00:00,17.0,VALID,3433.4120000000003,VALID,23.266908,VALID,Warning,WARN: High flow rate detected (Flood risk)
2026-06-14 17:00:00+00:00,17.0,VALID,3638.7088,VALID,23.237952,VALID,Warning,WARN: High flow rate detected (Flood risk)
2026-06-14 18:00:00+00:00,17.1,VALID,3851.0847999999996,VALID,23.215854,VALID,Warning,WARN: High flow rate detected (Flood risk)
2026-06-14 19:00:00+00:00,17.1,VALID,4042.2232,VALID,23.19909,VALID,Warning,WARN: High flow rate detected (Flood risk)
2026-06-14 20:00:00+00:00,17.2,VALID,5068.7072,VALID,23.179278,VALID,Warning,WARN: High flow rate detected (Flood risk)
2026-06-14 21:00:00+00:00,17.2,VALID,5004.9944,VALID,23.166324000000003,VALID,Warning,WARN: High flow rate detected (Flood risk)
2026-06-14 22:00:00+00:00,17.3,VALID,5210.2912,VALID,23.208234,VALID,Warning,WARN: High flow rate detected (Flood risk)
2026-06-14 23:00:00+00:00,17.3,VALID,5047.469599999999,VALID,23.218902,VALID,Warning,WARN: High flow rate detected (Flood risk)
2026-06-15 00:00:00+00:00,17.3,VALID,5670.4392,VALID,23.292054,VALID,Warning,WARN: High flow rate detected (Flood risk)
2026-06-15 01:00:00+00:00,17.3,VALID,5974.8448,VALID,23.369016000000002,VALID,Warning,WARN: High flow rate detected (Flood risk)
2026-06-15 02:00:00+00:00,17.3,VALID,6229.696,VALID,23.41245,VALID,Warning,WARN: High flow rate detected (Flood risk)
2026-06-15 03:00:00+00:00,17.3,VALID,5458.0632,VALID,23.401782,VALID,Warning,WARN: High flow rate detected (Flood risk)
2026-06-15 04:00:00+00:00,17.3,VALID,6017.32,VALID,23.390352,VALID,Warning,WARN: High flow rate detected (Flood risk)
2026-06-15 05:00:00+00:00,17.3,VALID,5925.2904,VALID,23.420832000000004,VALID,Warning,WARN: High flow rate detected (Flood risk)
2026-06-15 06:00:00+00:00,17.3,VALID,5019.1528,VALID,23.3553,VALID,Warning,WARN: High flow rate detected (Flood risk)
2026-06-15 07:00:00+00:00,17.2,VALID,4367.8664,VALID,23.276813999999998,VALID,Warning,WARN: High flow rate detected (Flood risk)
2026-06-15 08:00:00+00:00,17.2,VALID,4148.4112000000005,VALID,23.256240000000002,VALID,Warning,WARN: High flow rate detected (Flood risk)
2026-06-15 09:00:00+00:00,17.2,VALID,3950.1936,VALID,23.27148,VALID,Warning,WARN: High flow rate detected (Flood risk)
2026-06-15 10:00:00+00:00,17.2,VALID,4013.9064,VALID,23.231094,VALID,Warning,WARN: High flow rate detected (Flood risk)
2026-06-15 11:00:00+00:00,17.2,VALID,4176.728,VALID,23.240238,VALID,Warning,WARN: High flow rate detected (Flood risk)
2026-06-15 12:00:00+00:00,17.2,VALID,4247.52,VALID,23.291292000000002,VALID,Warning,WARN: High flow rate detected (Flood risk)
2026-06-15 13:00:00+00:00,17.2,VALID,4962.519200000001,VALID,23.304246000000003,VALID,Warning,WARN: High flow rate detected (Flood risk)
2026-06-15 14:00:00+00:00,17.2,VALID,4091.7776000000003,VALID,23.221188,VALID,Warning,WARN: High flow rate detected (Flood risk)
2026-06-15 15:00:00+00:00,17.3,VALID,3766.1344,VALID,23.157942000000002,VALID,Warning,WARN: High flow rate detected (Flood risk)
2026-06-15 16:00:00+00:00,17.3,VALID,4190.886399999999,VALID,23.159466000000002,VALID,Warning,WARN: High flow rate detected (Flood risk)
2026-06-15 17:00:00+00:00,17.3,VALID,4006.8272,VALID,23.13813,VALID,Warning,WARN: High flow rate detected (Flood risk)
2026-06-15 18:00:00+00:00,17.4,VALID,4297.0743999999995,VALID,23.093934,VALID,Warning,WARN: High flow rate detected (Flood risk)
2026-06-15 19:00:00+00:00,17.4,VALID,4735.9848,VALID,23.064978000000004,VALID,Warning,WARN: High flow rate detected (Flood risk)
2026-06-15 20:00:00+00:00,17.4,VALID,4757.2224,VALID,23.053548,VALID,Warning,WARN: High flow rate detected (Flood risk)
2026-06-15 21:00:00+00:00,17.4,VALID,4927.1232,VALID,23.089362,VALID,Warning,WARN: High flow rate detected (Flood risk)
2026-06-15 22:00:00+00:00,17.4,VALID,5783.7064,VALID,23.163276000000003,VALID,Warning,WARN: High flow rate detected (Flood risk)
2026-06-15 23:00:00+00:00,17.5,VALID,6725.24,VALID,23.219664,VALID,Warning,WARN: High flow rate detected (Flood risk)
2026-06-16 00:00:00+00:00,17.4,VALID,6916.3784,VALID,23.259288,VALID,Warning,WARN: High flow rate detected (Flood risk)
2026-06-16 01:00:00+00:00,17.4,VALID,6873.9032,VALID,23.305008,VALID,Warning,WARN: High flow rate detected (Flood risk)
2026-06-16 02:00:00+00:00,17.4,VALID,6753.556799999999,VALID,23.33244,VALID,Warning,WARN: High flow rate detected (Flood risk)
2026-06-16 03:00:00+00:00,17.4,VALID,6427.9136,VALID,23.368254000000004,VALID,Warning,WARN: High flow rate detected (Flood risk)
2026-06-16 04:00:00+00:00,17.3,VALID,6165.9832,VALID,23.340822,VALID,Warning,WARN: High flow rate detected (Flood risk)
2026-06-16 05:00:00+00:00,17.3,VALID,5670.4392,VALID,23.341584,VALID,Warning,WARN: High flow rate detected (Flood risk)
2026-06-16 06:00:00+00:00,17.3,VALID,5571.3304,VALID,23.2791,VALID,Warning,WARN: High flow rate detected (Flood risk)
2026-06-16 07:00:00+00:00,17.2,VALID,5358.9544,VALID,23.254716000000002,VALID,Warning,WARN: High flow rate detected (Flood risk)
2026-06-16 08:00:00+00:00,17.2,VALID,5571.3304,VALID,23.244048,VALID,Warning,WARN: High flow rate detected (Flood risk)
2026-06-16 09:00:00+00:00,17.2,VALID,5500.5384,VALID,23.261574,VALID,Warning,WARN: High flow rate detected (Flood risk)
2026-06-16 10:00:00+00:00,17.2,VALID,5748.3104,VALID,23.253192000000002,VALID,Warning,WARN: High flow rate detected (Flood risk)
2026-06-16 11:00:00+00:00,17.2,VALID,4176.728,VALID,23.207472000000003,VALID,Warning,WARN: High flow rate detected (Flood risk)
2026-06-16 12:00:00+00:00,17.2,VALID,3638.7088,VALID,23.205186,VALID,Warning,WARN: High flow rate detected (Flood risk)
2026-06-16 13:00:00+00:00,17.2,VALID,4396.1831999999995,VALID,23.205186,VALID,Warning,WARN: High flow rate detected (Flood risk)
2026-06-16 14:00:00+00:00,17.2,VALID,5819.1024,VALID,23.203662,VALID,Warning,WARN: High flow rate detected (Flood risk)
2026-06-16 15:00:00+00:00,17.2,VALID,5323.5584,VALID,23.191470000000002,VALID,Warning,WARN: High flow rate detected (Flood risk)
2026-06-16 16:00:00+00:00,17.2,VALID,5620.8848,VALID,23.166324,VALID,Warning,WARN: High flow rate detected (Flood risk)
2026-06-16 17:00:00+00:00,17.3,VALID,5719.9936,VALID,23.142702,VALID,Warning,WARN: High flow rate detected (Flood risk)
2026-06-16 18:00:00+00:00,17.4,VALID,5224.4496,VALID,23.100792000000002,VALID,Warning,WARN: High flow rate detected (Flood risk)
2026-06-16 19:00:00+00:00,17.4,VALID,5040.3904,VALID,23.071074000000003,VALID,Warning,WARN: High flow rate detected (Flood risk)
2026-06-16 20:00:00+00:00,17.4,VALID,4735.9848,VALID,23.06193,VALID,Warning,WARN: High flow rate detected (Flood risk)
2026-06-16 21:00:00+00:00,17.5,VALID,5097.023999999999,VALID,23.049738,VALID,Warning,WARN: High flow rate detected (Flood risk)
2026-06-16 22:00:00+00:00,17.5,VALID,4990.836,VALID,23.008589999999998,VALID,Warning,WARN: High flow rate detected (Flood risk)
2026-06-16 23:00:00+00:00,17.5,VALID,5330.6376,VALID,23.068788,VALID,Warning,WARN: High flow rate detected (Flood risk)
2026-06-17 00:00:00+00:00,17.6,VALID,6250.9336,VALID,23.199852,VALID,Warning,WARN: High flow rate detected (Flood risk)
2026-06-17 01:00:00+00:00,17.5,VALID,6973.012,VALID,23.276052,VALID,Warning,WARN: High flow rate detected (Flood risk)
2026-06-17 02:00:00+00:00,17.4,VALID,6909.2991999999995,VALID,23.305770000000003,VALID,Warning,WARN: High flow rate detected (Flood risk)
2026-06-17 03:00:00+00:00,17.4,VALID,6753.5568,VALID,23.357586,VALID,Warning,WARN: High flow rate detected (Flood risk)
2026-06-17 04:00:00+00:00,17.3,VALID,6626.1312,VALID,23.40483,VALID,Warning,WARN: High flow rate detected (Flood risk)
2026-06-17 05:00:00+00:00,17.3,VALID,6286.3296,VALID,23.423118000000002,VALID,Warning,WARN: High flow rate detected (Flood risk)
2026-06-17 06:00:00+00:00,17.2,VALID,5613.8056,VALID,23.356062,VALID,Warning,WARN: High flow rate detected (Flood risk)
2026-06-17 07:00:00+00:00,17.2,VALID,4835.0936,VALID,23.247096,VALID,Warning,WARN: High flow rate detected (Flood risk)
2026-06-17 08:00:00+00:00,17.2,VALID,4778.459999999999,VALID,23.213568000000002,VALID,Warning,WARN: High flow rate detected (Flood risk)
2026-06-17 09:00:00+00:00,17.2,VALID,4721.8264,VALID,23.210520000000002,VALID,Warning,WARN: High flow rate detected (Flood risk)
2026-06-17 10:00:00+00:00,17.2,VALID,3730.7384,VALID,23.199089999999998,VALID,Warning,WARN: High flow rate detected (Flood risk)
2026-06-17 11:00:00+00:00,17.2,VALID,3313.0656,VALID,23.159466000000002,VALID,Warning,WARN: High flow rate detected (Flood risk)
2026-06-17 12:00:00+00:00,17.2,VALID,3468.808,VALID,23.173182,VALID,Warning,WARN: High flow rate detected (Flood risk)
2026-06-17 13:00:00+00:00,17.2,VALID,3999.748,VALID,23.173182,VALID,Warning,WARN: High flow rate detected (Flood risk)
2026-06-17 14:00:00+00:00,17.2,VALID,4084.6984,VALID,23.158704000000004,VALID,Warning,WARN: High flow rate detected (Flood risk)
2026-06-17 15:00:00+00:00,17.3,VALID,5040.3904,VALID,23.154132,VALID,Warning,WARN: High flow rate detected (Flood risk)
2026-06-17 16:00:00+00:00,17.3,VALID,5450.984,VALID,23.166324000000003,VALID,Warning,WARN: High flow rate detected (Flood risk)
2026-06-17 17:00:00+00:00,17.3,VALID,4311.2328,VALID,23.170896,VALID,Warning,WARN: High flow rate detected (Flood risk)
2026-06-17 18:00:00+00:00,17.4,VALID,5252.7664,VALID,23.178516000000002,VALID,Warning,WARN: High flow rate detected (Flood risk)
2026-06-17 19:00:00+00:00,17.4,VALID,5415.588,VALID,23.184612,VALID,Warning,WARN: High flow rate detected (Flood risk)
2026-06-17 20:00:00+00:00,17.4,VALID,5387.2712,VALID,23.203662,VALID,Warning,WARN: High flow rate detected (Flood risk)
2026-06-17 21:00:00+00:00,17.4,VALID,5281.0832,VALID,23.222712,VALID,Warning,WARN: High flow rate detected (Flood risk)
2026-06-17 22:00:00+00:00,17.4,VALID,5479.3008,VALID,23.241,VALID,Warning,WARN: High flow rate detected (Flood risk)
2026-06-17 23:00:00+00:00,17.4,VALID,5769.548,VALID,23.327106,VALID,Warning,WARN: High flow rate detected (Flood risk)
2026-06-18 00:00:00+00:00,17.4,VALID,5974.8448,VALID,23.3934,VALID,Warning,WARN: High flow rate detected (Flood risk)
2026-06-18 01:00:00+00:00,17.4,VALID,6081.0328,VALID,23.407878,VALID,Warning,WARN: High flow rate detected (Flood risk)
2026-06-18 02:00:00+00:00,17.4,VALID,5691.6768,VALID,23.40864,VALID,Warning,WARN: High flow rate detected (Flood risk)
2026-06-18 03:00:00+00:00,17.3,VALID,5118.2616,VALID,23.407116000000002,VALID,Warning,WARN: High flow rate detected (Flood risk)
2026-06-18 04:00:00+00:00,17.3,VALID,5266.9248,VALID,23.406354,VALID,Warning,WARN: High flow rate detected (Flood risk)
2026-06-18 05:00:00+00:00,17.3,VALID,5323.5584,VALID,23.41626,VALID,Warning,WARN: High flow rate detected (Flood risk)
2026-06-18 06:00:00+00:00,17.3,VALID,5295.241599999999,VALID,23.345394000000002,VALID,Warning,WARN: High flow rate detected (Flood risk)
2026-06-18 07:00:00+00:00,17.3,VALID,4962.5192,VALID,23.294340000000002,VALID,Warning,WARN: High flow rate detected (Flood risk)
2026-06-18 08:00:00+00:00,17.3,VALID,4927.1232,VALID,23.265384,VALID,Warning,WARN: High flow rate detected (Flood risk)
2026-06-18 09:00:00+00:00,17.3,VALID,3815.6888,VALID,23.273004,VALID,Warning,WARN: High flow rate detected (Flood risk)
2026-06-18 10:00:00+00:00,17.3,VALID,3475.8872,VALID,23.247096,VALID,Warning,WARN: High flow rate detected (Flood risk)
2026-06-18 11:00:00+00:00,17.4,VALID,3787.372,VALID,23.226522000000003,VALID,Warning,WARN: High flow rate detected (Flood risk)
2026-06-18 12:00:00+00:00,17.4,VALID,3737.8176,VALID,23.19528,VALID,Warning,WARN: High flow rate detected (Flood risk)
2026-06-18 13:00:00+00:00,17.4,VALID,3341.3824,VALID,23.179278,VALID,Warning,WARN: High flow rate detected (Flood risk)
2026-06-18 14:00:00+00:00,17.5,VALID,2980.3432000000003,VALID,23.154894000000002,VALID,Warning,WARN: High flow rate detected (Flood risk)
2026-06-18 15:00:00+00:00,17.5,VALID,2916.6304,VALID,23.132796,VALID,Warning,WARN: High flow rate detected (Flood risk)
2026-06-18 16:00:00+00:00,17.6,VALID,3086.5312000000004,VALID,23.141178,VALID,Warning,WARN: High flow rate detected (Flood risk)
2026-06-18 17:00:00+00:00,17.6,VALID,3943.1144,VALID,23.135844000000002,VALID,Warning,WARN: High flow rate detected (Flood risk)
2026-06-18 18:00:00+00:00,17.6,VALID,3504.2039999999997,VALID,23.123652,VALID,Warning,WARN: High flow rate detected (Flood risk)
2026-06-18 19:00:00+00:00,17.7,VALID,3475.8872,VALID,23.12289,VALID,Warning,WARN: High flow rate detected (Flood risk)
2026-06-18 20:00:00+00:00,17.7,VALID,3751.9759999999997,VALID,23.116794,VALID,Warning,WARN: High flow rate detected (Flood risk)
2026-06-18 21:00:00+00:00,17.8,VALID,3589.1544,VALID,23.118318,VALID,Warning,WARN: High flow rate detected (Flood risk)
2026-06-18 22:00:00+00:00,17.8,VALID,3992.6688,VALID,23.152608,VALID,Warning,WARN: High flow rate detected (Flood risk)
2026-06-18 23:00:00+00:00,17.8,VALID,4438.6584,VALID,23.200614,VALID,Warning,WARN: High flow rate detected (Flood risk)
2026-06-19 00:00:00+00:00,17.8,VALID,5252.7663999999995,VALID,23.259288,VALID,Warning,WARN: High flow rate detected (Flood risk)
2026-06-19 01:00:00+00:00,17.8,VALID,5705.8351999999995,VALID,23.326344,VALID,Warning,WARN: High flow rate detected (Flood risk)
2026-06-19 02:00:00+00:00,17.8,VALID,6477.468,VALID,23.342346,VALID,Warning,WARN: High flow rate detected (Flood risk)
2026-06-19 03:00:00+00:00,17.7,VALID,6767.7152,VALID,23.357586,VALID,Warning,WARN: High flow rate detected (Flood risk)
2026-06-19 04:00:00+00:00,17.7,VALID,6137.6664,VALID,23.321772000000003,VALID,Warning,WARN: High flow rate detected (Flood risk)
2026-06-19 05:00:00+00:00,17.7,VALID,5323.5584,VALID,23.26386,VALID,Warning,WARN: High flow rate detected (Flood risk)
2026-06-19 06:00:00+00:00,17.7,VALID,4934.2024,VALID,23.183088,VALID,Warning,WARN: High flow rate detected (Flood risk)
2026-06-19 07:00:00+00:00,17.7,VALID,4346.6287999999995,VALID,23.120604,VALID,Warning,WARN: High flow rate detected (Flood risk)
2026-06-19 08:00:00+00:00,17.7,VALID,3638.7088,VALID,23.072598,VALID,Warning,WARN: High flow rate detected (Flood risk)
2026-06-19 09:00:00+00:00,17.7,VALID,3681.1839999999997,VALID,23.053548,VALID,Warning,WARN: High flow rate detected (Flood risk)
2026-06-19 10:00:00+00:00,17.7,VALID,3504.2039999999997,VALID,23.017734,VALID,Warning,WARN: High flow rate detected (Flood risk)
2026-06-19 11:00:00+00:00,17.8,VALID,3645.7879999999996,VALID,23.052786,VALID,Warning,WARN: High flow rate detected (Flood risk)
2026-06-19 12:00:00+00:00,17.8,VALID,3468.808,VALID,23.07336,VALID,Warning,WARN: High flow rate detected (Flood risk)
2026-06-19 13:00:00+00:00,17.8,VALID,3497.1248,VALID,23.028402000000003,VALID,Warning,WARN: High flow rate detected (Flood risk)
2026-06-19 14:00:00+00:00,17.9,VALID,3065.2936,VALID,22.991064,VALID,Warning,WARN: High flow rate detected (Flood risk)
2026-06-19 15:00:00+00:00,17.9,VALID,3171.4816,VALID,23.036022,VALID,Warning,WARN: High flow rate detected (Flood risk)
2026-06-19 16:00:00+00:00,18.0,VALID,3256.432,VALID,23.045928,VALID,Warning,WARN: High flow rate detected (Flood risk)
2026-06-19 17:00:00+00:00,18.0,VALID,3270.5904,VALID,23.039832,VALID,Warning,WARN: High flow rate detected (Flood risk)
2026-06-19 18:00:00+00:00,18.1,VALID,4120.0944,VALID,23.038308,VALID,Warning,WARN: High flow rate detected (Flood risk)
2026-06-19 19:00:00+00:00,18.1,VALID,4176.728,VALID,23.043642,VALID,Warning,WARN: High flow rate detected (Flood risk)
2026-06-19 20:00:00+00:00,18.2,VALID,3865.2432,VALID,23.044404,VALID,Warning,WARN: High flow rate detected (Flood risk)
2026-06-19 21:00:00+00:00,18.2,VALID,3525.4416,VALID,23.022306,VALID,Warning,WARN: High flow rate detected (Flood risk)
2026-06-19 22:00:00+00:00,18.3,VALID,3263.5112,VALID,23.014685999999998,VALID,Warning,WARN: High flow rate detected (Flood risk)
2026-06-19 23:00:00+00:00,18.3,VALID,3851.0848,VALID,22.994112,VALID,Warning,WARN: High flow rate detected (Flood risk)
2026-06-20 00:00:00+00:00,18.3,VALID,4735.9848,VALID,22.986492000000002,VALID,Warning,WARN: High flow rate detected (Flood risk)
2026-06-20 01:00:00+00:00,18.3,VALID,4615.6384,VALID,22.967442000000002,VALID,Warning,WARN: High flow rate detected (Flood risk)
2026-06-20 02:00:00+00:00,18.3,VALID,5415.588,VALID,23.067264,VALID,Warning,WARN: High flow rate detected (Flood risk)
2026-06-20 03:00:00+00:00,18.3,VALID,5797.864799999999,VALID,23.11908,VALID,Warning,WARN: High flow rate detected (Flood risk)
2026-06-20 04:00:00+00:00,18.3,VALID,5203.2119999999995,VALID,23.109174,VALID,Warning,WARN: High flow rate detected (Flood risk)
2026-06-20 05:00:00+00:00,18.2,VALID,5564.2512,VALID,23.120604,VALID,Warning,WARN: High flow rate detected (Flood risk)
2026-06-20 06:00:00+00:00,18.2,VALID,5033.3112,VALID,23.14956,VALID,Warning,WARN: High flow rate detected (Flood risk)
2026-06-20 07:00:00+00:00,18.3,VALID,4721.8264,VALID,23.124414,VALID,Warning,WARN: High flow rate detected (Flood risk)
2026-06-20 08:00:00+00:00,18.2,VALID,4997.9152,VALID,23.147274000000003,VALID,Warning,WARN: High flow rate detected (Flood risk)
2026-06-20 09:00:00+00:00,18.2,VALID,5203.2119999999995,VALID,23.193756,VALID,Warning,WARN: High flow rate detected (Flood risk)
2026-06-20 10:00:00+00:00,18.2,VALID,5330.6376,VALID,23.234142,VALID,Warning,WARN: High flow rate detected (Flood risk)
2026-06-20 11:00:00+00:00,18.2,VALID,5521.776,VALID,23.240238,VALID,Warning,WARN: High flow rate detected (Flood risk)
2026-06-20 12:00:00+00:00,18.2,VALID,5422.6672,VALID,23.257764,VALID,Warning,WARN: High flow rate detected (Flood risk)
2026-06-20 13:00:00+00:00,18.3,VALID,5139.4992,VALID,23.248620000000003,VALID,Warning,WARN: High flow rate detected (Flood risk)
2026-06-20 14:00:00+00:00,18.3,VALID,4842.1728,VALID,23.199852,VALID,Warning,WARN: High flow rate detected (Flood risk)
2026-06-20 15:00:00+00:00,18.3,VALID,4516.5296,VALID,23.178516000000002,VALID,Warning,WARN: High flow rate detected (Flood risk)
2026-06-20 16:00:00+00:00,18.3,VALID,4587.3216,VALID,23.18766,VALID,Warning,WARN: High flow rate detected (Flood risk)
2026-06-20 17:00:00+00:00,18.4,VALID,4573.1632,VALID,23.189946,VALID,Warning,WARN: High flow rate detected (Flood risk)
2026-06-20 18:00:00+00:00,18.4,VALID,4665.1928,VALID,23.176992000000002,VALID,Warning,WARN: High flow rate detected (Flood risk)
2026-06-20 19:00:00+00:00,18.5,VALID,4601.48,VALID,23.186136,VALID,Warning,WARN: High flow rate detected (Flood risk)
2026-06-20 20:00:00+00:00,18.5,VALID,4629.7968,VALID,23.179278000000004,VALID,Warning,WARN: High flow rate detected (Flood risk)
2026-06-20 21:00:00+00:00,18.6,VALID,4651.0344,VALID,23.151846,VALID,Warning,WARN: High flow rate detected (Flood risk)
2026-06-20 22:00:00+00:00,18.6,VALID,4573.1632,VALID,23.132034000000004,VALID,Warning,WARN: High flow rate detected (Flood risk)
2026-06-20 23:00:00+00:00,18.6,VALID,4452.8168,VALID,23.133558,VALID,Warning,WARN: High flow rate detected (Flood risk)
2026-06-21 00:00:00+00:00,18.6,VALID,4445.7376,VALID,23.116032,VALID,Warning,WARN: High flow rate detected (Flood risk)
2026-06-21 01:00:00+00:00,18.6,VALID,4318.312,VALID,23.135082,VALID,Warning,WARN: High flow rate detected (Flood risk)
2026-06-21 02:00:00+00:00,18.6,VALID,4452.8168,VALID,23.135082,VALID,Warning,WARN: High flow rate detected (Flood risk)
2026-06-21 03:00:00+00:00,18.5,VALID,4374.9456,VALID,23.127462,VALID,Warning,WARN: High flow rate detected (Flood risk)
2026-06-21 04:00:00+00:00,18.5,VALID,3624.5504,VALID,23.12289,VALID,Warning,WARN: High flow rate detected (Flood risk)
2026-06-21 05:00:00+00:00,18.4,VALID,4006.8272,VALID,23.118318000000002,VALID,Warning,WARN: High flow rate detected (Flood risk)
2026-06-21 06:00:00+00:00,18.4,VALID,4275.8368,VALID,23.135082,VALID,Warning,WARN: High flow rate detected (Flood risk)
2026-06-21 07:00:00+00:00,18.4,VALID,4304.1536,VALID,23.109174000000003,VALID,Warning,WARN: High flow rate detected (Flood risk)
2026-06-21 08:00:00+00:00,18.3,VALID,3886.4808,VALID,23.091648,VALID,Warning,WARN: High flow rate detected (Flood risk)
2026-06-21 09:00:00+00:00,18.3,VALID,3674.1048,VALID,23.094696,VALID,Warning,WARN: High flow rate detected (Flood risk)
2026-06-21 10:00:00+00:00,18.2,VALID,3482.9664000000002,VALID,23.104602,VALID,Warning,WARN: High flow rate detected (Flood risk)
2026-06-21 11:00:00+00:00,18.2,VALID,3766.1344,VALID,23.06193,VALID,Warning,WARN: High flow rate detected (Flood risk)
2026-06-21 12:00:00+00:00,18.2,VALID,3468.808,VALID,23.102316000000002,VALID,Warning,WARN: High flow rate detected (Flood risk)
2026-06-21 13:00:00+00:00,18.2,VALID,3150.2439999999997,VALID,23.119080000000004,VALID,Warning,WARN: High flow rate detected (Flood risk)
2026-06-21 14:00:00+00:00,18.2,VALID,3100.6896,VALID,23.10003,VALID,Warning,WARN: High flow rate detected (Flood risk)
2026-06-21 15:00:00+00:00,18.2,VALID,3383.8576,VALID,23.08479,VALID,Warning,WARN: High flow rate detected (Flood risk)
2026-06-21 16:00:00+00:00,18.2,VALID,3006.53624,VALID,23.116794,VALID,Warning,WARN: High flow rate detected (Flood risk)
2026-06-21 17:00:00+00:00,18.3,VALID,3454.6495999999997,VALID,23.141178,VALID,Warning,WARN: High flow rate detected (Flood risk)
2026-06-21 18:00:00+00:00,18.3,VALID,3872.3224,VALID,23.173944,VALID,Warning,WARN: High flow rate detected (Flood risk)
2026-06-21 19:00:00+00:00,18.3,VALID,3801.5304,VALID,23.208234,VALID,Warning,WARN: High flow rate detected (Flood risk)
2026-06-21 20:00:00+00:00,18.4,VALID,4261.6784,VALID,23.22576,VALID,Warning,WARN: High flow rate detected (Flood risk)
2026-06-21 21:00:00+00:00,18.4,VALID,4028.0648,VALID,23.227284,VALID,Warning,WARN: High flow rate detected (Flood risk)
2026-06-21 22:00:00+00:00,18.4,VALID,3610.392,VALID,23.249382,VALID,Warning,WARN: High flow rate detected (Flood risk)
2026-06-21 23:00:00+00:00,18.5,VALID,4113.0152,VALID,23.268432,VALID,Warning,WARN: High flow rate detected (Flood risk)
2026-06-22 00:00:00+00:00,18.5,VALID,4707.668,VALID,23.363682000000004,VALID,Warning,WARN: High flow rate detected (Flood risk)
2026-06-22 01:00:00+00:00,18.5,VALID,5082.8656,VALID,23.426166000000002,VALID,Warning,WARN: High flow rate detected (Flood risk)
2026-06-22 02:00:00+00:00,18.5,VALID,4820.9352,VALID,23.461218000000002,VALID,Warning,WARN: High flow rate detected (Flood risk)
2026-06-22 03:00:00+00:00,18.5,VALID,4445.7376,VALID,23.402544000000002,VALID,Warning,WARN: High flow rate detected (Flood risk)
2026-06-22 04:00:00+00:00,18.4,VALID,3751.9759999999997,VALID,23.413974,VALID,Warning,WARN: High flow rate detected (Flood risk)
2026-06-22 05:00:00+00:00,18.4,VALID,3928.956,VALID,23.436834,VALID,Warning,WARN: High flow rate detected (Flood risk)
2026-06-22 06:00:00+00:00,18.4,VALID,3674.1048,VALID,23.389590000000002,VALID,Warning,WARN: High flow rate detected (Flood risk)
2026-06-22 07:00:00+00:00,18.4,VALID,3313.0656,VALID,23.351490000000002,VALID,Warning,WARN: High flow rate detected (Flood risk)
2026-06-22 08:00:00+00:00,18.4,VALID,3546.6791999999996,VALID,23.361396000000003,VALID,Warning,WARN: High flow rate detected (Flood risk)
2026-06-22 09:00:00+00:00,18.4,VALID,3497.1248,VALID,23.373588,VALID,Warning,WARN: High flow rate detected (Flood risk)
2026-06-22 10:00:00+00:00,18.5,VALID,3405.0951999999997,VALID,23.329392000000002,VALID,Warning,WARN: High flow rate detected (Flood risk)
2026-06-22 11:00:00+00:00,18.5,VALID,3044.056,VALID,23.314152,VALID,Warning,WARN: High flow rate detected (Flood risk)
2026-06-22 12:00:00+00:00,18.5,VALID,2864.95224,VALID,23.300436,VALID,Warning,WARN: High flow rate detected (Flood risk)
2026-06-22 13:00:00+00:00,18.5,VALID,2749.56128,VALID,23.29053,VALID,Warning,WARN: High flow rate detected (Flood risk)
2026-06-22 14:00:00+00:00,18.6,VALID,3010.78376,VALID,23.272242000000002,VALID,Warning,WARN: High flow rate detected (Flood risk)
2026-06-22 15:00:00+00:00,18.6,VALID,2629.21488,VALID,23.247858,VALID,Warning,WARN: High flow rate detected (Flood risk)
2026-06-22 16:00:00+00:00,18.7,VALID,2561.96248,VALID,23.22195,VALID,Warning,WARN: High flow rate detected (Flood risk)
2026-06-22 17:00:00+00:00,18.7,VALID,2709.9177600000003,VALID,23.197566000000002,VALID,Warning,WARN: High flow rate detected (Flood risk)
2026-06-22 18:00:00+00:00,18.8,VALID,2709.91776,VALID,23.178516000000002,VALID,Warning,WARN: High flow rate detected (Flood risk)
2026-06-22 19:00:00+00:00,18.9,VALID,3152.36776,VALID,23.165562,VALID,Warning,WARN: High flow rate detected (Flood risk)
2026-06-22 20:00:00+00:00,18.9,VALID,3419.2536,VALID,23.148798,VALID,Warning,WARN: High flow rate detected (Flood risk)
2026-06-22 21:00:00+00:00,19.0,VALID,3305.9864,VALID,23.133558,VALID,Warning,WARN: High flow rate detected (Flood risk)
2026-06-22 22:00:00+00:00,19.1,VALID,3171.4816,VALID,23.11908,VALID,Warning,WARN: High flow rate detected (Flood risk)
2026-06-22 23:00:00+00:00,19.2,VALID,3766.1344,VALID,23.218140000000002,VALID,Warning,WARN: High flow rate detected (Flood risk)
2026-06-23 00:00:00+00:00,19.2,VALID,4219.2032,VALID,23.321772000000003,VALID,Warning,WARN: High flow rate detected (Flood risk)
2026-06-23 01:00:00+00:00,19.3,VALID,4912.9648,VALID,23.310342000000002,VALID,Warning,WARN: High flow rate detected (Flood risk)
2026-06-23 02:00:00+00:00,19.2,VALID,5238.608,VALID,23.320248000000003,VALID,Warning,WARN: High flow rate detected (Flood risk)
2026-06-23 03:00:00+00:00,19.2,VALID,4912.9648,VALID,23.383494,VALID,Warning,WARN: High flow rate detected (Flood risk)
2026-06-23 04:00:00+00:00,19.1,VALID,5139.4992,VALID,23.414736,VALID,Warning,WARN: High flow rate detected (Flood risk)
2026-06-23 05:00:00+00:00,19.1,VALID,5004.9944,VALID,23.390352,VALID,Warning,WARN: High flow rate detected (Flood risk)
2026-06-23 06:00:00+00:00,19.0,VALID,4551.9256,VALID,23.385018000000002,VALID,Warning,WARN: High flow rate detected (Flood risk)
2026-06-23 07:00:00+00:00,19.0,VALID,4006.8272,VALID,23.330916000000002,VALID,Warning,WARN: High flow rate detected (Flood risk)
2026-06-23 08:00:00+00:00,19.0,VALID,3475.8872,VALID,23.305008,VALID,Warning,WARN: High flow rate detected (Flood risk)
2026-06-23 09:00:00+00:00,19.0,VALID,3624.5504,VALID,23.26386,VALID,Warning,WARN: High flow rate detected (Flood risk)
2026-06-23 10:00:00+00:00,19.0,VALID,3574.996,VALID,23.246334,VALID,Warning,WARN: High flow rate detected (Flood risk)
2026-06-23 11:00:00+00:00,19.0,VALID,3624.5504,VALID,23.240238,VALID,Warning,WARN: High flow rate detected (Flood risk)
2026-06-23 12:00:00+00:00,18.9,VALID,3185.64,VALID,23.232618000000002,VALID,Warning,WARN: High flow rate detected (Flood risk)
2026-06-23 13:00:00+00:00,18.9,VALID,3100.6895999999997,VALID,23.208996,VALID,Warning,WARN: High flow rate detected (Flood risk)
2026-06-23 14:00:00+00:00,18.9,VALID,2759.4721600000003,VALID,23.192232,VALID,Warning,WARN: High flow rate detected (Flood risk)
2026-06-23 15:00:00+00:00,19.0,VALID,2976.09568,VALID,23.178516000000002,VALID,Warning,WARN: High flow rate detected (Flood risk)
2026-06-23 16:00:00+00:00,19.0,VALID,2658.2396,VALID,23.151084,VALID,Warning,WARN: High flow rate detected (Flood risk)
2026-06-23 17:00:00+00:00,19.1,VALID,2869.19976,VALID,23.140416000000002,VALID,Warning,WARN: High flow rate detected (Flood risk)
2026-06-23 18:00:00+00:00,19.1,VALID,3215.37264,VALID,23.129748000000003,VALID,Warning,WARN: High flow rate detected (Flood risk)
2026-06-23 19:00:00+00:00,19.2,VALID,2949.19472,VALID,23.11908,VALID,Warning,WARN: High flow rate detected (Flood risk)
2026-06-23 20:00:00+00:00,19.2,VALID,3539.6,VALID,23.132034,VALID,Warning,WARN: High flow rate detected (Flood risk)
2026-06-23 21:00:00+00:00,19.3,VALID,3369.6992,VALID,23.141178,VALID,Warning,WARN: High flow rate detected (Flood risk)
2026-06-23 22:00:00+00:00,19.3,VALID,4268.7576,VALID,23.231856,VALID,Warning,WARN: High flow rate detected (Flood risk)
2026-06-23 23:00:00+00:00,19.4,VALID,4820.9352,VALID,23.37435,VALID,Warning,WARN: High flow rate detected (Flood risk)
2026-06-24 00:00:00+00:00,19.4,VALID,6038.5576,VALID,23.407116000000002,VALID,Warning,WARN: High flow rate detected (Flood risk)
2026-06-24 01:00:00+00:00,19.3,VALID,6293.4088,VALID,23.39721,VALID,Warning,WARN: High flow rate detected (Flood risk)
2026-06-24 02:00:00+00:00,19.3,VALID,6116.4288,VALID,23.42769,VALID,Warning,WARN: High flow rate detected (Flood risk)
2026-06-24 03:00:00+00:00,19.3,VALID,6003.161599999999,VALID,23.488650000000003,VALID,Warning,WARN: High flow rate detected (Flood risk)
2026-06-24 04:00:00+00:00,19.2,VALID,5812.0232,VALID,23.484078000000004,VALID,Warning,WARN: High flow rate detected (Flood risk)
2026-06-24 05:00:00+00:00,19.2,VALID,5535.9344,VALID,23.484840000000002,VALID,Warning,WARN: High flow rate detected (Flood risk)
2026-06-24 06:00:00+00:00,19.2,VALID,5415.588,VALID,23.48865,VALID,Warning,WARN: High flow rate detected (Flood risk)
2026-06-24 07:00:00+00:00,19.2,VALID,4721.8264,VALID,23.524464000000002,VALID,Warning,WARN: High flow rate detected (Flood risk)
2026-06-24 08:00:00+00:00,19.2,VALID,4537.7672,VALID,23.525226000000004,VALID,Warning,WARN: High flow rate detected (Flood risk)
2026-06-24 09:00:00+00:00,19.2,VALID,4643.9552,VALID,23.519892,VALID,Warning,WARN: High flow rate detected (Flood risk)
2026-06-24 10:00:00+00:00,19.2,VALID,4743.064,VALID,23.525226000000004,VALID,Warning,WARN: High flow rate detected (Flood risk)
2026-06-24 11:00:00+00:00,19.2,VALID,4764.301600000001,VALID,23.542752,VALID,Warning,WARN: High flow rate detected (Flood risk)
2026-06-24 12:00:00+00:00,19.3,VALID,4304.1536,VALID,23.546562,VALID,Warning,WARN: High flow rate detected (Flood risk)
2026-06-24 13:00:00+00:00,19.3,VALID,4212.124,VALID,23.521416000000002,VALID,Warning,WARN: High flow rate detected (Flood risk)
2026-06-24 14:00:00+00:00,19.3,VALID,3943.1144,VALID,23.508462,VALID,Warning,WARN: High flow rate detected (Flood risk)
2026-06-24 15:00:00+00:00,19.4,VALID,3723.6592,VALID,23.500842000000002,VALID,Warning,WARN: High flow rate detected (Flood risk)
2026-06-24 16:00:00+00:00,19.4,VALID,3709.5008,VALID,23.495508,VALID,Warning,WARN: High flow rate detected (Flood risk)
2026-06-24 17:00:00+00:00,19.4,VALID,3815.6888,VALID,23.47341,VALID,Warning,WARN: High flow rate detected (Flood risk)
2026-06-24 18:00:00+00:00,19.5,VALID,4509.4504,VALID,23.471124000000003,VALID,Warning,WARN: High flow rate detected (Flood risk)
2026-06-24 19:00:00+00:00,19.5,VALID,5167.816,VALID,23.471124000000003,VALID,Warning,WARN: High flow rate detected (Flood risk)
2026-06-24 20:00:00+00:00,19.5,VALID,5047.4696,VALID,23.463504,VALID,Warning,WARN: High flow rate detected (Flood risk)
2026-06-24 21:00:00+00:00,19.5,VALID,5026.232,VALID,23.449026,VALID,Warning,WARN: High flow rate detected (Flood risk)
2026-06-24 22:00:00+00:00,19.5,VALID,4884.648,VALID,23.453598,VALID,Warning,WARN: High flow rate detected (Flood risk)
2026-06-24 23:00:00+00:00,19.5,VALID,4785.5392,VALID,23.445216000000002,VALID,Warning,WARN: High flow rate detected (Flood risk)
2026-06-25 00:00:00+00:00,19.5,VALID,5543.0136,VALID,23.519892000000002,VALID,Warning,WARN: High flow rate detected (Flood risk)
2026-06-25 01:00:00+00:00,19.5,VALID,5790.7856,VALID,23.557992,VALID,Warning,WARN: High flow rate detected (Flood risk)
2026-06-25 02:00:00+00:00,19.5,VALID,5465.1424,VALID,23.537418000000002,VALID,Warning,WARN: High flow rate detected (Flood risk)
2026-06-25 03:00:00+00:00,19.5,VALID,5125.3408,VALID,23.519130000000004,VALID,Warning,WARN: High flow rate detected (Flood risk)
2026-06-25 04:00:00+00:00,19.5,VALID,4898.8063999999995,VALID,23.505414000000002,VALID,Warning,WARN: High flow rate detected (Flood risk)
2026-06-25 05:00:00+00:00,19.5,VALID,4785.5392,VALID,23.484840000000002,VALID,Warning,WARN: High flow rate detected (Flood risk)
2026-06-25 06:00:00+00:00,19.5,VALID,4750.1432,VALID,23.44293,VALID,Warning,WARN: High flow rate detected (Flood risk)
2026-06-25 07:00:00+00:00,19.5,VALID,4445.7376,VALID,23.448264,VALID,Warning,WARN: High flow rate detected (Flood risk)
2026-06-25 08:00:00+00:00,19.5,VALID,4601.48,VALID,23.474934000000005,VALID,Warning,WARN: High flow rate detected (Flood risk)
2026-06-25 09:00:00+00:00,19.5,VALID,4070.54,VALID,23.485602,VALID,Warning,WARN: High flow rate detected (Flood risk)
2026-06-25 10:00:00+00:00,19.5,VALID,3950.1936,VALID,23.478744,VALID,Warning,WARN: High flow rate detected (Flood risk)
2026-06-25 11:00:00+00:00,19.5,VALID,4113.0152,VALID,23.48103,VALID,Warning,WARN: High flow rate detected (Flood risk)
2026-06-25 12:00:00+00:00,19.5,VALID,4169.6488,VALID,23.471124,VALID,Warning,WARN: High flow rate detected (Flood risk)
2026-06-25 13:00:00+00:00,19.5,VALID,3928.956,VALID,23.41626,VALID,Warning,WARN: High flow rate detected (Flood risk)
2026-06-25 14:00:00+00:00,19.5,VALID,3228.1152,VALID,23.356062,VALID,Warning,WARN: High flow rate detected (Flood risk)
2026-06-25 15:00:00+00:00,19.5,VALID,3029.8976000000002,VALID,23.375874000000003,VALID,Warning,WARN: High flow rate detected (Flood risk)
2026-06-25 16:00:00+00:00,19.6,VALID,3532.5208,VALID,23.377398000000003,VALID,Warning,WARN: High flow rate detected (Flood risk)
2026-06-25 17:00:00+00:00,19.6,VALID,4877.5688,VALID,23.365206,VALID,Warning,WARN: High flow rate detected (Flood risk)
2026-06-25 18:00:00+00:00,19.6,VALID,4686.4304,VALID,23.353776000000003,VALID,Warning,WARN: High flow rate detected (Flood risk)
2026-06-25 19:00:00+00:00,19.6,VALID,4651.0344000000005,VALID,23.356824000000003,VALID,Warning,WARN: High flow rate detected (Flood risk)
2026-06-25 20:00:00+00:00,19.6,VALID,4658.113600000001,VALID,23.344632,VALID,Warning,WARN: High flow rate detected (Flood risk)
2026-06-25 21:00:00+00:00,19.6,VALID,3999.748,VALID,23.325582000000004,VALID,Warning,WARN: High flow rate detected (Flood risk)
2026-06-25 22:00:00+00:00,19.6,VALID,3865.2432,VALID,23.321772000000003,VALID,Warning,WARN: High flow rate detected (Flood risk)
2026-06-25 23:00:00+00:00,19.5,VALID,4523.6088,VALID,23.386542,VALID,Warning,WARN: High flow rate detected (Flood risk)
2026-06-26 00:00:00+00:00,19.5,VALID,4615.6384,VALID,23.447502,VALID,Warning,WARN: High flow rate detected (Flood risk)
2026-06-26 01:00:00+00:00,19.4,VALID,4920.044,VALID,23.552658,VALID,Warning,WARN: High flow rate detected (Flood risk)
2026-06-26 02:00:00+00:00,19.4,VALID,5528.8552,VALID,23.584662,VALID,Warning,WARN: High flow rate detected (Flood risk)
2026-06-26 03:00:00+00:00,19.3,VALID,5493.4592,VALID,23.58771,VALID,Warning,WARN: High flow rate detected (Flood risk)
2026-06-26 04:00:00+00:00,19.2,VALID,5259.845600000001,VALID,23.520654,VALID,Warning,WARN: High flow rate detected (Flood risk)
2026-06-26 05:00:00+00:00,19.2,VALID,5047.4696,VALID,23.513796,VALID,Warning,WARN: High flow rate detected (Flood risk)
2026-06-26 06:00:00+00:00,19.1,VALID,4750.1432,VALID,23.506176,VALID,Warning,WARN: High flow rate detected (Flood risk)
2026-06-26 07:00:00+00:00,19.1,VALID,4544.8464,VALID,23.509224,VALID,Warning,WARN: High flow rate detected (Flood risk)
2026-06-26 08:00:00+00:00,19.1,VALID,4488.2128,VALID,23.462742,VALID,Warning,WARN: High flow rate detected (Flood risk)
2026-06-26 09:00:00+00:00,19.1,VALID,4105.936,VALID,23.447502,VALID,Warning,WARN: High flow rate detected (Flood risk)
2026-06-26 10:00:00+00:00,19.0,VALID,4120.0944,VALID,23.436072000000003,VALID,Warning,WARN: High flow rate detected (Flood risk)
2026-06-26 11:00:00+00:00,19.0,VALID,4127.1736,VALID,23.420070000000003,VALID,Warning,WARN: High flow rate detected (Flood risk)
2026-06-26 12:00:00+00:00,19.0,VALID,3688.2632,VALID,23.3934,VALID,Warning,WARN: High flow rate detected (Flood risk)
2026-06-26 13:00:00+00:00,19.0,VALID,3624.5504,VALID,23.369778000000004,VALID,Warning,WARN: High flow rate detected (Flood risk)
2026-06-26 14:00:00+00:00,19.0,VALID,3454.6495999999997,VALID,23.305008,VALID,Warning,WARN: High flow rate detected (Flood risk)
2026-06-26 15:00:00+00:00,19.1,VALID,3242.2736,VALID,23.288244000000002,VALID,Warning,WARN: High flow rate detected (Flood risk)
2026-06-26 16:00:00+00:00,19.1,VALID,2973.264,VALID,23.311866000000002,VALID,Warning,WARN: High flow rate detected (Flood risk)
2026-06-26 17:00:00+00:00,19.1,VALID,3985.5896,VALID,23.311866000000002,VALID,Warning,WARN: High flow rate detected (Flood risk)
2026-06-26 18:00:00+00:00,19.2,VALID,4509.4504,VALID,23.303484,VALID,Warning,WARN: High flow rate detected (Flood risk)
2026-06-26 19:00:00+00:00,19.2,VALID,4743.064,VALID,23.311104,VALID,Warning,WARN: High flow rate detected (Flood risk)
2026-06-26 20:00:00+00:00,19.2,VALID,4877.5688,VALID,23.307294000000002,VALID,Warning,WARN: High flow rate detected (Flood risk)
2026-06-26 21:00:00+00:00,19.2,VALID,4955.4400000000005,VALID,23.285196,VALID,Warning,WARN: High flow rate detected (Flood risk)
2026-06-26 22:00:00+00:00,19.3,VALID,4849.252,VALID,23.257002,VALID,Warning,WARN: High flow rate detected (Flood risk)
2026-06-26 23:00:00+00:00,19.3,VALID,5089.944799999999,VALID,23.333964,VALID,Warning,WARN: High flow rate detected (Flood risk)
2026-06-27 00:00:00+00:00,19.3,VALID,5373.1128,VALID,23.37816,VALID,Warning,WARN: High flow rate detected (Flood risk)
2026-06-27 01:00:00+00:00,19.3,VALID,5543.0136,VALID,23.359872000000003,VALID,Warning,WARN: High flow rate detected (Flood risk)
2026-06-27 02:00:00+00:00,19.3,VALID,5125.3408,VALID,23.308056,VALID,Warning,WARN: High flow rate detected (Flood risk)
2026-06-27 03:00:00+00:00,19.3,VALID,4877.5688,VALID,23.332440000000002,VALID,Warning,WARN: High flow rate detected (Flood risk)
2026-06-27 04:00:00+00:00,19.3,VALID,4481.1336,VALID,23.36673,VALID,Warning,WARN: High flow rate detected (Flood risk)
2026-06-27 05:00:00+00:00,19.2,VALID,4870.4896,VALID,23.390352000000004,VALID,Warning,WARN: High flow rate detected (Flood risk)
2026-06-27 06:00:00+00:00,19.2,VALID,4806.7768,VALID,23.369778000000004,VALID,Warning,WARN: High flow rate detected (Flood risk)
2026-06-27 07:00:00+00:00,19.2,VALID,4990.836,VALID,23.345394,VALID,Warning,WARN: High flow rate detected (Flood risk)
2026-06-27 08:00:00+00:00,19.2,VALID,4891.727199999999,VALID,23.350728000000004,VALID,Warning,WARN: High flow rate detected (Flood risk)
2026-06-27 09:00:00+00:00,19.1,VALID,4828.0144,VALID,23.377398,VALID,Warning,WARN: High flow rate detected (Flood risk)
2026-06-27 10:00:00+00:00,19.1,VALID,4566.084,VALID,23.395685999999998,VALID,Warning,WARN: High flow rate detected (Flood risk)
2026-06-27 11:00:00+00:00,19.1,VALID,4743.064,VALID,23.378922000000003,VALID,Warning,WARN: High flow rate detected (Flood risk)
2026-06-27 12:00:00+00:00,19.1,VALID,4693.509599999999,VALID,23.398734,VALID,Warning,WARN: High flow rate detected (Flood risk)
2026-06-27 13:00:00+00:00,19.1,VALID,4608.5592,VALID,23.376636,VALID,Warning,WARN: High flow rate detected (Flood risk)
2026-06-27 14:00:00+00:00,19.0,VALID,4233.3616,VALID,23.376636,VALID,Warning,WARN: High flow rate detected (Flood risk)
2026-06-27 15:00:00+00:00,19.1,VALID,4459.896000000001,VALID,23.407116000000002,VALID,Warning,WARN: High flow rate detected (Flood risk)
2026-06-27 16:00:00+00:00,19.1,VALID,4813.856,VALID,23.419308,VALID,Warning,WARN: High flow rate detected (Flood risk)
2026-06-27 17:00:00+00:00,19.1,VALID,4735.9848,VALID,23.41626,VALID,Warning,WARN: High flow rate detected (Flood risk)
2026-06-27 18:00:00+00:00,19.2,VALID,4934.2024,VALID,23.429214,VALID,Warning,WARN: High flow rate detected (Flood risk)
2026-06-27 19:00:00+00:00,19.2,VALID,4842.1728,VALID,23.437596000000003,VALID,Warning,WARN: High flow rate detected (Flood risk)
2026-06-27 20:00:00+00:00,19.2,VALID,4863.4104,VALID,23.444454000000004,VALID,Warning,WARN: High flow rate detected (Flood risk)
2026-06-27 21:00:00+00:00,19.3,VALID,4693.509599999999,VALID,23.445978,VALID,Warning,WARN: High flow rate detected (Flood risk)
2026-06-27 22:00:00+00:00,19.3,VALID,4700.5888,VALID,23.426166000000002,VALID,Warning,WARN: High flow rate detected (Flood risk)
2026-06-27 23:00:00+00:00,19.3,VALID,3928.956,VALID,23.441406,VALID,Warning,WARN: High flow rate detected (Flood risk)
2026-06-28 00:00:00+00:00,19.3,VALID,4127.1736,VALID,23.482554,VALID,Warning,WARN: High flow rate detected (Flood risk)
2026-06-28 01:00:00+00:00,19.3,VALID,3808.6096,VALID,23.493984,VALID,Warning,WARN: High flow rate detected (Flood risk)
2026-06-28 02:00:00+00:00,19.2,VALID,3865.2432,VALID,23.486364000000002,VALID,Warning,WARN: High flow rate detected (Flood risk)
2026-06-28 03:00:00+00:00,19.2,VALID,3574.996,VALID,23.482554,VALID,Warning,WARN: High flow rate detected (Flood risk)
2026-06-28 04:00:00+00:00,19.2,VALID,3532.5208000000002,VALID,23.49627,VALID,Warning,WARN: High flow rate detected (Flood risk)
2026-06-28 05:00:00+00:00,19.1,VALID,3950.1936,VALID,23.518368000000002,VALID,Warning,WARN: High flow rate detected (Flood risk)
2026-06-28 06:00:00+00:00,19.0,VALID,4042.2232,VALID,23.528274,VALID,Warning,WARN: High flow rate detected (Flood risk)
2026-06-28 07:00:00+00:00,19.0,VALID,3921.8768,VALID,23.475696000000003,VALID,Warning,WARN: High flow rate detected (Flood risk)
2026-06-28 08:00:00+00:00,19.0,VALID,3780.2928,VALID,23.477220000000003,VALID,Warning,WARN: High flow rate detected (Flood risk)
2026-06-28 09:00:00+00:00,19.0,VALID,3560.8376,VALID,23.474172000000003,VALID,Warning,WARN: High flow rate detected (Flood risk)
2026-06-28 10:00:00+00:00,18.9,VALID,3589.1544,VALID,23.470362,VALID,Warning,WARN: High flow rate detected (Flood risk)
2026-06-28 11:00:00+00:00,18.9,VALID,3744.8968,VALID,23.452836,VALID,Warning,WARN: High flow rate detected (Flood risk)
2026-06-28 12:00:00+00:00,18.9,VALID,3582.0752,VALID,23.448264,VALID,Warning,WARN: High flow rate detected (Flood risk)
2026-06-28 13:00:00+00:00,18.9,VALID,3341.3824,VALID,23.486364000000002,VALID,Warning,WARN: High flow rate detected (Flood risk)
2026-06-28 14:00:00+00:00,18.9,VALID,3674.1048,VALID,23.479506,VALID,Warning,WARN: High flow rate detected (Flood risk)
2026-06-28 15:00:00+00:00,18.9,VALID,3716.58,VALID,23.484078000000004,VALID,Warning,WARN: High flow rate detected (Flood risk)
2026-06-28 16:00:00+00:00,18.9,VALID,4162.5696,VALID,23.484840000000002,VALID,Warning,WARN: High flow rate detected (Flood risk)
2026-06-28 17:00:00+00:00,18.9,VALID,4282.916,VALID,23.502366000000002,VALID,Warning,WARN: High flow rate detected (Flood risk)
2026-06-28 18:00:00+00:00,19.0,VALID,4240.4408,VALID,23.499318000000002,VALID,Warning,WARN: High flow rate detected (Flood risk)
2026-06-28 19:00:00+00:00,19.0,VALID,4332.4704,VALID,23.490174,VALID,Warning,WARN: High flow rate detected (Flood risk)
2026-06-28 20:00:00+00:00,19.0,VALID,4466.9752,VALID,23.501604,VALID,Warning,WARN: High flow rate detected (Flood risk)
2026-06-28 21:00:00+00:00,19.1,VALID,4318.312,VALID,23.509986,VALID,Warning,WARN: High flow rate detected (Flood risk)
2026-06-28 22:00:00+00:00,19.1,VALID,4289.9952,VALID,23.512272,VALID,Warning,WARN: High flow rate detected (Flood risk)
2026-06-28 23:00:00+00:00,19.1,VALID,4318.312,VALID,23.486364000000002,VALID,Warning,WARN: High flow rate detected (Flood risk)
2026-06-29 00:00:00+00:00,19.1,VALID,4113.0152,VALID,23.485602,VALID,Warning,WARN: High flow rate detected (Flood risk)
2026-06-29 01:00:00+00:00,19.1,VALID,3921.8768,VALID,23.475696000000003,VALID,Warning,WARN: High flow rate detected (Flood risk)
2026-06-29 02:00:00+00:00,19.1,VALID,3759.0552,VALID,23.470362,VALID,Warning,WARN: High flow rate detected (Flood risk)
2026-06-29 03:00:00+00:00,19.1,VALID,3851.0848,VALID,23.451312,VALID,Warning,WARN: High flow rate detected (Flood risk)
2026-06-29 04:00:00+00:00,19.1,VALID,3978.5104,VALID,23.464266000000002,VALID,Warning,WARN: High flow rate detected (Flood risk)
2026-06-29 05:00:00+00:00,19.0,VALID,4035.1440000000002,VALID,23.463504,VALID,Warning,WARN: High flow rate detected (Flood risk)
2026-06-29 06:00:00+00:00,19.0,VALID,4205.0448,VALID,23.462742,VALID,Warning,WARN: High flow rate detected (Flood risk)
2026-06-29 07:00:00+00:00,18.9,VALID,4226.2824,VALID,23.472648,VALID,Warning,WARN: High flow rate detected (Flood risk)
2026-06-29 08:00:00+00:00,18.9,VALID,4148.4112,VALID,23.471124,VALID,Warning,WARN: High flow rate detected (Flood risk)
2026-06-29 09:00:00+00:00,18.9,VALID,4049.3024,VALID,23.485602,VALID,Warning,WARN: High flow rate detected (Flood risk)
2026-06-29 10:00:00+00:00,18.8,VALID,4155.4904,VALID,23.493984,VALID,Warning,WARN: High flow rate detected (Flood risk)
2026-06-29 11:00:00+00:00,18.8,VALID,3957.2727999999997,VALID,23.500842000000002,VALID,Warning,WARN: High flow rate detected (Flood risk)
2026-06-29 12:00:00+00:00,18.8,VALID,3405.0951999999997,VALID,23.49246,VALID,Warning,WARN: High flow rate detected (Flood risk)
2026-06-29 13:00:00+00:00,18.8,VALID,3773.2136,VALID,23.458932,VALID,Warning,WARN: High flow rate detected (Flood risk)
2026-06-29 14:00:00+00:00,18.7,VALID,3851.0847999999996,VALID,23.445978000000004,VALID,Warning,WARN: High flow rate detected (Flood risk)
2026-06-29 15:00:00+00:00,18.7,VALID,3631.6296,VALID,23.459694,VALID,Warning,WARN: High flow rate detected (Flood risk)
2026-06-29 16:00:00+00:00,18.8,VALID,3518.3624,VALID,23.45436,VALID,Warning,WARN: High flow rate detected (Flood risk)
2026-06-29 17:00:00+00:00,18.8,VALID,3624.5504,VALID,23.458932000000004,VALID,Warning,WARN: High flow rate detected (Flood risk)
2026-06-29 18:00:00+00:00,18.8,VALID,4077.6192,VALID,23.441406,VALID,Warning,WARN: High flow rate detected (Flood risk)
2026-06-29 19:00:00+00:00,18.8,VALID,3844.0056,VALID,23.436072,VALID,Warning,WARN: High flow rate detected (Flood risk)
2026-06-29 20:00:00+00:00,18.9,VALID,4070.54,VALID,23.439882,VALID,Warning,WARN: High flow rate detected (Flood risk)
2026-06-29 21:00:00+00:00,18.9,VALID,4056.3815999999997,VALID,23.449026,VALID,Warning,WARN: High flow rate detected (Flood risk)
2026-06-29 22:00:00+00:00,19.0,VALID,4070.54,VALID,23.433024000000003,VALID,Warning,WARN: High flow rate detected (Flood risk)
2026-06-29 23:00:00+00:00,19.0,VALID,3971.4312,VALID,23.400258,VALID,Warning,WARN: High flow rate detected (Flood risk)
2026-06-30 00:00:00+00:00,19.0,VALID,4162.5696,VALID,23.461218000000002,VALID,Warning,WARN: High flow rate detected (Flood risk)
2026-06-30 01:00:00+00:00,19.0,VALID,4382.0248,VALID,23.457408,VALID,Warning,WARN: High flow rate detected (Flood risk)
2026-06-30 02:00:00+00:00,19.0,VALID,4212.124,VALID,23.444454,VALID,Warning,WARN: High flow rate detected (Flood risk)
2026-06-30 03:00:00+00:00,19.0,VALID,4049.3024,VALID,23.42388,VALID,Warning,WARN: High flow rate detected (Flood risk)
2026-06-30 04:00:00+00:00,18.9,VALID,3836.9264000000003,VALID,23.440644000000002,VALID,Warning,WARN: High flow rate detected (Flood risk)
2026-06-30 05:00:00+00:00,18.9,VALID,4190.886399999999,VALID,23.447502,VALID,Warning,WARN: High flow rate detected (Flood risk)
2026-06-30 06:00:00+00:00,18.8,VALID,4403.2624,VALID,23.457408,VALID,Warning,WARN: High flow rate detected (Flood risk)
2026-06-30 07:00:00+00:00,18.8,VALID,4346.6287999999995,VALID,23.471124000000003,VALID,Warning,WARN: High flow rate detected (Flood risk)
2026-06-30 08:00:00+00:00,18.8,VALID,4197.9655999999995,VALID,23.45817,VALID,Warning,WARN: High flow rate detected (Flood risk)
2026-06-30 09:00:00+00:00,18.7,VALID,4113.0152,VALID,23.452074000000003,VALID,Warning,WARN: High flow rate detected (Flood risk)
2026-06-30 10:00:00+00:00,18.7,VALID,4113.0152,VALID,23.513034,VALID,Warning,WARN: High flow rate detected (Flood risk)
2026-06-30 11:00:00+00:00,18.6,VALID,3957.2727999999997,VALID,23.570184,VALID,Warning,WARN: High flow rate detected (Flood risk)
2026-06-30 12:00:00+00:00,18.6,VALID,4360.7872,VALID,23.542752,VALID,Warning,WARN: High flow rate detected (Flood risk)
2026-06-30 13:00:00+00:00,18.6,VALID,4289.9952,VALID,23.533608,VALID,Warning,WARN: High flow rate detected (Flood risk)
2026-06-30 14:00:00+00:00,18.6,VALID,4403.2624,VALID,23.536656,VALID,Warning,WARN: High flow rate detected (Flood risk)
2026-06-30 15:00:00+00:00,18.6,VALID,4481.1336,VALID,23.560278,VALID,Warning,WARN: High flow rate detected (Flood risk)
2026-06-30 16:00:00+00:00,18.6,VALID,4580.2424,VALID,23.552658,VALID,Warning,WARN: High flow rate detected (Flood risk)
2026-06-30 17:00:00+00:00,18.7,VALID,4537.7672,VALID,23.55723,VALID,Warning,WARN: High flow rate detected (Flood risk)
2026-06-30 18:00:00+00:00,18.8,VALID,4551.9256,VALID,23.557992000000002,VALID,Warning,WARN: High flow rate detected (Flood risk)
2026-06-30 19:00:00+00:00,18.8,VALID,4559.0048,VALID,23.563326000000004,VALID,Warning,WARN: High flow rate detected (Flood risk)
2026-06-30 20:00:00+00:00,18.9,VALID,4842.1728,VALID,23.573994,VALID,Warning,WARN: High flow rate detected (Flood risk)
2026-06-30 21:00:00+00:00,18.9,VALID,4891.727199999999,VALID,23.594568000000002,VALID,Warning,WARN: High flow rate detected (Flood risk)
2026-06-30 22:00:00+00:00,19.0,VALID,4743.064,VALID,23.578566,VALID,Warning,WARN: High flow rate detected (Flood risk)
2026-06-30 23:00:00+00:00,19.0,VALID,5132.42,VALID,23.609046000000003,VALID,Warning,WARN: High flow rate detected (Flood risk)
2026-07-01 00:00:00+00:00,19.0,VALID,5373.1128,VALID,23.631906,VALID,Warning,WARN: High flow rate detected (Flood risk)
2026-07-01 01:00:00+00:00,18.9,VALID,5663.36,VALID,23.656290000000002,VALID,Warning,WARN: High flow rate detected (Flood risk)
2026-07-01 02:00:00+00:00,18.9,VALID,5840.34,VALID,23.648670000000003,VALID,Warning,WARN: High flow rate detected (Flood risk)
2026-07-01 03:00:00+00:00,18.8,VALID,5804.9439999999995,VALID,23.650194,VALID,Warning,WARN: High flow rate detected (Flood risk)
2026-07-01 04:00:00+00:00,18.8,VALID,5677.5184,VALID,23.656290000000002,VALID,Warning,WARN: High flow rate detected (Flood risk)
2026-07-01 05:00:00+00:00,18.7,VALID,5514.6968,VALID,23.678388,VALID,Warning,WARN: High flow rate detected (Flood risk)
2026-07-01 06:00:00+00:00,18.7,VALID,5380.192,VALID,23.641812,VALID,Warning,WARN: High flow rate detected (Flood risk)
2026-07-01 07:00:00+00:00,18.7,VALID,5281.0832,VALID,23.641050000000003,VALID,Warning,WARN: High flow rate detected (Flood risk)
2026-07-01 08:00:00+00:00,18.6,VALID,5040.3904,VALID,23.638002,VALID,Warning,WARN: High flow rate detected (Flood risk)
2026-07-01 09:00:00+00:00,18.6,VALID,5047.4696,VALID,23.658576000000004,VALID,Warning,WARN: High flow rate detected (Flood risk)
2026-07-01 10:00:00+00:00,18.6,VALID,5118.2616,VALID,23.647908,VALID,Warning,WARN: High flow rate detected (Flood risk)
2026-07-01 11:00:00+00:00,18.6,VALID,4997.9151999999995,VALID,23.711916000000002,VALID,Warning,WARN: High flow rate detected (Flood risk)
2026-07-01 12:00:00+00:00,18.6,VALID,4955.4400000000005,VALID,23.750778000000004,VALID,Warning,WARN: High flow rate detected (Flood risk)
2026-07-01 13:00:00+00:00,18.6,VALID,5167.816,VALID,23.751540000000002,VALID,Warning,WARN: High flow rate detected (Flood risk)
2026-07-01 14:00:00+00:00,18.7,VALID,5245.6872,VALID,23.750016000000002,VALID,Warning,WARN: High flow rate detected (Flood risk)
2026-07-01 15:00:00+00:00,18.7,VALID,5394.3504,VALID,23.777448,VALID,Warning,WARN: High flow rate detected (Flood risk)
2026-07-01 16:00:00+00:00,18.7,VALID,5550.0928,VALID,23.767542,VALID,Warning,WARN: High flow rate detected (Flood risk)
2026-07-01 17:00:00+00:00,18.7,VALID,5557.172,VALID,23.7744,VALID,Warning,WARN: High flow rate detected (Flood risk)
2026-07-01 18:00:00+00:00,18.7,VALID,5401.4296,VALID,23.796498,VALID,Warning,WARN: High flow rate detected (Flood risk)
2026-07-01 19:00:00+00:00,18.8,VALID,5210.2912,VALID,23.773638000000002,VALID,Warning,WARN: High flow rate detected (Flood risk)
2026-07-01 20:00:00+00:00,18.8,VALID,5118.2616,VALID,23.742396,VALID,Warning,WARN: High flow rate detected (Flood risk)
2026-07-01 21:00:00+00:00,18.8,VALID,4828.0144,VALID,23.753064000000002,VALID,Warning,WARN: High flow rate detected (Flood risk)
2026-07-01 22:00:00+00:00,18.8,VALID,4806.7768,VALID,23.753826000000004,VALID,Warning,WARN: High flow rate detected (Flood risk)
2026-07-01 23:00:00+00:00,18.8,VALID,4842.1728,VALID,23.737062,VALID,Warning,WARN: High flow rate detected (Flood risk)
2026-07-02 00:00:00+00:00,18.8,VALID,5111.1824,VALID,23.794974000000003,VALID,Warning,WARN: High flow rate detected (Flood risk)
2026-07-02 01:00:00+00:00,18.7,VALID,5288.1624,VALID,23.804118000000003,VALID,Warning,WARN: High flow rate detected (Flood risk)
2026-07-02 02:00:00+00:00,18.7,VALID,5174.8952,VALID,23.798784,VALID,Warning,WARN: High flow rate detected (Flood risk)
2026-07-02 03:00:00+00:00,18.6,VALID,5146.5784,VALID,23.771352,VALID,Warning,WARN: High flow rate detected (Flood risk)
2026-07-02 04:00:00+00:00,18.6,VALID,5351.8752,VALID,23.78583,VALID,Warning,WARN: High flow rate detected (Flood risk)
2026-07-02 05:00:00+00:00,18.6,VALID,5196.1328,VALID,23.745444,VALID,Warning,WARN: High flow rate detected (Flood risk)
2026-07-02 06:00:00+00:00,18.5,VALID,5387.271199999999,VALID,23.724108,VALID,Warning,WARN: High flow rate detected (Flood risk)
2026-07-02 07:00:00+00:00,18.5,VALID,4990.835999999999,VALID,23.6982,VALID,Warning,WARN: High flow rate detected (Flood risk)
2026-07-02 08:00:00+00:00,18.5,VALID,4601.48,VALID,23.673816000000002,VALID,Warning,WARN: High flow rate detected (Flood risk)
2026-07-02 09:00:00+00:00,18.5,VALID,4254.5992,VALID,23.64486,VALID,Warning,WARN: High flow rate detected (Flood risk)
2026-07-02 10:00:00+00:00,18.5,VALID,3914.7976,VALID,23.636478000000004,VALID,Warning,WARN: High flow rate detected (Flood risk)
2026-07-02 11:00:00+00:00,18.6,VALID,4134.2528,VALID,23.689818000000002,VALID,Warning,WARN: High flow rate detected (Flood risk)
2026-07-02 12:00:00+00:00,18.6,VALID,4566.084,VALID,23.715726000000004,VALID,Warning,WARN: High flow rate detected (Flood risk)
2026-07-02 13:00:00+00:00,18.6,VALID,3957.2727999999997,VALID,23.710392000000002,VALID,Warning,WARN: High flow rate detected (Flood risk)
2026-07-02 14:00:00+00:00,18.6,VALID,4105.936,VALID,23.720298000000003,VALID,Warning,WARN: High flow rate detected (Flood risk)
2026-07-02 15:00:00+00:00,18.6,VALID,4920.044,VALID,23.751540000000002,VALID,Warning,WARN: High flow rate detected (Flood risk)
2026-07-02 16:00:00+00:00,18.7,VALID,4870.4896,VALID,23.773638,VALID,Warning,WARN: High flow rate detected (Flood risk)
2026-07-02 17:00:00+00:00,18.7,VALID,4983.7568,VALID,23.775924,VALID,Warning,WARN: High flow rate detected (Flood risk)
2026-07-02 18:00:00+00:00,18.7,VALID,5012.0736,VALID,23.778972000000003,VALID,Warning,WARN: High flow rate detected (Flood risk)
2026-07-02 19:00:00+00:00,18.8,VALID,4898.8063999999995,VALID,23.780496,VALID,Warning,WARN: High flow rate detected (Flood risk)
2026-07-02 20:00:00+00:00,18.8,VALID,5012.0736,VALID,23.771352000000004,VALID,Warning,WARN: High flow rate detected (Flood risk)
2026-07-02 21:00:00+00:00,18.8,VALID,5012.0736,VALID,23.753064000000002,VALID,Warning,WARN: High flow rate detected (Flood risk)
2026-07-02 22:00:00+00:00,18.8,VALID,4920.044,VALID,23.74011,VALID,Warning,WARN: High flow rate detected (Flood risk)
2026-07-02 23:00:00+00:00,18.7,VALID,5174.8952,VALID,23.775162,VALID,Warning,WARN: High flow rate detected (Flood risk)
2026-07-03 00:00:00+00:00,18.7,VALID,5302.3208,VALID,23.824692,VALID,Warning,WARN: High flow rate detected (Flood risk)
2026-07-03 01:00:00+00:00,18.7,VALID,5620.8848,VALID,23.878794,VALID,Warning,WARN: High flow rate detected (Flood risk)
2026-07-03 02:00:00+00:00,18.7,VALID,5734.152,VALID,23.888700000000004,VALID,Warning,WARN: High flow rate detected (Flood risk)
2026-07-03 03:00:00+00:00,18.7,VALID,5712.9144,VALID,23.870412,VALID,Warning,WARN: High flow rate detected (Flood risk)
2026-07-03 04:00:00+00:00,18.6,VALID,5535.9344,VALID,23.868126000000004,VALID,Warning,WARN: High flow rate detected (Flood risk)
2026-07-03 05:00:00+00:00,18.6,VALID,5486.38,VALID,23.851362,VALID,Warning,WARN: High flow rate detected (Flood risk)
2026-07-03 06:00:00+00:00,18.6,VALID,5210.2912,VALID,23.782782,VALID,Warning,WARN: High flow rate detected (Flood risk)
2026-07-03 07:00:00+00:00,18.6,VALID,4651.0344000000005,VALID,23.696676,VALID,Warning,WARN: High flow rate detected (Flood risk)
2026-07-03 08:00:00+00:00,18.6,VALID,4459.896,VALID,23.695152,VALID,Warning,WARN: High flow rate detected (Flood risk)
2026-07-03 09:00:00+00:00,18.6,VALID,4389.104,VALID,23.754588,VALID,Warning,WARN: High flow rate detected (Flood risk)
2026-07-03 10:00:00+00:00,18.6,VALID,4587.3216,VALID,23.753064000000002,VALID,Warning,WARN: High flow rate detected (Flood risk)
2026-07-03 11:00:00+00:00,18.6,VALID,4091.7776000000003,VALID,23.711154,VALID,Warning,WARN: High flow rate detected (Flood risk)
2026-07-03 12:00:00+00:00,18.7,VALID,3928.956,VALID,23.706582,VALID,Warning,WARN: High flow rate detected (Flood risk)
2026-07-03 13:00:00+00:00,18.7,VALID,3737.8176000000003,VALID,23.716488000000002,VALID,Warning,WARN: High flow rate detected (Flood risk)
2026-07-03 14:00:00+00:00,18.7,VALID,4113.0152,VALID,23.712678,VALID,Warning,WARN: High flow rate detected (Flood risk)
2026-07-03 15:00:00+00:00,18.7,VALID,4084.6984,VALID,23.705820000000003,VALID,Warning,WARN: High flow rate detected (Flood risk)
2026-07-03 16:00:00+00:00,18.8,VALID,4544.8464,VALID,23.6982,VALID,Warning,WARN: High flow rate detected (Flood risk)
2026-07-03 17:00:00+00:00,18.8,VALID,4445.7376,VALID,23.69058,VALID,Warning,WARN: High flow rate detected (Flood risk)
2026-07-03 18:00:00+00:00,18.8,VALID,4459.896,VALID,23.677626,VALID,Warning,WARN: High flow rate detected (Flood risk)
2026-07-03 19:00:00+00:00,18.9,VALID,4764.3016,VALID,23.666196,VALID,Warning,WARN: High flow rate detected (Flood risk)
2026-07-03 20:00:00+00:00,18.9,VALID,4459.896,VALID,23.650194,VALID,Warning,WARN: High flow rate detected (Flood risk)
2026-07-03 21:00:00+00:00,18.9,VALID,4594.400799999999,VALID,23.64867,VALID,Warning,WARN: High flow rate detected (Flood risk)
2026-07-03 22:00:00+00:00,18.9,VALID,4190.8864,VALID,23.636478000000004,VALID,Warning,WARN: High flow rate detected (Flood risk)
2026-07-03 23:00:00+00:00,19.0,VALID,4134.2528,VALID,23.632668000000002,VALID,Warning,WARN: High flow rate detected (Flood risk)
2026-07-04 00:00:00+00:00,18.9,VALID,4219.2032,VALID,23.659338,VALID,Warning,WARN: High flow rate detected (Flood risk)
2026-07-04 01:00:00+00:00,18.9,VALID,4806.7768,VALID,23.744682,VALID,Warning,WARN: High flow rate detected (Flood risk)
2026-07-04 02:00:00+00:00,18.9,VALID,5472.2216,VALID,23.772876000000004,VALID,Warning,WARN: High flow rate detected (Flood risk)
2026-07-04 03:00:00+00:00,18.9,VALID,5259.845600000001,VALID,23.748492,VALID,Warning,WARN: High flow rate detected (Flood risk)
2026-07-04 04:00:00+00:00,18.9,VALID,4898.8063999999995,VALID,23.742396,VALID,Warning,WARN: High flow rate detected (Flood risk)
2026-07-04 05:00:00+00:00,18.8,VALID,5245.6872,VALID,23.769066000000002,VALID,Warning,WARN: High flow rate detected (Flood risk)
2026-07-04 06:00:00+00:00,18.8,VALID,5493.459199999999,VALID,23.782020000000003,VALID,Warning,WARN: High flow rate detected (Flood risk)
2026-07-04 07:00:00+00:00,18.8,VALID,5316.4792,VALID,23.768304,VALID,Warning,WARN: High flow rate detected (Flood risk)
2026-07-04 08:00:00+00:00,18.8,VALID,5472.2216,VALID,23.769066000000002,VALID,Warning,WARN: High flow rate detected (Flood risk)
2026-07-04 09:00:00+00:00,18.8,VALID,4764.3016,VALID,23.707344000000003,VALID,Warning,WARN: High flow rate detected (Flood risk)
2026-07-04 10:00:00+00:00,18.8,VALID,4105.936,VALID,23.673816000000002,VALID,Warning,WARN: High flow rate detected (Flood risk)
2026-07-04 11:00:00+00:00,18.8,VALID,4134.2528,VALID,23.657052,VALID,Warning,WARN: High flow rate detected (Flood risk)
2026-07-04 12:00:00+00:00,18.8,VALID,3674.1048,VALID,23.63724,VALID,Warning,WARN: High flow rate detected (Flood risk)
2026-07-04 13:00:00+00:00,18.9,VALID,3362.62,VALID,23.551134,VALID,Warning,WARN: High flow rate detected (Flood risk)
2026-07-04 14:00:00+00:00,18.9,VALID,3468.808,VALID,23.487126000000004,VALID,Warning,WARN: High flow rate detected (Flood risk)
2026-07-04 15:00:00+00:00,18.9,VALID,3844.0056,VALID,23.508462,VALID,Warning,WARN: High flow rate detected (Flood risk)
2026-07-04 16:00:00+00:00,19.0,VALID,4162.5696,VALID,23.513034,VALID,Warning,WARN: High flow rate detected (Flood risk)
2026-07-04 17:00:00+00:00,19.0,VALID,4240.4408,VALID,23.480268000000002,VALID,Warning,WARN: High flow rate detected (Flood risk)
2026-07-04 18:00:00+00:00,19.1,VALID,4651.0344,VALID,23.498556,VALID,Warning,WARN: High flow rate detected (Flood risk)
2026-07-04 19:00:00+00:00,19.1,VALID,4934.2024,VALID,23.50389,VALID,Warning,WARN: High flow rate detected (Flood risk)
2026-07-04 20:00:00+00:00,19.1,VALID,5097.024,VALID,23.482554,VALID,Warning,WARN: High flow rate detected (Flood risk)
2026-07-04 21:00:00+00:00,19.2,VALID,5075.7864,VALID,23.45436,VALID,Warning,WARN: High flow rate detected (Flood risk)
2026-07-04 22:00:00+00:00,19.2,VALID,4828.0144,VALID,23.459694000000002,VALID,Warning,WARN: High flow rate detected (Flood risk)
2026-07-04 23:00:00+00:00,19.2,VALID,4955.4400000000005,VALID,23.462742000000002,VALID,Warning,WARN: High flow rate detected (Flood risk)
2026-07-05 00:00:00+00:00,19.2,VALID,5026.232,VALID,23.455884,VALID,Warning,WARN: High flow rate detected (Flood risk)
2026-07-05 01:00:00+00:00,19.1,VALID,4757.2224,VALID,23.493983999999998,VALID,Warning,WARN: High flow rate detected (Flood risk)
2026-07-05 02:00:00+00:00,19.1,VALID,4325.3912,VALID,23.518368000000002,VALID,Warning,WARN: High flow rate detected (Flood risk)
2026-07-05 03:00:00+00:00,19.0,VALID,4105.936,VALID,23.520654,VALID,Warning,WARN: High flow rate detected (Flood risk)
2026-07-05 04:00:00+00:00,19.0,VALID,4028.0647999999997,VALID,23.465028,VALID,Warning,WARN: High flow rate detected (Flood risk)
2026-07-05 05:00:00+00:00,18.9,VALID,3928.956,VALID,23.462742000000002,VALID,Warning,WARN: High flow rate detected (Flood risk)
2026-07-05 06:00:00+00:00,18.9,VALID,4261.6784,VALID,23.475696000000003,VALID,Warning,WARN: High flow rate detected (Flood risk)
2026-07-05 07:00:00+00:00,18.9,VALID,4134.2528,VALID,23.437596000000003,VALID,Warning,WARN: High flow rate detected (Flood risk)
2026-07-05 08:00:00+00:00,18.9,VALID,4197.9655999999995,VALID,23.429214,VALID,Warning,WARN: High flow rate detected (Flood risk)
2026-07-05 09:00:00+00:00,18.9,VALID,4084.6984,VALID,23.433786,VALID,Warning,WARN: High flow rate detected (Flood risk)
2026-07-05 10:00:00+00:00,18.9,VALID,3759.0552,VALID,23.446740000000002,VALID,Warning,WARN: High flow rate detected (Flood risk)
2026-07-05 11:00:00+00:00,18.9,VALID,3560.8376,VALID,23.426166000000002,VALID,Warning,WARN: High flow rate detected (Flood risk)
2026-07-05 12:00:00+00:00,18.9,VALID,3730.7384,VALID,23.423118000000002,VALID,Warning,WARN: High flow rate detected (Flood risk)
2026-07-05 13:00:00+00:00,18.8,VALID,3723.6592,VALID,23.410164,VALID,Warning,WARN: High flow rate detected (Flood risk)
2026-07-05 14:00:00+00:00,18.9,VALID,3539.6,VALID,23.39721,VALID,Warning,WARN: High flow rate detected (Flood risk)
2026-07-05 15:00:00+00:00,18.9,VALID,3029.8976,VALID,23.389590000000002,VALID,Warning,WARN: High flow rate detected (Flood risk)
2026-07-05 16:00:00+00:00,19.0,VALID,3058.2144,VALID,23.378922000000003,VALID,Warning,WARN: High flow rate detected (Flood risk)
2026-07-05 17:00:00+00:00,19.0,VALID,3284.7488,VALID,23.364444000000002,VALID,Warning,WARN: High flow rate detected (Flood risk)
2026-07-05 18:00:00+00:00,19.1,VALID,3482.9664,VALID,23.357586,VALID,Warning,WARN: High flow rate detected (Flood risk)
2026-07-05 19:00:00+00:00,19.1,VALID,3936.0352000000003,VALID,23.410926000000003,VALID,Warning,WARN: High flow rate detected (Flood risk)
2026-07-05 20:00:00+00:00,19.2,VALID,4162.5696,VALID,23.441406,VALID,Warning,WARN: High flow rate detected (Flood risk)
2026-07-05 21:00:00+00:00,19.2,VALID,4247.5199999999995,VALID,23.439120000000003,VALID,Warning,WARN: High flow rate detected (Flood risk)
2026-07-05 22:00:00+00:00,19.3,VALID,4417.4208,VALID,23.451312,VALID,Warning,WARN: High flow rate detected (Flood risk)
2026-07-05 23:00:00+00:00,19.3,VALID,4580.2424,VALID,23.510748,VALID,Warning,WARN: High flow rate detected (Flood risk)
2026-07-06 00:00:00+00:00,19.3,VALID,4658.1136,VALID,23.524464000000002,VALID,Warning,WARN: High flow rate detected (Flood risk)
2026-07-06 01:00:00+00:00,19.2,VALID,4481.1336,VALID,23.523702,VALID,Warning,WARN: High flow rate detected (Flood risk)
2026-07-06 02:00:00+00:00,19.2,VALID,4311.2328,VALID,23.53056,VALID,Warning,WARN: High flow rate detected (Flood risk)
2026-07-06 03:00:00+00:00,19.1,VALID,4042.2232,VALID,23.552658,VALID,Warning,WARN: High flow rate detected (Flood risk)
2026-07-06 04:00:00+00:00,19.1,VALID,3822.768,VALID,23.555706,VALID,Warning,WARN: High flow rate detected (Flood risk)
2026-07-06 05:00:00+00:00,19.1,VALID,4311.2328,VALID,23.567898,VALID,Warning,WARN: High flow rate detected (Flood risk)
2026-07-06 06:00:00+00:00,19.0,VALID,4516.5296,VALID,23.555706,VALID,Warning,WARN: High flow rate detected (Flood risk)
2026-07-06 07:00:00+00:00,19.0,VALID,4573.1632,VALID,23.557992000000002,VALID,Warning,WARN: High flow rate detected (Flood risk)
2026-07-06 08:00:00+00:00,19.0,VALID,4566.084,VALID,23.5458,VALID,Warning,WARN: High flow rate detected (Flood risk)
2026-07-06 09:00:00+00:00,19.0,VALID,4219.2032,VALID,23.552658,VALID,Warning,WARN: High flow rate detected (Flood risk)
2026-07-06 10:00:00+00:00,19.0,VALID,4304.1536,VALID,23.537418000000002,VALID,Warning,WARN: High flow rate detected (Flood risk)
2026-07-06 11:00:00+00:00,19.0,VALID,4197.9655999999995,VALID,23.531322000000003,VALID,Warning,WARN: High flow rate detected (Flood risk)
2026-07-06 12:00:00+00:00,19.0,VALID,3971.4312,VALID,23.516844000000003,VALID,Warning,WARN: High flow rate detected (Flood risk)
2026-07-06 13:00:00+00:00,19.0,VALID,3645.788,VALID,23.509986,VALID,Warning,WARN: High flow rate detected (Flood risk)
2026-07-06 14:00:00+00:00,19.0,VALID,3426.3328,VALID,23.498556,VALID,Warning,WARN: High flow rate detected (Flood risk)
2026-07-06 15:00:00+00:00,19.0,VALID,3412.1744,VALID,23.482554,VALID,Warning,WARN: High flow rate detected (Flood risk)
2026-07-06 16:00:00+00:00,19.1,VALID,3136.0856,VALID,23.468838,VALID,Warning,WARN: High flow rate detected (Flood risk)
2026-07-06 17:00:00+00:00,19.2,VALID,3206.8776,VALID,23.462742000000002,VALID,Warning,WARN: High flow rate detected (Flood risk)
2026-07-06 18:00:00+00:00,19.2,VALID,3206.8776,VALID,23.461980000000004,VALID,Warning,WARN: High flow rate detected (Flood risk)
2026-07-06 19:00:00+00:00,19.3,VALID,3808.6096,VALID,23.515320000000003,VALID,Warning,WARN: High flow rate detected (Flood risk)
2026-07-06 20:00:00+00:00,19.3,VALID,4474.0544,VALID,23.541228,VALID,Warning,WARN: High flow rate detected (Flood risk)
2026-07-06 21:00:00+00:00,19.3,VALID,4658.113600000001,VALID,23.555706,VALID,Warning,WARN: High flow rate detected (Flood risk)
2026-07-06 22:00:00+00:00,19.4,VALID,4629.7968,VALID,23.560278,VALID,Warning,WARN: High flow rate detected (Flood risk)
2026-07-06 23:00:00+00:00,19.4,VALID,4863.4104,VALID,23.594568000000002,VALID,Warning,WARN: High flow rate detected (Flood risk)
2026-07-07 00:00:00+00:00,19.3,VALID,5132.42,VALID,23.631144,VALID,Warning,WARN: High flow rate detected (Flood risk)
2026-07-07 01:00:00+00:00,19.3,VALID,4665.192800000001,VALID,23.611332,VALID,Warning,WARN: High flow rate detected (Flood risk)
2026-07-07 02:00:00+00:00,19.3,VALID,4877.5688,VALID,23.608284,VALID,Warning,WARN: High flow rate detected (Flood risk)
2026-07-07 03:00:00+00:00,19.2,VALID,4509.4504,VALID,23.60676,VALID,Warning,WARN: High flow rate detected (Flood risk)
2026-07-07 04:00:00+00:00,19.2,VALID,4969.5984,VALID,23.604474000000003,VALID,Warning,WARN: High flow rate detected (Flood risk)
2026-07-07 05:00:00+00:00,19.2,VALID,5033.3112,VALID,23.604474000000003,VALID,Warning,WARN: High flow rate detected (Flood risk)
2026-07-07 06:00:00+00:00,19.1,VALID,5097.023999999999,VALID,23.613618000000002,VALID,Warning,WARN: High flow rate detected (Flood risk)
2026-07-07 07:00:00+00:00,19.1,VALID,4828.0144,VALID,23.535894000000003,VALID,Warning,WARN: High flow rate detected (Flood risk)
2026-07-07 08:00:00+00:00,19.1,VALID,4169.6488,VALID,23.451312,VALID,Warning,WARN: High flow rate detected (Flood risk)
2026-07-07 09:00:00+00:00,19.1,VALID,4049.3024,VALID,23.459694,VALID,Warning,WARN: High flow rate detected (Flood risk)
2026-07-07 10:00:00+00:00,19.1,VALID,3964.352,VALID,23.507700000000003,VALID,Warning,WARN: High flow rate detected (Flood risk)
2026-07-07 11:00:00+00:00,19.1,VALID,4042.2232,VALID,23.482554,VALID,Warning,WARN: High flow rate detected (Flood risk)
2026-07-07 12:00:00+00:00,19.1,VALID,3879.4016,VALID,23.494746,VALID,Warning,WARN: High flow rate detected (Flood risk)
2026-07-07 13:00:00+00:00,19.1,VALID,3667.0256,VALID,23.508462,VALID,Warning,WARN: High flow rate detected (Flood risk)
2026-07-07 14:00:00+00:00,19.2,VALID,3659.9464,VALID,23.509986,VALID,Warning,WARN: High flow rate detected (Flood risk)
2026-07-07 15:00:00+00:00,19.2,VALID,3759.0552000000002,VALID,23.509986,VALID,Warning,WARN: High flow rate detected (Flood risk)
2026-07-07 16:00:00+00:00,19.2,VALID,3652.8671999999997,VALID,23.525988,VALID,Warning,WARN: High flow rate detected (Flood risk)
2026-07-07 17:00:00+00:00,19.3,VALID,3553.7583999999997,VALID,23.529798,VALID,Warning,WARN: High flow rate detected (Flood risk)
2026-07-07 18:00:00+00:00,19.3,VALID,4679.3512,VALID,23.542752,VALID,Warning,WARN: High flow rate detected (Flood risk)
2026-07-07 19:00:00+00:00,19.4,VALID,4665.1928,VALID,23.551134,VALID,Warning,WARN: High flow rate detected (Flood risk)
2026-07-07 20:00:00+00:00,19.4,VALID,4905.8856,VALID,23.563326000000004,VALID,Warning,WARN: High flow rate detected (Flood risk)
2026-07-07 21:00:00+00:00,19.4,VALID,5132.42,VALID,23.599902,VALID,Warning,WARN: High flow rate detected (Flood risk)
2026-07-07 22:00:00+00:00,19.5,VALID,5217.3704,VALID,23.654766000000002,VALID,Warning,WARN: High flow rate detected (Flood risk)
2026-07-07 23:00:00+00:00,19.5,VALID,5429.7464,VALID,23.713440000000002,VALID,Warning,WARN: High flow rate detected (Flood risk)
2026-07-08 00:00:00+00:00,19.5,VALID,5663.36,VALID,23.748492,VALID,Warning,WARN: High flow rate detected (Flood risk)
2026-07-08 01:00:00+00:00,19.5,VALID,5989.003199999999,VALID,23.810976,VALID,Warning,WARN: High flow rate detected (Flood risk)
2026-07-08 02:00:00+00:00,19.4,VALID,6095.1912,VALID,23.840694000000003,VALID,Warning,WARN: High flow rate detected (Flood risk)
2026-07-08 03:00:00+00:00,19.4,VALID,5649.2016,VALID,23.783544000000003,VALID,Warning,WARN: High flow rate detected (Flood risk)
2026-07-08 04:00:00+00:00,19.4,VALID,5047.4696,VALID,23.670768000000002,VALID,Warning,WARN: High flow rate detected (Flood risk)
2026-07-08 05:00:00+00:00,19.3,VALID,4686.4304,VALID,23.58771,VALID,Warning,WARN: High flow rate detected (Flood risk)
2026-07-08 06:00:00+00:00,19.3,VALID,4495.292,VALID,23.533608,VALID,Warning,WARN: High flow rate detected (Flood risk)
2026-07-08 07:00:00+00:00,19.3,VALID,4544.8464,VALID,23.503128,VALID,Warning,WARN: High flow rate detected (Flood risk)
2026-07-08 08:00:00+00:00,19.3,VALID,4466.9752,VALID,23.503128,VALID,Warning,WARN: High flow rate detected (Flood risk)
2026-07-08 09:00:00+00:00,19.3,VALID,4261.6784,VALID,23.468076,VALID,Warning,WARN: High flow rate detected (Flood risk)
2026-07-08 10:00:00+00:00,19.3,VALID,4247.52,VALID,23.490174000000003,VALID,Warning,WARN: High flow rate detected (Flood risk)
2026-07-08 11:00:00+00:00,19.3,VALID,4318.312,VALID,23.486364000000002,VALID,Warning,WARN: High flow rate detected (Flood risk)
2026-07-08 12:00:00+00:00,19.3,VALID,3794.4512,VALID,23.480268000000002,VALID,Warning,WARN: High flow rate detected (Flood risk)
2026-07-08 13:00:00+00:00,19.3,VALID,3716.58,VALID,23.459694,VALID,Warning,WARN: High flow rate detected (Flood risk)
2026-07-08 14:00:00+00:00,19.3,VALID,4502.3712,VALID,23.439120000000003,VALID,Warning,WARN: High flow rate detected (Flood risk)
2026-07-08 15:00:00+00:00,19.3,VALID,4431.5792,VALID,23.438358,VALID,Warning,WARN: High flow rate detected (Flood risk)
2026-07-08 16:00:00+00:00,19.4,VALID,4332.4704,VALID,23.426928,VALID,Warning,WARN: High flow rate detected (Flood risk)
2026-07-08 17:00:00+00:00,19.4,VALID,4452.8168000000005,VALID,23.419308,VALID,Warning,WARN: High flow rate detected (Flood risk)
2026-07-08 18:00:00+00:00,19.4,VALID,4289.995199999999,VALID,23.401020000000003,VALID,Warning,WARN: High flow rate detected (Flood risk)
2026-07-08 19:00:00+00:00,19.5,VALID,4367.8664,VALID,23.396448,VALID,Warning,WARN: High flow rate detected (Flood risk)
2026-07-08 20:00:00+00:00,19.6,VALID,4424.5,VALID,23.388066000000002,VALID,Warning,WARN: High flow rate detected (Flood risk)
2026-07-08 21:00:00+00:00,19.6,VALID,4452.8168000000005,VALID,23.376636,VALID,Warning,WARN: High flow rate detected (Flood risk)
2026-07-08 22:00:00+00:00,19.6,VALID,4268.7576,VALID,23.362920000000003,VALID,Warning,WARN: High flow rate detected (Flood risk)
2026-07-08 23:00:00+00:00,19.6,VALID,4141.332,VALID,23.406354,VALID,Warning,WARN: High flow rate detected (Flood risk)
2026-07-09 00:00:00+00:00,19.6,VALID,4424.5,VALID,23.493984,VALID,Warning,WARN: High flow rate detected (Flood risk)
2026-07-09 01:00:00+00:00,19.6,VALID,4707.668,VALID,23.521416000000002,VALID,Warning,WARN: High flow rate detected (Flood risk)
2026-07-09 02:00:00+00:00,19.5,VALID,4410.3416,VALID,23.525988,VALID,Warning,WARN: High flow rate detected (Flood risk)
2026-07-09 03:00:00+00:00,19.5,VALID,3851.0847999999996,VALID,23.502366,VALID,Warning,WARN: High flow rate detected (Flood risk)
2026-07-09 04:00:00+00:00,19.4,VALID,3426.3328,VALID,23.508462,VALID,Warning,WARN: High flow rate detected (Flood risk)
2026-07-09 05:00:00+00:00,19.4,VALID,3334.3032,VALID,23.468076000000003,VALID,Warning,WARN: High flow rate detected (Flood risk)
2026-07-09 06:00:00+00:00,19.3,VALID,3702.4215999999997,VALID,23.493984,VALID,Warning,WARN: High flow rate detected (Flood risk)
2026-07-09 07:00:00+00:00,19.3,VALID,3907.7183999999997,VALID,23.45055,VALID,Warning,WARN: High flow rate detected (Flood risk)
2026-07-09 08:00:00+00:00,19.2,VALID,3808.6096,VALID,23.447502,VALID,Warning,WARN: High flow rate detected (Flood risk)
2026-07-09 09:00:00+00:00,19.2,VALID,3702.4216,VALID,23.426928,VALID,Warning,WARN: High flow rate detected (Flood risk)
2026-07-09 10:00:00+00:00,19.1,VALID,3497.1248,VALID,23.424642000000002,VALID,Warning,WARN: High flow rate detected (Flood risk)
2026-07-09 11:00:00+00:00,19.1,VALID,3482.9664000000002,VALID,23.404068000000002,VALID,Warning,WARN: High flow rate detected (Flood risk)
2026-07-09 12:00:00+00:00,19.1,VALID,3235.1944,VALID,23.388828,VALID,Warning,WARN: High flow rate detected (Flood risk)
2026-07-09 13:00:00+00:00,19.1,VALID,3001.5807999999997,VALID,23.365206,VALID,Warning,WARN: High flow rate detected (Flood risk)
2026-07-09 14:00:00+00:00,19.0,VALID,2850.79384,VALID,23.34768,VALID,Warning,WARN: High flow rate detected (Flood risk)
2026-07-09 15:00:00+00:00,19.0,VALID,3249.3528,VALID,23.326344000000002,VALID,Warning,WARN: High flow rate detected (Flood risk)
2026-07-09 16:00:00+00:00,19.1,VALID,3454.6495999999997,VALID,23.307294,VALID,Warning,WARN: High flow rate detected (Flood risk)
2026-07-09 17:00:00+00:00,19.1,VALID,3751.976,VALID,23.277576,VALID,Warning,WARN: High flow rate detected (Flood risk)
2026-07-09 18:00:00+00:00,19.2,VALID,4013.9064,VALID,23.262336,VALID,Warning,WARN: High flow rate detected (Flood risk)
2026-07-09 19:00:00+00:00,19.2,VALID,4091.7776,VALID,23.249382,VALID,Warning,WARN: High flow rate detected (Flood risk)
2026-07-09 20:00:00+00:00,19.3,VALID,4077.6192,VALID,23.228046000000003,VALID,Warning,WARN: High flow rate detected (Flood risk)
2026-07-09 21:00:00+00:00,19.4,VALID,4353.708,VALID,23.244048,VALID,Warning,WARN: High flow rate detected (Flood risk)
2026-07-09 22:00:00+00:00,19.4,VALID,4240.4408,VALID,23.254716000000002,VALID,Warning,WARN: High flow rate detected (Flood risk)
2026-07-09 23:00:00+00:00,19.4,VALID,4601.48,VALID,23.330916000000002,VALID,Warning,WARN: High flow rate detected (Flood risk)
2026-07-10 00:00:00+00:00,19.5,VALID,5061.628,VALID,23.391876,VALID,Warning,WARN: High flow rate detected (Flood risk)
2026-07-10 01:00:00+00:00,19.5,VALID,5528.8552,VALID,23.491698,VALID,Warning,WARN: High flow rate detected (Flood risk)
2026-07-10 02:00:00+00:00,19.5,VALID,5252.7664,VALID,23.539704,VALID,Warning,WARN: High flow rate detected (Flood risk)
2026-07-10 03:00:00+00:00,19.5,VALID,4523.6088,VALID,23.567898,VALID,Warning,WARN: High flow rate detected (Flood risk)
2026-07-10 04:00:00+00:00,19.4,VALID,4438.6584,VALID,23.596092000000002,VALID,Warning,WARN: High flow rate detected (Flood risk)
2026-07-10 05:00:00+00:00,19.4,VALID,4311.2328,VALID,23.597616000000002,VALID,Warning,WARN: High flow rate detected (Flood risk)
2026-07-10 06:00:00+00:00,19.4,VALID,4176.728,VALID,23.554944000000003,VALID,Warning,WARN: High flow rate detected (Flood risk)
2026-07-10 07:00:00+00:00,19.4,VALID,3638.7088,VALID,23.547324000000003,VALID,Warning,WARN: High flow rate detected (Flood risk)
2026-07-10 08:00:00+00:00,19.4,VALID,3851.0848,VALID,23.581614000000002,VALID,Warning,WARN: High flow rate detected (Flood risk)
2026-07-10 09:00:00+00:00,19.3,VALID,3659.9464,VALID,23.583138,VALID,Warning,WARN: High flow rate detected (Flood risk)
2026-07-10 10:00:00+00:00,19.3,VALID,3829.8472,VALID,23.567898,VALID,Warning,WARN: High flow rate detected (Flood risk)
2026-07-10 11:00:00+00:00,19.3,VALID,4042.2232,VALID,23.569422,VALID,Warning,WARN: High flow rate detected (Flood risk)
2026-07-10 12:00:00+00:00,19.3,VALID,3759.0552,VALID,23.659338,VALID,Warning,WARN: High flow rate detected (Flood risk)
2026-07-10 13:00:00+00:00,19.3,VALID,4282.916,VALID,23.77821,VALID,Warning,WARN: High flow rate detected (Flood risk)
2026-07-10 14:00:00+00:00,19.3,VALID,4162.5696,VALID,23.79345,VALID,Warning,WARN: High flow rate detected (Flood risk)
2026-07-10 15:00:00+00:00,19.4,VALID,3794.4512,VALID,23.710392000000002,VALID,Warning,WARN: High flow rate detected (Flood risk)
2026-07-10 16:00:00+00:00,19.4,VALID,3539.6,VALID,23.657814000000002,VALID,Warning,WARN: High flow rate detected (Flood risk)
2026-07-10 17:00:00+00:00,19.5,VALID,3921.8768,VALID,23.665434,VALID,Warning,WARN: High flow rate detected (Flood risk)
2026-07-10 18:00:00+00:00,19.6,VALID,4084.6984,VALID,23.662386,VALID,Warning,WARN: High flow rate detected (Flood risk)
2026-07-10 19:00:00+00:00,19.6,VALID,4445.7376,VALID,23.620476,VALID,Warning,WARN: High flow rate detected (Flood risk)
2026-07-10 20:00:00+00:00,19.7,VALID,4417.4208,VALID,23.565612,VALID,Warning,WARN: High flow rate detected (Flood risk)
2026-07-10 21:00:00+00:00,19.7,VALID,4566.084,VALID,23.551896000000003,VALID,Warning,WARN: High flow rate detected (Flood risk)
2026-07-10 22:00:00+00:00,19.8,VALID,4360.787200000001,VALID,23.596092000000002,VALID,Warning,WARN: High flow rate detected (Flood risk)
2026-07-10 23:00:00+00:00,19.8,VALID,4665.1928,VALID,23.608284,VALID,Warning,WARN: High flow rate detected (Flood risk)
2026-07-11 00:00:00+00:00,19.8,VALID,4559.0048,VALID,23.600664000000002,VALID,Warning,WARN: High flow rate detected (Flood risk)
2026-07-11 01:00:00+00:00,19.8,VALID,4049.3024,VALID,23.589996000000003,VALID,Warning,WARN: High flow rate detected (Flood risk)
2026-07-11 02:00:00+00:00,19.8,VALID,3610.392,VALID,23.583138,VALID,Warning,WARN: High flow rate detected (Flood risk)
2026-07-11 03:00:00+00:00,19.7,VALID,3482.9664000000002,VALID,23.57628,VALID,Warning,WARN: High flow rate detected (Flood risk)
2026-07-11 04:00:00+00:00,19.7,VALID,3574.996,VALID,23.562564000000002,VALID,Warning,WARN: High flow rate detected (Flood risk)
2026-07-11 05:00:00+00:00,19.6,VALID,3270.5904,VALID,23.51913,VALID,Warning,WARN: High flow rate detected (Flood risk)
2026-07-11 06:00:00+00:00,19.6,VALID,3511.2832,VALID,23.49246,VALID,Warning,WARN: High flow rate detected (Flood risk)
2026-07-11 07:00:00+00:00,19.6,VALID,3751.976,VALID,23.500842,VALID,Warning,WARN: High flow rate detected (Flood risk)
2026-07-11 08:00:00+00:00,19.6,VALID,3759.0552,VALID,23.504652,VALID,Warning,WARN: High flow rate detected (Flood risk)
2026-07-11 09:00:00+00:00,19.5,VALID,3787.372,VALID,23.509986,VALID,Warning,WARN: High flow rate detected (Flood risk)
2026-07-11 10:00:00+00:00,19.5,VALID,3978.5104,VALID,23.503890000000002,VALID,Warning,WARN: High flow rate detected (Flood risk)
2026-07-11 11:00:00+00:00,19.5,VALID,4013.9064,VALID,23.499318000000002,VALID,Warning,WARN: High flow rate detected (Flood risk)
2026-07-11 12:00:00+00:00,19.5,VALID,3596.2336,VALID,23.484078000000004,VALID,Warning,WARN: High flow rate detected (Flood risk)
2026-07-11 13:00:00+00:00,19.5,VALID,3808.6096,VALID,23.5077,VALID,Warning,WARN: High flow rate detected (Flood risk)
2026-07-11 14:00:00+00:00,19.5,VALID,3907.7183999999997,VALID,23.499318000000002,VALID,Warning,WARN: High flow rate detected (Flood risk)
2026-07-11 15:00:00+00:00,19.6,VALID,4120.0944,VALID,23.491698,VALID,Warning,WARN: High flow rate detected (Flood risk)
2026-07-11 16:00:00+00:00,19.6,VALID,4275.8368,VALID,23.491698,VALID,Warning,WARN: High flow rate detected (Flood risk)
2026-07-11 17:00:00+00:00,19.6,VALID,4339.5496,VALID,23.495508,VALID,Warning,WARN: High flow rate detected (Flood risk)
2026-07-11 18:00:00+00:00,19.7,VALID,4226.2824,VALID,23.48865,VALID,Warning,WARN: High flow rate detected (Flood risk)
2026-07-11 19:00:00+00:00,19.8,VALID,4304.1536,VALID,23.494746,VALID,Warning,WARN: High flow rate detected (Flood risk)
2026-07-11 20:00:00+00:00,19.8,VALID,4141.332,VALID,23.493222,VALID,Warning,WARN: High flow rate detected (Flood risk)
2026-07-11 21:00:00+00:00,19.9,VALID,4452.8168,VALID,23.493222000000003,VALID,Warning,WARN: High flow rate detected (Flood risk)
2026-07-11 22:00:00+00:00,19.9,VALID,4325.3912,VALID,23.49246,VALID,Warning,WARN: High flow rate detected (Flood risk)
2026-07-11 23:00:00+00:00,20.0,VALID,4417.4208,VALID,23.517606,VALID,Warning,WARN: High flow rate detected (Flood risk)
2026-07-12 00:00:00+00:00,20.0,VALID,4410.3416,VALID,23.532846,VALID,Warning,WARN: High flow rate detected (Flood risk)
2026-07-12 01:00:00+00:00,20.0,VALID,4318.312,VALID,23.535132,VALID,Warning,WARN: High flow rate detected (Flood risk)
2026-07-12 02:00:00+00:00,20.0,VALID,4275.836799999999,VALID,23.539704,VALID,Warning,WARN: High flow rate detected (Flood risk)
2026-07-12 03:00:00+00:00,20.0,VALID,4410.3416,VALID,23.55723,VALID,Warning,WARN: High flow rate detected (Flood risk)
2026-07-12 04:00:00+00:00,19.9,VALID,4282.916,VALID,23.535894,VALID,Warning,WARN: High flow rate detected (Flood risk)
2026-07-12 05:00:00+00:00,19.9,VALID,4127.1736,VALID,23.542752,VALID,Warning,WARN: High flow rate detected (Flood risk)
2026-07-12 06:00:00+00:00,19.8,VALID,4084.6984,VALID,23.548848000000003,VALID,Warning,WARN: High flow rate detected (Flood risk)
2026-07-12 07:00:00+00:00,19.8,VALID,4077.6192,VALID,23.49246,VALID,Warning,WARN: High flow rate detected (Flood risk)
2026-07-12 08:00:00+00:00,19.8,VALID,4105.936,VALID,23.477220000000003,VALID,Warning,WARN: High flow rate detected (Flood risk)
2026-07-12 09:00:00+00:00,19.8,VALID,3893.56,VALID,23.493984,VALID,Warning,WARN: High flow rate detected (Flood risk)
2026-07-12 10:00:00+00:00,19.7,VALID,3808.6096,VALID,23.444454,VALID,Warning,WARN: High flow rate detected (Flood risk)
2026-07-12 11:00:00+00:00,19.7,VALID,3851.0848,VALID,23.404068000000002,VALID,Warning,WARN: High flow rate detected (Flood risk)
2026-07-12 12:00:00+00:00,19.7,VALID,3709.5008,VALID,23.380446000000003,VALID,Warning,WARN: High flow rate detected (Flood risk)
2026-07-12 13:00:00+00:00,19.7,VALID,3199.7984,VALID,23.37435,VALID,Warning,WARN: High flow rate detected (Flood risk)
2026-07-12 14:00:00+00:00,19.7,VALID,3192.7192,VALID,23.337774000000003,VALID,Warning,WARN: High flow rate detected (Flood risk)
2026-07-12 15:00:00+00:00,19.7,VALID,3249.3527999999997,VALID,23.342346,VALID,Warning,WARN: High flow rate detected (Flood risk)
2026-07-12 16:00:00+00:00,19.7,VALID,3574.996,VALID,23.340822000000003,VALID,Warning,WARN: High flow rate detected (Flood risk)
2026-07-12 17:00:00+00:00,19.8,VALID,3525.4416,VALID,23.315676,VALID,Warning,WARN: High flow rate detected (Flood risk)
2026-07-12 18:00:00+00:00,19.8,VALID,3178.5607999999997,VALID,23.295864,VALID,Warning,WARN: High flow rate detected (Flood risk)
2026-07-12 19:00:00+00:00,19.9,VALID,3419.2536,VALID,23.278338,VALID,Warning,WARN: High flow rate detected (Flood risk)
2026-07-12 20:00:00+00:00,20.0,VALID,2902.4719999999998,VALID,23.262336,VALID,Warning,WARN: High flow rate detected (Flood risk)
2026-07-12 21:00:00+00:00,20.0,VALID,2906.0116,VALID,23.244048000000003,VALID,Warning,WARN: High flow rate detected (Flood risk)
2026-07-12 22:00:00+00:00,20.0,VALID,3518.3624,VALID,23.231094000000002,VALID,Warning,WARN: High flow rate detected (Flood risk)
2026-07-12 23:00:00+00:00,20.1,VALID,3468.808,VALID,23.270718000000002,VALID,Warning,WARN: High flow rate detected (Flood risk)
2026-07-13 00:00:00+00:00,20.1,VALID,3829.8472,VALID,23.326344000000002,VALID,Warning,WARN: High flow rate detected (Flood risk)
2026-07-13 01:00:00+00:00,20.1,VALID,4028.0648,VALID,23.350728,VALID,Warning,WARN: High flow rate detected (Flood risk)
2026-07-13 02:00:00+00:00,20.1,VALID,3921.8768,VALID,23.36673,VALID,Warning,WARN: High flow rate detected (Flood risk)
2026-07-13 03:00:00+00:00,20.1,VALID,3950.1936,VALID,23.40102,VALID,Warning,WARN: High flow rate detected (Flood risk)
2026-07-13 04:00:00+00:00,20.0,VALID,4190.886399999999,VALID,23.423118000000002,VALID,Warning,WARN: High flow rate detected (Flood risk)
2026-07-13 05:00:00+00:00,20.0,VALID,3681.184,VALID,23.354538,VALID,Warning,WARN: High flow rate detected (Flood risk)
2026-07-13 06:00:00+00:00,20.0,VALID,3553.7583999999997,VALID,23.322534,VALID,Warning,WARN: High flow rate detected (Flood risk)
2026-07-13 07:00:00+00:00,19.9,VALID,3610.392,VALID,23.32863,VALID,Warning,WARN: High flow rate detected (Flood risk)
2026-07-13 08:00:00+00:00,19.9,VALID,3447.5703999999996,VALID,23.344632,VALID,Warning,WARN: High flow rate detected (Flood risk)
2026-07-13 09:00:00+00:00,19.9,VALID,3546.6792,VALID,23.293578,VALID,Warning,WARN: High flow rate detected (Flood risk)
2026-07-13 10:00:00+00:00,19.8,VALID,3490.0456,VALID,23.284434,VALID,Warning,WARN: High flow rate detected (Flood risk)
2026-07-13 11:00:00+00:00,19.8,VALID,3454.6495999999997,VALID,23.270718000000002,VALID,Warning,WARN: High flow rate detected (Flood risk)
2026-07-13 12:00:00+00:00,19.8,VALID,3121.9272,VALID,23.253954,VALID,Warning,WARN: High flow rate detected (Flood risk)
2026-07-13 13:00:00+00:00,19.8,VALID,2987.4224,VALID,23.227284,VALID,Warning,WARN: High flow rate detected (Flood risk)
2026-07-13 14:00:00+00:00,19.8,VALID,2818.22952,VALID,23.238714,VALID,Warning,WARN: High flow rate detected (Flood risk)
2026-07-13 15:00:00+00:00,19.8,VALID,2667.44256,VALID,23.228046,VALID,Warning,WARN: High flow rate detected (Flood risk)
2026-07-13 16:00:00+00:00,19.8,VALID,2775.75432,VALID,23.212806,VALID,Warning,WARN: High flow rate detected (Flood risk)
2026-07-13 17:00:00+00:00,19.9,VALID,2689.3880799999997,VALID,23.18004,VALID,Warning,WARN: High flow rate detected (Flood risk)
2026-07-13 18:00:00+00:00,20.0,VALID,3277.6696,VALID,23.20671,VALID,Warning,WARN: High flow rate detected (Flood risk)
2026-07-13 19:00:00+00:00,20.0,VALID,3638.7088,VALID,23.217378000000004,VALID,Warning,WARN: High flow rate detected (Flood risk)
2026-07-13 20:00:00+00:00,20.0,VALID,3858.1639999999998,VALID,23.209758,VALID,Warning,WARN: High flow rate detected (Flood risk)
2026-07-13 21:00:00+00:00,20.1,VALID,4035.1440000000002,VALID,23.215092000000002,VALID,Warning,WARN: High flow rate detected (Flood risk)
2026-07-13 22:00:00+00:00,20.2,VALID,3950.1936,VALID,23.22576,VALID,Warning,WARN: High flow rate detected (Flood risk)
2026-07-13 23:00:00+00:00,20.2,VALID,3872.3224,VALID,23.230332,VALID,Warning,WARN: High flow rate detected (Flood risk)
2026-07-14 00:00:00+00:00,20.3,VALID,4091.7776,VALID,23.237190000000002,VALID,Warning,WARN: High flow rate detected (Flood risk)
2026-07-14 01:00:00+00:00,20.3,VALID,4226.2824,VALID,23.293578,VALID,Warning,WARN: High flow rate detected (Flood risk)
2026-07-14 02:00:00+00:00,20.3,VALID,4219.2032,VALID,23.323296,VALID,Warning,WARN: High flow rate detected (Flood risk)
2026-07-14 03:00:00+00:00,20.3,VALID,3808.6096,VALID,23.337774,VALID,Warning,WARN: High flow rate detected (Flood risk)
2026-07-14 04:00:00+00:00,20.3,VALID,4056.3815999999997,VALID,23.342346,VALID,Warning,WARN: High flow rate detected (Flood risk)
2026-07-14 05:00:00+00:00,20.3,VALID,3950.1936,VALID,23.380446000000003,VALID,Warning,WARN: High flow rate detected (Flood risk)
2026-07-14 06:00:00+00:00,20.2,VALID,3992.6687999999995,VALID,23.351490000000002,VALID,Warning,WARN: High flow rate detected (Flood risk)
2026-07-14 07:00:00+00:00,20.2,VALID,3808.6096,VALID,23.308056,VALID,Warning,WARN: High flow rate detected (Flood risk)
2026-07-14 08:00:00+00:00,20.2,VALID,3681.184,VALID,23.314152,VALID,Warning,WARN: High flow rate detected (Flood risk)
2026-07-14 09:00:00+00:00,20.2,VALID,3702.4215999999997,VALID,23.335488,VALID,Warning,WARN: High flow rate detected (Flood risk)
2026-07-14 10:00:00+00:00,20.1,VALID,3461.7288,VALID,23.315676000000003,VALID,Warning,WARN: High flow rate detected (Flood risk)
2026-07-14 11:00:00+00:00,20.1,VALID,3539.6,VALID,23.279862,VALID,Warning,WARN: High flow rate detected (Flood risk)
2026-07-14 12:00:00+00:00,20.1,VALID,3221.036,VALID,23.270718000000002,VALID,Warning,WARN: High flow rate detected (Flood risk)
2026-07-14 13:00:00+00:00,20.1,VALID,2888.3136,VALID,23.268432,VALID,Warning,WARN: High flow rate detected (Flood risk)
2026-07-14 14:00:00+00:00,20.1,VALID,2932.91256,VALID,23.250906,VALID,Warning,WARN: High flow rate detected (Flood risk)
2026-07-14 15:00:00+00:00,20.1,VALID,3007.95208,VALID,23.232618000000002,VALID,Warning,WARN: High flow rate detected (Flood risk)
2026-07-14 16:00:00+00:00,20.1,VALID,2707.08608,VALID,23.22195,VALID,Warning,WARN: High flow rate detected (Flood risk)
2026-07-14 17:00:00+00:00,20.1,VALID,2690.096,VALID,23.204424000000003,VALID,Warning,WARN: High flow rate detected (Flood risk)
2026-07-14 18:00:00+00:00,20.2,VALID,2947.77888,VALID,23.19147,VALID,Warning,WARN: High flow rate detected (Flood risk)
2026-07-14 19:00:00+00:00,20.2,VALID,3121.9272,VALID,23.186135999999998,VALID,Warning,WARN: High flow rate detected (Flood risk)
2026-07-14 20:00:00+00:00,20.3,VALID,3702.4215999999997,VALID,23.234142,VALID,Warning,WARN: High flow rate detected (Flood risk)
2026-07-14 21:00:00+00:00,20.4,VALID,3582.0752,VALID,23.290530000000004,VALID,Warning,WARN: High flow rate detected (Flood risk)
2026-07-14 22:00:00+00:00,20.4,VALID,4233.3616,VALID,23.311866000000002,VALID,Warning,WARN: High flow rate detected (Flood risk)
2026-07-14 23:00:00+00:00,20.4,VALID,4466.9752,VALID,23.370540000000002,VALID,Warning,WARN: High flow rate detected (Flood risk)
2026-07-15 00:00:00+00:00,20.5,VALID,4976.6776,VALID,23.420832,VALID,Warning,WARN: High flow rate detected (Flood risk)
2026-07-15 01:00:00+00:00,20.5,VALID,5118.2616,VALID,23.478744,VALID,Warning,WARN: High flow rate detected (Flood risk)
2026-07-15 02:00:00+00:00,20.5,VALID,5153.6576000000005,VALID,23.489412,VALID,Warning,WARN: High flow rate detected (Flood risk)
2026-07-15 03:00:00+00:00,20.5,VALID,4785.539199999999,VALID,23.542752000000004,VALID,Warning,WARN: High flow rate detected (Flood risk)
2026-07-15 04:00:00+00:00,20.5,VALID,4905.8856,VALID,23.578566000000002,VALID,Warning,WARN: High flow rate detected (Flood risk)
2026-07-15 05:00:00+00:00,20.5,VALID,4275.8368,VALID,23.541990000000002,VALID,Warning,WARN: High flow rate detected (Flood risk)
2026-07-15 06:00:00+00:00,20.5,VALID,4077.6191999999996,VALID,23.486364000000002,VALID,Warning,WARN: High flow rate detected (Flood risk)
2026-07-15 07:00:00+00:00,20.4,VALID,3928.956,VALID,23.495508,VALID,Warning,WARN: High flow rate detected (Flood risk)
2026-07-15 08:00:00+00:00,20.4,VALID,3723.6592,VALID,23.513796000000003,VALID,Warning,WARN: High flow rate detected (Flood risk)
2026-07-15 09:00:00+00:00,20.4,VALID,3624.5504,VALID,23.48865,VALID,Warning,WARN: High flow rate detected (Flood risk)
2026-07-15 10:00:00+00:00,20.4,VALID,3950.1936,VALID,23.457408,VALID,Warning,WARN: High flow rate detected (Flood risk)
2026-07-15 11:00:00+00:00,20.4,VALID,3709.5008,VALID,23.440644,VALID,Warning,WARN: High flow rate detected (Flood risk)
2026-07-15 12:00:00+00:00,20.4,VALID,3815.6888,VALID,23.418546,VALID,Warning,WARN: High flow rate detected (Flood risk)
2026-07-15 13:00:00+00:00,20.4,VALID,3228.1151999999997,VALID,23.425404,VALID,Warning,WARN: High flow rate detected (Flood risk)
2026-07-15 14:00:00+00:00,20.3,VALID,3327.2239999999997,VALID,23.413974000000003,VALID,Warning,WARN: High flow rate detected (Flood risk)
2026-07-15 15:00:00+00:00,20.4,VALID,3079.452,VALID,23.407116000000002,VALID,Warning,WARN: High flow rate detected (Flood risk)
2026-07-15 16:00:00+00:00,20.4,VALID,2867.78392,VALID,23.353776,VALID,Warning,WARN: High flow rate detected (Flood risk)
2026-07-15 17:00:00+00:00,20.4,VALID,2847.25424,VALID,23.338535999999998,VALID,Warning,WARN: High flow rate detected (Flood risk)
2026-07-15 18:00:00+00:00,20.5,VALID,3114.848,VALID,23.32101,VALID,Warning,WARN: High flow rate detected (Flood risk)
2026-07-15 19:00:00+00:00,20.6,VALID,3270.5904,VALID,23.304246,VALID,Warning,WARN: High flow rate detected (Flood risk)
2026-07-15 20:00:00+00:00,20.6,VALID,3114.848,VALID,23.26767,VALID,Warning,WARN: High flow rate detected (Flood risk)
2026-07-15 21:00:00+00:00,20.7,VALID,3440.4912,VALID,23.255478,VALID,Warning,WARN: High flow rate detected (Flood risk)
2026-07-15 22:00:00+00:00,20.7,VALID,3107.7688,VALID,23.230332,VALID,Warning,WARN: High flow rate detected (Flood risk)
2026-07-15 23:00:00+00:00,20.7,VALID,3150.2439999999997,VALID,23.269194000000002,VALID,Warning,WARN: High flow rate detected (Flood risk)
2026-07-16 00:00:00+00:00,20.7,VALID,4077.6192,VALID,23.352252,VALID,Warning,WARN: High flow rate detected (Flood risk)
2026-07-16 01:00:00+00:00,20.8,VALID,4672.272,VALID,23.365206,VALID,Warning,WARN: High flow rate detected (Flood risk)
2026-07-16 02:00:00+00:00,20.7,VALID,3978.5104,VALID,23.372826000000003,VALID,Warning,WARN: High flow rate detected (Flood risk)
2026-07-16 03:00:00+00:00,20.7,VALID,4792.618399999999,VALID,23.362920000000003,VALID,Warning,WARN: High flow rate detected (Flood risk)
2026-07-16 04:00:00+00:00,20.7,VALID,4113.0152,VALID,23.41626,VALID,Warning,WARN: High flow rate detected (Flood risk)
2026-07-16 05:00:00+00:00,20.7,VALID,4502.3712,VALID,23.39721,VALID,Warning,WARN: High flow rate detected (Flood risk)
2026-07-16 06:00:00+00:00,20.7,VALID,4035.144,VALID,23.358348,VALID,Warning,WARN: High flow rate detected (Flood risk)
2026-07-16 07:00:00+00:00,20.7,VALID,3865.2432,VALID,23.330154,VALID,Warning,WARN: High flow rate detected (Flood risk)
2026-07-16 08:00:00+00:00,20.7,VALID,3886.4808,VALID,23.34768,VALID,Warning,WARN: High flow rate detected (Flood risk)
2026-07-16 09:00:00+00:00,20.7,VALID,3511.2832,VALID,23.335488,VALID,Warning,WARN: High flow rate detected (Flood risk)
2026-07-16 10:00:00+00:00,20.7,VALID,3582.0751999999998,VALID,23.314152,VALID,Warning,WARN: High flow rate detected (Flood risk)
2026-07-16 11:00:00+00:00,20.6,VALID,3574.996,VALID,23.273766000000002,VALID,Warning,WARN: High flow rate detected (Flood risk)
2026-07-16 12:00:00+00:00,20.6,VALID,3525.4416,VALID,23.356062,VALID,Warning,WARN: High flow rate detected (Flood risk)
2026-07-16 13:00:00+00:00,20.6,VALID,3362.62,VALID,23.387304,VALID,Warning,WARN: High flow rate detected (Flood risk)
2026-07-16 14:00:00+00:00,20.6,VALID,3631.6295999999998,VALID,23.384256,VALID,Warning,WARN: High flow rate detected (Flood risk)
2026-07-16 15:00:00+00:00,20.6,VALID,3964.352,VALID,23.360634,VALID,Warning,WARN: High flow rate detected (Flood risk)
2026-07-16 16:00:00+00:00,20.6,VALID,4325.3912,VALID,23.39721,VALID,Warning,WARN: High flow rate detected (Flood risk)
2026-07-16 17:00:00+00:00,20.7,VALID,4495.292,VALID,23.403306,VALID,Warning,WARN: High flow rate detected (Flood risk)
2026-07-16 18:00:00+00:00,20.7,VALID,4389.104,VALID,23.416259999999998,VALID,Warning,WARN: High flow rate detected (Flood risk)
2026-07-16 19:00:00+00:00,20.8,VALID,4474.0544,VALID,23.426166000000002,VALID,Warning,WARN: High flow rate detected (Flood risk)
2026-07-16 20:00:00+00:00,20.9,VALID,4573.1632,VALID,23.443692000000002,VALID,Warning,WARN: High flow rate detected (Flood risk)
2026-07-16 21:00:00+00:00,20.9,VALID,4573.1632,VALID,23.468838,VALID,Warning,WARN: High flow rate detected (Flood risk)
2026-07-16 22:00:00+00:00,21.0,VALID,4735.9848,VALID,23.489412,VALID,Warning,WARN: High flow rate detected (Flood risk)
2026-07-16 23:00:00+00:00,21.0,VALID,4891.7272,VALID,23.477982,VALID,Warning,WARN: High flow rate detected (Flood risk)
2026-07-17 00:00:00+00:00,21.0,VALID,5139.4992,VALID,23.551896,VALID,Warning,WARN: High flow rate detected (Flood risk)
2026-07-17 01:00:00+00:00,21.0,VALID,5783.7064,VALID,23.63343,VALID,Warning,WARN: High flow rate detected (Flood risk)
2026-07-17 02:00:00+00:00,21.0,VALID,5861.5776,VALID,23.65248,VALID,Warning,WARN: High flow rate detected (Flood risk)
2026-07-17 03:00:00+00:00,20.9,VALID,5861.5776,VALID,23.658576,VALID,Warning,WARN: High flow rate detected (Flood risk)
2026-07-17 04:00:00+00:00,20.8,VALID,5380.192,VALID,23.630382000000004,VALID,Warning,WARN: High flow rate detected (Flood risk)
2026-07-17 05:00:00+00:00,20.8,VALID,4509.4504,VALID,23.554944000000003,VALID,Warning,WARN: High flow rate detected (Flood risk)
2026-07-17 06:00:00+00:00,20.8,VALID,4091.7776000000003,VALID,23.531322000000003,VALID,Warning,WARN: High flow rate detected (Flood risk)
2026-07-17 07:00:00+00:00,20.7,VALID,3943.1144,VALID,23.545038,VALID,Warning,WARN: High flow rate detected (Flood risk)
2026-07-17 08:00:00+00:00,20.7,VALID,3921.8768,VALID,23.522178,VALID,Warning,WARN: High flow rate detected (Flood risk)
2026-07-17 09:00:00+00:00,20.7,VALID,3943.1144,VALID,23.483316000000002,VALID,Warning,WARN: High flow rate detected (Flood risk)
2026-07-17 10:00:00+00:00,20.7,VALID,3900.6391999999996,VALID,23.518368000000002,VALID,Warning,WARN: High flow rate detected (Flood risk)
2026-07-17 11:00:00+00:00,20.6,VALID,4049.3024,VALID,23.537418000000002,VALID,Warning,WARN: High flow rate detected (Flood risk)
2026-07-17 12:00:00+00:00,20.6,VALID,3723.6592,VALID,23.531322000000003,VALID,Warning,WARN: High flow rate detected (Flood risk)
2026-07-17 13:00:00+00:00,20.6,VALID,3518.3624,VALID,23.519892000000002,VALID,Warning,WARN: High flow rate detected (Flood risk)
2026-07-17 14:00:00+00:00,20.6,VALID,3603.3127999999997,VALID,23.529036,VALID,Warning,WARN: High flow rate detected (Flood risk)
2026-07-17 15:00:00+00:00,20.6,VALID,3518.3624,VALID,23.53818,VALID,Warning,WARN: High flow rate detected (Flood risk)
2026-07-17 16:00:00+00:00,20.7,VALID,3773.2136,VALID,23.545038,VALID,Warning,WARN: High flow rate detected (Flood risk)
2026-07-17 17:00:00+00:00,20.7,VALID,3801.5304,VALID,23.53818,VALID,Warning,WARN: High flow rate detected (Flood risk)
2026-07-17 18:00:00+00:00,20.8,VALID,3978.5104,VALID,23.545038,VALID,Warning,WARN: High flow rate detected (Flood risk)
2026-07-17 19:00:00+00:00,20.8,VALID,3879.4016,VALID,23.55723,VALID,Warning,WARN: High flow rate detected (Flood risk)
2026-07-17 20:00:00+00:00,20.8,VALID,4028.0648,VALID,23.552658,VALID,Warning,WARN: High flow rate detected (Flood risk)
2026-07-17 21:00:00+00:00,20.9,VALID,3985.5896,VALID,23.554182,VALID,Warning,WARN: High flow rate detected (Flood risk)
2026-07-17 22:00:00+00:00,20.9,VALID,3928.956,VALID,23.56485,VALID,Warning,WARN: High flow rate detected (Flood risk)
2026-07-17 23:00:00+00:00,20.9,VALID,3780.2927999999997,VALID,23.578566000000002,VALID,Warning,WARN: High flow rate detected (Flood risk)
2026-07-18 00:00:00+00:00,20.9,VALID,3645.788,VALID,23.581614000000002,VALID,Warning,WARN: High flow rate detected (Flood risk)
2026-07-18 01:00:00+00:00,20.9,VALID,3546.6792,VALID,23.573994,VALID,Warning,WARN: High flow rate detected (Flood risk)
2026-07-18 02:00:00+00:00,20.9,VALID,3546.6792,VALID,23.57628,VALID,Warning,WARN: High flow rate detected (Flood risk)
2026-07-18 03:00:00+00:00,20.8,VALID,3341.3824,VALID,23.573994,VALID,Warning,WARN: High flow rate detected (Flood risk)
2026-07-18 04:00:00+00:00,20.8,VALID,3185.64,VALID,23.555706,VALID,Warning,WARN: High flow rate detected (Flood risk)
2026-07-18 05:00:00+00:00,20.8,VALID,3270.5904,VALID,23.548848,VALID,Warning,WARN: High flow rate detected (Flood risk)
2026-07-18 06:00:00+00:00,20.7,VALID,3376.7784,VALID,23.548848,VALID,Warning,WARN: High flow rate detected (Flood risk)
2026-07-18 07:00:00+00:00,20.7,VALID,3313.0656,VALID,23.513034,VALID,Warning,WARN: High flow rate detected (Flood risk)
2026-07-18 08:00:00+00:00,20.7,VALID,3277.6696,VALID,23.50008,VALID,Warning,WARN: High flow rate detected (Flood risk)
2026-07-18 09:00:00+00:00,20.6,VALID,3497.1248,VALID,23.498556,VALID,Warning,WARN: High flow rate detected (Flood risk)
2026-07-18 10:00:00+00:00,20.6,VALID,3256.432,VALID,23.49246,VALID,Warning,WARN: High flow rate detected (Flood risk)
2026-07-18 11:00:00+00:00,20.5,VALID,3242.2736,VALID,23.506938,VALID,Warning,WARN: High flow rate detected (Flood risk)
2026-07-18 12:00:00+00:00,20.5,VALID,3058.2144,VALID,23.505414000000002,VALID,Warning,WARN: High flow rate detected (Flood risk)
2026-07-18 13:00:00+00:00,20.5,VALID,2985.29864,VALID,23.510748000000003,VALID,Warning,WARN: High flow rate detected (Flood risk)
2026-07-18 14:00:00+00:00,20.5,VALID,3412.1744,VALID,23.512272000000003,VALID,Warning,WARN: High flow rate detected (Flood risk)
2026-07-18 15:00:00+00:00,20.5,VALID,3192.7192,VALID,23.517606,VALID,Warning,WARN: High flow rate detected (Flood risk)
2026-07-18 16:00:00+00:00,20.5,VALID,3284.7488,VALID,23.527512,VALID,Warning,WARN: High flow rate detected (Flood risk)
2026-07-18 17:00:00+00:00,20.5,VALID,3143.1648,VALID,23.522940000000002,VALID,Warning,WARN: High flow rate detected (Flood risk)
2026-07-18 18:00:00+00:00,20.6,VALID,3235.1944,VALID,23.52675,VALID,Warning,WARN: High flow rate detected (Flood risk)
2026-07-18 19:00:00+00:00,20.6,VALID,3468.808,VALID,23.532084,VALID,Warning,WARN: High flow rate detected (Flood risk)
2026-07-18 20:00:00+00:00,20.6,VALID,3468.808,VALID,23.533608,VALID,Warning,WARN: High flow rate detected (Flood risk)
2026-07-18 21:00:00+00:00,20.7,VALID,3582.0752,VALID,23.53818,VALID,Warning,WARN: High flow rate detected (Flood risk)
2026-07-18 22:00:00+00:00,20.8,VALID,3518.3624,VALID,23.536656,VALID,Warning,WARN: High flow rate detected (Flood risk)
2026-07-18 23:00:00+00:00,20.8,VALID,3426.3328,VALID,23.541228000000004,VALID,Warning,WARN: High flow rate detected (Flood risk)
2026-07-19 00:00:00+00:00,20.8,VALID,3518.3624,VALID,23.539704,VALID,Warning,WARN: High flow rate detected (Flood risk)
2026-07-19 01:00:00+00:00,20.8,VALID,3334.3032,VALID,23.540466000000002,VALID,Warning,WARN: High flow rate detected (Flood risk)
2026-07-19 02:00:00+00:00,20.8,VALID,3249.3527999999997,VALID,23.548086,VALID,Warning,WARN: High flow rate detected (Flood risk)
2026-07-19 03:00:00+00:00,20.8,VALID,3124.75888,VALID,23.555706,VALID,Warning,WARN: High flow rate detected (Flood risk)
2026-07-19 04:00:00+00:00,20.8,VALID,2880.52648,VALID,23.537418000000002,VALID,Warning,WARN: High flow rate detected (Flood risk)
2026-07-19 05:00:00+00:00,20.9,VALID,3143.1648,VALID,23.542752,VALID,Warning,WARN: High flow rate detected (Flood risk)
2026-07-19 06:00:00+00:00,20.9,VALID,3490.0456,VALID,23.561040000000002,VALID,Warning,WARN: High flow rate detected (Flood risk)
2026-07-19 07:00:00+00:00,20.9,VALID,3440.4912,VALID,23.541228,VALID,Warning,WARN: High flow rate detected (Flood risk)
2026-07-19 08:00:00+00:00,20.8,VALID,3490.0456,VALID,23.516082000000004,VALID,Warning,WARN: High flow rate detected (Flood risk)
2026-07-19 09:00:00+00:00,20.8,VALID,3497.1247999999996,VALID,23.516844000000003,VALID,Warning,WARN: High flow rate detected (Flood risk)
2026-07-19 10:00:00+00:00,20.8,VALID,3376.7784,VALID,23.514558,VALID,Warning,WARN: High flow rate detected (Flood risk)
2026-07-19 11:00:00+00:00,20.8,VALID,3341.3824,VALID,23.502366000000002,VALID,Warning,WARN: High flow rate detected (Flood risk)
2026-07-19 12:00:00+00:00,20.8,VALID,2954.15016,VALID,23.476458,VALID,Warning,WARN: High flow rate detected (Flood risk)
2026-07-19 13:00:00+00:00,20.8,VALID,2683.0168000000003,VALID,23.474172,VALID,Warning,WARN: High flow rate detected (Flood risk)
2026-07-19 14:00:00+00:00,20.8,VALID,2544.9724,VALID,23.457408,VALID,Warning,WARN: High flow rate detected (Flood risk)
2026-07-19 15:00:00+00:00,20.8,VALID,2588.86344,VALID,23.449788,VALID,Warning,WARN: High flow rate detected (Flood risk)
2026-07-19 16:00:00+00:00,20.8,VALID,2561.25456,VALID,23.441406,VALID,Warning,WARN: High flow rate detected (Flood risk)
2026-07-19 17:00:00+00:00,20.8,VALID,2571.87336,VALID,23.426928000000004,VALID,Warning,WARN: High flow rate detected (Flood risk)
2026-07-19 18:00:00+00:00,20.8,VALID,2808.31864,VALID,23.422356,VALID,Warning,WARN: High flow rate detected (Flood risk)
2026-07-19 19:00:00+00:00,20.9,VALID,2998.0412,VALID,23.421594000000002,VALID,Warning,WARN: High flow rate detected (Flood risk)
2026-07-19 20:00:00+00:00,20.9,VALID,3291.828,VALID,23.37435,VALID,Warning,WARN: High flow rate detected (Flood risk)
2026-07-19 21:00:00+00:00,21.0,VALID,3433.412,VALID,23.363682,VALID,Warning,WARN: High flow rate detected (Flood risk)
2026-07-19 22:00:00+00:00,21.0,VALID,3242.2736,VALID,23.354538,VALID,Warning,WARN: High flow rate detected (Flood risk)
2026-07-19 23:00:00+00:00,21.1,VALID,3532.5208000000002,VALID,23.413974000000003,VALID,Warning,WARN: High flow rate detected (Flood risk)
2026-07-20 00:00:00+00:00,21.1,VALID,3518.3624,VALID,23.417784,VALID,Warning,WARN: High flow rate detected (Flood risk)
2026-07-20 01:00:00+00:00,21.2,VALID,3525.4416,VALID,23.495508,VALID,Warning,WARN: High flow rate detected (Flood risk)
2026-07-20 02:00:00+00:00,21.2,VALID,4141.332,VALID,23.531322000000003,VALID,Warning,WARN: High flow rate detected (Flood risk)
2026-07-20 03:00:00+00:00,21.2,VALID,3928.956,VALID,23.589996,VALID,Warning,WARN: High flow rate detected (Flood risk)
2026-07-20 04:00:00+00:00,21.2,VALID,3936.0352,VALID,23.569422000000003,VALID,Warning,WARN: High flow rate detected (Flood risk)
2026-07-20 05:00:00+00:00,21.2,VALID,3539.6,VALID,23.570184,VALID,Warning,WARN: High flow rate detected (Flood risk)
2026-07-20 06:00:00+00:00,21.1,VALID,3433.412,VALID,23.541228000000004,VALID,Warning,WARN: High flow rate detected (Flood risk)
2026-07-20 07:00:00+00:00,21.1,VALID,3518.3624,VALID,23.538942000000002,VALID,Warning,WARN: High flow rate detected (Flood risk)
2026-07-20 08:00:00+00:00,21.1,VALID,3426.3328,VALID,23.522940000000002,VALID,Warning,WARN: High flow rate detected (Flood risk)
2026-07-20 09:00:00+00:00,21.1,VALID,3376.7784,VALID,23.502366000000002,VALID,Warning,WARN: High flow rate detected (Flood risk)
2026-07-20 10:00:00+00:00,21.1,VALID,3447.5704,VALID,23.48103,VALID,Warning,WARN: High flow rate detected (Flood risk)
2026-07-20 11:00:00+00:00,21.1,VALID,3433.412,VALID,23.465790000000002,VALID,Warning,WARN: High flow rate detected (Flood risk)
2026-07-20 12:00:00+00:00,21.1,VALID,3143.1648,VALID,23.44293,VALID,Warning,WARN: High flow rate detected (Flood risk)
2026-07-20 13:00:00+00:00,21.1,VALID,2872.73936,VALID,23.423118000000002,VALID,Warning,WARN: High flow rate detected (Flood risk)
2026-07-20 14:00:00+00:00,21.1,VALID,2705.67024,VALID,23.404068000000002,VALID,Warning,WARN: High flow rate detected (Flood risk)
2026-07-20 15:00:00+00:00,21.1,VALID,2500.37344,VALID,23.376636,VALID,Warning,WARN: High flow rate detected (Flood risk)
2026-07-20 16:00:00+00:00,21.1,VALID,2417.5468,VALID,23.348442,VALID,Warning,WARN: High flow rate detected (Flood risk)
2026-07-20 17:00:00+00:00,21.1,VALID,2429.58144,VALID,23.332440000000002,VALID,Warning,WARN: High flow rate detected (Flood risk)
2026-07-20 18:00:00+00:00,21.1,VALID,2394.18544,VALID,23.317200000000003,VALID,Warning,WARN: High flow rate detected (Flood risk)
2026-07-20 19:00:00+00:00,21.2,VALID,2603.02184,VALID,23.295864,VALID,Warning,WARN: High flow rate detected (Flood risk)
2026-07-20 20:00:00+00:00,21.2,VALID,2619.304,VALID,23.272242000000002,VALID,Warning,WARN: High flow rate detected (Flood risk)
2026-07-20 21:00:00+00:00,21.2,VALID,2780.00184,VALID,23.257002,VALID,Warning,WARN: High flow rate detected (Flood risk)
2026-07-20 22:00:00+00:00,21.3,VALID,3072.3728,VALID,23.246334,VALID,Warning,WARN: High flow rate detected (Flood risk)
2026-07-20 23:00:00+00:00,21.3,VALID,3525.4416,VALID,23.307294000000002,VALID,Warning,WARN: High flow rate detected (Flood risk)
2026-07-21 00:00:00+00:00,21.3,VALID,3936.0352,VALID,23.449788,VALID,Warning,WARN: High flow rate detected (Flood risk)
2026-07-21 01:00:00+00:00,21.4,VALID,4474.0544,VALID,23.493984,VALID,Warning,WARN: High flow rate detected (Flood risk)
2026-07-21 02:00:00+00:00,21.4,VALID,4771.3808,VALID,23.471124,VALID,Warning,WARN: High flow rate detected (Flood risk)
2026-07-21 03:00:00+00:00,21.4,VALID,4544.8464,VALID,23.507700000000003,VALID,Warning,WARN: High flow rate detected (Flood risk)
2026-07-21 04:00:00+00:00,21.4,VALID,3985.5896,VALID,23.524464000000002,VALID,Warning,WARN: High flow rate detected (Flood risk)
2026-07-21 05:00:00+00:00,21.4,VALID,3716.58,VALID,23.516844000000003,VALID,Warning,WARN: High flow rate detected (Flood risk)
2026-07-21 06:00:00+00:00,21.4,VALID,3787.372,VALID,23.509986,VALID,Warning,WARN: High flow rate detected (Flood risk)
2026-07-21 07:00:00+00:00,21.4,VALID,3490.0456,VALID,23.510748,VALID,Warning,WARN: High flow rate detected (Flood risk)
2026-07-21 08:00:00+00:00,21.3,VALID,3447.5704,VALID,23.490174000000003,VALID,Warning,WARN: High flow rate detected (Flood risk)
2026-07-21 09:00:00+00:00,21.3,VALID,3504.2039999999997,VALID,23.474172000000003,VALID,Warning,WARN: High flow rate detected (Flood risk)
2026-07-21 10:00:00+00:00,21.3,VALID,3313.0656,VALID,23.471124000000003,VALID,Warning,WARN: High flow rate detected (Flood risk)
2026-07-21 11:00:00+00:00,21.3,VALID,3390.9368,VALID,23.443692000000002,VALID,Warning,WARN: High flow rate detected (Flood risk)
2026-07-21 12:00:00+00:00,21.2,VALID,3000.16496,VALID,23.426928,VALID,Warning,WARN: High flow rate detected (Flood risk)
2026-07-21 13:00:00+00:00,21.2,VALID,2806.9028,VALID,23.409402,VALID,Warning,WARN: High flow rate detected (Flood risk)
2026-07-21 14:00:00+00:00,21.2,VALID,3054.6748,VALID,23.394162,VALID,Warning,WARN: High flow rate detected (Flood risk)
2026-07-21 15:00:00+00:00,21.2,VALID,2646.20496,VALID,23.367492000000002,VALID,Warning,WARN: High flow rate detected (Flood risk)
2026-07-21 16:00:00+00:00,21.2,VALID,2789.9127200000003,VALID,23.351490000000002,VALID,Warning,WARN: High flow rate detected (Flood risk)
2026-07-21 17:00:00+00:00,21.2,VALID,2857.87304,VALID,23.33625,VALID,Warning,WARN: High flow rate detected (Flood risk)
2026-07-21 18:00:00+00:00,21.2,VALID,2774.33848,VALID,23.324058,VALID,Warning,WARN: High flow rate detected (Flood risk)
2026-07-21 19:00:00+00:00,21.3,VALID,2741.77416,VALID,23.292054,VALID,Warning,WARN: High flow rate detected (Flood risk)
2026-07-21 20:00:00+00:00,21.3,VALID,3058.2144,VALID,23.279862,VALID,Warning,WARN: High flow rate detected (Flood risk)
2026-07-21 21:00:00+00:00,21.4,VALID,2664.61088,VALID,23.259288,VALID,Warning,WARN: High flow rate detected (Flood risk)
2026-07-21 22:00:00+00:00,21.4,VALID,2625.67528,VALID,23.30958,VALID,Warning,WARN: High flow rate detected (Flood risk)
2026-07-21 23:00:00+00:00,21.5,VALID,3539.6,VALID,23.394162,VALID,Warning,WARN: High flow rate detected (Flood risk)
2026-07-22 00:00:00+00:00,21.5,VALID,4325.3912,VALID,23.4315,VALID,Warning,WARN: High flow rate detected (Flood risk)
2026-07-22 01:00:00+00:00,21.5,VALID,4622.7176,VALID,23.433786,VALID,Warning,WARN: High flow rate detected (Flood risk)
2026-07-22 02:00:00+00:00,21.5,VALID,4757.2224,VALID,23.484840000000002,VALID,Warning,WARN: High flow rate detected (Flood risk)
2026-07-22 03:00:00+00:00,21.5,VALID,4842.172799999999,VALID,23.559516000000002,VALID,Warning,WARN: High flow rate detected (Flood risk)
2026-07-22 04:00:00+00:00,21.5,VALID,4551.9256000000005,VALID,23.56485,VALID,Warning,WARN: High flow rate detected (Flood risk)
2026-07-22 05:00:00+00:00,21.5,VALID,3893.56,VALID,23.494746,VALID,Warning,WARN: High flow rate detected (Flood risk)
2026-07-22 06:00:00+00:00,21.5,VALID,3376.7784,VALID,23.481792,VALID,Warning,WARN: High flow rate detected (Flood risk)
2026-07-22 07:00:00+00:00,21.5,VALID,3497.1247999999996,VALID,23.51151,VALID,Warning,WARN: High flow rate detected (Flood risk)
2026-07-22 08:00:00+00:00,21.5,VALID,3390.9368,VALID,23.512272000000003,VALID,Warning,WARN: High flow rate detected (Flood risk)
2026-07-22 09:00:00+00:00,21.5,VALID,3383.8576,VALID,23.448264,VALID,Warning,WARN: High flow rate detected (Flood risk)
2026-07-22 10:00:00+00:00,21.4,VALID,3412.1744,VALID,23.445216000000002,VALID,Warning,WARN: High flow rate detected (Flood risk)
2026-07-22 11:00:00+00:00,21.4,VALID,3433.4120000000003,VALID,23.440644000000002,VALID,Warning,WARN: High flow rate detected (Flood risk)
2026-07-22 12:00:00+00:00,21.4,VALID,2949.9026400000002,VALID,23.433786,VALID,Warning,WARN: High flow rate detected (Flood risk)
2026-07-22 13:00:00+00:00,21.4,VALID,2698.59104,VALID,23.401782,VALID,Warning,WARN: High flow rate detected (Flood risk)
2026-07-22 14:00:00+00:00,21.4,VALID,2795.57608,VALID,23.388066000000002,VALID,Warning,WARN: High flow rate detected (Flood risk)
2026-07-22 15:00:00+00:00,21.4,VALID,2850.79384,VALID,23.371302,VALID,Warning,WARN: High flow rate detected (Flood risk)
2026-07-22 16:00:00+00:00,21.5,VALID,2681.6009599999998,VALID,23.350728,VALID,Warning,WARN: High flow rate detected (Flood risk)
2026-07-22 17:00:00+00:00,21.5,VALID,2768.67512,VALID,23.318724,VALID,Warning,WARN: High flow rate detected (Flood risk)
2026-07-22 18:00:00+00:00,21.6,VALID,2447.98736,VALID,23.308818000000002,VALID,Warning,WARN: High flow rate detected (Flood risk)
2026-07-22 19:00:00+00:00,21.6,VALID,2462.85368,VALID,23.285958,VALID,Warning,WARN: High flow rate detected (Flood risk)
2026-07-22 20:00:00+00:00,21.7,VALID,2512.40808,VALID,23.299674000000003,VALID,Warning,WARN: High flow rate detected (Flood risk)
2026-07-22 21:00:00+00:00,21.8,VALID,2823.89288,VALID,23.333964,VALID,Warning,WARN: High flow rate detected (Flood risk)
2026-07-22 22:00:00+00:00,21.8,VALID,3921.8768,VALID,23.389590000000002,VALID,Warning,WARN: High flow rate detected (Flood risk)
2026-07-22 23:00:00+00:00,21.8,VALID,4700.5887999999995,VALID,23.50008,VALID,Warning,WARN: High flow rate detected (Flood risk)
2026-07-23 00:00:00+00:00,21.9,VALID,5394.350399999999,VALID,23.517606,VALID,Warning,WARN: High flow rate detected (Flood risk)
2026-07-23 01:00:00+00:00,21.9,VALID,5436.8256,VALID,23.538942000000002,VALID,Warning,WARN: High flow rate detected (Flood risk)
2026-07-23 02:00:00+00:00,21.9,VALID,5649.2016,VALID,23.5839,VALID,Warning,WARN: High flow rate detected (Flood risk)
2026-07-23 03:00:00+00:00,21.9,VALID,5075.7864,VALID,23.596092000000002,VALID,Warning,WARN: High flow rate detected (Flood risk)
2026-07-23 04:00:00+00:00,21.9,VALID,4743.064,VALID,23.586948,VALID,Warning,WARN: High flow rate detected (Flood risk)
2026-07-23 05:00:00+00:00,21.8,VALID,4077.6192,VALID,23.5077,VALID,Warning,WARN: High flow rate detected (Flood risk)
2026-07-23 06:00:00+00:00,21.8,VALID,3723.6592,VALID,23.496270000000003,VALID,Warning,WARN: High flow rate detected (Flood risk)
2026-07-23 07:00:00+00:00,21.8,VALID,3681.1839999999997,VALID,23.487126000000004,VALID,Warning,WARN: High flow rate detected (Flood risk)
2026-07-23 08:00:00+00:00,21.8,VALID,3610.392,VALID,23.481792000000002,VALID,Warning,WARN: High flow rate detected (Flood risk)
2026-07-23 09:00:00+00:00,21.8,VALID,3610.392,VALID,23.477220000000003,VALID,Warning,WARN: High flow rate detected (Flood risk)
2026-07-23 10:00:00+00:00,21.7,VALID,3667.0256,VALID,23.448264,VALID,Warning,WARN: High flow rate detected (Flood risk)
2026-07-23 11:00:00+00:00,21.7,VALID,3667.0256,VALID,23.445216000000002,VALID,Warning,WARN: High flow rate detected (Flood risk)
2026-07-23 12:00:00+00:00,21.7,VALID,3036.9768,VALID,23.410926,VALID,Warning,WARN: High flow rate detected (Flood risk)
2026-07-23 13:00:00+00:00,21.7,VALID,3383.8576,VALID,23.397972000000003,VALID,Warning,WARN: High flow rate detected (Flood risk)
2026-07-23 14:00:00+00:00,21.7,VALID,3022.8184,VALID,23.36673,VALID,Warning,WARN: High flow rate detected (Flood risk)
2026-07-23 15:00:00+00:00,21.7,VALID,3041.22432,VALID,23.358348000000003,VALID,Warning,WARN: High flow rate detected (Flood risk)
2026-07-23 16:00:00+00:00,21.7,VALID,3525.4416,VALID,23.362920000000003,VALID,Warning,WARN: High flow rate detected (Flood risk)
2026-07-23 17:00:00+00:00,21.8,VALID,3631.6296,VALID,23.342346,VALID,Warning,WARN: High flow rate detected (Flood risk)
2026-07-23 18:00:00+00:00,21.8,VALID,3829.8472,VALID,23.316438,VALID,Warning,WARN: High flow rate detected (Flood risk)
2026-07-23 19:00:00+00:00,21.9,VALID,3985.5896,VALID,23.304246,VALID,Warning,WARN: High flow rate detected (Flood risk)
2026-07-23 20:00:00+00:00,21.9,VALID,4020.9856,VALID,23.304246,VALID,Warning,WARN: High flow rate detected (Flood risk)
2026-07-23 21:00:00+00:00,22.0,VALID,4424.5,VALID,23.349204,VALID,Warning,WARN: High flow rate detected (Flood risk)
2026-07-23 22:00:00+00:00,22.0,VALID,4771.3808,VALID,23.411688,VALID,Warning,WARN: High flow rate detected (Flood risk)
2026-07-23 23:00:00+00:00,22.1,VALID,4976.6776,VALID,23.440644000000002,VALID,Warning,WARN: High flow rate detected (Flood risk)
2026-07-24 00:00:00+00:00,22.1,VALID,4905.8856,VALID,23.439882000000004,VALID,Warning,WARN: High flow rate detected (Flood risk)
2026-07-24 01:00:00+00:00,22.1,VALID,4764.3016,VALID,23.458932,VALID,Warning,WARN: High flow rate detected (Flood risk)
2026-07-24 02:00:00+00:00,22.1,VALID,4651.0344000000005,VALID,23.499318,VALID,Warning,WARN: High flow rate detected (Flood risk)
2026-07-24 03:00:00+00:00,22.0,VALID,4318.312,VALID,23.529798,VALID,Warning,WARN: High flow rate detected (Flood risk)
2026-07-24 04:00:00+00:00,22.0,VALID,3829.8472,VALID,23.553420000000003,VALID,Warning,WARN: High flow rate detected (Flood risk)
2026-07-24 05:00:00+00:00,22.0,VALID,3511.2832,VALID,23.539704,VALID,Warning,WARN: High flow rate detected (Flood risk)
2026-07-24 06:00:00+00:00,21.9,VALID,3490.0456,VALID,23.493984,VALID,Warning,WARN: High flow rate detected (Flood risk)
2026-07-24 07:00:00+00:00,21.9,VALID,3567.9168,VALID,23.486364000000002,VALID,Warning,WARN: High flow rate detected (Flood risk)
2026-07-24 08:00:00+00:00,21.9,VALID,3504.2039999999997,VALID,23.509986,VALID,Warning,WARN: High flow rate detected (Flood risk)
2026-07-24 09:00:00+00:00,21.8,VALID,3504.2039999999997,VALID,23.496270000000003,VALID,Warning,WARN: High flow rate detected (Flood risk)
2026-07-24 10:00:00+00:00,21.8,VALID,3624.5504,VALID,23.460456,VALID,Warning,WARN: High flow rate detected (Flood risk)
2026-07-24 11:00:00+00:00,21.8,VALID,3645.788,VALID,23.469600000000003,VALID,Warning,WARN: High flow rate detected (Flood risk)
2026-07-24 12:00:00+00:00,21.8,VALID,3079.452,VALID,23.475696,VALID,Warning,WARN: High flow rate detected (Flood risk)
2026-07-24 13:00:00+00:00,21.8,VALID,2758.05632,VALID,23.466552,VALID,Warning,WARN: High flow rate detected (Flood risk)
2026-07-24 14:00:00+00:00,21.8,VALID,2806.9028,VALID,23.440644,VALID,Warning,WARN: High flow rate detected (Flood risk)
2026-07-24 15:00:00+00:00,21.8,VALID,2485.50712,VALID,23.443692,VALID,Warning,WARN: High flow rate detected (Flood risk)
2026-07-24 16:00:00+00:00,21.8,VALID,2430.2893599999998,VALID,23.433786,VALID,Warning,WARN: High flow rate detected (Flood risk)
2026-07-24 17:00:00+00:00,21.9,VALID,2413.29928,VALID,23.426166000000002,VALID,Warning,WARN: High flow rate detected (Flood risk)
2026-07-24 18:00:00+00:00,21.9,VALID,2953.44224,VALID,23.419308,VALID,Warning,WARN: High flow rate detected (Flood risk)
2026-07-24 19:00:00+00:00,22.0,VALID,3008.66,VALID,23.418546,VALID,Warning,WARN: High flow rate detected (Flood risk)
2026-07-24 20:00:00+00:00,22.1,VALID,3058.2144,VALID,23.407878000000004,VALID,Warning,WARN: High flow rate detected (Flood risk)
2026-07-24 21:00:00+00:00,22.1,VALID,3362.62,VALID,23.489412,VALID,Warning,WARN: High flow rate detected (Flood risk)
2026-07-24 22:00:00+00:00,22.1,VALID,3539.6,VALID,23.537418000000002,VALID,Warning,WARN: High flow rate detected (Flood risk)
2026-07-24 23:00:00+00:00,22.2,VALID,3829.8471999999997,VALID,23.561802,VALID,Warning,WARN: High flow rate detected (Flood risk)
2026-07-25 00:00:00+00:00,22.1,VALID,4212.124,VALID,23.593044000000003,VALID,Warning,WARN: High flow rate detected (Flood risk)
2026-07-25 01:00:00+00:00,22.1,VALID,5040.3904,VALID,23.751540000000002,VALID,Warning,WARN: High flow rate detected (Flood risk)
2026-07-25 02:00:00+00:00,22.1,VALID,5585.4888,VALID,23.820882000000005,VALID,Warning,WARN: High flow rate detected (Flood risk)
2026-07-25 03:00:00+00:00,22.0,VALID,5769.548,VALID,23.785068000000003,VALID,Warning,WARN: High flow rate detected (Flood risk)
2026-07-25 04:00:00+00:00,22.0,VALID,5330.6376,VALID,23.743158,VALID,Warning,WARN: High flow rate detected (Flood risk)
2026-07-25 05:00:00+00:00,21.9,VALID,4474.0544,VALID,23.722584,VALID,Warning,WARN: High flow rate detected (Flood risk)
2026-07-25 06:00:00+00:00,21.9,VALID,4049.3023999999996,VALID,23.667720000000003,VALID,Warning,WARN: High flow rate detected (Flood risk)
2026-07-25 07:00:00+00:00,21.8,VALID,4006.8272,VALID,23.649432,VALID,Warning,WARN: High flow rate detected (Flood risk)
2026-07-25 08:00:00+00:00,21.8,VALID,3914.7976,VALID,23.602188,VALID,Warning,WARN: High flow rate detected (Flood risk)
2026-07-25 09:00:00+00:00,21.8,VALID,3780.2928,VALID,23.62581,VALID,Warning,WARN: High flow rate detected (Flood risk)
2026-07-25 10:00:00+00:00,21.8,VALID,3985.5896,VALID,23.596092000000002,VALID,Warning,WARN: High flow rate detected (Flood risk)
2026-07-25 11:00:00+00:00,21.7,VALID,3985.5896000000002,VALID,23.596092,VALID,Warning,WARN: High flow rate detected (Flood risk)
2026-07-25 12:00:00+00:00,21.7,VALID,3461.7288,VALID,23.577042,VALID,Warning,WARN: High flow rate detected (Flood risk)
2026-07-25 13:00:00+00:00,21.7,VALID,3298.9072,VALID,23.548086,VALID,Warning,WARN: High flow rate detected (Flood risk)
2026-07-25 14:00:00+00:00,21.7,VALID,3235.1944000000003,VALID,23.527512,VALID,Warning,WARN: High flow rate detected (Flood risk)
2026-07-25 15:00:00+00:00,21.7,VALID,3320.1448,VALID,23.509986,VALID,Warning,WARN: High flow rate detected (Flood risk)
2026-07-25 16:00:00+00:00,21.7,VALID,3737.8176,VALID,23.525988,VALID,Warning,WARN: High flow rate detected (Flood risk)
2026-07-25 17:00:00+00:00,21.8,VALID,4028.0648,VALID,23.532084,VALID,Warning,WARN: High flow rate detected (Flood risk)
2026-07-25 18:00:00+00:00,21.8,VALID,4077.6192,VALID,23.53056,VALID,Warning,WARN: High flow rate detected (Flood risk)
2026-07-25 19:00:00+00:00,21.9,VALID,4197.9655999999995,VALID,23.534370000000003,VALID,Warning,WARN: High flow rate detected (Flood risk)
2026-07-25 20:00:00+00:00,21.9,VALID,4268.7576,VALID,23.514558,VALID,Warning,WARN: High flow rate detected (Flood risk)
2026-07-25 21:00:00+00:00,22.0,VALID,4367.8664,VALID,23.49246,VALID,Warning,WARN: High flow rate detected (Flood risk)
2026-07-25 22:00:00+00:00,22.0,VALID,4417.4208,VALID,23.504652,VALID,Warning,WARN: High flow rate detected (Flood risk)
2026-07-25 23:00:00+00:00,22.0,VALID,4672.272,VALID,23.506938,VALID,Warning,WARN: High flow rate detected (Flood risk)
2026-07-26 00:00:00+00:00,22.1,VALID,4566.084,VALID,23.512272000000003,VALID,Warning,WARN: High flow rate detected (Flood risk)
2026-07-26 01:00:00+00:00,22.0,VALID,4622.7176,VALID,23.500842,VALID,Warning,WARN: High flow rate detected (Flood risk)
2026-07-26 02:00:00+00:00,22.0,VALID,4353.7080000000005,VALID,23.503128,VALID,Warning,WARN: High flow rate detected (Flood risk)
2026-07-26 03:00:00+00:00,22.0,VALID,4233.3616,VALID,23.490174,VALID,Warning,WARN: High flow rate detected (Flood risk)
2026-07-26 04:00:00+00:00,21.9,VALID,3851.0848,VALID,23.486364000000002,VALID,Warning,WARN: High flow rate detected (Flood risk)
2026-07-26 05:00:00+00:00,21.9,VALID,3716.58,VALID,23.451312,VALID,Warning,WARN: High flow rate detected (Flood risk)
2026-07-26 06:00:00+00:00,21.9,VALID,3567.9168,VALID,23.41245,VALID,Warning,WARN: High flow rate detected (Flood risk)
2026-07-26 07:00:00+00:00,21.8,VALID,3362.62,VALID,23.45055,VALID,Warning,WARN: High flow rate detected (Flood risk)
2026-07-26 08:00:00+00:00,21.8,VALID,3532.5208,VALID,23.471886,VALID,Warning,WARN: High flow rate detected (Flood risk)
2026-07-26 09:00:00+00:00,21.8,VALID,3376.7784,VALID,23.467314000000002,VALID,Warning,WARN: High flow rate detected (Flood risk)
2026-07-26 10:00:00+00:00,21.7,VALID,3482.9664,VALID,23.465028000000004,VALID,Warning,WARN: High flow rate detected (Flood risk)
2026-07-26 11:00:00+00:00,21.7,VALID,3525.4416,VALID,23.47341,VALID,Warning,WARN: High flow rate detected (Flood risk)
2026-07-26 12:00:00+00:00,21.7,VALID,3171.4816,VALID,23.477982,VALID,Warning,WARN: High flow rate detected (Flood risk)
2026-07-26 13:00:00+00:00,21.7,VALID,2673.10592,VALID,23.475696,VALID,Warning,WARN: High flow rate detected (Flood risk)
2026-07-26 14:00:00+00:00,21.6,VALID,2544.9724,VALID,23.468837999999998,VALID,Warning,WARN: High flow rate detected (Flood risk)
2026-07-26 15:00:00+00:00,21.7,VALID,2518.77936,VALID,23.467314000000002,VALID,Warning,WARN: High flow rate detected (Flood risk)
2026-07-26 16:00:00+00:00,21.7,VALID,2421.79432,VALID,23.474172,VALID,Warning,WARN: High flow rate detected (Flood risk)
2026-07-26 17:00:00+00:00,21.7,VALID,2429.58144,VALID,23.472648,VALID,Warning,WARN: High flow rate detected (Flood risk)
2026-07-26 18:00:00+00:00,21.7,VALID,2963.3531199999998,VALID,23.461218000000002,VALID,Warning,WARN: High flow rate detected (Flood risk)
2026-07-26 19:00:00+00:00,21.8,VALID,2649.0366400000003,VALID,23.452074000000003,VALID,Warning,WARN: High flow rate detected (Flood risk)
2026-07-26 20:00:00+00:00,21.8,VALID,3153.7835999999998,VALID,23.460456,VALID,Warning,WARN: High flow rate detected (Flood risk)
2026-07-26 21:00:00+00:00,21.8,VALID,3475.8872,VALID,23.466552,VALID,Warning,WARN: High flow rate detected (Flood risk)
2026-07-26 22:00:00+00:00,21.9,VALID,3582.0751999999998,VALID,23.468076,VALID,Warning,WARN: High flow rate detected (Flood risk)
2026-07-26 23:00:00+00:00,21.9,VALID,3574.996,VALID,23.475696000000003,VALID,Warning,WARN: High flow rate detected (Flood risk)
2026-07-27 00:00:00+00:00,21.9,VALID,3298.9072,VALID,23.470362,VALID,Warning,WARN: High flow rate detected (Flood risk)
2026-07-27 01:00:00+00:00,21.9,VALID,3468.808,VALID,23.478744000000003,VALID,Warning,WARN: High flow rate detected (Flood risk)
2026-07-27 02:00:00+00:00,21.9,VALID,3539.6,VALID,23.535894,VALID,Warning,WARN: High flow rate detected (Flood risk)
2026-07-27 03:00:00+00:00,21.9,VALID,3872.3224,VALID,23.573232,VALID,Warning,WARN: High flow rate detected (Flood risk)
2026-07-27 04:00:00+00:00,21.9,VALID,3836.9264,VALID,23.574756,VALID,Warning,WARN: High flow rate detected (Flood risk)
2026-07-27 05:00:00+00:00,21.8,VALID,3341.3824,VALID,23.513796,VALID,Warning,WARN: High flow rate detected (Flood risk)
2026-07-27 06:00:00+00:00,21.8,VALID,3058.2144,VALID,23.522178,VALID,Warning,WARN: High flow rate detected (Flood risk)
2026-07-27 07:00:00+00:00,21.8,VALID,3171.4816,VALID,23.544276000000004,VALID,Warning,WARN: High flow rate detected (Flood risk)
2026-07-27 08:00:00+00:00,21.8,VALID,3348.4616,VALID,23.548086,VALID,Warning,WARN: High flow rate detected (Flood risk)
2026-07-27 09:00:00+00:00,21.7,VALID,3518.3624,VALID,23.494746,VALID,Warning,WARN: High flow rate detected (Flood risk)
2026-07-27 10:00:00+00:00,21.7,VALID,3638.7088,VALID,23.503128,VALID,Warning,WARN: High flow rate detected (Flood risk)
2026-07-27 11:00:00+00:00,21.7,VALID,3461.7288,VALID,23.49627,VALID,Warning,WARN: High flow rate detected (Flood risk)
2026-07-27 12:00:00+00:00,21.7,VALID,3001.5807999999997,VALID,23.48484,VALID,Warning,WARN: High flow rate detected (Flood risk)
2026-07-27 13:00:00+00:00,21.6,VALID,2787.78896,VALID,23.465028,VALID,Warning,WARN: High flow rate detected (Flood risk)
2026-07-27 14:00:00+00:00,21.6,VALID,2666.02672,VALID,23.459694000000002,VALID,Warning,WARN: High flow rate detected (Flood risk)
2026-07-27 15:00:00+00:00,21.6,VALID,2417.5468,VALID,23.461980000000004,VALID,Warning,WARN: High flow rate detected (Flood risk)
2026-07-27 16:00:00+00:00,21.6,VALID,2525.15064,VALID,23.458170000000003,VALID,Warning,WARN: High flow rate detected (Flood risk)
2026-07-27 17:00:00+00:00,21.7,VALID,2633.4624,VALID,23.449788,VALID,Warning,WARN: High flow rate detected (Flood risk)
2026-07-27 18:00:00+00:00,21.7,VALID,2537.1852799999997,VALID,23.437596000000003,VALID,Warning,WARN: High flow rate detected (Flood risk)
2026-07-27 19:00:00+00:00,21.8,VALID,2438.7844,VALID,23.430738,VALID,Warning,WARN: High flow rate detected (Flood risk)
2026-07-27 20:00:00+00:00,21.8,VALID,2697.88312,VALID,23.4315,VALID,Warning,WARN: High flow rate detected (Flood risk)
2026-07-27 21:00:00+00:00,21.8,VALID,3865.2432,VALID,23.442168000000002,VALID,Warning,WARN: High flow rate detected (Flood risk)
2026-07-27 22:00:00+00:00,21.9,VALID,3617.4712,VALID,23.440644000000002,VALID,Warning,WARN: High flow rate detected (Flood risk)
2026-07-27 23:00:00+00:00,21.9,VALID,3716.58,VALID,23.440644000000002,VALID,Warning,WARN: High flow rate detected (Flood risk)
2026-07-28 00:00:00+00:00,21.9,VALID,3667.0256,VALID,23.423118000000002,VALID,Warning,WARN: High flow rate detected (Flood risk)
2026-07-28 01:00:00+00:00,21.9,VALID,3759.0552,VALID,23.519892000000002,VALID,Warning,WARN: High flow rate detected (Flood risk)
2026-07-28 02:00:00+00:00,21.9,VALID,4247.52,VALID,23.552658,VALID,Warning,WARN: High flow rate detected (Flood risk)
2026-07-28 03:00:00+00:00,22.0,VALID,3964.352,VALID,23.502366000000002,VALID,Warning,WARN: High flow rate detected (Flood risk)
2026-07-28 04:00:00+00:00,21.9,VALID,3490.0456,VALID,23.474172,VALID,Warning,WARN: High flow rate detected (Flood risk)
2026-07-28 05:00:00+00:00,21.9,VALID,3320.1448,VALID,23.525988,VALID,Warning,WARN: High flow rate detected (Flood risk)
2026-07-28 06:00:00+00:00,21.9,VALID,3235.1944,VALID,23.53056,VALID,Warning,WARN: High flow rate detected (Flood risk)
2026-07-28 07:00:00+00:00,21.9,VALID,3079.452,VALID,23.487126000000004,VALID,Warning,WARN: High flow rate detected (Flood risk)
2026-07-28 08:00:00+00:00,21.9,VALID,3051.1352,VALID,23.484840000000002,VALID,Warning,WARN: High flow rate detected (Flood risk)
2026-07-28 09:00:00+00:00,21.8,VALID,3036.9768,VALID,23.500842000000002,VALID,Warning,WARN: High flow rate detected (Flood risk)
2026-07-28 10:00:00+00:00,21.8,VALID,3072.3728,VALID,23.486364000000002,VALID,Warning,WARN: High flow rate detected (Flood risk)
2026-07-28 11:00:00+00:00,21.8,VALID,3419.2536,VALID,23.465790000000002,VALID,Warning,WARN: High flow rate detected (Flood risk)
2026-07-28 12:00:00+00:00,21.8,VALID,3114.848,VALID,23.449026000000003,VALID,Warning,WARN: High flow rate detected (Flood risk)
2026-07-28 13:00:00+00:00,21.8,VALID,2896.80864,VALID,23.45055,VALID,Warning,WARN: High flow rate detected (Flood risk)
2026-07-28 14:00:00+00:00,21.7,VALID,2828.1404,VALID,23.449026000000003,VALID,Warning,WARN: High flow rate detected (Flood risk)
2026-07-28 15:00:00+00:00,21.7,VALID,2783.54144,VALID,23.451312,VALID,Warning,WARN: High flow rate detected (Flood risk)
2026-07-28 16:00:00+00:00,21.7,VALID,3398.016,VALID,23.41626,VALID,Warning,WARN: High flow rate detected (Flood risk)
2026-07-28 17:00:00+00:00,21.7,VALID,3419.2536,VALID,23.428452,VALID,Warning,WARN: High flow rate detected (Flood risk)
2026-07-28 18:00:00+00:00,21.8,VALID,3751.9759999999997,VALID,23.407116000000002,VALID,Warning,WARN: High flow rate detected (Flood risk)
2026-07-28 19:00:00+00:00,21.8,VALID,3610.392,VALID,23.396448,VALID,Warning,WARN: High flow rate detected (Flood risk)
2026-07-28 20:00:00+00:00,21.8,VALID,3815.6888,VALID,23.39721,VALID,Warning,WARN: High flow rate detected (Flood risk)
2026-07-28 21:00:00+00:00,21.9,VALID,3822.768,VALID,23.382732,VALID,Warning,WARN: High flow rate detected (Flood risk)
2026-07-28 22:00:00+00:00,22.0,VALID,3773.2136,VALID,23.365968000000002,VALID,Warning,WARN: High flow rate detected (Flood risk)
2026-07-28 23:00:00+00:00,22.0,VALID,3645.788,VALID,23.421594,VALID,Warning,WARN: High flow rate detected (Flood risk)
2026-07-29 00:00:00+00:00,22.0,VALID,3794.4512,VALID,23.466552,VALID,Warning,WARN: High flow rate detected (Flood risk)
2026-07-29 01:00:00+00:00,22.0,VALID,3928.956,VALID,23.544276,VALID,Warning,WARN: High flow rate detected (Flood risk)
2026-07-29 02:00:00+00:00,22.0,VALID,4516.5296,VALID,23.634192000000002,VALID,Warning,WARN: High flow rate detected (Flood risk)
2026-07-29 03:00:00+00:00,22.0,VALID,4651.0344000000005,VALID,23.729442000000002,VALID,Warning,WARN: High flow rate detected (Flood risk)
2026-07-29 04:00:00+00:00,22.0,VALID,4905.8856,VALID,23.746968000000003,VALID,Warning,WARN: High flow rate detected (Flood risk)
2026-07-29 05:00:00+00:00,22.0,VALID,4509.4504,VALID,23.672292000000002,VALID,Warning,WARN: High flow rate detected (Flood risk)
2026-07-29 06:00:00+00:00,22.0,VALID,3773.2136,VALID,23.56866,VALID,Warning,WARN: High flow rate detected (Flood risk)
2026-07-29 07:00:00+00:00,21.9,VALID,3362.62,VALID,23.563326,VALID,Warning,WARN: High flow rate detected (Flood risk)
2026-07-29 08:00:00+00:00,21.9,VALID,3242.2736,VALID,23.567135999999998,VALID,Warning,WARN: High flow rate detected (Flood risk)
2026-07-29 09:00:00+00:00,21.9,VALID,3412.1744,VALID,23.501604,VALID,Warning,WARN: High flow rate detected (Flood risk)
2026-07-29 10:00:00+00:00,21.9,VALID,3482.9664000000002,VALID,23.422356,VALID,Warning,WARN: High flow rate detected (Flood risk)
2026-07-29 11:00:00+00:00,21.9,VALID,3235.1944,VALID,23.404068000000002,VALID,Warning,WARN: High flow rate detected (Flood risk)
2026-07-29 12:00:00+00:00,21.8,VALID,2850.08592,VALID,23.398734,VALID,Warning,WARN: High flow rate detected (Flood risk)
2026-07-29 13:00:00+00:00,21.8,VALID,2651.86832,VALID,23.353776000000003,VALID,Warning,WARN: High flow rate detected (Flood risk)
2026-07-29 14:00:00+00:00,21.8,VALID,2651.1603999999998,VALID,23.315676000000003,VALID,Warning,WARN: High flow rate detected (Flood risk)
2026-07-29 15:00:00+00:00,21.8,VALID,2548.5119999999997,VALID,23.292816000000002,VALID,Warning,WARN: High flow rate detected (Flood risk)
2026-07-29 16:00:00+00:00,21.9,VALID,2519.48728,VALID,23.260812,VALID,Warning,WARN: High flow rate detected (Flood risk)
2026-07-29 17:00:00+00:00,21.9,VALID,2498.9575999999997,VALID,23.218902,VALID,Warning,WARN: High flow rate detected (Flood risk)
2026-07-29 18:00:00+00:00,21.9,VALID,3504.2039999999997,VALID,23.186136,VALID,Warning,WARN: High flow rate detected (Flood risk)
2026-07-29 19:00:00+00:00,21.9,VALID,3334.3032000000003,VALID,23.165562,VALID,Warning,WARN: High flow rate detected (Flood risk)
2026-07-29 20:00:00+00:00,22.0,VALID,3051.84312,VALID,23.13813,VALID,Warning,WARN: High flow rate detected (Flood risk)
2026-07-29 21:00:00+00:00,22.0,VALID,3327.2239999999997,VALID,23.133558,VALID,Warning,WARN: High flow rate detected (Flood risk)
2026-07-29 22:00:00+00:00,22.1,VALID,3659.9464,VALID,23.177754,VALID,Warning,WARN: High flow rate detected (Flood risk)
2026-07-29 23:00:00+00:00,22.1,VALID,4113.0152,VALID,23.218140000000002,VALID,Warning,WARN: High flow rate detected (Flood risk)
2026-07-30 00:00:00+00:00,22.1,VALID,4580.242399999999,VALID,23.283672000000003,VALID,Warning,WARN: High flow rate detected (Flood risk)
2026-07-30 01:00:00+00:00,22.1,VALID,4608.5592,VALID,23.365206,VALID,Warning,WARN: High flow rate detected (Flood risk)
2026-07-30 02:00:00+00:00,22.1,VALID,4672.272,VALID,23.439120000000003,VALID,Warning,WARN: High flow rate detected (Flood risk)
2026-07-30 03:00:00+00:00,22.1,VALID,4445.7376,VALID,23.464266000000002,VALID,Warning,WARN: High flow rate detected (Flood risk)
2026-07-30 04:00:00+00:00,22.0,VALID,4530.688,VALID,23.532084,VALID,Warning,WARN: High flow rate detected (Flood risk)
2026-07-30 05:00:00+00:00,22.0,VALID,3907.7183999999997,VALID,23.5077,VALID,Warning,WARN: High flow rate detected (Flood risk)
2026-07-30 06:00:00+00:00,22.0,VALID,3305.9864,VALID,23.441406,VALID,Warning,WARN: High flow rate detected (Flood risk)
2026-07-30 07:00:00+00:00,22.0,VALID,3249.3528,VALID,23.465790000000002,VALID,Warning,WARN: High flow rate detected (Flood risk)
2026-07-30 08:00:00+00:00,21.9,VALID,3454.6495999999997,VALID,23.518368000000002,VALID,Warning,WARN: High flow rate detected (Flood risk)
2026-07-30 09:00:00+00:00,21.9,VALID,3341.3824,VALID,23.494746,VALID,Warning,WARN: High flow rate detected (Flood risk)
2026-07-30 10:00:00+00:00,21.9,VALID,3454.6495999999997,VALID,23.449788,VALID,Warning,WARN: High flow rate detected (Flood risk)
2026-07-30 11:00:00+00:00,21.8,VALID,3433.412,VALID,23.452836,VALID,Warning,WARN: High flow rate detected (Flood risk)
2026-07-30 12:00:00+00:00,21.8,VALID,3525.4416,VALID,23.455884,VALID,Warning,WARN: High flow rate detected (Flood risk)
2026-07-30 13:00:00+00:00,21.8,VALID,3178.5608,VALID,23.433024000000003,VALID,Warning,WARN: High flow rate detected (Flood risk)
2026-07-30 14:00:00+00:00,21.8,VALID,2740.35832,VALID,23.415498,VALID,Warning,WARN: High flow rate detected (Flood risk)
2026-07-30 15:00:00+00:00,21.8,VALID,2884.06608,VALID,23.398734,VALID,Warning,WARN: High flow rate detected (Flood risk)
2026-07-30 16:00:00+00:00,21.8,VALID,3206.8776,VALID,23.400258,VALID,Warning,WARN: High flow rate detected (Flood risk)
2026-07-30 17:00:00+00:00,21.9,VALID,3560.8376,VALID,23.37816,VALID,Warning,WARN: High flow rate detected (Flood risk)
2026-07-30 18:00:00+00:00,21.9,VALID,3617.4712,VALID,23.396448,VALID,Warning,WARN: High flow rate detected (Flood risk)
2026-07-30 19:00:00+00:00,22.0,VALID,3723.6592,VALID,23.404830000000004,VALID,Warning,WARN: High flow rate detected (Flood risk)
2026-07-30 20:00:00+00:00,22.0,VALID,3610.392,VALID,23.394162,VALID,Warning,WARN: High flow rate detected (Flood risk)
2026-07-30 21:00:00+00:00,22.1,VALID,3504.2039999999997,VALID,23.402544000000002,VALID,Warning,WARN: High flow rate detected (Flood risk)
2026-07-30 22:00:00+00:00,22.1,VALID,3659.9464,VALID,23.426928,VALID,Warning,WARN: High flow rate detected (Flood risk)
2026-07-30 23:00:00+00:00,22.1,VALID,3858.1639999999998,VALID,23.469600000000003,VALID,Warning,WARN: High flow rate detected (Flood risk)
2026-07-31 00:00:00+00:00,22.1,VALID,3879.4016,VALID,23.495508,VALID,Warning,WARN: High flow rate detected (Flood risk)
2026-07-31 01:00:00+00:00,22.1,VALID,3723.6592,VALID,23.508462,VALID,Warning,WARN: High flow rate detected (Flood risk)
2026-07-31 02:00:00+00:00,22.1,VALID,3291.828,VALID,23.523702,VALID,Warning,WARN: High flow rate detected (Flood risk)
2026-07-31 03:00:00+00:00,22.1,VALID,3079.452,VALID,23.54961,VALID,Warning,WARN: High flow rate detected (Flood risk)
2026-07-31 04:00:00+00:00,22.1,VALID,2966.89272,VALID,23.554182,VALID,Warning,WARN: High flow rate detected (Flood risk)
2026-07-31 05:00:00+00:00,22.0,VALID,3058.2144,VALID,23.5458,VALID,Warning,WARN: High flow rate detected (Flood risk)
2026-07-31 06:00:00+00:00,22.0,VALID,3121.9272,VALID,23.559516000000002,VALID,Warning,WARN: High flow rate detected (Flood risk)
2026-07-31 07:00:00+00:00,22.0,VALID,3206.8776,VALID,23.572470000000003,VALID,Warning,WARN: High flow rate detected (Flood risk)
2026-07-31 08:00:00+00:00,21.9,VALID,2937.868,VALID,23.553420000000003,VALID,Warning,WARN: High flow rate detected (Flood risk)
2026-07-31 09:00:00+00:00,21.9,VALID,3036.9768,VALID,23.546562,VALID,Warning,WARN: High flow rate detected (Flood risk)
2026-07-31 10:00:00+00:00,21.8,VALID,2884.774,VALID,23.554182,VALID,Warning,WARN: High flow rate detected (Flood risk)
2026-07-31 11:00:00+00:00,21.8,VALID,2966.1848,VALID,23.552658,VALID,Warning,WARN: High flow rate detected (Flood risk)
2026-07-31 12:00:00+00:00,21.8,VALID,3270.5904,VALID,23.537418000000002,VALID,Warning,WARN: High flow rate detected (Flood risk)
2026-07-31 13:00:00+00:00,21.8,VALID,2894.68488,VALID,23.522940000000002,VALID,Warning,WARN: High flow rate detected (Flood risk)
2026-07-31 14:00:00+00:00,21.8,VALID,2763.71968,VALID,23.523702,VALID,Warning,WARN: High flow rate detected (Flood risk)
2026-07-31 15:00:00+00:00,21.8,VALID,2622.8436,VALID,23.516082,VALID,Warning,WARN: High flow rate detected (Flood risk)
2026-07-31 16:00:00+00:00,21.8,VALID,2635.58616,VALID,23.502366000000002,VALID,Warning,WARN: High flow rate detected (Flood risk)
2026-07-31 17:00:00+00:00,21.8,VALID,2925.12544,VALID,23.493222000000003,VALID,Warning,WARN: High flow rate detected (Flood risk)
2026-07-31 18:00:00+00:00,21.8,VALID,2778.5860000000002,VALID,23.486364000000002,VALID,Warning,WARN: High flow rate detected (Flood risk)
2026-07-31 19:00:00+00:00,21.9,VALID,2677.35344,VALID,23.474934,VALID,Warning,WARN: High flow rate detected (Flood risk)
2026-07-31 20:00:00+00:00,21.9,VALID,3075.20448,VALID,23.45436,VALID,Warning,WARN: High flow rate detected (Flood risk)
2026-07-31 21:00:00+00:00,21.9,VALID,3000.87288,VALID,23.445978,VALID,Warning,WARN: High flow rate detected (Flood risk)
2026-07-31 22:00:00+00:00,22.0,VALID,2956.98184,VALID,23.493222000000003,VALID,Warning,WARN: High flow rate detected (Flood risk)
2026-07-31 23:00:00+00:00,22.0,VALID,3088.65496,VALID,23.558754,VALID,Warning,WARN: High flow rate detected (Flood risk)
2026-08-01 00:00:00+00:00,22.0,VALID,4035.1440000000002,VALID,23.554182,VALID,Warning,WARN: High flow rate detected (Flood risk)
2026-08-01 01:00:00+00:00,22.0,VALID,4233.3616,VALID,23.580852,VALID,Warning,WARN: High flow rate detected (Flood risk)
2026-08-01 02:00:00+00:00,22.0,VALID,4155.4904,VALID,23.622,VALID,Warning,WARN: High flow rate detected (Flood risk)
2026-08-01 03:00:00+00:00,22.0,VALID,3631.6295999999998,VALID,23.633430000000004,VALID,Warning,WARN: High flow rate detected (Flood risk)
2026-08-01 04:00:00+00:00,22.0,VALID,3355.5407999999998,VALID,23.615142000000002,VALID,Warning,WARN: High flow rate detected (Flood risk)
2026-08-01 05:00:00+00:00,22.0,VALID,3256.432,VALID,23.569422000000003,VALID,Warning,WARN: High flow rate detected (Flood risk)
2026-08-01 06:00:00+00:00,22.0,VALID,3320.1448,VALID,23.57247,VALID,Warning,WARN: High flow rate detected (Flood risk)
2026-08-01 07:00:00+00:00,22.0,VALID,3440.4912,VALID,23.593806,VALID,Warning,WARN: High flow rate detected (Flood risk)
2026-08-01 08:00:00+00:00,21.9,VALID,3305.9864,VALID,23.59533,VALID,Warning,WARN: High flow rate detected (Flood risk)
2026-08-01 09:00:00+00:00,21.9,VALID,3546.6792,VALID,23.56485,VALID,Warning,WARN: High flow rate detected (Flood risk)
2026-08-01 10:00:00+00:00,21.9,VALID,3638.7088,VALID,23.554182,VALID,Warning,WARN: High flow rate detected (Flood risk)
2026-08-01 11:00:00+00:00,21.8,VALID,3603.3127999999997,VALID,23.558754,VALID,Warning,WARN: High flow rate detected (Flood risk)
2026-08-01 12:00:00+00:00,21.8,VALID,3943.1144,VALID,23.547324000000003,VALID,Warning,WARN: High flow rate detected (Flood risk)
2026-08-01 13:00:00+00:00,21.8,VALID,3582.0752,VALID,23.544276000000004,VALID,Warning,WARN: High flow rate detected (Flood risk)
2026-08-01 14:00:00+00:00,21.8,VALID,3355.5407999999998,VALID,23.51913,VALID,Warning,WARN: High flow rate detected (Flood risk)
2026-08-01 15:00:00+00:00,21.8,VALID,3702.4216,VALID,23.510748,VALID,Warning,WARN: High flow rate detected (Flood risk)
2026-08-01 16:00:00+00:00,21.8,VALID,3589.1544,VALID,23.50008,VALID,Warning,WARN: High flow rate detected (Flood risk)
2026-08-01 17:00:00+00:00,21.8,VALID,3936.0352,VALID,23.498556,VALID,Warning,WARN: High flow rate detected (Flood risk)
2026-08-01 18:00:00+00:00,21.8,VALID,3921.8768,VALID,23.487888,VALID,Warning,WARN: High flow rate detected (Flood risk)
2026-08-01 19:00:00+00:00,21.9,VALID,4013.9064,VALID,23.479506,VALID,Warning,WARN: High flow rate detected (Flood risk)
2026-08-01 20:00:00+00:00,21.9,VALID,3999.748,VALID,23.472648000000003,VALID,Warning,WARN: High flow rate detected (Flood risk)
2026-08-01 21:00:00+00:00,22.0,VALID,3978.5104,VALID,23.4696,VALID,Warning,WARN: High flow rate detected (Flood risk)
2026-08-01 22:00:00+00:00,22.0,VALID,3744.8968,VALID,23.466552,VALID,Warning,WARN: High flow rate detected (Flood risk)
2026-08-01 23:00:00+00:00,22.0,VALID,4020.9856,VALID,23.486364000000002,VALID,Warning,WARN: High flow rate detected (Flood risk)
2026-08-02 00:00:00+00:00,22.1,VALID,3999.748,VALID,23.50389,VALID,Warning,WARN: High flow rate detected (Flood risk)
2026-08-02 01:00:00+00:00,22.1,VALID,4169.6488,VALID,23.521416000000002,VALID,Warning,WARN: High flow rate detected (Flood risk)
2026-08-02 02:00:00+00:00,22.0,VALID,3900.6391999999996,VALID,23.519130000000004,VALID,Warning,WARN: High flow rate detected (Flood risk)
2026-08-02 03:00:00+00:00,22.0,VALID,3596.2336,VALID,23.535894,VALID,Warning,WARN: High flow rate detected (Flood risk)
2026-08-02 04:00:00+00:00,22.0,VALID,3490.0456,VALID,23.535132,VALID,Warning,WARN: High flow rate detected (Flood risk)
2026-08-02 05:00:00+00:00,22.0,VALID,3589.1544,VALID,23.53818,VALID,Warning,WARN: High flow rate detected (Flood risk)
2026-08-02 06:00:00+00:00,21.9,VALID,3950.1936,VALID,23.554944000000003,VALID,Warning,WARN: High flow rate detected (Flood risk)
2026-08-02 07:00:00+00:00,21.9,VALID,3759.0552,VALID,23.53056,VALID,Warning,WARN: High flow rate detected (Flood risk)
2026-08-02 08:00:00+00:00,21.8,VALID,3362.62,VALID,23.52675,VALID,Warning,WARN: High flow rate detected (Flood risk)
2026-08-02 09:00:00+00:00,21.8,VALID,3497.1247999999996,VALID,23.508462,VALID,Warning,WARN: High flow rate detected (Flood risk)
2026-08-02 10:00:00+00:00,21.7,VALID,3376.7783999999997,VALID,23.508462,VALID,Warning,WARN: High flow rate detected (Flood risk)
2026-08-02 11:00:00+00:00,21.7,VALID,3136.0856,VALID,23.48865,VALID,Warning,WARN: High flow rate detected (Flood risk)
2026-08-02 12:00:00+00:00,21.7,VALID,3171.4816,VALID,23.482554,VALID,Warning,WARN: High flow rate detected (Flood risk)
2026-08-02 13:00:00+00:00,21.6,VALID,2842.2988,VALID,23.475696,VALID,Warning,WARN: High flow rate detected (Flood risk)
2026-08-02 14:00:00+00:00,21.6,VALID,3270.5904,VALID,23.475696000000003,VALID,Warning,WARN: High flow rate detected (Flood risk)
2026-08-02 15:00:00+00:00,21.6,VALID,3546.6791999999996,VALID,23.484840000000002,VALID,Warning,WARN: High flow rate detected (Flood risk)
2026-08-02 16:00:00+00:00,21.6,VALID,3355.5407999999998,VALID,23.484840000000002,VALID,Warning,WARN: High flow rate detected (Flood risk)
2026-08-02 17:00:00+00:00,21.6,VALID,3716.58,VALID,23.48865,VALID,Warning,WARN: High flow rate detected (Flood risk)
2026-08-02 18:00:00+00:00,21.6,VALID,3815.6888,VALID,23.493222,VALID,Warning,WARN: High flow rate detected (Flood risk)
2026-08-02 19:00:00+00:00,21.6,VALID,3844.0056,VALID,23.494746,VALID,Warning,WARN: High flow rate detected (Flood risk)
2026-08-02 20:00:00+00:00,21.7,VALID,3723.6592,VALID,23.503890000000002,VALID,Warning,WARN: High flow rate detected (Flood risk)
2026-08-02 21:00:00+00:00,21.7,VALID,3490.0456,VALID,23.518368000000002,VALID,Warning,WARN: High flow rate detected (Flood risk)
2026-08-02 22:00:00+00:00,21.7,VALID,3674.1048,VALID,23.5458,VALID,Warning,WARN: High flow rate detected (Flood risk)
2026-08-02 23:00:00+00:00,21.7,VALID,3624.5504,VALID,23.541228,VALID,Warning,WARN: High flow rate detected (Flood risk)
2026-08-03 00:00:00+00:00,21.7,VALID,3504.2039999999997,VALID,23.534370000000003,VALID,Warning,WARN: High flow rate detected (Flood risk)
2026-08-03 01:00:00+00:00,21.7,VALID,3433.412,VALID,23.540466000000002,VALID,Warning,WARN: High flow rate detected (Flood risk)
2026-08-03 02:00:00+00:00,21.6,VALID,3320.1448,VALID,23.5458,VALID,Warning,WARN: High flow rate detected (Flood risk)
2026-08-03 03:00:00+00:00,21.6,VALID,3199.7983999999997,VALID,23.541228,VALID,Warning,WARN: High flow rate detected (Flood risk)
2026-08-03 04:00:00+00:00,21.6,VALID,2987.4224,VALID,23.501604,VALID,Warning,WARN: High flow rate detected (Flood risk)
2026-08-03 05:00:00+00:00,21.6,VALID,2944.9472,VALID,23.484840000000002,VALID,Warning,WARN: High flow rate detected (Flood risk)
2026-08-03 06:00:00+00:00,21.5,VALID,3199.7983999999997,VALID,23.497794,VALID,Warning,WARN: High flow rate detected (Flood risk)
2026-08-03 07:00:00+00:00,21.5,VALID,3129.0063999999998,VALID,23.482554,VALID,Warning,WARN: High flow rate detected (Flood risk)
2026-08-03 08:00:00+00:00,21.5,VALID,3079.452,VALID,23.436834,VALID,Warning,WARN: High flow rate detected (Flood risk)
2026-08-03 09:00:00+00:00,21.4,VALID,2906.71952,VALID,23.455884,VALID,Warning,WARN: High flow rate detected (Flood risk)
2026-08-03 10:00:00+00:00,21.4,VALID,2980.3432000000003,VALID,23.458170000000003,VALID,Warning,WARN: High flow rate detected (Flood risk)
2026-08-03 11:00:00+00:00,21.4,VALID,3086.5312,VALID,23.455122000000003,VALID,Warning,WARN: High flow rate detected (Flood risk)
2026-08-03 12:00:00+00:00,21.4,VALID,3206.16968,VALID,23.436834000000005,VALID,Warning,WARN: High flow rate detected (Flood risk)
2026-08-03 13:00:00+00:00,21.3,VALID,2701.42272,VALID,23.449788,VALID,Warning,WARN: High flow rate detected (Flood risk)
2026-08-03 14:00:00+00:00,21.3,VALID,3011.49168,VALID,23.44293,VALID,Warning,WARN: High flow rate detected (Flood risk)
2026-08-03 15:00:00+00:00,21.3,VALID,2864.24432,VALID,23.429214,VALID,Warning,WARN: High flow rate detected (Flood risk)
2026-08-03 16:00:00+00:00,21.3,VALID,2485.50712,VALID,23.42007,VALID,Warning,WARN: High flow rate detected (Flood risk)
2026-08-03 17:00:00+00:00,21.3,VALID,2506.74472,VALID,23.425404,VALID,Warning,WARN: High flow rate detected (Flood risk)
2026-08-03 18:00:00+00:00,21.4,VALID,2441.61608,VALID,23.417783999999997,VALID,Warning,WARN: High flow rate detected (Flood risk)
2026-08-03 19:00:00+00:00,21.4,VALID,2466.39328,VALID,23.449787999999998,VALID,Warning,WARN: High flow rate detected (Flood risk)
2026-08-03 20:00:00+00:00,21.4,VALID,2604.43768,VALID,23.446740000000002,VALID,Warning,WARN: High flow rate detected (Flood risk)
2026-08-03 21:00:00+00:00,21.5,VALID,2803.3632,VALID,23.443692000000002,VALID,Warning,WARN: High flow rate detected (Flood risk)
2026-08-03 22:00:00+00:00,21.5,VALID,2793.45232,VALID,23.444454,VALID,Warning,WARN: High flow rate detected (Flood risk)
2026-08-03 23:00:00+00:00,21.6,VALID,2782.1256000000003,VALID,23.479506,VALID,Warning,WARN: High flow rate detected (Flood risk)
2026-08-04 00:00:00+00:00,21.6,VALID,2780.7097599999997,VALID,23.48103,VALID,Warning,WARN: High flow rate detected (Flood risk)
2026-08-04 01:00:00+00:00,21.6,VALID,3284.7488000000003,VALID,23.489412,VALID,Warning,WARN: High flow rate detected (Flood risk)
2026-08-04 02:00:00+00:00,21.6,VALID,3390.9368,VALID,23.506938,VALID,Warning,WARN: High flow rate detected (Flood risk)
2026-08-04 03:00:00+00:00,21.6,VALID,3320.1448,VALID,23.533608,VALID,Warning,WARN: High flow rate detected (Flood risk)
2026-08-04 04:00:00+00:00,21.6,VALID,3518.3624,VALID,23.542752,VALID,Warning,WARN: High flow rate detected (Flood risk)
2026-08-04 05:00:00+00:00,21.6,VALID,3079.452,VALID,23.503128,VALID,Warning,WARN: High flow rate detected (Flood risk)
2026-08-04 06:00:00+00:00,21.5,VALID,2901.05616,VALID,23.497032,VALID,Warning,WARN: High flow rate detected (Flood risk)
2026-08-04 07:00:00+00:00,21.5,VALID,3044.0559999999996,VALID,23.484078000000004,VALID,Warning,WARN: High flow rate detected (Flood risk)
2026-08-04 08:00:00+00:00,21.5,VALID,3036.9768,VALID,23.482554,VALID,Warning,WARN: High flow rate detected (Flood risk)
2026-08-04 09:00:00+00:00,21.4,VALID,3341.3824,VALID,23.433024000000003,VALID,Warning,WARN: High flow rate detected (Flood risk)
2026-08-04 10:00:00+00:00,21.4,VALID,3086.5312,VALID,23.427690000000002,VALID,Warning,WARN: High flow rate detected (Flood risk)
2026-08-04 11:00:00+00:00,21.4,VALID,3065.2936,VALID,23.397972000000003,VALID,Warning,WARN: High flow rate detected (Flood risk)
2026-08-04 12:00:00+00:00,21.4,VALID,3044.056,VALID,23.382732,VALID,Warning,WARN: High flow rate detected (Flood risk)
2026-08-04 13:00:00+00:00,21.3,VALID,2941.4076,VALID,23.360634,VALID,Warning,WARN: High flow rate detected (Flood risk)
2026-08-04 14:00:00+00:00,21.3,VALID,2636.29408,VALID,23.34006,VALID,Warning,WARN: High flow rate detected (Flood risk)
2026-08-04 15:00:00+00:00,21.3,VALID,2603.72976,VALID,23.308056,VALID,Warning,WARN: High flow rate detected (Flood risk)
2026-08-04 16:00:00+00:00,21.3,VALID,2491.1704799999998,VALID,23.315676000000003,VALID,Warning,WARN: High flow rate detected (Flood risk)
2026-08-04 17:00:00+00:00,21.4,VALID,2522.31896,VALID,23.318724,VALID,Warning,WARN: High flow rate detected (Flood risk)
2026-08-04 18:00:00+00:00,21.4,VALID,2571.87336,VALID,23.30196,VALID,Warning,WARN: High flow rate detected (Flood risk)
2026-08-04 19:00:00+00:00,21.5,VALID,2537.8932,VALID,23.288244000000002,VALID,Warning,WARN: High flow rate detected (Flood risk)
2026-08-04 20:00:00+00:00,21.5,VALID,2548.5119999999997,VALID,23.326344000000002,VALID,Warning,WARN: High flow rate detected (Flood risk)
2026-08-04 21:00:00+00:00,21.5,VALID,2830.97208,VALID,23.304246,VALID,Warning,WARN: High flow rate detected (Flood risk)
2026-08-04 22:00:00+00:00,21.6,VALID,3100.6896,VALID,23.296626000000003,VALID,Warning,WARN: High flow rate detected (Flood risk)
2026-08-04 23:00:00+00:00,21.6,VALID,2974.67984,VALID,23.292816000000002,VALID,Warning,WARN: High flow rate detected (Flood risk)
2026-08-05 00:00:00+00:00,21.7,VALID,3277.6696,VALID,23.341584,VALID,Warning,WARN: High flow rate detected (Flood risk)
2026-08-05 01:00:00+00:00,21.7,VALID,3610.392,VALID,23.345394000000002,VALID,Warning,WARN: High flow rate detected (Flood risk)
2026-08-05 02:00:00+00:00,21.7,VALID,3504.204,VALID,23.371302,VALID,Warning,WARN: High flow rate detected (Flood risk)
2026-08-05 03:00:00+00:00,21.7,VALID,3461.7288,VALID,23.381208,VALID,Warning,WARN: High flow rate detected (Flood risk)
2026-08-05 04:00:00+00:00,21.7,VALID,3900.6391999999996,VALID,23.41626,VALID,Warning,WARN: High flow rate detected (Flood risk)
2026-08-05 05:00:00+00:00,21.7,VALID,3695.3424,VALID,23.398734,VALID,Warning,WARN: High flow rate detected (Flood risk)
2026-08-05 06:00:00+00:00,21.7,VALID,3284.7488,VALID,23.368254,VALID,Warning,WARN: High flow rate detected (Flood risk)
2026-08-05 07:00:00+00:00,21.7,VALID,3164.4024,VALID,23.362920000000003,VALID,Warning,WARN: High flow rate detected (Flood risk)
2026-08-05 08:00:00+00:00,21.7,VALID,3086.5312,VALID,23.371302,VALID,Warning,WARN: High flow rate detected (Flood risk)
2026-08-05 09:00:00+00:00,21.7,VALID,3000.16496,VALID,23.350728,VALID,Warning,WARN: High flow rate detected (Flood risk)
2026-08-05 10:00:00+00:00,21.6,VALID,2906.0116,VALID,23.32101,VALID,Warning,WARN: High flow rate detected (Flood risk)
2026-08-05 11:00:00+00:00,21.6,VALID,2839.46712,VALID,23.311866000000002,VALID,Warning,WARN: High flow rate detected (Flood risk)
2026-08-05 12:00:00+00:00,21.6,VALID,3001.5808,VALID,23.289768000000002,VALID,Warning,WARN: High flow rate detected (Flood risk)
2026-08-05 13:00:00+00:00,21.6,VALID,2567.6258399999997,VALID,23.269194,VALID,Warning,WARN: High flow rate detected (Flood risk)
2026-08-05 14:00:00+00:00,21.5,VALID,2536.47736,VALID,23.248620000000003,VALID,Warning,WARN: High flow rate detected (Flood risk)
2026-08-05 15:00:00+00:00,21.5,VALID,2417.5468,VALID,23.234142000000002,VALID,Warning,WARN: High flow rate detected (Flood risk)
2026-08-05 16:00:00+00:00,21.5,VALID,2843.00672,VALID,23.257002,VALID,Warning,WARN: High flow rate detected (Flood risk)
2026-08-05 17:00:00+00:00,21.6,VALID,2472.05664,VALID,23.25624,VALID,Warning,WARN: High flow rate detected (Flood risk)
2026-08-05 18:00:00+00:00,21.6,VALID,2630.63072,VALID,23.24481,VALID,Warning,WARN: High flow rate detected (Flood risk)
2026-08-05 19:00:00+00:00,21.6,VALID,2473.47248,VALID,23.249382,VALID,Warning,WARN: High flow rate detected (Flood risk)
2026-08-05 20:00:00+00:00,21.6,VALID,2534.3536,VALID,23.2791,VALID,Warning,WARN: High flow rate detected (Flood risk)
2026-08-05 21:00:00+00:00,21.7,VALID,3468.808,VALID,23.284434,VALID,Warning,WARN: High flow rate detected (Flood risk)
2026-08-05 22:00:00+00:00,21.7,VALID,3872.3224,VALID,23.275290000000002,VALID,Warning,WARN: High flow rate detected (Flood risk)
2026-08-05 23:00:00+00:00,21.8,VALID,3355.5407999999998,VALID,23.318724,VALID,Warning,WARN: High flow rate detected (Flood risk)
2026-08-06 00:00:00+00:00,21.8,VALID,3751.9759999999997,VALID,23.360634,VALID,Warning,WARN: High flow rate detected (Flood risk)
2026-08-06 01:00:00+00:00,21.9,VALID,3879.4016,VALID,23.413212,VALID,Warning,WARN: High flow rate detected (Flood risk)
2026-08-06 02:00:00+00:00,21.9,VALID,4728.9056,VALID,23.445216000000002,VALID,Warning,WARN: High flow rate detected (Flood risk)
2026-08-06 03:00:00+00:00,21.9,VALID,4608.5592,VALID,23.490174,VALID,Warning,WARN: High flow rate detected (Flood risk)
2026-08-06 04:00:00+00:00,21.9,VALID,4360.7872,VALID,23.439120000000003,VALID,Warning,WARN: High flow rate detected (Flood risk)
2026-08-06 05:00:00+00:00,21.9,VALID,3787.372,VALID,23.433024000000003,VALID,Warning,WARN: High flow rate detected (Flood risk)
2026-08-06 06:00:00+00:00,21.8,VALID,3405.0951999999997,VALID,23.436072000000003,VALID,Warning,WARN: High flow rate detected (Flood risk)
2026-08-06 07:00:00+00:00,21.8,VALID,3235.1944,VALID,23.455884000000005,VALID,Warning,WARN: High flow rate detected (Flood risk)
2026-08-06 08:00:00+00:00,21.8,VALID,3185.64,VALID,23.409402,VALID,Warning,WARN: High flow rate detected (Flood risk)
2026-08-06 09:00:00+00:00,21.8,VALID,3093.6104,VALID,23.391876000000003,VALID,Warning,WARN: High flow rate detected (Flood risk)
2026-08-06 10:00:00+00:00,21.8,VALID,3129.0064,VALID,23.368254,VALID,Warning,WARN: High flow rate detected (Flood risk)
2026-08-06 11:00:00+00:00,21.8,VALID,2903.8878400000003,VALID,23.360634,VALID,Warning,WARN: High flow rate detected (Flood risk)
2026-08-06 12:00:00+00:00,21.7,VALID,3036.9768,VALID,23.333202,VALID,Warning,WARN: High flow rate detected (Flood risk)
2026-08-06 13:00:00+00:00,21.7,VALID,2985.29864,VALID,23.312628,VALID,Warning,WARN: High flow rate detected (Flood risk)
2026-08-06 14:00:00+00:00,21.7,VALID,2782.83352,VALID,23.287482000000004,VALID,Warning,WARN: High flow rate detected (Flood risk)
2026-08-06 15:00:00+00:00,21.7,VALID,2399.8487999999998,VALID,23.270718,VALID,Warning,WARN: High flow rate detected (Flood risk)
2026-08-06 16:00:00+00:00,21.7,VALID,2569.7496,VALID,23.241,VALID,Warning,WARN: High flow rate detected (Flood risk)
2026-08-06 17:00:00+00:00,21.7,VALID,2502.4972,VALID,23.217378000000004,VALID,Warning,WARN: High flow rate detected (Flood risk)
2026-08-06 18:00:00+00:00,21.8,VALID,2588.15552,VALID,23.202138,VALID,Warning,WARN: High flow rate detected (Flood risk)
2026-08-06 19:00:00+00:00,21.8,VALID,2731.1553599999997,VALID,23.179278000000004,VALID,Warning,WARN: High flow rate detected (Flood risk)
2026-08-06 20:00:00+00:00,21.8,VALID,2901.05616,VALID,23.205948000000003,VALID,Warning,WARN: High flow rate detected (Flood risk)
2026-08-06 21:00:00+00:00,21.9,VALID,2894.68488,VALID,23.211282,VALID,Warning,WARN: High flow rate detected (Flood risk)
2026-08-06 22:00:00+00:00,22.0,VALID,3766.1344,VALID,23.253192000000002,VALID,Warning,WARN: High flow rate detected (Flood risk)
2026-08-06 23:00:00+00:00,22.0,VALID,4771.3808,VALID,23.315676,VALID,Warning,WARN: High flow rate detected (Flood risk)
2026-08-07 00:00:00+00:00,22.0,VALID,4920.044,VALID,23.372826000000003,VALID,Warning,WARN: High flow rate detected (Flood risk)
2026-08-07 01:00:00+00:00,22.0,VALID,4757.2224,VALID,23.39721,VALID,Warning,WARN: High flow rate detected (Flood risk)
2026-08-07 02:00:00+00:00,22.0,VALID,4679.3512,VALID,23.434548,VALID,Warning,WARN: High flow rate detected (Flood risk)
2026-08-07 03:00:00+00:00,22.0,VALID,4049.3024,VALID,23.484078,VALID,Warning,WARN: High flow rate detected (Flood risk)
2026-08-07 04:00:00+00:00,22.0,VALID,3992.6688,VALID,23.455884,VALID,Warning,WARN: High flow rate detected (Flood risk)
2026-08-07 05:00:00+00:00,22.0,VALID,3596.2336,VALID,23.455884,VALID,Warning,WARN: High flow rate detected (Flood risk)
2026-08-07 06:00:00+00:00,22.0,VALID,3091.48664,VALID,23.41626,VALID,Warning,WARN: High flow rate detected (Flood risk)
2026-08-07 07:00:00+00:00,21.9,VALID,2903.8878400000003,VALID,23.421594000000002,VALID,Warning,WARN: High flow rate detected (Flood risk)
2026-08-07 08:00:00+00:00,21.9,VALID,2966.1848,VALID,23.405592000000002,VALID,Warning,WARN: High flow rate detected (Flood risk)
2026-08-07 09:00:00+00:00,21.9,VALID,3051.1351999999997,VALID,23.436072000000003,VALID,Warning,WARN: High flow rate detected (Flood risk)
2026-08-07 10:00:00+00:00,21.9,VALID,3001.5807999999997,VALID,23.406354,VALID,Warning,WARN: High flow rate detected (Flood risk)
2026-08-07 11:00:00+00:00,21.8,VALID,3029.8976,VALID,23.407116000000002,VALID,Warning,WARN: High flow rate detected (Flood risk)
2026-08-07 12:00:00+00:00,21.8,VALID,3313.0656,VALID,23.39721,VALID,Warning,WARN: High flow rate detected (Flood risk)
2026-08-07 13:00:00+00:00,21.8,VALID,2840.17504,VALID,23.395685999999998,VALID,Warning,WARN: High flow rate detected (Flood risk)
2026-08-07 14:00:00+00:00,21.8,VALID,2968.30856,VALID,23.391876000000003,VALID,Warning,WARN: High flow rate detected (Flood risk)
2026-08-07 15:00:00+00:00,21.8,VALID,2498.24968,VALID,23.361396000000003,VALID,Warning,WARN: High flow rate detected (Flood risk)
2026-08-07 16:00:00+00:00,21.8,VALID,2489.04672,VALID,23.360634,VALID,Warning,WARN: High flow rate detected (Flood risk)
2026-08-07 17:00:00+00:00,21.8,VALID,3010.07584,VALID,23.356824000000003,VALID,Warning,WARN: High flow rate detected (Flood risk)
2026-08-07 18:00:00+00:00,21.9,VALID,2678.0613599999997,VALID,23.351490000000002,VALID,Warning,WARN: High flow rate detected (Flood risk)
2026-08-07 19:00:00+00:00,22.0,VALID,3781.70864,VALID,23.34006,VALID,Warning,WARN: High flow rate detected (Flood risk)
2026-08-07 20:00:00+00:00,22.0,VALID,3992.6688,VALID,23.330154,VALID,Warning,WARN: High flow rate detected (Flood risk)
2026-08-07 21:00:00+00:00,22.0,VALID,3921.8768,VALID,23.385780000000004,VALID,Warning,WARN: High flow rate detected (Flood risk)
2026-08-07 22:00:00+00:00,22.0,VALID,4282.916,VALID,23.42388,VALID,Warning,WARN: High flow rate detected (Flood risk)
2026-08-07 23:00:00+00:00,22.1,VALID,4785.5392,VALID,23.513796,VALID,Warning,WARN: High flow rate detected (Flood risk)
2026-08-08 00:00:00+00:00,22.1,VALID,4700.5887999999995,VALID,23.541990000000002,VALID,Warning,WARN: High flow rate detected (Flood risk)
2026-08-08 01:00:00+00:00,22.1,VALID,4870.4896,VALID,23.603712,VALID,Warning,WARN: High flow rate detected (Flood risk)
2026-08-08 02:00:00+00:00,22.0,VALID,4820.9352,VALID,23.634192,VALID,Warning,WARN: High flow rate detected (Flood risk)
2026-08-08 03:00:00+00:00,22.0,VALID,4651.0344,VALID,23.667720000000003,VALID,Warning,WARN: High flow rate detected (Flood risk)
2026-08-08 04:00:00+00:00,22.0,VALID,4134.2528,VALID,23.628858,VALID,Warning,WARN: High flow rate detected (Flood risk)
2026-08-08 05:00:00+00:00,21.9,VALID,3631.6295999999998,VALID,23.589234,VALID,Warning,WARN: High flow rate detected (Flood risk)
2026-08-08 06:00:00+00:00,21.9,VALID,3546.6792,VALID,23.566374,VALID,Warning,WARN: High flow rate detected (Flood risk)
2026-08-08 07:00:00+00:00,21.9,VALID,3199.7983999999997,VALID,23.580090000000002,VALID,Warning,WARN: High flow rate detected (Flood risk)
2026-08-08 08:00:00+00:00,21.9,VALID,3348.4616,VALID,23.543514000000002,VALID,Warning,WARN: High flow rate detected (Flood risk)
2026-08-08 09:00:00+00:00,21.8,VALID,3305.9864,VALID,23.50008,VALID,Warning,WARN: High flow rate detected (Flood risk)
2026-08-08 10:00:00+00:00,21.8,VALID,3079.4519999999998,VALID,23.474934,VALID,Warning,WARN: High flow rate detected (Flood risk)
2026-08-08 11:00:00+00:00,21.8,VALID,2959.1056,VALID,23.457408,VALID,Warning,WARN: High flow rate detected (Flood risk)
2026-08-08 12:00:00+00:00,21.8,VALID,3369.6992,VALID,23.434548000000003,VALID,Warning,WARN: High flow rate detected (Flood risk)
2026-08-08 13:00:00+00:00,21.8,VALID,2957.6897599999998,VALID,23.456646000000003,VALID,Warning,WARN: High flow rate detected (Flood risk)
2026-08-08 14:00:00+00:00,21.7,VALID,2727.61576,VALID,23.441406,VALID,Warning,WARN: High flow rate detected (Flood risk)
2026-08-08 15:00:00+00:00,21.7,VALID,2532.93776,VALID,23.438358,VALID,Warning,WARN: High flow rate detected (Flood risk)
2026-08-08 16:00:00+00:00,21.7,VALID,2483.38336,VALID,23.440644000000002,VALID,Warning,WARN: High flow rate detected (Flood risk)
2026-08-08 17:00:00+00:00,21.8,VALID,2708.50192,VALID,23.427690000000002,VALID,Warning,WARN: High flow rate detected (Flood risk)
2026-08-08 18:00:00+00:00,21.8,VALID,3518.3624,VALID,23.4315,VALID,Warning,WARN: High flow rate detected (Flood risk)
2026-08-08 19:00:00+00:00,21.8,VALID,3957.2727999999997,VALID,23.43531,VALID,Warning,WARN: High flow rate detected (Flood risk)
2026-08-08 20:00:00+00:00,21.9,VALID,3631.6295999999998,VALID,23.43531,VALID,Warning,WARN: High flow rate detected (Flood risk)
2026-08-08 21:00:00+00:00,21.9,VALID,3702.4215999999997,VALID,23.417784,VALID,Warning,WARN: High flow rate detected (Flood risk)
2026-08-08 22:00:00+00:00,22.0,VALID,3759.0552,VALID,23.421594,VALID,Warning,WARN: High flow rate detected (Flood risk)
2026-08-08 23:00:00+00:00,22.0,VALID,3383.8576,VALID,23.437596,VALID,Warning,WARN: High flow rate detected (Flood risk)
2026-08-09 00:00:00+00:00,22.0,VALID,3192.7192,VALID,23.490174000000003,VALID,Warning,WARN: High flow rate detected (Flood risk)
2026-08-09 01:00:00+00:00,22.0,VALID,3723.6592,VALID,23.558754,VALID,Warning,WARN: High flow rate detected (Flood risk)
2026-08-09 02:00:00+00:00,22.0,VALID,4169.6488,VALID,23.589996,VALID,Warning,WARN: High flow rate detected (Flood risk)
2026-08-09 03:00:00+00:00,22.0,VALID,4105.936,VALID,23.559516000000002,VALID,Warning,WARN: High flow rate detected (Flood risk)
2026-08-09 04:00:00+00:00,21.9,VALID,3709.5008,VALID,23.58771,VALID,Warning,WARN: High flow rate detected (Flood risk)
2026-08-09 05:00:00+00:00,21.8,VALID,3440.4912,VALID,23.586948000000003,VALID,Warning,WARN: High flow rate detected (Flood risk)
2026-08-09 06:00:00+00:00,21.8,VALID,3490.0456,VALID,23.586186,VALID,Warning,WARN: High flow rate detected (Flood risk)
2026-08-09 07:00:00+00:00,21.8,VALID,3532.5208000000002,VALID,23.548848,VALID,Warning,WARN: High flow rate detected (Flood risk)
2026-08-09 08:00:00+00:00,21.8,VALID,3235.1944,VALID,23.554944000000003,VALID,Warning,WARN: High flow rate detected (Flood risk)
2026-08-09 09:00:00+00:00,21.7,VALID,3086.5312,VALID,23.535132,VALID,Warning,WARN: High flow rate detected (Flood risk)
2026-08-09 10:00:00+00:00,21.7,VALID,3100.6895999999997,VALID,23.525988,VALID,Warning,WARN: High flow rate detected (Flood risk)
2026-08-09 11:00:00+00:00,21.7,VALID,3178.5607999999997,VALID,23.510748,VALID,Warning,WARN: High flow rate detected (Flood risk)
2026-08-09 12:00:00+00:00,21.7,VALID,2869.9076800000003,VALID,23.500842000000002,VALID,Warning,WARN: High flow rate detected (Flood risk)
2026-08-09 13:00:00+00:00,21.7,VALID,3334.3032000000003,VALID,23.477220000000003,VALID,Warning,WARN: High flow rate detected (Flood risk)
2026-08-09 14:00:00+00:00,21.6,VALID,3029.8976000000002,VALID,23.462742,VALID,Warning,WARN: High flow rate detected (Flood risk)
2026-08-09 15:00:00+00:00,21.7,VALID,3235.1944,VALID,23.448264,VALID,Warning,WARN: High flow rate detected (Flood risk)
2026-08-09 16:00:00+00:00,21.7,VALID,3006.53624,VALID,23.42388,VALID,Warning,WARN: High flow rate detected (Flood risk)
2026-08-09 17:00:00+00:00,21.7,VALID,3164.4024,VALID,23.428452,VALID,Warning,WARN: High flow rate detected (Flood risk)
2026-08-09 18:00:00+00:00,21.8,VALID,3560.8376,VALID,23.415498,VALID,Warning,WARN: High flow rate detected (Flood risk)
2026-08-09 19:00:00+00:00,21.8,VALID,3681.184,VALID,23.411688,VALID,Warning,WARN: High flow rate detected (Flood risk)
2026-08-09 20:00:00+00:00,21.9,VALID,3582.0751999999998,VALID,23.400258,VALID,Warning,WARN: High flow rate detected (Flood risk)
2026-08-09 21:00:00+00:00,21.9,VALID,3652.8671999999997,VALID,23.386542,VALID,Warning,WARN: High flow rate detected (Flood risk)
2026-08-09 22:00:00+00:00,22.0,VALID,3482.9664,VALID,23.380446,VALID,Warning,WARN: High flow rate detected (Flood risk)
2026-08-09 23:00:00+00:00,22.0,VALID,3787.372,VALID,23.446740000000002,VALID,Warning,WARN: High flow rate detected (Flood risk)
2026-08-10 00:00:00+00:00,22.0,VALID,4282.916,VALID,23.470362,VALID,Warning,WARN: High flow rate detected (Flood risk)
2026-08-10 01:00:00+00:00,22.0,VALID,4297.0744,VALID,23.51913,VALID,Warning,WARN: High flow rate detected (Flood risk)
2026-08-10 02:00:00+00:00,22.0,VALID,4261.678400000001,VALID,23.545038,VALID,Warning,WARN: High flow rate detected (Flood risk)
2026-08-10 03:00:00+00:00,22.0,VALID,4424.5,VALID,23.595330000000004,VALID,Warning,WARN: High flow rate detected (Flood risk)
2026-08-10 04:00:00+00:00,22.0,VALID,4056.3815999999997,VALID,23.58009,VALID,Warning,WARN: High flow rate detected (Flood risk)
2026-08-10 05:00:00+00:00,21.9,VALID,3645.788,VALID,23.558754,VALID,Warning,WARN: High flow rate detected (Flood risk)
2026-08-10 06:00:00+00:00,21.8,VALID,3320.1448,VALID,23.55342,VALID,Warning,WARN: High flow rate detected (Flood risk)
2026-08-10 07:00:00+00:00,21.8,VALID,3454.6495999999997,VALID,23.567136,VALID,Warning,WARN: High flow rate detected (Flood risk)
2026-08-10 08:00:00+00:00,21.8,VALID,3291.828,VALID,23.580090000000002,VALID,Warning,WARN: High flow rate detected (Flood risk)
2026-08-10 09:00:00+00:00,21.8,VALID,3298.9072,VALID,23.542752,VALID,Warning,WARN: High flow rate detected (Flood risk)
2026-08-10 10:00:00+00:00,21.7,VALID,3065.2936,VALID,23.551896000000003,VALID,Warning,WARN: High flow rate detected (Flood risk)
2026-08-10 11:00:00+00:00,21.7,VALID,2859.28888,VALID,23.55342,VALID,Warning,WARN: High flow rate detected (Flood risk)
2026-08-10 12:00:00+00:00,21.7,VALID,3086.5312,VALID,23.546562,VALID,Warning,WARN: High flow rate detected (Flood risk)
2026-08-10 13:00:00+00:00,21.7,VALID,3001.5808,VALID,23.519892000000002,VALID,Warning,WARN: High flow rate detected (Flood risk)
2026-08-10 14:00:00+00:00,21.6,VALID,2763.71968,VALID,23.513034000000005,VALID,Warning,WARN: High flow rate detected (Flood risk)
2026-08-10 15:00:00+00:00,21.6,VALID,2934.3284,VALID,23.510748,VALID,Warning,WARN: High flow rate detected (Flood risk)
2026-08-10 16:00:00+00:00,21.7,VALID,3056.79856,VALID,23.497794,VALID,Warning,WARN: High flow rate detected (Flood risk)
2026-08-10 17:00:00+00:00,21.7,VALID,3348.4615999999996,VALID,23.479506,VALID,Warning,WARN: High flow rate detected (Flood risk)
2026-08-10 18:00:00+00:00,21.7,VALID,3405.0951999999997,VALID,23.462742000000002,VALID,Warning,WARN: High flow rate detected (Flood risk)
2026-08-10 19:00:00+00:00,21.8,VALID,3412.1744,VALID,23.45436,VALID,Warning,WARN: High flow rate detected (Flood risk)
2026-08-10 20:00:00+00:00,21.8,VALID,3405.0951999999997,VALID,23.434548,VALID,Warning,WARN: High flow rate detected (Flood risk)
2026-08-10 21:00:00+00:00,21.9,VALID,3468.808,VALID,23.404068000000002,VALID,Warning,WARN: High flow rate detected (Flood risk)
2026-08-10 22:00:00+00:00,21.9,VALID,3518.3624,VALID,23.402544000000002,VALID,Warning,WARN: High flow rate detected (Flood risk)
2026-08-10 23:00:00+00:00,21.9,VALID,3482.9664,VALID,23.44293,VALID,Warning,WARN: High flow rate detected (Flood risk)
2026-08-11 00:00:00+00:00,21.9,VALID,3674.1048,VALID,23.466552,VALID,Warning,WARN: High flow rate detected (Flood risk)
2026-08-11 01:00:00+00:00,22.0,VALID,3313.0656,VALID,23.458932,VALID,Warning,WARN: High flow rate detected (Flood risk)
2026-08-11 02:00:00+00:00,21.9,VALID,3249.3527999999997,VALID,23.449788,VALID,Warning,WARN: High flow rate detected (Flood risk)
2026-08-11 03:00:00+00:00,21.9,VALID,3327.2239999999997,VALID,23.455884,VALID,Warning,WARN: High flow rate detected (Flood risk)
2026-08-11 04:00:00+00:00,21.9,VALID,3164.4024,VALID,23.458932,VALID,Warning,WARN: High flow rate detected (Flood risk)
2026-08-11 05:00:00+00:00,21.8,VALID,3150.244,VALID,23.455884,VALID,Warning,WARN: High flow rate detected (Flood risk)
2026-08-11 06:00:00+00:00,21.8,VALID,3129.0063999999998,VALID,23.438358,VALID,Warning,WARN: High flow rate detected (Flood risk)
2026-08-11 07:00:00+00:00,21.8,VALID,3100.6895999999997,VALID,23.41626,VALID,Warning,WARN: High flow rate detected (Flood risk)
2026-08-11 08:00:00+00:00,21.7,VALID,2952.0263999999997,VALID,23.409402,VALID,Warning,WARN: High flow rate detected (Flood risk)
2026-08-11 09:00:00+00:00,21.7,VALID,2966.1848,VALID,23.41626,VALID,Warning,WARN: High flow rate detected (Flood risk)
2026-08-11 10:00:00+00:00,21.7,VALID,3022.8184,VALID,23.405592000000002,VALID,Warning,WARN: High flow rate detected (Flood risk)
2026-08-11 11:00:00+00:00,21.6,VALID,2790.62064,VALID,23.386542000000002,VALID,Warning,WARN: High flow rate detected (Flood risk)
2026-08-11 12:00:00+00:00,21.6,VALID,3058.2144,VALID,23.373588,VALID,Warning,WARN: High flow rate detected (Flood risk)
2026-08-11 13:00:00+00:00,21.6,VALID,2595.94264,VALID,23.35911,VALID,Warning,WARN: High flow rate detected (Flood risk)
2026-08-11 14:00:00+00:00,21.6,VALID,2552.75952,VALID,23.34768,VALID,Warning,WARN: High flow rate detected (Flood risk)
2026-08-11 15:00:00+00:00,21.6,VALID,2860.7047199999997,VALID,23.332440000000002,VALID,Warning,WARN: High flow rate detected (Flood risk)
2026-08-11 16:00:00+00:00,21.6,VALID,2365.16072,VALID,23.330154,VALID,Warning,WARN: High flow rate detected (Flood risk)
2026-08-11 17:00:00+00:00,21.6,VALID,2799.8235999999997,VALID,23.314152,VALID,Warning,WARN: High flow rate detected (Flood risk)
2026-08-11 18:00:00+00:00,21.6,VALID,3447.5704,VALID,23.289006,VALID,Warning,WARN: High flow rate detected (Flood risk)
2026-08-11 19:00:00+00:00,21.7,VALID,3461.7288,VALID,23.274528,VALID,Warning,WARN: High flow rate detected (Flood risk)
2026-08-11 20:00:00+00:00,21.7,VALID,3440.4912,VALID,23.256240000000002,VALID,Warning,WARN: High flow rate detected (Flood risk)
2026-08-11 21:00:00+00:00,21.8,VALID,3447.5704,VALID,23.246334,VALID,Warning,WARN: High flow rate detected (Flood risk)
2026-08-11 22:00:00+00:00,21.8,VALID,3603.3127999999997,VALID,23.279862,VALID,Warning,WARN: High flow rate detected (Flood risk)
2026-08-11 23:00:00+00:00,21.8,VALID,3674.1048,VALID,23.323296000000003,VALID,Warning,WARN: High flow rate detected (Flood risk)
2026-08-12 00:00:00+00:00,21.8,VALID,3766.1344,VALID,23.334726,VALID,Warning,WARN: High flow rate detected (Flood risk)
2026-08-12 01:00:00+00:00,21.8,VALID,3780.2928,VALID,23.330916000000002,VALID,Warning,WARN: High flow rate detected (Flood risk)
2026-08-12 02:00:00+00:00,21.8,VALID,3221.036,VALID,23.341583999999997,VALID,Warning,WARN: High flow rate detected (Flood risk)
2026-08-12 03:00:00+00:00,21.8,VALID,3383.8576,VALID,23.362158,VALID,Warning,WARN: High flow rate detected (Flood risk)
2026-08-12 04:00:00+00:00,21.8,VALID,3213.9568,VALID,23.357586,VALID,Warning,WARN: High flow rate detected (Flood risk)
2026-08-12 05:00:00+00:00,21.8,VALID,3263.5112,VALID,23.360634,VALID,Warning,WARN: High flow rate detected (Flood risk)
2026-08-12 06:00:00+00:00,21.8,VALID,3291.828,VALID,23.327868000000002,VALID,Warning,WARN: High flow rate detected (Flood risk)
2026-08-12 07:00:00+00:00,21.8,VALID,3228.1152,VALID,23.305008,VALID,Warning,WARN: High flow rate detected (Flood risk)
2026-08-12 08:00:00+00:00,21.8,VALID,3143.1648,VALID,23.306532,VALID,Warning,WARN: High flow rate detected (Flood risk)
2026-08-12 09:00:00+00:00,21.7,VALID,2980.3432000000003,VALID,23.351490000000002,VALID,Warning,WARN: High flow rate detected (Flood risk)
2026-08-12 10:00:00+00:00,21.7,VALID,3129.0064,VALID,23.34006,VALID,Warning,WARN: High flow rate detected (Flood risk)
2026-08-12 11:00:00+00:00,21.7,VALID,2821.76912,VALID,23.34006,VALID,Warning,WARN: High flow rate detected (Flood risk)
2026-08-12 12:00:00+00:00,21.7,VALID,2756.64048,VALID,23.348442,VALID,Warning,WARN: High flow rate detected (Flood risk)
2026-08-12 13:00:00+00:00,21.6,VALID,2799.8235999999997,VALID,23.356824000000003,VALID,Warning,WARN: High flow rate detected (Flood risk)
2026-08-12 14:00:00+00:00,21.6,VALID,3008.66,VALID,23.34006,VALID,Warning,WARN: High flow rate detected (Flood risk)
2026-08-12 15:00:00+00:00,21.6,VALID,2677.35344,VALID,23.333202,VALID,Warning,WARN: High flow rate detected (Flood risk)
2026-08-12 16:00:00+00:00,21.6,VALID,2901.05616,VALID,23.334726,VALID,Warning,WARN: High flow rate detected (Flood risk)
2026-08-12 17:00:00+00:00,21.6,VALID,3121.9272,VALID,23.342346,VALID,Warning,WARN: High flow rate detected (Flood risk)
2026-08-12 18:00:00+00:00,21.7,VALID,3468.808,VALID,23.33625,VALID,Warning,WARN: High flow rate detected (Flood risk)
2026-08-12 19:00:00+00:00,21.7,VALID,3305.9864,VALID,23.33244,VALID,Warning,WARN: High flow rate detected (Flood risk)
2026-08-12 20:00:00+00:00,21.8,VALID,3298.9071999999996,VALID,23.345394,VALID,Warning,WARN: High flow rate detected (Flood risk)
2026-08-12 21:00:00+00:00,21.8,VALID,3497.1248,VALID,23.337774000000003,VALID,Warning,WARN: High flow rate detected (Flood risk)
2026-08-12 22:00:00+00:00,21.9,VALID,3313.0656,VALID,23.342346,VALID,Warning,WARN: High flow rate detected (Flood risk)
2026-08-12 23:00:00+00:00,21.9,VALID,3553.7583999999997,VALID,23.402544,VALID,Warning,WARN: High flow rate detected (Flood risk)
2026-08-13 00:00:00+00:00,21.9,VALID,4077.6192,VALID,23.44293,VALID,Warning,WARN: High flow rate detected (Flood risk)
2026-08-13 01:00:00+00:00,21.9,VALID,4077.6192,VALID,23.436072000000003,VALID,Warning,WARN: High flow rate detected (Flood risk)
2026-08-13 02:00:00+00:00,21.9,VALID,3702.4216,VALID,23.448264,VALID,Warning,WARN: High flow rate detected (Flood risk)
2026-08-13 03:00:00+00:00,21.9,VALID,3454.6495999999997,VALID,23.478744000000003,VALID,Warning,WARN: High flow rate detected (Flood risk)
2026-08-13 04:00:00+00:00,21.9,VALID,3390.9368,VALID,23.497032,VALID,Warning,WARN: High flow rate detected (Flood risk)
2026-08-13 05:00:00+00:00,21.9,VALID,3284.7488,VALID,23.517606,VALID,Warning,WARN: High flow rate detected (Flood risk)
2026-08-13 06:00:00+00:00,21.9,VALID,3178.5608,VALID,23.491698,VALID,Warning,WARN: High flow rate detected (Flood risk)
2026-08-13 07:00:00+00:00,21.8,VALID,2980.3432000000003,VALID,23.496270000000003,VALID,Warning,WARN: High flow rate detected (Flood risk)
2026-08-13 08:00:00+00:00,21.8,VALID,3093.6104,VALID,23.503128,VALID,Warning,WARN: High flow rate detected (Flood risk)
2026-08-13 09:00:00+00:00,21.8,VALID,2863.5364,VALID,23.518368000000002,VALID,Warning,WARN: High flow rate detected (Flood risk)
2026-08-13 10:00:00+00:00,21.8,VALID,2944.9472,VALID,23.49246,VALID,Warning,WARN: High flow rate detected (Flood risk)
2026-08-13 11:00:00+00:00,21.8,VALID,2842.2988,VALID,23.495508,VALID,Warning,WARN: High flow rate detected (Flood risk)
2026-08-13 12:00:00+00:00,21.7,VALID,2661.07128,VALID,23.493222,VALID,Warning,WARN: High flow rate detected (Flood risk)
2026-08-13 13:00:00+00:00,21.7,VALID,2599.4822400000003,VALID,23.490936,VALID,Warning,WARN: High flow rate detected (Flood risk)
2026-08-13 14:00:00+00:00,21.7,VALID,2447.98736,VALID,23.478744,VALID,Warning,WARN: High flow rate detected (Flood risk)
2026-08-13 15:00:00+00:00,21.7,VALID,2370.82408,VALID,23.465028000000004,VALID,Warning,WARN: High flow rate detected (Flood risk)
2026-08-13 16:00:00+00:00,21.7,VALID,2650.45248,VALID,23.465028000000004,VALID,Warning,WARN: High flow rate detected (Flood risk)
2026-08-13 17:00:00+00:00,21.7,VALID,2531.52192,VALID,23.447502,VALID,Warning,WARN: High flow rate detected (Flood risk)
2026-08-13 18:00:00+00:00,21.8,VALID,2427.45768,VALID,23.445978,VALID,Warning,WARN: High flow rate detected (Flood risk)
2026-08-13 19:00:00+00:00,21.8,VALID,2715.58112,VALID,23.424642,VALID,Warning,WARN: High flow rate detected (Flood risk)
2026-08-13 20:00:00+00:00,21.8,VALID,2722.66032,VALID,23.410164,VALID,Warning,WARN: High flow rate detected (Flood risk)
2026-08-13 21:00:00+00:00,21.9,VALID,2650.45248,VALID,23.39721,VALID,Warning,WARN: High flow rate detected (Flood risk)
2026-08-13 22:00:00+00:00,22.0,VALID,2554.88328,VALID,23.418546,VALID,Warning,WARN: High flow rate detected (Flood risk)
2026-08-13 23:00:00+00:00,22.0,VALID,2627.09112,VALID,23.474934,VALID,Warning,WARN: High flow rate detected (Flood risk)
2026-08-14 00:00:00+00:00,22.0,VALID,3213.9568,VALID,23.510748000000003,VALID,Warning,WARN: High flow rate detected (Flood risk)
2026-08-14 01:00:00+00:00,22.1,VALID,3589.1544,VALID,23.519892000000002,VALID,Warning,WARN: High flow rate detected (Flood risk)
2026-08-14 02:00:00+00:00,22.1,VALID,3695.3424,VALID,23.538942000000002,VALID,Warning,WARN: High flow rate detected (Flood risk)
2026-08-14 03:00:00+00:00,22.1,VALID,3546.6792,VALID,23.559516000000002,VALID,Warning,WARN: High flow rate detected (Flood risk)
2026-08-14 04:00:00+00:00,22.1,VALID,3631.6296,VALID,23.544276,VALID,Warning,WARN: High flow rate detected (Flood risk)
2026-08-14 05:00:00+00:00,22.1,VALID,3107.7688,VALID,23.53818,VALID,Warning,WARN: High flow rate detected (Flood risk)
2026-08-14 06:00:00+00:00,22.1,VALID,3036.9768,VALID,23.53818,VALID,Warning,WARN: High flow rate detected (Flood risk)
2026-08-14 07:00:00+00:00,22.1,VALID,2815.39784,VALID,23.541990000000002,VALID,Warning,WARN: High flow rate detected (Flood risk)
2026-08-14 08:00:00+00:00,22.0,VALID,2937.868,VALID,23.525226000000004,VALID,Warning,WARN: High flow rate detected (Flood risk)
2026-08-14 09:00:00+00:00,22.0,VALID,3058.2144,VALID,23.521416000000002,VALID,Warning,WARN: High flow rate detected (Flood risk)
2026-08-14 10:00:00+00:00,22.0,VALID,2930.7888,VALID,23.509986,VALID,Warning,WARN: High flow rate detected (Flood risk)
2026-08-14 11:00:00+00:00,22.0,VALID,2944.9472,VALID,23.508462,VALID,Warning,WARN: High flow rate detected (Flood risk)
2026-08-14 12:00:00+00:00,22.0,VALID,2862.82848,VALID,23.490174,VALID,Warning,WARN: High flow rate detected (Flood risk)
2026-08-14 13:00:00+00:00,22.0,VALID,2896.80864,VALID,23.490936,VALID,Warning,WARN: High flow rate detected (Flood risk)
2026-08-14 14:00:00+00:00,21.9,VALID,2691.51184,VALID,23.485602,VALID,Warning,WARN: High flow rate detected (Flood risk)
2026-08-14 15:00:00+00:00,21.9,VALID,3012.1996,VALID,23.470362,VALID,Warning,WARN: High flow rate detected (Flood risk)
2026-08-14 16:00:00+00:00,21.9,VALID,2852.9175999999998,VALID,23.471124,VALID,Warning,WARN: High flow rate detected (Flood risk)
2026-08-14 17:00:00+00:00,22.0,VALID,2511.70016,VALID,23.461218000000002,VALID,Warning,WARN: High flow rate detected (Flood risk)
2026-08-14 18:00:00+00:00,22.0,VALID,2791.32856,VALID,23.448264,VALID,Warning,WARN: High flow rate detected (Flood risk)
2026-08-14 19:00:00+00:00,22.0,VALID,3291.828,VALID,23.434548000000003,VALID,Warning,WARN: High flow rate detected (Flood risk)
2026-08-14 20:00:00+00:00,22.1,VALID,2903.17992,VALID,23.433786,VALID,Warning,WARN: High flow rate detected (Flood risk)
2026-08-14 21:00:00+00:00,22.1,VALID,2874.1552,VALID,23.421594,VALID,Warning,WARN: High flow rate detected (Flood risk)
2026-08-14 22:00:00+00:00,22.2,VALID,2743.19,VALID,23.428452,VALID,Warning,WARN: High flow rate detected (Flood risk)
2026-08-14 23:00:00+00:00,22.2,VALID,2934.3284,VALID,23.434548,VALID,Warning,WARN: High flow rate detected (Flood risk)
2026-08-15 00:00:00+00:00,22.2,VALID,3221.036,VALID,23.453598000000003,VALID,Warning,WARN: High flow rate detected (Flood risk)
2026-08-15 01:00:00+00:00,22.3,VALID,3256.432,VALID,23.468838,VALID,Warning,WARN: High flow rate detected (Flood risk)
2026-08-15 02:00:00+00:00,22.3,VALID,3334.3032,VALID,23.471124000000003,VALID,Warning,WARN: High flow rate detected (Flood risk)
2026-08-15 03:00:00+00:00,22.3,VALID,3419.2536,VALID,23.481792,VALID,Warning,WARN: High flow rate detected (Flood risk)
2026-08-15 04:00:00+00:00,22.3,VALID,3369.6992,VALID,23.497794,VALID,Warning,WARN: High flow rate detected (Flood risk)
2026-08-15 05:00:00+00:00,22.3,VALID,3199.7984,VALID,23.489412,VALID,Warning,WARN: High flow rate detected (Flood risk)
2026-08-15 06:00:00+00:00,22.3,VALID,2973.264,VALID,23.455884,VALID,Warning,WARN: High flow rate detected (Flood risk)
2026-08-15 07:00:00+00:00,22.3,VALID,2779.29392,VALID,23.461218000000002,VALID,Warning,WARN: High flow rate detected (Flood risk)
2026-08-15 08:00:00+00:00,22.3,VALID,2868.49184,VALID,23.470362,VALID,Warning,WARN: High flow rate detected (Flood risk)
2026-08-15 09:00:00+00:00,22.3,VALID,2910.96704,VALID,23.468838,VALID,Warning,WARN: High flow rate detected (Flood risk)
2026-08-15 10:00:00+00:00,22.3,VALID,2950.61056,VALID,23.44293,VALID,Warning,WARN: High flow rate detected (Flood risk)
2026-08-15 11:00:00+00:00,22.2,VALID,2692.92768,VALID,23.45436,VALID,Warning,WARN: High flow rate detected (Flood risk)
2026-08-15 12:00:00+00:00,22.2,VALID,2823.18496,VALID,23.449788,VALID,Warning,WARN: High flow rate detected (Flood risk)
2026-08-15 13:00:00+00:00,22.2,VALID,2629.9228,VALID,23.436834,VALID,Warning,WARN: High flow rate detected (Flood risk)
2026-08-15 14:00:00+00:00,22.2,VALID,2952.0263999999997,VALID,23.430738,VALID,Warning,WARN: High flow rate detected (Flood risk)
2026-08-15 15:00:00+00:00,22.1,VALID,2678.76928,VALID,23.421594,VALID,Warning,WARN: High flow rate detected (Flood risk)
2026-08-15 16:00:00+00:00,22.2,VALID,2649.0366400000003,VALID,23.419308,VALID,Warning,WARN: High flow rate detected (Flood risk)
2026-08-15 17:00:00+00:00,22.2,VALID,3120.51136,VALID,23.410926,VALID,Warning,WARN: High flow rate detected (Flood risk)
2026-08-15 18:00:00+00:00,22.2,VALID,3093.6104,VALID,23.404068000000002,VALID,Warning,WARN: High flow rate detected (Flood risk)
2026-08-15 19:00:00+00:00,22.2,VALID,2979.63528,VALID,23.410926,VALID,Warning,WARN: High flow rate detected (Flood risk)
2026-08-15 20:00:00+00:00,22.2,VALID,3405.0951999999997,VALID,23.411688,VALID,Warning,WARN: High flow rate detected (Flood risk)
2026-08-15 21:00:00+00:00,22.3,VALID,3447.5704,VALID,23.3934,VALID,Warning,WARN: High flow rate detected (Flood risk)
2026-08-15 22:00:00+00:00,22.3,VALID,3582.0751999999998,VALID,23.429214,VALID,Warning,WARN: High flow rate detected (Flood risk)
2026-08-15 23:00:00+00:00,22.3,VALID,3907.7184,VALID,23.496270000000003,VALID,Warning,WARN: High flow rate detected (Flood risk)
2026-08-16 00:00:00+00:00,22.3,VALID,4056.3816,VALID,23.525226000000004,VALID,Warning,WARN: High flow rate detected (Flood risk)
2026-08-16 01:00:00+00:00,22.4,VALID,3759.0552,VALID,23.545038,VALID,Warning,WARN: High flow rate detected (Flood risk)
2026-08-16 02:00:00+00:00,22.4,VALID,4042.2232,VALID,23.5839,VALID,Warning,WARN: High flow rate detected (Flood risk)
2026-08-16 03:00:00+00:00,22.4,VALID,3936.0352,VALID,23.64486,VALID,Warning,WARN: High flow rate detected (Flood risk)
2026-08-16 04:00:00+00:00,22.4,VALID,3511.2832,VALID,23.67915,VALID,Warning,WARN: High flow rate detected (Flood risk)
2026-08-16 05:00:00+00:00,22.4,VALID,3546.6792,VALID,23.629620000000003,VALID,Warning,WARN: High flow rate detected (Flood risk)
2026-08-16 06:00:00+00:00,22.3,VALID,3136.0856,VALID,23.598378,VALID,Warning,WARN: High flow rate detected (Flood risk)
2026-08-16 07:00:00+00:00,22.3,VALID,3291.828,VALID,23.631906,VALID,Warning,WARN: High flow rate detected (Flood risk)
2026-08-16 08:00:00+00:00,22.3,VALID,3150.2439999999997,VALID,23.650194000000003,VALID,Warning,WARN: High flow rate detected (Flood risk)
2026-08-16 09:00:00+00:00,22.3,VALID,3036.9768,VALID,23.58009,VALID,Warning,WARN: High flow rate detected (Flood risk)
2026-08-16 10:00:00+00:00,22.3,VALID,2959.1056,VALID,23.560278,VALID,Warning,WARN: High flow rate detected (Flood risk)
2026-08-16 11:00:00+00:00,22.2,VALID,3093.6104,VALID,23.571708,VALID,Warning,WARN: High flow rate detected (Flood risk)
2026-08-16 12:00:00+00:00,22.2,VALID,2934.3284,VALID,23.559516000000002,VALID,Warning,WARN: High flow rate detected (Flood risk)
2026-08-16 13:00:00+00:00,22.2,VALID,2953.44224,VALID,23.529036,VALID,Warning,WARN: High flow rate detected (Flood risk)
2026-08-16 14:00:00+00:00,22.2,VALID,3206.8776,VALID,23.513796,VALID,Warning,WARN: High flow rate detected (Flood risk)
2026-08-16 15:00:00+00:00,22.2,VALID,3034.14512,VALID,23.513034000000005,VALID,Warning,WARN: High flow rate detected (Flood risk)
2026-08-16 16:00:00+00:00,22.2,VALID,2988.83824,VALID,23.491698,VALID,Warning,WARN: High flow rate detected (Flood risk)
2026-08-16 17:00:00+00:00,22.2,VALID,2627.79904,VALID,23.493222000000003,VALID,Warning,WARN: High flow rate detected (Flood risk)
2026-08-16 18:00:00+00:00,22.3,VALID,2644.78912,VALID,23.468838,VALID,Warning,WARN: High flow rate detected (Flood risk)
2026-08-16 19:00:00+00:00,22.3,VALID,3390.9368,VALID,23.458932,VALID,Warning,WARN: High flow rate detected (Flood risk)
2026-08-16 20:00:00+00:00,22.3,VALID,3475.8872,VALID,23.43531,VALID,Warning,WARN: High flow rate detected (Flood risk)
2026-08-16 21:00:00+00:00,22.4,VALID,3525.4416,VALID,23.430738,VALID,Warning,WARN: High flow rate detected (Flood risk)
2026-08-16 22:00:00+00:00,22.4,VALID,3454.6495999999997,VALID,23.404068000000002,VALID,Warning,WARN: High flow rate detected (Flood risk)
2026-08-16 23:00:00+00:00,22.4,VALID,3291.828,VALID,23.390352000000004,VALID,Warning,WARN: High flow rate detected (Flood risk)
2026-08-17 00:00:00+00:00,22.4,VALID,3058.2144,VALID,23.364444,VALID,Warning,WARN: High flow rate detected (Flood risk)
2026-08-17 01:00:00+00:00,22.4,VALID,3178.5608,VALID,23.365968000000002,VALID,Warning,WARN: High flow rate detected (Flood risk)
2026-08-17 02:00:00+00:00,22.4,VALID,2962.6452,VALID,23.38578,VALID,Warning,WARN: High flow rate detected (Flood risk)
2026-08-17 03:00:00+00:00,22.4,VALID,3123.34304,VALID,23.388828,VALID,Warning,WARN: High flow rate detected (Flood risk)
2026-08-17 04:00:00+00:00,22.4,VALID,2909.5512,VALID,23.394162,VALID,Warning,WARN: High flow rate detected (Flood risk)
2026-08-17 05:00:00+00:00,22.3,VALID,3065.2936,VALID,23.408640000000002,VALID,Warning,WARN: High flow rate detected (Flood risk)
2026-08-17 06:00:00+00:00,22.3,VALID,3079.452,VALID,23.41245,VALID,Warning,WARN: High flow rate detected (Flood risk)
2026-08-17 07:00:00+00:00,22.3,VALID,3015.7392,VALID,23.413974,VALID,Warning,WARN: High flow rate detected (Flood risk)
2026-08-17 08:00:00+00:00,22.3,VALID,3093.6104,VALID,23.417784,VALID,Warning,WARN: High flow rate detected (Flood risk)
2026-08-17 09:00:00+00:00,22.2,VALID,2930.7888,VALID,23.420832,VALID,Warning,WARN: High flow rate detected (Flood risk)
2026-08-17 10:00:00+00:00,22.2,VALID,2802.65528,VALID,23.417784,VALID,Warning,WARN: High flow rate detected (Flood risk)
2026-08-17 11:00:00+00:00,22.2,VALID,2831.6800000000003,VALID,23.413974,VALID,Warning,WARN: High flow rate detected (Flood risk)
2026-08-17 12:00:00+00:00,22.2,VALID,3036.9768,VALID,23.421594,VALID,Warning,WARN: High flow rate detected (Flood risk)
2026-08-17 13:00:00+00:00,22.1,VALID,2728.32368,VALID,23.419308,VALID,Warning,WARN: High flow rate detected (Flood risk)
2026-08-17 14:00:00+00:00,22.1,VALID,2733.27912,VALID,23.41626,VALID,Warning,WARN: High flow rate detected (Flood risk)
2026-08-17 15:00:00+00:00,22.1,VALID,2673.10592,VALID,23.42007,VALID,Warning,WARN: High flow rate detected (Flood risk)
2026-08-17 16:00:00+00:00,22.1,VALID,2480.55168,VALID,23.410926,VALID,Warning,WARN: High flow rate detected (Flood risk)
2026-08-17 17:00:00+00:00,22.1,VALID,2396.3092,VALID,23.409402,VALID,Warning,WARN: High flow rate detected (Flood risk)
2026-08-17 18:00:00+00:00,22.1,VALID,2475.59624,VALID,23.410164,VALID,Warning,WARN: High flow rate detected (Flood risk)
2026-08-17 19:00:00+00:00,22.2,VALID,2556.2991199999997,VALID,23.410926,VALID,Warning,WARN: High flow rate detected (Flood risk)
2026-08-17 20:00:00+00:00,22.2,VALID,2616.47232,VALID,23.413974000000003,VALID,Warning,WARN: High flow rate detected (Flood risk)
2026-08-17 21:00:00+00:00,22.2,VALID,2754.51672,VALID,23.406354,VALID,Warning,WARN: High flow rate detected (Flood risk)
2026-08-17 22:00:00+00:00,22.2,VALID,2806.19488,VALID,23.413974,VALID,Warning,WARN: High flow rate detected (Flood risk)
2026-08-17 23:00:00+00:00,22.2,VALID,3044.056,VALID,23.460456,VALID,Warning,WARN: High flow rate detected (Flood risk)
2026-08-18 00:00:00+00:00,22.2,VALID,3100.6896,VALID,23.475696000000003,VALID,Warning,WARN: High flow rate detected (Flood risk)
2026-08-18 01:00:00+00:00,22.2,VALID,3341.3824,VALID,23.476458,VALID,Warning,WARN: High flow rate detected (Flood risk)
2026-08-18 02:00:00+00:00,22.2,VALID,3390.9368,VALID,23.476458,VALID,Warning,WARN: High flow rate detected (Flood risk)
2026-08-18 03:00:00+00:00,22.2,VALID,3744.8968,VALID,23.504652,VALID,Warning,WARN: High flow rate detected (Flood risk)
2026-08-18 04:00:00+00:00,22.2,VALID,3461.7288,VALID,23.506938,VALID,Warning,WARN: High flow rate detected (Flood risk)
2026-08-18 05:00:00+00:00,22.2,VALID,3511.2832,VALID,23.523702,VALID,Warning,WARN: High flow rate detected (Flood risk)
2026-08-18 06:00:00+00:00,22.1,VALID,3532.5208,VALID,23.497032,VALID,Warning,WARN: High flow rate detected (Flood risk)
2026-08-18 07:00:00+00:00,22.1,VALID,3192.7192,VALID,23.50008,VALID,Warning,WARN: High flow rate detected (Flood risk)
2026-08-18 08:00:00+00:00,22.1,VALID,2946.36304,VALID,23.512272000000003,VALID,Warning,WARN: High flow rate detected (Flood risk)
2026-08-18 09:00:00+00:00,22.1,VALID,3114.848,VALID,23.517606,VALID,Warning,WARN: High flow rate detected (Flood risk)
2026-08-18 10:00:00+00:00,22.1,VALID,2944.9472,VALID,23.483316000000002,VALID,Warning,WARN: High flow rate detected (Flood risk)
2026-08-18 11:00:00+00:00,22.0,VALID,2930.7888,VALID,23.475696000000003,VALID,Warning,WARN: High flow rate detected (Flood risk)
2026-08-18 12:00:00+00:00,22.0,VALID,2783.54144,VALID,23.471124,VALID,Warning,WARN: High flow rate detected (Flood risk)
2026-08-18 13:00:00+00:00,22.0,VALID,2666.02672,VALID,23.489412,VALID,Warning,WARN: High flow rate detected (Flood risk)
2026-08-18 14:00:00+00:00,22.0,VALID,2423.2101599999996,VALID,23.484078000000004,VALID,Warning,WARN: High flow rate detected (Flood risk)
2026-08-18 15:00:00+00:00,22.0,VALID,2520.90312,VALID,23.48103,VALID,Warning,WARN: High flow rate detected (Flood risk)
2026-08-18 16:00:00+00:00,22.0,VALID,2472.05664,VALID,23.471886,VALID,Warning,WARN: High flow rate detected (Flood risk)
2026-08-18 17:00:00+00:00,22.0,VALID,2935.74424,VALID,23.484078000000004,VALID,Warning,WARN: High flow rate detected (Flood risk)
2026-08-18 18:00:00+00:00,22.0,VALID,3162.27864,VALID,23.484078000000004,VALID,Warning,WARN: High flow rate detected (Flood risk)
2026-08-18 19:00:00+00:00,22.1,VALID,3674.1048,VALID,23.476458,VALID,Warning,WARN: High flow rate detected (Flood risk)
2026-08-18 20:00:00+00:00,22.1,VALID,3405.0951999999997,VALID,23.477220000000003,VALID,Warning,WARN: High flow rate detected (Flood risk)
2026-08-18 21:00:00+00:00,22.1,VALID,3433.412,VALID,23.467314000000002,VALID,Warning,WARN: High flow rate detected (Flood risk)
2026-08-18 22:00:00+00:00,22.1,VALID,3369.6992,VALID,23.471886,VALID,Warning,WARN: High flow rate detected (Flood risk)
2026-08-18 23:00:00+00:00,22.2,VALID,3355.5407999999998,VALID,23.470362,VALID,Warning,WARN: High flow rate detected (Flood risk)
2026-08-19 00:00:00+00:00,22.2,VALID,3468.808,VALID,23.503128,VALID,Warning,WARN: High flow rate detected (Flood risk)
2026-08-19 01:00:00+00:00,22.2,VALID,3298.9071999999996,VALID,23.506176,VALID,Warning,WARN: High flow rate detected (Flood risk)
2026-08-19 02:00:00+00:00,22.2,VALID,2864.24432,VALID,23.487888,VALID,Warning,WARN: High flow rate detected (Flood risk)
2026-08-19 03:00:00+00:00,22.2,VALID,3200.50632,VALID,23.484078000000004,VALID,Warning,WARN: High flow rate detected (Flood risk)
2026-08-19 04:00:00+00:00,22.1,VALID,3058.2144,VALID,23.503890000000002,VALID,Warning,WARN: High flow rate detected (Flood risk)
2026-08-19 05:00:00+00:00,22.1,VALID,3164.4024,VALID,23.513796,VALID,Warning,WARN: High flow rate detected (Flood risk)
2026-08-19 06:00:00+00:00,22.1,VALID,3124.75888,VALID,23.411688,VALID,Warning,WARN: High flow rate detected (Flood risk)
2026-08-19 07:00:00+00:00,22.1,VALID,2650.45248,VALID,23.43531,VALID,Warning,WARN: High flow rate detected (Flood risk)
2026-08-19 08:00:00+00:00,22.1,VALID,2995.91744,VALID,23.5077,VALID,Warning,WARN: High flow rate detected (Flood risk)
2026-08-19 09:00:00+00:00,22.1,VALID,2952.0264,VALID,23.523702,VALID,Warning,WARN: High flow rate detected (Flood risk)
2026-08-19 10:00:00+00:00,22.1,VALID,3313.0656,VALID,23.42769,VALID,Warning,WARN: High flow rate detected (Flood risk)
2026-08-19 11:00:00+00:00,22.1,VALID,3100.6896,VALID,23.464266000000002,VALID,Warning,WARN: High flow rate detected (Flood risk)
2026-08-19 12:00:00+00:00,22.0,VALID,3171.4816,VALID,23.496270000000003,VALID,Warning,WARN: High flow rate detected (Flood risk)
2026-08-19 13:00:00+00:00,22.0,VALID,3157.3232,VALID,23.484078,VALID,Warning,WARN: High flow rate detected (Flood risk)
2026-08-19 14:00:00+00:00,22.0,VALID,2895.3928,VALID,23.448264,VALID,Warning,WARN: High flow rate detected (Flood risk)
2026-08-19 15:00:00+00:00,22.0,VALID,2569.04168,VALID,23.452074000000003,VALID,Warning,WARN: High flow rate detected (Flood risk)
2026-08-19 16:00:00+00:00,22.1,VALID,2561.96248,VALID,23.472648,VALID,Warning,WARN: High flow rate detected (Flood risk)
2026-08-19 17:00:00+00:00,22.1,VALID,2414.0072,VALID,23.452836,VALID,Warning,WARN: High flow rate detected (Flood risk)
2026-08-19 18:00:00+00:00,22.1,VALID,2397.7250400000003,VALID,23.437596000000003,VALID,Warning,WARN: High flow rate detected (Flood risk)
2026-08-19 19:00:00+00:00,22.1,VALID,2671.69008,VALID,23.438358,VALID,Warning,WARN: High flow rate detected (Flood risk)
2026-08-19 20:00:00+00:00,22.2,VALID,2520.90312,VALID,23.456646,VALID,Warning,WARN: High flow rate detected (Flood risk)
2026-08-19 21:00:00+00:00,22.2,VALID,3017.86296,VALID,23.439882,VALID,Warning,WARN: High flow rate detected (Flood risk)
2026-08-19 22:00:00+00:00,22.2,VALID,3773.2136,VALID,23.438358,VALID,Warning,WARN: High flow rate detected (Flood risk)
2026-08-19 23:00:00+00:00,22.3,VALID,3433.412,VALID,23.447502,VALID,Warning,WARN: High flow rate detected (Flood risk)
2026-08-20 00:00:00+00:00,22.3,VALID,3348.4615999999996,VALID,23.48103,VALID,Warning,WARN: High flow rate detected (Flood risk)
2026-08-20 01:00:00+00:00,22.3,VALID,2867.076,VALID,23.493984,VALID,Warning,WARN: High flow rate detected (Flood risk)
2026-08-20 02:00:00+00:00,22.3,VALID,3102.81336,VALID,23.503128,VALID,Warning,WARN: High flow rate detected (Flood risk)
2026-08-20 03:00:00+00:00,22.3,VALID,3358.37248,VALID,23.543514000000002,VALID,Warning,WARN: High flow rate detected (Flood risk)
2026-08-20 04:00:00+00:00,22.3,VALID,3582.0751999999998,VALID,23.589996,VALID,Warning,WARN: High flow rate detected (Flood risk)
2026-08-20 05:00:00+00:00,22.3,VALID,3872.3224,VALID,23.538942000000002,VALID,Warning,WARN: High flow rate detected (Flood risk)
2026-08-20 06:00:00+00:00,22.2,VALID,3284.7488,VALID,23.500842000000002,VALID,Warning,WARN: High flow rate detected (Flood risk)
2026-08-20 07:00:00+00:00,22.2,VALID,3050.42728,VALID,23.513796000000003,VALID,Warning,WARN: High flow rate detected (Flood risk)
2026-08-20 08:00:00+00:00,22.2,VALID,2788.4968799999997,VALID,23.537418000000002,VALID,Warning,WARN: High flow rate detected (Flood risk)
2026-08-20 09:00:00+00:00,22.2,VALID,2783.54144,VALID,23.495508,VALID,Warning,WARN: High flow rate detected (Flood risk)
2026-08-20 10:00:00+00:00,22.2,VALID,2772.92264,VALID,23.468838,VALID,Warning,WARN: High flow rate detected (Flood risk)
2026-08-20 11:00:00+00:00,22.2,VALID,2780.00184,VALID,23.461980000000004,VALID,Warning,WARN: High flow rate detected (Flood risk)
2026-08-20 12:00:00+00:00,22.1,VALID,2878.40272,VALID,23.458170000000003,VALID,Warning,WARN: High flow rate detected (Flood risk)
2026-08-20 13:00:00+00:00,22.1,VALID,2825.30872,VALID,23.434548,VALID,Warning,WARN: High flow rate detected (Flood risk)
2026-08-20 14:00:00+00:00,22.1,VALID,2585.32384,VALID,23.419308,VALID,Warning,WARN: High flow rate detected (Flood risk)
2026-08-20 15:00:00+00:00,22.1,VALID,2643.37328,VALID,23.41245,VALID,Warning,WARN: High flow rate detected (Flood risk)
2026-08-20 16:00:00+00:00,22.1,VALID,3362.62,VALID,23.410926,VALID,Warning,WARN: High flow rate detected (Flood risk)
2026-08-20 17:00:00+00:00,22.1,VALID,3440.4912,VALID,23.398734,VALID,Warning,WARN: High flow rate detected (Flood risk)
2026-08-20 18:00:00+00:00,22.2,VALID,3032.72928,VALID,23.395686,VALID,Warning,WARN: High flow rate detected (Flood risk)
2026-08-20 19:00:00+00:00,22.2,VALID,2755.9325599999997,VALID,23.38578,VALID,Warning,WARN: High flow rate detected (Flood risk)
2026-08-20 20:00:00+00:00,22.2,VALID,3426.3328,VALID,23.383494000000002,VALID,Warning,WARN: High flow rate detected (Flood risk)
2026-08-20 21:00:00+00:00,22.3,VALID,3482.9664,VALID,23.383494000000002,VALID,Warning,WARN: High flow rate detected (Flood risk)
2026-08-20 22:00:00+00:00,22.4,VALID,2846.54632,VALID,23.388828,VALID,Warning,WARN: High flow rate detected (Flood risk)
2026-08-20 23:00:00+00:00,22.4,VALID,3024.94216,VALID,23.439120000000003,VALID,Warning,WARN: High flow rate detected (Flood risk)
2026-08-21 00:00:00+00:00,22.4,VALID,4226.2824,VALID,23.484840000000002,VALID,Warning,WARN: High flow rate detected (Flood risk)
2026-08-21 01:00:00+00:00,22.4,VALID,3482.9664,VALID,23.48865,VALID,Warning,WARN: High flow rate detected (Flood risk)
2026-08-21 02:00:00+00:00,22.5,VALID,3667.0256,VALID,23.494746000000003,VALID,Warning,WARN: High flow rate detected (Flood risk)
2026-08-21 03:00:00+00:00,22.5,VALID,3836.9264000000003,VALID,23.52675,VALID,Warning,WARN: High flow rate detected (Flood risk)
2026-08-21 04:00:00+00:00,22.5,VALID,3383.8576,VALID,23.540466000000002,VALID,Warning,WARN: High flow rate detected (Flood risk)
2026-08-21 05:00:00+00:00,22.5,VALID,3759.0552,VALID,23.525988,VALID,Warning,WARN: High flow rate detected (Flood risk)
2026-08-21 06:00:00+00:00,22.5,VALID,3178.5608,VALID,23.504652,VALID,Warning,WARN: High flow rate detected (Flood risk)
2026-08-21 07:00:00+00:00,22.5,VALID,3114.848,VALID,23.487888,VALID,Warning,WARN: High flow rate detected (Flood risk)
2026-08-21 08:00:00+00:00,22.4,VALID,3029.8976,VALID,23.481792000000002,VALID,Warning,WARN: High flow rate detected (Flood risk)
2026-08-21 09:00:00+00:00,22.4,VALID,2888.3136,VALID,23.472648000000003,VALID,Warning,WARN: High flow rate detected (Flood risk)
2026-08-21 10:00:00+00:00,22.4,VALID,2902.4719999999998,VALID,23.445216000000002,VALID,Warning,WARN: High flow rate detected (Flood risk)
