dahiti_id,target_name,latitude,longitude,observed_at,month,wse,wse_u,source_record,source,month_observation_count
68,"Qarun, Lake",29.4635,30.601,2002-07-14T19:38:25Z,2002-07,-43.278,0.02,water-level-altimetry,DAHITI,1
68,"Qarun, Lake",29.4635,30.601,2002-08-18T19:38:23Z,2002-08,-43.583,0.004,water-level-altimetry,DAHITI,1
68,"Qarun, Lake",29.4635,30.601,2002-09-22T19:38:22Z,2002-09,-43.709,0.023,water-level-altimetry,DAHITI,1
68,"Qarun, Lake",29.4635,30.601,2002-10-27T19:38:26Z,2002-10,-43.564,0.004,water-level-altimetry,DAHITI,1
68,"Qarun, Lake",29.4635,30.601,2002-12-01T19:38:22Z,2002-12,-43.348,0.044,water-level-altimetry,DAHITI,1
68,"Qarun, Lake",29.4635,30.601,2003-04-20T19:38:26Z,2003-04,-43.062,0.003,water-level-altimetry,DAHITI,1
68,"Qarun, Lake",29.4635,30.601,2003-06-29T19:38:27Z,2003-06,-43.325,0.018,water-level-altimetry,DAHITI,1
68,"Qarun, Lake",29.4635,30.601,2003-08-03T19:38:32Z,2003-08,-43.508,0.003,water-level-altimetry,DAHITI,1
68,"Qarun, Lake",29.4635,30.601,2003-09-07T19:38:35Z,2003-09,-43.657,0.001,water-level-altimetry,DAHITI,1
68,"Qarun, Lake",29.4635,30.601,2003-10-12T19:38:31Z,2003-10,-43.664,0.007,water-level-altimetry,DAHITI,1
68,"Qarun, Lake",29.4635,30.601,2003-11-16T19:38:28Z,2003-11,-43.484,0.007,water-level-altimetry,DAHITI,1
68,"Qarun, Lake",29.4635,30.601,2003-12-21T19:38:31Z,2003-12,-43.336,0.053,water-level-altimetry,DAHITI,1
68,"Qarun, Lake",29.4635,30.601,2004-01-25T19:38:27Z,2004-01,-43.172,0.013,water-level-altimetry,DAHITI,1
68,"Qarun, Lake",29.4635,30.601,2004-02-29T19:38:28Z,2004-02,-42.278,0.003,water-level-altimetry,DAHITI,1
68,"Qarun, Lake",29.4635,30.601,2004-04-04T19:38:29Z,2004-04,-43.121,0.009,water-level-altimetry,DAHITI,1
68,"Qarun, Lake",29.4635,30.601,2004-05-09T19:38:28Z,2004-05,-43.175,0.011,water-level-altimetry,DAHITI,1
68,"Qarun, Lake",29.4635,30.601,2004-06-13T19:38:33Z,2004-06,-43.405,0.099,water-level-altimetry,DAHITI,1
68,"Qarun, Lake",29.4635,30.601,2004-08-22T19:38:31Z,2004-08,-43.674,0.003,water-level-altimetry,DAHITI,1
68,"Qarun, Lake",29.4635,30.601,2004-10-31T19:38:33Z,2004-10,-43.733,0.011,water-level-altimetry,DAHITI,1
68,"Qarun, Lake",29.4635,30.601,2004-12-05T19:38:30Z,2004-12,-43.462,0.002,water-level-altimetry,DAHITI,1
68,"Qarun, Lake",29.4635,30.601,2005-01-09T19:38:25Z,2005-01,-43.161,0.015,water-level-altimetry,DAHITI,1
68,"Qarun, Lake",29.4635,30.601,2005-02-13T19:38:28Z,2005-02,-42.595,0.007,water-level-altimetry,DAHITI,1
68,"Qarun, Lake",29.4635,30.601,2005-03-20T19:38:27Z,2005-03,-43.08,0.015,water-level-altimetry,DAHITI,1
68,"Qarun, Lake",29.4635,30.601,2005-04-24T19:38:34Z,2005-04,-43.132,0.005,water-level-altimetry,DAHITI,1
68,"Qarun, Lake",29.4635,30.601,2005-05-29T19:38:34Z,2005-05,-43.162,0.014,water-level-altimetry,DAHITI,1
68,"Qarun, Lake",29.4635,30.601,2005-07-03T19:38:36Z,2005-07,-43.165,0.005,water-level-altimetry,DAHITI,1
68,"Qarun, Lake",29.4635,30.601,2005-08-07T19:38:31Z,2005-08,-43.482,0.008,water-level-altimetry,DAHITI,1
68,"Qarun, Lake",29.4635,30.601,2005-09-11T19:38:29Z,2005-09,-43.664,0.018,water-level-altimetry,DAHITI,1
68,"Qarun, Lake",29.4635,30.601,2005-10-16T19:38:32Z,2005-10,-43.589,0.076,water-level-altimetry,DAHITI,1
68,"Qarun, Lake",29.4635,30.601,2005-11-20T19:38:30Z,2005-11,-43.269,0.006,water-level-altimetry,DAHITI,1
68,"Qarun, Lake",29.4635,30.601,2005-12-25T19:38:23Z,2005-12,-43.217,0.089,water-level-altimetry,DAHITI,1
68,"Qarun, Lake",29.4635,30.601,2006-01-29T19:38:20Z,2006-01,-43.034,0.002,water-level-altimetry,DAHITI,1
68,"Qarun, Lake",29.4635,30.601,2006-03-05T19:38:21Z,2006-03,-42.882,0.014,water-level-altimetry,DAHITI,1
68,"Qarun, Lake",29.4635,30.601,2006-04-09T19:38:20Z,2006-04,-42.947,0.025,water-level-altimetry,DAHITI,1
68,"Qarun, Lake",29.4635,30.601,2006-05-14T19:38:26Z,2006-05,-42.841,0.03,water-level-altimetry,DAHITI,1
68,"Qarun, Lake",29.4635,30.601,2006-06-18T19:38:29Z,2006-06,-43.011,0.003,water-level-altimetry,DAHITI,1
68,"Qarun, Lake",29.4635,30.601,2006-07-23T19:38:32Z,2006-07,-43.281,0.019,water-level-altimetry,DAHITI,1
68,"Qarun, Lake",29.4635,30.601,2006-08-27T19:38:28Z,2006-08,-43.443,0.007,water-level-altimetry,DAHITI,1
68,"Qarun, Lake",29.4635,30.601,2006-10-01T19:38:28Z,2006-10,-43.403,0.004,water-level-altimetry,DAHITI,1
68,"Qarun, Lake",29.4635,30.601,2006-11-05T19:38:29Z,2006-11,-43.408,0.012,water-level-altimetry,DAHITI,1
68,"Qarun, Lake",29.4635,30.601,2006-12-10T19:38:29Z,2006-12,-42.998,0.015,water-level-altimetry,DAHITI,1
68,"Qarun, Lake",29.4635,30.601,2007-01-14T19:38:23Z,2007-01,-42.986,0.012,water-level-altimetry,DAHITI,1
68,"Qarun, Lake",29.4635,30.601,2007-03-25T19:38:22Z,2007-03,-42.887,0.027,water-level-altimetry,DAHITI,1
68,"Qarun, Lake",29.4635,30.601,2007-04-29T19:38:25Z,2007-04,-42.853,0.032,water-level-altimetry,DAHITI,1
68,"Qarun, Lake",29.4635,30.601,2007-06-03T19:38:27Z,2007-06,-42.952,0.085,water-level-altimetry,DAHITI,1
68,"Qarun, Lake",29.4635,30.601,2007-07-08T19:38:27Z,2007-07,-43.134,0.003,water-level-altimetry,DAHITI,1
68,"Qarun, Lake",29.4635,30.601,2007-08-12T19:38:27Z,2007-08,-43.327,0.018,water-level-altimetry,DAHITI,1
68,"Qarun, Lake",29.4635,30.601,2007-09-16T19:38:23Z,2007-09,-43.546,0.008,water-level-altimetry,DAHITI,1
68,"Qarun, Lake",29.4635,30.601,2007-10-21T19:38:22Z,2007-10,-43.549,0.007,water-level-altimetry,DAHITI,1
68,"Qarun, Lake",29.4635,30.601,2007-11-25T19:38:19Z,2007-11,-43.261,0.047,water-level-altimetry,DAHITI,1
68,"Qarun, Lake",29.4635,30.601,2007-12-30T19:38:20Z,2007-12,-42.899,0.012,water-level-altimetry,DAHITI,1
68,"Qarun, Lake",29.4635,30.601,2008-02-03T19:38:20Z,2008-02,-42.77,0.044,water-level-altimetry,DAHITI,1
68,"Qarun, Lake",29.4635,30.601,2008-03-09T19:38:21Z,2008-03,-42.739,0.033,water-level-altimetry,DAHITI,1
68,"Qarun, Lake",29.4635,30.601,2008-04-13T19:38:20Z,2008-04,-42.701,0.014,water-level-altimetry,DAHITI,1
68,"Qarun, Lake",29.4635,30.601,2008-05-18T19:38:21Z,2008-05,-42.834,0.008,water-level-altimetry,DAHITI,1
68,"Qarun, Lake",29.4635,30.601,2008-06-22T19:38:22Z,2008-06,-42.762,0.029,water-level-altimetry,DAHITI,1
68,"Qarun, Lake",29.4635,30.601,2008-08-31T19:38:18Z,2008-08,-43.201,0.002,water-level-altimetry,DAHITI,1
68,"Qarun, Lake",29.4635,30.601,2008-10-05T19:38:19Z,2008-10,-43.244,0.011,water-level-altimetry,DAHITI,1
68,"Qarun, Lake",29.4635,30.601,2008-11-09T19:38:17Z,2008-11,-43.029,0.01,water-level-altimetry,DAHITI,1
68,"Qarun, Lake",29.4635,30.601,2008-12-14T19:38:19Z,2008-12,-42.979,0.018,water-level-altimetry,DAHITI,1
68,"Qarun, Lake",29.4635,30.601,2009-01-18T19:38:17Z,2009-01,-42.501,0.034,water-level-altimetry,DAHITI,1
68,"Qarun, Lake",29.4635,30.601,2009-03-29T19:38:17Z,2009-03,-42.367,0.006,water-level-altimetry,DAHITI,1
68,"Qarun, Lake",29.4635,30.601,2009-05-03T19:38:18Z,2009-05,-42.441,0.007,water-level-altimetry,DAHITI,1
68,"Qarun, Lake",29.4635,30.601,2009-06-07T19:38:20Z,2009-06,-42.58,0.014,water-level-altimetry,DAHITI,1
68,"Qarun, Lake",29.4635,30.601,2009-07-12T19:38:20Z,2009-07,-42.802,0.019,water-level-altimetry,DAHITI,1
68,"Qarun, Lake",29.4635,30.601,2009-08-16T19:38:19Z,2009-08,-42.998,0.011,water-level-altimetry,DAHITI,1
68,"Qarun, Lake",29.4635,30.601,2009-09-20T19:38:15Z,2009-09,-43.12,0.003,water-level-altimetry,DAHITI,1
68,"Qarun, Lake",29.4635,30.601,2009-11-29T19:38:12Z,2009-11,-42.866,0.048,water-level-altimetry,DAHITI,1
68,"Qarun, Lake",29.4635,30.601,2010-01-03T19:38:13Z,2010-01,-42.959,0.001,water-level-altimetry,DAHITI,1
68,"Qarun, Lake",29.4635,30.601,2010-02-07T19:38:13Z,2010-02,-42.892,0.02,water-level-altimetry,DAHITI,1
68,"Qarun, Lake",29.4635,30.601,2010-03-14T19:38:13Z,2010-03,-42.013,0.045,water-level-altimetry,DAHITI,1
68,"Qarun, Lake",29.4635,30.601,2010-04-18T19:38:11Z,2010-04,-42.692,0.004,water-level-altimetry,DAHITI,1
68,"Qarun, Lake",29.4635,30.601,2010-05-23T19:38:11Z,2010-05,-43.006,0.038,water-level-altimetry,DAHITI,1
68,"Qarun, Lake",29.4635,30.601,2010-06-27T19:38:10Z,2010-06,-42.924,0.005,water-level-altimetry,DAHITI,1
68,"Qarun, Lake",29.4635,30.601,2010-08-01T19:38:12Z,2010-08,-43.08,0.062,water-level-altimetry,DAHITI,1
68,"Qarun, Lake",29.4635,30.601,2010-09-05T19:38:11Z,2010-09,-43.304,0.02,water-level-altimetry,DAHITI,1
68,"Qarun, Lake",29.4635,30.601,2010-10-10T19:38:06Z,2010-10,-43.387,0.002,water-level-altimetry,DAHITI,1
68,"Qarun, Lake",29.4635,30.601,2013-04-10T03:43:16Z,2013-04,-42.574,0.04,water-level-altimetry,DAHITI,1
68,"Qarun, Lake",29.4635,30.601,2013-05-15T03:42:55Z,2013-05,-42.336,0.02,water-level-altimetry,DAHITI,1
68,"Qarun, Lake",29.4635,30.601,2013-07-24T03:42:14Z,2013-07,-42.657,0.002,water-level-altimetry,DAHITI,1
68,"Qarun, Lake",29.4635,30.601,2013-11-06T03:42:32Z,2013-11,-42.78,0.006,water-level-altimetry,DAHITI,1
68,"Qarun, Lake",29.4635,30.601,2014-02-19T03:42:28Z,2014-02,-42.391,0.005,water-level-altimetry,DAHITI,1
68,"Qarun, Lake",29.4635,30.601,2014-04-30T03:42:23Z,2014-04,-42.292,0.001,water-level-altimetry,DAHITI,1
68,"Qarun, Lake",29.4635,30.601,2014-07-09T03:42:16Z,2014-07,-42.698,0.01,water-level-altimetry,DAHITI,1
68,"Qarun, Lake",29.4635,30.601,2014-08-13T03:42:11Z,2014-08,-42.799,0.0,water-level-altimetry,DAHITI,1
68,"Qarun, Lake",29.4635,30.601,2014-09-17T03:42:10Z,2014-09,-42.845,0.002,water-level-altimetry,DAHITI,1
68,"Qarun, Lake",29.4635,30.601,2014-10-22T03:42:08Z,2014-10,-42.908,0.001,water-level-altimetry,DAHITI,1
68,"Qarun, Lake",29.4635,30.601,2014-11-26T03:42:04Z,2014-11,-42.875,0.0,water-level-altimetry,DAHITI,1
68,"Qarun, Lake",29.4635,30.601,2015-02-04T03:41:59Z,2015-02,-42.62,0.002,water-level-altimetry,DAHITI,1
68,"Qarun, Lake",29.4635,30.601,2015-03-11T03:41:58Z,2015-03,-42.498,0.002,water-level-altimetry,DAHITI,1
68,"Qarun, Lake",29.4635,30.601,2015-05-20T03:41:34Z,2015-05,-43.221,0.096,water-level-altimetry,DAHITI,1
68,"Qarun, Lake",29.4635,30.601,2015-07-29T03:41:31Z,2015-07,-42.832,0.002,water-level-altimetry,DAHITI,1
68,"Qarun, Lake",29.4635,30.601,2015-09-02T03:41:34Z,2015-09,-42.994,0.004,water-level-altimetry,DAHITI,1
68,"Qarun, Lake",29.4635,30.601,2015-10-07T03:41:31Z,2015-10,-43.105,0.001,water-level-altimetry,DAHITI,1
68,"Qarun, Lake",29.4635,30.601,2015-11-11T03:41:30Z,2015-11,-43.035,0.003,water-level-altimetry,DAHITI,1
68,"Qarun, Lake",29.4635,30.601,2015-12-16T03:41:18Z,2015-12,-42.895,0.005,water-level-altimetry,DAHITI,1
68,"Qarun, Lake",29.4635,30.601,2016-01-20T03:41:09Z,2016-01,-42.822,0.003,water-level-altimetry,DAHITI,1
68,"Qarun, Lake",29.4635,30.601,2016-02-24T03:41:07Z,2016-02,-42.798,0.011,water-level-altimetry,DAHITI,1
68,"Qarun, Lake",29.4635,30.601,2016-03-30T03:41:06Z,2016-03,-42.682,0.004,water-level-altimetry,DAHITI,1
68,"Qarun, Lake",29.4635,30.601,2016-05-04T03:40:57Z,2016-05,-42.705,0.003,water-level-altimetry,DAHITI,1
68,"Qarun, Lake",29.4635,30.601,2016-06-08T03:40:30Z,2016-06,-42.997,0.017,water-level-altimetry,DAHITI,1
68,"Qarun, Lake",29.4635,30.601,2018-12-22T08:17:16Z,2018-12,-43.604,0.004,water-level-altimetry,DAHITI,1
68,"Qarun, Lake",29.4635,30.601,2019-01-18T08:17:18Z,2019-01,-43.686,0.001,water-level-altimetry,DAHITI,1
68,"Qarun, Lake",29.4635,30.601,2019-02-14T08:17:18Z,2019-02,-43.598,0.009,water-level-altimetry,DAHITI,1
68,"Qarun, Lake",29.4635,30.601,2019-03-05T19:37:58Z,2019-03,-43.411,0.005,water-level-altimetry,DAHITI,2
68,"Qarun, Lake",29.4635,30.601,2019-03-13T08:17:23Z,2019-03,-43.44,0.004,water-level-altimetry,DAHITI,2
68,"Qarun, Lake",29.4635,30.601,2019-04-01T19:38:01Z,2019-04,-43.407,0.002,water-level-altimetry,DAHITI,2
68,"Qarun, Lake",29.4635,30.601,2019-04-09T08:17:25Z,2019-04,-43.338,0.007,water-level-altimetry,DAHITI,2
68,"Qarun, Lake",29.4635,30.601,2019-06-02T08:17:19Z,2019-06,-43.463,0.001,water-level-altimetry,DAHITI,2
68,"Qarun, Lake",29.4635,30.601,2019-06-29T08:17:18Z,2019-06,-43.669,0.009,water-level-altimetry,DAHITI,2
68,"Qarun, Lake",29.4635,30.601,2019-07-26T08:17:20Z,2019-07,-43.715,0.004,water-level-altimetry,DAHITI,1
68,"Qarun, Lake",29.4635,30.601,2019-08-22T08:17:19Z,2019-08,-43.883,0.017,water-level-altimetry,DAHITI,1
68,"Qarun, Lake",29.4635,30.601,2019-09-18T08:17:19Z,2019-09,-43.88,0.009,water-level-altimetry,DAHITI,1
68,"Qarun, Lake",29.4635,30.601,2019-11-11T08:17:19Z,2019-11,-43.776,0.007,water-level-altimetry,DAHITI,1
68,"Qarun, Lake",29.4635,30.601,2019-12-08T08:17:20Z,2019-12,-43.597,0.008,water-level-altimetry,DAHITI,2
68,"Qarun, Lake",29.4635,30.601,2019-12-27T19:37:56Z,2019-12,-43.398,0.004,water-level-altimetry,DAHITI,2
68,"Qarun, Lake",29.4635,30.601,2020-01-04T08:17:20Z,2020-01,-43.408,0.005,water-level-altimetry,DAHITI,2
68,"Qarun, Lake",29.4635,30.601,2020-01-31T08:17:17Z,2020-01,-43.418,0.002,water-level-altimetry,DAHITI,2
68,"Qarun, Lake",29.4635,30.601,2020-02-27T08:17:19Z,2020-02,-43.159,0.004,water-level-altimetry,DAHITI,1
68,"Qarun, Lake",29.4635,30.601,2020-03-17T19:37:57Z,2020-03,-42.86,0.001,water-level-altimetry,DAHITI,2
68,"Qarun, Lake",29.4635,30.601,2020-03-25T08:17:21Z,2020-03,-42.977,0.005,water-level-altimetry,DAHITI,2
68,"Qarun, Lake",29.4635,30.601,2020-04-13T19:37:58Z,2020-04,-42.809,0.005,water-level-altimetry,DAHITI,2
68,"Qarun, Lake",29.4635,30.601,2020-04-21T08:17:23Z,2020-04,-42.888,0.01,water-level-altimetry,DAHITI,2
68,"Qarun, Lake",29.4635,30.601,2020-05-10T19:38:02Z,2020-05,-42.849,0.001,water-level-altimetry,DAHITI,2
68,"Qarun, Lake",29.4635,30.601,2020-05-18T08:17:27Z,2020-05,-42.834,0.007,water-level-altimetry,DAHITI,2
68,"Qarun, Lake",29.4635,30.601,2020-06-06T19:38:05Z,2020-06,-42.969,0.001,water-level-altimetry,DAHITI,2
68,"Qarun, Lake",29.4635,30.601,2020-06-14T08:17:30Z,2020-06,-42.992,0.007,water-level-altimetry,DAHITI,2
68,"Qarun, Lake",29.4635,30.601,2020-07-03T19:38:08Z,2020-07,-43.023,0.006,water-level-altimetry,DAHITI,3
68,"Qarun, Lake",29.4635,30.601,2020-07-11T08:17:31Z,2020-07,-43.122,0.01,water-level-altimetry,DAHITI,3
68,"Qarun, Lake",29.4635,30.601,2020-07-30T19:38:07Z,2020-07,-43.222,0.004,water-level-altimetry,DAHITI,3
68,"Qarun, Lake",29.4635,30.601,2020-08-07T08:17:31Z,2020-08,-43.253,0.004,water-level-altimetry,DAHITI,2
68,"Qarun, Lake",29.4635,30.601,2020-08-26T19:38:07Z,2020-08,-43.307,0.0,water-level-altimetry,DAHITI,2
68,"Qarun, Lake",29.4635,30.601,2020-09-03T08:17:31Z,2020-09,-43.308,0.007,water-level-altimetry,DAHITI,3
68,"Qarun, Lake",29.4635,30.601,2020-09-22T19:38:05Z,2020-09,-43.326,0.007,water-level-altimetry,DAHITI,3
68,"Qarun, Lake",29.4635,30.601,2020-09-30T08:17:27Z,2020-09,-43.365,0.001,water-level-altimetry,DAHITI,3
68,"Qarun, Lake",29.4635,30.601,2020-10-19T19:38:06Z,2020-10,-43.385,0.004,water-level-altimetry,DAHITI,2
68,"Qarun, Lake",29.4635,30.601,2020-10-27T08:17:31Z,2020-10,-43.419,0.001,water-level-altimetry,DAHITI,2
68,"Qarun, Lake",29.4635,30.601,2020-11-15T19:38:09Z,2020-11,-43.358,0.002,water-level-altimetry,DAHITI,2
68,"Qarun, Lake",29.4635,30.601,2020-11-23T08:17:33Z,2020-11,-43.339,0.004,water-level-altimetry,DAHITI,2
68,"Qarun, Lake",29.4635,30.601,2020-12-12T19:38:08Z,2020-12,-43.361,0.0,water-level-altimetry,DAHITI,2
68,"Qarun, Lake",29.4635,30.601,2020-12-20T08:17:31Z,2020-12,-43.083,0.002,water-level-altimetry,DAHITI,2
68,"Qarun, Lake",29.4635,30.601,2021-01-08T19:38:08Z,2021-01,-42.989,0.006,water-level-altimetry,DAHITI,2
68,"Qarun, Lake",29.4635,30.601,2021-01-16T08:17:31Z,2021-01,-43.207,0.005,water-level-altimetry,DAHITI,2
68,"Qarun, Lake",29.4635,30.601,2021-02-04T19:38:04Z,2021-02,-43.037,0.009,water-level-altimetry,DAHITI,2
68,"Qarun, Lake",29.4635,30.601,2021-02-12T08:17:29Z,2021-02,-43.092,0.022,water-level-altimetry,DAHITI,2
68,"Qarun, Lake",29.4635,30.601,2021-03-03T19:38:07Z,2021-03,-42.966,0.004,water-level-altimetry,DAHITI,3
68,"Qarun, Lake",29.4635,30.601,2021-03-11T08:17:31Z,2021-03,-43.076,0.011,water-level-altimetry,DAHITI,3
68,"Qarun, Lake",29.4635,30.601,2021-03-30T19:38:07Z,2021-03,-42.779,0.002,water-level-altimetry,DAHITI,3
68,"Qarun, Lake",29.4635,30.601,2021-04-07T08:17:30Z,2021-04,-43.019,0.006,water-level-altimetry,DAHITI,2
68,"Qarun, Lake",29.4635,30.601,2021-04-26T19:38:08Z,2021-04,-42.78,0.015,water-level-altimetry,DAHITI,2
68,"Qarun, Lake",29.4635,30.601,2021-05-04T08:17:32Z,2021-05,-43.055,0.005,water-level-altimetry,DAHITI,3
68,"Qarun, Lake",29.4635,30.601,2021-05-23T19:38:11Z,2021-05,-42.926,0.0,water-level-altimetry,DAHITI,3
68,"Qarun, Lake",29.4635,30.601,2021-05-31T08:17:37Z,2021-05,-43.172,0.004,water-level-altimetry,DAHITI,3
68,"Qarun, Lake",29.4635,30.601,2021-06-19T19:38:16Z,2021-06,-43.016,0.005,water-level-altimetry,DAHITI,2
68,"Qarun, Lake",29.4635,30.601,2021-06-27T08:17:40Z,2021-06,-43.097,0.007,water-level-altimetry,DAHITI,2
68,"Qarun, Lake",29.4635,30.601,2021-07-24T08:17:41Z,2021-07,-43.239,0.007,water-level-altimetry,DAHITI,1
68,"Qarun, Lake",29.4635,30.601,2021-08-12T19:38:19Z,2021-08,-43.315,0.003,water-level-altimetry,DAHITI,1
68,"Qarun, Lake",29.4635,30.601,2021-09-08T19:38:18Z,2021-09,-43.415,0.018,water-level-altimetry,DAHITI,2
68,"Qarun, Lake",29.4635,30.601,2021-09-16T08:17:41Z,2021-09,-43.403,0.003,water-level-altimetry,DAHITI,2
68,"Qarun, Lake",29.4635,30.601,2021-10-05T19:38:14Z,2021-10,-43.424,0.02,water-level-altimetry,DAHITI,2
68,"Qarun, Lake",29.4635,30.601,2021-10-13T08:17:36Z,2021-10,-43.516,0.005,water-level-altimetry,DAHITI,2
68,"Qarun, Lake",29.4635,30.601,2021-11-01T19:38:13Z,2021-11,-43.415,0.001,water-level-altimetry,DAHITI,2
68,"Qarun, Lake",29.4635,30.601,2021-11-09T08:17:38Z,2021-11,-43.472,0.004,water-level-altimetry,DAHITI,2
68,"Qarun, Lake",29.4635,30.601,2021-12-06T08:17:38Z,2021-12,-43.261,0.006,water-level-altimetry,DAHITI,2
68,"Qarun, Lake",29.4635,30.601,2021-12-25T19:38:15Z,2021-12,-43.148,0.002,water-level-altimetry,DAHITI,2
68,"Qarun, Lake",29.4635,30.601,2022-01-02T08:17:38Z,2022-01,-43.275,0.003,water-level-altimetry,DAHITI,3
68,"Qarun, Lake",29.4635,30.601,2022-01-21T19:38:12Z,2022-01,-42.947,0.001,water-level-altimetry,DAHITI,3
68,"Qarun, Lake",29.4635,30.601,2022-01-29T08:17:34Z,2022-01,-43.194,0.012,water-level-altimetry,DAHITI,3
68,"Qarun, Lake",29.4635,30.601,2022-02-17T19:38:13Z,2022-02,-42.983,0.003,water-level-altimetry,DAHITI,2
68,"Qarun, Lake",29.4635,30.601,2022-02-25T08:17:37Z,2022-02,-42.954,0.006,water-level-altimetry,DAHITI,2
68,"Qarun, Lake",29.4635,30.601,2022-03-16T19:38:12Z,2022-03,-42.838,0.004,water-level-altimetry,DAHITI,1
68,"Qarun, Lake",29.4635,30.601,2022-04-12T19:38:14Z,2022-04,-42.792,0.005,water-level-altimetry,DAHITI,2
68,"Qarun, Lake",29.4635,30.601,2022-04-20T08:17:39Z,2022-04,-42.853,0.0,water-level-altimetry,DAHITI,2
68,"Qarun, Lake",29.4635,30.601,2022-05-09T19:38:20Z,2022-05,-42.898,0.003,water-level-altimetry,DAHITI,2
68,"Qarun, Lake",29.4635,30.601,2022-05-17T08:17:45Z,2022-05,-42.921,0.001,water-level-altimetry,DAHITI,2
68,"Qarun, Lake",29.4635,30.601,2022-06-05T19:38:24Z,2022-06,-43.032,0.004,water-level-altimetry,DAHITI,2
68,"Qarun, Lake",29.4635,30.601,2022-06-13T08:17:49Z,2022-06,-43.17,0.014,water-level-altimetry,DAHITI,2
68,"Qarun, Lake",29.4635,30.601,2022-07-02T19:38:25Z,2022-07,-43.133,0.006,water-level-altimetry,DAHITI,2
68,"Qarun, Lake",29.4635,30.601,2022-07-29T19:38:28Z,2022-07,-43.234,0.005,water-level-altimetry,DAHITI,2
68,"Qarun, Lake",29.4635,30.601,2022-08-25T19:38:28Z,2022-08,-43.42,0.004,water-level-altimetry,DAHITI,1
68,"Qarun, Lake",29.4635,30.601,2022-09-02T08:17:51Z,2022-09,-43.456,0.003,water-level-altimetry,DAHITI,3
68,"Qarun, Lake",29.4635,30.601,2022-09-21T19:38:24Z,2022-09,-43.402,0.001,water-level-altimetry,DAHITI,3
68,"Qarun, Lake",29.4635,30.601,2022-09-29T08:17:47Z,2022-09,-43.449,0.003,water-level-altimetry,DAHITI,3
68,"Qarun, Lake",29.4635,30.601,2022-10-18T19:38:24Z,2022-10,-43.418,0.008,water-level-altimetry,DAHITI,1
68,"Qarun, Lake",29.4635,30.601,2022-11-14T19:38:27Z,2022-11,-43.356,0.001,water-level-altimetry,DAHITI,1
68,"Qarun, Lake",29.4635,30.601,2022-12-19T08:17:50Z,2022-12,-43.049,0.011,water-level-altimetry,DAHITI,1
68,"Qarun, Lake",29.4635,30.601,2023-02-03T19:38:26Z,2023-02,-43.028,0.007,water-level-altimetry,DAHITI,1
68,"Qarun, Lake",29.4635,30.601,2023-03-02T19:38:26Z,2023-03,-42.898,0.001,water-level-altimetry,DAHITI,3
68,"Qarun, Lake",29.4635,30.601,2023-03-10T08:17:49Z,2023-03,-42.891,0.008,water-level-altimetry,DAHITI,3
68,"Qarun, Lake",29.4635,30.601,2023-03-29T19:38:25Z,2023-03,-42.727,0.0,water-level-altimetry,DAHITI,3
68,"Qarun, Lake",29.4635,30.601,2023-04-06T08:17:47Z,2023-04,-42.873,0.003,water-level-altimetry,DAHITI,2
68,"Qarun, Lake",29.4635,30.601,2023-04-25T19:38:28Z,2023-04,-42.764,0.006,water-level-altimetry,DAHITI,2
68,"Qarun, Lake",29.4635,30.601,2023-05-03T08:17:53Z,2023-05,-42.797,0.015,water-level-altimetry,DAHITI,2
68,"Qarun, Lake",29.4635,30.601,2023-05-30T08:17:56Z,2023-05,-42.907,0.004,water-level-altimetry,DAHITI,2
68,"Qarun, Lake",29.4635,30.601,2023-06-18T19:38:34Z,2023-06,-42.902,0.003,water-level-altimetry,DAHITI,2
68,"Qarun, Lake",29.4635,30.601,2023-06-26T08:17:57Z,2023-06,-42.864,0.012,water-level-altimetry,DAHITI,2
68,"Qarun, Lake",29.4635,30.601,2023-07-15T19:38:37Z,2023-07,-43.082,0.005,water-level-altimetry,DAHITI,2
68,"Qarun, Lake",29.4635,30.601,2023-07-23T08:17:59Z,2023-07,-43.15,0.0,water-level-altimetry,DAHITI,2
68,"Qarun, Lake",29.4635,30.601,2023-08-11T19:38:37Z,2023-08,-43.26,0.002,water-level-altimetry,DAHITI,2
68,"Qarun, Lake",29.4635,30.601,2023-08-19T08:18:01Z,2023-08,-43.276,0.01,water-level-altimetry,DAHITI,2
68,"Qarun, Lake",29.4635,30.601,2023-09-07T19:38:35Z,2023-09,-43.389,0.003,water-level-altimetry,DAHITI,2
68,"Qarun, Lake",29.4635,30.601,2023-09-15T08:17:57Z,2023-09,-43.391,0.027,water-level-altimetry,DAHITI,2
68,"Qarun, Lake",29.4635,30.601,2023-10-04T19:38:35Z,2023-10,-43.316,0.001,water-level-altimetry,DAHITI,3
68,"Qarun, Lake",29.4635,30.601,2023-10-12T08:17:59Z,2023-10,-43.5,0.005,water-level-altimetry,DAHITI,3
68,"Qarun, Lake",29.4635,30.601,2023-10-31T19:38:38Z,2023-10,-43.172,0.006,water-level-altimetry,DAHITI,3
68,"Qarun, Lake",29.4635,30.601,2023-11-08T08:18:02Z,2023-11,-43.272,0.002,water-level-altimetry,DAHITI,2
68,"Qarun, Lake",29.4635,30.601,2023-11-27T19:38:39Z,2023-11,-43.069,0.003,water-level-altimetry,DAHITI,2
68,"Qarun, Lake",29.4635,30.601,2023-12-05T08:18:00Z,2023-12,-43.205,0.002,water-level-altimetry,DAHITI,2
68,"Qarun, Lake",29.4635,30.601,2023-12-24T19:38:37Z,2023-12,-43.088,0.0,water-level-altimetry,DAHITI,2
68,"Qarun, Lake",29.4635,30.601,2024-01-01T08:17:58Z,2024-01,-42.862,0.002,water-level-altimetry,DAHITI,3
68,"Qarun, Lake",29.4635,30.601,2024-01-20T19:38:32Z,2024-01,-42.97,0.004,water-level-altimetry,DAHITI,3
68,"Qarun, Lake",29.4635,30.601,2024-01-28T08:17:57Z,2024-01,-43.041,0.007,water-level-altimetry,DAHITI,3
68,"Qarun, Lake",29.4635,30.601,2024-02-16T19:38:37Z,2024-02,-42.833,0.008,water-level-altimetry,DAHITI,2
68,"Qarun, Lake",29.4635,30.601,2024-02-24T08:18:00Z,2024-02,-42.774,0.005,water-level-altimetry,DAHITI,2
68,"Qarun, Lake",29.4635,30.601,2024-03-14T19:38:37Z,2024-03,-42.662,0.007,water-level-altimetry,DAHITI,1
68,"Qarun, Lake",29.4635,30.601,2024-04-10T19:38:38Z,2024-04,-42.647,0.007,water-level-altimetry,DAHITI,1
68,"Qarun, Lake",29.4635,30.601,2024-05-07T19:38:44Z,2024-05,-42.681,0.0,water-level-altimetry,DAHITI,2
68,"Qarun, Lake",29.4635,30.601,2024-05-15T08:18:06Z,2024-05,-42.836,0.001,water-level-altimetry,DAHITI,2
68,"Qarun, Lake",29.4635,30.601,2024-06-03T19:38:48Z,2024-06,-42.787,0.001,water-level-altimetry,DAHITI,3
68,"Qarun, Lake",29.4635,30.601,2024-06-11T08:18:12Z,2024-06,-42.952,0.004,water-level-altimetry,DAHITI,3
68,"Qarun, Lake",29.4635,30.601,2024-06-30T19:38:49Z,2024-06,-42.976,0.011,water-level-altimetry,DAHITI,3
68,"Qarun, Lake",29.4635,30.601,2024-07-08T08:18:12Z,2024-07,-43.149,0.009,water-level-altimetry,DAHITI,2
68,"Qarun, Lake",29.4635,30.601,2024-07-27T19:38:50Z,2024-07,-43.198,0.001,water-level-altimetry,DAHITI,2
68,"Qarun, Lake",29.4635,30.601,2024-08-04T08:18:15Z,2024-08,-43.469,0.001,water-level-altimetry,DAHITI,2
68,"Qarun, Lake",29.4635,30.601,2024-08-31T08:18:14Z,2024-08,-43.348,0.012,water-level-altimetry,DAHITI,2
68,"Qarun, Lake",29.4635,30.601,2024-09-19T19:38:46Z,2024-09,-43.326,0.001,water-level-altimetry,DAHITI,2
68,"Qarun, Lake",29.4635,30.601,2024-09-27T08:18:10Z,2024-09,-43.322,0.015,water-level-altimetry,DAHITI,2
68,"Qarun, Lake",29.4635,30.601,2024-10-16T19:38:46Z,2024-10,-43.32,0.005,water-level-altimetry,DAHITI,2
68,"Qarun, Lake",29.4635,30.601,2024-10-24T08:18:11Z,2024-10,-43.397,0.005,water-level-altimetry,DAHITI,2
68,"Qarun, Lake",29.4635,30.601,2024-11-12T19:38:47Z,2024-11,-43.278,0.009,water-level-altimetry,DAHITI,2
68,"Qarun, Lake",29.4635,30.601,2024-11-20T08:18:14Z,2024-11,-43.423,0.007,water-level-altimetry,DAHITI,2
68,"Qarun, Lake",29.4635,30.601,2024-12-09T19:38:49Z,2024-12,-43.185,0.001,water-level-altimetry,DAHITI,2
68,"Qarun, Lake",29.4635,30.601,2024-12-17T08:18:11Z,2024-12,-43.178,0.01,water-level-altimetry,DAHITI,2
68,"Qarun, Lake",29.4635,30.601,2025-01-05T19:38:46Z,2025-01,-42.961,0.005,water-level-altimetry,DAHITI,2
68,"Qarun, Lake",29.4635,30.601,2025-01-13T08:18:09Z,2025-01,-43.259,0.0,water-level-altimetry,DAHITI,2
68,"Qarun, Lake",29.4635,30.601,2025-02-01T19:38:44Z,2025-02,-43.024,0.001,water-level-altimetry,DAHITI,3
68,"Qarun, Lake",29.4635,30.601,2025-02-09T08:18:10Z,2025-02,-43.047,0.004,water-level-altimetry,DAHITI,3
68,"Qarun, Lake",29.4635,30.601,2025-02-28T19:38:48Z,2025-02,-42.967,0.001,water-level-altimetry,DAHITI,3
68,"Qarun, Lake",29.4635,30.601,2025-03-08T08:18:13Z,2025-03,-43.051,0.013,water-level-altimetry,DAHITI,2
68,"Qarun, Lake",29.4635,30.601,2025-03-27T19:38:48Z,2025-03,-42.997,0.002,water-level-altimetry,DAHITI,2
68,"Qarun, Lake",29.4635,30.601,2025-04-04T08:18:11Z,2025-04,-42.753,0.002,water-level-altimetry,DAHITI,2
68,"Qarun, Lake",29.4635,30.601,2025-04-23T19:38:48Z,2025-04,-42.742,0.003,water-level-altimetry,DAHITI,2
68,"Qarun, Lake",29.4635,30.601,2025-05-01T08:18:12Z,2025-05,-42.833,0.025,water-level-altimetry,DAHITI,2
68,"Qarun, Lake",29.4635,30.601,2025-05-20T19:38:54Z,2025-05,-42.782,0.001,water-level-altimetry,DAHITI,2
68,"Qarun, Lake",29.4635,30.601,2025-06-16T19:38:58Z,2025-06,-42.916,0.002,water-level-altimetry,DAHITI,2
68,"Qarun, Lake",29.4635,30.601,2025-06-24T08:18:22Z,2025-06,-43.019,0.001,water-level-altimetry,DAHITI,2
68,"Qarun, Lake",29.4635,30.601,2025-07-13T19:39:01Z,2025-07,-43.046,0.0,water-level-altimetry,DAHITI,2
68,"Qarun, Lake",29.4635,30.601,2025-07-21T08:18:24Z,2025-07,-43.17,0.008,water-level-altimetry,DAHITI,2
68,"Qarun, Lake",29.4635,30.601,2025-08-17T08:18:26Z,2025-08,-43.303,0.003,water-level-altimetry,DAHITI,1
68,"Qarun, Lake",29.4635,30.601,2025-09-13T08:18:24Z,2025-09,-43.464,0.003,water-level-altimetry,DAHITI,1
68,"Qarun, Lake",29.4635,30.601,2025-10-10T08:18:22Z,2025-10,-43.329,0.001,water-level-altimetry,DAHITI,2
68,"Qarun, Lake",29.4635,30.601,2025-10-29T19:39:02Z,2025-10,-43.288,0.003,water-level-altimetry,DAHITI,2
68,"Qarun, Lake",29.4635,30.601,2025-11-06T08:18:26Z,2025-11,-43.267,0.004,water-level-altimetry,DAHITI,2
68,"Qarun, Lake",29.4635,30.601,2025-11-25T19:39:04Z,2025-11,-43.168,0.008,water-level-altimetry,DAHITI,2
68,"Qarun, Lake",29.4635,30.601,2025-12-03T08:18:28Z,2025-12,-43.004,0.009,water-level-altimetry,DAHITI,3
68,"Qarun, Lake",29.4635,30.601,2025-12-22T19:39:04Z,2025-12,-42.951,0.003,water-level-altimetry,DAHITI,3
68,"Qarun, Lake",29.4635,30.601,2025-12-30T08:18:27Z,2025-12,-43.092,0.001,water-level-altimetry,DAHITI,3
68,"Qarun, Lake",29.4635,30.601,2026-01-18T19:39:02Z,2026-01,-42.818,0.005,water-level-altimetry,DAHITI,2
68,"Qarun, Lake",29.4635,30.601,2026-01-26T08:18:24Z,2026-01,-43.039,0.007,water-level-altimetry,DAHITI,2
68,"Qarun, Lake",29.4635,30.601,2026-02-14T19:39:05Z,2026-02,-43.003,0.002,water-level-altimetry,DAHITI,2
68,"Qarun, Lake",29.4635,30.601,2026-02-22T08:18:29Z,2026-02,-42.872,0.004,water-level-altimetry,DAHITI,2
68,"Qarun, Lake",29.4635,30.601,2026-03-13T19:39:03Z,2026-03,-42.674,0.001,water-level-altimetry,DAHITI,2
68,"Qarun, Lake",29.4635,30.601,2026-03-21T08:18:27Z,2026-03,-42.678,0.001,water-level-altimetry,DAHITI,2
68,"Qarun, Lake",29.4635,30.601,2026-04-09T19:39:06Z,2026-04,-42.506,0.004,water-level-altimetry,DAHITI,2
68,"Qarun, Lake",29.4635,30.601,2026-04-17T08:18:30Z,2026-04,-42.504,0.006,water-level-altimetry,DAHITI,2
68,"Qarun, Lake",29.4635,30.601,2026-05-06T19:39:10Z,2026-05,-42.515,0.0,water-level-altimetry,DAHITI,2
68,"Qarun, Lake",29.4635,30.601,2026-05-14T08:18:33Z,2026-05,-42.766,0.005,water-level-altimetry,DAHITI,2
68,"Qarun, Lake",29.4635,30.601,2026-06-02T19:39:10Z,2026-06,-42.649,0.001,water-level-altimetry,DAHITI,3
68,"Qarun, Lake",29.4635,30.601,2026-06-10T08:18:33Z,2026-06,-42.605,0.004,water-level-altimetry,DAHITI,3
68,"Qarun, Lake",29.4635,30.601,2026-06-29T19:39:10Z,2026-06,-42.739,0.002,water-level-altimetry,DAHITI,3
68,"Qarun, Lake",29.4635,30.601,2026-07-07T08:18:33Z,2026-07,-42.808,0.001,water-level-altimetry,DAHITI,1
210,"Nasser, Lake",22.4398,31.7697,1992-12-20T15:16:30Z,1992-12,170.709,0.019,water-level-altimetry,DAHITI,1
210,"Nasser, Lake",22.4398,31.7697,1993-04-28T12:57:20Z,1993-04,170.724,0.01,water-level-altimetry,DAHITI,1
210,"Nasser, Lake",22.4398,31.7697,1993-05-18T08:54:24Z,1993-05,168.983,0.017,water-level-altimetry,DAHITI,2
210,"Nasser, Lake",22.4398,31.7697,1993-05-28T06:52:55Z,1993-05,168.344,0.063,water-level-altimetry,DAHITI,2
210,"Nasser, Lake",22.4398,31.7697,1993-08-05T16:42:31Z,1993-08,167.682,0.026,water-level-altimetry,DAHITI,1
210,"Nasser, Lake",22.4398,31.7697,1993-11-12T20:27:48Z,1993-11,174.583,0.004,water-level-altimetry,DAHITI,1
210,"Nasser, Lake",22.4398,31.7697,1993-12-22T12:21:53Z,1993-12,174.403,0.013,water-level-altimetry,DAHITI,1
210,"Nasser, Lake",22.4398,31.7697,1994-03-11T20:10:04Z,1994-03,173.265,0.011,water-level-altimetry,DAHITI,2
210,"Nasser, Lake",22.4398,31.7697,1994-03-31T16:07:07Z,1994-03,172.856,0.002,water-level-altimetry,DAHITI,2
210,"Nasser, Lake",22.4398,31.7697,1994-08-07T13:47:56Z,1994-08,170.315,0.002,water-level-altimetry,DAHITI,3
210,"Nasser, Lake",22.4398,31.7697,1994-08-17T11:46:26Z,1994-08,171.425,0.001,water-level-altimetry,DAHITI,3
210,"Nasser, Lake",22.4398,31.7697,1994-08-27T09:44:58Z,1994-08,172.4,0.01,water-level-altimetry,DAHITI,3
210,"Nasser, Lake",22.4398,31.7697,1994-09-26T03:40:31Z,1994-09,176.167,0.041,water-level-altimetry,DAHITI,1
210,"Nasser, Lake",22.4398,31.7697,1994-10-25T21:36:06Z,1994-10,177.477,0.001,water-level-altimetry,DAHITI,1
210,"Nasser, Lake",22.4398,31.7697,1994-12-14T11:28:45Z,1994-12,178.682,0.045,water-level-altimetry,DAHITI,2
210,"Nasser, Lake",22.4398,31.7697,1994-12-24T09:27:17Z,1994-12,178.615,0.011,water-level-altimetry,DAHITI,2
210,"Nasser, Lake",22.4398,31.7697,1995-02-21T21:18:26Z,1995-02,176.432,0.001,water-level-altimetry,DAHITI,1
210,"Nasser, Lake",22.4398,31.7697,1995-04-02T13:12:32Z,1995-04,175.79,0.07,water-level-altimetry,DAHITI,1
210,"Nasser, Lake",22.4398,31.7697,1995-05-22T03:05:07Z,1995-05,176.551,0.052,water-level-altimetry,DAHITI,1
210,"Nasser, Lake",22.4398,31.7697,1995-06-20T21:00:43Z,1995-06,174.996,0.012,water-level-altimetry,DAHITI,1
210,"Nasser, Lake",22.4398,31.7697,1995-08-29T06:50:24Z,1995-08,174.457,0.001,water-level-altimetry,DAHITI,1
210,"Nasser, Lake",22.4398,31.7697,1996-02-03T22:26:47Z,1996-02,175.331,0.031,water-level-altimetry,DAHITI,1
210,"Nasser, Lake",22.4398,31.7697,1996-04-23T06:15:01Z,1996-04,173.963,0.027,water-level-altimetry,DAHITI,1
210,"Nasser, Lake",22.4398,31.7697,1996-06-01T22:09:07Z,1996-06,172.762,0.055,water-level-altimetry,DAHITI,1
210,"Nasser, Lake",22.4398,31.7697,1996-07-11T14:03:12Z,1996-07,172.221,0.017,water-level-altimetry,DAHITI,2
210,"Nasser, Lake",22.4398,31.7697,1996-07-21T12:01:44Z,1996-07,172.2,0.022,water-level-altimetry,DAHITI,2
210,"Nasser, Lake",22.4398,31.7697,1996-10-28T15:46:58Z,1996-10,178.631,0.009,water-level-altimetry,DAHITI,1
210,"Nasser, Lake",22.4398,31.7697,1996-11-17T11:44:01Z,1996-11,180.744,0.04,water-level-altimetry,DAHITI,1
210,"Nasser, Lake",22.4398,31.7697,1996-12-27T03:38:07Z,1996-12,179.759,0.043,water-level-altimetry,DAHITI,1
210,"Nasser, Lake",22.4398,31.7697,1997-03-26T09:24:52Z,1997-03,177.031,0.007,water-level-altimetry,DAHITI,1
210,"Nasser, Lake",22.4398,31.7697,1997-04-05T07:23:24Z,1997-04,177.371,0.08,water-level-altimetry,DAHITI,1
210,"Nasser, Lake",22.4398,31.7697,1997-05-05T01:18:59Z,1997-05,176.729,0.0,water-level-altimetry,DAHITI,1
210,"Nasser, Lake",22.4398,31.7697,1997-06-23T15:11:37Z,1997-06,175.461,0.004,water-level-altimetry,DAHITI,1
210,"Nasser, Lake",22.4398,31.7697,1997-09-30T18:56:52Z,1997-09,179.436,0.041,water-level-altimetry,DAHITI,1
210,"Nasser, Lake",22.4398,31.7697,1997-10-20T14:53:54Z,1997-10,177.857,0.025,water-level-altimetry,DAHITI,1
210,"Nasser, Lake",22.4398,31.7697,1997-11-09T10:50:57Z,1997-11,178.189,0.02,water-level-altimetry,DAHITI,1
210,"Nasser, Lake",22.4398,31.7697,1998-06-25T12:17:03Z,1998-06,176.687,0.016,water-level-altimetry,DAHITI,1
210,"Nasser, Lake",22.4398,31.7697,1998-07-05T10:15:33Z,1998-07,176.859,0.006,water-level-altimetry,DAHITI,1
210,"Nasser, Lake",22.4398,31.7697,1998-09-02T22:06:43Z,1998-09,177.959,0.015,water-level-altimetry,DAHITI,2
210,"Nasser, Lake",22.4398,31.7697,1998-09-12T20:05:15Z,1998-09,178.378,0.005,water-level-altimetry,DAHITI,2
210,"Nasser, Lake",22.4398,31.7697,1998-10-02T16:02:18Z,1998-10,179.709,0.008,water-level-altimetry,DAHITI,1
210,"Nasser, Lake",22.4398,31.7697,1998-11-11T07:56:23Z,1998-11,181.241,0.016,water-level-altimetry,DAHITI,1
210,"Nasser, Lake",22.4398,31.7697,1998-12-20T23:50:29Z,1998-12,180.765,0.044,water-level-altimetry,DAHITI,1
210,"Nasser, Lake",22.4398,31.7697,1999-02-08T13:43:06Z,1999-02,179.817,0.017,water-level-altimetry,DAHITI,1
210,"Nasser, Lake",22.4398,31.7697,1999-05-08T19:29:49Z,1999-05,178.972,0.036,water-level-altimetry,DAHITI,2
210,"Nasser, Lake",22.4398,31.7697,1999-05-28T15:26:51Z,1999-05,177.183,0.01,water-level-altimetry,DAHITI,2
210,"Nasser, Lake",22.4398,31.7697,1999-07-07T07:20:59Z,1999-07,177.734,0.036,water-level-altimetry,DAHITI,1
210,"Nasser, Lake",22.4398,31.7697,1999-08-15T23:15:05Z,1999-08,178.549,0.063,water-level-altimetry,DAHITI,1
210,"Nasser, Lake",22.4398,31.7697,1999-10-14T11:06:11Z,1999-10,180.822,0.07,water-level-altimetry,DAHITI,1
210,"Nasser, Lake",22.4398,31.7697,2000-12-13T20:02:43Z,2000-12,180.555,0.012,water-level-altimetry,DAHITI,1
210,"Nasser, Lake",22.4398,31.7697,2001-05-11T13:40:33Z,2001-05,179.436,0.012,water-level-altimetry,DAHITI,1
210,"Nasser, Lake",22.4398,31.7697,2001-08-08T19:27:18Z,2001-08,176.207,0.078,water-level-altimetry,DAHITI,2
210,"Nasser, Lake",22.4398,31.7697,2001-08-28T15:24:20Z,2001-08,180.29,0.007,water-level-altimetry,DAHITI,2
210,"Nasser, Lake",22.4398,31.7697,2001-12-05T19:09:33Z,2001-12,181.183,0.048,water-level-altimetry,DAHITI,2
210,"Nasser, Lake",22.4398,31.7697,2001-12-15T17:08:06Z,2001-12,181.585,0.018,water-level-altimetry,DAHITI,2
210,"Nasser, Lake",22.4398,31.7697,2002-02-13T04:59:12Z,2002-02,181.414,0.014,water-level-altimetry,DAHITI,1
210,"Nasser, Lake",22.4398,31.7697,2002-04-03T18:50:40Z,2002-04,179.068,0.022,water-level-altimetry,DAHITI,2
210,"Nasser, Lake",22.4398,31.7697,2002-04-23T14:47:43Z,2002-04,178.958,0.036,water-level-altimetry,DAHITI,2
210,"Nasser, Lake",22.4398,31.7697,2002-05-03T12:46:13Z,2002-05,178.404,0.01,water-level-altimetry,DAHITI,3
210,"Nasser, Lake",22.4398,31.7697,2002-05-13T10:45:04Z,2002-05,178.119,0.003,water-level-altimetry,DAHITI,3
210,"Nasser, Lake",22.4398,31.7697,2002-05-24T19:39:15Z,2002-05,177.824,0.0,water-level-altimetry,DAHITI,3
210,"Nasser, Lake",22.4398,31.7697,2002-08-02T19:39:16Z,2002-08,175.201,0.005,water-level-altimetry,DAHITI,5
210,"Nasser, Lake",22.4398,31.7697,2002-08-06T08:06:47Z,2002-08,175.486,0.003,water-level-altimetry,DAHITI,5
210,"Nasser, Lake",22.4398,31.7697,2002-08-10T16:31:30Z,2002-08,175.59,0.006,water-level-altimetry,DAHITI,5
210,"Nasser, Lake",22.4398,31.7697,2002-08-20T14:30:02Z,2002-08,176.04,0.008,water-level-altimetry,DAHITI,5
210,"Nasser, Lake",22.4398,31.7697,2002-08-30T12:28:34Z,2002-08,176.75,0.005,water-level-altimetry,DAHITI,5
210,"Nasser, Lake",22.4398,31.7697,2002-09-06T19:39:14Z,2002-09,176.759,0.006,water-level-altimetry,DAHITI,3
210,"Nasser, Lake",22.4398,31.7697,2002-09-19T08:25:35Z,2002-09,177.485,0.065,water-level-altimetry,DAHITI,3
210,"Nasser, Lake",22.4398,31.7697,2002-09-29T06:24:07Z,2002-09,177.733,0.023,water-level-altimetry,DAHITI,3
210,"Nasser, Lake",22.4398,31.7697,2002-10-11T19:39:18Z,2002-10,177.61,0.001,water-level-altimetry,DAHITI,4
210,"Nasser, Lake",22.4398,31.7697,2002-10-15T08:06:50Z,2002-10,177.817,0.002,water-level-altimetry,DAHITI,4
210,"Nasser, Lake",22.4398,31.7697,2002-10-19T02:21:10Z,2002-10,178.029,0.035,water-level-altimetry,DAHITI,4
210,"Nasser, Lake",22.4398,31.7697,2002-10-29T00:19:41Z,2002-10,178.038,0.031,water-level-altimetry,DAHITI,4
210,"Nasser, Lake",22.4398,31.7697,2002-11-15T19:39:19Z,2002-11,177.693,0.024,water-level-altimetry,DAHITI,2
210,"Nasser, Lake",22.4398,31.7697,2002-11-27T18:15:17Z,2002-11,177.743,0.014,water-level-altimetry,DAHITI,2
210,"Nasser, Lake",22.4398,31.7697,2002-12-17T14:12:19Z,2002-12,177.071,0.001,water-level-altimetry,DAHITI,4
210,"Nasser, Lake",22.4398,31.7697,2002-12-20T19:39:12Z,2002-12,177.243,0.001,water-level-altimetry,DAHITI,4
210,"Nasser, Lake",22.4398,31.7697,2002-12-24T08:06:47Z,2002-12,177.309,0.0,water-level-altimetry,DAHITI,4
210,"Nasser, Lake",22.4398,31.7697,2002-12-27T12:10:52Z,2002-12,177.311,0.038,water-level-altimetry,DAHITI,4
210,"Nasser, Lake",22.4398,31.7697,2003-01-06T10:09:24Z,2003-01,177.304,0.006,water-level-altimetry,DAHITI,4
210,"Nasser, Lake",22.4398,31.7697,2003-01-16T08:07:56Z,2003-01,177.134,0.008,water-level-altimetry,DAHITI,4
210,"Nasser, Lake",22.4398,31.7697,2003-01-24T19:39:15Z,2003-01,177.303,0.003,water-level-altimetry,DAHITI,4
210,"Nasser, Lake",22.4398,31.7697,2003-01-28T08:06:48Z,2003-01,177.24,0.003,water-level-altimetry,DAHITI,4
210,"Nasser, Lake",22.4398,31.7697,2003-02-05T04:04:58Z,2003-02,176.817,0.027,water-level-altimetry,DAHITI,3
210,"Nasser, Lake",22.4398,31.7697,2003-02-25T00:02:00Z,2003-02,176.237,0.005,water-level-altimetry,DAHITI,3
210,"Nasser, Lake",22.4398,31.7697,2003-02-28T19:39:13Z,2003-02,176.355,0.003,water-level-altimetry,DAHITI,3
210,"Nasser, Lake",22.4398,31.7697,2003-03-04T08:06:45Z,2003-03,176.308,0.0,water-level-altimetry,DAHITI,3
210,"Nasser, Lake",22.4398,31.7697,2003-03-06T22:00:32Z,2003-03,175.858,0.001,water-level-altimetry,DAHITI,3
210,"Nasser, Lake",22.4398,31.7697,2003-03-16T19:59:04Z,2003-03,175.721,0.005,water-level-altimetry,DAHITI,3
210,"Nasser, Lake",22.4398,31.7697,2003-04-25T11:53:12Z,2003-04,175.442,0.008,water-level-altimetry,DAHITI,1
210,"Nasser, Lake",22.4398,31.7697,2003-05-09T19:39:15Z,2003-05,175.488,0.005,water-level-altimetry,DAHITI,2
210,"Nasser, Lake",22.4398,31.7697,2003-05-13T08:06:46Z,2003-05,174.953,0.005,water-level-altimetry,DAHITI,2
210,"Nasser, Lake",22.4398,31.7697,2003-06-04T03:47:19Z,2003-06,174.259,0.012,water-level-altimetry,DAHITI,4
210,"Nasser, Lake",22.4398,31.7697,2003-06-13T19:39:17Z,2003-06,174.139,0.003,water-level-altimetry,DAHITI,4
210,"Nasser, Lake",22.4398,31.7697,2003-06-17T08:06:52Z,2003-06,173.757,0.001,water-level-altimetry,DAHITI,4
210,"Nasser, Lake",22.4398,31.7697,2003-06-23T23:44:20Z,2003-06,173.199,0.02,water-level-altimetry,DAHITI,4
210,"Nasser, Lake",22.4398,31.7697,2003-07-03T21:42:52Z,2003-07,172.701,0.024,water-level-altimetry,DAHITI,4
210,"Nasser, Lake",22.4398,31.7697,2003-07-18T19:39:22Z,2003-07,171.887,0.008,water-level-altimetry,DAHITI,4
210,"Nasser, Lake",22.4398,31.7697,2003-07-22T08:06:56Z,2003-07,172.517,0.001,water-level-altimetry,DAHITI,4
210,"Nasser, Lake",22.4398,31.7697,2003-07-23T17:39:56Z,2003-07,171.916,0.012,water-level-altimetry,DAHITI,4
210,"Nasser, Lake",22.4398,31.7697,2003-08-02T15:38:28Z,2003-08,172.062,0.001,water-level-altimetry,DAHITI,3
210,"Nasser, Lake",22.4398,31.7697,2003-08-12T13:37:00Z,2003-08,172.927,0.007,water-level-altimetry,DAHITI,3
210,"Nasser, Lake",22.4398,31.7697,2003-08-26T08:06:59Z,2003-08,174.384,0.0,water-level-altimetry,DAHITI,3
210,"Nasser, Lake",22.4398,31.7697,2003-09-21T05:31:06Z,2003-09,177.132,0.01,water-level-altimetry,DAHITI,2
210,"Nasser, Lake",22.4398,31.7697,2003-09-26T19:39:24Z,2003-09,177.024,0.005,water-level-altimetry,DAHITI,2
210,"Nasser, Lake",22.4398,31.7697,2003-10-01T03:29:36Z,2003-10,177.259,0.0,water-level-altimetry,DAHITI,5
210,"Nasser, Lake",22.4398,31.7697,2003-10-11T01:28:09Z,2003-10,177.758,0.008,water-level-altimetry,DAHITI,5
210,"Nasser, Lake",22.4398,31.7697,2003-10-20T23:26:41Z,2003-10,178.105,0.012,water-level-altimetry,DAHITI,5
210,"Nasser, Lake",22.4398,31.7697,2003-10-30T21:25:13Z,2003-10,178.124,0.025,water-level-altimetry,DAHITI,5
210,"Nasser, Lake",22.4398,31.7697,2003-10-31T19:39:18Z,2003-10,178.09,0.012,water-level-altimetry,DAHITI,5
210,"Nasser, Lake",22.4398,31.7697,2003-11-04T08:06:51Z,2003-11,178.215,0.001,water-level-altimetry,DAHITI,3
210,"Nasser, Lake",22.4398,31.7697,2003-11-09T19:23:44Z,2003-11,178.049,0.039,water-level-altimetry,DAHITI,3
210,"Nasser, Lake",22.4398,31.7697,2003-11-29T15:20:45Z,2003-11,177.626,0.035,water-level-altimetry,DAHITI,3
210,"Nasser, Lake",22.4398,31.7697,2003-12-05T19:39:23Z,2003-12,177.37,0.024,water-level-altimetry,DAHITI,3
210,"Nasser, Lake",22.4398,31.7697,2003-12-19T11:17:50Z,2003-12,177.249,0.002,water-level-altimetry,DAHITI,3
210,"Nasser, Lake",22.4398,31.7697,2003-12-29T09:16:24Z,2003-12,177.684,0.005,water-level-altimetry,DAHITI,3
210,"Nasser, Lake",22.4398,31.7697,2004-01-08T07:14:56Z,2004-01,177.688,0.0,water-level-altimetry,DAHITI,5
210,"Nasser, Lake",22.4398,31.7697,2004-01-09T19:39:22Z,2004-01,177.165,0.004,water-level-altimetry,DAHITI,5
210,"Nasser, Lake",22.4398,31.7697,2004-01-13T08:06:55Z,2004-01,177.597,0.0,water-level-altimetry,DAHITI,5
210,"Nasser, Lake",22.4398,31.7697,2004-01-18T05:13:27Z,2004-01,177.446,0.012,water-level-altimetry,DAHITI,5
210,"Nasser, Lake",22.4398,31.7697,2004-01-28T03:11:58Z,2004-01,177.416,0.005,water-level-altimetry,DAHITI,5
210,"Nasser, Lake",22.4398,31.7697,2004-02-07T01:10:29Z,2004-02,177.215,0.012,water-level-altimetry,DAHITI,3
210,"Nasser, Lake",22.4398,31.7697,2004-02-13T19:39:21Z,2004-02,177.124,0.006,water-level-altimetry,DAHITI,3
210,"Nasser, Lake",22.4398,31.7697,2004-02-26T21:07:30Z,2004-02,176.728,0.031,water-level-altimetry,DAHITI,3
210,"Nasser, Lake",22.4398,31.7697,2004-03-07T19:06:02Z,2004-03,176.816,0.003,water-level-altimetry,DAHITI,3
210,"Nasser, Lake",22.4398,31.7697,2004-03-17T17:04:36Z,2004-03,176.452,0.0,water-level-altimetry,DAHITI,3
210,"Nasser, Lake",22.4398,31.7697,2004-03-23T08:06:56Z,2004-03,176.403,0.001,water-level-altimetry,DAHITI,3
210,"Nasser, Lake",22.4398,31.7697,2004-04-06T13:01:40Z,2004-04,176.543,0.013,water-level-altimetry,DAHITI,4
210,"Nasser, Lake",22.4398,31.7697,2004-04-23T19:39:21Z,2004-04,175.658,0.011,water-level-altimetry,DAHITI,4
210,"Nasser, Lake",22.4398,31.7697,2004-04-26T08:58:45Z,2004-04,175.589,0.009,water-level-altimetry,DAHITI,4
210,"Nasser, Lake",22.4398,31.7697,2004-04-27T08:06:53Z,2004-04,175.562,0.002,water-level-altimetry,DAHITI,4
210,"Nasser, Lake",22.4398,31.7697,2004-05-06T06:57:16Z,2004-05,175.482,0.0,water-level-altimetry,DAHITI,3
210,"Nasser, Lake",22.4398,31.7697,2004-05-16T04:55:48Z,2004-05,175.058,0.011,water-level-altimetry,DAHITI,3
210,"Nasser, Lake",22.4398,31.7697,2004-05-28T19:39:26Z,2004-05,174.432,0.008,water-level-altimetry,DAHITI,3
210,"Nasser, Lake",22.4398,31.7697,2004-06-01T08:06:59Z,2004-06,174.339,0.001,water-level-altimetry,DAHITI,3
210,"Nasser, Lake",22.4398,31.7697,2004-06-05T00:52:50Z,2004-06,174.174,0.009,water-level-altimetry,DAHITI,3
210,"Nasser, Lake",22.4398,31.7697,2004-06-14T22:51:20Z,2004-06,173.586,0.01,water-level-altimetry,DAHITI,3
210,"Nasser, Lake",22.4398,31.7697,2004-07-02T19:39:25Z,2004-07,172.823,0.002,water-level-altimetry,DAHITI,4
210,"Nasser, Lake",22.4398,31.7697,2004-07-06T08:06:58Z,2004-07,172.472,0.003,water-level-altimetry,DAHITI,4
210,"Nasser, Lake",22.4398,31.7697,2004-07-14T16:46:58Z,2004-07,172.306,0.029,water-level-altimetry,DAHITI,4
210,"Nasser, Lake",22.4398,31.7697,2004-07-24T14:45:30Z,2004-07,171.978,0.014,water-level-altimetry,DAHITI,4
210,"Nasser, Lake",22.4398,31.7697,2004-08-03T12:44:03Z,2004-08,172.167,0.002,water-level-altimetry,DAHITI,5
210,"Nasser, Lake",22.4398,31.7697,2004-08-06T19:39:26Z,2004-08,172.143,0.019,water-level-altimetry,DAHITI,5
210,"Nasser, Lake",22.4398,31.7697,2004-08-10T08:06:58Z,2004-08,172.115,0.001,water-level-altimetry,DAHITI,5
210,"Nasser, Lake",22.4398,31.7697,2004-08-13T10:42:35Z,2004-08,172.464,0.02,water-level-altimetry,DAHITI,5
210,"Nasser, Lake",22.4398,31.7697,2004-08-23T08:41:07Z,2004-08,173.104,0.004,water-level-altimetry,DAHITI,5
210,"Nasser, Lake",22.4398,31.7697,2004-09-10T19:39:24Z,2004-09,174.414,0.004,water-level-altimetry,DAHITI,4
210,"Nasser, Lake",22.4398,31.7697,2004-09-12T04:38:09Z,2004-09,174.453,0.009,water-level-altimetry,DAHITI,4
210,"Nasser, Lake",22.4398,31.7697,2004-09-14T08:06:56Z,2004-09,174.475,0.0,water-level-altimetry,DAHITI,4
210,"Nasser, Lake",22.4398,31.7697,2004-09-22T02:36:39Z,2004-09,175.116,0.0,water-level-altimetry,DAHITI,4
210,"Nasser, Lake",22.4398,31.7697,2004-10-15T19:39:26Z,2004-10,175.241,0.007,water-level-altimetry,DAHITI,3
210,"Nasser, Lake",22.4398,31.7697,2004-10-19T08:06:59Z,2004-10,175.337,0.003,water-level-altimetry,DAHITI,3
210,"Nasser, Lake",22.4398,31.7697,2004-10-31T18:30:45Z,2004-10,175.931,0.04,water-level-altimetry,DAHITI,3
210,"Nasser, Lake",22.4398,31.7697,2004-11-10T16:29:18Z,2004-11,175.871,0.092,water-level-altimetry,DAHITI,4
210,"Nasser, Lake",22.4398,31.7697,2004-11-19T19:39:23Z,2004-11,175.333,0.003,water-level-altimetry,DAHITI,4
210,"Nasser, Lake",22.4398,31.7697,2004-11-20T14:27:50Z,2004-11,175.356,0.004,water-level-altimetry,DAHITI,4
210,"Nasser, Lake",22.4398,31.7697,2004-11-23T08:06:57Z,2004-11,175.713,0.0,water-level-altimetry,DAHITI,4
210,"Nasser, Lake",22.4398,31.7697,2004-12-20T08:23:25Z,2004-12,175.362,0.063,water-level-altimetry,DAHITI,4
210,"Nasser, Lake",22.4398,31.7697,2004-12-24T19:39:19Z,2004-12,175.408,0.051,water-level-altimetry,DAHITI,4
210,"Nasser, Lake",22.4398,31.7697,2004-12-28T08:06:52Z,2004-12,175.227,0.002,water-level-altimetry,DAHITI,4
210,"Nasser, Lake",22.4398,31.7697,2004-12-30T06:21:56Z,2004-12,175.221,0.098,water-level-altimetry,DAHITI,4
210,"Nasser, Lake",22.4398,31.7697,2005-01-09T04:20:27Z,2005-01,175.281,0.035,water-level-altimetry,DAHITI,3
210,"Nasser, Lake",22.4398,31.7697,2005-01-28T19:39:21Z,2005-01,175.137,0.0,water-level-altimetry,DAHITI,3
210,"Nasser, Lake",22.4398,31.7697,2005-01-29T00:17:29Z,2005-01,175.392,0.002,water-level-altimetry,DAHITI,3
210,"Nasser, Lake",22.4398,31.7697,2005-02-01T08:06:54Z,2005-02,175.028,0.001,water-level-altimetry,DAHITI,2
210,"Nasser, Lake",22.4398,31.7697,2005-02-07T22:16:02Z,2005-02,174.927,0.02,water-level-altimetry,DAHITI,2
210,"Nasser, Lake",22.4398,31.7697,2005-03-04T19:39:20Z,2005-03,174.211,0.028,water-level-altimetry,DAHITI,3
210,"Nasser, Lake",22.4398,31.7697,2005-03-19T14:10:11Z,2005-03,174.048,0.092,water-level-altimetry,DAHITI,3
210,"Nasser, Lake",22.4398,31.7697,2005-03-29T12:08:42Z,2005-03,174.02,0.051,water-level-altimetry,DAHITI,3
210,"Nasser, Lake",22.4398,31.7697,2005-04-08T13:17:58Z,2005-04,173.298,0.002,water-level-altimetry,DAHITI,4
210,"Nasser, Lake",22.4398,31.7697,2005-04-12T08:06:57Z,2005-04,173.323,0.001,water-level-altimetry,DAHITI,4
210,"Nasser, Lake",22.4398,31.7697,2005-04-18T08:05:47Z,2005-04,173.25,0.001,water-level-altimetry,DAHITI,4
210,"Nasser, Lake",22.4398,31.7697,2005-04-28T06:04:18Z,2005-04,172.701,0.014,water-level-altimetry,DAHITI,4
210,"Nasser, Lake",22.4398,31.7697,2005-05-13T19:39:28Z,2005-05,172.488,0.0,water-level-altimetry,DAHITI,2
210,"Nasser, Lake",22.4398,31.7697,2005-05-17T08:06:59Z,2005-05,172.133,0.003,water-level-altimetry,DAHITI,2
210,"Nasser, Lake",22.4398,31.7697,2005-06-16T19:56:57Z,2005-06,170.891,0.011,water-level-altimetry,DAHITI,4
210,"Nasser, Lake",22.4398,31.7697,2005-06-17T19:39:28Z,2005-06,171.04,0.006,water-level-altimetry,DAHITI,4
210,"Nasser, Lake",22.4398,31.7697,2005-06-21T08:07:02Z,2005-06,170.813,0.002,water-level-altimetry,DAHITI,4
210,"Nasser, Lake",22.4398,31.7697,2005-06-26T17:55:30Z,2005-06,170.53,0.005,water-level-altimetry,DAHITI,4
210,"Nasser, Lake",22.4398,31.7697,2005-07-06T15:54:02Z,2005-07,170.097,0.021,water-level-altimetry,DAHITI,4
210,"Nasser, Lake",22.4398,31.7697,2005-07-16T13:52:33Z,2005-07,169.794,0.001,water-level-altimetry,DAHITI,4
210,"Nasser, Lake",22.4398,31.7697,2005-07-22T19:39:27Z,2005-07,169.922,0.004,water-level-altimetry,DAHITI,4
210,"Nasser, Lake",22.4398,31.7697,2005-07-26T08:07:00Z,2005-07,169.919,0.001,water-level-altimetry,DAHITI,4
210,"Nasser, Lake",22.4398,31.7697,2005-08-05T09:49:38Z,2005-08,169.879,0.002,water-level-altimetry,DAHITI,5
210,"Nasser, Lake",22.4398,31.7697,2005-08-15T07:48:11Z,2005-08,170.634,0.008,water-level-altimetry,DAHITI,5
210,"Nasser, Lake",22.4398,31.7697,2005-08-25T05:46:42Z,2005-08,171.332,0.028,water-level-altimetry,DAHITI,5
210,"Nasser, Lake",22.4398,31.7697,2005-08-26T19:39:23Z,2005-08,171.455,0.003,water-level-altimetry,DAHITI,5
210,"Nasser, Lake",22.4398,31.7697,2005-08-30T08:06:56Z,2005-08,171.702,0.001,water-level-altimetry,DAHITI,5
210,"Nasser, Lake",22.4398,31.7697,2005-09-14T01:43:45Z,2005-09,173.444,0.006,water-level-altimetry,DAHITI,2
210,"Nasser, Lake",22.4398,31.7697,2005-09-30T19:39:24Z,2005-09,174.504,0.005,water-level-altimetry,DAHITI,2
210,"Nasser, Lake",22.4398,31.7697,2005-10-04T08:06:56Z,2005-10,174.523,0.001,water-level-altimetry,DAHITI,2
210,"Nasser, Lake",22.4398,31.7697,2005-10-23T17:37:51Z,2005-10,175.071,0.017,water-level-altimetry,DAHITI,2
210,"Nasser, Lake",22.4398,31.7697,2005-11-02T15:36:24Z,2005-11,175.359,0.041,water-level-altimetry,DAHITI,5
210,"Nasser, Lake",22.4398,31.7697,2005-11-04T19:39:25Z,2005-11,174.633,0.013,water-level-altimetry,DAHITI,5
210,"Nasser, Lake",22.4398,31.7697,2005-11-08T08:06:57Z,2005-11,175.063,0.002,water-level-altimetry,DAHITI,5
210,"Nasser, Lake",22.4398,31.7697,2005-11-12T13:34:56Z,2005-11,174.823,0.02,water-level-altimetry,DAHITI,5
210,"Nasser, Lake",22.4398,31.7697,2005-11-22T11:33:28Z,2005-11,174.567,0.006,water-level-altimetry,DAHITI,5
210,"Nasser, Lake",22.4398,31.7697,2005-12-02T09:32:00Z,2005-12,174.674,0.019,water-level-altimetry,DAHITI,3
210,"Nasser, Lake",22.4398,31.7697,2005-12-09T19:39:19Z,2005-12,174.674,0.015,water-level-altimetry,DAHITI,3
210,"Nasser, Lake",22.4398,31.7697,2005-12-13T08:06:51Z,2005-12,174.987,0.003,water-level-altimetry,DAHITI,3
210,"Nasser, Lake",22.4398,31.7697,2006-01-01T03:27:33Z,2006-01,174.668,0.001,water-level-altimetry,DAHITI,5
210,"Nasser, Lake",22.4398,31.7697,2006-01-11T01:26:05Z,2006-01,174.517,0.011,water-level-altimetry,DAHITI,5
210,"Nasser, Lake",22.4398,31.7697,2006-01-13T19:39:11Z,2006-01,174.341,0.01,water-level-altimetry,DAHITI,5
210,"Nasser, Lake",22.4398,31.7697,2006-01-17T08:06:44Z,2006-01,174.513,0.002,water-level-altimetry,DAHITI,5
210,"Nasser, Lake",22.4398,31.7697,2006-01-20T23:24:36Z,2006-01,174.28,0.009,water-level-altimetry,DAHITI,5
210,"Nasser, Lake",22.4398,31.7697,2006-02-09T19:21:41Z,2006-02,174.287,0.003,water-level-altimetry,DAHITI,3
210,"Nasser, Lake",22.4398,31.7697,2006-02-17T19:39:14Z,2006-02,173.825,0.004,water-level-altimetry,DAHITI,3
210,"Nasser, Lake",22.4398,31.7697,2006-02-21T08:06:47Z,2006-02,174.245,0.0,water-level-altimetry,DAHITI,3
210,"Nasser, Lake",22.4398,31.7697,2006-03-21T11:15:49Z,2006-03,173.416,0.005,water-level-altimetry,DAHITI,3
210,"Nasser, Lake",22.4398,31.7697,2006-03-24T19:39:11Z,2006-03,173.222,0.001,water-level-altimetry,DAHITI,3
210,"Nasser, Lake",22.4398,31.7697,2006-03-28T08:06:43Z,2006-03,173.265,0.002,water-level-altimetry,DAHITI,3
210,"Nasser, Lake",22.4398,31.7697,2006-04-10T07:12:53Z,2006-04,172.849,0.004,water-level-altimetry,DAHITI,3
210,"Nasser, Lake",22.4398,31.7697,2006-04-28T19:39:17Z,2006-04,172.326,0.005,water-level-altimetry,DAHITI,3
210,"Nasser, Lake",22.4398,31.7697,2006-04-30T03:09:55Z,2006-04,172.188,0.015,water-level-altimetry,DAHITI,3
210,"Nasser, Lake",22.4398,31.7697,2006-05-02T08:06:51Z,2006-05,172.054,0.002,water-level-altimetry,DAHITI,2
210,"Nasser, Lake",22.4398,31.7697,2006-05-29T21:05:30Z,2006-05,171.096,0.004,water-level-altimetry,DAHITI,2
210,"Nasser, Lake",22.4398,31.7697,2006-06-02T19:39:18Z,2006-06,171.069,0.003,water-level-altimetry,DAHITI,5
210,"Nasser, Lake",22.4398,31.7697,2006-06-06T08:06:52Z,2006-06,170.885,0.0,water-level-altimetry,DAHITI,5
210,"Nasser, Lake",22.4398,31.7697,2006-06-08T19:04:01Z,2006-06,170.783,0.008,water-level-altimetry,DAHITI,5
210,"Nasser, Lake",22.4398,31.7697,2006-06-18T17:02:32Z,2006-06,169.821,0.006,water-level-altimetry,DAHITI,5
210,"Nasser, Lake",22.4398,31.7697,2006-06-28T15:01:03Z,2006-06,169.472,0.003,water-level-altimetry,DAHITI,5
210,"Nasser, Lake",22.4398,31.7697,2006-07-07T19:39:24Z,2006-07,168.658,0.07,water-level-altimetry,DAHITI,4
210,"Nasser, Lake",22.4398,31.7697,2006-07-08T12:59:36Z,2006-07,169.369,0.004,water-level-altimetry,DAHITI,4
210,"Nasser, Lake",22.4398,31.7697,2006-07-18T10:58:08Z,2006-07,168.94,0.001,water-level-altimetry,DAHITI,4
210,"Nasser, Lake",22.4398,31.7697,2006-07-28T08:56:41Z,2006-07,168.871,0.008,water-level-altimetry,DAHITI,4
210,"Nasser, Lake",22.4398,31.7697,2006-08-11T19:39:23Z,2006-08,169.835,0.003,water-level-altimetry,DAHITI,3
210,"Nasser, Lake",22.4398,31.7697,2006-08-15T08:06:56Z,2006-08,169.875,0.003,water-level-altimetry,DAHITI,3
210,"Nasser, Lake",22.4398,31.7697,2006-08-27T02:52:16Z,2006-08,171.763,0.016,water-level-altimetry,DAHITI,3
210,"Nasser, Lake",22.4398,31.7697,2006-09-06T00:50:48Z,2006-09,172.956,0.007,water-level-altimetry,DAHITI,4
210,"Nasser, Lake",22.4398,31.7697,2006-09-15T21:14:18Z,2006-09,174.185,0.0,water-level-altimetry,DAHITI,4
210,"Nasser, Lake",22.4398,31.7697,2006-09-19T08:06:51Z,2006-09,174.696,0.002,water-level-altimetry,DAHITI,4
210,"Nasser, Lake",22.4398,31.7697,2006-09-25T20:47:50Z,2006-09,175.508,0.015,water-level-altimetry,DAHITI,4
210,"Nasser, Lake",22.4398,31.7697,2006-10-05T18:46:23Z,2006-10,176.317,0.011,water-level-altimetry,DAHITI,4
210,"Nasser, Lake",22.4398,31.7697,2006-10-15T16:44:55Z,2006-10,176.828,0.018,water-level-altimetry,DAHITI,4
210,"Nasser, Lake",22.4398,31.7697,2006-10-24T08:06:55Z,2006-10,176.814,0.003,water-level-altimetry,DAHITI,4
210,"Nasser, Lake",22.4398,31.7697,2006-10-25T14:43:27Z,2006-10,176.984,0.037,water-level-altimetry,DAHITI,4
210,"Nasser, Lake",22.4398,31.7697,2006-11-24T18:05:02Z,2006-11,176.496,0.001,water-level-altimetry,DAHITI,1
210,"Nasser, Lake",22.4398,31.7697,2006-12-04T06:37:35Z,2006-12,176.748,0.003,water-level-altimetry,DAHITI,3
210,"Nasser, Lake",22.4398,31.7697,2006-12-14T04:36:06Z,2006-12,176.694,0.029,water-level-altimetry,DAHITI,3
210,"Nasser, Lake",22.4398,31.7697,2006-12-24T02:34:38Z,2006-12,176.728,0.009,water-level-altimetry,DAHITI,3
210,"Nasser, Lake",22.4398,31.7697,2007-01-02T08:06:52Z,2007-01,176.67,0.003,water-level-altimetry,DAHITI,3
210,"Nasser, Lake",22.4398,31.7697,2007-01-12T22:31:41Z,2007-01,176.721,0.007,water-level-altimetry,DAHITI,3
210,"Nasser, Lake",22.4398,31.7697,2007-01-22T20:30:12Z,2007-01,176.468,0.003,water-level-altimetry,DAHITI,3
210,"Nasser, Lake",22.4398,31.7697,2007-02-01T18:28:45Z,2007-02,176.588,0.025,water-level-altimetry,DAHITI,5
210,"Nasser, Lake",22.4398,31.7697,2007-02-02T19:39:15Z,2007-02,176.528,0.002,water-level-altimetry,DAHITI,5
210,"Nasser, Lake",22.4398,31.7697,2007-02-06T08:06:48Z,2007-02,176.453,0.002,water-level-altimetry,DAHITI,5
210,"Nasser, Lake",22.4398,31.7697,2007-02-11T16:27:17Z,2007-02,176.539,0.009,water-level-altimetry,DAHITI,5
210,"Nasser, Lake",22.4398,31.7697,2007-02-21T14:25:49Z,2007-02,176.256,0.01,water-level-altimetry,DAHITI,5
210,"Nasser, Lake",22.4398,31.7697,2007-03-03T12:24:21Z,2007-03,175.805,0.022,water-level-altimetry,DAHITI,2
210,"Nasser, Lake",22.4398,31.7697,2007-03-13T08:19:54Z,2007-03,176.069,0.0,water-level-altimetry,DAHITI,2
210,"Nasser, Lake",22.4398,31.7697,2007-04-02T06:19:58Z,2007-04,175.728,0.012,water-level-altimetry,DAHITI,4
210,"Nasser, Lake",22.4398,31.7697,2007-04-12T04:18:29Z,2007-04,175.764,0.036,water-level-altimetry,DAHITI,4
210,"Nasser, Lake",22.4398,31.7697,2007-04-13T19:39:16Z,2007-04,175.07,0.014,water-level-altimetry,DAHITI,4
210,"Nasser, Lake",22.4398,31.7697,2007-04-17T08:06:49Z,2007-04,174.967,0.004,water-level-altimetry,DAHITI,4
210,"Nasser, Lake",22.4398,31.7697,2007-05-18T19:39:19Z,2007-05,174.166,0.009,water-level-altimetry,DAHITI,4
210,"Nasser, Lake",22.4398,31.7697,2007-05-21T20:12:33Z,2007-05,174.463,0.028,water-level-altimetry,DAHITI,4
210,"Nasser, Lake",22.4398,31.7697,2007-05-22T08:06:52Z,2007-05,174.487,0.001,water-level-altimetry,DAHITI,4
210,"Nasser, Lake",22.4398,31.7697,2007-05-31T18:11:06Z,2007-05,173.699,0.009,water-level-altimetry,DAHITI,4
210,"Nasser, Lake",22.4398,31.7697,2007-06-10T16:09:38Z,2007-06,173.241,0.005,water-level-altimetry,DAHITI,4
210,"Nasser, Lake",22.4398,31.7697,2007-06-20T14:08:10Z,2007-06,173.121,0.0,water-level-altimetry,DAHITI,4
210,"Nasser, Lake",22.4398,31.7697,2007-06-22T19:39:20Z,2007-06,173.103,0.002,water-level-altimetry,DAHITI,4
210,"Nasser, Lake",22.4398,31.7697,2007-06-30T12:06:42Z,2007-06,172.759,0.002,water-level-altimetry,DAHITI,4
210,"Nasser, Lake",22.4398,31.7697,2007-07-10T10:05:13Z,2007-07,172.504,0.031,water-level-altimetry,DAHITI,4
210,"Nasser, Lake",22.4398,31.7697,2007-07-20T08:03:45Z,2007-07,172.926,0.01,water-level-altimetry,DAHITI,4
210,"Nasser, Lake",22.4398,31.7697,2007-07-27T19:39:21Z,2007-07,173.389,0.014,water-level-altimetry,DAHITI,4
210,"Nasser, Lake",22.4398,31.7697,2007-07-31T08:06:53Z,2007-07,173.86,0.001,water-level-altimetry,DAHITI,4
210,"Nasser, Lake",22.4398,31.7697,2007-08-09T04:00:48Z,2007-08,173.938,0.026,water-level-altimetry,DAHITI,4
210,"Nasser, Lake",22.4398,31.7697,2007-08-19T01:59:19Z,2007-08,175.213,0.011,water-level-altimetry,DAHITI,4
210,"Nasser, Lake",22.4398,31.7697,2007-08-28T23:57:52Z,2007-08,176.181,0.005,water-level-altimetry,DAHITI,4
210,"Nasser, Lake",22.4398,31.7697,2007-08-31T19:39:18Z,2007-08,176.527,0.017,water-level-altimetry,DAHITI,4
210,"Nasser, Lake",22.4398,31.7697,2007-09-04T08:06:51Z,2007-09,176.926,0.003,water-level-altimetry,DAHITI,2
210,"Nasser, Lake",22.4398,31.7697,2007-09-17T19:54:56Z,2007-09,178.432,0.003,water-level-altimetry,DAHITI,2
210,"Nasser, Lake",22.4398,31.7697,2007-10-05T19:39:14Z,2007-10,179.713,0.001,water-level-altimetry,DAHITI,5
210,"Nasser, Lake",22.4398,31.7697,2007-10-07T15:51:59Z,2007-10,179.833,0.031,water-level-altimetry,DAHITI,5
210,"Nasser, Lake",22.4398,31.7697,2007-10-09T08:06:48Z,2007-10,180.095,0.002,water-level-altimetry,DAHITI,5
210,"Nasser, Lake",22.4398,31.7697,2007-10-17T13:50:31Z,2007-10,180.242,0.016,water-level-altimetry,DAHITI,5
210,"Nasser, Lake",22.4398,31.7697,2007-10-27T11:49:03Z,2007-10,180.394,0.004,water-level-altimetry,DAHITI,5
210,"Nasser, Lake",22.4398,31.7697,2007-11-09T19:39:14Z,2007-11,179.917,0.006,water-level-altimetry,DAHITI,4
210,"Nasser, Lake",22.4398,31.7697,2007-11-13T08:06:46Z,2007-11,180.158,0.001,water-level-altimetry,DAHITI,4
210,"Nasser, Lake",22.4398,31.7697,2007-11-16T07:46:06Z,2007-11,179.883,0.018,water-level-altimetry,DAHITI,4
210,"Nasser, Lake",22.4398,31.7697,2007-11-26T05:44:37Z,2007-11,179.563,0.006,water-level-altimetry,DAHITI,4
210,"Nasser, Lake",22.4398,31.7697,2007-12-06T03:43:09Z,2007-12,179.635,0.021,water-level-altimetry,DAHITI,4
210,"Nasser, Lake",22.4398,31.7697,2007-12-14T19:39:11Z,2007-12,179.641,0.007,water-level-altimetry,DAHITI,4
210,"Nasser, Lake",22.4398,31.7697,2007-12-18T08:06:45Z,2007-12,179.848,0.001,water-level-altimetry,DAHITI,4
210,"Nasser, Lake",22.4398,31.7697,2007-12-25T23:40:13Z,2007-12,179.335,0.003,water-level-altimetry,DAHITI,4
210,"Nasser, Lake",22.4398,31.7697,2008-01-04T21:38:45Z,2008-01,179.542,0.006,water-level-altimetry,DAHITI,3
210,"Nasser, Lake",22.4398,31.7697,2008-01-14T19:37:17Z,2008-01,179.63,0.018,water-level-altimetry,DAHITI,3
210,"Nasser, Lake",22.4398,31.7697,2008-01-18T19:39:13Z,2008-01,179.469,0.001,water-level-altimetry,DAHITI,3
210,"Nasser, Lake",22.4398,31.7697,2008-02-03T15:34:21Z,2008-02,179.441,0.003,water-level-altimetry,DAHITI,4
210,"Nasser, Lake",22.4398,31.7697,2008-02-13T13:32:53Z,2008-02,179.343,0.004,water-level-altimetry,DAHITI,4
210,"Nasser, Lake",22.4398,31.7697,2008-02-22T19:39:14Z,2008-02,178.788,0.016,water-level-altimetry,DAHITI,4
210,"Nasser, Lake",22.4398,31.7697,2008-02-26T08:06:46Z,2008-02,179.119,0.0,water-level-altimetry,DAHITI,4
210,"Nasser, Lake",22.4398,31.7697,2008-03-04T09:29:58Z,2008-03,178.921,0.01,water-level-altimetry,DAHITI,3
210,"Nasser, Lake",22.4398,31.7697,2008-03-14T07:28:29Z,2008-03,178.816,0.022,water-level-altimetry,DAHITI,3
210,"Nasser, Lake",22.4398,31.7697,2008-03-28T19:39:14Z,2008-03,178.577,0.003,water-level-altimetry,DAHITI,3
210,"Nasser, Lake",22.4398,31.7697,2008-04-01T08:06:47Z,2008-04,178.223,0.002,water-level-altimetry,DAHITI,3
210,"Nasser, Lake",22.4398,31.7697,2008-04-03T03:25:32Z,2008-04,178.429,0.001,water-level-altimetry,DAHITI,3
210,"Nasser, Lake",22.4398,31.7697,2008-04-13T01:24:02Z,2008-04,177.846,0.008,water-level-altimetry,DAHITI,3
210,"Nasser, Lake",22.4398,31.7697,2008-05-02T19:39:13Z,2008-05,177.047,0.002,water-level-altimetry,DAHITI,2
210,"Nasser, Lake",22.4398,31.7697,2008-05-06T08:06:47Z,2008-05,177.352,0.001,water-level-altimetry,DAHITI,2
210,"Nasser, Lake",22.4398,31.7697,2008-06-06T19:39:14Z,2008-06,176.035,0.023,water-level-altimetry,DAHITI,2
210,"Nasser, Lake",22.4398,31.7697,2008-06-10T08:06:47Z,2008-06,176.346,0.004,water-level-altimetry,DAHITI,2
210,"Nasser, Lake",22.4398,31.7697,2008-07-15T08:06:48Z,2008-07,175.303,0.001,water-level-altimetry,DAHITI,3
210,"Nasser, Lake",22.4398,31.7697,2008-07-21T05:10:12Z,2008-07,174.594,0.002,water-level-altimetry,DAHITI,3
210,"Nasser, Lake",22.4398,31.7697,2008-07-31T03:08:26Z,2008-07,175.134,0.005,water-level-altimetry,DAHITI,3
210,"Nasser, Lake",22.4398,31.7697,2008-08-10T01:07:16Z,2008-08,175.502,0.002,water-level-altimetry,DAHITI,4
210,"Nasser, Lake",22.4398,31.7697,2008-08-15T19:39:13Z,2008-08,175.527,0.014,water-level-altimetry,DAHITI,4
210,"Nasser, Lake",22.4398,31.7697,2008-08-19T23:05:48Z,2008-08,176.313,0.018,water-level-altimetry,DAHITI,4
210,"Nasser, Lake",22.4398,31.7697,2008-08-29T21:03:41Z,2008-08,177.019,0.002,water-level-altimetry,DAHITI,4
210,"Nasser, Lake",22.4398,31.7697,2008-09-08T19:01:57Z,2008-09,177.997,0.002,water-level-altimetry,DAHITI,5
210,"Nasser, Lake",22.4398,31.7697,2008-09-18T17:00:43Z,2008-09,178.298,0.001,water-level-altimetry,DAHITI,5
210,"Nasser, Lake",22.4398,31.7697,2008-09-19T19:39:11Z,2008-09,178.631,0.005,water-level-altimetry,DAHITI,5
210,"Nasser, Lake",22.4398,31.7697,2008-09-23T08:06:44Z,2008-09,178.947,0.001,water-level-altimetry,DAHITI,5
210,"Nasser, Lake",22.4398,31.7697,2008-09-28T14:59:39Z,2008-09,179.162,0.005,water-level-altimetry,DAHITI,5
210,"Nasser, Lake",22.4398,31.7697,2008-10-08T12:57:59Z,2008-10,179.206,0.003,water-level-altimetry,DAHITI,4
210,"Nasser, Lake",22.4398,31.7697,2008-10-18T10:56:59Z,2008-10,179.101,0.002,water-level-altimetry,DAHITI,4
210,"Nasser, Lake",22.4398,31.7697,2008-10-24T19:39:11Z,2008-10,178.687,0.002,water-level-altimetry,DAHITI,4
210,"Nasser, Lake",22.4398,31.7697,2008-10-28T08:17:29Z,2008-10,179.09,0.001,water-level-altimetry,DAHITI,4
210,"Nasser, Lake",22.4398,31.7697,2008-11-17T04:52:12Z,2008-11,178.707,0.011,water-level-altimetry,DAHITI,3
210,"Nasser, Lake",22.4398,31.7697,2008-11-27T02:51:04Z,2008-11,178.822,0.0,water-level-altimetry,DAHITI,3
210,"Nasser, Lake",22.4398,31.7697,2008-11-28T19:39:11Z,2008-11,178.293,0.02,water-level-altimetry,DAHITI,3
210,"Nasser, Lake",22.4398,31.7697,2008-12-02T08:06:43Z,2008-12,178.415,0.003,water-level-altimetry,DAHITI,4
210,"Nasser, Lake",22.4398,31.7697,2008-12-07T00:49:08Z,2008-12,178.358,0.003,water-level-altimetry,DAHITI,4
210,"Nasser, Lake",22.4398,31.7697,2008-12-16T22:48:07Z,2008-12,178.355,0.043,water-level-altimetry,DAHITI,4
210,"Nasser, Lake",22.4398,31.7697,2008-12-26T20:46:39Z,2008-12,178.099,0.013,water-level-altimetry,DAHITI,4
210,"Nasser, Lake",22.4398,31.7697,2009-01-02T19:39:10Z,2009-01,177.825,0.012,water-level-altimetry,DAHITI,5
210,"Nasser, Lake",22.4398,31.7697,2009-01-05T18:44:40Z,2009-01,178.13,0.007,water-level-altimetry,DAHITI,5
210,"Nasser, Lake",22.4398,31.7697,2009-01-06T08:06:43Z,2009-01,177.931,0.002,water-level-altimetry,DAHITI,5
210,"Nasser, Lake",22.4398,31.7697,2009-01-15T16:43:42Z,2009-01,177.993,0.002,water-level-altimetry,DAHITI,5
210,"Nasser, Lake",22.4398,31.7697,2009-01-25T14:42:11Z,2009-01,178.171,0.002,water-level-altimetry,DAHITI,5
210,"Nasser, Lake",22.4398,31.7697,2009-02-04T12:40:46Z,2009-02,177.862,0.003,water-level-altimetry,DAHITI,5
210,"Nasser, Lake",22.4398,31.7697,2009-02-06T19:39:10Z,2009-02,177.636,0.012,water-level-altimetry,DAHITI,5
210,"Nasser, Lake",22.4398,31.7697,2009-02-10T08:06:44Z,2009-02,177.745,0.002,water-level-altimetry,DAHITI,5
210,"Nasser, Lake",22.4398,31.7697,2009-02-14T10:39:18Z,2009-02,177.719,0.005,water-level-altimetry,DAHITI,5
210,"Nasser, Lake",22.4398,31.7697,2009-02-24T08:37:49Z,2009-02,177.526,0.002,water-level-altimetry,DAHITI,5
210,"Nasser, Lake",22.4398,31.7697,2009-03-06T06:36:21Z,2009-03,177.385,0.004,water-level-altimetry,DAHITI,5
210,"Nasser, Lake",22.4398,31.7697,2009-03-13T19:39:11Z,2009-03,176.971,0.003,water-level-altimetry,DAHITI,5
210,"Nasser, Lake",22.4398,31.7697,2009-03-16T04:34:53Z,2009-03,177.018,0.0,water-level-altimetry,DAHITI,5
210,"Nasser, Lake",22.4398,31.7697,2009-03-17T08:06:44Z,2009-03,176.922,0.003,water-level-altimetry,DAHITI,5
210,"Nasser, Lake",22.4398,31.7697,2009-03-26T02:33:24Z,2009-03,176.802,0.011,water-level-altimetry,DAHITI,5
210,"Nasser, Lake",22.4398,31.7697,2009-04-05T00:31:55Z,2009-04,176.418,0.001,water-level-altimetry,DAHITI,4
210,"Nasser, Lake",22.4398,31.7697,2009-04-14T22:30:26Z,2009-04,176.109,0.011,water-level-altimetry,DAHITI,4
210,"Nasser, Lake",22.4398,31.7697,2009-04-21T08:06:43Z,2009-04,175.944,0.003,water-level-altimetry,DAHITI,4
210,"Nasser, Lake",22.4398,31.7697,2009-04-24T20:28:57Z,2009-04,175.634,0.014,water-level-altimetry,DAHITI,4
210,"Nasser, Lake",22.4398,31.7697,2009-05-04T18:27:27Z,2009-05,175.285,0.002,water-level-altimetry,DAHITI,5
210,"Nasser, Lake",22.4398,31.7697,2009-05-14T16:25:59Z,2009-05,175.039,0.01,water-level-altimetry,DAHITI,5
210,"Nasser, Lake",22.4398,31.7697,2009-05-22T19:39:12Z,2009-05,174.94,0.001,water-level-altimetry,DAHITI,5
210,"Nasser, Lake",22.4398,31.7697,2009-05-24T14:24:31Z,2009-05,174.852,0.003,water-level-altimetry,DAHITI,5
210,"Nasser, Lake",22.4398,31.7697,2009-05-26T08:06:45Z,2009-05,174.718,0.001,water-level-altimetry,DAHITI,5
210,"Nasser, Lake",22.4398,31.7697,2009-06-03T12:23:04Z,2009-06,174.38,0.005,water-level-altimetry,DAHITI,3
210,"Nasser, Lake",22.4398,31.7697,2009-06-26T19:39:13Z,2009-06,174.083,0.002,water-level-altimetry,DAHITI,3
210,"Nasser, Lake",22.4398,31.7697,2009-06-30T08:06:47Z,2009-06,174.21,0.002,water-level-altimetry,DAHITI,3
210,"Nasser, Lake",22.4398,31.7697,2009-07-03T06:18:38Z,2009-07,174.144,0.004,water-level-altimetry,DAHITI,3
210,"Nasser, Lake",22.4398,31.7697,2009-07-13T04:17:11Z,2009-07,174.022,0.008,water-level-altimetry,DAHITI,3
210,"Nasser, Lake",22.4398,31.7697,2009-07-23T02:15:42Z,2009-07,173.724,0.013,water-level-altimetry,DAHITI,3
210,"Nasser, Lake",22.4398,31.7697,2009-08-02T00:14:13Z,2009-08,173.513,0.001,water-level-altimetry,DAHITI,5
210,"Nasser, Lake",22.4398,31.7697,2009-08-04T08:06:46Z,2009-08,173.96,0.001,water-level-altimetry,DAHITI,5
210,"Nasser, Lake",22.4398,31.7697,2009-08-11T22:12:45Z,2009-08,173.758,0.007,water-level-altimetry,DAHITI,5
210,"Nasser, Lake",22.4398,31.7697,2009-08-21T20:11:16Z,2009-08,174.109,0.0,water-level-altimetry,DAHITI,5
210,"Nasser, Lake",22.4398,31.7697,2009-08-31T18:09:47Z,2009-08,174.645,0.006,water-level-altimetry,DAHITI,5
210,"Nasser, Lake",22.4398,31.7697,2009-09-04T19:39:11Z,2009-09,174.911,0.017,water-level-altimetry,DAHITI,5
210,"Nasser, Lake",22.4398,31.7697,2009-09-08T08:06:43Z,2009-09,175.072,0.0,water-level-altimetry,DAHITI,5
210,"Nasser, Lake",22.4398,31.7697,2009-09-10T16:08:20Z,2009-09,175.219,0.003,water-level-altimetry,DAHITI,5
210,"Nasser, Lake",22.4398,31.7697,2009-09-20T14:06:51Z,2009-09,175.671,0.0,water-level-altimetry,DAHITI,5
210,"Nasser, Lake",22.4398,31.7697,2009-09-30T12:05:23Z,2009-09,175.601,0.012,water-level-altimetry,DAHITI,5
210,"Nasser, Lake",22.4398,31.7697,2009-10-09T19:39:06Z,2009-10,175.007,0.005,water-level-altimetry,DAHITI,5
210,"Nasser, Lake",22.4398,31.7697,2009-10-10T10:03:55Z,2009-10,175.561,0.001,water-level-altimetry,DAHITI,5
210,"Nasser, Lake",22.4398,31.7697,2009-10-13T08:06:40Z,2009-10,175.271,0.0,water-level-altimetry,DAHITI,5
210,"Nasser, Lake",22.4398,31.7697,2009-10-20T08:02:27Z,2009-10,175.333,0.003,water-level-altimetry,DAHITI,5
210,"Nasser, Lake",22.4398,31.7697,2009-10-30T06:00:58Z,2009-10,174.974,0.007,water-level-altimetry,DAHITI,5
210,"Nasser, Lake",22.4398,31.7697,2009-11-09T03:59:30Z,2009-11,175.027,0.018,water-level-altimetry,DAHITI,4
210,"Nasser, Lake",22.4398,31.7697,2009-11-17T08:06:40Z,2009-11,175.016,0.001,water-level-altimetry,DAHITI,4
210,"Nasser, Lake",22.4398,31.7697,2009-11-19T01:58:01Z,2009-11,174.539,0.0,water-level-altimetry,DAHITI,4
210,"Nasser, Lake",22.4398,31.7697,2009-11-28T23:56:32Z,2009-11,174.698,0.011,water-level-altimetry,DAHITI,4
210,"Nasser, Lake",22.4398,31.7697,2009-12-08T21:55:03Z,2009-12,174.39,0.005,water-level-altimetry,DAHITI,4
210,"Nasser, Lake",22.4398,31.7697,2009-12-18T19:39:05Z,2009-12,174.167,0.033,water-level-altimetry,DAHITI,4
210,"Nasser, Lake",22.4398,31.7697,2009-12-22T08:06:39Z,2009-12,174.572,0.001,water-level-altimetry,DAHITI,4
210,"Nasser, Lake",22.4398,31.7697,2009-12-28T17:52:06Z,2009-12,174.503,0.023,water-level-altimetry,DAHITI,4
210,"Nasser, Lake",22.4398,31.7697,2010-01-07T15:50:38Z,2010-01,174.335,0.005,water-level-altimetry,DAHITI,5
210,"Nasser, Lake",22.4398,31.7697,2010-01-17T13:49:10Z,2010-01,174.087,0.002,water-level-altimetry,DAHITI,5
210,"Nasser, Lake",22.4398,31.7697,2010-01-22T19:39:07Z,2010-01,174.276,0.001,water-level-altimetry,DAHITI,5
210,"Nasser, Lake",22.4398,31.7697,2010-01-26T08:06:39Z,2010-01,174.149,0.001,water-level-altimetry,DAHITI,5
210,"Nasser, Lake",22.4398,31.7697,2010-01-27T11:47:42Z,2010-01,173.989,0.006,water-level-altimetry,DAHITI,5
210,"Nasser, Lake",22.4398,31.7697,2010-02-16T07:44:46Z,2010-02,174.198,0.003,water-level-altimetry,DAHITI,2
210,"Nasser, Lake",22.4398,31.7697,2010-02-26T09:42:05Z,2010-02,173.694,0.0,water-level-altimetry,DAHITI,2
210,"Nasser, Lake",22.4398,31.7697,2010-03-02T08:06:38Z,2010-03,173.643,0.002,water-level-altimetry,DAHITI,4
210,"Nasser, Lake",22.4398,31.7697,2010-03-08T03:41:48Z,2010-03,173.566,0.001,water-level-altimetry,DAHITI,4
210,"Nasser, Lake",22.4398,31.7697,2010-03-18T01:40:19Z,2010-03,173.404,0.002,water-level-altimetry,DAHITI,4
210,"Nasser, Lake",22.4398,31.7697,2010-03-27T23:38:50Z,2010-03,173.262,0.001,water-level-altimetry,DAHITI,4
210,"Nasser, Lake",22.4398,31.7697,2010-04-02T19:39:05Z,2010-04,173.242,0.004,water-level-altimetry,DAHITI,4
210,"Nasser, Lake",22.4398,31.7697,2010-04-06T10:45:15Z,2010-04,172.631,0.001,water-level-altimetry,DAHITI,4
210,"Nasser, Lake",22.4398,31.7697,2010-04-16T19:35:53Z,2010-04,172.823,0.017,water-level-altimetry,DAHITI,4
210,"Nasser, Lake",22.4398,31.7697,2010-04-26T17:34:25Z,2010-04,172.914,0.009,water-level-altimetry,DAHITI,4
210,"Nasser, Lake",22.4398,31.7697,2010-05-06T15:32:56Z,2010-05,172.406,0.008,water-level-altimetry,DAHITI,5
210,"Nasser, Lake",22.4398,31.7697,2010-05-07T19:39:03Z,2010-05,172.746,0.006,water-level-altimetry,DAHITI,5
210,"Nasser, Lake",22.4398,31.7697,2010-05-11T08:06:36Z,2010-05,172.282,0.008,water-level-altimetry,DAHITI,5
210,"Nasser, Lake",22.4398,31.7697,2010-05-16T13:31:28Z,2010-05,172.183,0.001,water-level-altimetry,DAHITI,5
210,"Nasser, Lake",22.4398,31.7697,2010-05-26T11:29:59Z,2010-05,172.021,0.026,water-level-altimetry,DAHITI,5
210,"Nasser, Lake",22.4398,31.7697,2010-06-05T09:28:31Z,2010-06,171.438,0.0,water-level-altimetry,DAHITI,4
210,"Nasser, Lake",22.4398,31.7697,2010-06-11T19:39:03Z,2010-06,171.224,0.004,water-level-altimetry,DAHITI,4
210,"Nasser, Lake",22.4398,31.7697,2010-06-15T07:54:15Z,2010-06,171.015,0.001,water-level-altimetry,DAHITI,4
210,"Nasser, Lake",22.4398,31.7697,2010-06-25T05:25:34Z,2010-06,170.687,0.008,water-level-altimetry,DAHITI,4
210,"Nasser, Lake",22.4398,31.7697,2010-07-15T01:22:36Z,2010-07,170.06,0.0,water-level-altimetry,DAHITI,4
210,"Nasser, Lake",22.4398,31.7697,2010-07-16T19:39:03Z,2010-07,170.354,0.004,water-level-altimetry,DAHITI,4
210,"Nasser, Lake",22.4398,31.7697,2010-07-20T08:06:37Z,2010-07,170.288,0.002,water-level-altimetry,DAHITI,4
210,"Nasser, Lake",22.4398,31.7697,2010-07-24T23:21:07Z,2010-07,170.187,0.0,water-level-altimetry,DAHITI,4
210,"Nasser, Lake",22.4398,31.7697,2010-08-20T19:39:04Z,2010-08,171.945,0.004,water-level-altimetry,DAHITI,3
210,"Nasser, Lake",22.4398,31.7697,2010-08-23T17:16:43Z,2010-08,172.308,0.003,water-level-altimetry,DAHITI,3
210,"Nasser, Lake",22.4398,31.7697,2010-08-24T08:06:38Z,2010-08,172.342,0.001,water-level-altimetry,DAHITI,3
210,"Nasser, Lake",22.4398,31.7697,2010-09-02T15:15:15Z,2010-09,173.385,0.003,water-level-altimetry,DAHITI,5
210,"Nasser, Lake",22.4398,31.7697,2010-09-12T13:13:46Z,2010-09,174.597,0.016,water-level-altimetry,DAHITI,5
210,"Nasser, Lake",22.4398,31.7697,2010-09-22T11:12:18Z,2010-09,174.921,0.009,water-level-altimetry,DAHITI,5
210,"Nasser, Lake",22.4398,31.7697,2010-09-24T19:39:01Z,2010-09,175.101,0.008,water-level-altimetry,DAHITI,5
210,"Nasser, Lake",22.4398,31.7697,2010-09-28T08:06:34Z,2010-09,175.432,0.002,water-level-altimetry,DAHITI,5
210,"Nasser, Lake",22.4398,31.7697,2010-10-02T09:10:50Z,2010-10,175.956,0.001,water-level-altimetry,DAHITI,2
210,"Nasser, Lake",22.4398,31.7697,2010-10-12T07:09:20Z,2010-10,175.89,0.015,water-level-altimetry,DAHITI,2
210,"Nasser, Lake",22.4398,31.7697,2010-11-01T03:06:22Z,2010-11,175.945,0.018,water-level-altimetry,DAHITI,4
210,"Nasser, Lake",22.4398,31.7697,2010-11-11T01:04:54Z,2010-11,175.56,0.014,water-level-altimetry,DAHITI,4
210,"Nasser, Lake",22.4398,31.7697,2010-11-20T23:03:26Z,2010-11,175.737,0.008,water-level-altimetry,DAHITI,4
210,"Nasser, Lake",22.4398,31.7697,2010-11-30T21:01:58Z,2010-11,175.636,0.008,water-level-altimetry,DAHITI,4
210,"Nasser, Lake",22.4398,31.7697,2010-12-10T19:00:30Z,2010-12,175.554,0.007,water-level-altimetry,DAHITI,3
210,"Nasser, Lake",22.4398,31.7697,2010-12-20T16:59:02Z,2010-12,175.504,0.022,water-level-altimetry,DAHITI,3
210,"Nasser, Lake",22.4398,31.7697,2010-12-30T14:57:33Z,2010-12,175.414,0.004,water-level-altimetry,DAHITI,3
210,"Nasser, Lake",22.4398,31.7697,2011-01-09T12:56:04Z,2011-01,175.394,0.004,water-level-altimetry,DAHITI,2
210,"Nasser, Lake",22.4398,31.7697,2011-01-19T10:54:36Z,2011-01,175.329,0.002,water-level-altimetry,DAHITI,2
210,"Nasser, Lake",22.4398,31.7697,2011-02-08T06:51:38Z,2011-02,174.807,0.007,water-level-altimetry,DAHITI,3
210,"Nasser, Lake",22.4398,31.7697,2011-02-18T04:50:08Z,2011-02,175.035,0.005,water-level-altimetry,DAHITI,3
210,"Nasser, Lake",22.4398,31.7697,2011-02-28T02:48:40Z,2011-02,174.609,0.004,water-level-altimetry,DAHITI,3
210,"Nasser, Lake",22.4398,31.7697,2011-03-10T00:47:12Z,2011-03,174.51,0.01,water-level-altimetry,DAHITI,3
210,"Nasser, Lake",22.4398,31.7697,2011-03-19T22:45:44Z,2011-03,174.519,0.021,water-level-altimetry,DAHITI,3
210,"Nasser, Lake",22.4398,31.7697,2011-03-29T20:44:16Z,2011-03,174.18,0.007,water-level-altimetry,DAHITI,3
210,"Nasser, Lake",22.4398,31.7697,2011-04-08T18:42:48Z,2011-04,174.038,0.002,water-level-altimetry,DAHITI,3
210,"Nasser, Lake",22.4398,31.7697,2011-04-18T16:41:19Z,2011-04,173.896,0.01,water-level-altimetry,DAHITI,3
210,"Nasser, Lake",22.4398,31.7697,2011-04-28T14:39:50Z,2011-04,173.914,0.009,water-level-altimetry,DAHITI,3
210,"Nasser, Lake",22.4398,31.7697,2011-05-08T12:38:21Z,2011-05,173.346,0.008,water-level-altimetry,DAHITI,3
210,"Nasser, Lake",22.4398,31.7697,2011-05-18T10:36:52Z,2011-05,173.023,0.003,water-level-altimetry,DAHITI,3
210,"Nasser, Lake",22.4398,31.7697,2011-05-28T08:35:23Z,2011-05,172.495,0.002,water-level-altimetry,DAHITI,3
210,"Nasser, Lake",22.4398,31.7697,2011-06-17T04:32:28Z,2011-06,172.495,0.003,water-level-altimetry,DAHITI,2
210,"Nasser, Lake",22.4398,31.7697,2011-06-27T02:30:59Z,2011-06,172.328,0.001,water-level-altimetry,DAHITI,2
210,"Nasser, Lake",22.4398,31.7697,2011-07-07T00:29:31Z,2011-07,171.947,0.0,water-level-altimetry,DAHITI,3
210,"Nasser, Lake",22.4398,31.7697,2011-07-16T22:28:03Z,2011-07,171.679,0.005,water-level-altimetry,DAHITI,3
210,"Nasser, Lake",22.4398,31.7697,2011-07-26T20:26:34Z,2011-07,171.539,0.0,water-level-altimetry,DAHITI,3
210,"Nasser, Lake",22.4398,31.7697,2011-09-04T12:20:38Z,2011-09,172.612,0.012,water-level-altimetry,DAHITI,3
210,"Nasser, Lake",22.4398,31.7697,2011-09-14T10:19:10Z,2011-09,173.27,0.006,water-level-altimetry,DAHITI,3
210,"Nasser, Lake",22.4398,31.7697,2011-09-24T08:17:42Z,2011-09,174.028,0.011,water-level-altimetry,DAHITI,3
210,"Nasser, Lake",22.4398,31.7697,2011-10-04T06:16:13Z,2011-10,173.858,0.004,water-level-altimetry,DAHITI,3
210,"Nasser, Lake",22.4398,31.7697,2011-10-14T04:14:44Z,2011-10,174.522,0.027,water-level-altimetry,DAHITI,3
210,"Nasser, Lake",22.4398,31.7697,2011-10-24T02:13:15Z,2011-10,174.481,0.008,water-level-altimetry,DAHITI,3
210,"Nasser, Lake",22.4398,31.7697,2011-11-03T00:11:47Z,2011-11,174.238,0.009,water-level-altimetry,DAHITI,3
210,"Nasser, Lake",22.4398,31.7697,2011-11-12T22:10:20Z,2011-11,174.037,0.008,water-level-altimetry,DAHITI,3
210,"Nasser, Lake",22.4398,31.7697,2011-11-22T20:08:52Z,2011-11,173.799,0.019,water-level-altimetry,DAHITI,3
210,"Nasser, Lake",22.4398,31.7697,2011-12-02T18:07:23Z,2011-12,173.603,0.002,water-level-altimetry,DAHITI,3
210,"Nasser, Lake",22.4398,31.7697,2011-12-12T16:05:54Z,2011-12,173.912,0.001,water-level-altimetry,DAHITI,3
210,"Nasser, Lake",22.4398,31.7697,2011-12-22T14:04:26Z,2011-12,173.556,0.001,water-level-altimetry,DAHITI,3
210,"Nasser, Lake",22.4398,31.7697,2012-01-01T12:02:58Z,2012-01,173.63,0.006,water-level-altimetry,DAHITI,4
210,"Nasser, Lake",22.4398,31.7697,2012-01-11T10:01:30Z,2012-01,173.599,0.013,water-level-altimetry,DAHITI,4
210,"Nasser, Lake",22.4398,31.7697,2012-01-21T08:00:02Z,2012-01,173.546,0.014,water-level-altimetry,DAHITI,4
210,"Nasser, Lake",22.4398,31.7697,2012-01-31T05:58:34Z,2012-01,173.537,0.006,water-level-altimetry,DAHITI,4
210,"Nasser, Lake",22.4398,31.7697,2012-02-20T01:55:36Z,2012-02,173.131,0.012,water-level-altimetry,DAHITI,2
210,"Nasser, Lake",22.4398,31.7697,2012-02-29T23:54:07Z,2012-02,172.904,0.02,water-level-altimetry,DAHITI,2
210,"Nasser, Lake",22.4398,31.7697,2012-03-10T21:52:37Z,2012-03,173.056,0.002,water-level-altimetry,DAHITI,3
210,"Nasser, Lake",22.4398,31.7697,2012-03-20T19:51:10Z,2012-03,172.389,0.001,water-level-altimetry,DAHITI,3
210,"Nasser, Lake",22.4398,31.7697,2012-03-30T17:49:42Z,2012-03,172.548,0.002,water-level-altimetry,DAHITI,3
210,"Nasser, Lake",22.4398,31.7697,2012-04-09T15:48:13Z,2012-04,172.059,0.012,water-level-altimetry,DAHITI,3
210,"Nasser, Lake",22.4398,31.7697,2012-04-19T13:46:45Z,2012-04,171.958,0.008,water-level-altimetry,DAHITI,3
210,"Nasser, Lake",22.4398,31.7697,2012-04-29T11:45:16Z,2012-04,171.951,0.003,water-level-altimetry,DAHITI,3
210,"Nasser, Lake",22.4398,31.7697,2012-05-09T09:43:47Z,2012-05,171.695,0.01,water-level-altimetry,DAHITI,3
210,"Nasser, Lake",22.4398,31.7697,2012-05-19T07:42:18Z,2012-05,171.389,0.005,water-level-altimetry,DAHITI,3
210,"Nasser, Lake",22.4398,31.7697,2012-05-29T05:40:50Z,2012-05,171.343,0.001,water-level-altimetry,DAHITI,3
210,"Nasser, Lake",22.4398,31.7697,2012-06-08T03:39:22Z,2012-06,170.724,0.019,water-level-altimetry,DAHITI,3
210,"Nasser, Lake",22.4398,31.7697,2012-06-18T01:37:54Z,2012-06,170.494,0.016,water-level-altimetry,DAHITI,3
210,"Nasser, Lake",22.4398,31.7697,2012-06-27T23:36:26Z,2012-06,170.118,0.012,water-level-altimetry,DAHITI,3
210,"Nasser, Lake",22.4398,31.7697,2012-07-07T21:34:55Z,2012-07,169.719,0.006,water-level-altimetry,DAHITI,2
210,"Nasser, Lake",22.4398,31.7697,2012-07-27T17:31:57Z,2012-07,169.164,0.026,water-level-altimetry,DAHITI,2
210,"Nasser, Lake",22.4398,31.7697,2012-08-16T13:29:02Z,2012-08,170.583,0.002,water-level-altimetry,DAHITI,2
210,"Nasser, Lake",22.4398,31.7697,2012-08-26T11:27:34Z,2012-08,171.996,0.005,water-level-altimetry,DAHITI,2
210,"Nasser, Lake",22.4398,31.7697,2012-09-05T09:26:06Z,2012-09,172.655,0.0,water-level-altimetry,DAHITI,2
210,"Nasser, Lake",22.4398,31.7697,2012-09-25T05:23:08Z,2012-09,174.783,0.027,water-level-altimetry,DAHITI,2
210,"Nasser, Lake",22.4398,31.7697,2012-10-15T01:20:09Z,2012-10,175.25,0.01,water-level-altimetry,DAHITI,2
210,"Nasser, Lake",22.4398,31.7697,2012-10-24T23:18:41Z,2012-10,175.508,0.003,water-level-altimetry,DAHITI,2
210,"Nasser, Lake",22.4398,31.7697,2012-11-03T21:17:14Z,2012-11,175.575,0.003,water-level-altimetry,DAHITI,3
210,"Nasser, Lake",22.4398,31.7697,2012-11-13T19:15:46Z,2012-11,175.403,0.004,water-level-altimetry,DAHITI,3
210,"Nasser, Lake",22.4398,31.7697,2012-11-23T17:14:18Z,2012-11,175.069,0.014,water-level-altimetry,DAHITI,3
210,"Nasser, Lake",22.4398,31.7697,2012-12-03T15:12:49Z,2012-12,175.048,0.002,water-level-altimetry,DAHITI,2
210,"Nasser, Lake",22.4398,31.7697,2012-12-23T11:09:52Z,2012-12,174.927,0.001,water-level-altimetry,DAHITI,2
210,"Nasser, Lake",22.4398,31.7697,2013-01-02T09:08:25Z,2013-01,174.622,0.0,water-level-altimetry,DAHITI,3
210,"Nasser, Lake",22.4398,31.7697,2013-01-12T07:06:57Z,2013-01,174.722,0.012,water-level-altimetry,DAHITI,3
210,"Nasser, Lake",22.4398,31.7697,2013-01-22T05:05:28Z,2013-01,174.785,0.005,water-level-altimetry,DAHITI,3
210,"Nasser, Lake",22.4398,31.7697,2013-02-01T03:04:00Z,2013-02,174.667,0.031,water-level-altimetry,DAHITI,2
210,"Nasser, Lake",22.4398,31.7697,2013-02-20T23:01:02Z,2013-02,174.381,0.006,water-level-altimetry,DAHITI,2
210,"Nasser, Lake",22.4398,31.7697,2013-03-02T20:59:33Z,2013-03,174.317,0.007,water-level-altimetry,DAHITI,3
210,"Nasser, Lake",22.4398,31.7697,2013-03-12T18:58:04Z,2013-03,174.04,0.008,water-level-altimetry,DAHITI,3
210,"Nasser, Lake",22.4398,31.7697,2013-03-22T16:56:37Z,2013-03,173.865,0.007,water-level-altimetry,DAHITI,3
210,"Nasser, Lake",22.4398,31.7697,2013-04-11T12:53:40Z,2013-04,173.465,0.003,water-level-altimetry,DAHITI,2
210,"Nasser, Lake",22.4398,31.7697,2013-04-21T10:52:11Z,2013-04,173.267,0.004,water-level-altimetry,DAHITI,2
210,"Nasser, Lake",22.4398,31.7697,2013-05-01T08:50:43Z,2013-05,173.668,0.005,water-level-altimetry,DAHITI,4
210,"Nasser, Lake",22.4398,31.7697,2013-05-11T06:49:13Z,2013-05,173.382,0.011,water-level-altimetry,DAHITI,4
210,"Nasser, Lake",22.4398,31.7697,2013-05-21T04:47:45Z,2013-05,173.227,0.012,water-level-altimetry,DAHITI,4
210,"Nasser, Lake",22.4398,31.7697,2013-05-31T02:46:18Z,2013-05,173.169,0.001,water-level-altimetry,DAHITI,4
210,"Nasser, Lake",22.4398,31.7697,2013-06-10T00:44:49Z,2013-06,172.889,0.004,water-level-altimetry,DAHITI,2
210,"Nasser, Lake",22.4398,31.7697,2013-06-29T20:41:54Z,2013-06,172.499,0.024,water-level-altimetry,DAHITI,2
210,"Nasser, Lake",22.4398,31.7697,2013-07-09T18:40:24Z,2013-07,172.037,0.006,water-level-altimetry,DAHITI,3
210,"Nasser, Lake",22.4398,31.7697,2013-07-19T16:38:56Z,2013-07,171.987,0.018,water-level-altimetry,DAHITI,3
210,"Nasser, Lake",22.4398,31.7697,2013-07-29T14:37:26Z,2013-07,171.923,0.003,water-level-altimetry,DAHITI,3
210,"Nasser, Lake",22.4398,31.7697,2013-08-08T12:35:57Z,2013-08,172.386,0.001,water-level-altimetry,DAHITI,2
210,"Nasser, Lake",22.4398,31.7697,2013-08-18T10:34:28Z,2013-08,173.22,0.005,water-level-altimetry,DAHITI,2
210,"Nasser, Lake",22.4398,31.7697,2013-09-27T02:28:37Z,2013-09,175.919,0.007,water-level-altimetry,DAHITI,1
210,"Nasser, Lake",22.4398,31.7697,2013-10-07T00:27:09Z,2013-10,176.015,0.001,water-level-altimetry,DAHITI,1
210,"Nasser, Lake",22.4398,31.7697,2013-11-05T18:22:43Z,2013-11,176.407,0.017,water-level-altimetry,DAHITI,2
210,"Nasser, Lake",22.4398,31.7697,2013-11-15T16:21:15Z,2013-11,176.393,0.009,water-level-altimetry,DAHITI,2
210,"Nasser, Lake",22.4398,31.7697,2013-12-05T12:18:18Z,2013-12,176.053,0.005,water-level-altimetry,DAHITI,3
210,"Nasser, Lake",22.4398,31.7697,2013-12-15T10:16:49Z,2013-12,176.188,0.002,water-level-altimetry,DAHITI,3
210,"Nasser, Lake",22.4398,31.7697,2013-12-25T08:15:21Z,2013-12,176.033,0.036,water-level-altimetry,DAHITI,3
210,"Nasser, Lake",22.4398,31.7697,2014-01-04T06:13:53Z,2014-01,175.996,0.001,water-level-altimetry,DAHITI,3
210,"Nasser, Lake",22.4398,31.7697,2014-01-14T04:12:26Z,2014-01,176.379,0.005,water-level-altimetry,DAHITI,3
210,"Nasser, Lake",22.4398,31.7697,2014-01-24T02:10:57Z,2014-01,176.13,0.013,water-level-altimetry,DAHITI,3
210,"Nasser, Lake",22.4398,31.7697,2014-02-03T00:09:28Z,2014-02,176.268,0.0,water-level-altimetry,DAHITI,3
210,"Nasser, Lake",22.4398,31.7697,2014-02-12T22:08:00Z,2014-02,175.873,0.01,water-level-altimetry,DAHITI,3
210,"Nasser, Lake",22.4398,31.7697,2014-02-22T20:06:30Z,2014-02,175.749,0.007,water-level-altimetry,DAHITI,3
210,"Nasser, Lake",22.4398,31.7697,2014-03-04T18:05:01Z,2014-03,175.844,0.017,water-level-altimetry,DAHITI,3
210,"Nasser, Lake",22.4398,31.7697,2014-03-14T16:03:34Z,2014-03,175.76,0.003,water-level-altimetry,DAHITI,3
210,"Nasser, Lake",22.4398,31.7697,2014-03-24T14:02:06Z,2014-03,175.611,0.005,water-level-altimetry,DAHITI,3
210,"Nasser, Lake",22.4398,31.7697,2014-04-03T12:00:38Z,2014-04,175.54,0.002,water-level-altimetry,DAHITI,2
210,"Nasser, Lake",22.4398,31.7697,2014-04-23T07:57:40Z,2014-04,175.253,0.002,water-level-altimetry,DAHITI,2
210,"Nasser, Lake",22.4398,31.7697,2014-05-03T05:56:12Z,2014-05,175.148,0.006,water-level-altimetry,DAHITI,2
210,"Nasser, Lake",22.4398,31.7697,2014-05-13T03:54:45Z,2014-05,175.34,0.014,water-level-altimetry,DAHITI,2
210,"Nasser, Lake",22.4398,31.7697,2014-06-01T23:51:49Z,2014-06,174.784,0.005,water-level-altimetry,DAHITI,2
210,"Nasser, Lake",22.4398,31.7697,2014-06-21T19:48:52Z,2014-06,174.38,0.01,water-level-altimetry,DAHITI,2
210,"Nasser, Lake",22.4398,31.7697,2014-07-01T17:47:22Z,2014-07,174.453,0.0,water-level-altimetry,DAHITI,4
210,"Nasser, Lake",22.4398,31.7697,2014-07-11T15:45:53Z,2014-07,174.286,0.003,water-level-altimetry,DAHITI,4
210,"Nasser, Lake",22.4398,31.7697,2014-07-21T13:44:25Z,2014-07,173.954,0.006,water-level-altimetry,DAHITI,4
210,"Nasser, Lake",22.4398,31.7697,2014-07-31T11:42:58Z,2014-07,173.827,0.008,water-level-altimetry,DAHITI,4
210,"Nasser, Lake",22.4398,31.7697,2014-08-10T09:41:30Z,2014-08,174.36,0.003,water-level-altimetry,DAHITI,3
210,"Nasser, Lake",22.4398,31.7697,2014-08-20T07:40:01Z,2014-08,175.655,0.001,water-level-altimetry,DAHITI,3
210,"Nasser, Lake",22.4398,31.7697,2014-08-30T05:38:33Z,2014-08,176.239,0.001,water-level-altimetry,DAHITI,3
210,"Nasser, Lake",22.4398,31.7697,2014-09-09T03:37:05Z,2014-09,177.296,0.001,water-level-altimetry,DAHITI,3
210,"Nasser, Lake",22.4398,31.7697,2014-09-19T01:35:36Z,2014-09,178.34,0.002,water-level-altimetry,DAHITI,3
210,"Nasser, Lake",22.4398,31.7697,2014-09-28T23:34:07Z,2014-09,178.697,0.002,water-level-altimetry,DAHITI,3
210,"Nasser, Lake",22.4398,31.7697,2014-10-18T19:31:09Z,2014-10,179.189,0.019,water-level-altimetry,DAHITI,2
210,"Nasser, Lake",22.4398,31.7697,2014-10-28T17:29:42Z,2014-10,179.366,0.002,water-level-altimetry,DAHITI,2
210,"Nasser, Lake",22.4398,31.7697,2014-11-07T15:28:14Z,2014-11,179.799,0.0,water-level-altimetry,DAHITI,2
210,"Nasser, Lake",22.4398,31.7697,2014-11-17T13:26:45Z,2014-11,179.249,0.0,water-level-altimetry,DAHITI,2
210,"Nasser, Lake",22.4398,31.7697,2014-12-17T07:22:19Z,2014-12,179.051,0.016,water-level-altimetry,DAHITI,2
210,"Nasser, Lake",22.4398,31.7697,2014-12-27T05:20:52Z,2014-12,179.449,0.007,water-level-altimetry,DAHITI,2
210,"Nasser, Lake",22.4398,31.7697,2015-01-06T03:19:25Z,2015-01,179.515,0.008,water-level-altimetry,DAHITI,3
210,"Nasser, Lake",22.4398,31.7697,2015-01-16T01:17:56Z,2015-01,179.614,0.01,water-level-altimetry,DAHITI,3
210,"Nasser, Lake",22.4398,31.7697,2015-01-25T23:16:28Z,2015-01,179.877,0.002,water-level-altimetry,DAHITI,3
210,"Nasser, Lake",22.4398,31.7697,2015-02-04T21:15:00Z,2015-02,179.625,0.016,water-level-altimetry,DAHITI,3
210,"Nasser, Lake",22.4398,31.7697,2015-02-14T19:13:30Z,2015-02,179.794,0.002,water-level-altimetry,DAHITI,3
210,"Nasser, Lake",22.4398,31.7697,2015-02-24T17:12:01Z,2015-02,179.252,0.002,water-level-altimetry,DAHITI,3
210,"Nasser, Lake",22.4398,31.7697,2015-03-06T15:10:31Z,2015-03,179.524,0.011,water-level-altimetry,DAHITI,2
210,"Nasser, Lake",22.4398,31.7697,2015-03-26T11:07:37Z,2015-03,179.562,0.002,water-level-altimetry,DAHITI,2
210,"Nasser, Lake",22.4398,31.7697,2015-04-05T09:06:09Z,2015-04,179.534,0.011,water-level-altimetry,DAHITI,3
210,"Nasser, Lake",22.4398,31.7697,2015-04-15T07:04:41Z,2015-04,179.338,0.01,water-level-altimetry,DAHITI,3
210,"Nasser, Lake",22.4398,31.7697,2015-04-25T05:03:12Z,2015-04,178.818,0.011,water-level-altimetry,DAHITI,3
210,"Nasser, Lake",22.4398,31.7697,2015-05-05T03:01:44Z,2015-05,178.768,0.018,water-level-altimetry,DAHITI,3
210,"Nasser, Lake",22.4398,31.7697,2015-05-15T01:00:13Z,2015-05,178.302,0.013,water-level-altimetry,DAHITI,3
210,"Nasser, Lake",22.4398,31.7697,2015-05-24T22:58:45Z,2015-05,178.396,0.015,water-level-altimetry,DAHITI,3
210,"Nasser, Lake",22.4398,31.7697,2015-06-03T20:57:18Z,2015-06,177.665,0.001,water-level-altimetry,DAHITI,2
210,"Nasser, Lake",22.4398,31.7697,2015-06-13T18:55:51Z,2015-06,177.916,0.012,water-level-altimetry,DAHITI,2
210,"Nasser, Lake",22.4398,31.7697,2015-07-03T14:52:53Z,2015-07,177.558,0.002,water-level-altimetry,DAHITI,3
210,"Nasser, Lake",22.4398,31.7697,2015-07-13T12:51:25Z,2015-07,177.443,0.006,water-level-altimetry,DAHITI,3
210,"Nasser, Lake",22.4398,31.7697,2015-07-23T10:49:56Z,2015-07,177.457,0.0,water-level-altimetry,DAHITI,3
210,"Nasser, Lake",22.4398,31.7697,2015-08-02T08:48:28Z,2015-08,176.901,0.012,water-level-altimetry,DAHITI,3
210,"Nasser, Lake",22.4398,31.7697,2015-08-12T06:46:59Z,2015-08,176.929,0.014,water-level-altimetry,DAHITI,3
210,"Nasser, Lake",22.4398,31.7697,2015-08-22T04:45:30Z,2015-08,176.707,0.005,water-level-altimetry,DAHITI,3
210,"Nasser, Lake",22.4398,31.7697,2015-09-11T00:42:32Z,2015-09,176.897,0.008,water-level-altimetry,DAHITI,3
210,"Nasser, Lake",22.4398,31.7697,2015-09-20T22:41:06Z,2015-09,176.611,0.001,water-level-altimetry,DAHITI,3
210,"Nasser, Lake",22.4398,31.7697,2015-09-30T20:39:38Z,2015-09,176.734,0.01,water-level-altimetry,DAHITI,3
210,"Nasser, Lake",22.4398,31.7697,2015-10-10T18:38:10Z,2015-10,176.661,0.0,water-level-altimetry,DAHITI,3
210,"Nasser, Lake",22.4398,31.7697,2015-10-20T16:36:42Z,2015-10,176.515,0.004,water-level-altimetry,DAHITI,3
210,"Nasser, Lake",22.4398,31.7697,2015-10-30T14:35:13Z,2015-10,176.688,0.003,water-level-altimetry,DAHITI,3
210,"Nasser, Lake",22.4398,31.7697,2015-11-09T12:33:45Z,2015-11,176.406,0.001,water-level-altimetry,DAHITI,3
210,"Nasser, Lake",22.4398,31.7697,2015-11-19T10:32:16Z,2015-11,176.754,0.001,water-level-altimetry,DAHITI,3
210,"Nasser, Lake",22.4398,31.7697,2015-11-29T08:30:49Z,2015-11,176.642,0.0,water-level-altimetry,DAHITI,3
210,"Nasser, Lake",22.4398,31.7697,2015-12-09T06:29:21Z,2015-12,176.244,0.012,water-level-altimetry,DAHITI,2
210,"Nasser, Lake",22.4398,31.7697,2015-12-19T04:27:52Z,2015-12,176.182,0.004,water-level-altimetry,DAHITI,2
210,"Nasser, Lake",22.4398,31.7697,2016-01-08T00:24:54Z,2016-01,176.098,0.008,water-level-altimetry,DAHITI,3
210,"Nasser, Lake",22.4398,31.7697,2016-01-17T22:23:25Z,2016-01,175.966,0.017,water-level-altimetry,DAHITI,3
210,"Nasser, Lake",22.4398,31.7697,2016-01-27T20:21:57Z,2016-01,175.755,0.008,water-level-altimetry,DAHITI,3
210,"Nasser, Lake",22.4398,31.7697,2016-02-06T18:20:29Z,2016-02,175.468,0.012,water-level-altimetry,DAHITI,3
210,"Nasser, Lake",22.4398,31.7697,2016-02-16T16:19:02Z,2016-02,175.512,0.002,water-level-altimetry,DAHITI,3
210,"Nasser, Lake",22.4398,31.7697,2016-02-26T14:17:45Z,2016-02,175.585,0.001,water-level-altimetry,DAHITI,3
210,"Nasser, Lake",22.4398,31.7697,2016-03-07T12:16:40Z,2016-03,175.395,0.003,water-level-altimetry,DAHITI,3
210,"Nasser, Lake",22.4398,31.7697,2016-03-17T10:15:12Z,2016-03,175.212,0.004,water-level-altimetry,DAHITI,3
210,"Nasser, Lake",22.4398,31.7697,2016-03-27T08:13:57Z,2016-03,175.141,0.004,water-level-altimetry,DAHITI,3
210,"Nasser, Lake",22.4398,31.7697,2016-04-16T04:11:17Z,2016-04,175.127,0.001,water-level-altimetry,DAHITI,3
210,"Nasser, Lake",22.4398,31.7697,2016-04-26T02:10:05Z,2016-04,175.135,0.024,water-level-altimetry,DAHITI,3
210,"Nasser, Lake",22.4398,31.7697,2016-04-29T19:37:52Z,2016-04,174.851,0.001,water-level-altimetry,DAHITI,3
210,"Nasser, Lake",22.4398,31.7697,2016-05-06T00:07:56Z,2016-05,174.772,0.004,water-level-altimetry,DAHITI,4
210,"Nasser, Lake",22.4398,31.7697,2016-05-15T22:06:48Z,2016-05,174.734,0.0,water-level-altimetry,DAHITI,4
210,"Nasser, Lake",22.4398,31.7697,2016-05-25T20:04:55Z,2016-05,174.189,0.005,water-level-altimetry,DAHITI,4
210,"Nasser, Lake",22.4398,31.7697,2016-05-26T19:37:54Z,2016-05,174.226,0.002,water-level-altimetry,DAHITI,4
210,"Nasser, Lake",22.4398,31.7697,2016-06-04T18:03:36Z,2016-06,174.245,0.001,water-level-altimetry,DAHITI,5
210,"Nasser, Lake",22.4398,31.7697,2016-06-14T16:02:23Z,2016-06,173.721,0.001,water-level-altimetry,DAHITI,5
210,"Nasser, Lake",22.4398,31.7697,2016-06-22T19:37:56Z,2016-06,173.588,0.001,water-level-altimetry,DAHITI,5
210,"Nasser, Lake",22.4398,31.7697,2016-06-24T14:00:39Z,2016-06,173.572,0.0,water-level-altimetry,DAHITI,5
210,"Nasser, Lake",22.4398,31.7697,2016-06-26T19:34:20Z,2016-06,172.792,0.003,water-level-altimetry,DAHITI,5
210,"Nasser, Lake",22.4398,31.7697,2016-07-04T11:59:04Z,2016-07,173.128,0.001,water-level-altimetry,DAHITI,4
210,"Nasser, Lake",22.4398,31.7697,2016-07-14T09:57:49Z,2016-07,173.087,0.001,water-level-altimetry,DAHITI,4
210,"Nasser, Lake",22.4398,31.7697,2016-07-19T19:37:54Z,2016-07,172.922,0.0,water-level-altimetry,DAHITI,4
210,"Nasser, Lake",22.4398,31.7697,2016-07-24T07:56:21Z,2016-07,172.974,0.001,water-level-altimetry,DAHITI,4
210,"Nasser, Lake",22.4398,31.7697,2016-08-03T05:54:56Z,2016-08,173.534,0.001,water-level-altimetry,DAHITI,5
210,"Nasser, Lake",22.4398,31.7697,2016-08-13T03:53:27Z,2016-08,174.346,0.001,water-level-altimetry,DAHITI,5
210,"Nasser, Lake",22.4398,31.7697,2016-08-15T19:37:54Z,2016-08,174.625,0.003,water-level-altimetry,DAHITI,5
210,"Nasser, Lake",22.4398,31.7697,2016-08-19T19:34:17Z,2016-08,174.574,0.002,water-level-altimetry,DAHITI,5
210,"Nasser, Lake",22.4398,31.7697,2016-08-23T01:52:08Z,2016-08,175.442,0.001,water-level-altimetry,DAHITI,5
210,"Nasser, Lake",22.4398,31.7697,2016-09-15T19:34:20Z,2016-09,176.178,0.003,water-level-altimetry,DAHITI,2
210,"Nasser, Lake",22.4398,31.7697,2016-09-21T19:47:34Z,2016-09,176.722,0.0,water-level-altimetry,DAHITI,2
210,"Nasser, Lake",22.4398,31.7697,2016-10-01T17:46:00Z,2016-10,176.684,0.002,water-level-altimetry,DAHITI,4
210,"Nasser, Lake",22.4398,31.7697,2016-10-08T19:37:59Z,2016-10,176.648,0.001,water-level-altimetry,DAHITI,4
210,"Nasser, Lake",22.4398,31.7697,2016-10-11T15:45:03Z,2016-10,176.557,0.0,water-level-altimetry,DAHITI,4
210,"Nasser, Lake",22.4398,31.7697,2016-10-31T11:42:06Z,2016-10,176.606,0.001,water-level-altimetry,DAHITI,4
210,"Nasser, Lake",22.4398,31.7697,2016-11-04T19:37:55Z,2016-11,176.493,0.001,water-level-altimetry,DAHITI,4
210,"Nasser, Lake",22.4398,31.7697,2016-11-10T09:40:38Z,2016-11,176.602,0.001,water-level-altimetry,DAHITI,4
210,"Nasser, Lake",22.4398,31.7697,2016-11-20T07:39:10Z,2016-11,176.655,0.0,water-level-altimetry,DAHITI,4
210,"Nasser, Lake",22.4398,31.7697,2016-11-30T05:37:41Z,2016-11,176.684,0.0,water-level-altimetry,DAHITI,4
210,"Nasser, Lake",22.4398,31.7697,2016-12-01T19:37:53Z,2016-12,176.605,0.003,water-level-altimetry,DAHITI,6
210,"Nasser, Lake",22.4398,31.7697,2016-12-05T19:34:16Z,2016-12,175.957,0.001,water-level-altimetry,DAHITI,6
210,"Nasser, Lake",22.4398,31.7697,2016-12-10T03:36:12Z,2016-12,176.496,0.0,water-level-altimetry,DAHITI,6
210,"Nasser, Lake",22.4398,31.7697,2016-12-20T01:34:42Z,2016-12,176.384,0.0,water-level-altimetry,DAHITI,6
210,"Nasser, Lake",22.4398,31.7697,2016-12-28T19:37:54Z,2016-12,176.293,0.002,water-level-altimetry,DAHITI,6
210,"Nasser, Lake",22.4398,31.7697,2016-12-29T23:33:14Z,2016-12,176.349,0.004,water-level-altimetry,DAHITI,6
210,"Nasser, Lake",22.4398,31.7697,2017-01-08T21:31:46Z,2017-01,176.363,0.002,water-level-altimetry,DAHITI,3
210,"Nasser, Lake",22.4398,31.7697,2017-01-18T19:30:17Z,2017-01,176.194,0.001,water-level-altimetry,DAHITI,3
210,"Nasser, Lake",22.4398,31.7697,2017-01-24T19:37:56Z,2017-01,176.143,0.002,water-level-altimetry,DAHITI,3
210,"Nasser, Lake",22.4398,31.7697,2017-02-07T15:27:21Z,2017-02,176.098,0.001,water-level-altimetry,DAHITI,4
210,"Nasser, Lake",22.4398,31.7697,2017-02-17T13:25:53Z,2017-02,175.964,0.002,water-level-altimetry,DAHITI,4
210,"Nasser, Lake",22.4398,31.7697,2017-02-20T19:37:55Z,2017-02,175.899,0.004,water-level-altimetry,DAHITI,4
210,"Nasser, Lake",22.4398,31.7697,2017-02-27T11:24:25Z,2017-02,175.91,0.0,water-level-altimetry,DAHITI,4
210,"Nasser, Lake",22.4398,31.7697,2017-03-09T09:22:56Z,2017-03,176.0,0.0,water-level-altimetry,DAHITI,2
210,"Nasser, Lake",22.4398,31.7697,2017-03-19T16:17:04Z,2017-03,175.619,0.001,water-level-altimetry,DAHITI,2
210,"Nasser, Lake",22.4398,31.7697,2017-04-08T03:18:29Z,2017-04,175.237,0.001,water-level-altimetry,DAHITI,4
210,"Nasser, Lake",22.4398,31.7697,2017-04-15T19:37:59Z,2017-04,175.129,0.004,water-level-altimetry,DAHITI,4
210,"Nasser, Lake",22.4398,31.7697,2017-04-18T01:17:01Z,2017-04,175.043,0.002,water-level-altimetry,DAHITI,4
210,"Nasser, Lake",22.4398,31.7697,2017-04-27T23:15:34Z,2017-04,174.911,0.001,water-level-altimetry,DAHITI,4
210,"Nasser, Lake",22.4398,31.7697,2017-05-07T21:14:06Z,2017-05,174.998,0.0,water-level-altimetry,DAHITI,5
210,"Nasser, Lake",22.4398,31.7697,2017-05-12T19:38:03Z,2017-05,174.6,0.001,water-level-altimetry,DAHITI,5
210,"Nasser, Lake",22.4398,31.7697,2017-05-16T19:34:28Z,2017-05,174.008,0.005,water-level-altimetry,DAHITI,5
210,"Nasser, Lake",22.4398,31.7697,2017-05-17T19:12:37Z,2017-05,174.671,0.001,water-level-altimetry,DAHITI,5
210,"Nasser, Lake",22.4398,31.7697,2017-05-27T17:11:10Z,2017-05,174.301,0.003,water-level-altimetry,DAHITI,5
210,"Nasser, Lake",22.4398,31.7697,2017-06-06T15:09:41Z,2017-06,173.986,0.012,water-level-altimetry,DAHITI,4
210,"Nasser, Lake",22.4398,31.7697,2017-06-08T19:38:05Z,2017-06,173.852,0.0,water-level-altimetry,DAHITI,4
210,"Nasser, Lake",22.4398,31.7697,2017-06-16T13:08:12Z,2017-06,174.227,0.001,water-level-altimetry,DAHITI,4
210,"Nasser, Lake",22.4398,31.7697,2017-06-26T11:06:45Z,2017-06,173.925,0.001,water-level-altimetry,DAHITI,4
210,"Nasser, Lake",22.4398,31.7697,2017-07-05T19:38:03Z,2017-07,173.55,0.002,water-level-altimetry,DAHITI,4
210,"Nasser, Lake",22.4398,31.7697,2017-07-06T09:05:17Z,2017-07,173.58,0.0,water-level-altimetry,DAHITI,4
210,"Nasser, Lake",22.4398,31.7697,2017-07-16T07:03:48Z,2017-07,173.493,0.014,water-level-altimetry,DAHITI,4
210,"Nasser, Lake",22.4398,31.7697,2017-07-26T05:02:20Z,2017-07,173.988,0.0,water-level-altimetry,DAHITI,4
210,"Nasser, Lake",22.4398,31.7697,2017-08-01T19:38:01Z,2017-08,173.454,0.001,water-level-altimetry,DAHITI,4
210,"Nasser, Lake",22.4398,31.7697,2017-08-15T00:59:22Z,2017-08,174.529,0.002,water-level-altimetry,DAHITI,4
210,"Nasser, Lake",22.4398,31.7697,2017-08-24T22:57:54Z,2017-08,175.035,0.001,water-level-altimetry,DAHITI,4
210,"Nasser, Lake",22.4398,31.7697,2017-08-28T19:37:57Z,2017-08,175.41,0.003,water-level-altimetry,DAHITI,4
210,"Nasser, Lake",22.4398,31.7697,2017-09-03T20:56:24Z,2017-09,175.803,0.002,water-level-altimetry,DAHITI,5
210,"Nasser, Lake",22.4398,31.7697,2017-09-13T18:54:56Z,2017-09,176.498,0.0,water-level-altimetry,DAHITI,5
210,"Nasser, Lake",22.4398,31.7697,2017-09-23T16:53:28Z,2017-09,177.106,0.0,water-level-altimetry,DAHITI,5
210,"Nasser, Lake",22.4398,31.7697,2017-09-24T19:37:57Z,2017-09,177.129,0.0,water-level-altimetry,DAHITI,5
210,"Nasser, Lake",22.4398,31.7697,2017-09-28T19:34:22Z,2017-09,176.689,0.002,water-level-altimetry,DAHITI,5
210,"Nasser, Lake",22.4398,31.7697,2017-10-03T14:52:00Z,2017-10,177.637,0.0,water-level-altimetry,DAHITI,4
210,"Nasser, Lake",22.4398,31.7697,2017-10-13T12:50:32Z,2017-10,177.462,0.0,water-level-altimetry,DAHITI,4
210,"Nasser, Lake",22.4398,31.7697,2017-10-21T19:38:01Z,2017-10,177.647,0.002,water-level-altimetry,DAHITI,4
210,"Nasser, Lake",22.4398,31.7697,2017-10-23T10:49:04Z,2017-10,177.757,0.0,water-level-altimetry,DAHITI,4
210,"Nasser, Lake",22.4398,31.7697,2017-11-02T08:47:35Z,2017-11,178.063,0.001,water-level-altimetry,DAHITI,5
210,"Nasser, Lake",22.4398,31.7697,2017-11-12T06:46:07Z,2017-11,178.199,0.002,water-level-altimetry,DAHITI,5
210,"Nasser, Lake",22.4398,31.7697,2017-11-17T19:38:00Z,2017-11,177.939,0.002,water-level-altimetry,DAHITI,5
210,"Nasser, Lake",22.4398,31.7697,2017-11-21T19:34:23Z,2017-11,177.53,0.003,water-level-altimetry,DAHITI,5
210,"Nasser, Lake",22.4398,31.7697,2017-11-22T04:44:39Z,2017-11,177.955,0.003,water-level-altimetry,DAHITI,5
210,"Nasser, Lake",22.4398,31.7697,2017-12-12T00:41:41Z,2017-12,177.99,0.002,water-level-altimetry,DAHITI,4
210,"Nasser, Lake",22.4398,31.7697,2017-12-14T19:37:57Z,2017-12,178.137,0.002,water-level-altimetry,DAHITI,4
210,"Nasser, Lake",22.4398,31.7697,2017-12-18T19:34:22Z,2017-12,177.499,0.002,water-level-altimetry,DAHITI,4
210,"Nasser, Lake",22.4398,31.7697,2017-12-31T20:38:45Z,2017-12,177.958,0.007,water-level-altimetry,DAHITI,4
210,"Nasser, Lake",22.4398,31.7697,2018-01-10T19:14:44Z,2018-01,178.115,0.0,water-level-altimetry,DAHITI,4
210,"Nasser, Lake",22.4398,31.7697,2018-01-14T19:34:26Z,2018-01,177.576,0.001,water-level-altimetry,DAHITI,4
210,"Nasser, Lake",22.4398,31.7697,2018-01-20T16:35:48Z,2018-01,177.964,0.001,water-level-altimetry,DAHITI,4
210,"Nasser, Lake",22.4398,31.7697,2018-01-30T14:34:19Z,2018-01,178.035,0.0,water-level-altimetry,DAHITI,4
210,"Nasser, Lake",22.4398,31.7697,2018-02-06T19:38:03Z,2018-02,177.884,0.003,water-level-altimetry,DAHITI,3
210,"Nasser, Lake",22.4398,31.7697,2018-02-09T12:32:51Z,2018-02,177.923,0.0,water-level-altimetry,DAHITI,3
210,"Nasser, Lake",22.4398,31.7697,2018-02-19T10:31:23Z,2018-02,177.694,0.0,water-level-altimetry,DAHITI,3
210,"Nasser, Lake",22.4398,31.7697,2018-03-05T19:38:01Z,2018-03,177.582,0.0,water-level-altimetry,DAHITI,4
210,"Nasser, Lake",22.4398,31.7697,2018-03-09T19:34:24Z,2018-03,177.235,0.002,water-level-altimetry,DAHITI,4
210,"Nasser, Lake",22.4398,31.7697,2018-03-11T06:28:26Z,2018-03,177.751,0.001,water-level-altimetry,DAHITI,4
210,"Nasser, Lake",22.4398,31.7697,2018-03-31T02:25:27Z,2018-03,177.522,0.001,water-level-altimetry,DAHITI,4
210,"Nasser, Lake",22.4398,31.7697,2018-04-01T19:38:02Z,2018-04,177.412,0.001,water-level-altimetry,DAHITI,5
210,"Nasser, Lake",22.4398,31.7697,2018-04-05T19:34:27Z,2018-04,177.001,0.003,water-level-altimetry,DAHITI,5
210,"Nasser, Lake",22.4398,31.7697,2018-04-19T22:22:31Z,2018-04,177.269,0.001,water-level-altimetry,DAHITI,5
210,"Nasser, Lake",22.4398,31.7697,2018-04-28T19:38:06Z,2018-04,177.168,0.004,water-level-altimetry,DAHITI,5
210,"Nasser, Lake",22.4398,31.7697,2018-04-29T20:21:03Z,2018-04,177.26,0.0,water-level-altimetry,DAHITI,5
210,"Nasser, Lake",22.4398,31.7697,2018-05-02T19:34:29Z,2018-05,176.7,0.001,water-level-altimetry,DAHITI,3
210,"Nasser, Lake",22.4398,31.7697,2018-05-19T16:18:06Z,2018-05,176.851,0.0,water-level-altimetry,DAHITI,3
210,"Nasser, Lake",22.4398,31.7697,2018-05-25T19:38:05Z,2018-05,176.829,0.002,water-level-altimetry,DAHITI,3
210,"Nasser, Lake",22.4398,31.7697,2018-06-18T10:13:42Z,2018-06,176.6,0.001,water-level-altimetry,DAHITI,4
210,"Nasser, Lake",22.4398,31.7697,2018-06-21T19:38:06Z,2018-06,176.396,0.003,water-level-altimetry,DAHITI,4
210,"Nasser, Lake",22.4398,31.7697,2018-06-25T19:34:30Z,2018-06,175.816,0.003,water-level-altimetry,DAHITI,4
210,"Nasser, Lake",22.4398,31.7697,2018-06-28T08:12:13Z,2018-06,176.478,0.0,water-level-altimetry,DAHITI,4
210,"Nasser, Lake",22.4398,31.7697,2018-07-08T06:10:45Z,2018-07,176.361,0.0,water-level-altimetry,DAHITI,3
210,"Nasser, Lake",22.4398,31.7697,2018-07-18T14:53:06Z,2018-07,176.304,0.0,water-level-altimetry,DAHITI,3
210,"Nasser, Lake",22.4398,31.7697,2018-07-28T02:07:48Z,2018-07,176.287,0.002,water-level-altimetry,DAHITI,3
210,"Nasser, Lake",22.4398,31.7697,2018-08-07T00:06:19Z,2018-08,176.742,0.003,water-level-altimetry,DAHITI,4
210,"Nasser, Lake",22.4398,31.7697,2018-08-14T19:38:01Z,2018-08,177.487,0.003,water-level-altimetry,DAHITI,4
210,"Nasser, Lake",22.4398,31.7697,2018-08-16T22:04:49Z,2018-08,177.507,0.002,water-level-altimetry,DAHITI,4
210,"Nasser, Lake",22.4398,31.7697,2018-08-26T20:03:21Z,2018-08,178.454,0.006,water-level-altimetry,DAHITI,4
210,"Nasser, Lake",22.4398,31.7697,2018-09-10T19:38:02Z,2018-09,179.462,0.003,water-level-altimetry,DAHITI,4
210,"Nasser, Lake",22.4398,31.7697,2018-09-14T19:34:26Z,2018-09,179.197,0.002,water-level-altimetry,DAHITI,4
210,"Nasser, Lake",22.4398,31.7697,2018-09-15T16:00:25Z,2018-09,179.775,0.001,water-level-altimetry,DAHITI,4
210,"Nasser, Lake",22.4398,31.7697,2018-09-25T13:58:56Z,2018-09,180.15,0.001,water-level-altimetry,DAHITI,4
210,"Nasser, Lake",22.4398,31.7697,2018-10-05T11:57:28Z,2018-10,180.262,0.001,water-level-altimetry,DAHITI,4
210,"Nasser, Lake",22.4398,31.7697,2018-10-07T19:38:06Z,2018-10,180.158,0.002,water-level-altimetry,DAHITI,4
210,"Nasser, Lake",22.4398,31.7697,2018-10-15T09:56:00Z,2018-10,180.357,0.001,water-level-altimetry,DAHITI,4
210,"Nasser, Lake",22.4398,31.7697,2018-10-25T07:54:32Z,2018-10,180.288,0.0,water-level-altimetry,DAHITI,4
210,"Nasser, Lake",22.4398,31.7697,2018-11-03T19:38:06Z,2018-11,180.197,0.001,water-level-altimetry,DAHITI,5
210,"Nasser, Lake",22.4398,31.7697,2018-11-04T05:53:04Z,2018-11,180.243,0.002,water-level-altimetry,DAHITI,5
210,"Nasser, Lake",22.4398,31.7697,2018-11-14T03:51:35Z,2018-11,180.177,0.004,water-level-altimetry,DAHITI,5
210,"Nasser, Lake",22.4398,31.7697,2018-11-24T01:50:07Z,2018-11,179.932,0.017,water-level-altimetry,DAHITI,5
210,"Nasser, Lake",22.4398,31.7697,2018-11-30T19:38:03Z,2018-11,180.004,0.001,water-level-altimetry,DAHITI,5
210,"Nasser, Lake",22.4398,31.7697,2018-12-03T23:48:37Z,2018-12,179.952,0.002,water-level-altimetry,DAHITI,5
210,"Nasser, Lake",22.4398,31.7697,2018-12-04T19:34:26Z,2018-12,179.422,0.002,water-level-altimetry,DAHITI,5
210,"Nasser, Lake",22.4398,31.7697,2018-12-23T19:45:39Z,2018-12,179.752,0.003,water-level-altimetry,DAHITI,5
210,"Nasser, Lake",22.4398,31.7697,2018-12-27T19:38:01Z,2018-12,180.028,0.003,water-level-altimetry,DAHITI,5
210,"Nasser, Lake",22.4398,31.7697,2018-12-31T19:34:26Z,2018-12,179.371,0.001,water-level-altimetry,DAHITI,5
210,"Nasser, Lake",22.4398,31.7697,2019-01-02T17:44:12Z,2019-01,179.802,0.003,water-level-altimetry,DAHITI,4
210,"Nasser, Lake",22.4398,31.7697,2019-01-22T13:41:15Z,2019-01,179.882,0.001,water-level-altimetry,DAHITI,4
210,"Nasser, Lake",22.4398,31.7697,2019-01-23T19:38:04Z,2019-01,179.665,0.0,water-level-altimetry,DAHITI,4
210,"Nasser, Lake",22.4398,31.7697,2019-01-27T19:34:28Z,2019-01,179.365,0.001,water-level-altimetry,DAHITI,4
210,"Nasser, Lake",22.4398,31.7697,2019-02-11T09:38:20Z,2019-02,179.893,0.001,water-level-altimetry,DAHITI,3
210,"Nasser, Lake",22.4398,31.7697,2019-02-19T19:38:05Z,2019-02,179.732,0.001,water-level-altimetry,DAHITI,3
210,"Nasser, Lake",22.4398,31.7697,2019-02-21T07:36:50Z,2019-02,179.889,0.001,water-level-altimetry,DAHITI,3
210,"Nasser, Lake",22.4398,31.7697,2019-03-13T03:33:53Z,2019-03,179.795,0.001,water-level-altimetry,DAHITI,2
210,"Nasser, Lake",22.4398,31.7697,2019-03-23T01:32:24Z,2019-03,179.852,0.0,water-level-altimetry,DAHITI,2
210,"Nasser, Lake",22.4398,31.7697,2019-04-01T23:30:55Z,2019-04,179.37,0.007,water-level-altimetry,DAHITI,4
210,"Nasser, Lake",22.4398,31.7697,2019-04-14T19:38:08Z,2019-04,179.181,0.001,water-level-altimetry,DAHITI,4
210,"Nasser, Lake",22.4398,31.7697,2019-04-18T19:34:33Z,2019-04,178.667,0.002,water-level-altimetry,DAHITI,4
210,"Nasser, Lake",22.4398,31.7697,2019-04-21T19:27:56Z,2019-04,179.22,0.004,water-level-altimetry,DAHITI,4
210,"Nasser, Lake",22.4398,31.7697,2019-05-01T17:26:29Z,2019-05,179.302,0.0,water-level-altimetry,DAHITI,4
210,"Nasser, Lake",22.4398,31.7697,2019-05-11T18:55:05Z,2019-05,178.939,0.0,water-level-altimetry,DAHITI,4
210,"Nasser, Lake",22.4398,31.7697,2019-05-15T19:34:35Z,2019-05,178.367,0.011,water-level-altimetry,DAHITI,4
210,"Nasser, Lake",22.4398,31.7697,2019-05-21T13:23:33Z,2019-05,178.748,0.001,water-level-altimetry,DAHITI,4
210,"Nasser, Lake",22.4398,31.7697,2019-06-07T19:38:10Z,2019-06,178.608,0.001,water-level-altimetry,DAHITI,4
210,"Nasser, Lake",22.4398,31.7697,2019-06-10T09:20:37Z,2019-06,178.566,0.0,water-level-altimetry,DAHITI,4
210,"Nasser, Lake",22.4398,31.7697,2019-06-20T07:19:09Z,2019-06,178.512,0.0,water-level-altimetry,DAHITI,4
210,"Nasser, Lake",22.4398,31.7697,2019-06-30T05:17:40Z,2019-06,178.439,0.0,water-level-altimetry,DAHITI,4
210,"Nasser, Lake",22.4398,31.7697,2019-07-04T19:38:10Z,2019-07,178.102,0.001,water-level-altimetry,DAHITI,5
210,"Nasser, Lake",22.4398,31.7697,2019-07-10T03:16:11Z,2019-07,178.364,0.001,water-level-altimetry,DAHITI,5
210,"Nasser, Lake",22.4398,31.7697,2019-07-20T01:14:42Z,2019-07,178.043,0.001,water-level-altimetry,DAHITI,5
210,"Nasser, Lake",22.4398,31.7697,2019-07-29T23:13:13Z,2019-07,177.985,0.0,water-level-altimetry,DAHITI,5
210,"Nasser, Lake",22.4398,31.7697,2019-07-31T19:38:09Z,2019-07,177.908,0.002,water-level-altimetry,DAHITI,5
210,"Nasser, Lake",22.4398,31.7697,2019-08-08T21:11:44Z,2019-08,178.099,0.0,water-level-altimetry,DAHITI,4
210,"Nasser, Lake",22.4398,31.7697,2019-08-27T19:38:04Z,2019-08,179.352,0.004,water-level-altimetry,DAHITI,4
210,"Nasser, Lake",22.4398,31.7697,2019-08-28T17:08:48Z,2019-08,179.422,0.015,water-level-altimetry,DAHITI,4
210,"Nasser, Lake",22.4398,31.7697,2019-08-31T19:34:28Z,2019-08,179.081,0.0,water-level-altimetry,DAHITI,4
210,"Nasser, Lake",22.4398,31.7697,2019-09-07T15:07:20Z,2019-09,179.973,0.004,water-level-altimetry,DAHITI,4
210,"Nasser, Lake",22.4398,31.7697,2019-09-17T13:05:51Z,2019-09,180.86,0.0,water-level-altimetry,DAHITI,4
210,"Nasser, Lake",22.4398,31.7697,2019-09-23T19:38:08Z,2019-09,180.767,0.002,water-level-altimetry,DAHITI,4
210,"Nasser, Lake",22.4398,31.7697,2019-09-27T15:19:27Z,2019-09,180.52,0.001,water-level-altimetry,DAHITI,4
210,"Nasser, Lake",22.4398,31.7697,2019-10-07T09:02:55Z,2019-10,181.367,0.0,water-level-altimetry,DAHITI,5
210,"Nasser, Lake",22.4398,31.7697,2019-10-17T07:01:27Z,2019-10,181.523,0.003,water-level-altimetry,DAHITI,5
210,"Nasser, Lake",22.4398,31.7697,2019-10-20T19:38:08Z,2019-10,181.609,0.0,water-level-altimetry,DAHITI,5
210,"Nasser, Lake",22.4398,31.7697,2019-10-24T19:34:32Z,2019-10,181.19,0.001,water-level-altimetry,DAHITI,5
210,"Nasser, Lake",22.4398,31.7697,2019-10-27T04:59:58Z,2019-10,181.899,0.001,water-level-altimetry,DAHITI,5
210,"Nasser, Lake",22.4398,31.7697,2019-11-06T02:58:29Z,2019-11,181.676,0.0,water-level-altimetry,DAHITI,3
210,"Nasser, Lake",22.4398,31.7697,2019-11-16T18:26:33Z,2019-11,181.581,0.0,water-level-altimetry,DAHITI,3
210,"Nasser, Lake",22.4398,31.7697,2019-11-20T19:34:29Z,2019-11,180.612,0.003,water-level-altimetry,DAHITI,3
210,"Nasser, Lake",22.4398,31.7697,2019-12-05T20:54:01Z,2019-12,180.301,0.003,water-level-altimetry,DAHITI,5
210,"Nasser, Lake",22.4398,31.7697,2019-12-13T19:38:03Z,2019-12,180.905,0.001,water-level-altimetry,DAHITI,5
210,"Nasser, Lake",22.4398,31.7697,2019-12-15T18:52:33Z,2019-12,180.455,0.006,water-level-altimetry,DAHITI,5
210,"Nasser, Lake",22.4398,31.7697,2019-12-17T19:34:27Z,2019-12,180.101,0.0,water-level-altimetry,DAHITI,5
210,"Nasser, Lake",22.4398,31.7697,2019-12-25T16:51:05Z,2019-12,180.466,0.028,water-level-altimetry,DAHITI,5
210,"Nasser, Lake",22.4398,31.7697,2020-01-04T14:49:36Z,2020-01,180.286,0.001,water-level-altimetry,DAHITI,5
210,"Nasser, Lake",22.4398,31.7697,2020-01-09T19:38:06Z,2020-01,180.38,0.0,water-level-altimetry,DAHITI,5
210,"Nasser, Lake",22.4398,31.7697,2020-01-13T19:34:30Z,2020-01,179.756,0.001,water-level-altimetry,DAHITI,5
210,"Nasser, Lake",22.4398,31.7697,2020-01-14T12:48:09Z,2020-01,179.919,0.004,water-level-altimetry,DAHITI,5
210,"Nasser, Lake",22.4398,31.7697,2020-01-24T10:46:41Z,2020-01,180.247,0.0,water-level-altimetry,DAHITI,5
210,"Nasser, Lake",22.4398,31.7697,2020-02-05T19:38:07Z,2020-02,180.076,0.002,water-level-altimetry,DAHITI,3
210,"Nasser, Lake",22.4398,31.7697,2020-02-09T19:34:31Z,2020-02,179.591,0.002,water-level-altimetry,DAHITI,3
210,"Nasser, Lake",22.4398,31.7697,2020-02-23T04:42:15Z,2020-02,180.004,0.005,water-level-altimetry,DAHITI,3
210,"Nasser, Lake",22.4398,31.7697,2020-03-03T19:38:06Z,2020-03,179.652,0.001,water-level-altimetry,DAHITI,4
210,"Nasser, Lake",22.4398,31.7697,2020-03-07T19:34:29Z,2020-03,179.296,0.001,water-level-altimetry,DAHITI,4
210,"Nasser, Lake",22.4398,31.7697,2020-03-14T00:39:15Z,2020-03,179.767,0.004,water-level-altimetry,DAHITI,4
210,"Nasser, Lake",22.4398,31.7697,2020-03-30T19:38:10Z,2020-03,179.586,0.0,water-level-altimetry,DAHITI,4
210,"Nasser, Lake",22.4398,31.7697,2020-04-02T20:36:20Z,2020-04,179.735,0.004,water-level-altimetry,DAHITI,4
210,"Nasser, Lake",22.4398,31.7697,2020-04-12T18:34:52Z,2020-04,179.46,0.003,water-level-altimetry,DAHITI,4
210,"Nasser, Lake",22.4398,31.7697,2020-04-22T16:33:24Z,2020-04,179.562,0.001,water-level-altimetry,DAHITI,4
210,"Nasser, Lake",22.4398,31.7697,2020-04-26T19:38:14Z,2020-04,179.494,0.002,water-level-altimetry,DAHITI,4
210,"Nasser, Lake",22.4398,31.7697,2020-05-02T14:31:56Z,2020-05,179.464,0.0,water-level-altimetry,DAHITI,4
210,"Nasser, Lake",22.4398,31.7697,2020-05-12T12:30:27Z,2020-05,179.497,0.0,water-level-altimetry,DAHITI,4
210,"Nasser, Lake",22.4398,31.7697,2020-05-22T10:28:59Z,2020-05,179.342,0.001,water-level-altimetry,DAHITI,4
210,"Nasser, Lake",22.4398,31.7697,2020-05-23T19:38:14Z,2020-05,179.229,0.001,water-level-altimetry,DAHITI,4
210,"Nasser, Lake",22.4398,31.7697,2020-06-01T08:27:31Z,2020-06,179.353,0.0,water-level-altimetry,DAHITI,5
210,"Nasser, Lake",22.4398,31.7697,2020-06-11T06:26:03Z,2020-06,179.051,0.0,water-level-altimetry,DAHITI,5
210,"Nasser, Lake",22.4398,31.7697,2020-06-19T19:38:13Z,2020-06,178.757,0.003,water-level-altimetry,DAHITI,5
210,"Nasser, Lake",22.4398,31.7697,2020-06-21T04:24:33Z,2020-06,179.17,0.0,water-level-altimetry,DAHITI,5
210,"Nasser, Lake",22.4398,31.7697,2020-06-23T19:34:37Z,2020-06,178.19,0.002,water-level-altimetry,DAHITI,5
210,"Nasser, Lake",22.4398,31.7697,2020-07-11T00:21:36Z,2020-07,178.483,0.001,water-level-altimetry,DAHITI,4
210,"Nasser, Lake",22.4398,31.7697,2020-07-16T19:38:14Z,2020-07,178.152,0.0,water-level-altimetry,DAHITI,4
210,"Nasser, Lake",22.4398,31.7697,2020-07-20T20:07:43Z,2020-07,177.911,0.001,water-level-altimetry,DAHITI,4
210,"Nasser, Lake",22.4398,31.7697,2020-07-30T20:18:38Z,2020-07,177.634,0.0,water-level-altimetry,DAHITI,4
210,"Nasser, Lake",22.4398,31.7697,2020-08-09T18:17:10Z,2020-08,178.064,0.001,water-level-altimetry,DAHITI,3
210,"Nasser, Lake",22.4398,31.7697,2020-08-12T19:38:11Z,2020-08,178.164,0.001,water-level-altimetry,DAHITI,3
210,"Nasser, Lake",22.4398,31.7697,2020-08-29T14:14:14Z,2020-08,179.587,0.001,water-level-altimetry,DAHITI,3
210,"Nasser, Lake",22.4398,31.7697,2020-09-08T12:12:46Z,2020-09,180.114,0.003,water-level-altimetry,DAHITI,4
210,"Nasser, Lake",22.4398,31.7697,2020-09-12T19:34:33Z,2020-09,180.118,0.002,water-level-altimetry,DAHITI,4
210,"Nasser, Lake",22.4398,31.7697,2020-09-18T10:11:17Z,2020-09,181.019,0.001,water-level-altimetry,DAHITI,4
210,"Nasser, Lake",22.4398,31.7697,2020-09-28T08:09:49Z,2020-09,181.545,0.001,water-level-altimetry,DAHITI,4
210,"Nasser, Lake",22.4398,31.7697,2020-10-05T19:38:12Z,2020-10,181.534,0.001,water-level-altimetry,DAHITI,3
210,"Nasser, Lake",22.4398,31.7697,2020-10-09T19:34:36Z,2020-10,181.028,0.001,water-level-altimetry,DAHITI,3
210,"Nasser, Lake",22.4398,31.7697,2020-10-18T04:06:51Z,2020-10,181.476,0.022,water-level-altimetry,DAHITI,3
210,"Nasser, Lake",22.4398,31.7697,2020-11-01T19:38:11Z,2020-11,181.642,0.001,water-level-altimetry,DAHITI,5
210,"Nasser, Lake",22.4398,31.7697,2020-11-05T19:34:35Z,2020-11,180.817,0.005,water-level-altimetry,DAHITI,5
210,"Nasser, Lake",22.4398,31.7697,2020-11-07T00:03:54Z,2020-11,181.237,0.001,water-level-altimetry,DAHITI,5
210,"Nasser, Lake",22.4398,31.7697,2020-11-16T22:02:26Z,2020-11,180.985,0.004,water-level-altimetry,DAHITI,5
210,"Nasser, Lake",22.4398,31.7697,2020-11-28T19:38:07Z,2020-11,181.041,0.001,water-level-altimetry,DAHITI,5
210,"Nasser, Lake",22.4398,31.7697,2020-12-02T19:34:30Z,2020-12,180.471,0.002,water-level-altimetry,DAHITI,5
210,"Nasser, Lake",22.4398,31.7697,2020-12-06T17:59:29Z,2020-12,180.864,0.005,water-level-altimetry,DAHITI,5
210,"Nasser, Lake",22.4398,31.7697,2020-12-16T15:58:01Z,2020-12,180.991,0.0,water-level-altimetry,DAHITI,5
210,"Nasser, Lake",22.4398,31.7697,2020-12-25T19:38:08Z,2020-12,180.85,0.002,water-level-altimetry,DAHITI,5
210,"Nasser, Lake",22.4398,31.7697,2020-12-26T13:56:32Z,2020-12,180.921,0.015,water-level-altimetry,DAHITI,5
210,"Nasser, Lake",22.4398,31.7697,2021-01-05T11:55:03Z,2021-01,180.953,0.002,water-level-altimetry,DAHITI,3
210,"Nasser, Lake",22.4398,31.7697,2021-01-15T09:53:34Z,2021-01,181.058,0.002,water-level-altimetry,DAHITI,3
210,"Nasser, Lake",22.4398,31.7697,2021-01-21T19:38:13Z,2021-01,180.917,0.003,water-level-altimetry,DAHITI,3
210,"Nasser, Lake",22.4398,31.7697,2021-02-04T05:50:35Z,2021-02,180.802,0.0,water-level-altimetry,DAHITI,5
210,"Nasser, Lake",22.4398,31.7697,2021-02-14T03:49:08Z,2021-02,180.595,0.004,water-level-altimetry,DAHITI,5
210,"Nasser, Lake",22.4398,31.7697,2021-02-17T19:38:13Z,2021-02,180.745,0.001,water-level-altimetry,DAHITI,5
210,"Nasser, Lake",22.4398,31.7697,2021-02-21T19:34:37Z,2021-02,180.206,0.003,water-level-altimetry,DAHITI,5
210,"Nasser, Lake",22.4398,31.7697,2021-02-24T01:48:10Z,2021-02,180.35,0.019,water-level-altimetry,DAHITI,5
210,"Nasser, Lake",22.4398,31.7697,2021-03-05T23:46:12Z,2021-03,180.814,0.001,water-level-altimetry,DAHITI,4
210,"Nasser, Lake",22.4398,31.7697,2021-03-15T21:44:43Z,2021-03,180.585,0.0,water-level-altimetry,DAHITI,4
210,"Nasser, Lake",22.4398,31.7697,2021-03-16T19:38:09Z,2021-03,180.512,0.003,water-level-altimetry,DAHITI,4
210,"Nasser, Lake",22.4398,31.7697,2021-03-25T19:43:15Z,2021-03,180.506,0.002,water-level-altimetry,DAHITI,4
210,"Nasser, Lake",22.4398,31.7697,2021-04-04T17:41:47Z,2021-04,180.473,0.002,water-level-altimetry,DAHITI,4
210,"Nasser, Lake",22.4398,31.7697,2021-04-12T19:38:16Z,2021-04,180.311,0.001,water-level-altimetry,DAHITI,4
210,"Nasser, Lake",22.4398,31.7697,2021-04-14T15:40:18Z,2021-04,180.387,0.005,water-level-altimetry,DAHITI,4
210,"Nasser, Lake",22.4398,31.7697,2021-04-24T13:38:49Z,2021-04,180.148,0.002,water-level-altimetry,DAHITI,4
210,"Nasser, Lake",22.4398,31.7697,2021-05-04T11:37:21Z,2021-05,180.359,0.001,water-level-altimetry,DAHITI,4
210,"Nasser, Lake",22.4398,31.7697,2021-05-09T19:38:19Z,2021-05,180.197,0.001,water-level-altimetry,DAHITI,4
210,"Nasser, Lake",22.4398,31.7697,2021-05-14T09:35:52Z,2021-05,180.601,0.001,water-level-altimetry,DAHITI,4
210,"Nasser, Lake",22.4398,31.7697,2021-05-24T07:34:55Z,2021-05,180.1,0.014,water-level-altimetry,DAHITI,4
210,"Nasser, Lake",22.4398,31.7697,2021-06-03T05:32:56Z,2021-06,180.304,0.0,water-level-altimetry,DAHITI,4
210,"Nasser, Lake",22.4398,31.7697,2021-06-05T19:38:18Z,2021-06,179.906,0.0,water-level-altimetry,DAHITI,4
210,"Nasser, Lake",22.4398,31.7697,2021-06-13T03:31:27Z,2021-06,180.066,0.0,water-level-altimetry,DAHITI,4
210,"Nasser, Lake",22.4398,31.7697,2021-06-23T01:29:59Z,2021-06,179.584,0.0,water-level-altimetry,DAHITI,4
210,"Nasser, Lake",22.4398,31.7697,2021-07-02T20:55:03Z,2021-07,179.455,0.0,water-level-altimetry,DAHITI,6
210,"Nasser, Lake",22.4398,31.7697,2021-07-02T21:37:32Z,2021-07,179.432,0.0,water-level-altimetry,DAHITI,6
210,"Nasser, Lake",22.4398,31.7697,2021-07-06T19:34:43Z,2021-07,178.849,0.002,water-level-altimetry,DAHITI,6
210,"Nasser, Lake",22.4398,31.7697,2021-07-12T21:27:02Z,2021-07,179.342,0.0,water-level-altimetry,DAHITI,6
210,"Nasser, Lake",22.4398,31.7697,2021-07-22T19:25:32Z,2021-07,178.99,0.004,water-level-altimetry,DAHITI,6
210,"Nasser, Lake",22.4398,31.7697,2021-07-29T19:38:17Z,2021-07,178.986,0.002,water-level-altimetry,DAHITI,6
210,"Nasser, Lake",22.4398,31.7697,2021-08-01T17:24:04Z,2021-08,178.943,0.0,water-level-altimetry,DAHITI,6
210,"Nasser, Lake",22.4398,31.7697,2021-08-11T15:22:36Z,2021-08,179.421,0.002,water-level-altimetry,DAHITI,6
210,"Nasser, Lake",22.4398,31.7697,2021-08-21T13:21:08Z,2021-08,179.96,0.001,water-level-altimetry,DAHITI,6
210,"Nasser, Lake",22.4398,31.7697,2021-08-25T19:38:15Z,2021-08,180.023,0.0,water-level-altimetry,DAHITI,6
210,"Nasser, Lake",22.4398,31.7697,2021-08-29T19:34:38Z,2021-08,179.809,0.002,water-level-altimetry,DAHITI,6
210,"Nasser, Lake",22.4398,31.7697,2021-08-31T11:19:40Z,2021-08,180.456,0.0,water-level-altimetry,DAHITI,6
210,"Nasser, Lake",22.4398,31.7697,2021-09-10T09:18:12Z,2021-09,180.861,0.001,water-level-altimetry,DAHITI,3
210,"Nasser, Lake",22.4398,31.7697,2021-09-20T07:16:44Z,2021-09,181.217,0.004,water-level-altimetry,DAHITI,3
210,"Nasser, Lake",22.4398,31.7697,2021-09-21T19:38:16Z,2021-09,181.351,0.0,water-level-altimetry,DAHITI,3
210,"Nasser, Lake",22.4398,31.7697,2021-10-10T03:13:46Z,2021-10,181.791,0.001,water-level-altimetry,DAHITI,5
210,"Nasser, Lake",22.4398,31.7697,2021-10-18T19:38:17Z,2021-10,181.512,0.003,water-level-altimetry,DAHITI,5
210,"Nasser, Lake",22.4398,31.7697,2021-10-20T01:12:17Z,2021-10,181.403,0.014,water-level-altimetry,DAHITI,5
210,"Nasser, Lake",22.4398,31.7697,2021-10-22T19:34:40Z,2021-10,181.056,0.006,water-level-altimetry,DAHITI,5
210,"Nasser, Lake",22.4398,31.7697,2021-10-29T23:10:48Z,2021-10,181.831,0.007,water-level-altimetry,DAHITI,5
210,"Nasser, Lake",22.4398,31.7697,2021-11-08T21:09:19Z,2021-11,181.265,0.015,water-level-altimetry,DAHITI,4
210,"Nasser, Lake",22.4398,31.7697,2021-11-14T19:38:16Z,2021-11,181.538,0.001,water-level-altimetry,DAHITI,4
210,"Nasser, Lake",22.4398,31.7697,2021-11-18T19:28:52Z,2021-11,180.796,0.003,water-level-altimetry,DAHITI,4
210,"Nasser, Lake",22.4398,31.7697,2021-11-28T17:06:53Z,2021-11,181.287,0.004,water-level-altimetry,DAHITI,4
210,"Nasser, Lake",22.4398,31.7697,2021-12-08T15:04:55Z,2021-12,181.246,0.0,water-level-altimetry,DAHITI,4
210,"Nasser, Lake",22.4398,31.7697,2021-12-11T19:38:15Z,2021-12,180.933,0.001,water-level-altimetry,DAHITI,4
210,"Nasser, Lake",22.4398,31.7697,2021-12-18T13:03:26Z,2021-12,181.492,0.0,water-level-altimetry,DAHITI,4
210,"Nasser, Lake",22.4398,31.7697,2021-12-28T11:01:59Z,2021-12,181.007,0.001,water-level-altimetry,DAHITI,4
210,"Nasser, Lake",22.4398,31.7697,2022-01-07T14:37:43Z,2022-01,181.09,0.0,water-level-altimetry,DAHITI,3
210,"Nasser, Lake",22.4398,31.7697,2022-01-07T16:01:53Z,2022-01,181.348,0.001,water-level-altimetry,DAHITI,3
210,"Nasser, Lake",22.4398,31.7697,2022-01-17T06:59:02Z,2022-01,180.766,0.0,water-level-altimetry,DAHITI,3
210,"Nasser, Lake",22.4398,31.7697,2022-02-03T19:38:20Z,2022-02,181.074,0.001,water-level-altimetry,DAHITI,5
210,"Nasser, Lake",22.4398,31.7697,2022-02-06T02:56:05Z,2022-02,181.018,0.001,water-level-altimetry,DAHITI,5
210,"Nasser, Lake",22.4398,31.7697,2022-02-07T19:34:44Z,2022-02,180.491,0.001,water-level-altimetry,DAHITI,5
210,"Nasser, Lake",22.4398,31.7697,2022-02-16T00:54:34Z,2022-02,180.694,0.006,water-level-altimetry,DAHITI,5
210,"Nasser, Lake",22.4398,31.7697,2022-02-25T22:53:36Z,2022-02,180.68,0.0,water-level-altimetry,DAHITI,5
210,"Nasser, Lake",22.4398,31.7697,2022-03-02T19:38:17Z,2022-03,180.638,0.0,water-level-altimetry,DAHITI,5
210,"Nasser, Lake",22.4398,31.7697,2022-03-07T20:51:39Z,2022-03,180.886,0.0,water-level-altimetry,DAHITI,5
210,"Nasser, Lake",22.4398,31.7697,2022-03-17T18:50:11Z,2022-03,180.748,0.001,water-level-altimetry,DAHITI,5
210,"Nasser, Lake",22.4398,31.7697,2022-03-27T16:48:42Z,2022-03,180.67,0.001,water-level-altimetry,DAHITI,5
210,"Nasser, Lake",22.4398,31.7697,2022-03-29T19:38:19Z,2022-03,180.777,0.001,water-level-altimetry,DAHITI,5
210,"Nasser, Lake",22.4398,31.7697,2022-04-06T14:47:14Z,2022-04,180.705,0.001,water-level-altimetry,DAHITI,4
210,"Nasser, Lake",22.4398,31.7697,2022-04-16T12:46:13Z,2022-04,180.977,0.0,water-level-altimetry,DAHITI,4
210,"Nasser, Lake",22.4398,31.7697,2022-04-25T19:38:21Z,2022-04,180.818,0.0,water-level-altimetry,DAHITI,4
210,"Nasser, Lake",22.4398,31.7697,2022-04-26T10:44:45Z,2022-04,181.001,0.0,water-level-altimetry,DAHITI,4
210,"Nasser, Lake",22.4398,31.7697,2022-05-06T08:43:17Z,2022-05,180.888,0.012,water-level-altimetry,DAHITI,3
210,"Nasser, Lake",22.4398,31.7697,2022-05-22T19:38:19Z,2022-05,180.863,0.0,water-level-altimetry,DAHITI,3
210,"Nasser, Lake",22.4398,31.7697,2022-05-26T04:40:20Z,2022-05,180.778,0.002,water-level-altimetry,DAHITI,3
210,"Nasser, Lake",22.4398,31.7697,2022-06-05T02:38:50Z,2022-06,180.975,0.0,water-level-altimetry,DAHITI,4
210,"Nasser, Lake",22.4398,31.7697,2022-06-18T19:38:19Z,2022-06,180.529,0.0,water-level-altimetry,DAHITI,4
210,"Nasser, Lake",22.4398,31.7697,2022-06-22T19:34:43Z,2022-06,180.017,0.004,water-level-altimetry,DAHITI,4
210,"Nasser, Lake",22.4398,31.7697,2022-06-24T22:35:52Z,2022-06,180.635,0.0,water-level-altimetry,DAHITI,4
210,"Nasser, Lake",22.4398,31.7697,2022-07-04T20:34:25Z,2022-07,180.576,0.001,water-level-altimetry,DAHITI,3
210,"Nasser, Lake",22.4398,31.7697,2022-07-14T18:32:57Z,2022-07,180.086,0.01,water-level-altimetry,DAHITI,3
210,"Nasser, Lake",22.4398,31.7697,2022-07-24T16:31:29Z,2022-07,179.985,0.003,water-level-altimetry,DAHITI,3
210,"Nasser, Lake",22.4398,31.7697,2022-08-03T14:30:01Z,2022-08,179.702,0.001,water-level-altimetry,DAHITI,4
210,"Nasser, Lake",22.4398,31.7697,2022-08-11T19:38:14Z,2022-08,179.706,0.001,water-level-altimetry,DAHITI,4
210,"Nasser, Lake",22.4398,31.7697,2022-08-13T12:28:32Z,2022-08,179.736,0.003,water-level-altimetry,DAHITI,4
210,"Nasser, Lake",22.4398,31.7697,2022-08-23T10:27:03Z,2022-08,179.74,0.006,water-level-altimetry,DAHITI,4
210,"Nasser, Lake",22.4398,31.7697,2022-09-02T08:25:35Z,2022-09,180.234,0.005,water-level-altimetry,DAHITI,4
210,"Nasser, Lake",22.4398,31.7697,2022-09-07T19:38:14Z,2022-09,180.761,0.003,water-level-altimetry,DAHITI,4
210,"Nasser, Lake",22.4398,31.7697,2022-09-11T19:34:39Z,2022-09,180.407,0.001,water-level-altimetry,DAHITI,4
210,"Nasser, Lake",22.4398,31.7697,2022-09-12T06:24:07Z,2022-09,180.769,0.002,water-level-altimetry,DAHITI,4
210,"Nasser, Lake",22.4398,31.7697,2022-10-02T02:21:09Z,2022-10,181.498,0.005,water-level-altimetry,DAHITI,4
210,"Nasser, Lake",22.4398,31.7697,2022-10-08T19:34:38Z,2022-10,180.922,0.001,water-level-altimetry,DAHITI,4
210,"Nasser, Lake",22.4398,31.7697,2022-10-21T22:18:12Z,2022-10,181.31,0.02,water-level-altimetry,DAHITI,4
210,"Nasser, Lake",22.4398,31.7697,2022-10-31T19:38:13Z,2022-10,181.679,0.0,water-level-altimetry,DAHITI,4
210,"Nasser, Lake",22.4398,31.7697,2022-11-10T18:15:17Z,2022-11,181.488,0.005,water-level-altimetry,DAHITI,4
210,"Nasser, Lake",22.4398,31.7697,2022-11-20T16:13:49Z,2022-11,181.717,0.001,water-level-altimetry,DAHITI,4
210,"Nasser, Lake",22.4398,31.7697,2022-11-27T19:38:10Z,2022-11,181.185,0.0,water-level-altimetry,DAHITI,4
210,"Nasser, Lake",22.4398,31.7697,2022-11-30T14:12:20Z,2022-11,181.33,0.0,water-level-altimetry,DAHITI,4
210,"Nasser, Lake",22.4398,31.7697,2022-12-10T12:10:52Z,2022-12,181.026,0.0,water-level-altimetry,DAHITI,3
210,"Nasser, Lake",22.4398,31.7697,2022-12-24T19:38:10Z,2022-12,180.818,0.0,water-level-altimetry,DAHITI,3
210,"Nasser, Lake",22.4398,31.7697,2022-12-30T08:07:55Z,2022-12,180.704,0.002,water-level-altimetry,DAHITI,3
210,"Nasser, Lake",22.4398,31.7697,2023-01-09T06:06:24Z,2023-01,180.754,0.005,water-level-altimetry,DAHITI,4
210,"Nasser, Lake",22.4398,31.7697,2023-01-19T04:04:55Z,2023-01,180.737,0.003,water-level-altimetry,DAHITI,4
210,"Nasser, Lake",22.4398,31.7697,2023-01-20T19:38:13Z,2023-01,180.592,0.002,water-level-altimetry,DAHITI,4
210,"Nasser, Lake",22.4398,31.7697,2023-01-29T02:03:27Z,2023-01,180.875,0.0,water-level-altimetry,DAHITI,4
210,"Nasser, Lake",22.4398,31.7697,2023-02-08T00:02:00Z,2023-02,180.382,0.004,water-level-altimetry,DAHITI,4
210,"Nasser, Lake",22.4398,31.7697,2023-02-16T19:38:12Z,2023-02,180.757,0.001,water-level-altimetry,DAHITI,4
210,"Nasser, Lake",22.4398,31.7697,2023-02-17T22:00:33Z,2023-02,180.689,0.0,water-level-altimetry,DAHITI,4
210,"Nasser, Lake",22.4398,31.7697,2023-02-27T19:59:05Z,2023-02,180.93,0.0,water-level-altimetry,DAHITI,4
210,"Nasser, Lake",22.4398,31.7697,2023-03-09T17:57:36Z,2023-03,181.194,0.003,water-level-altimetry,DAHITI,4
210,"Nasser, Lake",22.4398,31.7697,2023-03-15T19:38:13Z,2023-03,180.889,0.002,water-level-altimetry,DAHITI,4
210,"Nasser, Lake",22.4398,31.7697,2023-03-19T18:10:13Z,2023-03,180.493,0.001,water-level-altimetry,DAHITI,4
210,"Nasser, Lake",22.4398,31.7697,2023-03-29T13:54:39Z,2023-03,181.086,0.001,water-level-altimetry,DAHITI,4
210,"Nasser, Lake",22.4398,31.7697,2023-04-08T11:53:11Z,2023-04,181.178,0.0,water-level-altimetry,DAHITI,4
210,"Nasser, Lake",22.4398,31.7697,2023-04-11T19:38:18Z,2023-04,180.881,0.001,water-level-altimetry,DAHITI,4
210,"Nasser, Lake",22.4398,31.7697,2023-04-18T09:51:42Z,2023-04,181.222,0.001,water-level-altimetry,DAHITI,4
210,"Nasser, Lake",22.4398,31.7697,2023-04-28T07:50:13Z,2023-04,181.315,0.002,water-level-altimetry,DAHITI,4
210,"Nasser, Lake",22.4398,31.7697,2023-05-18T03:47:15Z,2023-05,181.085,0.0,water-level-altimetry,DAHITI,2
210,"Nasser, Lake",22.4398,31.7697,2023-05-28T01:45:46Z,2023-05,180.572,0.002,water-level-altimetry,DAHITI,2
210,"Nasser, Lake",22.4398,31.7697,2023-06-04T19:38:16Z,2023-06,180.274,0.001,water-level-altimetry,DAHITI,3
210,"Nasser, Lake",22.4398,31.7697,2023-06-06T23:44:18Z,2023-06,180.225,0.002,water-level-altimetry,DAHITI,3
210,"Nasser, Lake",22.4398,31.7697,2023-06-16T21:42:51Z,2023-06,180.124,0.002,water-level-altimetry,DAHITI,3
210,"Nasser, Lake",22.4398,31.7697,2023-07-01T19:38:12Z,2023-07,179.827,0.0,water-level-altimetry,DAHITI,5
210,"Nasser, Lake",22.4398,31.7697,2023-07-06T17:39:53Z,2023-07,179.669,0.001,water-level-altimetry,DAHITI,5
210,"Nasser, Lake",22.4398,31.7697,2023-07-16T15:38:25Z,2023-07,179.634,0.008,water-level-altimetry,DAHITI,5
210,"Nasser, Lake",22.4398,31.7697,2023-07-26T13:36:56Z,2023-07,179.92,0.001,water-level-altimetry,DAHITI,5
210,"Nasser, Lake",22.4398,31.7697,2023-07-28T19:38:09Z,2023-07,179.666,0.0,water-level-altimetry,DAHITI,5
210,"Nasser, Lake",22.4398,31.7697,2023-08-05T11:35:27Z,2023-08,179.891,0.005,water-level-altimetry,DAHITI,3
210,"Nasser, Lake",22.4398,31.7697,2023-08-15T09:34:00Z,2023-08,179.73,0.002,water-level-altimetry,DAHITI,3
210,"Nasser, Lake",22.4398,31.7697,2023-08-25T07:32:32Z,2023-08,179.55,0.004,water-level-altimetry,DAHITI,3
210,"Nasser, Lake",22.4398,31.7697,2023-09-04T05:31:05Z,2023-09,179.602,0.001,water-level-altimetry,DAHITI,3
210,"Nasser, Lake",22.4398,31.7697,2023-09-14T03:29:37Z,2023-09,179.519,0.013,water-level-altimetry,DAHITI,3
210,"Nasser, Lake",22.4398,31.7697,2023-09-24T11:06:01Z,2023-09,179.362,0.001,water-level-altimetry,DAHITI,3
210,"Nasser, Lake",22.4398,31.7697,2023-10-03T23:26:40Z,2023-10,179.413,0.0,water-level-altimetry,DAHITI,3
210,"Nasser, Lake",22.4398,31.7697,2023-10-13T21:25:11Z,2023-10,179.251,0.001,water-level-altimetry,DAHITI,3
210,"Nasser, Lake",22.4398,31.7697,2023-10-23T19:23:43Z,2023-10,179.351,0.001,water-level-altimetry,DAHITI,3
210,"Nasser, Lake",22.4398,31.7697,2023-11-02T17:22:14Z,2023-11,179.358,0.01,water-level-altimetry,DAHITI,4
210,"Nasser, Lake",22.4398,31.7697,2023-11-12T15:20:45Z,2023-11,179.807,0.0,water-level-altimetry,DAHITI,4
210,"Nasser, Lake",22.4398,31.7697,2023-11-13T19:38:08Z,2023-11,179.68,0.001,water-level-altimetry,DAHITI,4
210,"Nasser, Lake",22.4398,31.7697,2023-11-22T13:19:15Z,2023-11,180.057,0.006,water-level-altimetry,DAHITI,4
210,"Nasser, Lake",22.4398,31.7697,2023-12-02T11:17:47Z,2023-12,180.217,0.002,water-level-altimetry,DAHITI,5
210,"Nasser, Lake",22.4398,31.7697,2023-12-10T19:38:09Z,2023-12,180.323,0.0,water-level-altimetry,DAHITI,5
210,"Nasser, Lake",22.4398,31.7697,2023-12-12T09:16:19Z,2023-12,180.262,0.001,water-level-altimetry,DAHITI,5
210,"Nasser, Lake",22.4398,31.7697,2023-12-14T19:34:34Z,2023-12,179.938,0.0,water-level-altimetry,DAHITI,5
210,"Nasser, Lake",22.4398,31.7697,2023-12-22T07:14:52Z,2023-12,180.092,0.008,water-level-altimetry,DAHITI,5
210,"Nasser, Lake",22.4398,31.7697,2024-01-01T05:13:24Z,2024-01,180.297,0.008,water-level-altimetry,DAHITI,4
210,"Nasser, Lake",22.4398,31.7697,2024-01-06T19:38:12Z,2024-01,180.304,0.0,water-level-altimetry,DAHITI,4
210,"Nasser, Lake",22.4398,31.7697,2024-01-11T03:11:55Z,2024-01,180.586,0.002,water-level-altimetry,DAHITI,4
210,"Nasser, Lake",22.4398,31.7697,2024-01-21T01:10:26Z,2024-01,180.722,0.0,water-level-altimetry,DAHITI,4
210,"Nasser, Lake",22.4398,31.7697,2024-02-06T19:34:38Z,2024-02,180.059,0.0,water-level-altimetry,DAHITI,5
210,"Nasser, Lake",22.4398,31.7697,2024-02-09T21:07:30Z,2024-02,179.931,0.01,water-level-altimetry,DAHITI,5
210,"Nasser, Lake",22.4398,31.7697,2024-02-19T19:06:00Z,2024-02,180.769,0.001,water-level-altimetry,DAHITI,5
210,"Nasser, Lake",22.4398,31.7697,2024-02-29T17:04:31Z,2024-02,180.672,0.0,water-level-altimetry,DAHITI,5
210,"Nasser, Lake",22.4398,31.7697,2024-02-29T19:38:12Z,2024-02,180.533,0.001,water-level-altimetry,DAHITI,5
210,"Nasser, Lake",22.4398,31.7697,2024-03-04T19:34:35Z,2024-03,180.056,0.003,water-level-altimetry,DAHITI,5
210,"Nasser, Lake",22.4398,31.7697,2024-03-10T15:03:04Z,2024-03,180.359,0.016,water-level-altimetry,DAHITI,5
210,"Nasser, Lake",22.4398,31.7697,2024-03-20T13:01:36Z,2024-03,180.467,0.021,water-level-altimetry,DAHITI,5
210,"Nasser, Lake",22.4398,31.7697,2024-03-27T19:38:15Z,2024-03,180.4,0.002,water-level-altimetry,DAHITI,5
210,"Nasser, Lake",22.4398,31.7697,2024-03-30T11:00:08Z,2024-03,180.549,0.0,water-level-altimetry,DAHITI,5
210,"Nasser, Lake",22.4398,31.7697,2024-04-09T08:58:40Z,2024-04,180.364,0.011,water-level-altimetry,DAHITI,4
210,"Nasser, Lake",22.4398,31.7697,2024-04-19T06:57:12Z,2024-04,179.984,0.001,water-level-altimetry,DAHITI,4
210,"Nasser, Lake",22.4398,31.7697,2024-04-23T19:38:16Z,2024-04,180.097,0.001,water-level-altimetry,DAHITI,4
210,"Nasser, Lake",22.4398,31.7697,2024-04-29T04:55:43Z,2024-04,180.351,0.0,water-level-altimetry,DAHITI,4
210,"Nasser, Lake",22.4398,31.7697,2024-05-09T02:54:15Z,2024-05,180.305,0.0,water-level-altimetry,DAHITI,4
210,"Nasser, Lake",22.4398,31.7697,2024-05-19T00:52:46Z,2024-05,179.927,0.004,water-level-altimetry,DAHITI,4
210,"Nasser, Lake",22.4398,31.7697,2024-05-20T19:38:17Z,2024-05,179.925,0.001,water-level-altimetry,DAHITI,4
210,"Nasser, Lake",22.4398,31.7697,2024-05-28T22:51:17Z,2024-05,179.715,0.002,water-level-altimetry,DAHITI,4
210,"Nasser, Lake",22.4398,31.7697,2024-06-07T20:49:49Z,2024-06,179.555,0.002,water-level-altimetry,DAHITI,5
210,"Nasser, Lake",22.4398,31.7697,2024-06-16T19:38:18Z,2024-06,179.304,0.002,water-level-altimetry,DAHITI,5
210,"Nasser, Lake",22.4398,31.7697,2024-06-17T18:48:22Z,2024-06,179.394,0.0,water-level-altimetry,DAHITI,5
210,"Nasser, Lake",22.4398,31.7697,2024-06-20T19:34:41Z,2024-06,178.701,0.001,water-level-altimetry,DAHITI,5
210,"Nasser, Lake",22.4398,31.7697,2024-06-27T16:46:54Z,2024-06,179.056,0.003,water-level-altimetry,DAHITI,5
210,"Nasser, Lake",22.4398,31.7697,2024-07-07T14:45:26Z,2024-07,178.703,0.003,water-level-altimetry,DAHITI,4
210,"Nasser, Lake",22.4398,31.7697,2024-07-17T16:32:08Z,2024-07,178.382,0.001,water-level-altimetry,DAHITI,4
210,"Nasser, Lake",22.4398,31.7697,2024-07-17T19:34:40Z,2024-07,177.936,0.004,water-level-altimetry,DAHITI,4
210,"Nasser, Lake",22.4398,31.7697,2024-07-27T10:42:29Z,2024-07,178.496,0.001,water-level-altimetry,DAHITI,4
210,"Nasser, Lake",22.4398,31.7697,2024-08-06T08:41:01Z,2024-08,178.119,0.006,water-level-altimetry,DAHITI,4
210,"Nasser, Lake",22.4398,31.7697,2024-08-09T19:38:13Z,2024-08,178.261,0.0,water-level-altimetry,DAHITI,4
210,"Nasser, Lake",22.4398,31.7697,2024-08-16T06:39:32Z,2024-08,178.227,0.0,water-level-altimetry,DAHITI,4
210,"Nasser, Lake",22.4398,31.7697,2024-08-26T04:38:03Z,2024-08,178.757,0.0,water-level-altimetry,DAHITI,4
210,"Nasser, Lake",22.4398,31.7697,2024-09-05T17:02:42Z,2024-09,179.064,0.0,water-level-altimetry,DAHITI,5
210,"Nasser, Lake",22.4398,31.7697,2024-09-05T19:38:09Z,2024-09,179.036,0.001,water-level-altimetry,DAHITI,5
210,"Nasser, Lake",22.4398,31.7697,2024-09-09T19:34:33Z,2024-09,178.787,0.001,water-level-altimetry,DAHITI,5
210,"Nasser, Lake",22.4398,31.7697,2024-09-15T00:35:04Z,2024-09,179.668,0.004,water-level-altimetry,DAHITI,5
210,"Nasser, Lake",22.4398,31.7697,2024-09-24T22:33:36Z,2024-09,179.981,0.001,water-level-altimetry,DAHITI,5
210,"Nasser, Lake",22.4398,31.7697,2024-10-02T19:38:13Z,2024-10,180.378,0.001,water-level-altimetry,DAHITI,6
210,"Nasser, Lake",22.4398,31.7697,2024-10-04T20:32:09Z,2024-10,180.454,0.007,water-level-altimetry,DAHITI,6
210,"Nasser, Lake",22.4398,31.7697,2024-10-06T19:34:37Z,2024-10,179.912,0.003,water-level-altimetry,DAHITI,6
210,"Nasser, Lake",22.4398,31.7697,2024-10-14T18:30:42Z,2024-10,180.498,0.004,water-level-altimetry,DAHITI,6
210,"Nasser, Lake",22.4398,31.7697,2024-10-24T16:29:14Z,2024-10,180.71,0.001,water-level-altimetry,DAHITI,6
210,"Nasser, Lake",22.4398,31.7697,2024-10-29T19:38:12Z,2024-10,180.905,0.0,water-level-altimetry,DAHITI,6
210,"Nasser, Lake",22.4398,31.7697,2024-11-02T19:34:38Z,2024-11,180.438,0.0,water-level-altimetry,DAHITI,6
210,"Nasser, Lake",22.4398,31.7697,2024-11-03T14:27:45Z,2024-11,180.884,0.009,water-level-altimetry,DAHITI,6
210,"Nasser, Lake",22.4398,31.7697,2024-11-13T12:26:16Z,2024-11,181.259,0.0,water-level-altimetry,DAHITI,6
210,"Nasser, Lake",22.4398,31.7697,2024-11-23T10:24:47Z,2024-11,181.09,0.007,water-level-altimetry,DAHITI,6
210,"Nasser, Lake",22.4398,31.7697,2024-11-25T19:38:10Z,2024-11,181.224,0.0,water-level-altimetry,DAHITI,6
210,"Nasser, Lake",22.4398,31.7697,2024-11-29T19:34:35Z,2024-11,180.633,0.002,water-level-altimetry,DAHITI,6
210,"Nasser, Lake",22.4398,31.7697,2024-12-03T08:23:19Z,2024-12,181.467,0.001,water-level-altimetry,DAHITI,3
210,"Nasser, Lake",22.4398,31.7697,2024-12-13T06:21:49Z,2024-12,181.421,0.004,water-level-altimetry,DAHITI,3
210,"Nasser, Lake",22.4398,31.7697,2024-12-26T19:34:34Z,2024-12,180.625,0.002,water-level-altimetry,DAHITI,3
210,"Nasser, Lake",22.4398,31.7697,2025-01-12T00:17:25Z,2025-01,180.881,0.053,water-level-altimetry,DAHITI,4
210,"Nasser, Lake",22.4398,31.7697,2025-01-18T19:38:15Z,2025-01,181.013,0.001,water-level-altimetry,DAHITI,4
210,"Nasser, Lake",22.4398,31.7697,2025-01-21T22:15:58Z,2025-01,180.997,0.011,water-level-altimetry,DAHITI,4
210,"Nasser, Lake",22.4398,31.7697,2025-01-22T19:34:39Z,2025-01,180.34,0.002,water-level-altimetry,DAHITI,4
210,"Nasser, Lake",22.4398,31.7697,2025-02-10T18:13:01Z,2025-02,180.558,0.01,water-level-altimetry,DAHITI,2
210,"Nasser, Lake",22.4398,31.7697,2025-02-14T19:38:17Z,2025-02,180.685,0.001,water-level-altimetry,DAHITI,2
210,"Nasser, Lake",22.4398,31.7697,2025-03-02T14:10:03Z,2025-03,180.101,0.004,water-level-altimetry,DAHITI,3
210,"Nasser, Lake",22.4398,31.7697,2025-03-12T12:08:34Z,2025-03,179.961,0.001,water-level-altimetry,DAHITI,3
210,"Nasser, Lake",22.4398,31.7697,2025-03-13T19:38:12Z,2025-03,179.944,0.001,water-level-altimetry,DAHITI,3
210,"Nasser, Lake",22.4398,31.7697,2025-04-01T08:05:38Z,2025-04,179.93,0.001,water-level-altimetry,DAHITI,4
210,"Nasser, Lake",22.4398,31.7697,2025-04-09T19:38:18Z,2025-04,179.654,0.003,water-level-altimetry,DAHITI,4
210,"Nasser, Lake",22.4398,31.7697,2025-04-11T06:04:11Z,2025-04,179.807,0.0,water-level-altimetry,DAHITI,4
210,"Nasser, Lake",22.4398,31.7697,2025-04-21T04:02:43Z,2025-04,179.828,0.0,water-level-altimetry,DAHITI,4
210,"Nasser, Lake",22.4398,31.7697,2025-05-01T02:01:15Z,2025-05,179.575,0.003,water-level-altimetry,DAHITI,4
210,"Nasser, Lake",22.4398,31.7697,2025-05-06T19:38:21Z,2025-05,179.497,0.002,water-level-altimetry,DAHITI,4
210,"Nasser, Lake",22.4398,31.7697,2025-05-20T21:58:17Z,2025-05,179.59,0.003,water-level-altimetry,DAHITI,4
210,"Nasser, Lake",22.4398,31.7697,2025-05-30T19:56:48Z,2025-05,179.672,0.0,water-level-altimetry,DAHITI,4
210,"Nasser, Lake",22.4398,31.7697,2025-06-02T19:38:22Z,2025-06,179.619,0.003,water-level-altimetry,DAHITI,3
210,"Nasser, Lake",22.4398,31.7697,2025-06-09T17:55:19Z,2025-06,179.568,0.0,water-level-altimetry,DAHITI,3
210,"Nasser, Lake",22.4398,31.7697,2025-06-19T15:53:50Z,2025-06,179.438,0.002,water-level-altimetry,DAHITI,3
210,"Nasser, Lake",22.4398,31.7697,2025-07-09T11:50:54Z,2025-07,179.056,0.0,water-level-altimetry,DAHITI,3
210,"Nasser, Lake",22.4398,31.7697,2025-07-19T09:49:26Z,2025-07,178.867,0.001,water-level-altimetry,DAHITI,3
210,"Nasser, Lake",22.4398,31.7697,2025-07-29T07:47:58Z,2025-07,178.917,0.0,water-level-altimetry,DAHITI,3
210,"Nasser, Lake",22.4398,31.7697,2025-08-18T03:45:02Z,2025-08,178.775,0.001,water-level-altimetry,DAHITI,3
210,"Nasser, Lake",22.4398,31.7697,2025-08-22T19:38:19Z,2025-08,178.735,0.001,water-level-altimetry,DAHITI,3
210,"Nasser, Lake",22.4398,31.7697,2025-08-28T01:43:34Z,2025-08,178.876,0.002,water-level-altimetry,DAHITI,3
210,"Nasser, Lake",22.4398,31.7697,2025-09-06T23:42:05Z,2025-09,179.421,0.007,water-level-altimetry,DAHITI,4
210,"Nasser, Lake",22.4398,31.7697,2025-09-16T21:40:36Z,2025-09,179.617,0.003,water-level-altimetry,DAHITI,4
210,"Nasser, Lake",22.4398,31.7697,2025-09-18T19:38:18Z,2025-09,179.763,0.001,water-level-altimetry,DAHITI,4
210,"Nasser, Lake",22.4398,31.7697,2025-09-26T19:39:08Z,2025-09,179.97,0.0,water-level-altimetry,DAHITI,4
210,"Nasser, Lake",22.4398,31.7697,2025-10-06T17:37:38Z,2025-10,180.694,0.002,water-level-altimetry,DAHITI,4
210,"Nasser, Lake",22.4398,31.7697,2025-10-15T19:38:21Z,2025-10,181.037,0.002,water-level-altimetry,DAHITI,4
210,"Nasser, Lake",22.4398,31.7697,2025-10-16T15:36:10Z,2025-10,181.205,0.001,water-level-altimetry,DAHITI,4
210,"Nasser, Lake",22.4398,31.7697,2025-10-26T13:34:42Z,2025-10,181.527,0.0,water-level-altimetry,DAHITI,4
210,"Nasser, Lake",22.4398,31.7697,2025-11-05T11:33:15Z,2025-11,181.575,0.01,water-level-altimetry,DAHITI,4
210,"Nasser, Lake",22.4398,31.7697,2025-11-11T19:38:20Z,2025-11,181.617,0.004,water-level-altimetry,DAHITI,4
210,"Nasser, Lake",22.4398,31.7697,2025-11-15T19:34:44Z,2025-11,181.178,0.005,water-level-altimetry,DAHITI,4
210,"Nasser, Lake",22.4398,31.7697,2025-11-25T07:30:19Z,2025-11,181.675,0.001,water-level-altimetry,DAHITI,4
210,"Nasser, Lake",22.4398,31.7697,2025-12-05T05:28:50Z,2025-12,181.181,0.047,water-level-altimetry,DAHITI,5
210,"Nasser, Lake",22.4398,31.7697,2025-12-08T19:38:17Z,2025-12,181.269,0.004,water-level-altimetry,DAHITI,5
210,"Nasser, Lake",22.4398,31.7697,2025-12-12T19:34:40Z,2025-12,180.64,0.001,water-level-altimetry,DAHITI,5
210,"Nasser, Lake",22.4398,31.7697,2025-12-15T03:27:22Z,2025-12,181.001,0.009,water-level-altimetry,DAHITI,5
210,"Nasser, Lake",22.4398,31.7697,2025-12-25T01:25:53Z,2025-12,180.941,0.029,water-level-altimetry,DAHITI,5
210,"Nasser, Lake",22.4398,31.7697,2026-01-03T23:24:23Z,2026-01,180.748,0.015,water-level-altimetry,DAHITI,5
210,"Nasser, Lake",22.4398,31.7697,2026-01-04T19:38:19Z,2026-01,180.778,0.001,water-level-altimetry,DAHITI,5
210,"Nasser, Lake",22.4398,31.7697,2026-01-13T21:22:55Z,2026-01,180.789,0.007,water-level-altimetry,DAHITI,5
210,"Nasser, Lake",22.4398,31.7697,2026-01-23T19:21:28Z,2026-01,180.815,0.0,water-level-altimetry,DAHITI,5
210,"Nasser, Lake",22.4398,31.7697,2026-01-31T19:38:21Z,2026-01,180.734,0.002,water-level-altimetry,DAHITI,5
210,"Nasser, Lake",22.4398,31.7697,2026-02-22T13:17:03Z,2026-02,180.757,0.001,water-level-altimetry,DAHITI,2
210,"Nasser, Lake",22.4398,31.7697,2026-02-27T19:38:24Z,2026-02,180.641,0.001,water-level-altimetry,DAHITI,2
210,"Nasser, Lake",22.4398,31.7697,2026-03-04T11:15:35Z,2026-03,180.588,0.001,water-level-altimetry,DAHITI,3
210,"Nasser, Lake",22.4398,31.7697,2026-03-14T09:14:07Z,2026-03,180.66,0.0,water-level-altimetry,DAHITI,3
210,"Nasser, Lake",22.4398,31.7697,2026-03-26T19:38:25Z,2026-03,180.383,0.002,water-level-altimetry,DAHITI,3
210,"Nasser, Lake",22.4398,31.7697,2026-04-03T05:11:10Z,2026-04,180.535,0.0,water-level-altimetry,DAHITI,4
210,"Nasser, Lake",22.4398,31.7697,2026-04-13T03:09:41Z,2026-04,180.595,0.0,water-level-altimetry,DAHITI,4
210,"Nasser, Lake",22.4398,31.7697,2026-04-22T19:38:28Z,2026-04,180.264,0.002,water-level-altimetry,DAHITI,4
210,"Nasser, Lake",22.4398,31.7697,2026-04-23T01:08:13Z,2026-04,180.254,0.006,water-level-altimetry,DAHITI,4
210,"Nasser, Lake",22.4398,31.7697,2026-05-02T23:06:44Z,2026-05,180.304,0.0,water-level-altimetry,DAHITI,4
210,"Nasser, Lake",22.4398,31.7697,2026-05-12T21:05:14Z,2026-05,180.179,0.001,water-level-altimetry,DAHITI,4
210,"Nasser, Lake",22.4398,31.7697,2026-05-19T19:38:29Z,2026-05,180.138,0.0,water-level-altimetry,DAHITI,4
210,"Nasser, Lake",22.4398,31.7697,2026-05-22T19:03:45Z,2026-05,180.158,0.003,water-level-altimetry,DAHITI,4
210,"Nasser, Lake",22.4398,31.7697,2026-06-01T17:02:17Z,2026-06,180.015,0.004,water-level-altimetry,DAHITI,4
210,"Nasser, Lake",22.4398,31.7697,2026-06-11T15:00:49Z,2026-06,179.945,0.001,water-level-altimetry,DAHITI,4
210,"Nasser, Lake",22.4398,31.7697,2026-06-15T19:38:28Z,2026-06,179.767,0.0,water-level-altimetry,DAHITI,4
210,"Nasser, Lake",22.4398,31.7697,2026-06-21T12:59:21Z,2026-06,179.835,0.0,water-level-altimetry,DAHITI,4
210,"Nasser, Lake",22.4398,31.7697,2026-07-01T10:57:52Z,2026-07,179.637,0.007,water-level-altimetry,DAHITI,3
210,"Nasser, Lake",22.4398,31.7697,2026-07-11T08:56:24Z,2026-07,179.348,0.007,water-level-altimetry,DAHITI,3
210,"Nasser, Lake",22.4398,31.7697,2026-07-12T19:38:29Z,2026-07,179.187,0.0,water-level-altimetry,DAHITI,3
210,"Nasser, Lake",22.4398,31.7697,2026-08-08T19:38:27Z,2026-08,178.749,0.0,water-level-altimetry,DAHITI,2
210,"Nasser, Lake",22.4398,31.7697,2026-08-12T19:34:50Z,2026-08,178.142,0.007,water-level-altimetry,DAHITI,2
950,"Nile, River",26.197,32.0797,2002-07-21T08:08:41Z,2002-07,63.028,0.492,water-level-altimetry,DAHITI,1
950,"Nile, River",26.197,32.0797,2002-09-29T08:08:39Z,2002-09,59.286,0.207,water-level-altimetry,DAHITI,1
950,"Nile, River",26.197,32.0797,2002-11-03T08:08:40Z,2002-11,60.547,0.331,water-level-altimetry,DAHITI,1
950,"Nile, River",26.197,32.0797,2002-12-08T08:08:38Z,2002-12,60.049,0.146,water-level-altimetry,DAHITI,1
950,"Nile, River",26.197,32.0797,2003-01-12T08:08:36Z,2003-01,59.618,1.333,water-level-altimetry,DAHITI,1
950,"Nile, River",26.197,32.0797,2003-02-16T08:08:35Z,2003-02,61.18,0.306,water-level-altimetry,DAHITI,1
950,"Nile, River",26.197,32.0797,2003-06-01T08:08:37Z,2003-06,62.857,0.254,water-level-altimetry,DAHITI,1
950,"Nile, River",26.197,32.0797,2003-07-06T08:08:43Z,2003-07,62.004,1.053,water-level-altimetry,DAHITI,1
950,"Nile, River",26.197,32.0797,2003-09-14T08:08:50Z,2003-09,61.663,0.234,water-level-altimetry,DAHITI,1
950,"Nile, River",26.197,32.0797,2003-10-19T08:08:45Z,2003-10,60.213,0.036,water-level-altimetry,DAHITI,1
950,"Nile, River",26.197,32.0797,2003-11-23T08:08:45Z,2003-11,60.725,0.426,water-level-altimetry,DAHITI,1
950,"Nile, River",26.197,32.0797,2003-12-28T08:08:47Z,2003-12,59.311,0.036,water-level-altimetry,DAHITI,1
950,"Nile, River",26.197,32.0797,2004-02-01T08:08:43Z,2004-02,59.571,0.015,water-level-altimetry,DAHITI,1
950,"Nile, River",26.197,32.0797,2004-03-07T08:08:45Z,2004-03,60.842,0.036,water-level-altimetry,DAHITI,1
950,"Nile, River",26.197,32.0797,2004-04-11T08:08:43Z,2004-04,61.002,0.083,water-level-altimetry,DAHITI,1
950,"Nile, River",26.197,32.0797,2004-05-16T08:08:46Z,2004-05,61.634,0.16,water-level-altimetry,DAHITI,1
950,"Nile, River",26.197,32.0797,2004-06-20T08:08:48Z,2004-06,63.392,0.268,water-level-altimetry,DAHITI,1
950,"Nile, River",26.197,32.0797,2004-07-25T08:08:50Z,2004-07,63.056,0.092,water-level-altimetry,DAHITI,1
950,"Nile, River",26.197,32.0797,2004-08-29T08:08:47Z,2004-08,62.174,0.411,water-level-altimetry,DAHITI,1
950,"Nile, River",26.197,32.0797,2004-10-03T08:08:46Z,2004-10,60.119,0.657,water-level-altimetry,DAHITI,1
950,"Nile, River",26.197,32.0797,2004-12-12T08:08:44Z,2004-12,60.008,0.17,water-level-altimetry,DAHITI,1
950,"Nile, River",26.197,32.0797,2005-01-16T08:08:42Z,2005-01,58.877,0.193,water-level-altimetry,DAHITI,1
950,"Nile, River",26.197,32.0797,2005-02-20T08:08:43Z,2005-02,60.864,1.715,water-level-altimetry,DAHITI,1
950,"Nile, River",26.197,32.0797,2005-03-27T08:08:43Z,2005-03,61.372,2.196,water-level-altimetry,DAHITI,1
950,"Nile, River",26.197,32.0797,2005-05-01T08:08:51Z,2005-05,61.372,0.011,water-level-altimetry,DAHITI,1
950,"Nile, River",26.197,32.0797,2005-06-05T08:08:49Z,2005-06,62.781,1.066,water-level-altimetry,DAHITI,1
950,"Nile, River",26.197,32.0797,2005-07-10T08:08:52Z,2005-07,62.918,0.259,water-level-altimetry,DAHITI,1
950,"Nile, River",26.197,32.0797,2005-08-14T08:08:46Z,2005-08,62.789,0.338,water-level-altimetry,DAHITI,1
950,"Nile, River",26.197,32.0797,2005-09-18T08:08:46Z,2005-09,60.966,0.113,water-level-altimetry,DAHITI,1
950,"Nile, River",26.197,32.0797,2005-10-23T08:08:48Z,2005-10,60.409,0.059,water-level-altimetry,DAHITI,1
950,"Nile, River",26.197,32.0797,2005-11-27T08:08:43Z,2005-11,59.039,0.033,water-level-altimetry,DAHITI,1
950,"Nile, River",26.197,32.0797,2006-01-01T08:08:36Z,2006-01,59.151,0.031,water-level-altimetry,DAHITI,1
950,"Nile, River",26.197,32.0797,2006-02-05T08:08:36Z,2006-02,59.943,1.595,water-level-altimetry,DAHITI,1
950,"Nile, River",26.197,32.0797,2006-03-12T08:08:35Z,2006-03,61.695,0.044,water-level-altimetry,DAHITI,1
950,"Nile, River",26.197,32.0797,2006-04-16T08:08:38Z,2006-04,60.819,0.018,water-level-altimetry,DAHITI,1
950,"Nile, River",26.197,32.0797,2006-05-21T08:08:41Z,2006-05,61.76,0.102,water-level-altimetry,DAHITI,1
950,"Nile, River",26.197,32.0797,2006-06-25T08:08:45Z,2006-06,63.607,0.097,water-level-altimetry,DAHITI,1
950,"Nile, River",26.197,32.0797,2006-07-30T08:08:47Z,2006-07,62.473,0.023,water-level-altimetry,DAHITI,1
950,"Nile, River",26.197,32.0797,2006-09-03T08:08:42Z,2006-09,61.839,0.059,water-level-altimetry,DAHITI,1
950,"Nile, River",26.197,32.0797,2006-10-08T08:08:44Z,2006-10,60.717,2.0,water-level-altimetry,DAHITI,1
950,"Nile, River",26.197,32.0797,2006-11-12T08:08:44Z,2006-11,60.922,1.575,water-level-altimetry,DAHITI,1
950,"Nile, River",26.197,32.0797,2006-12-17T08:08:43Z,2006-12,59.88,0.122,water-level-altimetry,DAHITI,1
950,"Nile, River",26.197,32.0797,2007-01-21T08:08:37Z,2007-01,60.357,0.545,water-level-altimetry,DAHITI,1
950,"Nile, River",26.197,32.0797,2007-02-25T08:08:40Z,2007-02,61.553,0.229,water-level-altimetry,DAHITI,1
950,"Nile, River",26.197,32.0797,2007-04-01T08:08:37Z,2007-04,61.127,0.001,water-level-altimetry,DAHITI,1
950,"Nile, River",26.197,32.0797,2007-05-06T08:08:41Z,2007-05,61.757,0.331,water-level-altimetry,DAHITI,1
950,"Nile, River",26.197,32.0797,2007-06-10T08:08:43Z,2007-06,62.261,0.014,water-level-altimetry,DAHITI,1
950,"Nile, River",26.197,32.0797,2007-07-15T08:08:43Z,2007-07,63.0,0.118,water-level-altimetry,DAHITI,1
950,"Nile, River",26.197,32.0797,2007-08-19T08:08:42Z,2007-08,62.141,0.33,water-level-altimetry,DAHITI,1
950,"Nile, River",26.197,32.0797,2007-09-23T08:08:37Z,2007-09,62.347,0.196,water-level-altimetry,DAHITI,1
950,"Nile, River",26.197,32.0797,2007-10-28T08:08:37Z,2007-10,62.524,0.136,water-level-altimetry,DAHITI,1
950,"Nile, River",26.197,32.0797,2007-12-02T08:08:34Z,2007-12,61.247,0.205,water-level-altimetry,DAHITI,1
950,"Nile, River",26.197,32.0797,2008-01-06T08:08:36Z,2008-01,59.951,0.201,water-level-altimetry,DAHITI,1
950,"Nile, River",26.197,32.0797,2008-02-10T08:08:35Z,2008-02,60.57,0.032,water-level-altimetry,DAHITI,1
950,"Nile, River",26.197,32.0797,2008-03-16T08:08:37Z,2008-03,61.001,0.158,water-level-altimetry,DAHITI,1
950,"Nile, River",26.197,32.0797,2008-04-20T08:08:35Z,2008-04,62.152,0.237,water-level-altimetry,DAHITI,1
950,"Nile, River",26.197,32.0797,2008-05-25T08:08:36Z,2008-05,62.539,0.135,water-level-altimetry,DAHITI,1
950,"Nile, River",26.197,32.0797,2008-08-03T08:08:37Z,2008-08,62.695,0.387,water-level-altimetry,DAHITI,1
950,"Nile, River",26.197,32.0797,2008-09-07T08:08:33Z,2008-09,62.588,0.004,water-level-altimetry,DAHITI,1
950,"Nile, River",26.197,32.0797,2008-10-12T08:08:35Z,2008-10,60.974,0.27,water-level-altimetry,DAHITI,1
950,"Nile, River",26.197,32.0797,2008-11-16T08:08:32Z,2008-11,60.816,0.11,water-level-altimetry,DAHITI,1
950,"Nile, River",26.197,32.0797,2008-12-21T08:08:34Z,2008-12,60.096,0.228,water-level-altimetry,DAHITI,1
950,"Nile, River",26.197,32.0797,2009-01-25T08:08:32Z,2009-01,60.064,0.342,water-level-altimetry,DAHITI,1
950,"Nile, River",26.197,32.0797,2009-03-01T08:08:34Z,2009-03,61.473,0.277,water-level-altimetry,DAHITI,1
950,"Nile, River",26.197,32.0797,2009-04-05T08:08:31Z,2009-04,61.287,0.05,water-level-altimetry,DAHITI,1
950,"Nile, River",26.197,32.0797,2009-05-10T08:08:34Z,2009-05,62.193,0.637,water-level-altimetry,DAHITI,1
950,"Nile, River",26.197,32.0797,2009-06-14T08:08:36Z,2009-06,62.825,0.022,water-level-altimetry,DAHITI,1
950,"Nile, River",26.197,32.0797,2009-07-19T08:08:35Z,2009-07,62.28,0.541,water-level-altimetry,DAHITI,1
950,"Nile, River",26.197,32.0797,2009-08-23T08:08:34Z,2009-08,61.978,0.002,water-level-altimetry,DAHITI,1
950,"Nile, River",26.197,32.0797,2009-09-27T08:08:29Z,2009-09,60.326,0.272,water-level-altimetry,DAHITI,1
950,"Nile, River",26.197,32.0797,2009-11-01T08:08:30Z,2009-11,60.796,0.065,water-level-altimetry,DAHITI,1
950,"Nile, River",26.197,32.0797,2009-12-06T08:08:26Z,2009-12,59.808,0.289,water-level-altimetry,DAHITI,1
950,"Nile, River",26.197,32.0797,2010-01-10T08:08:29Z,2010-01,60.364,0.449,water-level-altimetry,DAHITI,1
950,"Nile, River",26.197,32.0797,2010-02-14T08:08:27Z,2010-02,60.48,0.278,water-level-altimetry,DAHITI,1
950,"Nile, River",26.197,32.0797,2010-03-21T08:08:29Z,2010-03,60.548,0.088,water-level-altimetry,DAHITI,1
950,"Nile, River",26.197,32.0797,2010-04-25T08:08:26Z,2010-04,61.107,0.027,water-level-altimetry,DAHITI,1
950,"Nile, River",26.197,32.0797,2010-05-30T08:08:26Z,2010-05,62.669,0.173,water-level-altimetry,DAHITI,1
950,"Nile, River",26.197,32.0797,2010-07-04T08:08:25Z,2010-07,62.265,0.034,water-level-altimetry,DAHITI,1
950,"Nile, River",26.197,32.0797,2010-08-08T08:08:28Z,2010-08,61.897,0.094,water-level-altimetry,DAHITI,1
950,"Nile, River",26.197,32.0797,2010-09-12T08:08:26Z,2010-09,61.227,0.097,water-level-altimetry,DAHITI,1
950,"Nile, River",26.197,32.0797,2010-10-17T08:08:20Z,2010-10,60.857,0.039,water-level-altimetry,DAHITI,1
950,"Nile, River",26.197,32.0797,2013-04-16T16:13:27Z,2013-04,59.815,0.014,water-level-altimetry,DAHITI,1
950,"Nile, River",26.197,32.0797,2013-05-21T16:13:07Z,2013-05,60.664,0.017,water-level-altimetry,DAHITI,1
950,"Nile, River",26.197,32.0797,2013-07-30T16:12:25Z,2013-07,61.258,0.025,water-level-altimetry,DAHITI,1
950,"Nile, River",26.197,32.0797,2013-10-08T16:12:46Z,2013-10,59.2,0.02,water-level-altimetry,DAHITI,1
950,"Nile, River",26.197,32.0797,2013-11-12T16:12:48Z,2013-11,59.298,0.003,water-level-altimetry,DAHITI,1
950,"Nile, River",26.197,32.0797,2013-12-17T16:12:45Z,2013-12,58.512,0.164,water-level-altimetry,DAHITI,1
950,"Nile, River",26.197,32.0797,2014-01-21T16:12:43Z,2014-01,58.776,0.011,water-level-altimetry,DAHITI,1
950,"Nile, River",26.197,32.0797,2014-02-25T16:12:42Z,2014-02,59.466,0.008,water-level-altimetry,DAHITI,1
950,"Nile, River",26.197,32.0797,2014-04-01T16:12:40Z,2014-04,59.65,0.052,water-level-altimetry,DAHITI,1
950,"Nile, River",26.197,32.0797,2014-05-06T16:12:38Z,2014-05,60.364,0.006,water-level-altimetry,DAHITI,1
950,"Nile, River",26.197,32.0797,2014-06-10T16:12:37Z,2014-06,61.501,0.001,water-level-altimetry,DAHITI,1
950,"Nile, River",26.197,32.0797,2014-07-15T16:12:31Z,2014-07,61.174,0.022,water-level-altimetry,DAHITI,1
950,"Nile, River",26.197,32.0797,2014-08-19T16:12:27Z,2014-08,60.742,0.013,water-level-altimetry,DAHITI,1
950,"Nile, River",26.197,32.0797,2014-09-23T16:12:26Z,2014-09,59.353,0.051,water-level-altimetry,DAHITI,1
950,"Nile, River",26.197,32.0797,2014-12-02T16:12:20Z,2014-12,58.657,0.038,water-level-altimetry,DAHITI,1
950,"Nile, River",26.197,32.0797,2015-01-06T16:12:17Z,2015-01,58.578,0.0,water-level-altimetry,DAHITI,1
950,"Nile, River",26.197,32.0797,2015-02-10T16:12:15Z,2015-02,58.941,0.009,water-level-altimetry,DAHITI,1
950,"Nile, River",26.197,32.0797,2015-03-17T16:12:13Z,2015-03,59.656,0.028,water-level-altimetry,DAHITI,1
950,"Nile, River",26.197,32.0797,2015-08-04T16:11:52Z,2015-08,61.508,0.04,water-level-altimetry,DAHITI,1
950,"Nile, River",26.197,32.0797,2015-09-08T16:11:49Z,2015-09,59.575,0.019,water-level-altimetry,DAHITI,1
950,"Nile, River",26.197,32.0797,2015-10-13T16:11:44Z,2015-10,59.966,0.018,water-level-altimetry,DAHITI,1
950,"Nile, River",26.197,32.0797,2015-11-17T16:11:43Z,2015-11,58.582,0.018,water-level-altimetry,DAHITI,1
950,"Nile, River",26.197,32.0797,2015-12-22T16:11:31Z,2015-12,58.614,0.043,water-level-altimetry,DAHITI,1
950,"Nile, River",26.197,32.0797,2016-01-26T16:11:25Z,2016-01,59.144,0.007,water-level-altimetry,DAHITI,1
950,"Nile, River",26.197,32.0797,2016-03-01T16:11:22Z,2016-03,59.801,0.005,water-level-altimetry,DAHITI,1
950,"Nile, River",26.197,32.0797,2016-05-10T16:11:08Z,2016-05,60.761,0.119,water-level-altimetry,DAHITI,1
8972,"Unnamed, River",31.0543,30.4622,2008-07-15T06:48:29Z,2008-07,4.454,0.291,water-level-altimetry,DAHITI,2
8972,"Unnamed, River",31.0543,30.4622,2008-07-25T04:47:01Z,2008-07,4.058,0.021,water-level-altimetry,DAHITI,2
8972,"Unnamed, River",31.0543,30.4622,2008-08-04T02:45:32Z,2008-08,3.921,0.018,water-level-altimetry,DAHITI,3
8972,"Unnamed, River",31.0543,30.4622,2008-08-14T00:44:04Z,2008-08,3.84,0.054,water-level-altimetry,DAHITI,3
8972,"Unnamed, River",31.0543,30.4622,2008-08-23T22:42:35Z,2008-08,4.101,0.09,water-level-altimetry,DAHITI,3
8972,"Unnamed, River",31.0543,30.4622,2008-09-02T20:41:07Z,2008-09,3.92,0.001,water-level-altimetry,DAHITI,3
8972,"Unnamed, River",31.0543,30.4622,2008-09-12T18:39:39Z,2008-09,3.899,0.0,water-level-altimetry,DAHITI,3
8972,"Unnamed, River",31.0543,30.4622,2008-09-22T16:38:11Z,2008-09,3.844,0.016,water-level-altimetry,DAHITI,3
8972,"Unnamed, River",31.0543,30.4622,2008-10-02T14:36:43Z,2008-10,3.586,0.006,water-level-altimetry,DAHITI,3
8972,"Unnamed, River",31.0543,30.4622,2008-10-12T12:35:15Z,2008-10,3.675,0.013,water-level-altimetry,DAHITI,3
8972,"Unnamed, River",31.0543,30.4622,2008-10-22T10:33:47Z,2008-10,3.561,0.342,water-level-altimetry,DAHITI,3
8972,"Unnamed, River",31.0543,30.4622,2008-11-01T08:32:19Z,2008-11,3.483,0.125,water-level-altimetry,DAHITI,2
8972,"Unnamed, River",31.0543,30.4622,2008-11-11T06:30:50Z,2008-11,3.653,0.059,water-level-altimetry,DAHITI,2
8972,"Unnamed, River",31.0543,30.4622,2008-12-01T02:27:53Z,2008-12,3.716,0.023,water-level-altimetry,DAHITI,3
8972,"Unnamed, River",31.0543,30.4622,2008-12-11T00:26:24Z,2008-12,3.453,0.003,water-level-altimetry,DAHITI,3
8972,"Unnamed, River",31.0543,30.4622,2008-12-20T22:24:55Z,2008-12,3.514,0.011,water-level-altimetry,DAHITI,3
8972,"Unnamed, River",31.0543,30.4622,2009-01-09T18:21:58Z,2009-01,3.448,0.222,water-level-altimetry,DAHITI,3
8972,"Unnamed, River",31.0543,30.4622,2009-01-19T16:20:30Z,2009-01,3.33,0.167,water-level-altimetry,DAHITI,3
8972,"Unnamed, River",31.0543,30.4622,2009-01-29T14:19:02Z,2009-01,3.49,0.003,water-level-altimetry,DAHITI,3
8972,"Unnamed, River",31.0543,30.4622,2009-02-08T12:17:35Z,2009-02,3.201,0.005,water-level-altimetry,DAHITI,3
8972,"Unnamed, River",31.0543,30.4622,2009-02-18T10:16:06Z,2009-02,3.118,0.033,water-level-altimetry,DAHITI,3
8972,"Unnamed, River",31.0543,30.4622,2009-02-28T08:14:38Z,2009-02,3.377,0.01,water-level-altimetry,DAHITI,3
8972,"Unnamed, River",31.0543,30.4622,2009-03-10T06:13:10Z,2009-03,3.191,0.142,water-level-altimetry,DAHITI,3
8972,"Unnamed, River",31.0543,30.4622,2009-03-20T04:11:41Z,2009-03,3.825,0.061,water-level-altimetry,DAHITI,3
8972,"Unnamed, River",31.0543,30.4622,2009-03-30T02:10:12Z,2009-03,3.618,0.008,water-level-altimetry,DAHITI,3
8972,"Unnamed, River",31.0543,30.4622,2009-04-09T00:08:43Z,2009-04,3.9,0.019,water-level-altimetry,DAHITI,3
8972,"Unnamed, River",31.0543,30.4622,2009-04-18T22:07:14Z,2009-04,3.785,0.003,water-level-altimetry,DAHITI,3
8972,"Unnamed, River",31.0543,30.4622,2009-04-28T20:05:45Z,2009-04,3.647,0.007,water-level-altimetry,DAHITI,3
8972,"Unnamed, River",31.0543,30.4622,2009-05-08T18:04:16Z,2009-05,3.753,0.003,water-level-altimetry,DAHITI,3
8972,"Unnamed, River",31.0543,30.4622,2009-05-18T16:02:48Z,2009-05,3.763,0.018,water-level-altimetry,DAHITI,3
8972,"Unnamed, River",31.0543,30.4622,2009-05-28T14:01:20Z,2009-05,3.942,0.004,water-level-altimetry,DAHITI,3
8972,"Unnamed, River",31.0543,30.4622,2009-06-07T11:59:52Z,2009-06,3.729,0.04,water-level-altimetry,DAHITI,3
8972,"Unnamed, River",31.0543,30.4622,2009-06-17T09:58:24Z,2009-06,3.884,0.011,water-level-altimetry,DAHITI,3
8972,"Unnamed, River",31.0543,30.4622,2009-06-27T07:56:55Z,2009-06,3.928,0.01,water-level-altimetry,DAHITI,3
8972,"Unnamed, River",31.0543,30.4622,2009-07-07T05:55:27Z,2009-07,3.911,0.079,water-level-altimetry,DAHITI,2
8972,"Unnamed, River",31.0543,30.4622,2009-07-17T03:53:59Z,2009-07,3.798,0.027,water-level-altimetry,DAHITI,2
8972,"Unnamed, River",31.0543,30.4622,2009-08-05T23:51:01Z,2009-08,3.661,0.007,water-level-altimetry,DAHITI,3
8972,"Unnamed, River",31.0543,30.4622,2009-08-15T21:49:32Z,2009-08,3.984,0.018,water-level-altimetry,DAHITI,3
8972,"Unnamed, River",31.0543,30.4622,2009-08-25T19:48:04Z,2009-08,3.966,0.018,water-level-altimetry,DAHITI,3
8972,"Unnamed, River",31.0543,30.4622,2009-09-04T17:46:36Z,2009-09,4.153,0.142,water-level-altimetry,DAHITI,3
8972,"Unnamed, River",31.0543,30.4622,2009-09-14T15:45:08Z,2009-09,3.924,0.086,water-level-altimetry,DAHITI,3
8972,"Unnamed, River",31.0543,30.4622,2009-09-24T13:43:40Z,2009-09,3.595,0.021,water-level-altimetry,DAHITI,3
8972,"Unnamed, River",31.0543,30.4622,2009-10-04T11:42:11Z,2009-10,3.35,0.123,water-level-altimetry,DAHITI,3
8972,"Unnamed, River",31.0543,30.4622,2009-10-14T09:40:43Z,2009-10,3.809,0.004,water-level-altimetry,DAHITI,3
8972,"Unnamed, River",31.0543,30.4622,2009-10-24T07:39:15Z,2009-10,4.033,0.009,water-level-altimetry,DAHITI,3
8972,"Unnamed, River",31.0543,30.4622,2009-11-03T05:37:46Z,2009-11,3.779,0.023,water-level-altimetry,DAHITI,3
8972,"Unnamed, River",31.0543,30.4622,2009-11-13T03:36:17Z,2009-11,3.199,0.026,water-level-altimetry,DAHITI,3
8972,"Unnamed, River",31.0543,30.4622,2009-11-23T01:34:48Z,2009-11,3.487,0.027,water-level-altimetry,DAHITI,3
8972,"Unnamed, River",31.0543,30.4622,2009-12-02T23:33:19Z,2009-12,3.121,0.034,water-level-altimetry,DAHITI,3
8972,"Unnamed, River",31.0543,30.4622,2009-12-12T21:31:51Z,2009-12,3.053,0.059,water-level-altimetry,DAHITI,3
8972,"Unnamed, River",31.0543,30.4622,2009-12-22T19:30:22Z,2009-12,3.369,0.109,water-level-altimetry,DAHITI,3
8972,"Unnamed, River",31.0543,30.4622,2010-01-01T17:28:54Z,2010-01,2.812,0.086,water-level-altimetry,DAHITI,4
8972,"Unnamed, River",31.0543,30.4622,2010-01-11T15:27:26Z,2010-01,3.386,0.024,water-level-altimetry,DAHITI,4
8972,"Unnamed, River",31.0543,30.4622,2010-01-21T13:25:59Z,2010-01,3.259,0.007,water-level-altimetry,DAHITI,4
8972,"Unnamed, River",31.0543,30.4622,2010-01-31T11:24:31Z,2010-01,3.158,0.04,water-level-altimetry,DAHITI,4
8972,"Unnamed, River",31.0543,30.4622,2010-02-10T09:23:02Z,2010-02,3.098,0.021,water-level-altimetry,DAHITI,2
8972,"Unnamed, River",31.0543,30.4622,2010-02-20T07:21:34Z,2010-02,3.177,0.043,water-level-altimetry,DAHITI,2
8972,"Unnamed, River",31.0543,30.4622,2010-03-02T05:20:05Z,2010-03,3.141,0.023,water-level-altimetry,DAHITI,4
8972,"Unnamed, River",31.0543,30.4622,2010-03-12T03:18:36Z,2010-03,3.569,0.095,water-level-altimetry,DAHITI,4
8972,"Unnamed, River",31.0543,30.4622,2010-03-22T01:17:08Z,2010-03,3.445,0.027,water-level-altimetry,DAHITI,4
8972,"Unnamed, River",31.0543,30.4622,2010-03-31T23:15:39Z,2010-03,3.306,0.008,water-level-altimetry,DAHITI,4
8972,"Unnamed, River",31.0543,30.4622,2010-04-10T21:14:09Z,2010-04,3.043,0.04,water-level-altimetry,DAHITI,3
8972,"Unnamed, River",31.0543,30.4622,2010-04-20T19:12:41Z,2010-04,3.33,0.018,water-level-altimetry,DAHITI,3
8972,"Unnamed, River",31.0543,30.4622,2010-04-30T17:11:13Z,2010-04,3.513,0.002,water-level-altimetry,DAHITI,3
8972,"Unnamed, River",31.0543,30.4622,2010-05-10T15:09:44Z,2010-05,3.739,0.071,water-level-altimetry,DAHITI,3
8972,"Unnamed, River",31.0543,30.4622,2010-05-20T13:08:16Z,2010-05,3.619,0.052,water-level-altimetry,DAHITI,3
8972,"Unnamed, River",31.0543,30.4622,2010-05-30T11:06:48Z,2010-05,3.429,0.059,water-level-altimetry,DAHITI,3
8972,"Unnamed, River",31.0543,30.4622,2010-06-19T07:03:51Z,2010-06,3.665,0.007,water-level-altimetry,DAHITI,1
8972,"Unnamed, River",31.0543,30.4622,2010-07-09T03:00:53Z,2010-07,3.82,0.002,water-level-altimetry,DAHITI,3
8972,"Unnamed, River",31.0543,30.4622,2010-07-19T00:59:24Z,2010-07,3.766,0.021,water-level-altimetry,DAHITI,3
8972,"Unnamed, River",31.0543,30.4622,2010-07-28T22:57:55Z,2010-07,3.937,0.043,water-level-altimetry,DAHITI,3
8972,"Unnamed, River",31.0543,30.4622,2010-08-07T20:56:28Z,2010-08,3.665,0.026,water-level-altimetry,DAHITI,3
8972,"Unnamed, River",31.0543,30.4622,2010-08-17T18:55:00Z,2010-08,3.783,0.005,water-level-altimetry,DAHITI,3
8972,"Unnamed, River",31.0543,30.4622,2010-08-27T16:53:31Z,2010-08,3.891,0.107,water-level-altimetry,DAHITI,3
8972,"Unnamed, River",31.0543,30.4622,2010-09-06T14:52:03Z,2010-09,3.554,0.015,water-level-altimetry,DAHITI,3
8972,"Unnamed, River",31.0543,30.4622,2010-09-16T12:50:35Z,2010-09,3.423,0.029,water-level-altimetry,DAHITI,3
8972,"Unnamed, River",31.0543,30.4622,2010-09-26T10:49:06Z,2010-09,3.782,0.004,water-level-altimetry,DAHITI,3
8972,"Unnamed, River",31.0543,30.4622,2010-10-06T08:47:37Z,2010-10,3.587,0.026,water-level-altimetry,DAHITI,2
8972,"Unnamed, River",31.0543,30.4622,2010-10-16T06:46:09Z,2010-10,3.307,0.017,water-level-altimetry,DAHITI,2
8972,"Unnamed, River",31.0543,30.4622,2010-11-05T02:43:10Z,2010-11,3.711,0.017,water-level-altimetry,DAHITI,3
8972,"Unnamed, River",31.0543,30.4622,2010-11-15T00:41:42Z,2010-11,3.45,0.026,water-level-altimetry,DAHITI,3
8972,"Unnamed, River",31.0543,30.4622,2010-11-24T22:40:14Z,2010-11,3.44,0.151,water-level-altimetry,DAHITI,3
8972,"Unnamed, River",31.0543,30.4622,2010-12-04T20:38:46Z,2010-12,3.407,0.06,water-level-altimetry,DAHITI,3
8972,"Unnamed, River",31.0543,30.4622,2010-12-14T18:37:18Z,2010-12,2.931,0.01,water-level-altimetry,DAHITI,3
8972,"Unnamed, River",31.0543,30.4622,2010-12-24T16:35:50Z,2010-12,3.002,0.025,water-level-altimetry,DAHITI,3
8972,"Unnamed, River",31.0543,30.4622,2011-01-03T14:34:21Z,2011-01,2.993,0.0,water-level-altimetry,DAHITI,3
8972,"Unnamed, River",31.0543,30.4622,2011-01-13T12:32:53Z,2011-01,3.357,0.036,water-level-altimetry,DAHITI,3
8972,"Unnamed, River",31.0543,30.4622,2011-01-23T10:31:24Z,2011-01,3.081,0.014,water-level-altimetry,DAHITI,3
8972,"Unnamed, River",31.0543,30.4622,2011-02-02T08:29:55Z,2011-02,3.502,0.113,water-level-altimetry,DAHITI,3
8972,"Unnamed, River",31.0543,30.4622,2011-02-12T06:28:26Z,2011-02,3.533,0.007,water-level-altimetry,DAHITI,3
8972,"Unnamed, River",31.0543,30.4622,2011-02-22T04:26:57Z,2011-02,3.219,0.001,water-level-altimetry,DAHITI,3
8972,"Unnamed, River",31.0543,30.4622,2011-03-04T02:25:28Z,2011-03,3.576,0.006,water-level-altimetry,DAHITI,3
8972,"Unnamed, River",31.0543,30.4622,2011-03-14T00:24:00Z,2011-03,3.593,0.007,water-level-altimetry,DAHITI,3
8972,"Unnamed, River",31.0543,30.4622,2011-03-23T22:22:32Z,2011-03,3.44,0.001,water-level-altimetry,DAHITI,3
8972,"Unnamed, River",31.0543,30.4622,2011-04-02T20:21:04Z,2011-04,3.49,0.032,water-level-altimetry,DAHITI,3
8972,"Unnamed, River",31.0543,30.4622,2011-04-12T18:19:36Z,2011-04,3.824,0.075,water-level-altimetry,DAHITI,3
8972,"Unnamed, River",31.0543,30.4622,2011-04-22T16:18:07Z,2011-04,3.609,0.229,water-level-altimetry,DAHITI,3
8972,"Unnamed, River",31.0543,30.4622,2011-05-02T14:16:38Z,2011-05,3.933,0.003,water-level-altimetry,DAHITI,3
8972,"Unnamed, River",31.0543,30.4622,2011-05-12T12:15:09Z,2011-05,3.988,0.003,water-level-altimetry,DAHITI,3
8972,"Unnamed, River",31.0543,30.4622,2011-05-22T10:13:40Z,2011-05,3.876,0.056,water-level-altimetry,DAHITI,3
8972,"Unnamed, River",31.0543,30.4622,2011-06-01T08:12:12Z,2011-06,4.19,0.07,water-level-altimetry,DAHITI,3
8972,"Unnamed, River",31.0543,30.4622,2011-06-11T06:10:44Z,2011-06,4.103,0.025,water-level-altimetry,DAHITI,3
8972,"Unnamed, River",31.0543,30.4622,2011-06-21T04:09:16Z,2011-06,4.057,0.018,water-level-altimetry,DAHITI,3
8972,"Unnamed, River",31.0543,30.4622,2011-07-01T02:07:48Z,2011-07,3.722,0.017,water-level-altimetry,DAHITI,3
8972,"Unnamed, River",31.0543,30.4622,2011-07-20T22:04:51Z,2011-07,3.976,0.006,water-level-altimetry,DAHITI,3
8972,"Unnamed, River",31.0543,30.4622,2011-07-30T20:03:22Z,2011-07,4.022,0.015,water-level-altimetry,DAHITI,3
8972,"Unnamed, River",31.0543,30.4622,2011-08-09T18:01:53Z,2011-08,4.003,0.05,water-level-altimetry,DAHITI,3
8972,"Unnamed, River",31.0543,30.4622,2011-08-19T16:00:24Z,2011-08,4.056,0.047,water-level-altimetry,DAHITI,3
8972,"Unnamed, River",31.0543,30.4622,2011-08-29T13:58:55Z,2011-08,3.88,0.057,water-level-altimetry,DAHITI,3
8972,"Unnamed, River",31.0543,30.4622,2011-09-08T11:57:27Z,2011-09,3.761,0.068,water-level-altimetry,DAHITI,2
8972,"Unnamed, River",31.0543,30.4622,2011-09-18T09:55:59Z,2011-09,3.968,0.054,water-level-altimetry,DAHITI,2
8972,"Unnamed, River",31.0543,30.4622,2011-10-08T05:53:02Z,2011-10,3.657,0.197,water-level-altimetry,DAHITI,3
8972,"Unnamed, River",31.0543,30.4622,2011-10-18T03:51:33Z,2011-10,3.963,0.015,water-level-altimetry,DAHITI,3
8972,"Unnamed, River",31.0543,30.4622,2011-10-28T01:50:04Z,2011-10,3.63,0.092,water-level-altimetry,DAHITI,3
8972,"Unnamed, River",31.0543,30.4622,2011-11-06T23:48:36Z,2011-11,3.536,0.011,water-level-altimetry,DAHITI,3
8972,"Unnamed, River",31.0543,30.4622,2011-11-16T21:47:08Z,2011-11,3.448,0.024,water-level-altimetry,DAHITI,3
8972,"Unnamed, River",31.0543,30.4622,2011-11-26T19:45:40Z,2011-11,3.343,0.004,water-level-altimetry,DAHITI,3
8972,"Unnamed, River",31.0543,30.4622,2011-12-06T17:44:11Z,2011-12,3.522,0.058,water-level-altimetry,DAHITI,3
8972,"Unnamed, River",31.0543,30.4622,2011-12-16T15:42:42Z,2011-12,2.951,0.002,water-level-altimetry,DAHITI,3
8972,"Unnamed, River",31.0543,30.4622,2011-12-26T13:41:14Z,2011-12,2.931,0.015,water-level-altimetry,DAHITI,3
8972,"Unnamed, River",31.0543,30.4622,2012-01-05T11:39:47Z,2012-01,3.065,0.01,water-level-altimetry,DAHITI,3
8972,"Unnamed, River",31.0543,30.4622,2012-01-15T09:38:19Z,2012-01,3.211,0.029,water-level-altimetry,DAHITI,3
8972,"Unnamed, River",31.0543,30.4622,2012-01-25T07:36:50Z,2012-01,3.256,0.007,water-level-altimetry,DAHITI,3
8972,"Unnamed, River",31.0543,30.4622,2012-02-04T05:35:21Z,2012-02,3.288,0.049,water-level-altimetry,DAHITI,3
8972,"Unnamed, River",31.0543,30.4622,2012-02-14T03:33:53Z,2012-02,2.967,0.09,water-level-altimetry,DAHITI,3
8972,"Unnamed, River",31.0543,30.4622,2012-02-24T01:32:23Z,2012-02,3.434,0.009,water-level-altimetry,DAHITI,3
8972,"Unnamed, River",31.0543,30.4622,2012-03-04T23:30:54Z,2012-03,3.438,0.045,water-level-altimetry,DAHITI,3
8972,"Unnamed, River",31.0543,30.4622,2012-03-14T21:29:26Z,2012-03,3.238,0.019,water-level-altimetry,DAHITI,3
8972,"Unnamed, River",31.0543,30.4622,2012-03-24T19:27:58Z,2012-03,3.061,0.055,water-level-altimetry,DAHITI,3
8972,"Unnamed, River",31.0543,30.4622,2012-04-03T17:26:30Z,2012-04,3.438,0.026,water-level-altimetry,DAHITI,3
8972,"Unnamed, River",31.0543,30.4622,2012-04-13T15:25:02Z,2012-04,3.378,0.129,water-level-altimetry,DAHITI,3
8972,"Unnamed, River",31.0543,30.4622,2012-04-23T13:23:33Z,2012-04,3.537,0.134,water-level-altimetry,DAHITI,3
8972,"Unnamed, River",31.0543,30.4622,2012-05-03T11:22:04Z,2012-05,3.579,0.052,water-level-altimetry,DAHITI,3
8972,"Unnamed, River",31.0543,30.4622,2012-05-13T09:20:35Z,2012-05,3.645,0.045,water-level-altimetry,DAHITI,3
8972,"Unnamed, River",31.0543,30.4622,2012-05-23T07:19:06Z,2012-05,3.914,0.009,water-level-altimetry,DAHITI,3
8972,"Unnamed, River",31.0543,30.4622,2012-06-02T05:17:39Z,2012-06,3.988,0.03,water-level-altimetry,DAHITI,3
8972,"Unnamed, River",31.0543,30.4622,2012-06-12T03:16:11Z,2012-06,3.914,0.018,water-level-altimetry,DAHITI,3
8972,"Unnamed, River",31.0543,30.4622,2012-06-22T01:14:42Z,2012-06,3.768,0.015,water-level-altimetry,DAHITI,3
8972,"Unnamed, River",31.0543,30.4622,2012-07-01T23:13:13Z,2012-07,3.936,0.053,water-level-altimetry,DAHITI,4
8972,"Unnamed, River",31.0543,30.4622,2012-07-11T21:11:44Z,2012-07,4.059,0.003,water-level-altimetry,DAHITI,4
8972,"Unnamed, River",31.0543,30.4622,2012-07-21T19:10:15Z,2012-07,4.189,0.028,water-level-altimetry,DAHITI,4
8972,"Unnamed, River",31.0543,30.4622,2012-07-31T17:08:46Z,2012-07,4.07,0.077,water-level-altimetry,DAHITI,4
8972,"Unnamed, River",31.0543,30.4622,2012-08-10T15:07:18Z,2012-08,3.949,0.078,water-level-altimetry,DAHITI,3
8972,"Unnamed, River",31.0543,30.4622,2012-08-20T13:05:50Z,2012-08,3.819,0.003,water-level-altimetry,DAHITI,3
8972,"Unnamed, River",31.0543,30.4622,2012-08-30T11:04:22Z,2012-08,3.756,0.033,water-level-altimetry,DAHITI,3
8972,"Unnamed, River",31.0543,30.4622,2012-09-19T07:01:25Z,2012-09,3.618,0.035,water-level-altimetry,DAHITI,1
8972,"Unnamed, River",31.0543,30.4622,2012-10-09T02:58:27Z,2012-10,3.597,0.004,water-level-altimetry,DAHITI,3
8972,"Unnamed, River",31.0543,30.4622,2012-10-19T00:56:58Z,2012-10,3.72,0.076,water-level-altimetry,DAHITI,3
8972,"Unnamed, River",31.0543,30.4622,2012-10-28T22:55:29Z,2012-10,3.794,0.171,water-level-altimetry,DAHITI,3
8972,"Unnamed, River",31.0543,30.4622,2012-11-07T20:54:02Z,2012-11,3.75,0.008,water-level-altimetry,DAHITI,3
8972,"Unnamed, River",31.0543,30.4622,2012-11-17T18:52:34Z,2012-11,3.421,0.142,water-level-altimetry,DAHITI,3
8972,"Unnamed, River",31.0543,30.4622,2012-11-27T16:51:06Z,2012-11,3.215,0.042,water-level-altimetry,DAHITI,3
8972,"Unnamed, River",31.0543,30.4622,2012-12-07T14:49:37Z,2012-12,3.609,0.023,water-level-altimetry,DAHITI,3
8972,"Unnamed, River",31.0543,30.4622,2012-12-17T12:48:09Z,2012-12,3.311,0.025,water-level-altimetry,DAHITI,3
8972,"Unnamed, River",31.0543,30.4622,2012-12-27T10:46:41Z,2012-12,3.258,0.021,water-level-altimetry,DAHITI,3
8972,"Unnamed, River",31.0543,30.4622,2013-01-16T06:43:45Z,2013-01,3.352,0.147,water-level-altimetry,DAHITI,2
8972,"Unnamed, River",31.0543,30.4622,2013-01-26T04:42:16Z,2013-01,3.102,0.176,water-level-altimetry,DAHITI,2
8972,"Unnamed, River",31.0543,30.4622,2013-02-05T02:40:47Z,2013-02,3.081,0.004,water-level-altimetry,DAHITI,3
8972,"Unnamed, River",31.0543,30.4622,2013-02-15T00:39:19Z,2013-02,3.314,0.032,water-level-altimetry,DAHITI,3
8972,"Unnamed, River",31.0543,30.4622,2013-02-24T22:37:50Z,2013-02,3.537,0.046,water-level-altimetry,DAHITI,3
8972,"Unnamed, River",31.0543,30.4622,2013-03-06T20:36:21Z,2013-03,3.485,0.005,water-level-altimetry,DAHITI,2
8972,"Unnamed, River",31.0543,30.4622,2013-03-16T18:34:53Z,2013-03,3.55,0.003,water-level-altimetry,DAHITI,2
8972,"Unnamed, River",31.0543,30.4622,2013-04-15T12:30:28Z,2013-04,3.452,0.071,water-level-altimetry,DAHITI,2
8972,"Unnamed, River",31.0543,30.4622,2013-04-25T10:29:00Z,2013-04,3.762,0.039,water-level-altimetry,DAHITI,2
8972,"Unnamed, River",31.0543,30.4622,2013-05-05T08:27:31Z,2013-05,3.849,0.101,water-level-altimetry,DAHITI,3
8972,"Unnamed, River",31.0543,30.4622,2013-05-15T06:26:01Z,2013-05,3.903,0.027,water-level-altimetry,DAHITI,3
8972,"Unnamed, River",31.0543,30.4622,2013-05-25T04:24:34Z,2013-05,3.884,0.02,water-level-altimetry,DAHITI,3
8972,"Unnamed, River",31.0543,30.4622,2013-06-04T02:23:06Z,2013-06,3.675,0.064,water-level-altimetry,DAHITI,3
8972,"Unnamed, River",31.0543,30.4622,2013-06-14T00:21:38Z,2013-06,3.69,0.029,water-level-altimetry,DAHITI,3
8972,"Unnamed, River",31.0543,30.4622,2013-06-23T22:20:10Z,2013-06,3.677,0.016,water-level-altimetry,DAHITI,3
8972,"Unnamed, River",31.0543,30.4622,2013-07-03T20:18:41Z,2013-07,3.902,0.087,water-level-altimetry,DAHITI,3
8972,"Unnamed, River",31.0543,30.4622,2013-07-13T18:17:12Z,2013-07,4.111,0.047,water-level-altimetry,DAHITI,3
8972,"Unnamed, River",31.0543,30.4622,2013-07-23T16:15:43Z,2013-07,3.992,0.026,water-level-altimetry,DAHITI,3
8972,"Unnamed, River",31.0543,30.4622,2013-08-02T14:14:14Z,2013-08,3.813,0.068,water-level-altimetry,DAHITI,2
8972,"Unnamed, River",31.0543,30.4622,2013-08-12T12:12:45Z,2013-08,4.083,0.023,water-level-altimetry,DAHITI,2
8972,"Unnamed, River",31.0543,30.4622,2013-09-01T08:09:50Z,2013-09,3.55,0.011,water-level-altimetry,DAHITI,2
8972,"Unnamed, River",31.0543,30.4622,2013-09-21T04:06:53Z,2013-09,3.746,0.041,water-level-altimetry,DAHITI,2
8972,"Unnamed, River",31.0543,30.4622,2013-10-01T02:05:25Z,2013-10,3.701,0.039,water-level-altimetry,DAHITI,4
8972,"Unnamed, River",31.0543,30.4622,2013-10-11T00:03:56Z,2013-10,3.599,0.075,water-level-altimetry,DAHITI,4
8972,"Unnamed, River",31.0543,30.4622,2013-10-20T22:02:27Z,2013-10,3.829,0.043,water-level-altimetry,DAHITI,4
8972,"Unnamed, River",31.0543,30.4622,2013-10-30T20:00:59Z,2013-10,3.991,0.092,water-level-altimetry,DAHITI,4
8972,"Unnamed, River",31.0543,30.4622,2013-11-09T17:59:31Z,2013-11,4.031,0.095,water-level-altimetry,DAHITI,3
8972,"Unnamed, River",31.0543,30.4622,2013-11-19T15:58:03Z,2013-11,3.166,0.047,water-level-altimetry,DAHITI,3
8972,"Unnamed, River",31.0543,30.4622,2013-11-29T13:56:34Z,2013-11,3.379,0.002,water-level-altimetry,DAHITI,3
8972,"Unnamed, River",31.0543,30.4622,2013-12-09T11:55:06Z,2013-12,3.134,0.039,water-level-altimetry,DAHITI,3
8972,"Unnamed, River",31.0543,30.4622,2013-12-19T09:53:37Z,2013-12,3.263,0.088,water-level-altimetry,DAHITI,3
8972,"Unnamed, River",31.0543,30.4622,2013-12-29T07:52:10Z,2013-12,3.127,0.025,water-level-altimetry,DAHITI,3
8972,"Unnamed, River",31.0543,30.4622,2014-01-08T05:50:42Z,2014-01,3.212,0.04,water-level-altimetry,DAHITI,3
8972,"Unnamed, River",31.0543,30.4622,2014-01-18T03:49:13Z,2014-01,2.994,0.065,water-level-altimetry,DAHITI,3
8972,"Unnamed, River",31.0543,30.4622,2014-01-28T01:47:45Z,2014-01,3.325,0.084,water-level-altimetry,DAHITI,3
8972,"Unnamed, River",31.0543,30.4622,2014-02-06T23:46:16Z,2014-02,3.145,0.089,water-level-altimetry,DAHITI,3
8972,"Unnamed, River",31.0543,30.4622,2014-02-16T21:44:48Z,2014-02,2.987,0.039,water-level-altimetry,DAHITI,3
8972,"Unnamed, River",31.0543,30.4622,2014-02-26T19:43:18Z,2014-02,3.484,0.019,water-level-altimetry,DAHITI,3
8972,"Unnamed, River",31.0543,30.4622,2014-03-08T17:41:51Z,2014-03,3.34,0.102,water-level-altimetry,DAHITI,3
8972,"Unnamed, River",31.0543,30.4622,2014-03-18T15:40:23Z,2014-03,3.028,0.11,water-level-altimetry,DAHITI,3
8972,"Unnamed, River",31.0543,30.4622,2014-03-28T13:38:55Z,2014-03,3.564,0.038,water-level-altimetry,DAHITI,3
8972,"Unnamed, River",31.0543,30.4622,2014-04-07T11:37:26Z,2014-04,3.338,0.013,water-level-altimetry,DAHITI,2
8972,"Unnamed, River",31.0543,30.4622,2014-04-27T07:34:28Z,2014-04,3.557,0.01,water-level-altimetry,DAHITI,2
8972,"Unnamed, River",31.0543,30.4622,2014-05-07T05:33:01Z,2014-05,3.869,0.12,water-level-altimetry,DAHITI,3
8972,"Unnamed, River",31.0543,30.4622,2014-05-17T03:31:33Z,2014-05,3.636,0.005,water-level-altimetry,DAHITI,3
8972,"Unnamed, River",31.0543,30.4622,2014-05-27T01:30:05Z,2014-05,3.545,0.105,water-level-altimetry,DAHITI,3
8972,"Unnamed, River",31.0543,30.4622,2014-06-05T23:28:37Z,2014-06,3.638,0.068,water-level-altimetry,DAHITI,3
8972,"Unnamed, River",31.0543,30.4622,2014-06-15T21:27:08Z,2014-06,3.613,0.058,water-level-altimetry,DAHITI,3
8972,"Unnamed, River",31.0543,30.4622,2014-06-25T19:25:39Z,2014-06,3.898,0.004,water-level-altimetry,DAHITI,3
8972,"Unnamed, River",31.0543,30.4622,2014-07-05T17:24:10Z,2014-07,4.228,0.098,water-level-altimetry,DAHITI,2
8972,"Unnamed, River",31.0543,30.4622,2014-07-15T15:22:41Z,2014-07,4.132,0.101,water-level-altimetry,DAHITI,2
8972,"Unnamed, River",31.0543,30.4622,2014-08-04T11:19:46Z,2014-08,3.73,0.034,water-level-altimetry,DAHITI,3
8972,"Unnamed, River",31.0543,30.4622,2014-08-14T09:18:18Z,2014-08,4.111,0.125,water-level-altimetry,DAHITI,3
8972,"Unnamed, River",31.0543,30.4622,2014-08-24T07:16:50Z,2014-08,3.889,0.081,water-level-altimetry,DAHITI,3
8972,"Unnamed, River",31.0543,30.4622,2014-09-13T03:13:53Z,2014-09,3.887,0.044,water-level-altimetry,DAHITI,1
8972,"Unnamed, River",31.0543,30.4622,2014-10-02T23:10:56Z,2014-10,3.425,0.053,water-level-altimetry,DAHITI,3
8972,"Unnamed, River",31.0543,30.4622,2014-10-12T21:09:26Z,2014-10,3.78,0.023,water-level-altimetry,DAHITI,3
8972,"Unnamed, River",31.0543,30.4622,2014-10-22T19:07:58Z,2014-10,3.705,0.007,water-level-altimetry,DAHITI,3
8972,"Unnamed, River",31.0543,30.4622,2014-11-11T15:05:02Z,2014-11,3.179,0.002,water-level-altimetry,DAHITI,2
8972,"Unnamed, River",31.0543,30.4622,2014-11-21T13:03:33Z,2014-11,3.616,0.01,water-level-altimetry,DAHITI,2
8972,"Unnamed, River",31.0543,30.4622,2014-12-01T11:02:04Z,2014-12,3.223,0.013,water-level-altimetry,DAHITI,4
8972,"Unnamed, River",31.0543,30.4622,2014-12-11T09:00:35Z,2014-12,3.158,0.004,water-level-altimetry,DAHITI,4
8972,"Unnamed, River",31.0543,30.4622,2014-12-21T06:59:08Z,2014-12,3.249,0.0,water-level-altimetry,DAHITI,4
8972,"Unnamed, River",31.0543,30.4622,2014-12-31T04:57:40Z,2014-12,3.11,0.202,water-level-altimetry,DAHITI,4
8972,"Unnamed, River",31.0543,30.4622,2015-01-10T02:56:12Z,2015-01,3.193,0.029,water-level-altimetry,DAHITI,3
8972,"Unnamed, River",31.0543,30.4622,2015-01-20T00:54:44Z,2015-01,2.742,0.002,water-level-altimetry,DAHITI,3
8972,"Unnamed, River",31.0543,30.4622,2015-01-29T22:53:16Z,2015-01,3.339,0.046,water-level-altimetry,DAHITI,3
8972,"Unnamed, River",31.0543,30.4622,2015-02-08T20:51:47Z,2015-02,3.111,0.053,water-level-altimetry,DAHITI,3
8972,"Unnamed, River",31.0543,30.4622,2015-02-18T18:50:18Z,2015-02,2.927,0.053,water-level-altimetry,DAHITI,3
8972,"Unnamed, River",31.0543,30.4622,2015-02-28T16:48:49Z,2015-02,3.284,0.065,water-level-altimetry,DAHITI,3
8972,"Unnamed, River",31.0543,30.4622,2015-03-10T14:47:20Z,2015-03,3.442,0.004,water-level-altimetry,DAHITI,3
8972,"Unnamed, River",31.0543,30.4622,2015-03-20T12:45:53Z,2015-03,3.256,0.042,water-level-altimetry,DAHITI,3
8972,"Unnamed, River",31.0543,30.4622,2015-03-30T10:44:26Z,2015-03,3.34,0.172,water-level-altimetry,DAHITI,3
8972,"Unnamed, River",31.0543,30.4622,2015-04-09T08:42:57Z,2015-04,3.427,0.141,water-level-altimetry,DAHITI,3
8972,"Unnamed, River",31.0543,30.4622,2015-04-19T06:41:29Z,2015-04,3.412,0.069,water-level-altimetry,DAHITI,3
8972,"Unnamed, River",31.0543,30.4622,2015-04-29T04:40:00Z,2015-04,3.331,0.074,water-level-altimetry,DAHITI,3
8972,"Unnamed, River",31.0543,30.4622,2015-05-09T02:38:31Z,2015-05,3.361,0.005,water-level-altimetry,DAHITI,3
8972,"Unnamed, River",31.0543,30.4622,2015-05-19T00:37:02Z,2015-05,3.535,0.004,water-level-altimetry,DAHITI,3
8972,"Unnamed, River",31.0543,30.4622,2015-05-28T22:35:34Z,2015-05,3.879,0.002,water-level-altimetry,DAHITI,3
8972,"Unnamed, River",31.0543,30.4622,2015-06-07T20:34:07Z,2015-06,3.828,0.04,water-level-altimetry,DAHITI,3
8972,"Unnamed, River",31.0543,30.4622,2015-06-17T18:32:39Z,2015-06,3.882,0.168,water-level-altimetry,DAHITI,3
8972,"Unnamed, River",31.0543,30.4622,2015-06-27T16:31:11Z,2015-06,3.695,0.142,water-level-altimetry,DAHITI,3
8972,"Unnamed, River",31.0543,30.4622,2015-07-07T14:29:41Z,2015-07,3.675,0.01,water-level-altimetry,DAHITI,2
8972,"Unnamed, River",31.0543,30.4622,2015-07-17T12:28:13Z,2015-07,3.797,0.044,water-level-altimetry,DAHITI,2
8972,"Unnamed, River",31.0543,30.4622,2015-08-06T08:25:16Z,2015-08,3.755,0.016,water-level-altimetry,DAHITI,3
8972,"Unnamed, River",31.0543,30.4622,2015-08-16T06:23:47Z,2015-08,3.695,0.013,water-level-altimetry,DAHITI,3
8972,"Unnamed, River",31.0543,30.4622,2015-08-26T04:22:18Z,2015-08,3.828,0.027,water-level-altimetry,DAHITI,3
8972,"Unnamed, River",31.0543,30.4622,2015-09-05T02:20:49Z,2015-09,3.816,0.003,water-level-altimetry,DAHITI,3
8972,"Unnamed, River",31.0543,30.4622,2015-09-15T00:19:21Z,2015-09,3.565,0.016,water-level-altimetry,DAHITI,3
8972,"Unnamed, River",31.0543,30.4622,2015-09-24T22:17:54Z,2015-09,3.224,0.096,water-level-altimetry,DAHITI,3
8972,"Unnamed, River",31.0543,30.4622,2015-10-04T20:16:26Z,2015-10,3.345,0.025,water-level-altimetry,DAHITI,3
8972,"Unnamed, River",31.0543,30.4622,2015-10-14T18:14:58Z,2015-10,3.692,0.07,water-level-altimetry,DAHITI,3
8972,"Unnamed, River",31.0543,30.4622,2015-10-24T16:13:30Z,2015-10,3.62,0.09,water-level-altimetry,DAHITI,3
8972,"Unnamed, River",31.0543,30.4622,2015-11-03T14:12:02Z,2015-11,3.522,0.0,water-level-altimetry,DAHITI,3
8972,"Unnamed, River",31.0543,30.4622,2015-11-13T12:10:33Z,2015-11,3.195,0.014,water-level-altimetry,DAHITI,3
8972,"Unnamed, River",31.0543,30.4622,2015-11-23T10:09:05Z,2015-11,3.109,0.045,water-level-altimetry,DAHITI,3
8972,"Unnamed, River",31.0543,30.4622,2015-12-03T08:07:37Z,2015-12,3.109,0.032,water-level-altimetry,DAHITI,3
8972,"Unnamed, River",31.0543,30.4622,2015-12-13T06:06:08Z,2015-12,3.174,0.064,water-level-altimetry,DAHITI,3
8972,"Unnamed, River",31.0543,30.4622,2015-12-23T04:04:40Z,2015-12,2.777,0.06,water-level-altimetry,DAHITI,3
8972,"Unnamed, River",31.0543,30.4622,2016-01-02T02:03:11Z,2016-01,2.907,0.041,water-level-altimetry,DAHITI,4
8972,"Unnamed, River",31.0543,30.4622,2016-01-12T00:01:42Z,2016-01,3.163,0.014,water-level-altimetry,DAHITI,4
8972,"Unnamed, River",31.0543,30.4622,2016-01-21T22:00:13Z,2016-01,3.009,0.008,water-level-altimetry,DAHITI,4
8972,"Unnamed, River",31.0543,30.4622,2016-01-31T19:58:45Z,2016-01,2.996,0.026,water-level-altimetry,DAHITI,4
8972,"Unnamed, River",31.0543,30.4622,2016-02-10T17:57:18Z,2016-02,2.844,0.01,water-level-altimetry,DAHITI,2
8972,"Unnamed, River",31.0543,30.4622,2016-02-20T15:56:39Z,2016-02,3.017,0.014,water-level-altimetry,DAHITI,2
8972,"Unnamed, River",31.0543,30.4622,2016-03-01T13:54:21Z,2016-03,4.007,0.026,water-level-altimetry,DAHITI,4
8972,"Unnamed, River",31.0543,30.4622,2016-03-11T11:53:25Z,2016-03,3.177,0.0,water-level-altimetry,DAHITI,4
8972,"Unnamed, River",31.0543,30.4622,2016-03-21T09:52:12Z,2016-03,3.247,0.055,water-level-altimetry,DAHITI,4
8972,"Unnamed, River",31.0543,30.4622,2016-03-31T07:49:56Z,2016-03,2.884,0.015,water-level-altimetry,DAHITI,4
8972,"Unnamed, River",31.0543,30.4622,2016-04-10T05:49:09Z,2016-04,3.339,0.003,water-level-altimetry,DAHITI,3
8972,"Unnamed, River",31.0543,30.4622,2016-04-20T03:48:22Z,2016-04,3.449,0.012,water-level-altimetry,DAHITI,3
8972,"Unnamed, River",31.0543,30.4622,2016-04-30T01:46:25Z,2016-04,3.607,0.014,water-level-altimetry,DAHITI,3
8972,"Unnamed, River",31.0543,30.4622,2016-05-09T23:44:35Z,2016-05,3.526,0.013,water-level-altimetry,DAHITI,3
8972,"Unnamed, River",31.0543,30.4622,2016-05-19T21:43:14Z,2016-05,3.764,0.017,water-level-altimetry,DAHITI,3
8972,"Unnamed, River",31.0543,30.4622,2016-05-29T19:42:03Z,2016-05,3.696,0.009,water-level-altimetry,DAHITI,3
8972,"Unnamed, River",31.0543,30.4622,2016-06-08T17:40:27Z,2016-06,3.98,0.013,water-level-altimetry,DAHITI,3
8972,"Unnamed, River",31.0543,30.4622,2016-06-18T15:38:51Z,2016-06,3.823,0.029,water-level-altimetry,DAHITI,3
8972,"Unnamed, River",31.0543,30.4622,2016-06-28T13:37:23Z,2016-06,3.497,0.012,water-level-altimetry,DAHITI,3
8972,"Unnamed, River",31.0543,30.4622,2016-07-08T11:35:54Z,2016-07,3.492,0.003,water-level-altimetry,DAHITI,3
8972,"Unnamed, River",31.0543,30.4622,2016-07-18T09:34:26Z,2016-07,3.556,0.023,water-level-altimetry,DAHITI,3
8972,"Unnamed, River",31.0543,30.4622,2016-07-28T07:32:58Z,2016-07,3.716,0.019,water-level-altimetry,DAHITI,3
8972,"Unnamed, River",31.0543,30.4622,2016-08-07T05:31:30Z,2016-08,3.784,0.058,water-level-altimetry,DAHITI,3
8972,"Unnamed, River",31.0543,30.4622,2016-08-17T03:29:52Z,2016-08,3.945,0.057,water-level-altimetry,DAHITI,3
8972,"Unnamed, River",31.0543,30.4622,2016-08-27T01:28:32Z,2016-08,3.594,0.008,water-level-altimetry,DAHITI,3
8972,"Unnamed, River",31.0543,30.4622,2016-09-05T23:26:55Z,2016-09,3.845,0.005,water-level-altimetry,DAHITI,2
8972,"Unnamed, River",31.0543,30.4622,2016-09-25T19:24:07Z,2016-09,3.681,0.035,water-level-altimetry,DAHITI,2
8972,"Unnamed, River",31.0543,30.4622,2016-10-05T17:23:19Z,2016-10,3.81,0.129,water-level-altimetry,DAHITI,3
8972,"Unnamed, River",31.0543,30.4622,2016-10-15T15:21:51Z,2016-10,3.515,0.023,water-level-altimetry,DAHITI,3
8972,"Unnamed, River",31.0543,30.4622,2016-10-25T13:20:23Z,2016-10,3.502,0.019,water-level-altimetry,DAHITI,3
8972,"Unnamed, River",31.0543,30.4622,2016-11-04T11:18:55Z,2016-11,3.313,0.044,water-level-altimetry,DAHITI,3
8972,"Unnamed, River",31.0543,30.4622,2016-11-14T09:17:26Z,2016-11,3.122,0.005,water-level-altimetry,DAHITI,3
8972,"Unnamed, River",31.0543,30.4622,2016-11-24T07:15:58Z,2016-11,3.043,0.078,water-level-altimetry,DAHITI,3
8972,"Unnamed, River",31.0543,30.4622,2016-12-04T05:14:29Z,2016-12,3.021,0.025,water-level-altimetry,DAHITI,3
8972,"Unnamed, River",31.0543,30.4622,2016-12-14T03:13:00Z,2016-12,3.195,0.135,water-level-altimetry,DAHITI,3
8972,"Unnamed, River",31.0543,30.4622,2016-12-24T01:11:31Z,2016-12,2.951,0.019,water-level-altimetry,DAHITI,3
8972,"Unnamed, River",31.0543,30.4622,2017-01-02T23:10:02Z,2017-01,2.885,0.046,water-level-altimetry,DAHITI,3
8972,"Unnamed, River",31.0543,30.4622,2017-01-12T21:08:34Z,2017-01,2.801,0.033,water-level-altimetry,DAHITI,3
8972,"Unnamed, River",31.0543,30.4622,2017-01-22T19:07:06Z,2017-01,2.977,0.006,water-level-altimetry,DAHITI,3
8972,"Unnamed, River",31.0543,30.4622,2017-02-01T17:05:38Z,2017-02,2.965,0.047,water-level-altimetry,DAHITI,3
8972,"Unnamed, River",31.0543,30.4622,2017-02-11T15:04:09Z,2017-02,3.173,0.028,water-level-altimetry,DAHITI,3
8972,"Unnamed, River",31.0543,30.4622,2017-02-21T13:02:41Z,2017-02,3.039,0.067,water-level-altimetry,DAHITI,3
8972,"Unnamed, River",31.0543,30.4622,2017-03-03T11:01:13Z,2017-03,3.06,0.048,water-level-altimetry,DAHITI,3
8972,"Unnamed, River",31.0543,30.4622,2017-03-13T08:59:45Z,2017-03,3.232,0.004,water-level-altimetry,DAHITI,3
8972,"Unnamed, River",31.0543,30.4622,2017-03-23T06:58:16Z,2017-03,3.021,0.001,water-level-altimetry,DAHITI,3
8972,"Unnamed, River",31.0543,30.4622,2017-04-02T04:56:47Z,2017-04,3.11,0.02,water-level-altimetry,DAHITI,2
8972,"Unnamed, River",31.0543,30.4622,2017-04-12T02:55:17Z,2017-04,3.437,0.079,water-level-altimetry,DAHITI,2
8972,"Unnamed, River",31.0543,30.4622,2017-05-01T22:52:22Z,2017-05,2.884,0.038,water-level-altimetry,DAHITI,4
8972,"Unnamed, River",31.0543,30.4622,2017-05-11T20:50:54Z,2017-05,3.38,0.068,water-level-altimetry,DAHITI,4
8972,"Unnamed, River",31.0543,30.4622,2017-05-21T18:49:26Z,2017-05,3.765,0.03,water-level-altimetry,DAHITI,4
8972,"Unnamed, River",31.0543,30.4622,2017-05-31T16:47:58Z,2017-05,3.721,0.012,water-level-altimetry,DAHITI,4
8972,"Unnamed, River",31.0543,30.4622,2017-06-10T14:46:29Z,2017-06,3.45,0.008,water-level-altimetry,DAHITI,3
8972,"Unnamed, River",31.0543,30.4622,2017-06-20T12:45:01Z,2017-06,3.573,0.013,water-level-altimetry,DAHITI,3
8972,"Unnamed, River",31.0543,30.4622,2017-06-30T10:43:33Z,2017-06,3.411,0.001,water-level-altimetry,DAHITI,3
8972,"Unnamed, River",31.0543,30.4622,2017-07-10T08:42:05Z,2017-07,3.609,0.003,water-level-altimetry,DAHITI,2
8972,"Unnamed, River",31.0543,30.4622,2017-07-30T04:39:08Z,2017-07,3.655,0.076,water-level-altimetry,DAHITI,2
8972,"Unnamed, River",31.0543,30.4622,2017-08-19T00:36:11Z,2017-08,3.474,0.012,water-level-altimetry,DAHITI,2
8972,"Unnamed, River",31.0543,30.4622,2017-08-28T22:34:41Z,2017-08,3.747,0.091,water-level-altimetry,DAHITI,2
8972,"Unnamed, River",31.0543,30.4622,2017-09-07T20:33:12Z,2017-09,3.433,0.003,water-level-altimetry,DAHITI,3
8972,"Unnamed, River",31.0543,30.4622,2017-09-17T18:31:45Z,2017-09,3.176,0.019,water-level-altimetry,DAHITI,3
8972,"Unnamed, River",31.0543,30.4622,2017-09-27T16:30:17Z,2017-09,3.052,0.018,water-level-altimetry,DAHITI,3
8972,"Unnamed, River",31.0543,30.4622,2017-10-07T14:28:49Z,2017-10,3.51,0.0,water-level-altimetry,DAHITI,3
8972,"Unnamed, River",31.0543,30.4622,2017-10-17T12:27:21Z,2017-10,3.361,0.029,water-level-altimetry,DAHITI,3
8972,"Unnamed, River",31.0543,30.4622,2017-10-27T10:25:53Z,2017-10,3.161,0.07,water-level-altimetry,DAHITI,3
8972,"Unnamed, River",31.0543,30.4622,2017-11-06T08:24:24Z,2017-11,3.484,0.072,water-level-altimetry,DAHITI,2
8972,"Unnamed, River",31.0543,30.4622,2017-11-26T04:21:27Z,2017-11,3.249,0.001,water-level-altimetry,DAHITI,2
8972,"Unnamed, River",31.0543,30.4622,2017-12-06T02:19:58Z,2017-12,2.91,0.045,water-level-altimetry,DAHITI,3
8972,"Unnamed, River",31.0543,30.4622,2017-12-16T00:18:29Z,2017-12,2.689,0.112,water-level-altimetry,DAHITI,3
8972,"Unnamed, River",31.0543,30.4622,2017-12-25T22:17:01Z,2017-12,2.629,0.034,water-level-altimetry,DAHITI,3
8972,"Unnamed, River",31.0543,30.4622,2018-01-04T20:15:33Z,2018-01,2.746,0.158,water-level-altimetry,DAHITI,3
8972,"Unnamed, River",31.0543,30.4622,2018-01-14T18:14:05Z,2018-01,2.828,0.038,water-level-altimetry,DAHITI,3
8972,"Unnamed, River",31.0543,30.4622,2018-01-24T16:12:36Z,2018-01,2.957,0.055,water-level-altimetry,DAHITI,3
8972,"Unnamed, River",31.0543,30.4622,2018-02-03T14:11:08Z,2018-02,3.003,0.041,water-level-altimetry,DAHITI,3
8972,"Unnamed, River",31.0543,30.4622,2018-02-13T12:09:40Z,2018-02,3.068,0.051,water-level-altimetry,DAHITI,3
8972,"Unnamed, River",31.0543,30.4622,2018-02-23T10:08:11Z,2018-02,2.855,0.026,water-level-altimetry,DAHITI,3
8972,"Unnamed, River",31.0543,30.4622,2018-03-05T08:06:43Z,2018-03,3.153,0.07,water-level-altimetry,DAHITI,3
8972,"Unnamed, River",31.0543,30.4622,2018-03-15T06:05:14Z,2018-03,2.965,0.04,water-level-altimetry,DAHITI,3
8972,"Unnamed, River",31.0543,30.4622,2018-03-25T04:03:44Z,2018-03,3.092,0.018,water-level-altimetry,DAHITI,3
8972,"Unnamed, River",31.0543,30.4622,2018-04-04T02:02:15Z,2018-04,3.101,0.017,water-level-altimetry,DAHITI,3
8972,"Unnamed, River",31.0543,30.4622,2018-04-14T00:00:47Z,2018-04,3.065,0.004,water-level-altimetry,DAHITI,3
8972,"Unnamed, River",31.0543,30.4622,2018-04-23T21:59:19Z,2018-04,3.068,0.001,water-level-altimetry,DAHITI,3
8972,"Unnamed, River",31.0543,30.4622,2018-05-03T19:57:51Z,2018-05,3.101,0.055,water-level-altimetry,DAHITI,3
8972,"Unnamed, River",31.0543,30.4622,2018-05-13T17:56:23Z,2018-05,3.697,0.055,water-level-altimetry,DAHITI,3
8972,"Unnamed, River",31.0543,30.4622,2018-05-23T15:54:55Z,2018-05,3.624,0.086,water-level-altimetry,DAHITI,3
8972,"Unnamed, River",31.0543,30.4622,2018-06-02T13:53:26Z,2018-06,3.53,0.147,water-level-altimetry,DAHITI,3
8972,"Unnamed, River",31.0543,30.4622,2018-06-12T11:51:58Z,2018-06,3.384,0.121,water-level-altimetry,DAHITI,3
8972,"Unnamed, River",31.0543,30.4622,2018-06-22T09:50:30Z,2018-06,3.817,0.021,water-level-altimetry,DAHITI,3
8972,"Unnamed, River",31.0543,30.4622,2018-07-02T07:49:02Z,2018-07,3.591,0.064,water-level-altimetry,DAHITI,3
8972,"Unnamed, River",31.0543,30.4622,2018-07-12T05:47:33Z,2018-07,3.67,0.064,water-level-altimetry,DAHITI,3
8972,"Unnamed, River",31.0543,30.4622,2018-07-22T03:46:04Z,2018-07,3.836,0.034,water-level-altimetry,DAHITI,3
8972,"Unnamed, River",31.0543,30.4622,2018-08-01T01:44:35Z,2018-08,3.732,0.003,water-level-altimetry,DAHITI,4
8972,"Unnamed, River",31.0543,30.4622,2018-08-10T23:43:06Z,2018-08,3.704,0.153,water-level-altimetry,DAHITI,4
8972,"Unnamed, River",31.0543,30.4622,2018-08-20T21:41:37Z,2018-08,3.693,0.047,water-level-altimetry,DAHITI,4
8972,"Unnamed, River",31.0543,30.4622,2018-08-30T19:40:09Z,2018-08,3.83,0.23,water-level-altimetry,DAHITI,4
8972,"Unnamed, River",31.0543,30.4622,2018-09-09T17:38:41Z,2018-09,3.437,0.066,water-level-altimetry,DAHITI,3
8972,"Unnamed, River",31.0543,30.4622,2018-09-19T15:37:13Z,2018-09,3.69,0.031,water-level-altimetry,DAHITI,3
8972,"Unnamed, River",31.0543,30.4622,2018-09-29T13:35:45Z,2018-09,3.448,0.073,water-level-altimetry,DAHITI,3
8972,"Unnamed, River",31.0543,30.4622,2018-10-09T11:34:17Z,2018-10,3.232,0.002,water-level-altimetry,DAHITI,3
8972,"Unnamed, River",31.0543,30.4622,2018-10-19T09:32:49Z,2018-10,3.23,0.149,water-level-altimetry,DAHITI,3
8972,"Unnamed, River",31.0543,30.4622,2018-10-29T07:31:21Z,2018-10,3.173,0.018,water-level-altimetry,DAHITI,3
8972,"Unnamed, River",31.0543,30.4622,2018-11-08T05:29:52Z,2018-11,3.256,0.214,water-level-altimetry,DAHITI,3
8972,"Unnamed, River",31.0543,30.4622,2018-11-18T03:28:23Z,2018-11,3.027,0.225,water-level-altimetry,DAHITI,3
8972,"Unnamed, River",31.0543,30.4622,2018-11-28T01:26:54Z,2018-11,3.246,0.128,water-level-altimetry,DAHITI,3
8972,"Unnamed, River",31.0543,30.4622,2018-12-07T23:25:25Z,2018-12,2.869,0.128,water-level-altimetry,DAHITI,3
8972,"Unnamed, River",31.0543,30.4622,2018-12-17T21:23:56Z,2018-12,2.792,0.01,water-level-altimetry,DAHITI,3
8972,"Unnamed, River",31.0543,30.4622,2018-12-27T19:22:28Z,2018-12,2.738,0.019,water-level-altimetry,DAHITI,3
8972,"Unnamed, River",31.0543,30.4622,2019-01-06T17:21:00Z,2019-01,2.852,0.011,water-level-altimetry,DAHITI,3
8972,"Unnamed, River",31.0543,30.4622,2019-01-16T15:19:32Z,2019-01,2.725,0.003,water-level-altimetry,DAHITI,3
8972,"Unnamed, River",31.0543,30.4622,2019-01-26T13:18:04Z,2019-01,3.008,0.033,water-level-altimetry,DAHITI,3
8972,"Unnamed, River",31.0543,30.4622,2019-02-05T11:16:36Z,2019-02,2.837,0.018,water-level-altimetry,DAHITI,2
8972,"Unnamed, River",31.0543,30.4622,2019-02-15T09:15:08Z,2019-02,3.327,0.0,water-level-altimetry,DAHITI,2
8972,"Unnamed, River",31.0543,30.4622,2019-03-17T03:10:41Z,2019-03,3.072,0.02,water-level-altimetry,DAHITI,2
8972,"Unnamed, River",31.0543,30.4622,2019-03-27T01:09:12Z,2019-03,3.415,0.161,water-level-altimetry,DAHITI,2
8972,"Unnamed, River",31.0543,30.4622,2019-04-05T23:07:43Z,2019-04,2.828,0.035,water-level-altimetry,DAHITI,3
8972,"Unnamed, River",31.0543,30.4622,2019-04-15T21:06:13Z,2019-04,3.299,0.023,water-level-altimetry,DAHITI,3
8972,"Unnamed, River",31.0543,30.4622,2019-04-25T19:04:45Z,2019-04,2.801,0.11,water-level-altimetry,DAHITI,3
8972,"Unnamed, River",31.0543,30.4622,2019-05-05T17:03:17Z,2019-05,3.651,0.091,water-level-altimetry,DAHITI,3
8972,"Unnamed, River",31.0543,30.4622,2019-05-15T15:01:50Z,2019-05,3.881,0.018,water-level-altimetry,DAHITI,3
8972,"Unnamed, River",31.0543,30.4622,2019-05-25T13:00:22Z,2019-05,3.715,0.009,water-level-altimetry,DAHITI,3
8972,"Unnamed, River",31.0543,30.4622,2019-06-04T10:58:54Z,2019-06,3.591,0.041,water-level-altimetry,DAHITI,3
8972,"Unnamed, River",31.0543,30.4622,2019-06-14T08:57:26Z,2019-06,3.346,0.126,water-level-altimetry,DAHITI,3
8972,"Unnamed, River",31.0543,30.4622,2019-06-24T06:55:57Z,2019-06,3.414,0.0,water-level-altimetry,DAHITI,3
8972,"Unnamed, River",31.0543,30.4622,2019-07-04T04:54:29Z,2019-07,3.6,0.143,water-level-altimetry,DAHITI,2
8972,"Unnamed, River",31.0543,30.4622,2019-07-24T00:51:30Z,2019-07,3.578,0.02,water-level-altimetry,DAHITI,2
8972,"Unnamed, River",31.0543,30.4622,2019-08-02T22:50:01Z,2019-08,3.911,0.07,water-level-altimetry,DAHITI,3
8972,"Unnamed, River",31.0543,30.4622,2019-08-12T20:48:33Z,2019-08,3.734,0.036,water-level-altimetry,DAHITI,3
8972,"Unnamed, River",31.0543,30.4622,2019-08-22T18:47:04Z,2019-08,4.029,0.064,water-level-altimetry,DAHITI,3
8972,"Unnamed, River",31.0543,30.4622,2019-09-11T14:44:08Z,2019-09,3.282,0.021,water-level-altimetry,DAHITI,2
8972,"Unnamed, River",31.0543,30.4622,2019-09-21T12:42:40Z,2019-09,3.387,0.037,water-level-altimetry,DAHITI,2
8972,"Unnamed, River",31.0543,30.4622,2019-10-01T10:41:12Z,2019-10,3.629,0.087,water-level-altimetry,DAHITI,4
8972,"Unnamed, River",31.0543,30.4622,2019-10-11T08:39:43Z,2019-10,3.629,0.04,water-level-altimetry,DAHITI,4
8972,"Unnamed, River",31.0543,30.4622,2019-10-21T06:38:14Z,2019-10,3.412,0.019,water-level-altimetry,DAHITI,4
8972,"Unnamed, River",31.0543,30.4622,2019-10-31T04:36:45Z,2019-10,3.89,0.006,water-level-altimetry,DAHITI,4
8972,"Unnamed, River",31.0543,30.4622,2019-11-29T22:32:18Z,2019-11,3.142,0.019,water-level-altimetry,DAHITI,1
8972,"Unnamed, River",31.0543,30.4622,2019-12-09T20:30:49Z,2019-12,3.006,0.063,water-level-altimetry,DAHITI,3
8972,"Unnamed, River",31.0543,30.4622,2019-12-19T18:29:21Z,2019-12,2.793,0.067,water-level-altimetry,DAHITI,3
8972,"Unnamed, River",31.0543,30.4622,2019-12-29T16:27:53Z,2019-12,2.661,0.004,water-level-altimetry,DAHITI,3
8972,"Unnamed, River",31.0543,30.4622,2020-01-08T14:26:25Z,2020-01,2.842,0.102,water-level-altimetry,DAHITI,3
8972,"Unnamed, River",31.0543,30.4622,2020-01-18T12:24:57Z,2020-01,2.901,0.065,water-level-altimetry,DAHITI,3
8972,"Unnamed, River",31.0543,30.4622,2020-01-28T10:23:29Z,2020-01,2.835,0.032,water-level-altimetry,DAHITI,3
8972,"Unnamed, River",31.0543,30.4622,2020-02-17T06:20:31Z,2020-02,3.038,0.009,water-level-altimetry,DAHITI,2
8972,"Unnamed, River",31.0543,30.4622,2020-02-27T04:19:02Z,2020-02,2.8,0.014,water-level-altimetry,DAHITI,2
8972,"Unnamed, River",31.0543,30.4622,2020-03-08T02:17:33Z,2020-03,2.967,0.036,water-level-altimetry,DAHITI,3
8972,"Unnamed, River",31.0543,30.4622,2020-03-18T00:16:05Z,2020-03,2.781,0.022,water-level-altimetry,DAHITI,3
8972,"Unnamed, River",31.0543,30.4622,2020-03-27T22:14:37Z,2020-03,3.446,0.021,water-level-altimetry,DAHITI,3
8972,"Unnamed, River",31.0543,30.4622,2020-04-06T20:13:09Z,2020-04,2.993,0.034,water-level-altimetry,DAHITI,3
8972,"Unnamed, River",31.0543,30.4622,2020-04-16T18:11:40Z,2020-04,3.188,0.009,water-level-altimetry,DAHITI,3
8972,"Unnamed, River",31.0543,30.4622,2020-04-26T16:10:12Z,2020-04,3.771,0.039,water-level-altimetry,DAHITI,3
8972,"Unnamed, River",31.0543,30.4622,2020-05-06T14:08:44Z,2020-05,3.472,0.112,water-level-altimetry,DAHITI,3
8972,"Unnamed, River",31.0543,30.4622,2020-05-16T12:07:16Z,2020-05,3.541,0.015,water-level-altimetry,DAHITI,3
8972,"Unnamed, River",31.0543,30.4622,2020-05-26T10:05:48Z,2020-05,3.645,0.031,water-level-altimetry,DAHITI,3
8972,"Unnamed, River",31.0543,30.4622,2020-06-05T08:04:19Z,2020-06,3.537,0.022,water-level-altimetry,DAHITI,1
8972,"Unnamed, River",31.0543,30.4622,2020-07-05T01:59:53Z,2020-07,3.559,0.066,water-level-altimetry,DAHITI,3
8972,"Unnamed, River",31.0543,30.4622,2020-07-14T23:58:24Z,2020-07,3.903,0.009,water-level-altimetry,DAHITI,3
8972,"Unnamed, River",31.0543,30.4622,2020-07-24T21:56:55Z,2020-07,3.937,0.0,water-level-altimetry,DAHITI,3
8972,"Unnamed, River",31.0543,30.4622,2020-08-03T19:55:27Z,2020-08,3.938,0.019,water-level-altimetry,DAHITI,3
8972,"Unnamed, River",31.0543,30.4622,2020-08-13T17:53:58Z,2020-08,4.061,0.015,water-level-altimetry,DAHITI,3
8972,"Unnamed, River",31.0543,30.4622,2020-08-23T15:52:30Z,2020-08,3.904,0.016,water-level-altimetry,DAHITI,3
8972,"Unnamed, River",31.0543,30.4622,2020-09-12T11:49:34Z,2020-09,3.466,0.001,water-level-altimetry,DAHITI,2
8972,"Unnamed, River",31.0543,30.4622,2020-09-22T09:48:06Z,2020-09,4.016,0.066,water-level-altimetry,DAHITI,2
8972,"Unnamed, River",31.0543,30.4622,2020-10-02T07:46:37Z,2020-10,3.796,0.0,water-level-altimetry,DAHITI,3
8972,"Unnamed, River",31.0543,30.4622,2020-10-12T05:45:08Z,2020-10,3.575,0.012,water-level-altimetry,DAHITI,3
8972,"Unnamed, River",31.0543,30.4622,2020-10-22T03:43:39Z,2020-10,3.2,0.025,water-level-altimetry,DAHITI,3
8972,"Unnamed, River",31.0543,30.4622,2020-11-01T01:42:10Z,2020-11,3.502,0.037,water-level-altimetry,DAHITI,4
8972,"Unnamed, River",31.0543,30.4622,2020-11-10T23:40:42Z,2020-11,3.511,0.009,water-level-altimetry,DAHITI,4
8972,"Unnamed, River",31.0543,30.4622,2020-11-20T21:39:14Z,2020-11,2.955,0.007,water-level-altimetry,DAHITI,4
8972,"Unnamed, River",31.0543,30.4622,2020-11-30T19:37:45Z,2020-11,3.177,0.003,water-level-altimetry,DAHITI,4
8972,"Unnamed, River",31.0543,30.4622,2020-12-20T15:34:48Z,2020-12,2.885,0.002,water-level-altimetry,DAHITI,2
8972,"Unnamed, River",31.0543,30.4622,2020-12-30T13:33:20Z,2020-12,3.026,0.02,water-level-altimetry,DAHITI,2
8972,"Unnamed, River",31.0543,30.4622,2021-01-09T11:31:51Z,2021-01,3.09,0.014,water-level-altimetry,DAHITI,3
8972,"Unnamed, River",31.0543,30.4622,2021-01-19T09:30:22Z,2021-01,2.845,0.046,water-level-altimetry,DAHITI,3
8972,"Unnamed, River",31.0543,30.4622,2021-01-29T07:28:53Z,2021-01,3.034,0.017,water-level-altimetry,DAHITI,3
8972,"Unnamed, River",31.0543,30.4622,2021-02-08T05:27:24Z,2021-02,2.959,0.011,water-level-altimetry,DAHITI,3
8972,"Unnamed, River",31.0543,30.4622,2021-02-18T03:25:56Z,2021-02,3.552,0.194,water-level-altimetry,DAHITI,3
8972,"Unnamed, River",31.0543,30.4622,2021-02-28T01:24:28Z,2021-02,2.821,0.005,water-level-altimetry,DAHITI,3
8972,"Unnamed, River",31.0543,30.4622,2021-03-09T23:23:00Z,2021-03,3.274,0.001,water-level-altimetry,DAHITI,3
8972,"Unnamed, River",31.0543,30.4622,2021-03-19T21:21:32Z,2021-03,2.988,0.021,water-level-altimetry,DAHITI,3
8972,"Unnamed, River",31.0543,30.4622,2021-03-29T19:20:03Z,2021-03,3.048,0.052,water-level-altimetry,DAHITI,3
8972,"Unnamed, River",31.0543,30.4622,2021-04-08T17:18:34Z,2021-04,2.759,0.012,water-level-altimetry,DAHITI,3
8972,"Unnamed, River",31.0543,30.4622,2021-04-18T15:17:06Z,2021-04,2.967,0.037,water-level-altimetry,DAHITI,3
8972,"Unnamed, River",31.0543,30.4622,2021-04-28T13:15:37Z,2021-04,3.408,0.012,water-level-altimetry,DAHITI,3
8972,"Unnamed, River",31.0543,30.4622,2021-05-08T11:14:09Z,2021-05,3.324,0.109,water-level-altimetry,DAHITI,3
8972,"Unnamed, River",31.0543,30.4622,2021-05-18T09:12:41Z,2021-05,3.663,0.019,water-level-altimetry,DAHITI,3
8972,"Unnamed, River",31.0543,30.4622,2021-05-28T07:11:13Z,2021-05,3.671,0.105,water-level-altimetry,DAHITI,3
8972,"Unnamed, River",31.0543,30.4622,2021-06-07T05:09:45Z,2021-06,3.904,0.013,water-level-altimetry,DAHITI,3
8972,"Unnamed, River",31.0543,30.4622,2021-06-17T03:08:16Z,2021-06,3.716,0.002,water-level-altimetry,DAHITI,3
8972,"Unnamed, River",31.0543,30.4622,2021-06-27T01:06:47Z,2021-06,3.6,0.135,water-level-altimetry,DAHITI,3
8972,"Unnamed, River",31.0543,30.4622,2021-07-06T23:05:18Z,2021-07,3.85,0.042,water-level-altimetry,DAHITI,2
8972,"Unnamed, River",31.0543,30.4622,2021-07-16T21:03:49Z,2021-07,3.908,0.005,water-level-altimetry,DAHITI,2
8972,"Unnamed, River",31.0543,30.4622,2021-08-05T17:00:53Z,2021-08,3.93,0.005,water-level-altimetry,DAHITI,3
8972,"Unnamed, River",31.0543,30.4622,2021-08-15T14:59:24Z,2021-08,3.816,0.099,water-level-altimetry,DAHITI,3
8972,"Unnamed, River",31.0543,30.4622,2021-08-25T12:57:56Z,2021-08,3.716,0.003,water-level-altimetry,DAHITI,3
8972,"Unnamed, River",31.0543,30.4622,2021-09-04T10:56:28Z,2021-09,3.788,0.043,water-level-altimetry,DAHITI,3
8972,"Unnamed, River",31.0543,30.4622,2021-09-14T08:55:00Z,2021-09,3.779,0.064,water-level-altimetry,DAHITI,3
8972,"Unnamed, River",31.0543,30.4622,2021-09-24T06:53:32Z,2021-09,3.533,0.056,water-level-altimetry,DAHITI,3
8972,"Unnamed, River",31.0543,30.4622,2021-10-04T04:52:03Z,2021-10,3.462,0.009,water-level-altimetry,DAHITI,3
8972,"Unnamed, River",31.0543,30.4622,2021-10-14T02:50:34Z,2021-10,3.405,0.179,water-level-altimetry,DAHITI,3
8972,"Unnamed, River",31.0543,30.4622,2021-10-24T00:49:05Z,2021-10,3.251,0.046,water-level-altimetry,DAHITI,3
8972,"Unnamed, River",31.0543,30.4622,2021-11-02T22:47:36Z,2021-11,3.529,0.083,water-level-altimetry,DAHITI,3
8972,"Unnamed, River",31.0543,30.4622,2021-11-12T20:46:07Z,2021-11,3.302,0.019,water-level-altimetry,DAHITI,3
8972,"Unnamed, River",31.0543,30.4622,2021-11-22T18:44:40Z,2021-11,2.955,0.035,water-level-altimetry,DAHITI,3
8972,"Unnamed, River",31.0543,30.4622,2021-12-02T16:43:12Z,2021-12,3.126,0.012,water-level-altimetry,DAHITI,3
8972,"Unnamed, River",31.0543,30.4622,2021-12-12T14:41:44Z,2021-12,2.992,0.043,water-level-altimetry,DAHITI,3
8972,"Unnamed, River",31.0543,30.4622,2021-12-22T12:40:16Z,2021-12,2.873,0.002,water-level-altimetry,DAHITI,3
8972,"Unnamed, River",31.0543,30.4622,2022-01-01T10:38:48Z,2022-01,2.956,0.027,water-level-altimetry,DAHITI,3
8972,"Unnamed, River",31.0543,30.4622,2022-01-21T06:35:50Z,2022-01,2.795,0.105,water-level-altimetry,DAHITI,3
8972,"Unnamed, River",31.0543,30.4622,2022-01-31T04:34:21Z,2022-01,2.824,0.072,water-level-altimetry,DAHITI,3
8972,"Unnamed, River",31.0543,30.4622,2022-02-10T02:32:52Z,2022-02,3.392,0.024,water-level-altimetry,DAHITI,2
8972,"Unnamed, River",31.0543,30.4622,2022-02-20T00:31:23Z,2022-02,3.223,0.025,water-level-altimetry,DAHITI,2
8972,"Unnamed, River",31.0543,30.4622,2022-03-01T22:29:55Z,2022-03,3.111,0.012,water-level-altimetry,DAHITI,4
8972,"Unnamed, River",31.0543,30.4622,2022-03-11T20:28:27Z,2022-03,3.231,0.005,water-level-altimetry,DAHITI,4
8972,"Unnamed, River",31.0543,30.4622,2022-03-21T18:26:59Z,2022-03,2.872,0.006,water-level-altimetry,DAHITI,4
8972,"Unnamed, River",31.0543,30.4622,2022-03-31T16:25:30Z,2022-03,3.557,0.028,water-level-altimetry,DAHITI,4
8972,"Unnamed, River",31.0543,30.4622,2022-04-10T14:24:30Z,2022-04,3.296,0.024,water-level-altimetry,DAHITI,3
8972,"Unnamed, River",31.0543,30.4622,2022-04-20T12:23:02Z,2022-04,3.515,0.019,water-level-altimetry,DAHITI,3
8972,"Unnamed, River",31.0543,30.4622,2022-04-30T10:21:33Z,2022-04,3.586,0.002,water-level-altimetry,DAHITI,3
8972,"Unnamed, River",31.0543,30.4622,2022-05-10T08:20:05Z,2022-05,3.526,0.004,water-level-altimetry,DAHITI,3
8972,"Unnamed, River",31.0543,30.4622,2022-05-20T06:18:36Z,2022-05,3.801,0.048,water-level-altimetry,DAHITI,3
8972,"Unnamed, River",31.0543,30.4622,2022-05-30T04:17:07Z,2022-05,3.805,0.003,water-level-altimetry,DAHITI,3
8972,"Unnamed, River",31.0543,30.4622,2022-06-09T02:15:38Z,2022-06,3.975,0.001,water-level-altimetry,DAHITI,3
8972,"Unnamed, River",31.0543,30.4622,2022-06-19T00:14:09Z,2022-06,3.677,0.166,water-level-altimetry,DAHITI,3
8972,"Unnamed, River",31.0543,30.4622,2022-06-28T22:12:41Z,2022-06,3.721,0.136,water-level-altimetry,DAHITI,3
8972,"Unnamed, River",31.0543,30.4622,2022-07-08T20:11:14Z,2022-07,3.927,0.045,water-level-altimetry,DAHITI,3
8972,"Unnamed, River",31.0543,30.4622,2022-07-18T18:09:45Z,2022-07,3.855,0.107,water-level-altimetry,DAHITI,3
8972,"Unnamed, River",31.0543,30.4622,2022-07-28T16:08:17Z,2022-07,3.931,0.03,water-level-altimetry,DAHITI,3
8972,"Unnamed, River",31.0543,30.4622,2022-08-07T14:06:49Z,2022-08,3.994,0.005,water-level-altimetry,DAHITI,3
8972,"Unnamed, River",31.0543,30.4622,2022-08-17T12:05:20Z,2022-08,3.912,0.072,water-level-altimetry,DAHITI,3
8972,"Unnamed, River",31.0543,30.4622,2022-08-27T10:03:52Z,2022-08,3.944,0.004,water-level-altimetry,DAHITI,3
8972,"Unnamed, River",31.0543,30.4622,2022-09-06T08:02:23Z,2022-09,3.947,0.061,water-level-altimetry,DAHITI,3
8972,"Unnamed, River",31.0543,30.4622,2022-09-16T06:00:55Z,2022-09,3.842,0.046,water-level-altimetry,DAHITI,3
8972,"Unnamed, River",31.0543,30.4622,2022-09-26T03:59:26Z,2022-09,3.623,0.02,water-level-altimetry,DAHITI,3
8972,"Unnamed, River",31.0543,30.4622,2022-10-06T01:57:57Z,2022-10,3.473,0.002,water-level-altimetry,DAHITI,2
8972,"Unnamed, River",31.0543,30.4622,2022-10-15T23:56:28Z,2022-10,3.234,0.002,water-level-altimetry,DAHITI,2
8972,"Unnamed, River",31.0543,30.4622,2022-11-04T19:53:33Z,2022-11,3.666,0.029,water-level-altimetry,DAHITI,3
8972,"Unnamed, River",31.0543,30.4622,2022-11-14T17:52:05Z,2022-11,3.29,0.026,water-level-altimetry,DAHITI,3
8972,"Unnamed, River",31.0543,30.4622,2022-11-24T15:50:37Z,2022-11,3.458,0.009,water-level-altimetry,DAHITI,3
8972,"Unnamed, River",31.0543,30.4622,2022-12-04T13:49:09Z,2022-12,3.366,0.031,water-level-altimetry,DAHITI,3
8972,"Unnamed, River",31.0543,30.4622,2022-12-14T11:47:41Z,2022-12,3.109,0.048,water-level-altimetry,DAHITI,3
8972,"Unnamed, River",31.0543,30.4622,2022-12-24T09:46:11Z,2022-12,3.057,0.009,water-level-altimetry,DAHITI,3
8972,"Unnamed, River",31.0543,30.4622,2023-01-03T07:44:42Z,2023-01,2.852,0.058,water-level-altimetry,DAHITI,3
8972,"Unnamed, River",31.0543,30.4622,2023-01-13T05:43:12Z,2023-01,3.457,0.026,water-level-altimetry,DAHITI,3
8972,"Unnamed, River",31.0543,30.4622,2023-01-23T03:41:44Z,2023-01,3.206,0.003,water-level-altimetry,DAHITI,3
8972,"Unnamed, River",31.0543,30.4622,2023-02-02T01:40:16Z,2023-02,3.297,0.031,water-level-altimetry,DAHITI,2
8972,"Unnamed, River",31.0543,30.4622,2023-02-21T21:37:21Z,2023-02,2.72,0.036,water-level-altimetry,DAHITI,2
8972,"Unnamed, River",31.0543,30.4622,2023-03-03T19:35:53Z,2023-03,3.55,0.0,water-level-altimetry,DAHITI,3
8972,"Unnamed, River",31.0543,30.4622,2023-03-13T17:34:25Z,2023-03,3.597,0.012,water-level-altimetry,DAHITI,3
8972,"Unnamed, River",31.0543,30.4622,2023-03-23T15:32:56Z,2023-03,3.578,0.041,water-level-altimetry,DAHITI,3
8972,"Unnamed, River",31.0543,30.4622,2023-04-02T13:31:28Z,2023-04,3.565,0.064,water-level-altimetry,DAHITI,3
8972,"Unnamed, River",31.0543,30.4622,2023-04-12T11:29:59Z,2023-04,3.305,0.038,water-level-altimetry,DAHITI,3
8972,"Unnamed, River",31.0543,30.4622,2023-04-22T09:28:31Z,2023-04,3.614,0.017,water-level-altimetry,DAHITI,3
8972,"Unnamed, River",31.0543,30.4622,2023-05-02T07:27:02Z,2023-05,3.639,0.059,water-level-altimetry,DAHITI,3
8972,"Unnamed, River",31.0543,30.4622,2023-05-12T05:25:33Z,2023-05,3.957,0.063,water-level-altimetry,DAHITI,3
8972,"Unnamed, River",31.0543,30.4622,2023-05-22T03:24:03Z,2023-05,3.888,0.043,water-level-altimetry,DAHITI,3
8972,"Unnamed, River",31.0543,30.4622,2023-06-01T01:22:35Z,2023-06,3.846,0.0,water-level-altimetry,DAHITI,4
8972,"Unnamed, River",31.0543,30.4622,2023-06-10T23:21:07Z,2023-06,3.83,0.128,water-level-altimetry,DAHITI,4
8972,"Unnamed, River",31.0543,30.4622,2023-06-20T21:19:39Z,2023-06,3.792,0.177,water-level-altimetry,DAHITI,4
8972,"Unnamed, River",31.0543,30.4622,2023-06-30T19:18:11Z,2023-06,3.733,0.186,water-level-altimetry,DAHITI,4
8972,"Unnamed, River",31.0543,30.4622,2023-07-10T17:16:42Z,2023-07,3.99,0.002,water-level-altimetry,DAHITI,3
8972,"Unnamed, River",31.0543,30.4622,2023-07-20T15:15:13Z,2023-07,3.871,0.016,water-level-altimetry,DAHITI,3
8972,"Unnamed, River",31.0543,30.4622,2023-07-30T13:13:44Z,2023-07,3.944,0.007,water-level-altimetry,DAHITI,3
8972,"Unnamed, River",31.0543,30.4622,2023-08-09T11:12:16Z,2023-08,3.704,0.063,water-level-altimetry,DAHITI,3
8972,"Unnamed, River",31.0543,30.4622,2023-08-19T09:10:49Z,2023-08,3.921,0.058,water-level-altimetry,DAHITI,3
8972,"Unnamed, River",31.0543,30.4622,2023-08-29T07:09:21Z,2023-08,3.918,0.001,water-level-altimetry,DAHITI,3
8972,"Unnamed, River",31.0543,30.4622,2023-09-08T05:07:53Z,2023-09,3.734,0.017,water-level-altimetry,DAHITI,3
8972,"Unnamed, River",31.0543,30.4622,2023-09-18T03:06:24Z,2023-09,3.668,0.029,water-level-altimetry,DAHITI,3
8972,"Unnamed, River",31.0543,30.4622,2023-09-28T01:04:56Z,2023-09,3.851,0.005,water-level-altimetry,DAHITI,3
8972,"Unnamed, River",31.0543,30.4622,2023-10-07T23:03:28Z,2023-10,3.828,0.052,water-level-altimetry,DAHITI,2
8972,"Unnamed, River",31.0543,30.4622,2023-10-17T21:02:00Z,2023-10,3.397,0.015,water-level-altimetry,DAHITI,2
8972,"Unnamed, River",31.0543,30.4622,2023-11-06T16:59:02Z,2023-11,3.736,0.005,water-level-altimetry,DAHITI,3
8972,"Unnamed, River",31.0543,30.4622,2023-11-16T14:57:33Z,2023-11,3.351,0.013,water-level-altimetry,DAHITI,3
8972,"Unnamed, River",31.0543,30.4622,2023-11-26T12:56:03Z,2023-11,3.638,0.0,water-level-altimetry,DAHITI,3
8972,"Unnamed, River",31.0543,30.4622,2023-12-06T10:54:35Z,2023-12,3.587,0.002,water-level-altimetry,DAHITI,3
8972,"Unnamed, River",31.0543,30.4622,2023-12-16T08:53:08Z,2023-12,3.437,0.005,water-level-altimetry,DAHITI,3
8972,"Unnamed, River",31.0543,30.4622,2023-12-26T06:51:40Z,2023-12,3.127,0.014,water-level-altimetry,DAHITI,3
8972,"Unnamed, River",31.0543,30.4622,2024-01-05T04:50:12Z,2024-01,3.235,0.015,water-level-altimetry,DAHITI,3
8972,"Unnamed, River",31.0543,30.4622,2024-01-15T02:48:43Z,2024-01,3.263,0.008,water-level-altimetry,DAHITI,3
8972,"Unnamed, River",31.0543,30.4622,2024-01-25T00:47:15Z,2024-01,3.395,0.023,water-level-altimetry,DAHITI,3
8972,"Unnamed, River",31.0543,30.4622,2024-02-03T22:45:46Z,2024-02,3.054,0.019,water-level-altimetry,DAHITI,2
8972,"Unnamed, River",31.0543,30.4622,2024-02-23T18:42:48Z,2024-02,2.994,0.015,water-level-altimetry,DAHITI,2
8972,"Unnamed, River",31.0543,30.4622,2024-03-04T16:41:20Z,2024-03,3.466,0.014,water-level-altimetry,DAHITI,3
8972,"Unnamed, River",31.0543,30.4622,2024-03-14T14:39:52Z,2024-03,3.625,0.02,water-level-altimetry,DAHITI,3
8972,"Unnamed, River",31.0543,30.4622,2024-03-24T12:38:24Z,2024-03,3.49,0.01,water-level-altimetry,DAHITI,3
8972,"Unnamed, River",31.0543,30.4622,2024-04-03T10:36:56Z,2024-04,3.591,0.01,water-level-altimetry,DAHITI,3
8972,"Unnamed, River",31.0543,30.4622,2024-04-13T08:35:28Z,2024-04,3.428,0.104,water-level-altimetry,DAHITI,3
8972,"Unnamed, River",31.0543,30.4622,2024-04-23T06:34:00Z,2024-04,3.655,0.002,water-level-altimetry,DAHITI,3
8972,"Unnamed, River",31.0543,30.4622,2024-05-03T04:32:31Z,2024-05,3.657,0.042,water-level-altimetry,DAHITI,2
8972,"Unnamed, River",31.0543,30.4622,2024-05-13T02:31:03Z,2024-05,3.809,0.018,water-level-altimetry,DAHITI,2
8972,"Unnamed, River",31.0543,30.4622,2024-06-01T22:28:05Z,2024-06,3.969,0.084,water-level-altimetry,DAHITI,3
8972,"Unnamed, River",31.0543,30.4622,2024-06-11T20:26:38Z,2024-06,3.851,0.161,water-level-altimetry,DAHITI,3
8972,"Unnamed, River",31.0543,30.4622,2024-06-21T18:25:10Z,2024-06,3.882,0.287,water-level-altimetry,DAHITI,3
8972,"Unnamed, River",31.0543,30.4622,2024-07-11T14:22:14Z,2024-07,3.597,0.133,water-level-altimetry,DAHITI,3
8972,"Unnamed, River",31.0543,30.4622,2024-07-21T12:20:45Z,2024-07,3.628,0.01,water-level-altimetry,DAHITI,3
8972,"Unnamed, River",31.0543,30.4622,2024-07-31T10:19:17Z,2024-07,3.707,0.022,water-level-altimetry,DAHITI,3
8972,"Unnamed, River",31.0543,30.4622,2024-08-10T08:17:49Z,2024-08,3.917,0.032,water-level-altimetry,DAHITI,3
8972,"Unnamed, River",31.0543,30.4622,2024-08-20T06:16:20Z,2024-08,3.668,0.216,water-level-altimetry,DAHITI,3
8972,"Unnamed, River",31.0543,30.4622,2024-08-30T04:14:51Z,2024-08,3.79,0.044,water-level-altimetry,DAHITI,3
8972,"Unnamed, River",31.0543,30.4622,2024-09-09T02:13:21Z,2024-09,3.798,0.011,water-level-altimetry,DAHITI,3
8972,"Unnamed, River",31.0543,30.4622,2024-09-19T00:11:52Z,2024-09,3.747,0.003,water-level-altimetry,DAHITI,3
8972,"Unnamed, River",31.0543,30.4622,2024-09-28T22:10:25Z,2024-09,3.337,0.057,water-level-altimetry,DAHITI,3
8972,"Unnamed, River",31.0543,30.4622,2024-10-18T18:07:30Z,2024-10,3.822,0.041,water-level-altimetry,DAHITI,2
8972,"Unnamed, River",31.0543,30.4622,2024-10-28T16:06:02Z,2024-10,3.706,0.007,water-level-altimetry,DAHITI,2
8972,"Unnamed, River",31.0543,30.4622,2024-11-07T14:04:33Z,2024-11,3.642,0.01,water-level-altimetry,DAHITI,3
8972,"Unnamed, River",31.0543,30.4622,2024-11-17T12:03:04Z,2024-11,3.733,0.017,water-level-altimetry,DAHITI,3
8972,"Unnamed, River",31.0543,30.4622,2024-11-27T10:01:35Z,2024-11,3.433,0.02,water-level-altimetry,DAHITI,3
8972,"Unnamed, River",31.0543,30.4622,2024-12-07T08:00:06Z,2024-12,3.511,0.004,water-level-altimetry,DAHITI,3
8972,"Unnamed, River",31.0543,30.4622,2024-12-17T05:58:38Z,2024-12,3.473,0.026,water-level-altimetry,DAHITI,3
8972,"Unnamed, River",31.0543,30.4622,2024-12-27T03:57:10Z,2024-12,3.612,0.019,water-level-altimetry,DAHITI,3
8972,"Unnamed, River",31.0543,30.4622,2025-01-06T01:55:42Z,2025-01,3.26,0.023,water-level-altimetry,DAHITI,3
8972,"Unnamed, River",31.0543,30.4622,2025-01-15T23:54:14Z,2025-01,3.567,0.012,water-level-altimetry,DAHITI,3
8972,"Unnamed, River",31.0543,30.4622,2025-01-25T21:52:46Z,2025-01,3.412,0.036,water-level-altimetry,DAHITI,3
8972,"Unnamed, River",31.0543,30.4622,2025-02-04T19:51:17Z,2025-02,3.311,0.004,water-level-altimetry,DAHITI,3
8972,"Unnamed, River",31.0543,30.4622,2025-02-14T17:49:49Z,2025-02,3.523,0.032,water-level-altimetry,DAHITI,3
8972,"Unnamed, River",31.0543,30.4622,2025-02-24T15:48:20Z,2025-02,3.418,0.009,water-level-altimetry,DAHITI,3
8972,"Unnamed, River",31.0543,30.4622,2025-03-06T13:46:51Z,2025-03,3.708,0.045,water-level-altimetry,DAHITI,3
8972,"Unnamed, River",31.0543,30.4622,2025-03-16T11:45:22Z,2025-03,3.691,0.003,water-level-altimetry,DAHITI,3
8972,"Unnamed, River",31.0543,30.4622,2025-03-26T09:43:54Z,2025-03,3.617,0.001,water-level-altimetry,DAHITI,3
8972,"Unnamed, River",31.0543,30.4622,2025-04-05T07:42:27Z,2025-04,3.424,0.013,water-level-altimetry,DAHITI,3
8972,"Unnamed, River",31.0543,30.4622,2025-04-15T05:40:59Z,2025-04,3.504,0.018,water-level-altimetry,DAHITI,3
8972,"Unnamed, River",31.0543,30.4622,2025-04-25T03:39:31Z,2025-04,3.571,0.031,water-level-altimetry,DAHITI,3
8972,"Unnamed, River",31.0543,30.4622,2025-05-05T01:38:02Z,2025-05,3.429,0.004,water-level-altimetry,DAHITI,3
8972,"Unnamed, River",31.0543,30.4622,2025-05-14T23:36:34Z,2025-05,3.779,0.151,water-level-altimetry,DAHITI,3
8972,"Unnamed, River",31.0543,30.4622,2025-05-24T21:35:05Z,2025-05,3.753,0.018,water-level-altimetry,DAHITI,3
8972,"Unnamed, River",31.0543,30.4622,2025-06-03T19:33:37Z,2025-06,3.787,0.045,water-level-altimetry,DAHITI,3
8972,"Unnamed, River",31.0543,30.4622,2025-06-13T17:32:07Z,2025-06,3.852,0.053,water-level-altimetry,DAHITI,3
8972,"Unnamed, River",31.0543,30.4622,2025-06-23T15:30:39Z,2025-06,3.717,0.105,water-level-altimetry,DAHITI,3
8972,"Unnamed, River",31.0543,30.4622,2025-07-03T13:29:11Z,2025-07,3.703,0.162,water-level-altimetry,DAHITI,3
8972,"Unnamed, River",31.0543,30.4622,2025-07-13T11:27:43Z,2025-07,3.809,0.134,water-level-altimetry,DAHITI,3
8972,"Unnamed, River",31.0543,30.4622,2025-07-23T09:26:15Z,2025-07,3.753,0.161,water-level-altimetry,DAHITI,3
8972,"Unnamed, River",31.0543,30.4622,2025-08-02T07:24:47Z,2025-08,3.886,0.053,water-level-altimetry,DAHITI,3
8972,"Unnamed, River",31.0543,30.4622,2025-08-12T05:23:18Z,2025-08,3.926,0.059,water-level-altimetry,DAHITI,3
8972,"Unnamed, River",31.0543,30.4622,2025-08-22T03:21:50Z,2025-08,3.73,0.035,water-level-altimetry,DAHITI,3
8972,"Unnamed, River",31.0543,30.4622,2025-09-10T23:18:53Z,2025-09,3.742,0.021,water-level-altimetry,DAHITI,3
8972,"Unnamed, River",31.0543,30.4622,2025-09-20T21:17:24Z,2025-09,3.74,0.014,water-level-altimetry,DAHITI,3
8972,"Unnamed, River",31.0543,30.4622,2025-09-30T19:15:56Z,2025-09,3.927,0.015,water-level-altimetry,DAHITI,3
8972,"Unnamed, River",31.0543,30.4622,2025-10-10T17:14:26Z,2025-10,3.962,0.07,water-level-altimetry,DAHITI,2
8972,"Unnamed, River",31.0543,30.4622,2025-10-30T13:11:31Z,2025-10,3.902,0.14,water-level-altimetry,DAHITI,2
8972,"Unnamed, River",31.0543,30.4622,2025-11-09T11:10:03Z,2025-11,3.966,0.033,water-level-altimetry,DAHITI,2
8972,"Unnamed, River",31.0543,30.4622,2025-11-19T09:08:35Z,2025-11,3.878,0.029,water-level-altimetry,DAHITI,2
8972,"Unnamed, River",31.0543,30.4622,2025-12-09T05:05:38Z,2025-12,3.494,0.007,water-level-altimetry,DAHITI,3
8972,"Unnamed, River",31.0543,30.4622,2025-12-19T03:04:09Z,2025-12,3.24,0.008,water-level-altimetry,DAHITI,3
8972,"Unnamed, River",31.0543,30.4622,2025-12-29T01:02:40Z,2025-12,3.507,0.007,water-level-altimetry,DAHITI,3
8972,"Unnamed, River",31.0543,30.4622,2026-01-07T23:01:11Z,2026-01,3.607,0.008,water-level-altimetry,DAHITI,2
8972,"Unnamed, River",31.0543,30.4622,2026-01-27T18:58:16Z,2026-01,3.692,0.167,water-level-altimetry,DAHITI,2
8972,"Unnamed, River",31.0543,30.4622,2026-02-06T16:56:48Z,2026-02,3.873,0.0,water-level-altimetry,DAHITI,3
8972,"Unnamed, River",31.0543,30.4622,2026-02-16T14:55:20Z,2026-02,3.943,0.016,water-level-altimetry,DAHITI,3
8972,"Unnamed, River",31.0543,30.4622,2026-02-26T12:53:52Z,2026-02,3.539,0.067,water-level-altimetry,DAHITI,3
8972,"Unnamed, River",31.0543,30.4622,2026-03-08T10:52:24Z,2026-03,3.868,0.001,water-level-altimetry,DAHITI,2
8972,"Unnamed, River",31.0543,30.4622,2026-03-28T06:49:27Z,2026-03,3.46,0.001,water-level-altimetry,DAHITI,2
8972,"Unnamed, River",31.0543,30.4622,2026-04-07T04:47:58Z,2026-04,3.707,0.013,water-level-altimetry,DAHITI,3
8972,"Unnamed, River",31.0543,30.4622,2026-04-17T02:46:30Z,2026-04,3.574,0.077,water-level-altimetry,DAHITI,3
8972,"Unnamed, River",31.0543,30.4622,2026-04-27T00:45:00Z,2026-04,3.925,0.011,water-level-altimetry,DAHITI,3
8972,"Unnamed, River",31.0543,30.4622,2026-05-06T22:43:32Z,2026-05,3.788,0.036,water-level-altimetry,DAHITI,3
8972,"Unnamed, River",31.0543,30.4622,2026-05-16T20:42:02Z,2026-05,3.672,0.004,water-level-altimetry,DAHITI,3
8972,"Unnamed, River",31.0543,30.4622,2026-05-26T18:40:34Z,2026-05,3.943,0.023,water-level-altimetry,DAHITI,3
8972,"Unnamed, River",31.0543,30.4622,2026-06-05T16:39:06Z,2026-06,3.779,0.082,water-level-altimetry,DAHITI,3
8972,"Unnamed, River",31.0543,30.4622,2026-06-15T14:37:37Z,2026-06,3.894,0.057,water-level-altimetry,DAHITI,3
8972,"Unnamed, River",31.0543,30.4622,2026-06-25T12:36:09Z,2026-06,3.928,0.03,water-level-altimetry,DAHITI,3
8972,"Unnamed, River",31.0543,30.4622,2026-07-05T10:34:41Z,2026-07,3.864,0.022,water-level-altimetry,DAHITI,1
11691,"Nile, River",29.1145,31.1505,2016-05-03T19:36:00Z,2016-05,23.452,0.003,water-level-altimetry,DAHITI,2
11691,"Nile, River",29.1145,31.1505,2016-05-30T19:36:01Z,2016-05,24.532,0.008,water-level-altimetry,DAHITI,2
11691,"Nile, River",29.1145,31.1505,2016-06-26T19:36:03Z,2016-06,24.456,0.005,water-level-altimetry,DAHITI,1
11691,"Nile, River",29.1145,31.1505,2016-07-23T19:36:01Z,2016-07,24.311,0.038,water-level-altimetry,DAHITI,1
11691,"Nile, River",29.1145,31.1505,2016-08-19T19:36:00Z,2016-08,23.809,0.002,water-level-altimetry,DAHITI,1
11691,"Nile, River",29.1145,31.1505,2016-10-12T19:36:05Z,2016-10,22.92,0.016,water-level-altimetry,DAHITI,1
11691,"Nile, River",29.1145,31.1505,2016-11-08T19:36:02Z,2016-11,22.32,0.002,water-level-altimetry,DAHITI,1
11691,"Nile, River",29.1145,31.1505,2016-12-05T19:35:59Z,2016-12,22.144,0.012,water-level-altimetry,DAHITI,1
11691,"Nile, River",29.1145,31.1505,2017-01-01T19:36:01Z,2017-01,21.889,0.003,water-level-altimetry,DAHITI,2
11691,"Nile, River",29.1145,31.1505,2017-01-28T19:36:03Z,2017-01,21.78,0.01,water-level-altimetry,DAHITI,2
11691,"Nile, River",29.1145,31.1505,2017-02-24T19:36:01Z,2017-02,22.304,0.001,water-level-altimetry,DAHITI,1
11691,"Nile, River",29.1145,31.1505,2017-03-23T19:36:02Z,2017-03,22.799,0.012,water-level-altimetry,DAHITI,1
11691,"Nile, River",29.1145,31.1505,2017-04-19T19:36:06Z,2017-04,23.099,0.002,water-level-altimetry,DAHITI,1
11691,"Nile, River",29.1145,31.1505,2017-05-16T19:36:10Z,2017-05,23.918,0.011,water-level-altimetry,DAHITI,1
11691,"Nile, River",29.1145,31.1505,2017-06-12T19:36:12Z,2017-06,24.362,0.038,water-level-altimetry,DAHITI,1
11691,"Nile, River",29.1145,31.1505,2017-07-09T19:36:09Z,2017-07,24.311,0.002,water-level-altimetry,DAHITI,1
11691,"Nile, River",29.1145,31.1505,2017-08-05T19:36:07Z,2017-08,24.251,0.001,water-level-altimetry,DAHITI,1
11691,"Nile, River",29.1145,31.1505,2017-09-01T19:36:03Z,2017-09,23.087,0.006,water-level-altimetry,DAHITI,2
11691,"Nile, River",29.1145,31.1505,2017-09-28T19:36:05Z,2017-09,22.74,0.01,water-level-altimetry,DAHITI,2
11691,"Nile, River",29.1145,31.1505,2017-10-25T19:36:08Z,2017-10,22.803,0.005,water-level-altimetry,DAHITI,1
11691,"Nile, River",29.1145,31.1505,2017-11-21T19:36:06Z,2017-11,22.167,0.007,water-level-altimetry,DAHITI,1
11691,"Nile, River",29.1145,31.1505,2017-12-18T19:36:05Z,2017-12,22.075,0.009,water-level-altimetry,DAHITI,1
11691,"Nile, River",29.1145,31.1505,2018-01-14T19:36:09Z,2018-01,21.897,0.002,water-level-altimetry,DAHITI,1
11691,"Nile, River",29.1145,31.1505,2018-03-09T19:36:07Z,2018-03,22.669,0.008,water-level-altimetry,DAHITI,1
11691,"Nile, River",29.1145,31.1505,2018-04-05T19:36:10Z,2018-04,22.857,0.007,water-level-altimetry,DAHITI,1
11691,"Nile, River",29.1145,31.1505,2018-05-02T19:36:12Z,2018-05,23.182,0.011,water-level-altimetry,DAHITI,2
11691,"Nile, River",29.1145,31.1505,2018-05-29T19:36:12Z,2018-05,24.397,0.007,water-level-altimetry,DAHITI,2
11691,"Nile, River",29.1145,31.1505,2018-06-25T19:36:13Z,2018-06,23.857,0.001,water-level-altimetry,DAHITI,1
11691,"Nile, River",29.1145,31.1505,2018-07-22T19:36:11Z,2018-07,24.141,0.01,water-level-altimetry,DAHITI,1
11691,"Nile, River",29.1145,31.1505,2018-08-18T19:36:08Z,2018-08,23.465,0.001,water-level-altimetry,DAHITI,1
11691,"Nile, River",29.1145,31.1505,2018-09-14T19:36:09Z,2018-09,22.742,0.039,water-level-altimetry,DAHITI,1
11691,"Nile, River",29.1145,31.1505,2018-10-11T19:36:13Z,2018-10,22.9,0.004,water-level-altimetry,DAHITI,1
11691,"Nile, River",29.1145,31.1505,2018-11-07T19:36:13Z,2018-11,22.379,0.014,water-level-altimetry,DAHITI,1
11691,"Nile, River",29.1145,31.1505,2018-12-04T19:36:09Z,2018-12,21.772,0.006,water-level-altimetry,DAHITI,2
11691,"Nile, River",29.1145,31.1505,2018-12-31T19:36:09Z,2018-12,21.582,0.01,water-level-altimetry,DAHITI,2
11691,"Nile, River",29.1145,31.1505,2019-01-27T19:36:11Z,2019-01,21.843,0.0,water-level-altimetry,DAHITI,1
11691,"Nile, River",29.1145,31.1505,2019-02-23T19:36:11Z,2019-02,22.589,0.004,water-level-altimetry,DAHITI,1
11691,"Nile, River",29.1145,31.1505,2019-03-22T19:36:11Z,2019-03,22.592,0.003,water-level-altimetry,DAHITI,1
11691,"Nile, River",29.1145,31.1505,2019-04-18T19:36:16Z,2019-04,23.011,0.01,water-level-altimetry,DAHITI,1
11691,"Nile, River",29.1145,31.1505,2019-05-15T19:36:18Z,2019-05,23.89,0.002,water-level-altimetry,DAHITI,1
11691,"Nile, River",29.1145,31.1505,2019-06-11T19:36:16Z,2019-06,24.508,0.002,water-level-altimetry,DAHITI,1
11691,"Nile, River",29.1145,31.1505,2019-08-04T19:36:15Z,2019-08,24.368,0.002,water-level-altimetry,DAHITI,2
11691,"Nile, River",29.1145,31.1505,2019-08-31T19:36:11Z,2019-08,23.35,0.004,water-level-altimetry,DAHITI,2
11691,"Nile, River",29.1145,31.1505,2019-09-27T19:36:15Z,2019-09,23.479,0.015,water-level-altimetry,DAHITI,1
11691,"Nile, River",29.1145,31.1505,2019-10-24T19:36:15Z,2019-10,24.493,0.001,water-level-altimetry,DAHITI,1
11691,"Nile, River",29.1145,31.1505,2019-11-20T19:36:12Z,2019-11,22.714,0.017,water-level-altimetry,DAHITI,1
11691,"Nile, River",29.1145,31.1505,2019-12-17T19:36:10Z,2019-12,22.058,0.018,water-level-altimetry,DAHITI,1
11691,"Nile, River",29.1145,31.1505,2020-01-13T19:36:13Z,2020-01,22.482,0.006,water-level-altimetry,DAHITI,1
11691,"Nile, River",29.1145,31.1505,2020-02-09T19:36:14Z,2020-02,22.35,0.004,water-level-altimetry,DAHITI,1
11691,"Nile, River",29.1145,31.1505,2020-03-07T19:36:12Z,2020-03,22.677,0.009,water-level-altimetry,DAHITI,1
11691,"Nile, River",29.1145,31.1505,2020-04-30T19:36:21Z,2020-04,23.699,0.005,water-level-altimetry,DAHITI,1
11691,"Nile, River",29.1145,31.1505,2020-05-27T19:36:21Z,2020-05,24.468,0.039,water-level-altimetry,DAHITI,1
11691,"Nile, River",29.1145,31.1505,2020-06-23T19:36:20Z,2020-06,24.509,0.004,water-level-altimetry,DAHITI,1
11691,"Nile, River",29.1145,31.1505,2020-07-20T19:36:20Z,2020-07,24.601,0.002,water-level-altimetry,DAHITI,1
11691,"Nile, River",29.1145,31.1505,2020-08-16T19:36:18Z,2020-08,23.949,0.0,water-level-altimetry,DAHITI,1
11691,"Nile, River",29.1145,31.1505,2020-09-12T19:36:17Z,2020-09,24.718,0.002,water-level-altimetry,DAHITI,1
11691,"Nile, River",29.1145,31.1505,2020-10-09T19:36:19Z,2020-10,23.972,0.002,water-level-altimetry,DAHITI,1
11691,"Nile, River",29.1145,31.1505,2020-11-05T19:36:18Z,2020-11,22.907,0.002,water-level-altimetry,DAHITI,1
11691,"Nile, River",29.1145,31.1505,2020-12-29T19:36:16Z,2020-12,22.315,0.003,water-level-altimetry,DAHITI,1
11691,"Nile, River",29.1145,31.1505,2021-01-25T19:36:20Z,2021-01,22.131,0.042,water-level-altimetry,DAHITI,1
11691,"Nile, River",29.1145,31.1505,2021-02-21T19:36:20Z,2021-02,22.777,0.009,water-level-altimetry,DAHITI,1
11691,"Nile, River",29.1145,31.1505,2021-03-20T19:36:17Z,2021-03,22.736,0.007,water-level-altimetry,DAHITI,1
11691,"Nile, River",29.1145,31.1505,2021-04-16T19:36:23Z,2021-04,22.877,0.007,water-level-altimetry,DAHITI,1
11691,"Nile, River",29.1145,31.1505,2021-06-09T19:36:25Z,2021-06,24.43,0.006,water-level-altimetry,DAHITI,1
11691,"Nile, River",29.1145,31.1505,2021-07-06T19:36:26Z,2021-07,24.14,0.002,water-level-altimetry,DAHITI,1
11691,"Nile, River",29.1145,31.1505,2021-08-02T19:36:23Z,2021-08,24.351,0.008,water-level-altimetry,DAHITI,2
11691,"Nile, River",29.1145,31.1505,2021-08-29T19:36:21Z,2021-08,24.73,0.002,water-level-altimetry,DAHITI,2
11691,"Nile, River",29.1145,31.1505,2021-09-25T19:36:23Z,2021-09,23.321,0.032,water-level-altimetry,DAHITI,1
11691,"Nile, River",29.1145,31.1505,2021-10-22T19:36:23Z,2021-10,22.772,0.004,water-level-altimetry,DAHITI,1
11691,"Nile, River",29.1145,31.1505,2021-11-18T19:36:23Z,2021-11,22.775,0.005,water-level-altimetry,DAHITI,1
11691,"Nile, River",29.1145,31.1505,2021-12-15T19:36:20Z,2021-12,22.114,0.006,water-level-altimetry,DAHITI,1
11691,"Nile, River",29.1145,31.1505,2022-01-11T19:36:24Z,2022-01,22.215,0.012,water-level-altimetry,DAHITI,1
11691,"Nile, River",29.1145,31.1505,2022-02-07T19:36:27Z,2022-02,22.337,0.003,water-level-altimetry,DAHITI,1
11691,"Nile, River",29.1145,31.1505,2022-03-06T19:36:23Z,2022-03,22.68,0.002,water-level-altimetry,DAHITI,1
11691,"Nile, River",29.1145,31.1505,2022-04-02T19:36:26Z,2022-04,22.634,0.005,water-level-altimetry,DAHITI,2
11691,"Nile, River",29.1145,31.1505,2022-04-29T19:36:28Z,2022-04,23.325,0.019,water-level-altimetry,DAHITI,2
11691,"Nile, River",29.1145,31.1505,2022-06-22T19:36:26Z,2022-06,24.302,0.005,water-level-altimetry,DAHITI,1
11691,"Nile, River",29.1145,31.1505,2022-07-19T19:36:22Z,2022-07,24.351,0.002,water-level-altimetry,DAHITI,1
11691,"Nile, River",29.1145,31.1505,2022-08-15T19:36:20Z,2022-08,24.329,0.006,water-level-altimetry,DAHITI,1
11691,"Nile, River",29.1145,31.1505,2022-09-11T19:36:21Z,2022-09,24.213,0.007,water-level-altimetry,DAHITI,1
11691,"Nile, River",29.1145,31.1505,2022-10-08T19:36:21Z,2022-10,23.374,0.0,water-level-altimetry,DAHITI,1
11691,"Nile, River",29.1145,31.1505,2022-11-04T19:36:20Z,2022-11,24.281,0.013,water-level-altimetry,DAHITI,1
11691,"Nile, River",29.1145,31.1505,2022-12-01T19:36:17Z,2022-12,22.96,0.002,water-level-altimetry,DAHITI,2
11691,"Nile, River",29.1145,31.1505,2022-12-28T19:36:17Z,2022-12,22.124,0.0,water-level-altimetry,DAHITI,2
11691,"Nile, River",29.1145,31.1505,2023-01-24T19:36:21Z,2023-01,22.392,0.012,water-level-altimetry,DAHITI,1
11691,"Nile, River",29.1145,31.1505,2023-02-20T19:36:19Z,2023-02,22.491,0.003,water-level-altimetry,DAHITI,1
11691,"Nile, River",29.1145,31.1505,2023-03-19T19:36:22Z,2023-03,22.975,0.006,water-level-altimetry,DAHITI,1
11691,"Nile, River",29.1145,31.1505,2023-05-12T19:36:24Z,2023-05,24.243,0.008,water-level-altimetry,DAHITI,1
11691,"Nile, River",29.1145,31.1505,2023-06-08T19:36:22Z,2023-06,24.476,0.002,water-level-altimetry,DAHITI,1
11691,"Nile, River",29.1145,31.1505,2023-07-05T19:36:18Z,2023-07,24.344,0.001,water-level-altimetry,DAHITI,1
11691,"Nile, River",29.1145,31.1505,2023-08-01T19:36:16Z,2023-08,24.504,0.001,water-level-altimetry,DAHITI,2
11691,"Nile, River",29.1145,31.1505,2023-08-28T19:36:14Z,2023-08,24.226,0.056,water-level-altimetry,DAHITI,2
11691,"Nile, River",29.1145,31.1505,2023-09-24T19:36:16Z,2023-09,23.204,0.002,water-level-altimetry,DAHITI,1
11691,"Nile, River",29.1145,31.1505,2023-10-21T19:36:18Z,2023-10,22.885,0.021,water-level-altimetry,DAHITI,1
11691,"Nile, River",29.1145,31.1505,2023-11-17T19:36:15Z,2023-11,22.523,0.007,water-level-altimetry,DAHITI,1
11691,"Nile, River",29.1145,31.1505,2023-12-14T19:36:17Z,2023-12,22.819,0.001,water-level-altimetry,DAHITI,1
11691,"Nile, River",29.1145,31.1505,2024-01-10T19:36:20Z,2024-01,22.596,0.012,water-level-altimetry,DAHITI,1
11691,"Nile, River",29.1145,31.1505,2024-02-06T19:36:21Z,2024-02,22.624,0.001,water-level-altimetry,DAHITI,1
11691,"Nile, River",29.1145,31.1505,2024-03-04T19:36:18Z,2024-03,22.573,0.003,water-level-altimetry,DAHITI,2
11691,"Nile, River",29.1145,31.1505,2024-03-31T19:36:22Z,2024-03,23.093,0.003,water-level-altimetry,DAHITI,2
11691,"Nile, River",29.1145,31.1505,2024-04-27T19:36:23Z,2024-04,23.231,0.015,water-level-altimetry,DAHITI,1
11691,"Nile, River",29.1145,31.1505,2024-05-24T19:36:24Z,2024-05,24.082,0.008,water-level-altimetry,DAHITI,1
11691,"Nile, River",29.1145,31.1505,2024-06-20T19:36:24Z,2024-06,24.44,0.001,water-level-altimetry,DAHITI,1
11691,"Nile, River",29.1145,31.1505,2024-07-17T19:36:23Z,2024-07,24.478,0.004,water-level-altimetry,DAHITI,1
11691,"Nile, River",29.1145,31.1505,2024-08-13T19:36:19Z,2024-08,24.313,0.004,water-level-altimetry,DAHITI,1
11691,"Nile, River",29.1145,31.1505,2024-09-09T19:36:16Z,2024-09,23.233,0.012,water-level-altimetry,DAHITI,1
11691,"Nile, River",29.1145,31.1505,2024-10-06T19:36:19Z,2024-10,23.902,0.004,water-level-altimetry,DAHITI,1
11691,"Nile, River",29.1145,31.1505,2024-11-02T19:36:20Z,2024-11,23.525,0.006,water-level-altimetry,DAHITI,2
11691,"Nile, River",29.1145,31.1505,2024-11-29T19:36:18Z,2024-11,23.016,0.012,water-level-altimetry,DAHITI,2
11691,"Nile, River",29.1145,31.1505,2024-12-26T19:36:17Z,2024-12,22.681,0.008,water-level-altimetry,DAHITI,1
11691,"Nile, River",29.1145,31.1505,2025-01-22T19:36:22Z,2025-01,23.37,0.007,water-level-altimetry,DAHITI,1
11691,"Nile, River",29.1145,31.1505,2025-02-18T19:36:23Z,2025-02,23.038,0.033,water-level-altimetry,DAHITI,1
11691,"Nile, River",29.1145,31.1505,2025-03-17T19:36:20Z,2025-03,23.398,0.001,water-level-altimetry,DAHITI,1
11691,"Nile, River",29.1145,31.1505,2025-04-13T19:36:26Z,2025-04,23.906,0.013,water-level-altimetry,DAHITI,1
11691,"Nile, River",29.1145,31.1505,2025-05-10T19:36:27Z,2025-05,23.754,0.002,water-level-altimetry,DAHITI,1
11691,"Nile, River",29.1145,31.1505,2025-06-06T19:36:28Z,2025-06,24.54,0.005,water-level-altimetry,DAHITI,1
11691,"Nile, River",29.1145,31.1505,2025-07-03T19:36:28Z,2025-07,24.581,0.0,water-level-altimetry,DAHITI,2
11691,"Nile, River",29.1145,31.1505,2025-07-30T19:36:28Z,2025-07,24.493,0.005,water-level-altimetry,DAHITI,2
11691,"Nile, River",29.1145,31.1505,2025-08-26T19:36:25Z,2025-08,24.242,0.003,water-level-altimetry,DAHITI,1
11691,"Nile, River",29.1145,31.1505,2025-09-22T19:36:26Z,2025-09,24.276,0.002,water-level-altimetry,DAHITI,1
11691,"Nile, River",29.1145,31.1505,2025-10-19T19:36:28Z,2025-10,24.268,0.002,water-level-altimetry,DAHITI,1
11691,"Nile, River",29.1145,31.1505,2025-11-15T19:36:27Z,2025-11,24.116,0.004,water-level-altimetry,DAHITI,1
11691,"Nile, River",29.1145,31.1505,2025-12-12T19:36:23Z,2025-12,23.849,0.006,water-level-altimetry,DAHITI,1
11691,"Nile, River",29.1145,31.1505,2026-01-08T19:36:27Z,2026-01,23.646,0.003,water-level-altimetry,DAHITI,1
11691,"Nile, River",29.1145,31.1505,2026-02-04T19:36:29Z,2026-02,23.423,0.0,water-level-altimetry,DAHITI,1
11691,"Nile, River",29.1145,31.1505,2026-03-03T19:36:31Z,2026-03,23.883,0.001,water-level-altimetry,DAHITI,2
11691,"Nile, River",29.1145,31.1505,2026-03-30T19:36:33Z,2026-03,24.341,0.034,water-level-altimetry,DAHITI,2
11691,"Nile, River",29.1145,31.1505,2026-04-26T19:36:34Z,2026-04,24.595,0.001,water-level-altimetry,DAHITI,1
11691,"Nile, River",29.1145,31.1505,2026-05-23T19:36:36Z,2026-05,24.518,0.008,water-level-altimetry,DAHITI,1
11691,"Nile, River",29.1145,31.1505,2026-06-19T19:36:35Z,2026-06,24.682,0.005,water-level-altimetry,DAHITI,1
11691,"Nile, River",29.1145,31.1505,2026-07-16T19:36:35Z,2026-07,24.581,0.002,water-level-altimetry,DAHITI,1
11691,"Nile, River",29.1145,31.1505,2026-08-12T19:36:33Z,2026-08,24.535,0.0,water-level-altimetry,DAHITI,1
15059,"Nile, River",26.2397,32.0088,2016-05-19T08:08:56Z,2016-05,60.075,0.012,water-level-altimetry,DAHITI,1
15059,"Nile, River",26.2397,32.0088,2016-06-15T08:08:57Z,2016-06,60.222,0.012,water-level-altimetry,DAHITI,1
15059,"Nile, River",26.2397,32.0088,2016-07-12T08:08:57Z,2016-07,60.28,0.03,water-level-altimetry,DAHITI,1
15059,"Nile, River",26.2397,32.0088,2016-08-08T08:08:56Z,2016-08,59.938,0.019,water-level-altimetry,DAHITI,1
15059,"Nile, River",26.2397,32.0088,2016-09-04T08:08:55Z,2016-09,58.561,0.062,water-level-altimetry,DAHITI,1
15059,"Nile, River",26.2397,32.0088,2016-10-01T08:09:00Z,2016-10,58.564,0.064,water-level-altimetry,DAHITI,1
15059,"Nile, River",26.2397,32.0088,2016-11-24T08:08:56Z,2016-11,57.845,0.025,water-level-altimetry,DAHITI,1
15059,"Nile, River",26.2397,32.0088,2017-02-13T08:08:57Z,2017-02,58.185,0.445,water-level-altimetry,DAHITI,1
15059,"Nile, River",26.2397,32.0088,2017-03-12T08:08:56Z,2017-03,58.418,0.019,water-level-altimetry,DAHITI,1
15059,"Nile, River",26.2397,32.0088,2017-04-08T08:09:00Z,2017-04,58.49,0.066,water-level-altimetry,DAHITI,1
15059,"Nile, River",26.2397,32.0088,2017-05-05T08:09:03Z,2017-05,59.345,0.013,water-level-altimetry,DAHITI,1
15059,"Nile, River",26.2397,32.0088,2017-07-25T08:09:03Z,2017-07,60.161,0.033,water-level-altimetry,DAHITI,1
15059,"Nile, River",26.2397,32.0088,2017-09-17T08:08:59Z,2017-09,58.28,0.02,water-level-altimetry,DAHITI,1
15059,"Nile, River",26.2397,32.0088,2017-10-14T08:09:03Z,2017-10,58.386,0.023,water-level-altimetry,DAHITI,1
15059,"Nile, River",26.2397,32.0088,2017-11-10T08:09:03Z,2017-11,57.746,0.021,water-level-altimetry,DAHITI,1
15059,"Nile, River",26.2397,32.0088,2018-02-26T08:09:04Z,2018-02,58.167,0.032,water-level-altimetry,DAHITI,1
15059,"Nile, River",26.2397,32.0088,2018-03-25T08:09:03Z,2018-03,58.321,0.074,water-level-altimetry,DAHITI,1
15059,"Nile, River",26.2397,32.0088,2018-04-21T08:09:07Z,2018-04,58.874,0.009,water-level-altimetry,DAHITI,1
15059,"Nile, River",26.2397,32.0088,2018-05-18T08:09:07Z,2018-05,60.105,0.031,water-level-altimetry,DAHITI,1
15059,"Nile, River",26.2397,32.0088,2018-06-14T08:09:08Z,2018-06,59.736,0.021,water-level-altimetry,DAHITI,1
15059,"Nile, River",26.2397,32.0088,2018-07-11T08:09:07Z,2018-07,59.943,0.004,water-level-altimetry,DAHITI,1
15059,"Nile, River",26.2397,32.0088,2018-08-07T08:09:04Z,2018-08,59.576,0.003,water-level-altimetry,DAHITI,1
15059,"Nile, River",26.2397,32.0088,2018-09-03T08:09:02Z,2018-09,58.309,0.029,water-level-altimetry,DAHITI,2
15059,"Nile, River",26.2397,32.0088,2018-09-30T08:09:07Z,2018-09,58.566,0.002,water-level-altimetry,DAHITI,2
15059,"Nile, River",26.2397,32.0088,2019-02-12T08:09:07Z,2019-02,58.043,0.002,water-level-altimetry,DAHITI,1
15059,"Nile, River",26.2397,32.0088,2019-04-07T08:09:09Z,2019-04,58.372,0.026,water-level-altimetry,DAHITI,1
15059,"Nile, River",26.2397,32.0088,2019-05-04T08:09:13Z,2019-05,59.069,0.006,water-level-altimetry,DAHITI,2
15059,"Nile, River",26.2397,32.0088,2019-05-31T08:09:12Z,2019-05,60.385,0.005,water-level-altimetry,DAHITI,2
15059,"Nile, River",26.2397,32.0088,2019-06-27T08:09:12Z,2019-06,60.277,0.004,water-level-altimetry,DAHITI,1
15059,"Nile, River",26.2397,32.0088,2019-07-24T08:09:11Z,2019-07,60.213,0.019,water-level-altimetry,DAHITI,1
15059,"Nile, River",26.2397,32.0088,2019-08-20T08:09:07Z,2019-08,58.753,0.01,water-level-altimetry,DAHITI,1
15059,"Nile, River",26.2397,32.0088,2019-09-16T08:09:09Z,2019-09,59.255,0.016,water-level-altimetry,DAHITI,1
15059,"Nile, River",26.2397,32.0088,2019-10-13T08:09:11Z,2019-10,60.122,0.008,water-level-altimetry,DAHITI,1
15059,"Nile, River",26.2397,32.0088,2020-01-02T08:09:08Z,2020-01,58.018,0.057,water-level-altimetry,DAHITI,2
15059,"Nile, River",26.2397,32.0088,2020-01-29T08:09:09Z,2020-01,57.81,0.08,water-level-altimetry,DAHITI,2
15059,"Nile, River",26.2397,32.0088,2020-02-25T08:09:08Z,2020-02,58.241,0.014,water-level-altimetry,DAHITI,1
15059,"Nile, River",26.2397,32.0088,2020-03-23T08:09:10Z,2020-03,57.798,0.009,water-level-altimetry,DAHITI,1
15059,"Nile, River",26.2397,32.0088,2020-04-19T08:09:15Z,2020-04,59.102,0.023,water-level-altimetry,DAHITI,1
15059,"Nile, River",26.2397,32.0088,2020-05-16T08:09:16Z,2020-05,60.331,0.01,water-level-altimetry,DAHITI,1
15059,"Nile, River",26.2397,32.0088,2020-06-12T08:09:15Z,2020-06,60.381,0.023,water-level-altimetry,DAHITI,1
15059,"Nile, River",26.2397,32.0088,2020-07-09T08:09:15Z,2020-07,60.451,0.01,water-level-altimetry,DAHITI,1
15059,"Nile, River",26.2397,32.0088,2020-08-05T08:09:14Z,2020-08,59.938,0.004,water-level-altimetry,DAHITI,1
15059,"Nile, River",26.2397,32.0088,2020-09-01T08:09:10Z,2020-09,60.201,0.0,water-level-altimetry,DAHITI,2
15059,"Nile, River",26.2397,32.0088,2020-09-28T08:09:13Z,2020-09,59.874,0.001,water-level-altimetry,DAHITI,2
15059,"Nile, River",26.2397,32.0088,2020-10-25T08:09:14Z,2020-10,58.364,0.087,water-level-altimetry,DAHITI,1
15059,"Nile, River",26.2397,32.0088,2020-11-21T08:09:10Z,2020-11,57.623,0.025,water-level-altimetry,DAHITI,1
15059,"Nile, River",26.2397,32.0088,2020-12-18T08:09:07Z,2020-12,58.28,0.143,water-level-altimetry,DAHITI,1
15059,"Nile, River",26.2397,32.0088,2021-02-10T08:09:16Z,2021-02,57.99,0.023,water-level-altimetry,DAHITI,1
15059,"Nile, River",26.2397,32.0088,2021-03-09T08:09:13Z,2021-03,58.374,0.012,water-level-altimetry,DAHITI,1
15059,"Nile, River",26.2397,32.0088,2021-04-05T08:09:16Z,2021-04,58.506,0.008,water-level-altimetry,DAHITI,1
15059,"Nile, River",26.2397,32.0088,2021-06-25T08:09:21Z,2021-06,59.863,0.064,water-level-altimetry,DAHITI,1
15059,"Nile, River",26.2397,32.0088,2021-07-22T08:09:20Z,2021-07,60.34,0.001,water-level-altimetry,DAHITI,1
15059,"Nile, River",26.2397,32.0088,2021-08-18T08:09:17Z,2021-08,60.448,0.026,water-level-altimetry,DAHITI,1
15059,"Nile, River",26.2397,32.0088,2021-09-14T08:09:16Z,2021-09,58.937,0.01,water-level-altimetry,DAHITI,1
15059,"Nile, River",26.2397,32.0088,2021-10-11T08:09:19Z,2021-10,58.521,0.025,water-level-altimetry,DAHITI,1
15059,"Nile, River",26.2397,32.0088,2021-11-07T08:09:17Z,2021-11,58.536,0.014,water-level-altimetry,DAHITI,1
15059,"Nile, River",26.2397,32.0088,2021-12-04T08:09:16Z,2021-12,57.68,0.007,water-level-altimetry,DAHITI,1
15059,"Nile, River",26.2397,32.0088,2022-01-27T08:09:22Z,2022-01,57.907,0.011,water-level-altimetry,DAHITI,1
15059,"Nile, River",26.2397,32.0088,2022-02-23T08:09:19Z,2022-02,58.443,0.042,water-level-altimetry,DAHITI,1
15059,"Nile, River",26.2397,32.0088,2022-04-18T08:09:22Z,2022-04,58.938,0.023,water-level-altimetry,DAHITI,1
15059,"Nile, River",26.2397,32.0088,2022-05-15T08:09:21Z,2022-05,59.973,0.059,water-level-altimetry,DAHITI,1
15059,"Nile, River",26.2397,32.0088,2022-06-11T08:09:21Z,2022-06,60.108,0.008,water-level-altimetry,DAHITI,1
15059,"Nile, River",26.2397,32.0088,2022-08-04T08:09:16Z,2022-08,60.131,0.008,water-level-altimetry,DAHITI,2
15059,"Nile, River",26.2397,32.0088,2022-08-31T08:09:14Z,2022-08,59.65,0.032,water-level-altimetry,DAHITI,2
15059,"Nile, River",26.2397,32.0088,2022-09-27T08:09:17Z,2022-09,58.717,0.004,water-level-altimetry,DAHITI,1
15059,"Nile, River",26.2397,32.0088,2022-10-24T08:09:16Z,2022-10,59.757,0.0,water-level-altimetry,DAHITI,1
15059,"Nile, River",26.2397,32.0088,2022-11-20T08:09:13Z,2022-11,58.354,0.005,water-level-altimetry,DAHITI,1
15059,"Nile, River",26.2397,32.0088,2022-12-17T08:09:13Z,2022-12,57.732,0.076,water-level-altimetry,DAHITI,1
15059,"Nile, River",26.2397,32.0088,2023-01-13T08:09:15Z,2023-01,57.397,0.01,water-level-altimetry,DAHITI,1
15059,"Nile, River",26.2397,32.0088,2023-02-09T08:09:16Z,2023-02,57.951,0.084,water-level-altimetry,DAHITI,1
15059,"Nile, River",26.2397,32.0088,2023-03-08T08:09:15Z,2023-03,58.366,0.053,water-level-altimetry,DAHITI,1
15059,"Nile, River",26.2397,32.0088,2023-04-04T08:09:19Z,2023-04,58.694,0.035,water-level-altimetry,DAHITI,1
15059,"Nile, River",26.2397,32.0088,2023-06-24T08:09:15Z,2023-06,60.058,0.054,water-level-altimetry,DAHITI,1
15059,"Nile, River",26.2397,32.0088,2023-07-21T08:09:13Z,2023-07,60.268,0.048,water-level-altimetry,DAHITI,1
15059,"Nile, River",26.2397,32.0088,2023-08-17T08:09:08Z,2023-08,60.255,0.026,water-level-altimetry,DAHITI,1
15059,"Nile, River",26.2397,32.0088,2023-11-06T08:09:11Z,2023-11,58.046,0.017,water-level-altimetry,DAHITI,1
15059,"Nile, River",26.2397,32.0088,2023-12-03T08:09:10Z,2023-12,58.272,0.051,water-level-altimetry,DAHITI,2
15059,"Nile, River",26.2397,32.0088,2023-12-30T08:09:14Z,2023-12,57.857,0.033,water-level-altimetry,DAHITI,2
15059,"Nile, River",26.2397,32.0088,2024-01-26T08:09:14Z,2024-01,58.414,0.062,water-level-altimetry,DAHITI,1
15059,"Nile, River",26.2397,32.0088,2024-03-20T08:09:15Z,2024-03,58.598,0.016,water-level-altimetry,DAHITI,1
15059,"Nile, River",26.2397,32.0088,2024-04-16T08:09:19Z,2024-04,58.837,0.009,water-level-altimetry,DAHITI,1
15059,"Nile, River",26.2397,32.0088,2024-05-13T08:09:20Z,2024-05,59.418,0.152,water-level-altimetry,DAHITI,1
15059,"Nile, River",26.2397,32.0088,2024-07-06T08:09:18Z,2024-07,60.31,0.001,water-level-altimetry,DAHITI,1
15059,"Nile, River",26.2397,32.0088,2024-08-02T08:09:16Z,2024-08,60.22,0.002,water-level-altimetry,DAHITI,1
15059,"Nile, River",26.2397,32.0088,2024-09-25T08:09:15Z,2024-09,59.466,0.001,water-level-altimetry,DAHITI,1
15059,"Nile, River",26.2397,32.0088,2024-10-22T08:09:16Z,2024-10,59.218,0.007,water-level-altimetry,DAHITI,1
15059,"Nile, River",26.2397,32.0088,2024-11-18T08:09:14Z,2024-11,58.691,0.006,water-level-altimetry,DAHITI,1
15059,"Nile, River",26.2397,32.0088,2024-12-15T08:09:10Z,2024-12,58.222,0.029,water-level-altimetry,DAHITI,1
15059,"Nile, River",26.2397,32.0088,2025-02-07T08:09:17Z,2025-02,58.438,0.054,water-level-altimetry,DAHITI,1
15059,"Nile, River",26.2397,32.0088,2025-04-02T08:09:17Z,2025-04,59.556,0.015,water-level-altimetry,DAHITI,2
15059,"Nile, River",26.2397,32.0088,2025-04-29T08:09:22Z,2025-04,59.667,0.019,water-level-altimetry,DAHITI,2
15059,"Nile, River",26.2397,32.0088,2025-05-26T08:09:24Z,2025-05,60.159,0.013,water-level-altimetry,DAHITI,1
15059,"Nile, River",26.2397,32.0088,2025-06-22T08:09:24Z,2025-06,60.197,0.006,water-level-altimetry,DAHITI,1
15059,"Nile, River",26.2397,32.0088,2025-07-19T08:09:24Z,2025-07,60.228,0.017,water-level-altimetry,DAHITI,1
15059,"Nile, River",26.2397,32.0088,2025-09-11T08:09:19Z,2025-09,59.735,0.051,water-level-altimetry,DAHITI,1
15059,"Nile, River",26.2397,32.0088,2025-10-08T08:09:22Z,2025-10,59.72,0.003,water-level-altimetry,DAHITI,1
15059,"Nile, River",26.2397,32.0088,2025-11-04T08:09:24Z,2025-11,59.559,0.035,water-level-altimetry,DAHITI,1
15059,"Nile, River",26.2397,32.0088,2025-12-28T08:09:21Z,2025-12,58.879,0.026,water-level-altimetry,DAHITI,1
15059,"Nile, River",26.2397,32.0088,2026-02-20T08:09:26Z,2026-02,59.406,0.007,water-level-altimetry,DAHITI,1
15059,"Nile, River",26.2397,32.0088,2026-04-15T08:09:30Z,2026-04,60.082,0.031,water-level-altimetry,DAHITI,1
15059,"Nile, River",26.2397,32.0088,2026-05-12T08:09:31Z,2026-05,60.191,0.004,water-level-altimetry,DAHITI,1
15059,"Nile, River",26.2397,32.0088,2026-06-08T08:09:31Z,2026-06,60.387,0.005,water-level-altimetry,DAHITI,1
15059,"Nile, River",26.2397,32.0088,2026-07-05T08:09:31Z,2026-07,60.387,0.019,water-level-altimetry,DAHITI,1
15289,"Nile, River",26.1016,32.4188,2019-03-09T19:33:17Z,2019-03,66.077,0.012,water-level-altimetry,DAHITI,1
15289,"Nile, River",26.1016,32.4188,2019-05-02T19:33:19Z,2019-05,66.311,0.04,water-level-altimetry,DAHITI,2
15289,"Nile, River",26.1016,32.4188,2019-05-29T19:33:14Z,2019-05,66.997,0.022,water-level-altimetry,DAHITI,2
15289,"Nile, River",26.1016,32.4188,2019-06-25T19:33:12Z,2019-06,66.927,0.017,water-level-altimetry,DAHITI,1
15289,"Nile, River",26.1016,32.4188,2019-07-22T19:33:15Z,2019-07,66.927,0.009,water-level-altimetry,DAHITI,1
15289,"Nile, River",26.1016,32.4188,2019-08-18T19:33:15Z,2019-08,66.334,0.043,water-level-altimetry,DAHITI,1
15289,"Nile, River",26.1016,32.4188,2019-09-14T19:33:14Z,2019-09,66.431,0.046,water-level-altimetry,DAHITI,1
15289,"Nile, River",26.1016,32.4188,2019-10-11T19:33:11Z,2019-10,66.926,0.044,water-level-altimetry,DAHITI,1
15289,"Nile, River",26.1016,32.4188,2019-11-07T19:33:14Z,2019-11,65.858,0.038,water-level-altimetry,DAHITI,1
15289,"Nile, River",26.1016,32.4188,2020-01-27T19:33:12Z,2020-01,65.926,0.098,water-level-altimetry,DAHITI,1
15289,"Nile, River",26.1016,32.4188,2020-02-23T19:33:14Z,2020-02,65.897,0.054,water-level-altimetry,DAHITI,1
15289,"Nile, River",26.1016,32.4188,2020-03-21T19:33:16Z,2020-03,65.967,0.018,water-level-altimetry,DAHITI,1
15289,"Nile, River",26.1016,32.4188,2020-05-14T19:33:21Z,2020-05,66.939,0.026,water-level-altimetry,DAHITI,1
15289,"Nile, River",26.1016,32.4188,2020-06-10T19:33:24Z,2020-06,67.05,0.041,water-level-altimetry,DAHITI,1
15289,"Nile, River",26.1016,32.4188,2020-07-07T19:33:26Z,2020-07,67.099,0.081,water-level-altimetry,DAHITI,1
15289,"Nile, River",26.1016,32.4188,2020-08-03T19:33:26Z,2020-08,66.897,0.03,water-level-altimetry,DAHITI,2
15289,"Nile, River",26.1016,32.4188,2020-08-30T19:33:26Z,2020-08,67.123,0.068,water-level-altimetry,DAHITI,2
15289,"Nile, River",26.1016,32.4188,2020-09-26T19:33:23Z,2020-09,66.912,0.005,water-level-altimetry,DAHITI,1
15289,"Nile, River",26.1016,32.4188,2020-10-23T19:33:25Z,2020-10,65.875,0.063,water-level-altimetry,DAHITI,1
15289,"Nile, River",26.1016,32.4188,2020-11-19T19:33:28Z,2020-11,65.95,0.042,water-level-altimetry,DAHITI,1
15289,"Nile, River",26.1016,32.4188,2021-01-12T19:33:26Z,2021-01,65.835,0.003,water-level-altimetry,DAHITI,1
15289,"Nile, River",26.1016,32.4188,2021-02-08T19:33:23Z,2021-02,66.069,0.012,water-level-altimetry,DAHITI,1
15289,"Nile, River",26.1016,32.4188,2021-03-07T19:33:26Z,2021-03,66.164,0.005,water-level-altimetry,DAHITI,1
15289,"Nile, River",26.1016,32.4188,2021-04-03T19:33:25Z,2021-04,66.233,0.004,water-level-altimetry,DAHITI,2
15289,"Nile, River",26.1016,32.4188,2021-04-30T19:33:27Z,2021-04,66.318,0.034,water-level-altimetry,DAHITI,2
15289,"Nile, River",26.1016,32.4188,2021-05-27T19:33:31Z,2021-05,66.988,0.044,water-level-altimetry,DAHITI,1
15289,"Nile, River",26.1016,32.4188,2021-06-23T19:33:35Z,2021-06,66.89,0.043,water-level-altimetry,DAHITI,1
15289,"Nile, River",26.1016,32.4188,2021-07-20T19:33:35Z,2021-07,67.027,0.058,water-level-altimetry,DAHITI,1
15289,"Nile, River",26.1016,32.4188,2021-08-16T19:33:37Z,2021-08,67.235,0.007,water-level-altimetry,DAHITI,1
15289,"Nile, River",26.1016,32.4188,2021-09-12T19:33:36Z,2021-09,66.471,0.002,water-level-altimetry,DAHITI,1
15289,"Nile, River",26.1016,32.4188,2021-10-09T19:33:32Z,2021-10,66.23,0.005,water-level-altimetry,DAHITI,1
15289,"Nile, River",26.1016,32.4188,2021-11-05T19:33:33Z,2021-11,66.203,0.022,water-level-altimetry,DAHITI,1
15289,"Nile, River",26.1016,32.4188,2021-12-02T19:33:32Z,2021-12,65.912,0.043,water-level-altimetry,DAHITI,2
15289,"Nile, River",26.1016,32.4188,2021-12-29T19:33:33Z,2021-12,65.939,0.042,water-level-altimetry,DAHITI,2
15289,"Nile, River",26.1016,32.4188,2022-01-25T19:33:30Z,2022-01,65.974,0.06,water-level-altimetry,DAHITI,1
15289,"Nile, River",26.1016,32.4188,2022-02-21T19:33:32Z,2022-02,66.236,0.006,water-level-altimetry,DAHITI,1
15289,"Nile, River",26.1016,32.4188,2022-03-20T19:33:32Z,2022-03,66.194,0.066,water-level-altimetry,DAHITI,1
15289,"Nile, River",26.1016,32.4188,2022-04-16T19:33:34Z,2022-04,66.329,0.043,water-level-altimetry,DAHITI,1
15289,"Nile, River",26.1016,32.4188,2022-05-13T19:33:39Z,2022-05,66.803,0.053,water-level-altimetry,DAHITI,1
15289,"Nile, River",26.1016,32.4188,2022-06-09T19:33:43Z,2022-06,66.964,0.025,water-level-altimetry,DAHITI,1
15289,"Nile, River",26.1016,32.4188,2022-07-06T19:33:45Z,2022-07,66.95,0.051,water-level-altimetry,DAHITI,1
15289,"Nile, River",26.1016,32.4188,2022-08-02T19:33:46Z,2022-08,66.984,0.024,water-level-altimetry,DAHITI,2
15289,"Nile, River",26.1016,32.4188,2022-08-29T19:33:46Z,2022-08,66.78,0.019,water-level-altimetry,DAHITI,2
15289,"Nile, River",26.1016,32.4188,2022-09-25T19:33:42Z,2022-09,66.204,0.036,water-level-altimetry,DAHITI,1
15289,"Nile, River",26.1016,32.4188,2022-10-22T19:33:43Z,2022-10,66.53,0.059,water-level-altimetry,DAHITI,1
15289,"Nile, River",26.1016,32.4188,2022-11-18T19:33:45Z,2022-11,66.152,0.056,water-level-altimetry,DAHITI,1
15289,"Nile, River",26.1016,32.4188,2022-12-15T19:33:46Z,2022-12,65.923,0.015,water-level-altimetry,DAHITI,1
15289,"Nile, River",26.1016,32.4188,2023-01-11T19:33:42Z,2023-01,65.833,0.092,water-level-altimetry,DAHITI,1
15289,"Nile, River",26.1016,32.4188,2023-02-07T19:33:45Z,2023-02,66.147,0.017,water-level-altimetry,DAHITI,1
15289,"Nile, River",26.1016,32.4188,2023-03-06T19:33:44Z,2023-03,66.256,0.031,water-level-altimetry,DAHITI,1
15289,"Nile, River",26.1016,32.4188,2023-04-02T19:33:43Z,2023-04,66.32,0.035,water-level-altimetry,DAHITI,2
15289,"Nile, River",26.1016,32.4188,2023-04-29T19:33:47Z,2023-04,66.664,0.016,water-level-altimetry,DAHITI,2
15289,"Nile, River",26.1016,32.4188,2023-05-26T19:33:51Z,2023-05,66.941,0.021,water-level-altimetry,DAHITI,1
15289,"Nile, River",26.1016,32.4188,2023-06-22T19:33:53Z,2023-06,66.977,0.007,water-level-altimetry,DAHITI,1
15289,"Nile, River",26.1016,32.4188,2023-07-19T19:33:55Z,2023-07,67.085,0.006,water-level-altimetry,DAHITI,1
15289,"Nile, River",26.1016,32.4188,2023-08-15T19:33:56Z,2023-08,67.088,0.117,water-level-altimetry,DAHITI,1
15289,"Nile, River",26.1016,32.4188,2023-09-11T19:33:52Z,2023-09,65.961,0.006,water-level-altimetry,DAHITI,1
15289,"Nile, River",26.1016,32.4188,2023-10-08T19:33:54Z,2023-10,66.284,0.023,water-level-altimetry,DAHITI,1
15289,"Nile, River",26.1016,32.4188,2023-11-04T19:33:57Z,2023-11,66.078,0.047,water-level-altimetry,DAHITI,1
15289,"Nile, River",26.1016,32.4188,2023-12-01T19:33:57Z,2023-12,66.109,0.013,water-level-altimetry,DAHITI,2
15289,"Nile, River",26.1016,32.4188,2023-12-28T19:33:54Z,2023-12,66.006,0.093,water-level-altimetry,DAHITI,2
15289,"Nile, River",26.1016,32.4188,2024-01-24T19:33:52Z,2024-01,66.142,0.011,water-level-altimetry,DAHITI,1
15289,"Nile, River",26.1016,32.4188,2024-02-20T19:33:56Z,2024-02,66.137,0.055,water-level-altimetry,DAHITI,1
15289,"Nile, River",26.1016,32.4188,2024-03-18T19:33:54Z,2024-03,66.256,0.029,water-level-altimetry,DAHITI,1
15289,"Nile, River",26.1016,32.4188,2024-04-14T19:33:57Z,2024-04,66.371,0.014,water-level-altimetry,DAHITI,1
15289,"Nile, River",26.1016,32.4188,2024-05-11T19:34:02Z,2024-05,66.596,0.059,water-level-altimetry,DAHITI,1
15289,"Nile, River",26.1016,32.4188,2024-06-07T19:34:07Z,2024-06,67.005,0.11,water-level-altimetry,DAHITI,1
15289,"Nile, River",26.1016,32.4188,2024-07-04T19:34:08Z,2024-07,66.969,0.008,water-level-altimetry,DAHITI,2
15289,"Nile, River",26.1016,32.4188,2024-07-31T19:34:09Z,2024-07,66.875,0.012,water-level-altimetry,DAHITI,2
15289,"Nile, River",26.1016,32.4188,2024-08-27T19:34:09Z,2024-08,66.312,0.042,water-level-altimetry,DAHITI,1
15289,"Nile, River",26.1016,32.4188,2024-09-23T19:34:05Z,2024-09,66.712,0.025,water-level-altimetry,DAHITI,1
15289,"Nile, River",26.1016,32.4188,2024-10-20T19:34:05Z,2024-10,66.555,0.016,water-level-altimetry,DAHITI,1
15289,"Nile, River",26.1016,32.4188,2024-11-16T19:34:08Z,2024-11,66.41,0.023,water-level-altimetry,DAHITI,1
15289,"Nile, River",26.1016,32.4188,2024-12-13T19:34:07Z,2024-12,66.219,0.038,water-level-altimetry,DAHITI,1
15289,"Nile, River",26.1016,32.4188,2025-01-09T19:34:04Z,2025-01,66.121,0.021,water-level-altimetry,DAHITI,1
15289,"Nile, River",26.1016,32.4188,2025-02-05T19:34:03Z,2025-02,65.976,0.013,water-level-altimetry,DAHITI,1
15289,"Nile, River",26.1016,32.4188,2025-03-04T19:34:07Z,2025-03,66.354,0.009,water-level-altimetry,DAHITI,2
15289,"Nile, River",26.1016,32.4188,2025-03-31T19:34:05Z,2025-03,66.605,0.066,water-level-altimetry,DAHITI,2
15289,"Nile, River",26.1016,32.4188,2025-04-27T19:34:06Z,2025-04,66.743,0.035,water-level-altimetry,DAHITI,1
15289,"Nile, River",26.1016,32.4188,2025-05-24T19:34:13Z,2025-05,67.064,0.041,water-level-altimetry,DAHITI,1
15289,"Nile, River",26.1016,32.4188,2025-06-20T19:34:17Z,2025-06,67.085,0.052,water-level-altimetry,DAHITI,1
15289,"Nile, River",26.1016,32.4188,2025-07-17T19:34:20Z,2025-07,67.107,0.04,water-level-altimetry,DAHITI,1
15289,"Nile, River",26.1016,32.4188,2025-08-13T19:34:20Z,2025-08,66.966,0.023,water-level-altimetry,DAHITI,1
15289,"Nile, River",26.1016,32.4188,2025-09-09T19:34:19Z,2025-09,66.812,0.01,water-level-altimetry,DAHITI,1
15289,"Nile, River",26.1016,32.4188,2025-10-06T19:34:16Z,2025-10,66.798,0.08,water-level-altimetry,DAHITI,1
15289,"Nile, River",26.1016,32.4188,2025-11-02T19:34:21Z,2025-11,66.443,0.055,water-level-altimetry,DAHITI,2
15289,"Nile, River",26.1016,32.4188,2025-11-29T19:34:23Z,2025-11,66.316,0.002,water-level-altimetry,DAHITI,2
15289,"Nile, River",26.1016,32.4188,2025-12-26T19:34:22Z,2025-12,66.163,0.036,water-level-altimetry,DAHITI,1
15289,"Nile, River",26.1016,32.4188,2026-01-22T19:34:20Z,2026-01,66.493,0.018,water-level-altimetry,DAHITI,1
15289,"Nile, River",26.1016,32.4188,2026-02-18T19:34:24Z,2026-02,66.417,0.071,water-level-altimetry,DAHITI,1
15289,"Nile, River",26.1016,32.4188,2026-03-17T19:34:21Z,2026-03,66.519,0.051,water-level-altimetry,DAHITI,1
15289,"Nile, River",26.1016,32.4188,2026-04-13T19:34:24Z,2026-04,66.867,0.023,water-level-altimetry,DAHITI,1
15289,"Nile, River",26.1016,32.4188,2026-05-10T19:34:28Z,2026-05,66.885,0.015,water-level-altimetry,DAHITI,1
15289,"Nile, River",26.1016,32.4188,2026-06-06T19:34:28Z,2026-06,67.07,0.04,water-level-altimetry,DAHITI,1
15289,"Nile, River",26.1016,32.4188,2026-07-03T19:34:28Z,2026-07,67.13,0.046,water-level-altimetry,DAHITI,1
15290,"Nile, River",25.607,32.5462,2019-02-10T19:33:04Z,2019-02,70.272,0.027,water-level-altimetry,DAHITI,1
15290,"Nile, River",25.607,32.5462,2019-03-09T19:33:09Z,2019-03,70.578,0.031,water-level-altimetry,DAHITI,1
15290,"Nile, River",25.607,32.5462,2019-04-05T19:33:11Z,2019-04,70.662,0.052,water-level-altimetry,DAHITI,1
15290,"Nile, River",25.607,32.5462,2019-05-02T19:33:10Z,2019-05,71.362,0.036,water-level-altimetry,DAHITI,2
15290,"Nile, River",25.607,32.5462,2019-05-29T19:33:06Z,2019-05,72.659,0.009,water-level-altimetry,DAHITI,2
15290,"Nile, River",25.607,32.5462,2019-06-25T19:33:04Z,2019-06,72.637,0.002,water-level-altimetry,DAHITI,1
15290,"Nile, River",25.607,32.5462,2019-07-22T19:33:07Z,2019-07,72.498,0.029,water-level-altimetry,DAHITI,1
15290,"Nile, River",25.607,32.5462,2019-08-18T19:33:06Z,2019-08,70.956,0.082,water-level-altimetry,DAHITI,1
15290,"Nile, River",25.607,32.5462,2019-09-14T19:33:05Z,2019-09,71.633,0.029,water-level-altimetry,DAHITI,1
15290,"Nile, River",25.607,32.5462,2019-10-11T19:33:03Z,2019-10,72.395,0.027,water-level-altimetry,DAHITI,1
15290,"Nile, River",25.607,32.5462,2019-11-07T19:33:06Z,2019-11,70.499,0.06,water-level-altimetry,DAHITI,1
15290,"Nile, River",25.607,32.5462,2019-12-04T19:33:07Z,2019-12,69.955,0.032,water-level-altimetry,DAHITI,2
15290,"Nile, River",25.607,32.5462,2019-12-31T19:33:06Z,2019-12,69.85,0.128,water-level-altimetry,DAHITI,2
15290,"Nile, River",25.607,32.5462,2020-01-27T19:33:04Z,2020-01,69.936,0.013,water-level-altimetry,DAHITI,1
15290,"Nile, River",25.607,32.5462,2020-02-23T19:33:05Z,2020-02,70.54,0.02,water-level-altimetry,DAHITI,1
15290,"Nile, River",25.607,32.5462,2020-03-21T19:33:08Z,2020-03,70.132,0.05,water-level-altimetry,DAHITI,1
15290,"Nile, River",25.607,32.5462,2020-04-17T19:33:09Z,2020-04,71.479,0.008,water-level-altimetry,DAHITI,1
15290,"Nile, River",25.607,32.5462,2020-06-10T19:33:16Z,2020-06,72.855,0.001,water-level-altimetry,DAHITI,1
15290,"Nile, River",25.607,32.5462,2020-07-07T19:33:18Z,2020-07,72.931,0.01,water-level-altimetry,DAHITI,1
15290,"Nile, River",25.607,32.5462,2020-08-03T19:33:18Z,2020-08,72.314,0.049,water-level-altimetry,DAHITI,2
15290,"Nile, River",25.607,32.5462,2020-08-30T19:33:18Z,2020-08,72.457,0.046,water-level-altimetry,DAHITI,2
15290,"Nile, River",25.607,32.5462,2020-09-26T19:33:15Z,2020-09,72.085,0.002,water-level-altimetry,DAHITI,1
15290,"Nile, River",25.607,32.5462,2020-10-23T19:33:16Z,2020-10,70.734,0.012,water-level-altimetry,DAHITI,1
15290,"Nile, River",25.607,32.5462,2020-11-19T19:33:20Z,2020-11,69.891,0.034,water-level-altimetry,DAHITI,1
15290,"Nile, River",25.607,32.5462,2021-02-08T19:33:14Z,2021-02,70.43,0.035,water-level-altimetry,DAHITI,1
15290,"Nile, River",25.607,32.5462,2021-03-07T19:33:18Z,2021-03,70.682,0.053,water-level-altimetry,DAHITI,1
15290,"Nile, River",25.607,32.5462,2021-04-03T19:33:17Z,2021-04,70.812,0.06,water-level-altimetry,DAHITI,2
15290,"Nile, River",25.607,32.5462,2021-04-30T19:33:19Z,2021-04,71.142,0.025,water-level-altimetry,DAHITI,2
15290,"Nile, River",25.607,32.5462,2021-05-27T19:33:22Z,2021-05,72.603,0.039,water-level-altimetry,DAHITI,1
15290,"Nile, River",25.607,32.5462,2021-06-23T19:33:27Z,2021-06,72.306,0.03,water-level-altimetry,DAHITI,1
15290,"Nile, River",25.607,32.5462,2021-07-20T19:33:27Z,2021-07,72.814,0.021,water-level-altimetry,DAHITI,1
15290,"Nile, River",25.607,32.5462,2021-08-16T19:33:29Z,2021-08,72.795,0.05,water-level-altimetry,DAHITI,1
15290,"Nile, River",25.607,32.5462,2021-09-12T19:33:28Z,2021-09,71.218,0.04,water-level-altimetry,DAHITI,1
15290,"Nile, River",25.607,32.5462,2021-10-09T19:33:24Z,2021-10,70.801,0.016,water-level-altimetry,DAHITI,1
15290,"Nile, River",25.607,32.5462,2021-11-05T19:33:24Z,2021-11,70.766,0.046,water-level-altimetry,DAHITI,1
15290,"Nile, River",25.607,32.5462,2021-12-02T19:33:24Z,2021-12,69.782,0.005,water-level-altimetry,DAHITI,2
15290,"Nile, River",25.607,32.5462,2021-12-29T19:33:25Z,2021-12,69.789,0.01,water-level-altimetry,DAHITI,2
15290,"Nile, River",25.607,32.5462,2022-01-25T19:33:21Z,2022-01,69.945,0.002,water-level-altimetry,DAHITI,1
15290,"Nile, River",25.607,32.5462,2022-02-21T19:33:23Z,2022-02,70.775,0.023,water-level-altimetry,DAHITI,1
15290,"Nile, River",25.607,32.5462,2022-03-20T19:33:23Z,2022-03,70.69,0.013,water-level-altimetry,DAHITI,1
15290,"Nile, River",25.607,32.5462,2022-04-16T19:33:25Z,2022-04,71.29,0.015,water-level-altimetry,DAHITI,1
15290,"Nile, River",25.607,32.5462,2022-05-13T19:33:31Z,2022-05,72.462,0.006,water-level-altimetry,DAHITI,1
15290,"Nile, River",25.607,32.5462,2022-06-09T19:33:35Z,2022-06,72.467,0.032,water-level-altimetry,DAHITI,1
15290,"Nile, River",25.607,32.5462,2022-07-06T19:33:36Z,2022-07,72.653,0.054,water-level-altimetry,DAHITI,1
15290,"Nile, River",25.607,32.5462,2022-08-02T19:33:37Z,2022-08,72.496,0.039,water-level-altimetry,DAHITI,2
15290,"Nile, River",25.607,32.5462,2022-08-29T19:33:38Z,2022-08,72.034,0.024,water-level-altimetry,DAHITI,2
15290,"Nile, River",25.607,32.5462,2022-09-25T19:33:34Z,2022-09,71.009,0.006,water-level-altimetry,DAHITI,1
15290,"Nile, River",25.607,32.5462,2022-10-22T19:33:35Z,2022-10,71.874,0.036,water-level-altimetry,DAHITI,1
15290,"Nile, River",25.607,32.5462,2022-11-18T19:33:37Z,2022-11,70.663,0.01,water-level-altimetry,DAHITI,1
15290,"Nile, River",25.607,32.5462,2022-12-15T19:33:38Z,2022-12,69.895,0.021,water-level-altimetry,DAHITI,1
15290,"Nile, River",25.607,32.5462,2023-02-07T19:33:37Z,2023-02,70.489,0.04,water-level-altimetry,DAHITI,1
15290,"Nile, River",25.607,32.5462,2023-03-06T19:33:35Z,2023-03,70.754,0.011,water-level-altimetry,DAHITI,1
15290,"Nile, River",25.607,32.5462,2023-04-02T19:33:35Z,2023-04,71.051,0.038,water-level-altimetry,DAHITI,2
15290,"Nile, River",25.607,32.5462,2023-04-29T19:33:39Z,2023-04,71.944,0.026,water-level-altimetry,DAHITI,2
15290,"Nile, River",25.607,32.5462,2023-05-26T19:33:42Z,2023-05,72.568,0.031,water-level-altimetry,DAHITI,1
15290,"Nile, River",25.607,32.5462,2023-06-22T19:33:44Z,2023-06,72.519,0.031,water-level-altimetry,DAHITI,1
15290,"Nile, River",25.607,32.5462,2023-07-19T19:33:47Z,2023-07,72.734,0.012,water-level-altimetry,DAHITI,1
15290,"Nile, River",25.607,32.5462,2023-08-15T19:33:48Z,2023-08,72.618,0.033,water-level-altimetry,DAHITI,1
15290,"Nile, River",25.607,32.5462,2023-09-11T19:33:44Z,2023-09,70.534,0.035,water-level-altimetry,DAHITI,1
15290,"Nile, River",25.607,32.5462,2023-10-08T19:33:45Z,2023-10,70.724,0.022,water-level-altimetry,DAHITI,1
15290,"Nile, River",25.607,32.5462,2023-11-04T19:33:49Z,2023-11,70.316,0.093,water-level-altimetry,DAHITI,1
15290,"Nile, River",25.607,32.5462,2023-12-01T19:33:48Z,2023-12,70.484,0.024,water-level-altimetry,DAHITI,2
15290,"Nile, River",25.607,32.5462,2023-12-28T19:33:46Z,2023-12,69.995,0.047,water-level-altimetry,DAHITI,2
15290,"Nile, River",25.607,32.5462,2024-01-24T19:33:44Z,2024-01,70.456,0.051,water-level-altimetry,DAHITI,1
15290,"Nile, River",25.607,32.5462,2024-02-20T19:33:47Z,2024-02,70.583,0.041,water-level-altimetry,DAHITI,1
15290,"Nile, River",25.607,32.5462,2024-03-18T19:33:45Z,2024-03,70.919,0.022,water-level-altimetry,DAHITI,1
15290,"Nile, River",25.607,32.5462,2024-04-14T19:33:49Z,2024-04,71.082,0.003,water-level-altimetry,DAHITI,1
15290,"Nile, River",25.607,32.5462,2024-05-11T19:33:54Z,2024-05,71.805,0.053,water-level-altimetry,DAHITI,1
15290,"Nile, River",25.607,32.5462,2024-06-07T19:33:58Z,2024-06,72.676,0.028,water-level-altimetry,DAHITI,1
15290,"Nile, River",25.607,32.5462,2024-07-04T19:33:59Z,2024-07,72.697,0.051,water-level-altimetry,DAHITI,2
15290,"Nile, River",25.607,32.5462,2024-07-31T19:34:01Z,2024-07,72.624,0.009,water-level-altimetry,DAHITI,2
15290,"Nile, River",25.607,32.5462,2024-08-27T19:34:01Z,2024-08,70.951,0.013,water-level-altimetry,DAHITI,1
15290,"Nile, River",25.607,32.5462,2024-09-23T19:33:57Z,2024-09,71.829,0.014,water-level-altimetry,DAHITI,1
15290,"Nile, River",25.607,32.5462,2024-10-20T19:33:57Z,2024-10,71.456,0.008,water-level-altimetry,DAHITI,1
15290,"Nile, River",25.607,32.5462,2024-11-16T19:33:59Z,2024-11,70.947,0.042,water-level-altimetry,DAHITI,1
15290,"Nile, River",25.607,32.5462,2024-12-13T19:33:59Z,2024-12,70.465,0.002,water-level-altimetry,DAHITI,1
15290,"Nile, River",25.607,32.5462,2025-01-09T19:33:55Z,2025-01,70.333,0.073,water-level-altimetry,DAHITI,1
15290,"Nile, River",25.607,32.5462,2025-02-05T19:33:55Z,2025-02,70.651,0.041,water-level-altimetry,DAHITI,1
15290,"Nile, River",25.607,32.5462,2025-03-04T19:33:59Z,2025-03,71.368,0.0,water-level-altimetry,DAHITI,2
15290,"Nile, River",25.607,32.5462,2025-03-31T19:33:57Z,2025-03,71.732,0.07,water-level-altimetry,DAHITI,2
15290,"Nile, River",25.607,32.5462,2025-04-27T19:33:58Z,2025-04,71.872,0.043,water-level-altimetry,DAHITI,1
15290,"Nile, River",25.607,32.5462,2025-05-24T19:34:05Z,2025-05,72.571,0.047,water-level-altimetry,DAHITI,1
15290,"Nile, River",25.607,32.5462,2025-06-20T19:34:09Z,2025-06,72.651,0.054,water-level-altimetry,DAHITI,1
15290,"Nile, River",25.607,32.5462,2025-07-17T19:34:11Z,2025-07,72.632,0.003,water-level-altimetry,DAHITI,1
15290,"Nile, River",25.607,32.5462,2025-08-13T19:34:12Z,2025-08,72.481,0.018,water-level-altimetry,DAHITI,1
15290,"Nile, River",25.607,32.5462,2025-09-09T19:34:11Z,2025-09,72.034,0.117,water-level-altimetry,DAHITI,1
15290,"Nile, River",25.607,32.5462,2025-10-06T19:34:07Z,2025-10,72.001,0.007,water-level-altimetry,DAHITI,1
15290,"Nile, River",25.607,32.5462,2025-11-02T19:34:12Z,2025-11,71.823,0.061,water-level-altimetry,DAHITI,2
15290,"Nile, River",25.607,32.5462,2025-11-29T19:34:15Z,2025-11,71.293,0.015,water-level-altimetry,DAHITI,2
15290,"Nile, River",25.607,32.5462,2025-12-26T19:34:14Z,2025-12,71.023,0.019,water-level-altimetry,DAHITI,1
15290,"Nile, River",25.607,32.5462,2026-01-22T19:34:12Z,2026-01,71.182,0.024,water-level-altimetry,DAHITI,1
15290,"Nile, River",25.607,32.5462,2026-02-18T19:34:15Z,2026-02,71.726,0.015,water-level-altimetry,DAHITI,1
15290,"Nile, River",25.607,32.5462,2026-03-17T19:34:13Z,2026-03,71.908,0.01,water-level-altimetry,DAHITI,1
15290,"Nile, River",25.607,32.5462,2026-04-13T19:34:16Z,2026-04,72.225,0.077,water-level-altimetry,DAHITI,1
15290,"Nile, River",25.607,32.5462,2026-05-10T19:34:20Z,2026-05,72.471,0.006,water-level-altimetry,DAHITI,1
15290,"Nile, River",25.607,32.5462,2026-06-06T19:34:20Z,2026-06,72.743,0.03,water-level-altimetry,DAHITI,1
15290,"Nile, River",25.607,32.5462,2026-07-03T19:34:20Z,2026-07,72.769,0.062,water-level-altimetry,DAHITI,1
16384,"Nile, River",26.6473,31.6463,2018-12-03T08:10:34Z,2018-12,53.175,0.445,water-level-altimetry,DAHITI,1
16384,"Nile, River",26.6473,31.6463,2019-02-22T08:10:38Z,2019-02,53.596,0.014,water-level-altimetry,DAHITI,1
16384,"Nile, River",26.6473,31.6463,2019-03-21T08:10:42Z,2019-03,53.702,0.063,water-level-altimetry,DAHITI,1
16384,"Nile, River",26.6473,31.6463,2019-04-17T08:10:43Z,2019-04,53.795,0.032,water-level-altimetry,DAHITI,1
16384,"Nile, River",26.6473,31.6463,2019-05-14T08:10:41Z,2019-05,55.107,0.099,water-level-altimetry,DAHITI,1
16384,"Nile, River",26.6473,31.6463,2019-06-10T08:10:36Z,2019-06,55.6,0.017,water-level-altimetry,DAHITI,1
16384,"Nile, River",26.6473,31.6463,2019-07-07T08:10:38Z,2019-07,55.502,0.015,water-level-altimetry,DAHITI,1
16384,"Nile, River",26.6473,31.6463,2019-08-03T08:10:39Z,2019-08,55.42,0.055,water-level-altimetry,DAHITI,2
16384,"Nile, River",26.6473,31.6463,2019-08-30T08:10:38Z,2019-08,54.232,0.025,water-level-altimetry,DAHITI,2
16384,"Nile, River",26.6473,31.6463,2019-09-26T08:10:37Z,2019-09,54.457,0.039,water-level-altimetry,DAHITI,1
16384,"Nile, River",26.6473,31.6463,2019-10-23T08:10:35Z,2019-10,55.248,0.081,water-level-altimetry,DAHITI,1
16384,"Nile, River",26.6473,31.6463,2019-11-19T08:10:39Z,2019-11,53.629,0.053,water-level-altimetry,DAHITI,1
16384,"Nile, River",26.6473,31.6463,2019-12-16T08:10:39Z,2019-12,52.966,0.053,water-level-altimetry,DAHITI,1
16384,"Nile, River",26.6473,31.6463,2020-01-12T08:10:38Z,2020-01,53.257,0.065,water-level-altimetry,DAHITI,1
16384,"Nile, River",26.6473,31.6463,2020-02-08T08:10:35Z,2020-02,53.422,0.014,water-level-altimetry,DAHITI,1
16384,"Nile, River",26.6473,31.6463,2020-04-02T08:10:40Z,2020-04,53.778,0.009,water-level-altimetry,DAHITI,2
16384,"Nile, River",26.6473,31.6463,2020-04-29T08:10:43Z,2020-04,54.688,0.03,water-level-altimetry,DAHITI,2
16384,"Nile, River",26.6473,31.6463,2020-05-26T08:10:46Z,2020-05,55.793,0.029,water-level-altimetry,DAHITI,1
16384,"Nile, River",26.6473,31.6463,2020-06-22T08:10:49Z,2020-06,55.682,0.015,water-level-altimetry,DAHITI,1
16384,"Nile, River",26.6473,31.6463,2020-07-19T08:10:50Z,2020-07,55.776,0.062,water-level-altimetry,DAHITI,1
16384,"Nile, River",26.6473,31.6463,2020-08-15T08:10:50Z,2020-08,55.241,0.01,water-level-altimetry,DAHITI,1
16384,"Nile, River",26.6473,31.6463,2020-09-11T08:10:49Z,2020-09,55.357,0.042,water-level-altimetry,DAHITI,1
16384,"Nile, River",26.6473,31.6463,2020-10-08T08:10:45Z,2020-10,54.731,0.003,water-level-altimetry,DAHITI,1
16384,"Nile, River",26.6473,31.6463,2020-12-01T08:10:51Z,2020-12,52.821,0.023,water-level-altimetry,DAHITI,2
16384,"Nile, River",26.6473,31.6463,2020-12-28T08:10:50Z,2020-12,53.148,0.045,water-level-altimetry,DAHITI,2
16384,"Nile, River",26.6473,31.6463,2021-01-24T08:10:48Z,2021-01,53.186,0.017,water-level-altimetry,DAHITI,1
16384,"Nile, River",26.6473,31.6463,2021-02-20T08:10:49Z,2021-02,53.578,0.468,water-level-altimetry,DAHITI,1
16384,"Nile, River",26.6473,31.6463,2021-03-19T08:10:50Z,2021-03,53.807,0.017,water-level-altimetry,DAHITI,1
16384,"Nile, River",26.6473,31.6463,2021-04-15T08:10:48Z,2021-04,53.918,0.042,water-level-altimetry,DAHITI,1
16384,"Nile, River",26.6473,31.6463,2021-05-12T08:10:52Z,2021-05,54.865,0.046,water-level-altimetry,DAHITI,1
16384,"Nile, River",26.6473,31.6463,2021-07-05T08:10:59Z,2021-07,55.412,0.048,water-level-altimetry,DAHITI,1
16384,"Nile, River",26.6473,31.6463,2021-08-01T08:11:00Z,2021-08,55.708,0.051,water-level-altimetry,DAHITI,2
16384,"Nile, River",26.6473,31.6463,2021-08-28T08:11:01Z,2021-08,55.905,0.009,water-level-altimetry,DAHITI,2
16384,"Nile, River",26.6473,31.6463,2021-09-24T08:10:58Z,2021-09,54.136,0.013,water-level-altimetry,DAHITI,1
16384,"Nile, River",26.6473,31.6463,2021-11-17T08:10:57Z,2021-11,53.781,0.02,water-level-altimetry,DAHITI,1
16384,"Nile, River",26.6473,31.6463,2022-02-06T08:10:53Z,2022-02,53.264,0.066,water-level-altimetry,DAHITI,1
16384,"Nile, River",26.6473,31.6463,2022-03-05T08:10:56Z,2022-03,53.769,0.067,water-level-altimetry,DAHITI,1
16384,"Nile, River",26.6473,31.6463,2022-04-01T08:10:55Z,2022-04,53.73,0.012,water-level-altimetry,DAHITI,2
16384,"Nile, River",26.6473,31.6463,2022-04-28T08:10:59Z,2022-04,54.486,0.012,water-level-altimetry,DAHITI,2
16384,"Nile, River",26.6473,31.6463,2022-05-25T08:11:04Z,2022-05,55.258,0.027,water-level-altimetry,DAHITI,1
16384,"Nile, River",26.6473,31.6463,2022-07-18T08:11:10Z,2022-07,55.566,0.02,water-level-altimetry,DAHITI,1
16384,"Nile, River",26.6473,31.6463,2022-08-14T08:11:09Z,2022-08,55.506,0.017,water-level-altimetry,DAHITI,1
16384,"Nile, River",26.6473,31.6463,2022-09-10T08:11:09Z,2022-09,55.051,0.008,water-level-altimetry,DAHITI,1
16384,"Nile, River",26.6473,31.6463,2022-10-07T08:11:05Z,2022-10,54.674,0.06,water-level-altimetry,DAHITI,1
16384,"Nile, River",26.6473,31.6463,2022-11-03T08:11:10Z,2022-11,54.706,0.036,water-level-altimetry,DAHITI,2
16384,"Nile, River",26.6473,31.6463,2022-11-30T08:11:10Z,2022-11,53.56,0.039,water-level-altimetry,DAHITI,2
16384,"Nile, River",26.6473,31.6463,2023-01-23T08:11:04Z,2023-01,53.275,0.067,water-level-altimetry,DAHITI,1
16384,"Nile, River",26.6473,31.6463,2023-02-19T08:11:09Z,2023-02,53.794,0.464,water-level-altimetry,DAHITI,1
16384,"Nile, River",26.6473,31.6463,2023-03-18T08:11:08Z,2023-03,53.566,0.281,water-level-altimetry,DAHITI,1
16384,"Nile, River",26.6473,31.6463,2023-04-14T08:11:08Z,2023-04,54.245,0.019,water-level-altimetry,DAHITI,1
16384,"Nile, River",26.6473,31.6463,2023-05-11T08:11:11Z,2023-05,55.464,0.054,water-level-altimetry,DAHITI,1
16384,"Nile, River",26.6473,31.6463,2023-06-07T08:11:14Z,2023-06,55.537,0.011,water-level-altimetry,DAHITI,1
16384,"Nile, River",26.6473,31.6463,2023-07-04T08:11:17Z,2023-07,55.526,0.042,water-level-altimetry,DAHITI,2
16384,"Nile, River",26.6473,31.6463,2023-07-31T08:11:18Z,2023-07,55.665,0.012,water-level-altimetry,DAHITI,2
16384,"Nile, River",26.6473,31.6463,2023-08-27T08:11:18Z,2023-08,54.787,0.053,water-level-altimetry,DAHITI,1
16384,"Nile, River",26.6473,31.6463,2023-09-23T08:11:15Z,2023-09,54.183,0.478,water-level-altimetry,DAHITI,1
16384,"Nile, River",26.6473,31.6463,2023-10-20T08:11:20Z,2023-10,53.806,0.016,water-level-altimetry,DAHITI,1
16384,"Nile, River",26.6473,31.6463,2023-12-13T08:11:19Z,2023-12,53.309,0.19,water-level-altimetry,DAHITI,1
16384,"Nile, River",26.6473,31.6463,2024-02-05T08:11:18Z,2024-02,53.692,0.112,water-level-altimetry,DAHITI,1
16384,"Nile, River",26.6473,31.6463,2024-03-03T08:11:20Z,2024-03,53.315,0.007,water-level-altimetry,DAHITI,2
16384,"Nile, River",26.6473,31.6463,2024-03-30T08:11:17Z,2024-03,53.962,0.156,water-level-altimetry,DAHITI,2
16384,"Nile, River",26.6473,31.6463,2024-04-26T08:11:22Z,2024-04,54.238,0.176,water-level-altimetry,DAHITI,1
16384,"Nile, River",26.6473,31.6463,2024-05-23T08:11:26Z,2024-05,55.298,0.002,water-level-altimetry,DAHITI,1
16384,"Nile, River",26.6473,31.6463,2024-06-19T08:11:29Z,2024-06,55.739,0.028,water-level-altimetry,DAHITI,1
16384,"Nile, River",26.6473,31.6463,2024-07-16T08:11:32Z,2024-07,55.58,0.033,water-level-altimetry,DAHITI,1
16384,"Nile, River",26.6473,31.6463,2024-08-12T08:11:32Z,2024-08,55.589,0.012,water-level-altimetry,DAHITI,1
16384,"Nile, River",26.6473,31.6463,2024-09-08T08:11:31Z,2024-09,54.101,0.014,water-level-altimetry,DAHITI,1
16384,"Nile, River",26.6473,31.6463,2024-10-05T08:11:27Z,2024-10,54.961,0.024,water-level-altimetry,DAHITI,1
16384,"Nile, River",26.6473,31.6463,2024-11-01T08:11:31Z,2024-11,54.348,0.001,water-level-altimetry,DAHITI,2
16384,"Nile, River",26.6473,31.6463,2024-11-28T08:11:33Z,2024-11,53.763,0.065,water-level-altimetry,DAHITI,2
16384,"Nile, River",26.6473,31.6463,2024-12-25T08:11:31Z,2024-12,53.762,0.127,water-level-altimetry,DAHITI,1
16384,"Nile, River",26.6473,31.6463,2025-01-21T08:11:28Z,2025-01,53.948,0.007,water-level-altimetry,DAHITI,1
16384,"Nile, River",26.6473,31.6463,2025-02-17T08:11:31Z,2025-02,54.138,0.01,water-level-altimetry,DAHITI,1
16384,"Nile, River",26.6473,31.6463,2025-05-09T08:11:34Z,2025-05,55.131,0.032,water-level-altimetry,DAHITI,1
16384,"Nile, River",26.6473,31.6463,2025-06-05T08:11:37Z,2025-06,55.706,0.012,water-level-altimetry,DAHITI,1
16384,"Nile, River",26.6473,31.6463,2025-07-02T08:11:43Z,2025-07,55.602,0.004,water-level-altimetry,DAHITI,2
16384,"Nile, River",26.6473,31.6463,2025-07-29T08:11:44Z,2025-07,55.696,0.07,water-level-altimetry,DAHITI,2
16384,"Nile, River",26.6473,31.6463,2025-08-25T08:11:45Z,2025-08,55.288,0.018,water-level-altimetry,DAHITI,1
16384,"Nile, River",26.6473,31.6463,2025-09-21T08:11:44Z,2025-09,55.213,0.134,water-level-altimetry,DAHITI,1
16384,"Nile, River",26.6473,31.6463,2025-10-18T08:11:42Z,2025-10,55.195,0.012,water-level-altimetry,DAHITI,1
16384,"Nile, River",26.6473,31.6463,2025-11-14T08:11:46Z,2025-11,54.864,0.048,water-level-altimetry,DAHITI,1
16384,"Nile, River",26.6473,31.6463,2025-12-11T08:11:46Z,2025-12,54.572,0.002,water-level-altimetry,DAHITI,1
16384,"Nile, River",26.6473,31.6463,2026-01-07T08:11:45Z,2026-01,54.126,0.005,water-level-altimetry,DAHITI,1
16384,"Nile, River",26.6473,31.6463,2026-02-03T08:11:44Z,2026-02,54.401,0.072,water-level-altimetry,DAHITI,1
16384,"Nile, River",26.6473,31.6463,2026-03-02T08:11:46Z,2026-03,55.028,0.135,water-level-altimetry,DAHITI,2
16384,"Nile, River",26.6473,31.6463,2026-03-29T08:11:48Z,2026-03,55.215,0.007,water-level-altimetry,DAHITI,2
16384,"Nile, River",26.6473,31.6463,2026-04-25T08:11:51Z,2026-04,55.578,0.009,water-level-altimetry,DAHITI,1
16384,"Nile, River",26.6473,31.6463,2026-05-22T08:11:51Z,2026-05,55.684,0.081,water-level-altimetry,DAHITI,1
16384,"Nile, River",26.6473,31.6463,2026-06-18T08:11:52Z,2026-06,55.789,0.033,water-level-altimetry,DAHITI,1
16384,"Nile, River",26.6473,31.6463,2026-07-15T08:11:52Z,2026-07,55.856,0.063,water-level-altimetry,DAHITI,1
16740,"Nile, River",26.113,32.4417,2019-02-26T08:07:04Z,2019-02,66.142,0.162,water-level-altimetry,DAHITI,1
16740,"Nile, River",26.113,32.4417,2019-04-21T08:07:08Z,2019-04,66.426,0.058,water-level-altimetry,DAHITI,1
16740,"Nile, River",26.113,32.4417,2019-05-18T08:07:05Z,2019-05,67.054,0.046,water-level-altimetry,DAHITI,1
16740,"Nile, River",26.113,32.4417,2019-06-14T08:07:01Z,2019-06,67.025,0.137,water-level-altimetry,DAHITI,1
16740,"Nile, River",26.113,32.4417,2019-07-11T08:07:03Z,2019-07,67.09,0.012,water-level-altimetry,DAHITI,1
16740,"Nile, River",26.113,32.4417,2019-08-07T08:07:04Z,2019-08,66.803,0.016,water-level-altimetry,DAHITI,1
16740,"Nile, River",26.113,32.4417,2019-09-30T08:07:01Z,2019-09,66.954,0.04,water-level-altimetry,DAHITI,1
16740,"Nile, River",26.113,32.4417,2019-11-23T08:07:04Z,2019-11,66.086,0.012,water-level-altimetry,DAHITI,1
16740,"Nile, River",26.113,32.4417,2020-02-12T08:07:01Z,2020-02,65.946,0.023,water-level-altimetry,DAHITI,1
16740,"Nile, River",26.113,32.4417,2020-03-10T08:07:04Z,2020-03,66.044,0.039,water-level-altimetry,DAHITI,1
16740,"Nile, River",26.113,32.4417,2020-04-06T08:07:04Z,2020-04,66.29,0.002,water-level-altimetry,DAHITI,1
16740,"Nile, River",26.113,32.4417,2020-05-03T08:07:09Z,2020-05,66.663,0.001,water-level-altimetry,DAHITI,2
16740,"Nile, River",26.113,32.4417,2020-05-30T08:07:11Z,2020-05,67.206,0.028,water-level-altimetry,DAHITI,2
16740,"Nile, River",26.113,32.4417,2020-06-26T08:07:14Z,2020-06,67.421,0.253,water-level-altimetry,DAHITI,1
16740,"Nile, River",26.113,32.4417,2020-08-19T08:07:15Z,2020-08,67.194,0.205,water-level-altimetry,DAHITI,1
16740,"Nile, River",26.113,32.4417,2020-09-15T08:07:13Z,2020-09,66.743,0.125,water-level-altimetry,DAHITI,1
16740,"Nile, River",26.113,32.4417,2020-11-08T08:07:16Z,2020-11,66.132,0.023,water-level-altimetry,DAHITI,1
16740,"Nile, River",26.113,32.4417,2021-01-28T08:07:12Z,2021-01,66.063,0.076,water-level-altimetry,DAHITI,1
16740,"Nile, River",26.113,32.4417,2021-03-23T08:07:14Z,2021-03,66.288,0.021,water-level-altimetry,DAHITI,1
16740,"Nile, River",26.113,32.4417,2021-05-16T08:07:17Z,2021-05,67.265,0.02,water-level-altimetry,DAHITI,1
16740,"Nile, River",26.113,32.4417,2021-06-12T08:07:22Z,2021-06,67.116,0.015,water-level-altimetry,DAHITI,1
16740,"Nile, River",26.113,32.4417,2021-07-09T08:07:24Z,2021-07,67.099,0.045,water-level-altimetry,DAHITI,1
16740,"Nile, River",26.113,32.4417,2021-08-05T08:07:25Z,2021-08,67.367,0.035,water-level-altimetry,DAHITI,1
16740,"Nile, River",26.113,32.4417,2021-09-01T08:07:26Z,2021-09,67.261,0.116,water-level-altimetry,DAHITI,1
16740,"Nile, River",26.113,32.4417,2021-11-21T08:07:21Z,2021-11,66.1,0.048,water-level-altimetry,DAHITI,1
16740,"Nile, River",26.113,32.4417,2021-12-18T08:07:22Z,2021-12,65.974,0.077,water-level-altimetry,DAHITI,1
16740,"Nile, River",26.113,32.4417,2022-03-09T08:07:20Z,2022-03,66.329,0.038,water-level-altimetry,DAHITI,1
16740,"Nile, River",26.113,32.4417,2022-04-05T08:07:20Z,2022-04,66.271,0.025,water-level-altimetry,DAHITI,1
16740,"Nile, River",26.113,32.4417,2022-05-02T08:07:25Z,2022-05,66.495,0.001,water-level-altimetry,DAHITI,2
16740,"Nile, River",26.113,32.4417,2022-05-29T08:07:29Z,2022-05,66.986,0.029,water-level-altimetry,DAHITI,2
16740,"Nile, River",26.113,32.4417,2022-06-25T08:07:32Z,2022-06,67.117,0.002,water-level-altimetry,DAHITI,1
16740,"Nile, River",26.113,32.4417,2022-07-22T08:07:35Z,2022-07,67.19,0.079,water-level-altimetry,DAHITI,1
16740,"Nile, River",26.113,32.4417,2022-08-18T08:07:34Z,2022-08,67.037,0.043,water-level-altimetry,DAHITI,1
16740,"Nile, River",26.113,32.4417,2022-09-14T08:07:33Z,2022-09,66.511,0.016,water-level-altimetry,DAHITI,1
16740,"Nile, River",26.113,32.4417,2022-10-11T08:07:31Z,2022-10,66.622,0.031,water-level-altimetry,DAHITI,1
16740,"Nile, River",26.113,32.4417,2022-11-07T08:07:35Z,2022-11,66.109,0.046,water-level-altimetry,DAHITI,1
16740,"Nile, River",26.113,32.4417,2022-12-04T08:07:35Z,2022-12,65.957,0.036,water-level-altimetry,DAHITI,2
16740,"Nile, River",26.113,32.4417,2022-12-31T08:07:33Z,2022-12,65.918,0.261,water-level-altimetry,DAHITI,2
16740,"Nile, River",26.113,32.4417,2023-01-27T08:07:31Z,2023-01,66.056,0.023,water-level-altimetry,DAHITI,1
16740,"Nile, River",26.113,32.4417,2023-03-22T08:07:32Z,2023-03,66.406,0.031,water-level-altimetry,DAHITI,1
16740,"Nile, River",26.113,32.4417,2023-04-18T08:07:33Z,2023-04,66.604,0.002,water-level-altimetry,DAHITI,1
16740,"Nile, River",26.113,32.4417,2023-05-15T08:07:37Z,2023-05,67.184,0.076,water-level-altimetry,DAHITI,1
16740,"Nile, River",26.113,32.4417,2023-07-08T08:07:43Z,2023-07,67.204,0.017,water-level-altimetry,DAHITI,1
16740,"Nile, River",26.113,32.4417,2023-08-04T08:07:43Z,2023-08,67.279,0.027,water-level-altimetry,DAHITI,2
16740,"Nile, River",26.113,32.4417,2023-08-31T08:07:42Z,2023-08,66.738,0.013,water-level-altimetry,DAHITI,2
16740,"Nile, River",26.113,32.4417,2023-09-27T08:07:40Z,2023-09,66.214,0.023,water-level-altimetry,DAHITI,1
16740,"Nile, River",26.113,32.4417,2023-10-24T08:07:45Z,2023-10,66.277,0.021,water-level-altimetry,DAHITI,1
16740,"Nile, River",26.113,32.4417,2023-12-17T08:07:44Z,2023-12,66.155,0.019,water-level-altimetry,DAHITI,1
16740,"Nile, River",26.113,32.4417,2024-01-13T08:07:39Z,2024-01,66.03,0.011,water-level-altimetry,DAHITI,1
16740,"Nile, River",26.113,32.4417,2024-03-07T08:07:45Z,2024-03,66.117,0.042,water-level-altimetry,DAHITI,1
16740,"Nile, River",26.113,32.4417,2024-04-03T08:07:43Z,2024-04,66.492,0.008,water-level-altimetry,DAHITI,1
16740,"Nile, River",26.113,32.4417,2024-05-27T08:07:52Z,2024-05,66.977,0.017,water-level-altimetry,DAHITI,1
16740,"Nile, River",26.113,32.4417,2024-06-23T08:07:55Z,2024-06,67.088,0.038,water-level-altimetry,DAHITI,1
16740,"Nile, River",26.113,32.4417,2024-07-20T08:07:57Z,2024-07,67.046,0.024,water-level-altimetry,DAHITI,1
16740,"Nile, River",26.113,32.4417,2024-09-12T08:07:54Z,2024-09,66.215,0.059,water-level-altimetry,DAHITI,1
16740,"Nile, River",26.113,32.4417,2024-10-09T08:07:51Z,2024-10,66.884,0.024,water-level-altimetry,DAHITI,1
16740,"Nile, River",26.113,32.4417,2024-11-05T08:07:56Z,2024-11,66.547,0.026,water-level-altimetry,DAHITI,1
16740,"Nile, River",26.113,32.4417,2024-12-29T08:07:55Z,2024-12,66.235,0.023,water-level-altimetry,DAHITI,1
16740,"Nile, River",26.113,32.4417,2025-01-25T08:07:52Z,2025-01,66.279,0.022,water-level-altimetry,DAHITI,1
16740,"Nile, River",26.113,32.4417,2025-02-21T08:07:56Z,2025-02,66.323,0.02,water-level-altimetry,DAHITI,1
16740,"Nile, River",26.113,32.4417,2025-04-16T08:07:54Z,2025-04,66.889,0.028,water-level-altimetry,DAHITI,1
16740,"Nile, River",26.113,32.4417,2025-05-13T08:07:59Z,2025-05,66.994,0.055,water-level-altimetry,DAHITI,1
16740,"Nile, River",26.113,32.4417,2025-07-06T08:08:08Z,2025-07,67.314,0.004,water-level-altimetry,DAHITI,1
16740,"Nile, River",26.113,32.4417,2025-08-02T08:08:09Z,2025-08,67.262,0.02,water-level-altimetry,DAHITI,2
16740,"Nile, River",26.113,32.4417,2025-08-29T08:08:10Z,2025-08,66.979,0.013,water-level-altimetry,DAHITI,2
16740,"Nile, River",26.113,32.4417,2025-09-25T08:08:08Z,2025-09,66.914,0.023,water-level-altimetry,DAHITI,1
16740,"Nile, River",26.113,32.4417,2025-10-22T08:08:08Z,2025-10,66.868,0.022,water-level-altimetry,DAHITI,1
16740,"Nile, River",26.113,32.4417,2025-11-18T08:08:10Z,2025-11,66.516,0.068,water-level-altimetry,DAHITI,1
16740,"Nile, River",26.113,32.4417,2026-01-11T08:08:10Z,2026-01,66.165,0.034,water-level-altimetry,DAHITI,1
16740,"Nile, River",26.113,32.4417,2026-02-07T08:08:10Z,2026-02,66.389,0.049,water-level-altimetry,DAHITI,1
16740,"Nile, River",26.113,32.4417,2026-03-06T08:08:10Z,2026-03,66.544,0.018,water-level-altimetry,DAHITI,1
16740,"Nile, River",26.113,32.4417,2026-04-02T08:08:13Z,2026-04,66.888,0.022,water-level-altimetry,DAHITI,2
16740,"Nile, River",26.113,32.4417,2026-04-29T08:08:17Z,2026-04,67.131,0.061,water-level-altimetry,DAHITI,2
16740,"Nile, River",26.113,32.4417,2026-05-26T08:08:16Z,2026-05,67.112,0.153,water-level-altimetry,DAHITI,1
16740,"Nile, River",26.113,32.4417,2026-06-22T08:08:17Z,2026-06,67.286,0.076,water-level-altimetry,DAHITI,1
16740,"Nile, River",26.113,32.4417,2026-07-19T08:08:16Z,2026-07,67.251,0.03,water-level-altimetry,DAHITI,1
17469,"Nile, River",28.5565,30.835,2018-12-14T19:37:36Z,2018-12,28.341,0.045,water-level-altimetry,DAHITI,1
17469,"Nile, River",28.5565,30.835,2019-01-10T19:37:39Z,2019-01,28.223,0.032,water-level-altimetry,DAHITI,1
17469,"Nile, River",28.5565,30.835,2019-02-06T19:37:39Z,2019-02,28.216,0.034,water-level-altimetry,DAHITI,1
17469,"Nile, River",28.5565,30.835,2019-04-01T19:37:46Z,2019-04,28.493,0.008,water-level-altimetry,DAHITI,2
17469,"Nile, River",28.5565,30.835,2019-04-28T19:37:45Z,2019-04,29.442,0.001,water-level-altimetry,DAHITI,2
17469,"Nile, River",28.5565,30.835,2019-05-25T19:37:42Z,2019-05,30.488,0.008,water-level-altimetry,DAHITI,1
17469,"Nile, River",28.5565,30.835,2019-06-21T19:37:38Z,2019-06,30.457,0.018,water-level-altimetry,DAHITI,1
17469,"Nile, River",28.5565,30.835,2019-07-18T19:37:41Z,2019-07,30.439,0.008,water-level-altimetry,DAHITI,1
17469,"Nile, River",28.5565,30.835,2019-08-14T19:37:41Z,2019-08,29.889,0.002,water-level-altimetry,DAHITI,1
17469,"Nile, River",28.5565,30.835,2019-09-10T19:37:40Z,2019-09,29.698,0.004,water-level-altimetry,DAHITI,1
17469,"Nile, River",28.5565,30.835,2019-10-07T19:37:38Z,2019-10,30.507,0.007,water-level-altimetry,DAHITI,1
17469,"Nile, River",28.5565,30.835,2019-11-03T19:37:40Z,2019-11,28.953,0.008,water-level-altimetry,DAHITI,2
17469,"Nile, River",28.5565,30.835,2019-11-30T19:37:42Z,2019-11,28.612,0.011,water-level-altimetry,DAHITI,2
17469,"Nile, River",28.5565,30.835,2019-12-27T19:37:41Z,2019-12,28.225,0.008,water-level-altimetry,DAHITI,1
17469,"Nile, River",28.5565,30.835,2020-01-23T19:37:39Z,2020-01,28.217,0.074,water-level-altimetry,DAHITI,1
17469,"Nile, River",28.5565,30.835,2020-02-19T19:37:39Z,2020-02,28.762,0.004,water-level-altimetry,DAHITI,1
17469,"Nile, River",28.5565,30.835,2020-03-17T19:37:42Z,2020-03,28.945,0.0,water-level-altimetry,DAHITI,1
17469,"Nile, River",28.5565,30.835,2020-05-10T19:37:47Z,2020-05,29.788,0.001,water-level-altimetry,DAHITI,1
17469,"Nile, River",28.5565,30.835,2020-06-06T19:37:50Z,2020-06,30.691,0.0,water-level-altimetry,DAHITI,1
17469,"Nile, River",28.5565,30.835,2020-07-03T19:37:52Z,2020-07,30.75,0.002,water-level-altimetry,DAHITI,2
17469,"Nile, River",28.5565,30.835,2020-07-30T19:37:52Z,2020-07,30.466,0.019,water-level-altimetry,DAHITI,2
17469,"Nile, River",28.5565,30.835,2020-08-26T19:37:52Z,2020-08,30.424,0.001,water-level-altimetry,DAHITI,1
17469,"Nile, River",28.5565,30.835,2020-09-22T19:37:50Z,2020-09,30.32,0.012,water-level-altimetry,DAHITI,1
17469,"Nile, River",28.5565,30.835,2020-10-19T19:37:50Z,2020-10,29.331,0.008,water-level-altimetry,DAHITI,1
17469,"Nile, River",28.5565,30.835,2020-11-15T19:37:54Z,2020-11,28.442,0.014,water-level-altimetry,DAHITI,1
17469,"Nile, River",28.5565,30.835,2020-12-12T19:37:52Z,2020-12,28.211,0.029,water-level-altimetry,DAHITI,1
17469,"Nile, River",28.5565,30.835,2021-01-08T19:37:53Z,2021-01,28.397,0.001,water-level-altimetry,DAHITI,1
17469,"Nile, River",28.5565,30.835,2021-02-04T19:37:48Z,2021-02,28.462,0.002,water-level-altimetry,DAHITI,1
17469,"Nile, River",28.5565,30.835,2021-03-03T19:37:52Z,2021-03,28.683,0.018,water-level-altimetry,DAHITI,2
17469,"Nile, River",28.5565,30.835,2021-03-30T19:37:52Z,2021-03,28.745,0.013,water-level-altimetry,DAHITI,2
17469,"Nile, River",28.5565,30.835,2021-04-26T19:37:53Z,2021-04,28.555,0.13,water-level-altimetry,DAHITI,1
17469,"Nile, River",28.5565,30.835,2021-06-19T19:38:01Z,2021-06,30.332,0.001,water-level-altimetry,DAHITI,1
17469,"Nile, River",28.5565,30.835,2021-07-16T19:38:02Z,2021-07,30.53,0.003,water-level-altimetry,DAHITI,1
17469,"Nile, River",28.5565,30.835,2021-08-12T19:38:04Z,2021-08,30.863,0.001,water-level-altimetry,DAHITI,1
17469,"Nile, River",28.5565,30.835,2021-09-08T19:38:03Z,2021-09,30.645,0.001,water-level-altimetry,DAHITI,1
17469,"Nile, River",28.5565,30.835,2021-10-05T19:37:59Z,2021-10,29.071,0.008,water-level-altimetry,DAHITI,1
17469,"Nile, River",28.5565,30.835,2021-11-01T19:37:58Z,2021-11,28.697,0.001,water-level-altimetry,DAHITI,2
17469,"Nile, River",28.5565,30.835,2021-11-28T19:37:59Z,2021-11,28.391,0.006,water-level-altimetry,DAHITI,2
17469,"Nile, River",28.5565,30.835,2021-12-25T19:38:00Z,2021-12,28.228,0.006,water-level-altimetry,DAHITI,1
17469,"Nile, River",28.5565,30.835,2022-01-21T19:37:56Z,2022-01,28.433,0.003,water-level-altimetry,DAHITI,1
17469,"Nile, River",28.5565,30.835,2022-02-17T19:37:58Z,2022-02,28.268,0.006,water-level-altimetry,DAHITI,1
17469,"Nile, River",28.5565,30.835,2022-03-16T19:37:57Z,2022-03,28.563,0.025,water-level-altimetry,DAHITI,1
17469,"Nile, River",28.5565,30.835,2022-05-09T19:38:05Z,2022-05,29.499,0.009,water-level-altimetry,DAHITI,1
17469,"Nile, River",28.5565,30.835,2022-06-05T19:38:09Z,2022-06,30.331,0.01,water-level-altimetry,DAHITI,1
17469,"Nile, River",28.5565,30.835,2022-07-02T19:38:10Z,2022-07,30.552,0.013,water-level-altimetry,DAHITI,2
17469,"Nile, River",28.5565,30.835,2022-07-29T19:38:12Z,2022-07,30.703,0.002,water-level-altimetry,DAHITI,2
17469,"Nile, River",28.5565,30.835,2022-08-25T19:38:12Z,2022-08,30.228,0.005,water-level-altimetry,DAHITI,1
17469,"Nile, River",28.5565,30.835,2022-09-21T19:38:09Z,2022-09,29.735,0.004,water-level-altimetry,DAHITI,1
17469,"Nile, River",28.5565,30.835,2022-10-18T19:38:08Z,2022-10,30.194,0.01,water-level-altimetry,DAHITI,1
17469,"Nile, River",28.5565,30.835,2022-11-14T19:38:12Z,2022-11,28.896,0.015,water-level-altimetry,DAHITI,1
17469,"Nile, River",28.5565,30.835,2022-12-11T19:38:13Z,2022-12,28.367,0.002,water-level-altimetry,DAHITI,1
17469,"Nile, River",28.5565,30.835,2023-01-07T19:38:09Z,2023-01,28.282,0.001,water-level-altimetry,DAHITI,1
17469,"Nile, River",28.5565,30.835,2023-02-03T19:38:10Z,2023-02,28.494,0.002,water-level-altimetry,DAHITI,1
17469,"Nile, River",28.5565,30.835,2023-03-02T19:38:11Z,2023-03,28.903,0.003,water-level-altimetry,DAHITI,2
17469,"Nile, River",28.5565,30.835,2023-03-29T19:38:10Z,2023-03,28.86,0.019,water-level-altimetry,DAHITI,2
17469,"Nile, River",28.5565,30.835,2023-04-25T19:38:13Z,2023-04,29.459,0.009,water-level-altimetry,DAHITI,1
17469,"Nile, River",28.5565,30.835,2023-05-22T19:38:17Z,2023-05,30.454,0.014,water-level-altimetry,DAHITI,1
17469,"Nile, River",28.5565,30.835,2023-06-18T19:38:19Z,2023-06,30.417,0.001,water-level-altimetry,DAHITI,1
17469,"Nile, River",28.5565,30.835,2023-07-15T19:38:21Z,2023-07,30.412,0.015,water-level-altimetry,DAHITI,1
17469,"Nile, River",28.5565,30.835,2023-09-07T19:38:19Z,2023-09,29.399,0.018,water-level-altimetry,DAHITI,1
17469,"Nile, River",28.5565,30.835,2023-10-04T19:38:19Z,2023-10,28.852,0.008,water-level-altimetry,DAHITI,2
17469,"Nile, River",28.5565,30.835,2023-10-31T19:38:23Z,2023-10,28.634,0.005,water-level-altimetry,DAHITI,2
17469,"Nile, River",28.5565,30.835,2023-11-27T19:38:24Z,2023-11,28.328,0.003,water-level-altimetry,DAHITI,1
17469,"Nile, River",28.5565,30.835,2023-12-24T19:38:21Z,2023-12,28.38,0.006,water-level-altimetry,DAHITI,1
17469,"Nile, River",28.5565,30.835,2024-01-20T19:38:17Z,2024-01,29.231,0.004,water-level-altimetry,DAHITI,1
17469,"Nile, River",28.5565,30.835,2024-02-16T19:38:22Z,2024-02,28.352,0.014,water-level-altimetry,DAHITI,1
17469,"Nile, River",28.5565,30.835,2024-03-14T19:38:21Z,2024-03,28.919,0.002,water-level-altimetry,DAHITI,1
17469,"Nile, River",28.5565,30.835,2024-04-10T19:38:23Z,2024-04,29.019,0.018,water-level-altimetry,DAHITI,1
17469,"Nile, River",28.5565,30.835,2024-05-07T19:38:28Z,2024-05,29.48,0.001,water-level-altimetry,DAHITI,1
17469,"Nile, River",28.5565,30.835,2024-06-30T19:38:34Z,2024-06,30.371,0.002,water-level-altimetry,DAHITI,1
17469,"Nile, River",28.5565,30.835,2024-07-27T19:38:34Z,2024-07,30.617,0.004,water-level-altimetry,DAHITI,1
17469,"Nile, River",28.5565,30.835,2024-08-23T19:38:34Z,2024-08,30.206,0.025,water-level-altimetry,DAHITI,1
17469,"Nile, River",28.5565,30.835,2024-09-19T19:38:31Z,2024-09,29.765,0.006,water-level-altimetry,DAHITI,1
17469,"Nile, River",28.5565,30.835,2024-10-16T19:38:31Z,2024-10,30.089,0.012,water-level-altimetry,DAHITI,1
17469,"Nile, River",28.5565,30.835,2024-11-12T19:38:32Z,2024-11,29.283,0.058,water-level-altimetry,DAHITI,1
17469,"Nile, River",28.5565,30.835,2024-12-09T19:38:34Z,2024-12,29.092,0.005,water-level-altimetry,DAHITI,1
17469,"Nile, River",28.5565,30.835,2025-01-05T19:38:31Z,2025-01,28.609,0.386,water-level-altimetry,DAHITI,1
17469,"Nile, River",28.5565,30.835,2025-02-01T19:38:29Z,2025-02,29.127,0.001,water-level-altimetry,DAHITI,2
17469,"Nile, River",28.5565,30.835,2025-02-28T19:38:33Z,2025-02,29.725,0.004,water-level-altimetry,DAHITI,2
17469,"Nile, River",28.5565,30.835,2025-03-27T19:38:32Z,2025-03,29.729,0.004,water-level-altimetry,DAHITI,1
17469,"Nile, River",28.5565,30.835,2025-04-23T19:38:33Z,2025-04,29.886,0.006,water-level-altimetry,DAHITI,1
17469,"Nile, River",28.5565,30.835,2025-05-20T19:38:38Z,2025-05,30.188,0.005,water-level-altimetry,DAHITI,1
17469,"Nile, River",28.5565,30.835,2025-06-16T19:38:43Z,2025-06,30.662,0.006,water-level-altimetry,DAHITI,1
17469,"Nile, River",28.5565,30.835,2025-07-13T19:38:46Z,2025-07,30.523,0.008,water-level-altimetry,DAHITI,1
17469,"Nile, River",28.5565,30.835,2025-08-09T19:38:46Z,2025-08,30.722,0.0,water-level-altimetry,DAHITI,1
17469,"Nile, River",28.5565,30.835,2025-09-05T19:38:47Z,2025-09,30.401,0.001,water-level-altimetry,DAHITI,1
17469,"Nile, River",28.5565,30.835,2025-10-02T19:38:43Z,2025-10,30.369,0.003,water-level-altimetry,DAHITI,2
17469,"Nile, River",28.5565,30.835,2025-10-29T19:38:47Z,2025-10,29.982,0.013,water-level-altimetry,DAHITI,2
17469,"Nile, River",28.5565,30.835,2025-11-25T19:38:49Z,2025-11,29.875,0.001,water-level-altimetry,DAHITI,1
17469,"Nile, River",28.5565,30.835,2025-12-22T19:38:49Z,2025-12,29.561,0.005,water-level-altimetry,DAHITI,1
17469,"Nile, River",28.5565,30.835,2026-01-18T19:38:47Z,2026-01,29.97,0.003,water-level-altimetry,DAHITI,1
17469,"Nile, River",28.5565,30.835,2026-02-14T19:38:50Z,2026-02,29.53,0.214,water-level-altimetry,DAHITI,1
17469,"Nile, River",28.5565,30.835,2026-03-13T19:38:48Z,2026-03,30.183,0.022,water-level-altimetry,DAHITI,1
17469,"Nile, River",28.5565,30.835,2026-04-09T19:38:51Z,2026-04,30.53,0.008,water-level-altimetry,DAHITI,1
17469,"Nile, River",28.5565,30.835,2026-05-06T19:38:55Z,2026-05,30.77,0.008,water-level-altimetry,DAHITI,1
17469,"Nile, River",28.5565,30.835,2026-06-02T19:38:54Z,2026-06,30.906,0.003,water-level-altimetry,DAHITI,2
17469,"Nile, River",28.5565,30.835,2026-06-29T19:38:55Z,2026-06,30.943,0.001,water-level-altimetry,DAHITI,2
17469,"Nile, River",28.5565,30.835,2026-07-26T19:38:53Z,2026-07,30.754,0.019,water-level-altimetry,DAHITI,1
17469,"Nile, River",28.5565,30.835,2026-08-22T19:38:51Z,2026-08,31.162,0.008,water-level-altimetry,DAHITI,1
17683,"Elrayyan, Reservoir",29.2481,30.4678,2018-11-25T08:17:17Z,2018-11,-10.76,0.005,water-level-altimetry,DAHITI,1
17683,"Elrayyan, Reservoir",29.2481,30.4678,2018-12-22T08:17:20Z,2018-12,-10.51,0.016,water-level-altimetry,DAHITI,1
17683,"Elrayyan, Reservoir",29.2481,30.4678,2019-01-18T08:17:22Z,2019-01,-10.673,0.001,water-level-altimetry,DAHITI,1
17683,"Elrayyan, Reservoir",29.2481,30.4678,2019-02-14T08:17:21Z,2019-02,-10.503,0.052,water-level-altimetry,DAHITI,1
17683,"Elrayyan, Reservoir",29.2481,30.4678,2019-03-13T08:17:26Z,2019-03,-10.162,0.01,water-level-altimetry,DAHITI,1
17683,"Elrayyan, Reservoir",29.2481,30.4678,2019-04-09T08:17:28Z,2019-04,-10.384,0.02,water-level-altimetry,DAHITI,1
17683,"Elrayyan, Reservoir",29.2481,30.4678,2019-05-06T08:17:27Z,2019-05,-10.473,0.002,water-level-altimetry,DAHITI,1
17683,"Elrayyan, Reservoir",29.2481,30.4678,2019-06-02T08:17:22Z,2019-06,-10.692,0.085,water-level-altimetry,DAHITI,2
17683,"Elrayyan, Reservoir",29.2481,30.4678,2019-06-29T08:17:21Z,2019-06,-10.669,0.004,water-level-altimetry,DAHITI,2
17683,"Elrayyan, Reservoir",29.2481,30.4678,2019-07-26T08:17:23Z,2019-07,-10.647,0.016,water-level-altimetry,DAHITI,1
17683,"Elrayyan, Reservoir",29.2481,30.4678,2019-08-22T08:17:23Z,2019-08,-10.886,0.039,water-level-altimetry,DAHITI,1
17683,"Elrayyan, Reservoir",29.2481,30.4678,2019-09-18T08:17:22Z,2019-09,-11.096,0.034,water-level-altimetry,DAHITI,1
17683,"Elrayyan, Reservoir",29.2481,30.4678,2019-10-15T08:17:18Z,2019-10,-10.688,0.018,water-level-altimetry,DAHITI,1
17683,"Elrayyan, Reservoir",29.2481,30.4678,2019-11-11T08:17:22Z,2019-11,-10.638,0.011,water-level-altimetry,DAHITI,1
17683,"Elrayyan, Reservoir",29.2481,30.4678,2019-12-08T08:17:24Z,2019-12,-10.32,0.025,water-level-altimetry,DAHITI,1
17683,"Elrayyan, Reservoir",29.2481,30.4678,2020-01-04T08:17:23Z,2020-01,-10.381,0.027,water-level-altimetry,DAHITI,2
17683,"Elrayyan, Reservoir",29.2481,30.4678,2020-01-31T08:17:20Z,2020-01,-10.351,0.0,water-level-altimetry,DAHITI,2
17683,"Elrayyan, Reservoir",29.2481,30.4678,2020-02-27T08:17:23Z,2020-02,-10.196,0.002,water-level-altimetry,DAHITI,1
17683,"Elrayyan, Reservoir",29.2481,30.4678,2020-03-25T08:17:24Z,2020-03,-10.004,0.009,water-level-altimetry,DAHITI,1
17683,"Elrayyan, Reservoir",29.2481,30.4678,2020-04-21T08:17:27Z,2020-04,-9.931,0.001,water-level-altimetry,DAHITI,1
17683,"Elrayyan, Reservoir",29.2481,30.4678,2020-05-18T08:17:30Z,2020-05,-9.841,0.048,water-level-altimetry,DAHITI,1
17683,"Elrayyan, Reservoir",29.2481,30.4678,2020-06-14T08:17:33Z,2020-06,-9.824,0.033,water-level-altimetry,DAHITI,1
17683,"Elrayyan, Reservoir",29.2481,30.4678,2020-07-11T08:17:35Z,2020-07,-10.108,0.006,water-level-altimetry,DAHITI,1
17683,"Elrayyan, Reservoir",29.2481,30.4678,2020-08-07T08:17:35Z,2020-08,-10.278,0.004,water-level-altimetry,DAHITI,1
17683,"Elrayyan, Reservoir",29.2481,30.4678,2020-09-03T08:17:34Z,2020-09,-10.397,0.022,water-level-altimetry,DAHITI,2
17683,"Elrayyan, Reservoir",29.2481,30.4678,2020-09-30T08:17:31Z,2020-09,-10.315,0.01,water-level-altimetry,DAHITI,2
17683,"Elrayyan, Reservoir",29.2481,30.4678,2020-10-27T08:17:34Z,2020-10,-10.35,0.007,water-level-altimetry,DAHITI,1
17683,"Elrayyan, Reservoir",29.2481,30.4678,2020-11-23T08:17:36Z,2020-11,-10.16,0.007,water-level-altimetry,DAHITI,1
17683,"Elrayyan, Reservoir",29.2481,30.4678,2020-12-20T08:17:34Z,2020-12,-9.983,0.052,water-level-altimetry,DAHITI,1
17683,"Elrayyan, Reservoir",29.2481,30.4678,2021-01-16T08:17:35Z,2021-01,-10.155,0.011,water-level-altimetry,DAHITI,1
17683,"Elrayyan, Reservoir",29.2481,30.4678,2021-02-12T08:17:32Z,2021-02,-10.109,0.008,water-level-altimetry,DAHITI,1
17683,"Elrayyan, Reservoir",29.2481,30.4678,2021-03-11T08:17:34Z,2021-03,-9.977,0.002,water-level-altimetry,DAHITI,1
17683,"Elrayyan, Reservoir",29.2481,30.4678,2021-04-07T08:17:33Z,2021-04,-10.076,0.003,water-level-altimetry,DAHITI,1
17683,"Elrayyan, Reservoir",29.2481,30.4678,2021-05-04T08:17:36Z,2021-05,-10.125,0.004,water-level-altimetry,DAHITI,2
17683,"Elrayyan, Reservoir",29.2481,30.4678,2021-05-31T08:17:40Z,2021-05,-10.278,0.003,water-level-altimetry,DAHITI,2
17683,"Elrayyan, Reservoir",29.2481,30.4678,2021-06-27T08:17:44Z,2021-06,-10.241,0.009,water-level-altimetry,DAHITI,1
17683,"Elrayyan, Reservoir",29.2481,30.4678,2021-07-24T08:17:44Z,2021-07,-10.485,0.023,water-level-altimetry,DAHITI,1
17683,"Elrayyan, Reservoir",29.2481,30.4678,2021-08-20T08:17:46Z,2021-08,-10.667,0.013,water-level-altimetry,DAHITI,1
17683,"Elrayyan, Reservoir",29.2481,30.4678,2021-09-16T08:17:44Z,2021-09,-10.499,0.002,water-level-altimetry,DAHITI,1
17683,"Elrayyan, Reservoir",29.2481,30.4678,2021-11-09T08:17:41Z,2021-11,-10.432,0.003,water-level-altimetry,DAHITI,1
17683,"Elrayyan, Reservoir",29.2481,30.4678,2021-12-06T08:17:41Z,2021-12,-10.307,0.009,water-level-altimetry,DAHITI,1
17683,"Elrayyan, Reservoir",29.2481,30.4678,2022-01-02T08:17:41Z,2022-01,-10.388,0.007,water-level-altimetry,DAHITI,2
17683,"Elrayyan, Reservoir",29.2481,30.4678,2022-01-29T08:17:38Z,2022-01,-10.177,0.006,water-level-altimetry,DAHITI,2
17683,"Elrayyan, Reservoir",29.2481,30.4678,2022-02-25T08:17:41Z,2022-02,-10.467,0.022,water-level-altimetry,DAHITI,1
17683,"Elrayyan, Reservoir",29.2481,30.4678,2022-03-24T08:17:40Z,2022-03,-10.377,0.058,water-level-altimetry,DAHITI,1
17683,"Elrayyan, Reservoir",29.2481,30.4678,2022-05-17T08:17:48Z,2022-05,-10.033,0.026,water-level-altimetry,DAHITI,1
17683,"Elrayyan, Reservoir",29.2481,30.4678,2022-06-13T08:17:52Z,2022-06,-10.255,0.004,water-level-altimetry,DAHITI,1
17683,"Elrayyan, Reservoir",29.2481,30.4678,2022-07-10T08:17:54Z,2022-07,-10.135,0.012,water-level-altimetry,DAHITI,1
17683,"Elrayyan, Reservoir",29.2481,30.4678,2022-08-06T08:17:54Z,2022-08,-10.366,0.003,water-level-altimetry,DAHITI,1
17683,"Elrayyan, Reservoir",29.2481,30.4678,2022-09-02T08:17:54Z,2022-09,-10.391,0.016,water-level-altimetry,DAHITI,2
17683,"Elrayyan, Reservoir",29.2481,30.4678,2022-09-29T08:17:51Z,2022-09,-10.418,0.008,water-level-altimetry,DAHITI,2
17683,"Elrayyan, Reservoir",29.2481,30.4678,2022-10-26T08:17:53Z,2022-10,-10.337,0.016,water-level-altimetry,DAHITI,1
17683,"Elrayyan, Reservoir",29.2481,30.4678,2022-11-22T08:17:53Z,2022-11,-10.008,0.058,water-level-altimetry,DAHITI,1
17683,"Elrayyan, Reservoir",29.2481,30.4678,2023-02-11T08:17:54Z,2023-02,-10.032,0.035,water-level-altimetry,DAHITI,1
17683,"Elrayyan, Reservoir",29.2481,30.4678,2023-03-10T08:17:53Z,2023-03,-9.991,0.005,water-level-altimetry,DAHITI,1
17683,"Elrayyan, Reservoir",29.2481,30.4678,2023-04-06T08:17:51Z,2023-04,-9.945,0.018,water-level-altimetry,DAHITI,1
17683,"Elrayyan, Reservoir",29.2481,30.4678,2023-05-03T08:17:56Z,2023-05,-9.832,0.001,water-level-altimetry,DAHITI,2
17683,"Elrayyan, Reservoir",29.2481,30.4678,2023-05-30T08:17:59Z,2023-05,-10.135,0.003,water-level-altimetry,DAHITI,2
17683,"Elrayyan, Reservoir",29.2481,30.4678,2023-06-26T08:18:01Z,2023-06,-10.29,0.005,water-level-altimetry,DAHITI,1
17683,"Elrayyan, Reservoir",29.2481,30.4678,2023-07-23T08:18:03Z,2023-07,-10.473,0.002,water-level-altimetry,DAHITI,1
17683,"Elrayyan, Reservoir",29.2481,30.4678,2023-08-19T08:18:04Z,2023-08,-10.628,0.005,water-level-altimetry,DAHITI,1
17683,"Elrayyan, Reservoir",29.2481,30.4678,2023-09-15T08:18:00Z,2023-09,-10.632,0.002,water-level-altimetry,DAHITI,1
17683,"Elrayyan, Reservoir",29.2481,30.4678,2023-10-12T08:18:02Z,2023-10,-10.44,0.001,water-level-altimetry,DAHITI,1
17683,"Elrayyan, Reservoir",29.2481,30.4678,2023-11-08T08:18:06Z,2023-11,-10.445,0.044,water-level-altimetry,DAHITI,1
17683,"Elrayyan, Reservoir",29.2481,30.4678,2023-12-05T08:18:04Z,2023-12,-10.298,0.007,water-level-altimetry,DAHITI,1
17683,"Elrayyan, Reservoir",29.2481,30.4678,2024-01-01T08:18:01Z,2024-01,-10.238,0.017,water-level-altimetry,DAHITI,2
17683,"Elrayyan, Reservoir",29.2481,30.4678,2024-01-28T08:18:01Z,2024-01,-10.105,0.008,water-level-altimetry,DAHITI,2
17683,"Elrayyan, Reservoir",29.2481,30.4678,2024-02-24T08:18:04Z,2024-02,-10.162,0.027,water-level-altimetry,DAHITI,1
17683,"Elrayyan, Reservoir",29.2481,30.4678,2024-03-22T08:18:02Z,2024-03,-10.306,0.039,water-level-altimetry,DAHITI,1
17683,"Elrayyan, Reservoir",29.2481,30.4678,2024-04-18T08:18:06Z,2024-04,-9.936,0.0,water-level-altimetry,DAHITI,1
17683,"Elrayyan, Reservoir",29.2481,30.4678,2024-05-15T08:18:09Z,2024-05,-9.935,0.013,water-level-altimetry,DAHITI,1
17683,"Elrayyan, Reservoir",29.2481,30.4678,2024-06-11T08:18:15Z,2024-06,-10.28,0.003,water-level-altimetry,DAHITI,1
17683,"Elrayyan, Reservoir",29.2481,30.4678,2024-07-08T08:18:16Z,2024-07,-10.431,0.004,water-level-altimetry,DAHITI,1
17683,"Elrayyan, Reservoir",29.2481,30.4678,2024-08-04T08:18:18Z,2024-08,-10.631,0.002,water-level-altimetry,DAHITI,2
17683,"Elrayyan, Reservoir",29.2481,30.4678,2024-08-31T08:18:18Z,2024-08,-10.591,0.004,water-level-altimetry,DAHITI,2
17683,"Elrayyan, Reservoir",29.2481,30.4678,2024-09-27T08:18:13Z,2024-09,-10.516,0.006,water-level-altimetry,DAHITI,1
17683,"Elrayyan, Reservoir",29.2481,30.4678,2024-10-24T08:18:14Z,2024-10,-10.668,0.037,water-level-altimetry,DAHITI,1
17683,"Elrayyan, Reservoir",29.2481,30.4678,2024-11-20T08:18:17Z,2024-11,-10.349,0.001,water-level-altimetry,DAHITI,1
17683,"Elrayyan, Reservoir",29.2481,30.4678,2024-12-17T08:18:15Z,2024-12,-10.421,0.004,water-level-altimetry,DAHITI,1
17683,"Elrayyan, Reservoir",29.2481,30.4678,2025-01-13T08:18:13Z,2025-01,-10.108,0.004,water-level-altimetry,DAHITI,1
17683,"Elrayyan, Reservoir",29.2481,30.4678,2025-02-09T08:18:13Z,2025-02,-9.938,0.004,water-level-altimetry,DAHITI,1
17683,"Elrayyan, Reservoir",29.2481,30.4678,2025-05-01T08:18:16Z,2025-05,-9.746,0.001,water-level-altimetry,DAHITI,2
17683,"Elrayyan, Reservoir",29.2481,30.4678,2025-05-28T08:18:22Z,2025-05,-9.165,0.003,water-level-altimetry,DAHITI,2
17683,"Elrayyan, Reservoir",29.2481,30.4678,2025-06-24T08:18:26Z,2025-06,-10.066,0.053,water-level-altimetry,DAHITI,1
17683,"Elrayyan, Reservoir",29.2481,30.4678,2025-07-21T08:18:28Z,2025-07,-10.366,0.002,water-level-altimetry,DAHITI,1
17683,"Elrayyan, Reservoir",29.2481,30.4678,2025-09-13T08:18:27Z,2025-09,-10.39,0.001,water-level-altimetry,DAHITI,1
17683,"Elrayyan, Reservoir",29.2481,30.4678,2025-11-06T08:18:29Z,2025-11,-10.349,0.008,water-level-altimetry,DAHITI,1
17683,"Elrayyan, Reservoir",29.2481,30.4678,2025-12-03T08:18:32Z,2025-12,-9.994,0.012,water-level-altimetry,DAHITI,2
17683,"Elrayyan, Reservoir",29.2481,30.4678,2025-12-30T08:18:30Z,2025-12,-10.144,0.004,water-level-altimetry,DAHITI,2
17683,"Elrayyan, Reservoir",29.2481,30.4678,2026-01-26T08:18:28Z,2026-01,-10.174,0.004,water-level-altimetry,DAHITI,1
17683,"Elrayyan, Reservoir",29.2481,30.4678,2026-02-22T08:18:32Z,2026-02,-10.128,0.0,water-level-altimetry,DAHITI,1
17683,"Elrayyan, Reservoir",29.2481,30.4678,2026-03-21T08:18:30Z,2026-03,-10.008,0.025,water-level-altimetry,DAHITI,1
17683,"Elrayyan, Reservoir",29.2481,30.4678,2026-05-14T08:18:36Z,2026-05,-10.04,0.002,water-level-altimetry,DAHITI,1
17683,"Elrayyan, Reservoir",29.2481,30.4678,2026-06-10T08:18:36Z,2026-06,-9.961,0.003,water-level-altimetry,DAHITI,1
17683,"Elrayyan, Reservoir",29.2481,30.4678,2026-07-07T08:18:36Z,2026-07,-10.162,0.004,water-level-altimetry,DAHITI,1
17683,"Elrayyan, Reservoir",29.2481,30.4678,2026-08-03T08:18:34Z,2026-08,-9.808,0.026,water-level-altimetry,DAHITI,1
17684,"Nile, River",28.5357,30.8276,2002-07-14T19:38:09Z,2002-07,31.453,0.021,water-level-altimetry,DAHITI,1
17684,"Nile, River",28.5357,30.8276,2002-08-18T19:38:08Z,2002-08,30.998,0.01,water-level-altimetry,DAHITI,1
17684,"Nile, River",28.5357,30.8276,2002-09-22T19:38:06Z,2002-09,29.683,0.036,water-level-altimetry,DAHITI,1
17684,"Nile, River",28.5357,30.8276,2002-10-27T19:38:10Z,2002-10,29.42,0.005,water-level-altimetry,DAHITI,1
17684,"Nile, River",28.5357,30.8276,2002-12-01T19:38:07Z,2002-12,29.224,0.015,water-level-altimetry,DAHITI,1
17684,"Nile, River",28.5357,30.8276,2003-01-05T19:38:06Z,2003-01,29.917,0.077,water-level-altimetry,DAHITI,1
17684,"Nile, River",28.5357,30.8276,2003-06-29T19:38:12Z,2003-06,31.363,0.009,water-level-altimetry,DAHITI,1
17684,"Nile, River",28.5357,30.8276,2003-08-03T19:38:16Z,2003-08,31.248,0.006,water-level-altimetry,DAHITI,1
17684,"Nile, River",28.5357,30.8276,2003-09-07T19:38:19Z,2003-09,30.634,0.053,water-level-altimetry,DAHITI,1
17684,"Nile, River",28.5357,30.8276,2003-10-12T19:38:15Z,2003-10,29.348,0.079,water-level-altimetry,DAHITI,1
17684,"Nile, River",28.5357,30.8276,2004-01-25T19:38:12Z,2004-01,28.453,0.009,water-level-altimetry,DAHITI,1
17684,"Nile, River",28.5357,30.8276,2004-02-29T19:38:12Z,2004-02,29.159,0.055,water-level-altimetry,DAHITI,1
17684,"Nile, River",28.5357,30.8276,2004-04-04T19:38:13Z,2004-04,29.732,0.025,water-level-altimetry,DAHITI,1
17684,"Nile, River",28.5357,30.8276,2004-05-09T19:38:12Z,2004-05,31.127,0.019,water-level-altimetry,DAHITI,1
17684,"Nile, River",28.5357,30.8276,2004-08-22T19:38:16Z,2004-08,30.889,0.007,water-level-altimetry,DAHITI,1
17684,"Nile, River",28.5357,30.8276,2004-10-31T19:38:17Z,2004-10,29.632,0.048,water-level-altimetry,DAHITI,1
17684,"Nile, River",28.5357,30.8276,2004-12-05T19:38:14Z,2004-12,28.791,0.003,water-level-altimetry,DAHITI,1
17684,"Nile, River",28.5357,30.8276,2005-01-09T19:38:10Z,2005-01,29.731,0.073,water-level-altimetry,DAHITI,1
17684,"Nile, River",28.5357,30.8276,2005-02-13T19:38:12Z,2005-02,29.029,0.041,water-level-altimetry,DAHITI,1
17684,"Nile, River",28.5357,30.8276,2005-03-20T19:38:11Z,2005-03,30.667,0.007,water-level-altimetry,DAHITI,1
17684,"Nile, River",28.5357,30.8276,2005-05-29T19:38:18Z,2005-05,30.82,0.033,water-level-altimetry,DAHITI,1
17684,"Nile, River",28.5357,30.8276,2005-07-03T19:38:20Z,2005-07,31.444,0.003,water-level-altimetry,DAHITI,1
17684,"Nile, River",28.5357,30.8276,2005-08-07T19:38:16Z,2005-08,31.172,0.098,water-level-altimetry,DAHITI,1
17684,"Nile, River",28.5357,30.8276,2005-09-11T19:38:14Z,2005-09,30.572,0.389,water-level-altimetry,DAHITI,1
17684,"Nile, River",28.5357,30.8276,2005-10-16T19:38:16Z,2005-10,29.527,0.056,water-level-altimetry,DAHITI,1
17684,"Nile, River",28.5357,30.8276,2005-11-20T19:38:14Z,2005-11,29.34,0.003,water-level-altimetry,DAHITI,1
17684,"Nile, River",28.5357,30.8276,2005-12-25T19:38:07Z,2005-12,28.716,0.034,water-level-altimetry,DAHITI,1
17684,"Nile, River",28.5357,30.8276,2006-01-29T19:38:04Z,2006-01,28.697,0.041,water-level-altimetry,DAHITI,1
17684,"Nile, River",28.5357,30.8276,2006-03-05T19:38:05Z,2006-03,29.444,0.011,water-level-altimetry,DAHITI,1
17684,"Nile, River",28.5357,30.8276,2006-04-09T19:38:05Z,2006-04,29.873,0.034,water-level-altimetry,DAHITI,1
17684,"Nile, River",28.5357,30.8276,2006-05-14T19:38:10Z,2006-05,30.398,0.099,water-level-altimetry,DAHITI,1
17684,"Nile, River",28.5357,30.8276,2006-06-18T19:38:13Z,2006-06,31.528,0.002,water-level-altimetry,DAHITI,1
17684,"Nile, River",28.5357,30.8276,2006-07-23T19:38:16Z,2006-07,32.229,0.027,water-level-altimetry,DAHITI,1
17684,"Nile, River",28.5357,30.8276,2006-08-27T19:38:12Z,2006-08,30.846,0.1,water-level-altimetry,DAHITI,1
17684,"Nile, River",28.5357,30.8276,2006-10-01T19:38:12Z,2006-10,29.552,0.038,water-level-altimetry,DAHITI,1
17684,"Nile, River",28.5357,30.8276,2006-12-10T19:38:13Z,2006-12,28.932,0.203,water-level-altimetry,DAHITI,1
17684,"Nile, River",28.5357,30.8276,2007-01-14T19:38:07Z,2007-01,28.875,0.012,water-level-altimetry,DAHITI,1
17684,"Nile, River",28.5357,30.8276,2007-03-25T19:38:07Z,2007-03,30.105,0.028,water-level-altimetry,DAHITI,1
17684,"Nile, River",28.5357,30.8276,2007-06-03T19:38:11Z,2007-06,31.421,0.043,water-level-altimetry,DAHITI,1
17684,"Nile, River",28.5357,30.8276,2007-07-08T19:38:12Z,2007-07,31.194,0.029,water-level-altimetry,DAHITI,1
17684,"Nile, River",28.5357,30.8276,2007-08-12T19:38:11Z,2007-08,31.4,0.004,water-level-altimetry,DAHITI,1
17684,"Nile, River",28.5357,30.8276,2007-09-16T19:38:07Z,2007-09,30.771,0.1,water-level-altimetry,DAHITI,1
17684,"Nile, River",28.5357,30.8276,2007-10-21T19:38:06Z,2007-10,31.337,0.09,water-level-altimetry,DAHITI,1
17684,"Nile, River",28.5357,30.8276,2007-11-25T19:38:03Z,2007-11,30.308,0.025,water-level-altimetry,DAHITI,1
17684,"Nile, River",28.5357,30.8276,2007-12-30T19:38:04Z,2007-12,28.842,0.039,water-level-altimetry,DAHITI,1
17684,"Nile, River",28.5357,30.8276,2008-04-13T19:38:04Z,2008-04,30.262,0.037,water-level-altimetry,DAHITI,1
17684,"Nile, River",28.5357,30.8276,2008-05-18T19:38:05Z,2008-05,30.798,0.035,water-level-altimetry,DAHITI,1
17684,"Nile, River",28.5357,30.8276,2008-06-22T19:38:06Z,2008-06,31.49,0.035,water-level-altimetry,DAHITI,1
17684,"Nile, River",28.5357,30.8276,2008-07-27T19:38:06Z,2008-07,31.29,0.122,water-level-altimetry,DAHITI,1
17684,"Nile, River",28.5357,30.8276,2008-08-31T19:38:03Z,2008-08,30.995,0.036,water-level-altimetry,DAHITI,1
17684,"Nile, River",28.5357,30.8276,2008-10-05T19:38:03Z,2008-10,30.166,0.052,water-level-altimetry,DAHITI,1
17684,"Nile, River",28.5357,30.8276,2008-11-09T19:38:01Z,2008-11,29.35,0.003,water-level-altimetry,DAHITI,1
17684,"Nile, River",28.5357,30.8276,2008-12-14T19:38:03Z,2008-12,29.365,0.095,water-level-altimetry,DAHITI,1
17684,"Nile, River",28.5357,30.8276,2009-01-18T19:38:01Z,2009-01,29.161,0.012,water-level-altimetry,DAHITI,1
17684,"Nile, River",28.5357,30.8276,2009-02-22T19:38:03Z,2009-02,29.669,0.011,water-level-altimetry,DAHITI,1
17684,"Nile, River",28.5357,30.8276,2009-03-29T19:38:01Z,2009-03,29.786,0.038,water-level-altimetry,DAHITI,1
17684,"Nile, River",28.5357,30.8276,2009-05-03T19:38:03Z,2009-05,30.453,0.013,water-level-altimetry,DAHITI,1
17684,"Nile, River",28.5357,30.8276,2009-06-07T19:38:05Z,2009-06,31.257,0.136,water-level-altimetry,DAHITI,1
17684,"Nile, River",28.5357,30.8276,2009-07-12T19:38:04Z,2009-07,32.127,0.025,water-level-altimetry,DAHITI,1
17684,"Nile, River",28.5357,30.8276,2009-08-16T19:38:03Z,2009-08,30.856,0.014,water-level-altimetry,DAHITI,1
17684,"Nile, River",28.5357,30.8276,2009-09-20T19:37:59Z,2009-09,29.712,0.035,water-level-altimetry,DAHITI,1
17684,"Nile, River",28.5357,30.8276,2009-10-25T19:37:58Z,2009-10,29.458,0.005,water-level-altimetry,DAHITI,1
17684,"Nile, River",28.5357,30.8276,2009-11-29T19:37:56Z,2009-11,29.206,0.012,water-level-altimetry,DAHITI,1
17684,"Nile, River",28.5357,30.8276,2010-01-03T19:37:58Z,2010-01,28.996,0.115,water-level-altimetry,DAHITI,1
17684,"Nile, River",28.5357,30.8276,2010-02-07T19:37:57Z,2010-02,29.574,0.074,water-level-altimetry,DAHITI,1
17684,"Nile, River",28.5357,30.8276,2010-03-14T19:37:57Z,2010-03,29.673,0.037,water-level-altimetry,DAHITI,1
17684,"Nile, River",28.5357,30.8276,2010-04-18T19:37:55Z,2010-04,29.716,0.027,water-level-altimetry,DAHITI,1
17684,"Nile, River",28.5357,30.8276,2010-05-23T19:37:55Z,2010-05,30.555,0.015,water-level-altimetry,DAHITI,1
17684,"Nile, River",28.5357,30.8276,2010-06-27T19:37:54Z,2010-06,30.933,0.015,water-level-altimetry,DAHITI,1
17684,"Nile, River",28.5357,30.8276,2010-08-01T19:37:56Z,2010-08,31.083,0.028,water-level-altimetry,DAHITI,1
17684,"Nile, River",28.5357,30.8276,2010-09-05T19:37:56Z,2010-09,30.332,0.029,water-level-altimetry,DAHITI,1
17685,"Nile, River",27.5582,30.8451,2009-01-20T02:18:44Z,2009-01,39.885,0.042,water-level-altimetry,DAHITI,2
17685,"Nile, River",27.5582,30.8451,2009-01-30T00:17:16Z,2009-01,39.831,0.066,water-level-altimetry,DAHITI,2
17685,"Nile, River",27.5582,30.8451,2009-02-18T20:14:19Z,2009-02,40.409,0.006,water-level-altimetry,DAHITI,1
17685,"Nile, River",27.5582,30.8451,2009-03-20T14:09:54Z,2009-03,40.975,0.045,water-level-altimetry,DAHITI,2
17685,"Nile, River",27.5582,30.8451,2009-03-30T12:08:25Z,2009-03,40.836,0.038,water-level-altimetry,DAHITI,2
17685,"Nile, River",27.5582,30.8451,2009-04-09T10:06:56Z,2009-04,41.075,0.06,water-level-altimetry,DAHITI,3
17685,"Nile, River",27.5582,30.8451,2009-04-19T08:05:27Z,2009-04,41.462,0.065,water-level-altimetry,DAHITI,3
17685,"Nile, River",27.5582,30.8451,2009-04-29T06:03:58Z,2009-04,40.961,0.044,water-level-altimetry,DAHITI,3
17685,"Nile, River",27.5582,30.8451,2009-06-17T19:56:37Z,2009-06,42.014,0.043,water-level-altimetry,DAHITI,2
17685,"Nile, River",27.5582,30.8451,2009-06-27T17:55:08Z,2009-06,42.361,0.037,water-level-altimetry,DAHITI,2
17685,"Nile, River",27.5582,30.8451,2009-07-07T15:53:40Z,2009-07,42.25,0.003,water-level-altimetry,DAHITI,1
17685,"Nile, River",27.5582,30.8451,2009-08-06T09:49:14Z,2009-08,41.882,0.059,water-level-altimetry,DAHITI,1
17685,"Nile, River",27.5582,30.8451,2009-09-15T01:43:21Z,2009-09,40.555,0.004,water-level-altimetry,DAHITI,2
17685,"Nile, River",27.5582,30.8451,2009-09-24T23:41:53Z,2009-09,40.4,0.018,water-level-altimetry,DAHITI,2
17685,"Nile, River",27.5582,30.8451,2009-10-04T21:40:24Z,2009-10,40.455,0.042,water-level-altimetry,DAHITI,1
17685,"Nile, River",27.5582,30.8451,2009-11-13T13:34:30Z,2009-11,40.506,0.058,water-level-altimetry,DAHITI,1
17685,"Nile, River",27.5582,30.8451,2010-01-12T01:25:40Z,2010-01,40.003,0.071,water-level-altimetry,DAHITI,2
17685,"Nile, River",27.5582,30.8451,2010-01-31T21:22:44Z,2010-01,39.889,0.083,water-level-altimetry,DAHITI,2
17685,"Nile, River",27.5582,30.8451,2010-02-20T17:19:47Z,2010-02,40.396,0.027,water-level-altimetry,DAHITI,1
17685,"Nile, River",27.5582,30.8451,2010-03-22T11:15:21Z,2010-03,40.73,0.041,water-level-altimetry,DAHITI,1
17685,"Nile, River",27.5582,30.8451,2010-04-01T09:13:52Z,2010-04,40.768,0.003,water-level-altimetry,DAHITI,1
17685,"Nile, River",27.5582,30.8451,2010-05-01T03:09:26Z,2010-05,40.764,0.023,water-level-altimetry,DAHITI,4
17685,"Nile, River",27.5582,30.8451,2010-05-11T01:07:58Z,2010-05,40.883,0.045,water-level-altimetry,DAHITI,4
17685,"Nile, River",27.5582,30.8451,2010-05-20T23:06:29Z,2010-05,41.184,0.1,water-level-altimetry,DAHITI,4
17685,"Nile, River",27.5582,30.8451,2010-05-30T21:05:01Z,2010-05,42.06,0.014,water-level-altimetry,DAHITI,4
17685,"Nile, River",27.5582,30.8451,2010-09-16T22:48:48Z,2010-09,40.634,0.006,water-level-altimetry,DAHITI,1
17685,"Nile, River",27.5582,30.8451,2010-10-06T18:45:50Z,2010-10,40.516,0.029,water-level-altimetry,DAHITI,1
17685,"Nile, River",27.5582,30.8451,2011-01-13T22:31:06Z,2011-01,39.723,0.015,water-level-altimetry,DAHITI,1
17685,"Nile, River",27.5582,30.8451,2011-04-13T04:17:49Z,2011-04,40.45,0.03,water-level-altimetry,DAHITI,2
17685,"Nile, River",27.5582,30.8451,2011-04-23T02:16:20Z,2011-04,40.56,0.0,water-level-altimetry,DAHITI,2
17685,"Nile, River",27.5582,30.8451,2011-05-03T00:14:51Z,2011-05,41.076,0.106,water-level-altimetry,DAHITI,1
17685,"Nile, River",27.5582,30.8451,2011-07-01T12:06:01Z,2011-07,42.08,0.074,water-level-altimetry,DAHITI,2
17685,"Nile, River",27.5582,30.8451,2011-07-11T10:04:33Z,2011-07,42.149,0.047,water-level-altimetry,DAHITI,2
17685,"Nile, River",27.5582,30.8451,2012-01-05T21:38:00Z,2012-01,39.684,0.063,water-level-altimetry,DAHITI,3
17685,"Nile, River",27.5582,30.8451,2012-01-15T19:36:31Z,2012-01,39.757,0.004,water-level-altimetry,DAHITI,3
17685,"Nile, River",27.5582,30.8451,2012-01-25T17:35:03Z,2012-01,39.706,0.015,water-level-altimetry,DAHITI,3
17685,"Nile, River",27.5582,30.8451,2012-04-04T03:24:43Z,2012-04,40.634,0.09,water-level-altimetry,DAHITI,1
17685,"Nile, River",27.5582,30.8451,2012-06-22T11:12:55Z,2012-06,42.085,0.118,water-level-altimetry,DAHITI,1
17685,"Nile, River",27.5582,30.8451,2012-10-19T10:55:10Z,2012-10,40.256,0.038,water-level-altimetry,DAHITI,1
17685,"Nile, River",27.5582,30.8451,2013-01-06T18:43:26Z,2013-01,39.736,0.003,water-level-altimetry,DAHITI,3
17685,"Nile, River",27.5582,30.8451,2013-01-16T16:41:57Z,2013-01,39.906,0.018,water-level-altimetry,DAHITI,3
17685,"Nile, River",27.5582,30.8451,2013-01-26T14:40:29Z,2013-01,39.876,0.0,water-level-altimetry,DAHITI,3
17685,"Nile, River",27.5582,30.8451,2013-02-05T12:39:00Z,2013-02,39.854,0.097,water-level-altimetry,DAHITI,1
17685,"Nile, River",27.5582,30.8451,2013-03-17T04:33:06Z,2013-03,40.549,0.047,water-level-altimetry,DAHITI,1
17685,"Nile, River",27.5582,30.8451,2013-04-06T00:30:10Z,2013-04,40.771,0.044,water-level-altimetry,DAHITI,2
17685,"Nile, River",27.5582,30.8451,2013-04-25T20:27:13Z,2013-04,40.932,0.007,water-level-altimetry,DAHITI,2
17685,"Nile, River",27.5582,30.8451,2013-05-25T14:22:47Z,2013-05,41.784,0.079,water-level-altimetry,DAHITI,1
17685,"Nile, River",27.5582,30.8451,2013-06-14T10:19:51Z,2013-06,42.141,0.004,water-level-altimetry,DAHITI,1
17685,"Nile, River",27.5582,30.8451,2013-07-24T02:13:56Z,2013-07,41.992,0.009,water-level-altimetry,DAHITI,1
17685,"Nile, River",27.5582,30.8451,2013-09-01T18:08:03Z,2013-09,41.161,0.061,water-level-altimetry,DAHITI,1
17685,"Nile, River",27.5582,30.8451,2013-11-20T01:56:16Z,2013-11,39.785,0.047,water-level-altimetry,DAHITI,1
17685,"Nile, River",27.5582,30.8451,2013-12-29T17:50:22Z,2013-12,39.574,0.06,water-level-altimetry,DAHITI,1
17685,"Nile, River",27.5582,30.8451,2014-01-08T15:48:54Z,2014-01,40.026,0.008,water-level-altimetry,DAHITI,2
17685,"Nile, River",27.5582,30.8451,2014-01-18T13:47:26Z,2014-01,39.369,0.038,water-level-altimetry,DAHITI,2
17685,"Nile, River",27.5582,30.8451,2014-03-19T01:38:36Z,2014-03,40.55,0.05,water-level-altimetry,DAHITI,2
17685,"Nile, River",27.5582,30.8451,2014-03-28T23:37:08Z,2014-03,40.634,0.018,water-level-altimetry,DAHITI,2
17685,"Nile, River",27.5582,30.8451,2014-04-07T21:35:39Z,2014-04,40.577,0.045,water-level-altimetry,DAHITI,1
17685,"Nile, River",27.5582,30.8451,2014-05-17T13:29:46Z,2014-05,41.612,0.071,water-level-altimetry,DAHITI,2
17685,"Nile, River",27.5582,30.8451,2014-05-27T11:28:18Z,2014-05,42.035,0.026,water-level-altimetry,DAHITI,2
17685,"Nile, River",27.5582,30.8451,2014-06-06T09:26:50Z,2014-06,42.121,0.063,water-level-altimetry,DAHITI,2
17685,"Nile, River",27.5582,30.8451,2014-06-16T07:25:21Z,2014-06,42.301,0.073,water-level-altimetry,DAHITI,2
17685,"Nile, River",27.5582,30.8451,2014-07-06T03:22:23Z,2014-07,41.913,0.045,water-level-altimetry,DAHITI,2
17685,"Nile, River",27.5582,30.8451,2014-07-25T23:19:27Z,2014-07,41.705,0.008,water-level-altimetry,DAHITI,2
17685,"Nile, River",27.5582,30.8451,2014-08-04T21:17:59Z,2014-08,42.406,0.016,water-level-altimetry,DAHITI,3
17685,"Nile, River",27.5582,30.8451,2014-08-14T19:16:31Z,2014-08,41.842,0.05,water-level-altimetry,DAHITI,3
17685,"Nile, River",27.5582,30.8451,2014-08-24T17:15:03Z,2014-08,41.446,0.016,water-level-altimetry,DAHITI,3
17685,"Nile, River",27.5582,30.8451,2014-09-03T15:13:35Z,2014-09,41.423,0.014,water-level-altimetry,DAHITI,3
17685,"Nile, River",27.5582,30.8451,2014-09-13T13:12:06Z,2014-09,40.956,0.003,water-level-altimetry,DAHITI,3
17685,"Nile, River",27.5582,30.8451,2014-09-23T11:10:37Z,2014-09,40.425,0.031,water-level-altimetry,DAHITI,3
17685,"Nile, River",27.5582,30.8451,2014-10-13T07:07:39Z,2014-10,40.345,0.088,water-level-altimetry,DAHITI,1
17685,"Nile, River",27.5582,30.8451,2014-11-12T01:03:15Z,2014-11,40.14,0.053,water-level-altimetry,DAHITI,1
17685,"Nile, River",27.5582,30.8451,2014-12-11T18:58:48Z,2014-12,39.419,0.021,water-level-altimetry,DAHITI,2
17685,"Nile, River",27.5582,30.8451,2014-12-31T14:55:53Z,2014-12,39.585,0.007,water-level-altimetry,DAHITI,2
17685,"Nile, River",27.5582,30.8451,2015-01-10T12:54:25Z,2015-01,39.907,0.002,water-level-altimetry,DAHITI,2
17685,"Nile, River",27.5582,30.8451,2015-01-20T10:52:57Z,2015-01,39.211,0.045,water-level-altimetry,DAHITI,2
17685,"Nile, River",27.5582,30.8451,2015-03-30T20:42:39Z,2015-03,40.49,0.041,water-level-altimetry,DAHITI,1
17685,"Nile, River",27.5582,30.8451,2015-04-29T14:38:13Z,2015-04,41.527,0.06,water-level-altimetry,DAHITI,1
17685,"Nile, River",27.5582,30.8451,2015-05-09T12:36:44Z,2015-05,41.378,0.053,water-level-altimetry,DAHITI,1
17685,"Nile, River",27.5582,30.8451,2015-06-28T02:29:24Z,2015-06,42.25,0.067,water-level-altimetry,DAHITI,1
17685,"Nile, River",27.5582,30.8451,2015-07-08T00:27:55Z,2015-07,42.397,0.079,water-level-altimetry,DAHITI,3
17685,"Nile, River",27.5582,30.8451,2015-07-17T22:26:26Z,2015-07,42.113,0.084,water-level-altimetry,DAHITI,3
17685,"Nile, River",27.5582,30.8451,2015-07-27T20:24:58Z,2015-07,42.268,0.119,water-level-altimetry,DAHITI,3
17685,"Nile, River",27.5582,30.8451,2015-08-06T18:23:29Z,2015-08,42.217,0.006,water-level-altimetry,DAHITI,2
17685,"Nile, River",27.5582,30.8451,2015-08-26T14:20:31Z,2015-08,41.262,0.016,water-level-altimetry,DAHITI,2
17685,"Nile, River",27.5582,30.8451,2015-10-05T06:14:39Z,2015-10,40.472,0.073,water-level-altimetry,DAHITI,3
17685,"Nile, River",27.5582,30.8451,2015-10-15T04:13:11Z,2015-10,40.788,0.109,water-level-altimetry,DAHITI,3
17685,"Nile, River",27.5582,30.8451,2015-10-25T02:11:43Z,2015-10,40.607,0.086,water-level-altimetry,DAHITI,3
17685,"Nile, River",27.5582,30.8451,2015-11-04T00:10:15Z,2015-11,40.407,0.005,water-level-altimetry,DAHITI,1
17685,"Nile, River",27.5582,30.8451,2015-12-03T18:05:50Z,2015-12,39.844,0.008,water-level-altimetry,DAHITI,3
17685,"Nile, River",27.5582,30.8451,2015-12-13T16:04:21Z,2015-12,39.826,0.052,water-level-altimetry,DAHITI,3
17685,"Nile, River",27.5582,30.8451,2015-12-23T14:02:53Z,2015-12,39.801,0.054,water-level-altimetry,DAHITI,3
17685,"Nile, River",27.5582,30.8451,2016-01-02T12:01:24Z,2016-01,39.911,0.128,water-level-altimetry,DAHITI,2
17685,"Nile, River",27.5582,30.8451,2016-01-12T09:59:55Z,2016-01,39.554,0.026,water-level-altimetry,DAHITI,2
17685,"Nile, River",27.5582,30.8451,2016-02-11T03:55:31Z,2016-02,40.094,0.059,water-level-altimetry,DAHITI,2
17685,"Nile, River",27.5582,30.8451,2016-02-21T01:54:03Z,2016-02,40.271,0.053,water-level-altimetry,DAHITI,2
17685,"Nile, River",27.5582,30.8451,2016-03-01T23:52:35Z,2016-03,40.71,0.038,water-level-altimetry,DAHITI,2
17685,"Nile, River",27.5582,30.8451,2016-03-31T17:49:32Z,2016-03,40.29,0.028,water-level-altimetry,DAHITI,2
17685,"Nile, River",27.5582,30.8451,2016-04-10T15:46:40Z,2016-04,40.383,0.053,water-level-altimetry,DAHITI,1
17685,"Nile, River",27.5582,30.8451,2016-05-10T09:42:15Z,2016-05,41.12,0.01,water-level-altimetry,DAHITI,2
17685,"Nile, River",27.5582,30.8451,2016-05-30T05:39:19Z,2016-05,42.428,0.055,water-level-altimetry,DAHITI,2
17685,"Nile, River",27.5582,30.8451,2016-06-19T01:36:23Z,2016-06,42.282,0.008,water-level-altimetry,DAHITI,2
17685,"Nile, River",27.5582,30.8451,2016-06-28T23:35:36Z,2016-06,42.211,0.017,water-level-altimetry,DAHITI,2
17685,"Nile, River",27.5582,30.8451,2016-07-08T21:33:26Z,2016-07,42.408,0.02,water-level-altimetry,DAHITI,3
17685,"Nile, River",27.5582,30.8451,2016-07-18T19:31:58Z,2016-07,42.042,0.01,water-level-altimetry,DAHITI,3
17685,"Nile, River",27.5582,30.8451,2016-07-28T17:31:11Z,2016-07,42.237,0.057,water-level-altimetry,DAHITI,3
17685,"Nile, River",27.5582,30.8451,2016-08-07T15:29:01Z,2016-08,42.171,0.027,water-level-altimetry,DAHITI,3
17685,"Nile, River",27.5582,30.8451,2016-08-17T13:27:32Z,2016-08,41.653,0.034,water-level-altimetry,DAHITI,3
17685,"Nile, River",27.5582,30.8451,2016-08-27T11:26:03Z,2016-08,40.909,0.124,water-level-altimetry,DAHITI,3
17685,"Nile, River",27.5582,30.8451,2016-09-26T05:21:39Z,2016-09,40.331,0.037,water-level-altimetry,DAHITI,1
17685,"Nile, River",27.5582,30.8451,2016-10-25T23:18:36Z,2016-10,40.382,0.005,water-level-altimetry,DAHITI,1
17685,"Nile, River",27.5582,30.8451,2016-11-24T17:14:11Z,2016-11,39.663,0.034,water-level-altimetry,DAHITI,1
17685,"Nile, River",27.5582,30.8451,2016-12-04T15:12:42Z,2016-12,39.645,0.039,water-level-altimetry,DAHITI,1
17685,"Nile, River",27.5582,30.8451,2017-01-03T09:08:15Z,2017-01,39.494,0.106,water-level-altimetry,DAHITI,1
17685,"Nile, River",27.5582,30.8451,2017-02-12T01:02:22Z,2017-02,40.037,0.089,water-level-altimetry,DAHITI,1
17685,"Nile, River",27.5582,30.8451,2017-05-22T04:47:39Z,2017-05,42.057,0.008,water-level-altimetry,DAHITI,1
17685,"Nile, River",27.5582,30.8451,2017-07-10T18:40:18Z,2017-07,41.896,0.05,water-level-altimetry,DAHITI,1
17685,"Nile, River",27.5582,30.8451,2017-09-08T06:31:26Z,2017-09,40.169,0.005,water-level-altimetry,DAHITI,3
17685,"Nile, River",27.5582,30.8451,2017-09-18T04:29:58Z,2017-09,40.243,0.02,water-level-altimetry,DAHITI,3
17685,"Nile, River",27.5582,30.8451,2017-09-28T02:28:30Z,2017-09,40.558,0.017,water-level-altimetry,DAHITI,3
17685,"Nile, River",27.5582,30.8451,2017-10-08T00:27:02Z,2017-10,40.634,0.024,water-level-altimetry,DAHITI,3
17685,"Nile, River",27.5582,30.8451,2017-10-17T22:25:34Z,2017-10,40.364,0.137,water-level-altimetry,DAHITI,3
17685,"Nile, River",27.5582,30.8451,2017-10-27T20:24:06Z,2017-10,40.615,0.006,water-level-altimetry,DAHITI,3
17685,"Nile, River",27.5582,30.8451,2017-11-06T18:22:37Z,2017-11,39.795,0.087,water-level-altimetry,DAHITI,3
17685,"Nile, River",27.5582,30.8451,2017-11-16T16:21:09Z,2017-11,39.713,0.001,water-level-altimetry,DAHITI,3
17685,"Nile, River",27.5582,30.8451,2017-11-26T14:19:40Z,2017-11,39.744,0.005,water-level-altimetry,DAHITI,3
17685,"Nile, River",27.5582,30.8451,2017-12-06T12:18:11Z,2017-12,39.722,0.008,water-level-altimetry,DAHITI,3
17685,"Nile, River",27.5582,30.8451,2017-12-16T10:16:42Z,2017-12,39.349,0.012,water-level-altimetry,DAHITI,3
17685,"Nile, River",27.5582,30.8451,2017-12-26T08:15:14Z,2017-12,39.415,0.003,water-level-altimetry,DAHITI,3
17685,"Nile, River",27.5582,30.8451,2018-01-05T06:13:46Z,2018-01,39.291,0.002,water-level-altimetry,DAHITI,3
17685,"Nile, River",27.5582,30.8451,2018-01-15T04:12:18Z,2018-01,39.41,0.067,water-level-altimetry,DAHITI,3
17685,"Nile, River",27.5582,30.8451,2018-01-25T02:10:49Z,2018-01,39.209,0.0,water-level-altimetry,DAHITI,3
17685,"Nile, River",27.5582,30.8451,2018-02-04T00:09:21Z,2018-02,39.6,0.038,water-level-altimetry,DAHITI,3
17685,"Nile, River",27.5582,30.8451,2018-02-13T22:07:53Z,2018-02,40.118,0.001,water-level-altimetry,DAHITI,3
17685,"Nile, River",27.5582,30.8451,2018-02-23T20:06:24Z,2018-02,40.303,0.005,water-level-altimetry,DAHITI,3
17685,"Nile, River",27.5582,30.8451,2018-03-05T18:04:56Z,2018-03,40.247,0.026,water-level-altimetry,DAHITI,3
17685,"Nile, River",27.5582,30.8451,2018-03-15T16:03:27Z,2018-03,40.234,0.001,water-level-altimetry,DAHITI,3
17685,"Nile, River",27.5582,30.8451,2018-03-25T14:01:57Z,2018-03,40.064,0.034,water-level-altimetry,DAHITI,3
17685,"Nile, River",27.5582,30.8451,2018-04-04T12:00:28Z,2018-04,40.529,0.018,water-level-altimetry,DAHITI,3
17685,"Nile, River",27.5582,30.8451,2018-04-14T09:59:00Z,2018-04,40.426,0.052,water-level-altimetry,DAHITI,3
17685,"Nile, River",27.5582,30.8451,2018-04-24T07:57:32Z,2018-04,40.685,0.048,water-level-altimetry,DAHITI,3
17685,"Nile, River",27.5582,30.8451,2018-05-04T05:56:04Z,2018-05,40.835,0.005,water-level-altimetry,DAHITI,3
17685,"Nile, River",27.5582,30.8451,2018-05-14T03:54:36Z,2018-05,41.718,0.002,water-level-altimetry,DAHITI,3
17685,"Nile, River",27.5582,30.8451,2018-05-24T01:53:08Z,2018-05,42.239,0.007,water-level-altimetry,DAHITI,3
17685,"Nile, River",27.5582,30.8451,2018-06-02T23:51:40Z,2018-06,42.278,0.021,water-level-altimetry,DAHITI,3
17685,"Nile, River",27.5582,30.8451,2018-06-12T21:50:11Z,2018-06,41.786,0.009,water-level-altimetry,DAHITI,3
17685,"Nile, River",27.5582,30.8451,2018-06-22T19:48:43Z,2018-06,41.454,0.011,water-level-altimetry,DAHITI,3
17685,"Nile, River",27.5582,30.8451,2018-07-02T17:47:15Z,2018-07,41.744,0.007,water-level-altimetry,DAHITI,3
17685,"Nile, River",27.5582,30.8451,2018-07-12T15:45:46Z,2018-07,41.803,0.003,water-level-altimetry,DAHITI,3
17685,"Nile, River",27.5582,30.8451,2018-07-22T13:44:17Z,2018-07,41.825,0.007,water-level-altimetry,DAHITI,3
17685,"Nile, River",27.5582,30.8451,2018-08-01T11:42:48Z,2018-08,41.627,0.019,water-level-altimetry,DAHITI,4
17685,"Nile, River",27.5582,30.8451,2018-08-11T09:41:19Z,2018-08,41.308,0.034,water-level-altimetry,DAHITI,4
17685,"Nile, River",27.5582,30.8451,2018-08-21T07:39:50Z,2018-08,40.656,0.003,water-level-altimetry,DAHITI,4
17685,"Nile, River",27.5582,30.8451,2018-08-31T05:38:22Z,2018-08,40.511,0.015,water-level-altimetry,DAHITI,4
17685,"Nile, River",27.5582,30.8451,2018-09-10T03:36:54Z,2018-09,40.183,0.008,water-level-altimetry,DAHITI,3
17685,"Nile, River",27.5582,30.8451,2018-09-20T01:35:26Z,2018-09,40.406,0.004,water-level-altimetry,DAHITI,3
17685,"Nile, River",27.5582,30.8451,2018-09-29T23:33:58Z,2018-09,40.814,0.013,water-level-altimetry,DAHITI,3
17685,"Nile, River",27.5582,30.8451,2018-10-09T21:32:30Z,2018-10,40.744,0.054,water-level-altimetry,DAHITI,3
17685,"Nile, River",27.5582,30.8451,2018-10-19T19:31:02Z,2018-10,40.365,0.019,water-level-altimetry,DAHITI,3
17685,"Nile, River",27.5582,30.8451,2018-10-29T17:29:33Z,2018-10,40.246,0.071,water-level-altimetry,DAHITI,3
17685,"Nile, River",27.5582,30.8451,2018-11-08T15:28:05Z,2018-11,39.9,0.002,water-level-altimetry,DAHITI,3
17685,"Nile, River",27.5582,30.8451,2018-11-18T13:26:36Z,2018-11,39.804,0.058,water-level-altimetry,DAHITI,3
17685,"Nile, River",27.5582,30.8451,2018-11-28T11:25:07Z,2018-11,39.359,0.009,water-level-altimetry,DAHITI,3
17685,"Nile, River",27.5582,30.8451,2018-12-08T09:23:38Z,2018-12,38.945,0.007,water-level-altimetry,DAHITI,2
17685,"Nile, River",27.5582,30.8451,2018-12-28T05:20:41Z,2018-12,39.322,0.005,water-level-altimetry,DAHITI,2
17685,"Nile, River",27.5582,30.8451,2019-01-07T03:19:13Z,2019-01,39.495,0.025,water-level-altimetry,DAHITI,3
17685,"Nile, River",27.5582,30.8451,2019-01-17T01:17:45Z,2019-01,39.069,0.004,water-level-altimetry,DAHITI,3
17685,"Nile, River",27.5582,30.8451,2019-01-26T23:16:17Z,2019-01,39.329,0.012,water-level-altimetry,DAHITI,3
17685,"Nile, River",27.5582,30.8451,2019-02-05T21:14:49Z,2019-02,39.712,0.001,water-level-altimetry,DAHITI,2
17685,"Nile, River",27.5582,30.8451,2019-02-15T19:13:21Z,2019-02,40.225,0.029,water-level-altimetry,DAHITI,2
17685,"Nile, River",27.5582,30.8451,2019-03-17T13:08:54Z,2019-03,40.211,0.003,water-level-altimetry,DAHITI,2
17685,"Nile, River",27.5582,30.8451,2019-03-27T11:07:25Z,2019-03,40.301,0.0,water-level-altimetry,DAHITI,2
17685,"Nile, River",27.5582,30.8451,2019-04-06T09:05:56Z,2019-04,40.2,0.028,water-level-altimetry,DAHITI,2
17685,"Nile, River",27.5582,30.8451,2019-04-26T05:02:59Z,2019-04,40.721,0.047,water-level-altimetry,DAHITI,2
17685,"Nile, River",27.5582,30.8451,2019-05-06T03:01:31Z,2019-05,40.889,0.003,water-level-altimetry,DAHITI,3
17685,"Nile, River",27.5582,30.8451,2019-05-16T01:00:03Z,2019-05,41.893,0.001,water-level-altimetry,DAHITI,3
17685,"Nile, River",27.5582,30.8451,2019-05-25T22:58:35Z,2019-05,42.268,0.008,water-level-altimetry,DAHITI,3
17685,"Nile, River",27.5582,30.8451,2019-06-04T20:57:07Z,2019-06,42.262,0.002,water-level-altimetry,DAHITI,3
17685,"Nile, River",27.5582,30.8451,2019-06-14T18:55:39Z,2019-06,42.285,0.006,water-level-altimetry,DAHITI,3
17685,"Nile, River",27.5582,30.8451,2019-06-24T16:54:10Z,2019-06,42.199,0.001,water-level-altimetry,DAHITI,3
17685,"Nile, River",27.5582,30.8451,2019-07-04T14:52:42Z,2019-07,42.18,0.003,water-level-altimetry,DAHITI,3
17685,"Nile, River",27.5582,30.8451,2019-07-14T12:51:13Z,2019-07,42.353,0.031,water-level-altimetry,DAHITI,3
17685,"Nile, River",27.5582,30.8451,2019-07-24T10:49:44Z,2019-07,41.895,0.028,water-level-altimetry,DAHITI,3
17685,"Nile, River",27.5582,30.8451,2019-08-03T08:48:14Z,2019-08,41.821,0.003,water-level-altimetry,DAHITI,3
17685,"Nile, River",27.5582,30.8451,2019-08-13T06:46:46Z,2019-08,41.566,0.002,water-level-altimetry,DAHITI,3
17685,"Nile, River",27.5582,30.8451,2019-08-23T04:45:18Z,2019-08,40.694,0.011,water-level-altimetry,DAHITI,3
17685,"Nile, River",27.5582,30.8451,2019-09-12T00:42:21Z,2019-09,41.363,0.003,water-level-altimetry,DAHITI,2
17685,"Nile, River",27.5582,30.8451,2019-09-21T22:40:53Z,2019-09,40.97,0.013,water-level-altimetry,DAHITI,2
17685,"Nile, River",27.5582,30.8451,2019-10-01T20:39:25Z,2019-10,41.679,0.001,water-level-altimetry,DAHITI,4
17685,"Nile, River",27.5582,30.8451,2019-10-11T18:37:56Z,2019-10,42.135,0.0,water-level-altimetry,DAHITI,4
17685,"Nile, River",27.5582,30.8451,2019-10-21T16:36:27Z,2019-10,42.253,0.007,water-level-altimetry,DAHITI,4
17685,"Nile, River",27.5582,30.8451,2019-10-31T14:34:58Z,2019-10,40.845,0.004,water-level-altimetry,DAHITI,4
17685,"Nile, River",27.5582,30.8451,2019-11-10T12:33:29Z,2019-11,40.116,0.0,water-level-altimetry,DAHITI,3
17685,"Nile, River",27.5582,30.8451,2019-11-20T10:32:00Z,2019-11,40.404,0.003,water-level-altimetry,DAHITI,3
17685,"Nile, River",27.5582,30.8451,2019-11-30T08:30:31Z,2019-11,40.058,0.013,water-level-altimetry,DAHITI,3
17685,"Nile, River",27.5582,30.8451,2019-12-10T06:29:03Z,2019-12,38.913,0.422,water-level-altimetry,DAHITI,3
17685,"Nile, River",27.5582,30.8451,2019-12-20T04:27:34Z,2019-12,39.692,0.005,water-level-altimetry,DAHITI,3
17685,"Nile, River",27.5582,30.8451,2019-12-30T02:26:06Z,2019-12,39.719,0.004,water-level-altimetry,DAHITI,3
17685,"Nile, River",27.5582,30.8451,2020-01-09T00:24:38Z,2020-01,40.394,0.011,water-level-altimetry,DAHITI,3
17685,"Nile, River",27.5582,30.8451,2020-01-18T22:23:10Z,2020-01,39.977,0.103,water-level-altimetry,DAHITI,3
17685,"Nile, River",27.5582,30.8451,2020-01-28T20:21:42Z,2020-01,39.827,0.1,water-level-altimetry,DAHITI,3
17685,"Nile, River",27.5582,30.8451,2020-02-17T16:18:44Z,2020-02,39.939,0.055,water-level-altimetry,DAHITI,2
17685,"Nile, River",27.5582,30.8451,2020-02-27T14:17:15Z,2020-02,40.24,0.012,water-level-altimetry,DAHITI,2
17685,"Nile, River",27.5582,30.8451,2020-03-08T12:15:46Z,2020-03,40.315,0.003,water-level-altimetry,DAHITI,3
17685,"Nile, River",27.5582,30.8451,2020-03-18T10:14:18Z,2020-03,40.327,0.013,water-level-altimetry,DAHITI,3
17685,"Nile, River",27.5582,30.8451,2020-03-28T08:12:50Z,2020-03,40.37,0.005,water-level-altimetry,DAHITI,3
17685,"Nile, River",27.5582,30.8451,2020-04-07T06:11:22Z,2020-04,40.429,0.061,water-level-altimetry,DAHITI,2
17685,"Nile, River",27.5582,30.8451,2020-04-27T02:08:25Z,2020-04,41.278,0.009,water-level-altimetry,DAHITI,2
17685,"Nile, River",27.5582,30.8451,2020-05-07T00:06:57Z,2020-05,41.615,0.007,water-level-altimetry,DAHITI,3
17685,"Nile, River",27.5582,30.8451,2020-05-16T22:05:29Z,2020-05,42.262,0.0,water-level-altimetry,DAHITI,3
17685,"Nile, River",27.5582,30.8451,2020-05-26T20:04:01Z,2020-05,42.365,0.004,water-level-altimetry,DAHITI,3
17685,"Nile, River",27.5582,30.8451,2020-06-05T18:02:32Z,2020-06,42.384,0.011,water-level-altimetry,DAHITI,3
17685,"Nile, River",27.5582,30.8451,2020-06-15T16:01:04Z,2020-06,42.334,0.004,water-level-altimetry,DAHITI,3
17685,"Nile, River",27.5582,30.8451,2020-06-25T13:59:35Z,2020-06,42.475,0.038,water-level-altimetry,DAHITI,3
17685,"Nile, River",27.5582,30.8451,2020-07-05T11:58:06Z,2020-07,42.54,0.04,water-level-altimetry,DAHITI,3
17685,"Nile, River",27.5582,30.8451,2020-07-15T09:56:37Z,2020-07,42.218,0.107,water-level-altimetry,DAHITI,3
17685,"Nile, River",27.5582,30.8451,2020-07-25T07:55:08Z,2020-07,42.26,0.003,water-level-altimetry,DAHITI,3
17685,"Nile, River",27.5582,30.8451,2020-08-04T05:53:40Z,2020-08,42.333,0.05,water-level-altimetry,DAHITI,3
17685,"Nile, River",27.5582,30.8451,2020-08-14T03:52:12Z,2020-08,41.675,0.003,water-level-altimetry,DAHITI,3
17685,"Nile, River",27.5582,30.8451,2020-08-24T01:50:43Z,2020-08,42.213,0.02,water-level-altimetry,DAHITI,3
17685,"Nile, River",27.5582,30.8451,2020-09-12T21:47:47Z,2020-09,42.342,0.011,water-level-altimetry,DAHITI,2
17685,"Nile, River",27.5582,30.8451,2020-09-22T19:46:18Z,2020-09,42.405,0.003,water-level-altimetry,DAHITI,2
17685,"Nile, River",27.5582,30.8451,2020-10-02T17:44:50Z,2020-10,41.918,0.001,water-level-altimetry,DAHITI,3
17685,"Nile, River",27.5582,30.8451,2020-10-12T15:43:21Z,2020-10,41.493,0.007,water-level-altimetry,DAHITI,3
17685,"Nile, River",27.5582,30.8451,2020-10-22T13:41:52Z,2020-10,40.747,0.017,water-level-altimetry,DAHITI,3
17685,"Nile, River",27.5582,30.8451,2020-11-01T11:40:23Z,2020-11,40.227,0.006,water-level-altimetry,DAHITI,3
17685,"Nile, River",27.5582,30.8451,2020-11-11T09:38:55Z,2020-11,40.369,0.005,water-level-altimetry,DAHITI,3
17685,"Nile, River",27.5582,30.8451,2020-11-21T07:37:27Z,2020-11,39.923,0.001,water-level-altimetry,DAHITI,3
17685,"Nile, River",27.5582,30.8451,2020-12-01T05:35:58Z,2020-12,39.606,0.007,water-level-altimetry,DAHITI,4
17685,"Nile, River",27.5582,30.8451,2020-12-11T03:34:30Z,2020-12,39.652,0.068,water-level-altimetry,DAHITI,4
17685,"Nile, River",27.5582,30.8451,2020-12-21T01:33:01Z,2020-12,39.962,0.053,water-level-altimetry,DAHITI,4
17685,"Nile, River",27.5582,30.8451,2020-12-30T23:31:32Z,2020-12,39.846,0.143,water-level-altimetry,DAHITI,4
17685,"Nile, River",27.5582,30.8451,2021-01-09T21:30:04Z,2021-01,39.451,0.046,water-level-altimetry,DAHITI,3
17685,"Nile, River",27.5582,30.8451,2021-01-19T19:28:35Z,2021-01,39.875,0.03,water-level-altimetry,DAHITI,3
17685,"Nile, River",27.5582,30.8451,2021-01-29T17:27:06Z,2021-01,39.972,0.042,water-level-altimetry,DAHITI,3
17685,"Nile, River",27.5582,30.8451,2021-02-08T15:25:37Z,2021-02,40.22,0.001,water-level-altimetry,DAHITI,3
17685,"Nile, River",27.5582,30.8451,2021-02-18T13:24:09Z,2021-02,40.305,0.003,water-level-altimetry,DAHITI,3
17685,"Nile, River",27.5582,30.8451,2021-02-28T11:22:41Z,2021-02,40.284,0.05,water-level-altimetry,DAHITI,3
17685,"Nile, River",27.5582,30.8451,2021-03-10T09:21:13Z,2021-03,39.995,0.021,water-level-altimetry,DAHITI,3
17685,"Nile, River",27.5582,30.8451,2021-03-20T07:19:44Z,2021-03,40.475,0.012,water-level-altimetry,DAHITI,3
17685,"Nile, River",27.5582,30.8451,2021-03-30T05:18:16Z,2021-03,40.447,0.004,water-level-altimetry,DAHITI,3
17685,"Nile, River",27.5582,30.8451,2021-04-09T03:16:47Z,2021-04,40.462,0.004,water-level-altimetry,DAHITI,3
17685,"Nile, River",27.5582,30.8451,2021-04-19T01:15:19Z,2021-04,40.698,0.03,water-level-altimetry,DAHITI,3
17685,"Nile, River",27.5582,30.8451,2021-04-28T23:13:50Z,2021-04,40.84,0.002,water-level-altimetry,DAHITI,3
17685,"Nile, River",27.5582,30.8451,2021-05-08T21:12:22Z,2021-05,41.341,0.003,water-level-altimetry,DAHITI,3
17685,"Nile, River",27.5582,30.8451,2021-05-18T19:10:54Z,2021-05,42.429,0.04,water-level-altimetry,DAHITI,3
17685,"Nile, River",27.5582,30.8451,2021-05-28T17:09:26Z,2021-05,42.366,0.006,water-level-altimetry,DAHITI,3
17685,"Nile, River",27.5582,30.8451,2021-06-07T15:07:58Z,2021-06,42.444,0.007,water-level-altimetry,DAHITI,3
17685,"Nile, River",27.5582,30.8451,2021-06-17T13:06:29Z,2021-06,42.23,0.041,water-level-altimetry,DAHITI,3
17685,"Nile, River",27.5582,30.8451,2021-06-27T11:05:00Z,2021-06,42.153,0.022,water-level-altimetry,DAHITI,3
17685,"Nile, River",27.5582,30.8451,2021-07-07T09:03:31Z,2021-07,41.837,0.018,water-level-altimetry,DAHITI,3
17685,"Nile, River",27.5582,30.8451,2021-07-17T07:02:02Z,2021-07,42.373,0.008,water-level-altimetry,DAHITI,3
17685,"Nile, River",27.5582,30.8451,2021-07-27T05:00:34Z,2021-07,42.456,0.014,water-level-altimetry,DAHITI,3
17685,"Nile, River",27.5582,30.8451,2021-08-06T02:59:06Z,2021-08,42.397,0.002,water-level-altimetry,DAHITI,3
17685,"Nile, River",27.5582,30.8451,2021-08-16T00:57:38Z,2021-08,42.302,0.035,water-level-altimetry,DAHITI,3
17685,"Nile, River",27.5582,30.8451,2021-08-25T22:56:09Z,2021-08,42.621,0.023,water-level-altimetry,DAHITI,3
17685,"Nile, River",27.5582,30.8451,2021-09-14T18:53:13Z,2021-09,41.356,0.039,water-level-altimetry,DAHITI,1
17685,"Nile, River",27.5582,30.8451,2021-10-04T14:50:16Z,2021-10,40.697,0.038,water-level-altimetry,DAHITI,3
17685,"Nile, River",27.5582,30.8451,2021-10-14T12:48:47Z,2021-10,40.594,0.013,water-level-altimetry,DAHITI,3
17685,"Nile, River",27.5582,30.8451,2021-10-24T10:47:18Z,2021-10,40.379,0.024,water-level-altimetry,DAHITI,3
17685,"Nile, River",27.5582,30.8451,2021-11-03T08:45:49Z,2021-11,40.342,0.004,water-level-altimetry,DAHITI,2
17685,"Nile, River",27.5582,30.8451,2021-11-23T04:42:53Z,2021-11,40.089,0.001,water-level-altimetry,DAHITI,2
17685,"Nile, River",27.5582,30.8451,2021-12-03T02:41:25Z,2021-12,40.106,0.181,water-level-altimetry,DAHITI,3
17685,"Nile, River",27.5582,30.8451,2021-12-13T00:39:57Z,2021-12,39.597,0.003,water-level-altimetry,DAHITI,3
17685,"Nile, River",27.5582,30.8451,2021-12-22T22:38:29Z,2021-12,39.767,0.034,water-level-altimetry,DAHITI,3
17685,"Nile, River",27.5582,30.8451,2022-01-01T20:37:01Z,2022-01,39.714,0.002,water-level-altimetry,DAHITI,4
17685,"Nile, River",27.5582,30.8451,2022-01-11T18:35:32Z,2022-01,39.889,0.003,water-level-altimetry,DAHITI,4
17685,"Nile, River",27.5582,30.8451,2022-01-21T16:34:03Z,2022-01,40.191,0.021,water-level-altimetry,DAHITI,4
17685,"Nile, River",27.5582,30.8451,2022-01-31T14:32:34Z,2022-01,40.271,0.016,water-level-altimetry,DAHITI,4
17685,"Nile, River",27.5582,30.8451,2022-02-10T12:31:05Z,2022-02,39.765,0.032,water-level-altimetry,DAHITI,2
17685,"Nile, River",27.5582,30.8451,2022-02-20T10:29:36Z,2022-02,40.353,0.009,water-level-altimetry,DAHITI,2
17685,"Nile, River",27.5582,30.8451,2022-03-02T08:28:08Z,2022-03,40.37,0.021,water-level-altimetry,DAHITI,3
17685,"Nile, River",27.5582,30.8451,2022-03-12T06:26:40Z,2022-03,40.123,0.02,water-level-altimetry,DAHITI,3
17685,"Nile, River",27.5582,30.8451,2022-03-22T04:25:12Z,2022-03,40.615,0.019,water-level-altimetry,DAHITI,3
17685,"Nile, River",27.5582,30.8451,2022-04-01T02:23:44Z,2022-04,40.446,0.061,water-level-altimetry,DAHITI,4
17685,"Nile, River",27.5582,30.8451,2022-04-11T00:22:43Z,2022-04,40.834,0.039,water-level-altimetry,DAHITI,4
17685,"Nile, River",27.5582,30.8451,2022-04-20T22:21:15Z,2022-04,40.982,0.013,water-level-altimetry,DAHITI,4
17685,"Nile, River",27.5582,30.8451,2022-04-30T20:19:46Z,2022-04,41.097,0.061,water-level-altimetry,DAHITI,4
17685,"Nile, River",27.5582,30.8451,2022-05-10T18:18:18Z,2022-05,41.386,0.047,water-level-altimetry,DAHITI,3
17685,"Nile, River",27.5582,30.8451,2022-05-20T16:16:49Z,2022-05,42.133,0.008,water-level-altimetry,DAHITI,3
17685,"Nile, River",27.5582,30.8451,2022-05-30T14:15:20Z,2022-05,41.681,0.034,water-level-altimetry,DAHITI,3
17685,"Nile, River",27.5582,30.8451,2022-06-19T10:12:22Z,2022-06,41.994,0.015,water-level-altimetry,DAHITI,2
17685,"Nile, River",27.5582,30.8451,2022-06-29T08:10:54Z,2022-06,41.94,0.004,water-level-altimetry,DAHITI,2
17685,"Nile, River",27.5582,30.8451,2022-07-09T06:09:26Z,2022-07,42.176,0.08,water-level-altimetry,DAHITI,3
17685,"Nile, River",27.5582,30.8451,2022-07-19T04:07:58Z,2022-07,42.273,0.001,water-level-altimetry,DAHITI,3
17685,"Nile, River",27.5582,30.8451,2022-07-29T02:06:30Z,2022-07,42.479,0.004,water-level-altimetry,DAHITI,3
17685,"Nile, River",27.5582,30.8451,2022-08-08T00:05:02Z,2022-08,42.198,0.001,water-level-altimetry,DAHITI,3
17685,"Nile, River",27.5582,30.8451,2022-08-17T22:03:33Z,2022-08,42.129,0.005,water-level-altimetry,DAHITI,3
17685,"Nile, River",27.5582,30.8451,2022-08-27T20:02:05Z,2022-08,42.003,0.053,water-level-altimetry,DAHITI,3
17685,"Nile, River",27.5582,30.8451,2022-09-06T18:00:36Z,2022-09,41.782,0.036,water-level-altimetry,DAHITI,2
17685,"Nile, River",27.5582,30.8451,2022-09-26T13:57:39Z,2022-09,40.95,0.11,water-level-altimetry,DAHITI,2
17685,"Nile, River",27.5582,30.8451,2022-10-06T11:56:10Z,2022-10,41.078,0.03,water-level-altimetry,DAHITI,3
17685,"Nile, River",27.5582,30.8451,2022-10-16T09:54:41Z,2022-10,41.468,0.013,water-level-altimetry,DAHITI,3
17685,"Nile, River",27.5582,30.8451,2022-10-26T07:53:14Z,2022-10,41.83,0.036,water-level-altimetry,DAHITI,3
17685,"Nile, River",27.5582,30.8451,2022-11-05T05:51:46Z,2022-11,41.532,0.015,water-level-altimetry,DAHITI,2
17685,"Nile, River",27.5582,30.8451,2022-11-25T01:48:51Z,2022-11,40.479,0.008,water-level-altimetry,DAHITI,2
17685,"Nile, River",27.5582,30.8451,2022-12-04T23:47:23Z,2022-12,40.158,0.005,water-level-altimetry,DAHITI,3
17685,"Nile, River",27.5582,30.8451,2022-12-14T21:45:54Z,2022-12,40.157,0.005,water-level-altimetry,DAHITI,3
17685,"Nile, River",27.5582,30.8451,2022-12-24T19:44:24Z,2022-12,40.074,0.016,water-level-altimetry,DAHITI,3
17685,"Nile, River",27.5582,30.8451,2023-01-03T17:42:55Z,2023-01,39.926,0.007,water-level-altimetry,DAHITI,3
17685,"Nile, River",27.5582,30.8451,2023-01-13T15:41:25Z,2023-01,39.556,0.034,water-level-altimetry,DAHITI,3
17685,"Nile, River",27.5582,30.8451,2023-01-23T13:39:57Z,2023-01,40.113,0.006,water-level-altimetry,DAHITI,3
17685,"Nile, River",27.5582,30.8451,2023-02-02T11:38:29Z,2023-02,40.202,0.126,water-level-altimetry,DAHITI,3
17685,"Nile, River",27.5582,30.8451,2023-02-12T09:37:02Z,2023-02,40.276,0.044,water-level-altimetry,DAHITI,3
17685,"Nile, River",27.5582,30.8451,2023-02-22T07:35:34Z,2023-02,40.296,0.005,water-level-altimetry,DAHITI,3
17685,"Nile, River",27.5582,30.8451,2023-03-04T05:34:06Z,2023-03,40.51,0.004,water-level-altimetry,DAHITI,3
17685,"Nile, River",27.5582,30.8451,2023-03-14T03:32:38Z,2023-03,40.526,0.002,water-level-altimetry,DAHITI,3
17685,"Nile, River",27.5582,30.8451,2023-03-24T01:31:10Z,2023-03,40.83,0.001,water-level-altimetry,DAHITI,3
17685,"Nile, River",27.5582,30.8451,2023-04-02T23:29:41Z,2023-04,41.312,0.032,water-level-altimetry,DAHITI,3
17685,"Nile, River",27.5582,30.8451,2023-04-12T21:28:12Z,2023-04,41.057,0.038,water-level-altimetry,DAHITI,3
17685,"Nile, River",27.5582,30.8451,2023-04-22T19:26:44Z,2023-04,41.499,0.036,water-level-altimetry,DAHITI,3
17685,"Nile, River",27.5582,30.8451,2023-05-02T17:25:15Z,2023-05,41.701,0.0,water-level-altimetry,DAHITI,3
17685,"Nile, River",27.5582,30.8451,2023-05-12T15:23:46Z,2023-05,41.931,0.059,water-level-altimetry,DAHITI,3
17685,"Nile, River",27.5582,30.8451,2023-05-22T13:22:16Z,2023-05,41.932,0.093,water-level-altimetry,DAHITI,3
17685,"Nile, River",27.5582,30.8451,2023-06-01T11:20:48Z,2023-06,41.982,0.02,water-level-altimetry,DAHITI,3
17685,"Nile, River",27.5582,30.8451,2023-06-11T09:19:20Z,2023-06,42.182,0.002,water-level-altimetry,DAHITI,3
17685,"Nile, River",27.5582,30.8451,2023-06-21T07:17:52Z,2023-06,42.07,0.075,water-level-altimetry,DAHITI,3
17685,"Nile, River",27.5582,30.8451,2023-07-01T05:16:24Z,2023-07,42.239,0.004,water-level-altimetry,DAHITI,4
17685,"Nile, River",27.5582,30.8451,2023-07-11T03:14:55Z,2023-07,42.22,0.0,water-level-altimetry,DAHITI,4
17685,"Nile, River",27.5582,30.8451,2023-07-21T01:13:26Z,2023-07,42.282,0.003,water-level-altimetry,DAHITI,4
17685,"Nile, River",27.5582,30.8451,2023-07-30T23:11:57Z,2023-07,42.136,0.001,water-level-altimetry,DAHITI,4
17685,"Nile, River",27.5582,30.8451,2023-08-09T21:10:29Z,2023-08,42.025,0.009,water-level-altimetry,DAHITI,3
17685,"Nile, River",27.5582,30.8451,2023-08-19T19:09:02Z,2023-08,42.21,0.015,water-level-altimetry,DAHITI,3
17685,"Nile, River",27.5582,30.8451,2023-08-29T17:07:34Z,2023-08,41.493,0.011,water-level-altimetry,DAHITI,3
17685,"Nile, River",27.5582,30.8451,2023-09-08T15:06:06Z,2023-09,40.81,0.044,water-level-altimetry,DAHITI,3
17685,"Nile, River",27.5582,30.8451,2023-09-18T13:04:37Z,2023-09,40.937,0.007,water-level-altimetry,DAHITI,3
17685,"Nile, River",27.5582,30.8451,2023-09-28T11:03:09Z,2023-09,40.842,0.013,water-level-altimetry,DAHITI,3
17685,"Nile, River",27.5582,30.8451,2023-10-08T09:01:41Z,2023-10,40.624,0.007,water-level-altimetry,DAHITI,3
17685,"Nile, River",27.5582,30.8451,2023-10-18T07:00:13Z,2023-10,40.666,0.019,water-level-altimetry,DAHITI,3
17685,"Nile, River",27.5582,30.8451,2023-10-28T04:58:44Z,2023-10,40.38,0.048,water-level-altimetry,DAHITI,3
17685,"Nile, River",27.5582,30.8451,2023-11-07T02:57:15Z,2023-11,40.29,0.006,water-level-altimetry,DAHITI,3
17685,"Nile, River",27.5582,30.8451,2023-11-17T00:55:46Z,2023-11,39.848,0.103,water-level-altimetry,DAHITI,3
17685,"Nile, River",27.5582,30.8451,2023-11-26T22:54:16Z,2023-11,39.806,0.007,water-level-altimetry,DAHITI,3
17685,"Nile, River",27.5582,30.8451,2023-12-06T20:52:48Z,2023-12,40.046,0.029,water-level-altimetry,DAHITI,3
17685,"Nile, River",27.5582,30.8451,2023-12-16T18:51:21Z,2023-12,40.504,0.008,water-level-altimetry,DAHITI,3
17685,"Nile, River",27.5582,30.8451,2023-12-26T16:49:53Z,2023-12,39.869,0.002,water-level-altimetry,DAHITI,3
17685,"Nile, River",27.5582,30.8451,2024-01-05T14:48:25Z,2024-01,40.247,0.03,water-level-altimetry,DAHITI,3
17685,"Nile, River",27.5582,30.8451,2024-01-15T12:46:56Z,2024-01,40.407,0.003,water-level-altimetry,DAHITI,3
17685,"Nile, River",27.5582,30.8451,2024-01-25T10:45:28Z,2024-01,40.508,0.068,water-level-altimetry,DAHITI,3
17685,"Nile, River",27.5582,30.8451,2024-02-04T08:43:59Z,2024-02,40.135,0.027,water-level-altimetry,DAHITI,3
17685,"Nile, River",27.5582,30.8451,2024-02-14T06:42:30Z,2024-02,39.958,0.012,water-level-altimetry,DAHITI,3
17685,"Nile, River",27.5582,30.8451,2024-02-24T04:41:01Z,2024-02,40.249,0.006,water-level-altimetry,DAHITI,3
17685,"Nile, River",27.5582,30.8451,2024-03-05T02:39:33Z,2024-03,40.168,0.018,water-level-altimetry,DAHITI,3
17685,"Nile, River",27.5582,30.8451,2024-03-15T00:38:05Z,2024-03,40.236,0.01,water-level-altimetry,DAHITI,3
17685,"Nile, River",27.5582,30.8451,2024-03-24T22:36:37Z,2024-03,40.66,0.004,water-level-altimetry,DAHITI,3
17685,"Nile, River",27.5582,30.8451,2024-04-03T20:35:09Z,2024-04,40.773,0.022,water-level-altimetry,DAHITI,3
17685,"Nile, River",27.5582,30.8451,2024-04-13T18:33:41Z,2024-04,40.947,0.021,water-level-altimetry,DAHITI,3
17685,"Nile, River",27.5582,30.8451,2024-04-23T16:32:13Z,2024-04,40.772,0.021,water-level-altimetry,DAHITI,3
17685,"Nile, River",27.5582,30.8451,2024-05-03T14:30:44Z,2024-05,41.007,0.093,water-level-altimetry,DAHITI,3
17685,"Nile, River",27.5582,30.8451,2024-05-13T12:29:15Z,2024-05,41.423,0.003,water-level-altimetry,DAHITI,3
17685,"Nile, River",27.5582,30.8451,2024-05-23T10:27:46Z,2024-05,41.881,0.026,water-level-altimetry,DAHITI,3
17685,"Nile, River",27.5582,30.8451,2024-06-02T08:26:18Z,2024-06,42.151,0.002,water-level-altimetry,DAHITI,3
17685,"Nile, River",27.5582,30.8451,2024-06-12T06:24:51Z,2024-06,42.28,0.036,water-level-altimetry,DAHITI,3
17685,"Nile, River",27.5582,30.8451,2024-06-22T04:23:23Z,2024-06,42.194,0.023,water-level-altimetry,DAHITI,3
17685,"Nile, River",27.5582,30.8451,2024-07-12T00:20:27Z,2024-07,42.338,0.009,water-level-altimetry,DAHITI,3
17685,"Nile, River",27.5582,30.8451,2024-07-21T22:18:59Z,2024-07,42.332,0.004,water-level-altimetry,DAHITI,3
17685,"Nile, River",27.5582,30.8451,2024-07-31T20:17:30Z,2024-07,42.417,0.029,water-level-altimetry,DAHITI,3
17685,"Nile, River",27.5582,30.8451,2024-08-20T16:14:33Z,2024-08,41.943,0.03,water-level-altimetry,DAHITI,2
17685,"Nile, River",27.5582,30.8451,2024-08-30T14:13:04Z,2024-08,40.84,0.002,water-level-altimetry,DAHITI,2
17685,"Nile, River",27.5582,30.8451,2024-09-09T12:11:34Z,2024-09,40.78,0.018,water-level-altimetry,DAHITI,3
17685,"Nile, River",27.5582,30.8451,2024-09-19T10:10:05Z,2024-09,41.106,0.016,water-level-altimetry,DAHITI,3
17685,"Nile, River",27.5582,30.8451,2024-09-29T08:08:38Z,2024-09,41.477,0.001,water-level-altimetry,DAHITI,3
17685,"Nile, River",27.5582,30.8451,2024-10-09T06:07:11Z,2024-10,41.634,0.0,water-level-altimetry,DAHITI,3
17685,"Nile, River",27.5582,30.8451,2024-10-19T04:05:43Z,2024-10,41.524,0.018,water-level-altimetry,DAHITI,3
17685,"Nile, River",27.5582,30.8451,2024-10-29T02:04:15Z,2024-10,41.245,0.018,water-level-altimetry,DAHITI,3
17685,"Nile, River",27.5582,30.8451,2024-11-08T00:02:46Z,2024-11,41.081,0.028,water-level-altimetry,DAHITI,3
17685,"Nile, River",27.5582,30.8451,2024-11-17T22:01:17Z,2024-11,41.021,0.039,water-level-altimetry,DAHITI,3
17685,"Nile, River",27.5582,30.8451,2024-11-27T19:59:48Z,2024-11,40.617,0.003,water-level-altimetry,DAHITI,3
17685,"Nile, River",27.5582,30.8451,2024-12-07T17:58:19Z,2024-12,40.486,0.001,water-level-altimetry,DAHITI,3
17685,"Nile, River",27.5582,30.8451,2024-12-17T15:56:51Z,2024-12,40.324,0.032,water-level-altimetry,DAHITI,3
17685,"Nile, River",27.5582,30.8451,2024-12-27T13:55:23Z,2024-12,40.251,0.005,water-level-altimetry,DAHITI,3
17685,"Nile, River",27.5582,30.8451,2025-01-06T11:53:55Z,2025-01,40.415,0.021,water-level-altimetry,DAHITI,3
17685,"Nile, River",27.5582,30.8451,2025-01-16T09:52:27Z,2025-01,40.888,0.025,water-level-altimetry,DAHITI,3
17685,"Nile, River",27.5582,30.8451,2025-01-26T07:50:59Z,2025-01,40.875,0.0,water-level-altimetry,DAHITI,3
17685,"Nile, River",27.5582,30.8451,2025-02-05T05:49:30Z,2025-02,40.899,0.011,water-level-altimetry,DAHITI,3
17685,"Nile, River",27.5582,30.8451,2025-02-15T03:48:02Z,2025-02,40.507,0.059,water-level-altimetry,DAHITI,3
17685,"Nile, River",27.5582,30.8451,2025-02-25T01:46:33Z,2025-02,41.014,0.123,water-level-altimetry,DAHITI,3
17685,"Nile, River",27.5582,30.8451,2025-03-06T23:45:04Z,2025-03,41.003,0.043,water-level-altimetry,DAHITI,3
17685,"Nile, River",27.5582,30.8451,2025-03-16T21:43:35Z,2025-03,40.713,0.007,water-level-altimetry,DAHITI,3
17685,"Nile, River",27.5582,30.8451,2025-03-26T19:42:07Z,2025-03,40.816,0.029,water-level-altimetry,DAHITI,3
17685,"Nile, River",27.5582,30.8451,2025-04-05T17:40:40Z,2025-04,41.518,0.008,water-level-altimetry,DAHITI,3
17685,"Nile, River",27.5582,30.8451,2025-04-15T15:39:12Z,2025-04,41.72,0.041,water-level-altimetry,DAHITI,3
17685,"Nile, River",27.5582,30.8451,2025-04-25T13:37:44Z,2025-04,41.595,0.083,water-level-altimetry,DAHITI,3
17685,"Nile, River",27.5582,30.8451,2025-05-05T11:36:15Z,2025-05,42.08,0.064,water-level-altimetry,DAHITI,3
17685,"Nile, River",27.5582,30.8451,2025-05-15T09:34:47Z,2025-05,41.828,0.001,water-level-altimetry,DAHITI,3
17685,"Nile, River",27.5582,30.8451,2025-05-25T07:33:18Z,2025-05,42.107,0.025,water-level-altimetry,DAHITI,3
17685,"Nile, River",27.5582,30.8451,2025-06-04T05:31:50Z,2025-06,42.22,0.039,water-level-altimetry,DAHITI,3
17685,"Nile, River",27.5582,30.8451,2025-06-14T03:30:20Z,2025-06,42.364,0.004,water-level-altimetry,DAHITI,3
17685,"Nile, River",27.5582,30.8451,2025-06-24T01:28:52Z,2025-06,42.205,0.104,water-level-altimetry,DAHITI,3
17685,"Nile, River",27.5582,30.8451,2025-07-03T23:27:24Z,2025-07,42.177,0.087,water-level-altimetry,DAHITI,3
17685,"Nile, River",27.5582,30.8451,2025-07-13T21:25:56Z,2025-07,42.282,0.002,water-level-altimetry,DAHITI,3
17685,"Nile, River",27.5582,30.8451,2025-07-23T19:24:28Z,2025-07,42.02,0.05,water-level-altimetry,DAHITI,3
17685,"Nile, River",27.5582,30.8451,2025-08-02T17:23:00Z,2025-08,42.181,0.031,water-level-altimetry,DAHITI,3
17685,"Nile, River",27.5582,30.8451,2025-08-12T15:21:31Z,2025-08,42.336,0.009,water-level-altimetry,DAHITI,3
17685,"Nile, River",27.5582,30.8451,2025-08-22T13:20:03Z,2025-08,42.087,0.0,water-level-altimetry,DAHITI,3
17685,"Nile, River",27.5582,30.8451,2025-09-01T11:18:34Z,2025-09,41.846,0.007,water-level-altimetry,DAHITI,3
17685,"Nile, River",27.5582,30.8451,2025-09-11T09:17:06Z,2025-09,41.688,0.002,water-level-altimetry,DAHITI,3
17685,"Nile, River",27.5582,30.8451,2025-09-21T07:15:37Z,2025-09,41.922,0.005,water-level-altimetry,DAHITI,3
17685,"Nile, River",27.5582,30.8451,2025-10-01T05:14:09Z,2025-10,41.788,0.029,water-level-altimetry,DAHITI,4
17685,"Nile, River",27.5582,30.8451,2025-10-11T03:12:40Z,2025-10,41.819,0.016,water-level-altimetry,DAHITI,4
17685,"Nile, River",27.5582,30.8451,2025-10-21T01:11:11Z,2025-10,41.844,0.005,water-level-altimetry,DAHITI,4
17685,"Nile, River",27.5582,30.8451,2025-10-30T23:09:44Z,2025-10,41.734,0.041,water-level-altimetry,DAHITI,4
17685,"Nile, River",27.5582,30.8451,2025-11-09T21:08:16Z,2025-11,41.918,0.005,water-level-altimetry,DAHITI,3
17685,"Nile, River",27.5582,30.8451,2025-11-19T19:06:48Z,2025-11,41.745,0.023,water-level-altimetry,DAHITI,3
17685,"Nile, River",27.5582,30.8451,2025-11-29T17:05:20Z,2025-11,41.5,0.001,water-level-altimetry,DAHITI,3
17685,"Nile, River",27.5582,30.8451,2025-12-09T15:03:51Z,2025-12,41.572,0.025,water-level-altimetry,DAHITI,3
17685,"Nile, River",27.5582,30.8451,2025-12-19T13:02:22Z,2025-12,41.399,0.01,water-level-altimetry,DAHITI,3
17685,"Nile, River",27.5582,30.8451,2025-12-29T11:00:53Z,2025-12,41.128,0.034,water-level-altimetry,DAHITI,3
17685,"Nile, River",27.5582,30.8451,2026-01-08T08:59:24Z,2026-01,40.941,0.023,water-level-altimetry,DAHITI,3
17685,"Nile, River",27.5582,30.8451,2026-01-18T06:57:57Z,2026-01,41.442,0.017,water-level-altimetry,DAHITI,3
17685,"Nile, River",27.5582,30.8451,2026-01-28T04:56:29Z,2026-01,41.273,0.009,water-level-altimetry,DAHITI,3
17685,"Nile, River",27.5582,30.8451,2026-02-07T02:55:01Z,2026-02,41.136,0.026,water-level-altimetry,DAHITI,3
17685,"Nile, River",27.5582,30.8451,2026-02-17T00:53:33Z,2026-02,41.543,0.004,water-level-altimetry,DAHITI,3
17685,"Nile, River",27.5582,30.8451,2026-02-26T22:52:05Z,2026-02,41.544,0.015,water-level-altimetry,DAHITI,3
17685,"Nile, River",27.5582,30.8451,2026-03-08T20:50:37Z,2026-03,41.682,0.017,water-level-altimetry,DAHITI,2
17685,"Nile, River",27.5582,30.8451,2026-03-28T16:47:40Z,2026-03,41.985,0.006,water-level-altimetry,DAHITI,2
17685,"Nile, River",27.5582,30.8451,2026-04-07T14:46:11Z,2026-04,42.323,0.011,water-level-altimetry,DAHITI,3
17685,"Nile, River",27.5582,30.8451,2026-04-17T12:44:42Z,2026-04,42.381,0.002,water-level-altimetry,DAHITI,3
17685,"Nile, River",27.5582,30.8451,2026-04-27T10:43:13Z,2026-04,42.469,0.004,water-level-altimetry,DAHITI,3
17685,"Nile, River",27.5582,30.8451,2026-05-17T06:40:15Z,2026-05,42.059,0.046,water-level-altimetry,DAHITI,2
17685,"Nile, River",27.5582,30.8451,2026-05-27T04:38:47Z,2026-05,42.285,0.012,water-level-altimetry,DAHITI,2
17685,"Nile, River",27.5582,30.8451,2026-06-06T02:37:19Z,2026-06,42.319,0.052,water-level-altimetry,DAHITI,2
17685,"Nile, River",27.5582,30.8451,2026-06-25T22:34:22Z,2026-06,42.19,0.051,water-level-altimetry,DAHITI,2
17685,"Nile, River",27.5582,30.8451,2026-07-05T20:32:54Z,2026-07,42.163,0.032,water-level-altimetry,DAHITI,1
17687,"Nile, River",27.3788,30.9358,2009-01-20T02:18:47Z,2009-01,41.92,0.043,water-level-altimetry,DAHITI,2
17687,"Nile, River",27.3788,30.9358,2009-01-30T00:17:20Z,2009-01,41.845,0.141,water-level-altimetry,DAHITI,2
17687,"Nile, River",27.3788,30.9358,2009-02-18T20:14:23Z,2009-02,42.453,0.03,water-level-altimetry,DAHITI,1
17687,"Nile, River",27.3788,30.9358,2009-03-20T14:09:58Z,2009-03,42.739,0.002,water-level-altimetry,DAHITI,2
17687,"Nile, River",27.3788,30.9358,2009-03-30T12:08:29Z,2009-03,42.732,0.037,water-level-altimetry,DAHITI,2
17687,"Nile, River",27.3788,30.9358,2009-04-09T10:07:00Z,2009-04,43.038,0.01,water-level-altimetry,DAHITI,3
17687,"Nile, River",27.3788,30.9358,2009-04-19T08:05:31Z,2009-04,43.264,0.002,water-level-altimetry,DAHITI,3
17687,"Nile, River",27.3788,30.9358,2009-04-29T06:04:02Z,2009-04,43.466,0.166,water-level-altimetry,DAHITI,3
17687,"Nile, River",27.3788,30.9358,2009-06-17T19:56:41Z,2009-06,44.386,0.041,water-level-altimetry,DAHITI,2
17687,"Nile, River",27.3788,30.9358,2009-06-27T17:55:12Z,2009-06,44.481,0.194,water-level-altimetry,DAHITI,2
17687,"Nile, River",27.3788,30.9358,2009-07-07T15:53:44Z,2009-07,44.269,0.022,water-level-altimetry,DAHITI,1
17687,"Nile, River",27.3788,30.9358,2009-08-06T09:49:18Z,2009-08,44.028,0.153,water-level-altimetry,DAHITI,1
17687,"Nile, River",27.3788,30.9358,2009-09-05T03:44:53Z,2009-09,43.247,0.123,water-level-altimetry,DAHITI,3
17687,"Nile, River",27.3788,30.9358,2009-09-15T01:43:25Z,2009-09,42.664,0.015,water-level-altimetry,DAHITI,3
17687,"Nile, River",27.3788,30.9358,2009-09-24T23:41:57Z,2009-09,42.394,0.004,water-level-altimetry,DAHITI,3
17687,"Nile, River",27.3788,30.9358,2009-10-04T21:40:28Z,2009-10,43.033,0.028,water-level-altimetry,DAHITI,1
17687,"Nile, River",27.3788,30.9358,2009-11-13T13:34:34Z,2009-11,42.254,0.099,water-level-altimetry,DAHITI,1
17687,"Nile, River",27.3788,30.9358,2010-01-12T01:25:44Z,2010-01,41.864,0.112,water-level-altimetry,DAHITI,2
17687,"Nile, River",27.3788,30.9358,2010-01-31T21:22:48Z,2010-01,42.091,0.055,water-level-altimetry,DAHITI,2
17687,"Nile, River",27.3788,30.9358,2010-02-20T17:19:51Z,2010-02,42.406,0.208,water-level-altimetry,DAHITI,1
17687,"Nile, River",27.3788,30.9358,2010-03-22T11:15:24Z,2010-03,42.616,0.027,water-level-altimetry,DAHITI,1
17687,"Nile, River",27.3788,30.9358,2010-04-01T09:13:56Z,2010-04,42.509,0.017,water-level-altimetry,DAHITI,1
17687,"Nile, River",27.3788,30.9358,2010-05-01T03:09:30Z,2010-05,42.913,0.054,water-level-altimetry,DAHITI,4
17687,"Nile, River",27.3788,30.9358,2010-05-11T01:08:02Z,2010-05,42.975,0.014,water-level-altimetry,DAHITI,4
17687,"Nile, River",27.3788,30.9358,2010-05-20T23:06:33Z,2010-05,43.334,0.011,water-level-altimetry,DAHITI,4
17687,"Nile, River",27.3788,30.9358,2010-05-30T21:05:05Z,2010-05,44.343,0.189,water-level-altimetry,DAHITI,4
17687,"Nile, River",27.3788,30.9358,2010-09-16T22:48:52Z,2010-09,42.72,0.025,water-level-altimetry,DAHITI,1
17687,"Nile, River",27.3788,30.9358,2011-01-13T22:31:10Z,2011-01,42.095,0.08,water-level-altimetry,DAHITI,1
17687,"Nile, River",27.3788,30.9358,2011-04-13T04:17:53Z,2011-04,42.587,0.008,water-level-altimetry,DAHITI,2
17687,"Nile, River",27.3788,30.9358,2011-04-23T02:16:24Z,2011-04,42.773,0.008,water-level-altimetry,DAHITI,2
17687,"Nile, River",27.3788,30.9358,2011-05-03T00:14:55Z,2011-05,42.952,0.016,water-level-altimetry,DAHITI,1
17687,"Nile, River",27.3788,30.9358,2011-07-01T12:06:05Z,2011-07,44.225,0.053,water-level-altimetry,DAHITI,2
17687,"Nile, River",27.3788,30.9358,2011-07-11T10:04:36Z,2011-07,44.458,0.226,water-level-altimetry,DAHITI,2
17687,"Nile, River",27.3788,30.9358,2012-01-05T21:38:03Z,2012-01,41.768,0.022,water-level-altimetry,DAHITI,3
17687,"Nile, River",27.3788,30.9358,2012-01-15T19:36:35Z,2012-01,41.625,0.011,water-level-altimetry,DAHITI,3
17687,"Nile, River",27.3788,30.9358,2012-01-25T17:35:07Z,2012-01,41.871,0.03,water-level-altimetry,DAHITI,3
17687,"Nile, River",27.3788,30.9358,2012-04-04T03:24:47Z,2012-04,42.821,0.119,water-level-altimetry,DAHITI,1
17687,"Nile, River",27.3788,30.9358,2012-06-22T11:12:59Z,2012-06,44.55,0.003,water-level-altimetry,DAHITI,1
17687,"Nile, River",27.3788,30.9358,2013-01-06T18:43:30Z,2013-01,42.059,0.07,water-level-altimetry,DAHITI,3
17687,"Nile, River",27.3788,30.9358,2013-01-16T16:42:01Z,2013-01,41.665,0.216,water-level-altimetry,DAHITI,3
17687,"Nile, River",27.3788,30.9358,2013-01-26T14:40:33Z,2013-01,41.778,0.082,water-level-altimetry,DAHITI,3
17687,"Nile, River",27.3788,30.9358,2013-02-05T12:39:04Z,2013-02,41.881,0.009,water-level-altimetry,DAHITI,1
17687,"Nile, River",27.3788,30.9358,2013-03-17T04:33:10Z,2013-03,42.606,0.08,water-level-altimetry,DAHITI,1
17687,"Nile, River",27.3788,30.9358,2013-04-06T00:30:14Z,2013-04,42.621,0.045,water-level-altimetry,DAHITI,2
17687,"Nile, River",27.3788,30.9358,2013-04-25T20:27:17Z,2013-04,42.898,0.091,water-level-altimetry,DAHITI,2
17687,"Nile, River",27.3788,30.9358,2013-05-25T14:22:51Z,2013-05,43.872,0.038,water-level-altimetry,DAHITI,1
17687,"Nile, River",27.3788,30.9358,2013-06-14T10:19:55Z,2013-06,44.368,0.032,water-level-altimetry,DAHITI,1
17687,"Nile, River",27.3788,30.9358,2013-07-24T02:14:00Z,2013-07,44.097,0.022,water-level-altimetry,DAHITI,1
17687,"Nile, River",27.3788,30.9358,2013-09-01T18:08:07Z,2013-09,43.368,0.045,water-level-altimetry,DAHITI,1
17687,"Nile, River",27.3788,30.9358,2013-11-20T01:56:20Z,2013-11,42.108,0.032,water-level-altimetry,DAHITI,1
17687,"Nile, River",27.3788,30.9358,2013-12-29T17:50:26Z,2013-12,41.7,0.016,water-level-altimetry,DAHITI,1
17687,"Nile, River",27.3788,30.9358,2014-01-08T15:48:58Z,2014-01,41.982,0.004,water-level-altimetry,DAHITI,2
17687,"Nile, River",27.3788,30.9358,2014-01-18T13:47:30Z,2014-01,41.547,0.165,water-level-altimetry,DAHITI,2
17687,"Nile, River",27.3788,30.9358,2014-03-19T01:38:40Z,2014-03,42.721,0.02,water-level-altimetry,DAHITI,2
17687,"Nile, River",27.3788,30.9358,2014-03-28T23:37:12Z,2014-03,42.463,0.035,water-level-altimetry,DAHITI,2
17687,"Nile, River",27.3788,30.9358,2014-04-07T21:35:43Z,2014-04,42.801,0.025,water-level-altimetry,DAHITI,1
17687,"Nile, River",27.3788,30.9358,2014-05-17T13:29:50Z,2014-05,43.456,0.02,water-level-altimetry,DAHITI,2
17687,"Nile, River",27.3788,30.9358,2014-05-27T11:28:22Z,2014-05,43.991,0.007,water-level-altimetry,DAHITI,2
17687,"Nile, River",27.3788,30.9358,2014-06-06T09:26:54Z,2014-06,44.135,0.003,water-level-altimetry,DAHITI,2
17687,"Nile, River",27.3788,30.9358,2014-06-16T07:25:25Z,2014-06,44.336,0.009,water-level-altimetry,DAHITI,2
17687,"Nile, River",27.3788,30.9358,2014-07-06T03:22:27Z,2014-07,44.396,0.089,water-level-altimetry,DAHITI,2
17687,"Nile, River",27.3788,30.9358,2014-07-25T23:19:31Z,2014-07,44.213,0.002,water-level-altimetry,DAHITI,2
17687,"Nile, River",27.3788,30.9358,2014-08-04T21:18:03Z,2014-08,44.209,0.028,water-level-altimetry,DAHITI,3
17687,"Nile, River",27.3788,30.9358,2014-08-14T19:16:35Z,2014-08,44.109,0.049,water-level-altimetry,DAHITI,3
17687,"Nile, River",27.3788,30.9358,2014-08-24T17:15:07Z,2014-08,43.673,0.011,water-level-altimetry,DAHITI,3
17687,"Nile, River",27.3788,30.9358,2014-09-03T15:13:39Z,2014-09,43.538,0.008,water-level-altimetry,DAHITI,3
17687,"Nile, River",27.3788,30.9358,2014-09-13T13:12:10Z,2014-09,42.79,0.005,water-level-altimetry,DAHITI,3
17687,"Nile, River",27.3788,30.9358,2014-09-23T11:10:41Z,2014-09,42.567,0.106,water-level-altimetry,DAHITI,3
17687,"Nile, River",27.3788,30.9358,2014-10-13T07:07:43Z,2014-10,43.11,0.121,water-level-altimetry,DAHITI,1
17687,"Nile, River",27.3788,30.9358,2014-11-12T01:03:19Z,2014-11,42.22,0.07,water-level-altimetry,DAHITI,1
17687,"Nile, River",27.3788,30.9358,2014-12-11T18:58:52Z,2014-12,42.154,0.269,water-level-altimetry,DAHITI,2
17687,"Nile, River",27.3788,30.9358,2014-12-31T14:55:57Z,2014-12,42.12,0.065,water-level-altimetry,DAHITI,2
17687,"Nile, River",27.3788,30.9358,2015-01-10T12:54:29Z,2015-01,41.69,0.057,water-level-altimetry,DAHITI,2
17687,"Nile, River",27.3788,30.9358,2015-01-20T10:53:01Z,2015-01,41.604,0.169,water-level-altimetry,DAHITI,2
17687,"Nile, River",27.3788,30.9358,2015-03-30T20:42:43Z,2015-03,42.526,0.098,water-level-altimetry,DAHITI,1
17687,"Nile, River",27.3788,30.9358,2015-05-09T12:36:48Z,2015-05,43.671,0.025,water-level-altimetry,DAHITI,1
17687,"Nile, River",27.3788,30.9358,2015-06-28T02:29:28Z,2015-06,44.363,0.034,water-level-altimetry,DAHITI,1
17687,"Nile, River",27.3788,30.9358,2015-07-08T00:27:59Z,2015-07,44.407,0.01,water-level-altimetry,DAHITI,3
17687,"Nile, River",27.3788,30.9358,2015-07-17T22:26:30Z,2015-07,44.357,0.048,water-level-altimetry,DAHITI,3
17687,"Nile, River",27.3788,30.9358,2015-07-27T20:25:02Z,2015-07,44.505,0.122,water-level-altimetry,DAHITI,3
17687,"Nile, River",27.3788,30.9358,2015-08-06T18:23:33Z,2015-08,44.521,0.012,water-level-altimetry,DAHITI,2
17687,"Nile, River",27.3788,30.9358,2015-08-26T14:20:35Z,2015-08,43.737,0.063,water-level-altimetry,DAHITI,2
17687,"Nile, River",27.3788,30.9358,2015-10-05T06:14:43Z,2015-10,42.524,0.075,water-level-altimetry,DAHITI,3
17687,"Nile, River",27.3788,30.9358,2015-10-15T04:13:15Z,2015-10,42.994,0.005,water-level-altimetry,DAHITI,3
17687,"Nile, River",27.3788,30.9358,2015-10-25T02:11:47Z,2015-10,42.673,0.089,water-level-altimetry,DAHITI,3
17687,"Nile, River",27.3788,30.9358,2015-11-04T00:10:19Z,2015-11,42.457,0.052,water-level-altimetry,DAHITI,1
17687,"Nile, River",27.3788,30.9358,2015-12-03T18:05:54Z,2015-12,41.593,0.023,water-level-altimetry,DAHITI,3
17687,"Nile, River",27.3788,30.9358,2015-12-13T16:04:25Z,2015-12,41.846,0.06,water-level-altimetry,DAHITI,3
17687,"Nile, River",27.3788,30.9358,2015-12-23T14:02:57Z,2015-12,41.633,0.095,water-level-altimetry,DAHITI,3
17687,"Nile, River",27.3788,30.9358,2016-01-02T12:01:28Z,2016-01,42.027,0.003,water-level-altimetry,DAHITI,2
17687,"Nile, River",27.3788,30.9358,2016-01-12T09:59:59Z,2016-01,41.938,0.018,water-level-altimetry,DAHITI,2
17687,"Nile, River",27.3788,30.9358,2016-02-11T03:55:35Z,2016-02,42.675,0.115,water-level-altimetry,DAHITI,2
17687,"Nile, River",27.3788,30.9358,2016-02-21T01:54:07Z,2016-02,42.439,0.067,water-level-altimetry,DAHITI,2
17687,"Nile, River",27.3788,30.9358,2016-03-01T23:52:39Z,2016-03,42.603,0.01,water-level-altimetry,DAHITI,3
17687,"Nile, River",27.3788,30.9358,2016-03-11T21:51:10Z,2016-03,42.753,0.064,water-level-altimetry,DAHITI,3
17687,"Nile, River",27.3788,30.9358,2016-03-31T17:49:36Z,2016-03,42.529,0.031,water-level-altimetry,DAHITI,3
17687,"Nile, River",27.3788,30.9358,2016-04-10T15:46:44Z,2016-04,42.705,0.031,water-level-altimetry,DAHITI,1
17687,"Nile, River",27.3788,30.9358,2016-05-10T09:42:19Z,2016-05,43.61,0.056,water-level-altimetry,DAHITI,2
17687,"Nile, River",27.3788,30.9358,2016-05-30T05:39:23Z,2016-05,44.577,0.149,water-level-altimetry,DAHITI,2
17687,"Nile, River",27.3788,30.9358,2016-06-19T01:36:27Z,2016-06,44.272,0.02,water-level-altimetry,DAHITI,2
17687,"Nile, River",27.3788,30.9358,2016-06-28T23:35:48Z,2016-06,44.364,0.01,water-level-altimetry,DAHITI,2
17687,"Nile, River",27.3788,30.9358,2016-07-08T21:33:31Z,2016-07,44.405,0.027,water-level-altimetry,DAHITI,3
17687,"Nile, River",27.3788,30.9358,2016-07-18T19:32:02Z,2016-07,44.323,0.024,water-level-altimetry,DAHITI,3
17687,"Nile, River",27.3788,30.9358,2016-07-28T17:31:15Z,2016-07,44.218,0.065,water-level-altimetry,DAHITI,3
17687,"Nile, River",27.3788,30.9358,2016-08-07T15:29:05Z,2016-08,44.153,0.009,water-level-altimetry,DAHITI,3
17687,"Nile, River",27.3788,30.9358,2016-08-17T13:27:36Z,2016-08,43.464,0.04,water-level-altimetry,DAHITI,3
17687,"Nile, River",27.3788,30.9358,2016-08-27T11:26:07Z,2016-08,43.405,0.232,water-level-altimetry,DAHITI,3
17687,"Nile, River",27.3788,30.9358,2016-09-26T05:21:43Z,2016-09,42.5,0.163,water-level-altimetry,DAHITI,1
17687,"Nile, River",27.3788,30.9358,2016-10-25T23:18:40Z,2016-10,42.368,0.018,water-level-altimetry,DAHITI,1
17687,"Nile, River",27.3788,30.9358,2016-11-24T17:14:15Z,2016-11,41.729,0.073,water-level-altimetry,DAHITI,1
17687,"Nile, River",27.3788,30.9358,2016-12-04T15:12:46Z,2016-12,42.087,0.125,water-level-altimetry,DAHITI,1
17687,"Nile, River",27.3788,30.9358,2017-01-03T09:08:19Z,2017-01,41.94,0.101,water-level-altimetry,DAHITI,1
17687,"Nile, River",27.3788,30.9358,2017-02-12T01:02:26Z,2017-02,42.225,0.014,water-level-altimetry,DAHITI,1
17687,"Nile, River",27.3788,30.9358,2017-05-22T04:47:43Z,2017-05,44.536,0.009,water-level-altimetry,DAHITI,1
17687,"Nile, River",27.3788,30.9358,2017-07-10T18:40:22Z,2017-07,44.225,0.034,water-level-altimetry,DAHITI,1
17687,"Nile, River",27.3788,30.9358,2017-09-08T06:31:30Z,2017-09,42.346,0.0,water-level-altimetry,DAHITI,3
17687,"Nile, River",27.3788,30.9358,2017-09-18T04:30:02Z,2017-09,42.289,0.048,water-level-altimetry,DAHITI,3
17687,"Nile, River",27.3788,30.9358,2017-09-28T02:28:34Z,2017-09,42.25,0.018,water-level-altimetry,DAHITI,3
17687,"Nile, River",27.3788,30.9358,2017-10-08T00:27:06Z,2017-10,42.564,0.013,water-level-altimetry,DAHITI,3
17687,"Nile, River",27.3788,30.9358,2017-10-17T22:25:38Z,2017-10,42.252,0.026,water-level-altimetry,DAHITI,3
17687,"Nile, River",27.3788,30.9358,2017-10-27T20:24:10Z,2017-10,42.194,0.008,water-level-altimetry,DAHITI,3
17687,"Nile, River",27.3788,30.9358,2017-11-06T18:22:41Z,2017-11,41.889,0.009,water-level-altimetry,DAHITI,3
17687,"Nile, River",27.3788,30.9358,2017-11-16T16:21:13Z,2017-11,41.9,0.048,water-level-altimetry,DAHITI,3
17687,"Nile, River",27.3788,30.9358,2017-11-26T14:19:44Z,2017-11,41.876,0.094,water-level-altimetry,DAHITI,3
17687,"Nile, River",27.3788,30.9358,2017-12-16T10:16:46Z,2017-12,41.727,0.001,water-level-altimetry,DAHITI,1
17687,"Nile, River",27.3788,30.9358,2018-01-05T06:13:50Z,2018-01,41.764,0.286,water-level-altimetry,DAHITI,3
17687,"Nile, River",27.3788,30.9358,2018-01-15T04:12:22Z,2018-01,41.796,0.047,water-level-altimetry,DAHITI,3
17687,"Nile, River",27.3788,30.9358,2018-01-25T02:10:53Z,2018-01,41.84,0.209,water-level-altimetry,DAHITI,3
17687,"Nile, River",27.3788,30.9358,2018-02-04T00:09:25Z,2018-02,41.525,0.002,water-level-altimetry,DAHITI,3
17687,"Nile, River",27.3788,30.9358,2018-02-13T22:07:57Z,2018-02,42.045,0.09,water-level-altimetry,DAHITI,3
17687,"Nile, River",27.3788,30.9358,2018-02-23T20:06:28Z,2018-02,42.236,0.125,water-level-altimetry,DAHITI,3
17687,"Nile, River",27.3788,30.9358,2018-03-05T18:05:00Z,2018-03,42.328,0.057,water-level-altimetry,DAHITI,3
17687,"Nile, River",27.3788,30.9358,2018-03-15T16:03:30Z,2018-03,42.317,0.051,water-level-altimetry,DAHITI,3
17687,"Nile, River",27.3788,30.9358,2018-03-25T14:02:01Z,2018-03,42.239,0.002,water-level-altimetry,DAHITI,3
17687,"Nile, River",27.3788,30.9358,2018-04-04T12:00:32Z,2018-04,42.638,0.029,water-level-altimetry,DAHITI,2
17687,"Nile, River",27.3788,30.9358,2018-04-14T09:59:04Z,2018-04,42.625,0.012,water-level-altimetry,DAHITI,2
17687,"Nile, River",27.3788,30.9358,2018-05-04T05:56:08Z,2018-05,43.28,0.122,water-level-altimetry,DAHITI,3
17687,"Nile, River",27.3788,30.9358,2018-05-14T03:54:40Z,2018-05,43.853,0.001,water-level-altimetry,DAHITI,3
17687,"Nile, River",27.3788,30.9358,2018-05-24T01:53:12Z,2018-05,44.336,0.004,water-level-altimetry,DAHITI,3
17687,"Nile, River",27.3788,30.9358,2018-06-02T23:51:44Z,2018-06,44.412,0.006,water-level-altimetry,DAHITI,3
17687,"Nile, River",27.3788,30.9358,2018-06-12T21:50:15Z,2018-06,43.774,0.028,water-level-altimetry,DAHITI,3
17687,"Nile, River",27.3788,30.9358,2018-06-22T19:48:47Z,2018-06,43.794,0.006,water-level-altimetry,DAHITI,3
17687,"Nile, River",27.3788,30.9358,2018-07-02T17:47:19Z,2018-07,43.824,0.04,water-level-altimetry,DAHITI,3
17687,"Nile, River",27.3788,30.9358,2018-07-12T15:45:50Z,2018-07,43.933,0.003,water-level-altimetry,DAHITI,3
17687,"Nile, River",27.3788,30.9358,2018-07-22T13:44:21Z,2018-07,43.964,0.029,water-level-altimetry,DAHITI,3
17687,"Nile, River",27.3788,30.9358,2018-08-01T11:42:52Z,2018-08,43.791,0.012,water-level-altimetry,DAHITI,3
17687,"Nile, River",27.3788,30.9358,2018-08-11T09:41:23Z,2018-08,43.3,0.003,water-level-altimetry,DAHITI,3
17687,"Nile, River",27.3788,30.9358,2018-08-21T07:39:54Z,2018-08,42.919,0.003,water-level-altimetry,DAHITI,3
17687,"Nile, River",27.3788,30.9358,2018-09-10T03:36:58Z,2018-09,42.258,0.084,water-level-altimetry,DAHITI,3
17687,"Nile, River",27.3788,30.9358,2018-09-20T01:35:30Z,2018-09,42.509,0.007,water-level-altimetry,DAHITI,3
17687,"Nile, River",27.3788,30.9358,2018-09-29T23:34:02Z,2018-09,42.524,0.054,water-level-altimetry,DAHITI,3
17687,"Nile, River",27.3788,30.9358,2018-10-09T21:32:34Z,2018-10,42.509,0.007,water-level-altimetry,DAHITI,2
17687,"Nile, River",27.3788,30.9358,2018-10-19T19:31:06Z,2018-10,42.319,0.002,water-level-altimetry,DAHITI,2
17687,"Nile, River",27.3788,30.9358,2018-11-18T13:26:40Z,2018-11,41.596,0.003,water-level-altimetry,DAHITI,2
17687,"Nile, River",27.3788,30.9358,2018-11-28T11:25:11Z,2018-11,41.602,0.022,water-level-altimetry,DAHITI,2
17687,"Nile, River",27.3788,30.9358,2018-12-18T07:22:12Z,2018-12,41.97,0.161,water-level-altimetry,DAHITI,2
17687,"Nile, River",27.3788,30.9358,2018-12-28T05:20:45Z,2018-12,41.658,0.089,water-level-altimetry,DAHITI,2
17687,"Nile, River",27.3788,30.9358,2019-01-07T03:19:17Z,2019-01,42.136,0.13,water-level-altimetry,DAHITI,2
17687,"Nile, River",27.3788,30.9358,2019-01-26T23:16:21Z,2019-01,41.55,0.061,water-level-altimetry,DAHITI,2
17687,"Nile, River",27.3788,30.9358,2019-02-05T21:14:53Z,2019-02,41.886,0.008,water-level-altimetry,DAHITI,2
17687,"Nile, River",27.3788,30.9358,2019-02-15T19:13:25Z,2019-02,42.195,0.004,water-level-altimetry,DAHITI,2
17687,"Nile, River",27.3788,30.9358,2019-03-27T11:07:29Z,2019-03,42.357,0.129,water-level-altimetry,DAHITI,1
17687,"Nile, River",27.3788,30.9358,2019-04-06T09:06:00Z,2019-04,42.834,0.067,water-level-altimetry,DAHITI,3
17687,"Nile, River",27.3788,30.9358,2019-04-16T07:04:30Z,2019-04,42.845,0.069,water-level-altimetry,DAHITI,3
17687,"Nile, River",27.3788,30.9358,2019-04-26T05:03:02Z,2019-04,43.013,0.028,water-level-altimetry,DAHITI,3
17687,"Nile, River",27.3788,30.9358,2019-05-06T03:01:35Z,2019-05,43.024,0.0,water-level-altimetry,DAHITI,3
17687,"Nile, River",27.3788,30.9358,2019-05-16T01:00:07Z,2019-05,43.902,0.029,water-level-altimetry,DAHITI,3
17687,"Nile, River",27.3788,30.9358,2019-05-25T22:58:39Z,2019-05,44.347,0.02,water-level-altimetry,DAHITI,3
17687,"Nile, River",27.3788,30.9358,2019-06-04T20:57:11Z,2019-06,44.387,0.011,water-level-altimetry,DAHITI,3
17687,"Nile, River",27.3788,30.9358,2019-06-14T18:55:43Z,2019-06,44.45,0.004,water-level-altimetry,DAHITI,3
17687,"Nile, River",27.3788,30.9358,2019-06-24T16:54:14Z,2019-06,44.404,0.012,water-level-altimetry,DAHITI,3
17687,"Nile, River",27.3788,30.9358,2019-07-04T14:52:46Z,2019-07,44.199,0.019,water-level-altimetry,DAHITI,2
17687,"Nile, River",27.3788,30.9358,2019-07-14T12:51:17Z,2019-07,44.257,0.001,water-level-altimetry,DAHITI,2
17687,"Nile, River",27.3788,30.9358,2019-08-03T08:48:18Z,2019-08,44.216,0.011,water-level-altimetry,DAHITI,3
17687,"Nile, River",27.3788,30.9358,2019-08-13T06:46:50Z,2019-08,43.695,0.011,water-level-altimetry,DAHITI,3
17687,"Nile, River",27.3788,30.9358,2019-08-23T04:45:22Z,2019-08,42.81,0.007,water-level-altimetry,DAHITI,3
17687,"Nile, River",27.3788,30.9358,2019-09-02T02:43:53Z,2019-09,42.913,0.005,water-level-altimetry,DAHITI,3
17687,"Nile, River",27.3788,30.9358,2019-09-12T00:42:25Z,2019-09,43.407,0.001,water-level-altimetry,DAHITI,3
17687,"Nile, River",27.3788,30.9358,2019-09-21T22:40:57Z,2019-09,42.968,0.004,water-level-altimetry,DAHITI,3
17687,"Nile, River",27.3788,30.9358,2019-10-01T20:39:29Z,2019-10,43.807,0.034,water-level-altimetry,DAHITI,4
17687,"Nile, River",27.3788,30.9358,2019-10-11T18:38:00Z,2019-10,44.204,0.015,water-level-altimetry,DAHITI,4
17687,"Nile, River",27.3788,30.9358,2019-10-21T16:36:31Z,2019-10,44.349,0.001,water-level-altimetry,DAHITI,4
17687,"Nile, River",27.3788,30.9358,2019-10-31T14:35:02Z,2019-10,43.018,0.007,water-level-altimetry,DAHITI,4
17687,"Nile, River",27.3788,30.9358,2019-11-10T12:33:33Z,2019-11,42.372,0.01,water-level-altimetry,DAHITI,3
17687,"Nile, River",27.3788,30.9358,2019-11-20T10:32:04Z,2019-11,42.188,0.178,water-level-altimetry,DAHITI,3
17687,"Nile, River",27.3788,30.9358,2019-11-30T08:30:35Z,2019-11,42.606,0.022,water-level-altimetry,DAHITI,3
17687,"Nile, River",27.3788,30.9358,2019-12-10T06:29:06Z,2019-12,42.797,0.101,water-level-altimetry,DAHITI,3
17687,"Nile, River",27.3788,30.9358,2019-12-20T04:27:39Z,2019-12,42.348,0.164,water-level-altimetry,DAHITI,3
17687,"Nile, River",27.3788,30.9358,2019-12-30T02:26:10Z,2019-12,41.93,0.044,water-level-altimetry,DAHITI,3
17687,"Nile, River",27.3788,30.9358,2020-01-09T00:24:42Z,2020-01,42.582,0.142,water-level-altimetry,DAHITI,3
17687,"Nile, River",27.3788,30.9358,2020-01-18T22:23:14Z,2020-01,42.057,0.013,water-level-altimetry,DAHITI,3
17687,"Nile, River",27.3788,30.9358,2020-01-28T20:21:46Z,2020-01,41.805,0.084,water-level-altimetry,DAHITI,3
17687,"Nile, River",27.3788,30.9358,2020-02-17T16:18:48Z,2020-02,42.248,0.172,water-level-altimetry,DAHITI,2
17687,"Nile, River",27.3788,30.9358,2020-02-27T14:17:19Z,2020-02,42.324,0.03,water-level-altimetry,DAHITI,2
17687,"Nile, River",27.3788,30.9358,2020-03-08T12:15:50Z,2020-03,42.443,0.019,water-level-altimetry,DAHITI,3
17687,"Nile, River",27.3788,30.9358,2020-03-18T10:14:22Z,2020-03,42.484,0.117,water-level-altimetry,DAHITI,3
17687,"Nile, River",27.3788,30.9358,2020-03-28T08:12:54Z,2020-03,42.533,0.13,water-level-altimetry,DAHITI,3
17687,"Nile, River",27.3788,30.9358,2020-04-17T04:09:58Z,2020-04,42.929,0.001,water-level-altimetry,DAHITI,2
17687,"Nile, River",27.3788,30.9358,2020-04-27T02:08:29Z,2020-04,43.431,0.008,water-level-altimetry,DAHITI,2
17687,"Nile, River",27.3788,30.9358,2020-05-07T00:07:01Z,2020-05,43.566,0.007,water-level-altimetry,DAHITI,3
17687,"Nile, River",27.3788,30.9358,2020-05-16T22:05:33Z,2020-05,44.435,0.014,water-level-altimetry,DAHITI,3
17687,"Nile, River",27.3788,30.9358,2020-05-26T20:04:05Z,2020-05,44.396,0.037,water-level-altimetry,DAHITI,3
17687,"Nile, River",27.3788,30.9358,2020-06-05T18:02:36Z,2020-06,44.413,0.077,water-level-altimetry,DAHITI,1
17687,"Nile, River",27.3788,30.9358,2020-07-05T11:58:10Z,2020-07,44.64,0.047,water-level-altimetry,DAHITI,3
17687,"Nile, River",27.3788,30.9358,2020-07-15T09:56:41Z,2020-07,44.398,0.028,water-level-altimetry,DAHITI,3
17687,"Nile, River",27.3788,30.9358,2020-07-25T07:55:12Z,2020-07,44.433,0.032,water-level-altimetry,DAHITI,3
17687,"Nile, River",27.3788,30.9358,2020-08-04T05:53:44Z,2020-08,44.33,0.021,water-level-altimetry,DAHITI,3
17687,"Nile, River",27.3788,30.9358,2020-08-14T03:52:15Z,2020-08,43.738,0.042,water-level-altimetry,DAHITI,3
17687,"Nile, River",27.3788,30.9358,2020-08-24T01:50:47Z,2020-08,44.125,0.001,water-level-altimetry,DAHITI,3
17687,"Nile, River",27.3788,30.9358,2020-09-12T21:47:51Z,2020-09,44.145,0.008,water-level-altimetry,DAHITI,2
17687,"Nile, River",27.3788,30.9358,2020-09-22T19:46:22Z,2020-09,44.445,0.001,water-level-altimetry,DAHITI,2
17687,"Nile, River",27.3788,30.9358,2020-10-02T17:44:54Z,2020-10,43.764,0.008,water-level-altimetry,DAHITI,3
17687,"Nile, River",27.3788,30.9358,2020-10-12T15:43:25Z,2020-10,43.623,0.002,water-level-altimetry,DAHITI,3
17687,"Nile, River",27.3788,30.9358,2020-10-22T13:41:56Z,2020-10,43.096,0.42,water-level-altimetry,DAHITI,3
17687,"Nile, River",27.3788,30.9358,2020-11-11T09:38:59Z,2020-11,42.264,0.147,water-level-altimetry,DAHITI,2
17687,"Nile, River",27.3788,30.9358,2020-11-21T07:37:31Z,2020-11,41.947,0.107,water-level-altimetry,DAHITI,2
17687,"Nile, River",27.3788,30.9358,2020-12-01T05:36:02Z,2020-12,41.861,0.004,water-level-altimetry,DAHITI,3
17687,"Nile, River",27.3788,30.9358,2020-12-11T03:34:34Z,2020-12,41.957,0.039,water-level-altimetry,DAHITI,3
17687,"Nile, River",27.3788,30.9358,2020-12-21T01:33:05Z,2020-12,42.322,0.199,water-level-altimetry,DAHITI,3
17687,"Nile, River",27.3788,30.9358,2021-01-09T21:30:08Z,2021-01,41.686,0.018,water-level-altimetry,DAHITI,3
17687,"Nile, River",27.3788,30.9358,2021-01-19T19:28:39Z,2021-01,42.104,0.023,water-level-altimetry,DAHITI,3
17687,"Nile, River",27.3788,30.9358,2021-01-29T17:27:10Z,2021-01,42.538,0.001,water-level-altimetry,DAHITI,3
17687,"Nile, River",27.3788,30.9358,2021-02-08T15:25:41Z,2021-02,42.232,0.16,water-level-altimetry,DAHITI,3
17687,"Nile, River",27.3788,30.9358,2021-02-18T13:24:13Z,2021-02,42.199,0.031,water-level-altimetry,DAHITI,3
17687,"Nile, River",27.3788,30.9358,2021-02-28T11:22:45Z,2021-02,42.442,0.009,water-level-altimetry,DAHITI,3
17687,"Nile, River",27.3788,30.9358,2021-03-10T09:21:17Z,2021-03,42.635,0.062,water-level-altimetry,DAHITI,3
17687,"Nile, River",27.3788,30.9358,2021-03-20T07:19:48Z,2021-03,42.317,0.023,water-level-altimetry,DAHITI,3
17687,"Nile, River",27.3788,30.9358,2021-03-30T05:18:20Z,2021-03,42.408,0.134,water-level-altimetry,DAHITI,3
17687,"Nile, River",27.3788,30.9358,2021-04-09T03:16:51Z,2021-04,42.336,0.045,water-level-altimetry,DAHITI,3
17687,"Nile, River",27.3788,30.9358,2021-04-19T01:15:23Z,2021-04,42.754,0.0,water-level-altimetry,DAHITI,3
17687,"Nile, River",27.3788,30.9358,2021-04-28T23:13:54Z,2021-04,42.71,0.009,water-level-altimetry,DAHITI,3
17687,"Nile, River",27.3788,30.9358,2021-05-08T21:12:26Z,2021-05,43.394,0.015,water-level-altimetry,DAHITI,3
17687,"Nile, River",27.3788,30.9358,2021-05-18T19:10:58Z,2021-05,44.512,0.048,water-level-altimetry,DAHITI,3
17687,"Nile, River",27.3788,30.9358,2021-05-28T17:09:30Z,2021-05,44.37,0.123,water-level-altimetry,DAHITI,3
17687,"Nile, River",27.3788,30.9358,2021-06-07T15:08:02Z,2021-06,44.202,0.009,water-level-altimetry,DAHITI,3
17687,"Nile, River",27.3788,30.9358,2021-06-17T13:06:33Z,2021-06,44.057,0.036,water-level-altimetry,DAHITI,3
17687,"Nile, River",27.3788,30.9358,2021-06-27T11:05:04Z,2021-06,43.986,0.005,water-level-altimetry,DAHITI,3
17687,"Nile, River",27.3788,30.9358,2021-07-07T09:03:35Z,2021-07,44.313,0.008,water-level-altimetry,DAHITI,3
17687,"Nile, River",27.3788,30.9358,2021-07-17T07:02:06Z,2021-07,44.379,0.0,water-level-altimetry,DAHITI,3
17687,"Nile, River",27.3788,30.9358,2021-07-27T05:00:38Z,2021-07,44.617,0.018,water-level-altimetry,DAHITI,3
17687,"Nile, River",27.3788,30.9358,2021-08-06T02:59:10Z,2021-08,44.581,0.007,water-level-altimetry,DAHITI,3
17687,"Nile, River",27.3788,30.9358,2021-08-16T00:57:42Z,2021-08,44.498,0.006,water-level-altimetry,DAHITI,3
17687,"Nile, River",27.3788,30.9358,2021-08-25T22:56:13Z,2021-08,44.563,0.008,water-level-altimetry,DAHITI,3
17687,"Nile, River",27.3788,30.9358,2021-09-04T20:54:45Z,2021-09,44.677,0.014,water-level-altimetry,DAHITI,3
17687,"Nile, River",27.3788,30.9358,2021-09-14T18:53:17Z,2021-09,43.36,0.084,water-level-altimetry,DAHITI,3
17687,"Nile, River",27.3788,30.9358,2021-09-24T16:51:48Z,2021-09,42.823,0.017,water-level-altimetry,DAHITI,3
17687,"Nile, River",27.3788,30.9358,2021-10-04T14:50:20Z,2021-10,42.863,0.016,water-level-altimetry,DAHITI,2
17687,"Nile, River",27.3788,30.9358,2021-10-14T12:48:51Z,2021-10,42.855,0.001,water-level-altimetry,DAHITI,2
17687,"Nile, River",27.3788,30.9358,2021-11-03T08:45:53Z,2021-11,42.597,0.024,water-level-altimetry,DAHITI,2
17687,"Nile, River",27.3788,30.9358,2021-11-23T04:42:57Z,2021-11,42.157,0.001,water-level-altimetry,DAHITI,2
17687,"Nile, River",27.3788,30.9358,2021-12-03T02:41:29Z,2021-12,41.766,0.025,water-level-altimetry,DAHITI,3
17687,"Nile, River",27.3788,30.9358,2021-12-13T00:40:01Z,2021-12,41.831,0.012,water-level-altimetry,DAHITI,3
17687,"Nile, River",27.3788,30.9358,2021-12-22T22:38:33Z,2021-12,41.587,0.036,water-level-altimetry,DAHITI,3
17687,"Nile, River",27.3788,30.9358,2022-01-01T20:37:05Z,2022-01,41.953,0.145,water-level-altimetry,DAHITI,4
17687,"Nile, River",27.3788,30.9358,2022-01-11T18:35:36Z,2022-01,42.066,0.121,water-level-altimetry,DAHITI,4
17687,"Nile, River",27.3788,30.9358,2022-01-21T16:34:07Z,2022-01,42.218,0.147,water-level-altimetry,DAHITI,4
17687,"Nile, River",27.3788,30.9358,2022-01-31T14:32:38Z,2022-01,41.956,0.017,water-level-altimetry,DAHITI,4
17687,"Nile, River",27.3788,30.9358,2022-02-10T12:31:09Z,2022-02,41.797,0.002,water-level-altimetry,DAHITI,2
17687,"Nile, River",27.3788,30.9358,2022-02-20T10:29:40Z,2022-02,42.708,0.082,water-level-altimetry,DAHITI,2
17687,"Nile, River",27.3788,30.9358,2022-03-02T08:28:12Z,2022-03,42.503,0.052,water-level-altimetry,DAHITI,3
17687,"Nile, River",27.3788,30.9358,2022-03-12T06:26:44Z,2022-03,42.312,0.02,water-level-altimetry,DAHITI,3
17687,"Nile, River",27.3788,30.9358,2022-03-22T04:25:16Z,2022-03,42.254,0.019,water-level-altimetry,DAHITI,3
17687,"Nile, River",27.3788,30.9358,2022-04-01T02:23:48Z,2022-04,42.194,0.014,water-level-altimetry,DAHITI,4
17687,"Nile, River",27.3788,30.9358,2022-04-11T00:22:47Z,2022-04,43.276,0.129,water-level-altimetry,DAHITI,4
17687,"Nile, River",27.3788,30.9358,2022-04-20T22:21:19Z,2022-04,43.077,0.006,water-level-altimetry,DAHITI,4
17687,"Nile, River",27.3788,30.9358,2022-04-30T20:19:50Z,2022-04,43.334,0.014,water-level-altimetry,DAHITI,4
17687,"Nile, River",27.3788,30.9358,2022-05-10T18:18:22Z,2022-05,43.753,0.013,water-level-altimetry,DAHITI,3
17687,"Nile, River",27.3788,30.9358,2022-05-20T16:16:53Z,2022-05,44.299,0.01,water-level-altimetry,DAHITI,3
17687,"Nile, River",27.3788,30.9358,2022-05-30T14:15:24Z,2022-05,44.208,0.001,water-level-altimetry,DAHITI,3
17687,"Nile, River",27.3788,30.9358,2022-06-09T12:13:55Z,2022-06,44.279,0.003,water-level-altimetry,DAHITI,3
17687,"Nile, River",27.3788,30.9358,2022-06-19T10:12:26Z,2022-06,44.432,0.002,water-level-altimetry,DAHITI,3
17687,"Nile, River",27.3788,30.9358,2022-06-29T08:10:58Z,2022-06,44.442,0.009,water-level-altimetry,DAHITI,3
17687,"Nile, River",27.3788,30.9358,2022-07-09T06:09:31Z,2022-07,44.377,0.004,water-level-altimetry,DAHITI,3
17687,"Nile, River",27.3788,30.9358,2022-07-19T04:08:02Z,2022-07,44.63,0.013,water-level-altimetry,DAHITI,3
17687,"Nile, River",27.3788,30.9358,2022-07-29T02:06:34Z,2022-07,44.453,0.004,water-level-altimetry,DAHITI,3
17687,"Nile, River",27.3788,30.9358,2022-08-08T00:05:06Z,2022-08,44.276,0.0,water-level-altimetry,DAHITI,3
17687,"Nile, River",27.3788,30.9358,2022-08-17T22:03:37Z,2022-08,44.226,0.003,water-level-altimetry,DAHITI,3
17687,"Nile, River",27.3788,30.9358,2022-08-27T20:02:09Z,2022-08,44.115,0.074,water-level-altimetry,DAHITI,3
17687,"Nile, River",27.3788,30.9358,2022-09-06T18:00:40Z,2022-09,44.276,0.021,water-level-altimetry,DAHITI,3
17687,"Nile, River",27.3788,30.9358,2022-09-16T15:59:12Z,2022-09,43.619,0.001,water-level-altimetry,DAHITI,3
17687,"Nile, River",27.3788,30.9358,2022-09-26T13:57:43Z,2022-09,43.039,0.081,water-level-altimetry,DAHITI,3
17687,"Nile, River",27.3788,30.9358,2022-10-06T11:56:14Z,2022-10,43.22,0.024,water-level-altimetry,DAHITI,3
17687,"Nile, River",27.3788,30.9358,2022-10-16T09:54:45Z,2022-10,44.054,0.006,water-level-altimetry,DAHITI,3
17687,"Nile, River",27.3788,30.9358,2022-10-26T07:53:18Z,2022-10,44.245,0.015,water-level-altimetry,DAHITI,3
17687,"Nile, River",27.3788,30.9358,2022-11-05T05:51:50Z,2022-11,43.784,0.014,water-level-altimetry,DAHITI,3
17687,"Nile, River",27.3788,30.9358,2022-11-15T03:50:23Z,2022-11,42.681,0.016,water-level-altimetry,DAHITI,3
17687,"Nile, River",27.3788,30.9358,2022-11-25T01:48:55Z,2022-11,42.72,0.106,water-level-altimetry,DAHITI,3
17687,"Nile, River",27.3788,30.9358,2022-12-04T23:47:27Z,2022-12,43.192,0.037,water-level-altimetry,DAHITI,3
17687,"Nile, River",27.3788,30.9358,2022-12-14T21:45:58Z,2022-12,42.273,0.008,water-level-altimetry,DAHITI,3
17687,"Nile, River",27.3788,30.9358,2022-12-24T19:44:29Z,2022-12,41.785,0.022,water-level-altimetry,DAHITI,3
17687,"Nile, River",27.3788,30.9358,2023-01-03T17:42:59Z,2023-01,42.183,0.112,water-level-altimetry,DAHITI,3
17687,"Nile, River",27.3788,30.9358,2023-01-13T15:41:29Z,2023-01,42.304,0.052,water-level-altimetry,DAHITI,3
17687,"Nile, River",27.3788,30.9358,2023-01-23T13:40:01Z,2023-01,42.109,0.012,water-level-altimetry,DAHITI,3
17687,"Nile, River",27.3788,30.9358,2023-02-02T11:38:33Z,2023-02,42.493,0.039,water-level-altimetry,DAHITI,3
17687,"Nile, River",27.3788,30.9358,2023-02-12T09:37:06Z,2023-02,42.026,0.001,water-level-altimetry,DAHITI,3
17687,"Nile, River",27.3788,30.9358,2023-02-22T07:35:38Z,2023-02,42.396,0.003,water-level-altimetry,DAHITI,3
17687,"Nile, River",27.3788,30.9358,2023-03-04T05:34:10Z,2023-03,42.398,0.01,water-level-altimetry,DAHITI,3
17687,"Nile, River",27.3788,30.9358,2023-03-14T03:32:42Z,2023-03,42.596,0.016,water-level-altimetry,DAHITI,3
17687,"Nile, River",27.3788,30.9358,2023-03-24T01:31:13Z,2023-03,42.743,0.006,water-level-altimetry,DAHITI,3
17687,"Nile, River",27.3788,30.9358,2023-04-02T23:29:45Z,2023-04,42.932,0.006,water-level-altimetry,DAHITI,3
17687,"Nile, River",27.3788,30.9358,2023-04-12T21:28:16Z,2023-04,42.743,0.0,water-level-altimetry,DAHITI,3
17687,"Nile, River",27.3788,30.9358,2023-04-22T19:26:48Z,2023-04,43.365,0.049,water-level-altimetry,DAHITI,3
17687,"Nile, River",27.3788,30.9358,2023-05-02T17:25:19Z,2023-05,43.903,0.151,water-level-altimetry,DAHITI,3
17687,"Nile, River",27.3788,30.9358,2023-05-12T15:23:50Z,2023-05,44.216,0.009,water-level-altimetry,DAHITI,3
17687,"Nile, River",27.3788,30.9358,2023-05-22T13:22:20Z,2023-05,44.443,0.006,water-level-altimetry,DAHITI,3
17687,"Nile, River",27.3788,30.9358,2023-06-01T11:20:52Z,2023-06,44.436,0.019,water-level-altimetry,DAHITI,3
17687,"Nile, River",27.3788,30.9358,2023-06-11T09:19:24Z,2023-06,44.379,0.002,water-level-altimetry,DAHITI,3
17687,"Nile, River",27.3788,30.9358,2023-06-21T07:17:56Z,2023-06,44.239,0.084,water-level-altimetry,DAHITI,3
17687,"Nile, River",27.3788,30.9358,2023-07-01T05:16:28Z,2023-07,44.4,0.002,water-level-altimetry,DAHITI,3
17687,"Nile, River",27.3788,30.9358,2023-07-11T03:14:59Z,2023-07,44.307,0.027,water-level-altimetry,DAHITI,3
17687,"Nile, River",27.3788,30.9358,2023-07-30T23:12:01Z,2023-07,44.406,0.017,water-level-altimetry,DAHITI,3
17687,"Nile, River",27.3788,30.9358,2023-08-09T21:10:33Z,2023-08,44.752,0.034,water-level-altimetry,DAHITI,3
17687,"Nile, River",27.3788,30.9358,2023-08-19T19:09:06Z,2023-08,44.45,0.049,water-level-altimetry,DAHITI,3
17687,"Nile, River",27.3788,30.9358,2023-08-29T17:07:38Z,2023-08,43.563,0.116,water-level-altimetry,DAHITI,3
17687,"Nile, River",27.3788,30.9358,2023-09-08T15:06:10Z,2023-09,42.862,0.008,water-level-altimetry,DAHITI,3
17687,"Nile, River",27.3788,30.9358,2023-09-18T13:04:41Z,2023-09,42.779,0.002,water-level-altimetry,DAHITI,3
17687,"Nile, River",27.3788,30.9358,2023-09-28T11:03:13Z,2023-09,42.794,0.007,water-level-altimetry,DAHITI,3
17687,"Nile, River",27.3788,30.9358,2023-10-08T09:01:45Z,2023-10,42.606,0.008,water-level-altimetry,DAHITI,3
17687,"Nile, River",27.3788,30.9358,2023-10-18T07:00:17Z,2023-10,42.481,0.007,water-level-altimetry,DAHITI,3
17687,"Nile, River",27.3788,30.9358,2023-10-28T04:58:48Z,2023-10,42.31,0.05,water-level-altimetry,DAHITI,3
17687,"Nile, River",27.3788,30.9358,2023-11-07T02:57:19Z,2023-11,42.228,0.005,water-level-altimetry,DAHITI,3
17687,"Nile, River",27.3788,30.9358,2023-11-17T00:55:50Z,2023-11,42.279,0.009,water-level-altimetry,DAHITI,3
17687,"Nile, River",27.3788,30.9358,2023-11-26T22:54:20Z,2023-11,42.404,0.027,water-level-altimetry,DAHITI,3
17687,"Nile, River",27.3788,30.9358,2023-12-06T20:52:52Z,2023-12,43.128,0.22,water-level-altimetry,DAHITI,3
17687,"Nile, River",27.3788,30.9358,2023-12-16T18:51:25Z,2023-12,42.715,0.018,water-level-altimetry,DAHITI,3
17687,"Nile, River",27.3788,30.9358,2023-12-26T16:49:57Z,2023-12,41.966,0.005,water-level-altimetry,DAHITI,3
17687,"Nile, River",27.3788,30.9358,2024-01-05T14:48:29Z,2024-01,42.243,0.018,water-level-altimetry,DAHITI,3
17687,"Nile, River",27.3788,30.9358,2024-01-15T12:47:00Z,2024-01,42.489,0.126,water-level-altimetry,DAHITI,3
17687,"Nile, River",27.3788,30.9358,2024-01-25T10:45:32Z,2024-01,42.772,0.177,water-level-altimetry,DAHITI,3
17687,"Nile, River",27.3788,30.9358,2024-02-04T08:44:03Z,2024-02,42.454,0.006,water-level-altimetry,DAHITI,3
17687,"Nile, River",27.3788,30.9358,2024-02-14T06:42:34Z,2024-02,42.298,0.406,water-level-altimetry,DAHITI,3
17687,"Nile, River",27.3788,30.9358,2024-02-24T04:41:05Z,2024-02,42.766,0.08,water-level-altimetry,DAHITI,3
17687,"Nile, River",27.3788,30.9358,2024-03-05T02:39:37Z,2024-03,43.024,0.111,water-level-altimetry,DAHITI,3
17687,"Nile, River",27.3788,30.9358,2024-03-15T00:38:09Z,2024-03,42.611,0.024,water-level-altimetry,DAHITI,3
17687,"Nile, River",27.3788,30.9358,2024-03-24T22:36:41Z,2024-03,42.986,0.116,water-level-altimetry,DAHITI,3
17687,"Nile, River",27.3788,30.9358,2024-04-03T20:35:14Z,2024-04,42.829,0.072,water-level-altimetry,DAHITI,3
17687,"Nile, River",27.3788,30.9358,2024-04-13T18:33:45Z,2024-04,43.035,0.066,water-level-altimetry,DAHITI,3
17687,"Nile, River",27.3788,30.9358,2024-04-23T16:32:17Z,2024-04,43.257,0.012,water-level-altimetry,DAHITI,3
17687,"Nile, River",27.3788,30.9358,2024-05-03T14:30:48Z,2024-05,43.164,0.132,water-level-altimetry,DAHITI,3
17687,"Nile, River",27.3788,30.9358,2024-05-13T12:29:19Z,2024-05,43.587,0.089,water-level-altimetry,DAHITI,3
17687,"Nile, River",27.3788,30.9358,2024-05-23T10:27:50Z,2024-05,44.167,0.011,water-level-altimetry,DAHITI,3
17687,"Nile, River",27.3788,30.9358,2024-06-02T08:26:22Z,2024-06,44.286,0.009,water-level-altimetry,DAHITI,3
17687,"Nile, River",27.3788,30.9358,2024-06-12T06:24:55Z,2024-06,44.311,0.012,water-level-altimetry,DAHITI,3
17687,"Nile, River",27.3788,30.9358,2024-06-22T04:23:27Z,2024-06,44.322,0.066,water-level-altimetry,DAHITI,3
17687,"Nile, River",27.3788,30.9358,2024-07-02T02:21:59Z,2024-07,44.277,0.003,water-level-altimetry,DAHITI,4
17687,"Nile, River",27.3788,30.9358,2024-07-12T00:20:31Z,2024-07,44.552,0.017,water-level-altimetry,DAHITI,4
17687,"Nile, River",27.3788,30.9358,2024-07-21T22:19:03Z,2024-07,44.332,0.0,water-level-altimetry,DAHITI,4
17687,"Nile, River",27.3788,30.9358,2024-07-31T20:17:34Z,2024-07,44.558,0.042,water-level-altimetry,DAHITI,4
17687,"Nile, River",27.3788,30.9358,2024-08-10T18:16:06Z,2024-08,44.448,0.006,water-level-altimetry,DAHITI,3
17687,"Nile, River",27.3788,30.9358,2024-08-20T16:14:37Z,2024-08,44.021,0.014,water-level-altimetry,DAHITI,3
17687,"Nile, River",27.3788,30.9358,2024-08-30T14:13:08Z,2024-08,42.766,0.113,water-level-altimetry,DAHITI,3
17687,"Nile, River",27.3788,30.9358,2024-09-09T12:11:38Z,2024-09,43.2,0.004,water-level-altimetry,DAHITI,3
17687,"Nile, River",27.3788,30.9358,2024-09-19T10:10:09Z,2024-09,43.596,0.091,water-level-altimetry,DAHITI,3
17687,"Nile, River",27.3788,30.9358,2024-09-29T08:08:42Z,2024-09,43.801,0.008,water-level-altimetry,DAHITI,3
17687,"Nile, River",27.3788,30.9358,2024-10-09T06:07:15Z,2024-10,43.88,0.027,water-level-altimetry,DAHITI,3
17687,"Nile, River",27.3788,30.9358,2024-10-19T04:05:47Z,2024-10,43.595,0.017,water-level-altimetry,DAHITI,3
17687,"Nile, River",27.3788,30.9358,2024-10-29T02:04:19Z,2024-10,43.209,0.019,water-level-altimetry,DAHITI,3
17687,"Nile, River",27.3788,30.9358,2024-11-08T00:02:50Z,2024-11,42.994,0.003,water-level-altimetry,DAHITI,3
17687,"Nile, River",27.3788,30.9358,2024-11-17T22:01:21Z,2024-11,42.902,0.036,water-level-altimetry,DAHITI,3
17687,"Nile, River",27.3788,30.9358,2024-11-27T19:59:52Z,2024-11,42.884,0.134,water-level-altimetry,DAHITI,3
17687,"Nile, River",27.3788,30.9358,2024-12-07T17:58:23Z,2024-12,42.772,0.009,water-level-altimetry,DAHITI,2
17687,"Nile, River",27.3788,30.9358,2024-12-27T13:55:27Z,2024-12,42.344,0.037,water-level-altimetry,DAHITI,2
17687,"Nile, River",27.3788,30.9358,2025-01-06T11:53:59Z,2025-01,42.421,0.024,water-level-altimetry,DAHITI,3
17687,"Nile, River",27.3788,30.9358,2025-01-16T09:52:31Z,2025-01,42.857,0.077,water-level-altimetry,DAHITI,3
17687,"Nile, River",27.3788,30.9358,2025-01-26T07:51:03Z,2025-01,43.305,0.12,water-level-altimetry,DAHITI,3
17687,"Nile, River",27.3788,30.9358,2025-02-05T05:49:34Z,2025-02,42.845,0.0,water-level-altimetry,DAHITI,3
17687,"Nile, River",27.3788,30.9358,2025-02-15T03:48:06Z,2025-02,43.012,0.045,water-level-altimetry,DAHITI,3
17687,"Nile, River",27.3788,30.9358,2025-02-25T01:46:37Z,2025-02,43.473,0.107,water-level-altimetry,DAHITI,3
17687,"Nile, River",27.3788,30.9358,2025-03-06T23:45:08Z,2025-03,43.254,0.005,water-level-altimetry,DAHITI,3
17687,"Nile, River",27.3788,30.9358,2025-03-16T21:43:39Z,2025-03,43.354,0.003,water-level-altimetry,DAHITI,3
17687,"Nile, River",27.3788,30.9358,2025-03-26T19:42:11Z,2025-03,43.666,0.012,water-level-altimetry,DAHITI,3
17687,"Nile, River",27.3788,30.9358,2025-04-05T17:40:44Z,2025-04,44.236,0.056,water-level-altimetry,DAHITI,3
17687,"Nile, River",27.3788,30.9358,2025-04-15T15:39:16Z,2025-04,43.836,0.016,water-level-altimetry,DAHITI,3
17687,"Nile, River",27.3788,30.9358,2025-04-25T13:37:48Z,2025-04,43.828,0.072,water-level-altimetry,DAHITI,3
17687,"Nile, River",27.3788,30.9358,2025-05-05T11:36:19Z,2025-05,44.301,0.026,water-level-altimetry,DAHITI,3
17687,"Nile, River",27.3788,30.9358,2025-05-15T09:34:51Z,2025-05,44.002,0.027,water-level-altimetry,DAHITI,3
17687,"Nile, River",27.3788,30.9358,2025-05-25T07:33:22Z,2025-05,44.345,0.005,water-level-altimetry,DAHITI,3
17687,"Nile, River",27.3788,30.9358,2025-06-04T05:31:54Z,2025-06,44.523,0.027,water-level-altimetry,DAHITI,3
17687,"Nile, River",27.3788,30.9358,2025-06-14T03:30:24Z,2025-06,44.541,0.009,water-level-altimetry,DAHITI,3
17687,"Nile, River",27.3788,30.9358,2025-06-24T01:28:56Z,2025-06,44.621,0.148,water-level-altimetry,DAHITI,3
17687,"Nile, River",27.3788,30.9358,2025-07-03T23:27:28Z,2025-07,44.389,0.037,water-level-altimetry,DAHITI,3
17687,"Nile, River",27.3788,30.9358,2025-07-13T21:26:00Z,2025-07,44.563,0.092,water-level-altimetry,DAHITI,3
17687,"Nile, River",27.3788,30.9358,2025-07-23T19:24:32Z,2025-07,44.678,0.0,water-level-altimetry,DAHITI,3
17687,"Nile, River",27.3788,30.9358,2025-08-02T17:23:04Z,2025-08,44.448,0.048,water-level-altimetry,DAHITI,3
17687,"Nile, River",27.3788,30.9358,2025-08-12T15:21:35Z,2025-08,44.312,0.035,water-level-altimetry,DAHITI,3
17687,"Nile, River",27.3788,30.9358,2025-08-22T13:20:07Z,2025-08,44.212,0.007,water-level-altimetry,DAHITI,3
17687,"Nile, River",27.3788,30.9358,2025-09-01T11:18:38Z,2025-09,44.136,0.101,water-level-altimetry,DAHITI,3
17687,"Nile, River",27.3788,30.9358,2025-09-11T09:17:10Z,2025-09,43.997,0.004,water-level-altimetry,DAHITI,3
17687,"Nile, River",27.3788,30.9358,2025-09-21T07:15:42Z,2025-09,44.224,0.022,water-level-altimetry,DAHITI,3
17687,"Nile, River",27.3788,30.9358,2025-10-01T05:14:13Z,2025-10,44.184,0.005,water-level-altimetry,DAHITI,4
17687,"Nile, River",27.3788,30.9358,2025-10-11T03:12:44Z,2025-10,44.135,0.026,water-level-altimetry,DAHITI,4
17687,"Nile, River",27.3788,30.9358,2025-10-21T01:11:15Z,2025-10,44.176,0.007,water-level-altimetry,DAHITI,4
17687,"Nile, River",27.3788,30.9358,2025-10-30T23:09:48Z,2025-10,44.183,0.095,water-level-altimetry,DAHITI,4
17687,"Nile, River",27.3788,30.9358,2025-11-09T21:08:20Z,2025-11,44.251,0.01,water-level-altimetry,DAHITI,3
17687,"Nile, River",27.3788,30.9358,2025-11-19T19:06:52Z,2025-11,44.074,0.004,water-level-altimetry,DAHITI,3
17687,"Nile, River",27.3788,30.9358,2025-11-29T17:05:24Z,2025-11,43.886,0.12,water-level-altimetry,DAHITI,3
17687,"Nile, River",27.3788,30.9358,2025-12-09T15:03:55Z,2025-12,43.821,0.025,water-level-altimetry,DAHITI,3
17687,"Nile, River",27.3788,30.9358,2025-12-19T13:02:26Z,2025-12,43.476,0.004,water-level-altimetry,DAHITI,3
17687,"Nile, River",27.3788,30.9358,2025-12-29T11:00:57Z,2025-12,43.217,0.001,water-level-altimetry,DAHITI,3
17687,"Nile, River",27.3788,30.9358,2026-01-08T08:59:28Z,2026-01,43.511,0.345,water-level-altimetry,DAHITI,3
17687,"Nile, River",27.3788,30.9358,2026-01-18T06:58:01Z,2026-01,43.877,0.005,water-level-altimetry,DAHITI,3
17687,"Nile, River",27.3788,30.9358,2026-01-28T04:56:33Z,2026-01,43.523,0.016,water-level-altimetry,DAHITI,3
17687,"Nile, River",27.3788,30.9358,2026-02-07T02:55:05Z,2026-02,43.286,0.058,water-level-altimetry,DAHITI,3
17687,"Nile, River",27.3788,30.9358,2026-02-17T00:53:37Z,2026-02,43.637,0.008,water-level-altimetry,DAHITI,3
17687,"Nile, River",27.3788,30.9358,2026-02-26T22:52:09Z,2026-02,43.752,0.015,water-level-altimetry,DAHITI,3
17687,"Nile, River",27.3788,30.9358,2026-03-08T20:50:41Z,2026-03,43.848,0.003,water-level-altimetry,DAHITI,2
17687,"Nile, River",27.3788,30.9358,2026-03-28T16:47:44Z,2026-03,44.2,0.041,water-level-altimetry,DAHITI,2
17687,"Nile, River",27.3788,30.9358,2026-04-07T14:46:15Z,2026-04,44.338,0.06,water-level-altimetry,DAHITI,3
17687,"Nile, River",27.3788,30.9358,2026-04-17T12:44:46Z,2026-04,44.435,0.0,water-level-altimetry,DAHITI,3
17687,"Nile, River",27.3788,30.9358,2026-04-27T10:43:17Z,2026-04,44.585,0.025,water-level-altimetry,DAHITI,3
17687,"Nile, River",27.3788,30.9358,2026-05-17T06:40:19Z,2026-05,44.581,0.15,water-level-altimetry,DAHITI,2
17687,"Nile, River",27.3788,30.9358,2026-05-27T04:38:51Z,2026-05,44.573,0.01,water-level-altimetry,DAHITI,2
17687,"Nile, River",27.3788,30.9358,2026-06-06T02:37:23Z,2026-06,44.674,0.26,water-level-altimetry,DAHITI,3
17687,"Nile, River",27.3788,30.9358,2026-06-16T00:35:54Z,2026-06,44.676,0.03,water-level-altimetry,DAHITI,3
17687,"Nile, River",27.3788,30.9358,2026-06-25T22:34:26Z,2026-06,44.605,0.003,water-level-altimetry,DAHITI,3
17687,"Nile, River",27.3788,30.9358,2026-07-05T20:32:58Z,2026-07,44.654,0.004,water-level-altimetry,DAHITI,1
17694,"Nile, River",25.9108,32.7348,2002-08-06T08:05:50Z,2002-08,70.612,0.002,water-level-altimetry,DAHITI,1
17694,"Nile, River",25.9108,32.7348,2002-10-15T08:05:52Z,2002-10,68.386,0.052,water-level-altimetry,DAHITI,1
17694,"Nile, River",25.9108,32.7348,2002-12-24T08:05:49Z,2002-12,67.629,0.004,water-level-altimetry,DAHITI,1
17694,"Nile, River",25.9108,32.7348,2003-03-04T08:05:48Z,2003-03,68.441,0.067,water-level-altimetry,DAHITI,1
17694,"Nile, River",25.9108,32.7348,2003-05-13T08:05:49Z,2003-05,69.334,0.001,water-level-altimetry,DAHITI,1
17694,"Nile, River",25.9108,32.7348,2003-06-17T08:05:54Z,2003-06,70.573,0.034,water-level-altimetry,DAHITI,1
17694,"Nile, River",25.9108,32.7348,2003-07-22T08:05:59Z,2003-07,70.75,0.089,water-level-altimetry,DAHITI,1
17694,"Nile, River",25.9108,32.7348,2003-08-26T08:06:02Z,2003-08,69.711,0.016,water-level-altimetry,DAHITI,1
17694,"Nile, River",25.9108,32.7348,2003-11-04T08:05:55Z,2003-11,68.734,0.012,water-level-altimetry,DAHITI,1
17694,"Nile, River",25.9108,32.7348,2004-02-17T08:05:56Z,2004-02,68.631,0.01,water-level-altimetry,DAHITI,1
17694,"Nile, River",25.9108,32.7348,2004-04-27T08:05:56Z,2004-04,70.261,0.017,water-level-altimetry,DAHITI,1
17694,"Nile, River",25.9108,32.7348,2004-07-06T08:06:00Z,2004-07,70.491,0.001,water-level-altimetry,DAHITI,1
17694,"Nile, River",25.9108,32.7348,2004-08-10T08:06:00Z,2004-08,70.604,0.02,water-level-altimetry,DAHITI,1
17694,"Nile, River",25.9108,32.7348,2004-11-23T08:05:59Z,2004-11,68.411,0.03,water-level-altimetry,DAHITI,1
17694,"Nile, River",25.9108,32.7348,2004-12-28T08:05:54Z,2004-12,67.718,0.016,water-level-altimetry,DAHITI,1
17694,"Nile, River",25.9108,32.7348,2005-02-01T08:05:57Z,2005-02,68.055,0.011,water-level-altimetry,DAHITI,1
17694,"Nile, River",25.9108,32.7348,2005-03-08T08:05:56Z,2005-03,68.896,0.041,water-level-altimetry,DAHITI,1
17694,"Nile, River",25.9108,32.7348,2005-10-04T08:05:59Z,2005-10,68.617,0.074,water-level-altimetry,DAHITI,1
17694,"Nile, River",25.9108,32.7348,2005-12-13T08:05:54Z,2005-12,67.758,0.0,water-level-altimetry,DAHITI,1
17694,"Nile, River",25.9108,32.7348,2006-01-17T08:05:47Z,2006-01,67.626,0.077,water-level-altimetry,DAHITI,1
17694,"Nile, River",25.9108,32.7348,2006-02-21T08:05:49Z,2006-02,68.76,0.015,water-level-altimetry,DAHITI,1
17694,"Nile, River",25.9108,32.7348,2006-03-28T08:05:45Z,2006-03,69.055,0.008,water-level-altimetry,DAHITI,1
17694,"Nile, River",25.9108,32.7348,2006-06-06T08:05:54Z,2006-06,70.706,0.021,water-level-altimetry,DAHITI,1
17694,"Nile, River",25.9108,32.7348,2006-09-19T08:05:53Z,2006-09,68.74,0.047,water-level-altimetry,DAHITI,1
17694,"Nile, River",25.9108,32.7348,2006-10-24T08:05:58Z,2006-10,69.148,0.034,water-level-altimetry,DAHITI,1
17694,"Nile, River",25.9108,32.7348,2007-02-06T08:05:51Z,2007-02,68.28,0.007,water-level-altimetry,DAHITI,1
17694,"Nile, River",25.9108,32.7348,2007-04-17T08:05:52Z,2007-04,69.259,0.015,water-level-altimetry,DAHITI,1
17694,"Nile, River",25.9108,32.7348,2007-05-22T08:05:54Z,2007-05,70.266,0.122,water-level-altimetry,DAHITI,1
17694,"Nile, River",25.9108,32.7348,2007-06-26T08:05:56Z,2007-06,70.75,0.014,water-level-altimetry,DAHITI,1
17694,"Nile, River",25.9108,32.7348,2007-07-31T08:05:56Z,2007-07,70.926,0.007,water-level-altimetry,DAHITI,1
17694,"Nile, River",25.9108,32.7348,2007-10-09T08:05:50Z,2007-10,70.385,0.058,water-level-altimetry,DAHITI,1
17694,"Nile, River",25.9108,32.7348,2007-12-18T08:05:48Z,2007-12,68.305,0.05,water-level-altimetry,DAHITI,1
17694,"Nile, River",25.9108,32.7348,2008-01-22T08:05:49Z,2008-01,68.181,0.056,water-level-altimetry,DAHITI,1
17694,"Nile, River",25.9108,32.7348,2008-02-26T08:05:49Z,2008-02,69.093,0.007,water-level-altimetry,DAHITI,1
17694,"Nile, River",25.9108,32.7348,2008-05-06T08:05:48Z,2008-05,69.853,0.005,water-level-altimetry,DAHITI,1
17694,"Nile, River",25.9108,32.7348,2008-06-10T08:05:50Z,2008-06,70.868,0.038,water-level-altimetry,DAHITI,1
17694,"Nile, River",25.9108,32.7348,2008-08-19T08:05:48Z,2008-08,70.658,0.002,water-level-altimetry,DAHITI,1
17694,"Nile, River",25.9108,32.7348,2008-09-23T08:05:47Z,2008-09,69.632,0.001,water-level-altimetry,DAHITI,1
17694,"Nile, River",25.9108,32.7348,2008-10-28T08:05:47Z,2008-10,69.041,0.082,water-level-altimetry,DAHITI,1
17694,"Nile, River",25.9108,32.7348,2008-12-02T08:05:46Z,2008-12,68.554,0.036,water-level-altimetry,DAHITI,1
17694,"Nile, River",25.9108,32.7348,2009-01-06T08:05:46Z,2009-01,68.278,0.034,water-level-altimetry,DAHITI,1
17694,"Nile, River",25.9108,32.7348,2009-02-10T08:05:46Z,2009-02,68.607,0.002,water-level-altimetry,DAHITI,1
17694,"Nile, River",25.9108,32.7348,2009-04-21T08:05:45Z,2009-04,69.767,0.046,water-level-altimetry,DAHITI,1
17694,"Nile, River",25.9108,32.7348,2009-06-30T08:05:49Z,2009-06,70.792,0.079,water-level-altimetry,DAHITI,1
17694,"Nile, River",25.9108,32.7348,2009-08-04T08:05:48Z,2009-08,70.527,0.01,water-level-altimetry,DAHITI,1
17694,"Nile, River",25.9108,32.7348,2009-10-13T08:05:42Z,2009-10,68.953,0.003,water-level-altimetry,DAHITI,1
17694,"Nile, River",25.9108,32.7348,2009-12-22T08:05:41Z,2009-12,68.016,0.193,water-level-altimetry,DAHITI,1
17694,"Nile, River",25.9108,32.7348,2010-01-26T08:05:42Z,2010-01,68.451,0.121,water-level-altimetry,DAHITI,1
17694,"Nile, River",25.9108,32.7348,2010-03-02T08:05:41Z,2010-03,69.017,0.007,water-level-altimetry,DAHITI,1
17694,"Nile, River",25.9108,32.7348,2010-07-20T08:05:39Z,2010-07,70.468,0.033,water-level-altimetry,DAHITI,1
17694,"Nile, River",25.9108,32.7348,2010-08-24T08:05:40Z,2010-08,70.253,0.034,water-level-altimetry,DAHITI,1
17695,"Nile, River",25.7789,32.7056,2002-10-15T08:05:54Z,2002-10,69.385,0.043,water-level-altimetry,DAHITI,1
17695,"Nile, River",25.7789,32.7056,2002-12-24T08:05:51Z,2002-12,68.816,0.148,water-level-altimetry,DAHITI,1
17695,"Nile, River",25.7789,32.7056,2003-01-28T08:05:52Z,2003-01,69.123,0.048,water-level-altimetry,DAHITI,1
17695,"Nile, River",25.7789,32.7056,2003-05-13T08:05:51Z,2003-05,70.794,0.119,water-level-altimetry,DAHITI,1
17695,"Nile, River",25.7789,32.7056,2003-06-17T08:05:56Z,2003-06,71.765,0.017,water-level-altimetry,DAHITI,1
17695,"Nile, River",25.7789,32.7056,2003-08-26T08:06:04Z,2003-08,71.139,0.044,water-level-altimetry,DAHITI,1
17695,"Nile, River",25.7789,32.7056,2003-11-04T08:05:57Z,2003-11,69.784,0.046,water-level-altimetry,DAHITI,1
17695,"Nile, River",25.7789,32.7056,2004-01-13T08:05:59Z,2004-01,68.742,0.026,water-level-altimetry,DAHITI,1
17695,"Nile, River",25.7789,32.7056,2004-02-17T08:05:58Z,2004-02,69.675,0.033,water-level-altimetry,DAHITI,1
17695,"Nile, River",25.7789,32.7056,2004-03-23T08:06:01Z,2004-03,70.501,0.188,water-level-altimetry,DAHITI,1
17695,"Nile, River",25.7789,32.7056,2004-04-27T08:05:58Z,2004-04,71.551,0.076,water-level-altimetry,DAHITI,1
17695,"Nile, River",25.7789,32.7056,2004-06-01T08:06:03Z,2004-06,71.976,0.083,water-level-altimetry,DAHITI,1
17695,"Nile, River",25.7789,32.7056,2004-07-06T08:06:02Z,2004-07,71.784,0.011,water-level-altimetry,DAHITI,1
17695,"Nile, River",25.7789,32.7056,2004-08-10T08:06:02Z,2004-08,71.856,0.01,water-level-altimetry,DAHITI,1
17695,"Nile, River",25.7789,32.7056,2004-09-14T08:06:00Z,2004-09,70.065,0.076,water-level-altimetry,DAHITI,1
17695,"Nile, River",25.7789,32.7056,2004-10-19T08:06:03Z,2004-10,69.809,0.129,water-level-altimetry,DAHITI,1
17695,"Nile, River",25.7789,32.7056,2004-12-28T08:05:56Z,2004-12,68.866,0.016,water-level-altimetry,DAHITI,1
17695,"Nile, River",25.7789,32.7056,2005-02-01T08:05:59Z,2005-02,69.256,0.082,water-level-altimetry,DAHITI,1
17695,"Nile, River",25.7789,32.7056,2005-03-08T08:05:58Z,2005-03,70.024,0.025,water-level-altimetry,DAHITI,1
17695,"Nile, River",25.7789,32.7056,2005-04-12T08:06:02Z,2005-04,70.515,0.087,water-level-altimetry,DAHITI,1
17695,"Nile, River",25.7789,32.7056,2005-05-17T08:06:05Z,2005-05,71.136,0.045,water-level-altimetry,DAHITI,1
17695,"Nile, River",25.7789,32.7056,2005-06-21T08:06:05Z,2005-06,72.114,0.059,water-level-altimetry,DAHITI,1
17695,"Nile, River",25.7789,32.7056,2005-07-26T08:06:04Z,2005-07,72.072,0.036,water-level-altimetry,DAHITI,1
17695,"Nile, River",25.7789,32.7056,2005-08-30T08:06:00Z,2005-08,71.41,0.001,water-level-altimetry,DAHITI,1
17695,"Nile, River",25.7789,32.7056,2005-11-08T08:06:02Z,2005-11,70.063,0.019,water-level-altimetry,DAHITI,1
17695,"Nile, River",25.7789,32.7056,2005-12-13T08:05:56Z,2005-12,68.857,0.053,water-level-altimetry,DAHITI,1
17695,"Nile, River",25.7789,32.7056,2006-02-21T08:05:51Z,2006-02,69.949,0.223,water-level-altimetry,DAHITI,1
17695,"Nile, River",25.7789,32.7056,2006-06-06T08:05:56Z,2006-06,72.122,0.138,water-level-altimetry,DAHITI,1
17695,"Nile, River",25.7789,32.7056,2006-07-11T08:06:02Z,2006-07,72.21,0.008,water-level-altimetry,DAHITI,1
17695,"Nile, River",25.7789,32.7056,2006-08-15T08:06:00Z,2006-08,71.548,0.101,water-level-altimetry,DAHITI,1
17695,"Nile, River",25.7789,32.7056,2006-09-19T08:05:55Z,2006-09,69.613,0.02,water-level-altimetry,DAHITI,1
17695,"Nile, River",25.7789,32.7056,2006-10-24T08:06:00Z,2006-10,70.24,0.02,water-level-altimetry,DAHITI,1
17695,"Nile, River",25.7789,32.7056,2007-01-02T08:05:56Z,2007-01,69.03,0.054,water-level-altimetry,DAHITI,1
17695,"Nile, River",25.7789,32.7056,2007-02-06T08:05:53Z,2007-02,69.427,0.059,water-level-altimetry,DAHITI,1
17695,"Nile, River",25.7789,32.7056,2007-03-13T08:05:54Z,2007-03,70.292,0.008,water-level-altimetry,DAHITI,1
17695,"Nile, River",25.7789,32.7056,2007-04-17T08:05:54Z,2007-04,70.399,0.062,water-level-altimetry,DAHITI,1
17695,"Nile, River",25.7789,32.7056,2007-05-22T08:05:56Z,2007-05,71.519,0.027,water-level-altimetry,DAHITI,1
17695,"Nile, River",25.7789,32.7056,2007-06-26T08:05:58Z,2007-06,71.933,0.056,water-level-altimetry,DAHITI,1
17695,"Nile, River",25.7789,32.7056,2007-07-31T08:05:58Z,2007-07,72.221,0.012,water-level-altimetry,DAHITI,1
17695,"Nile, River",25.7789,32.7056,2007-09-04T08:05:55Z,2007-09,71.559,0.019,water-level-altimetry,DAHITI,1
17695,"Nile, River",25.7789,32.7056,2007-10-09T08:05:52Z,2007-10,71.574,0.002,water-level-altimetry,DAHITI,1
17695,"Nile, River",25.7789,32.7056,2007-11-13T08:05:51Z,2007-11,71.176,0.353,water-level-altimetry,DAHITI,1
17695,"Nile, River",25.7789,32.7056,2008-01-22T08:05:51Z,2008-01,69.079,0.057,water-level-altimetry,DAHITI,1
17695,"Nile, River",25.7789,32.7056,2008-02-26T08:05:51Z,2008-02,70.193,0.036,water-level-altimetry,DAHITI,1
17695,"Nile, River",25.7789,32.7056,2008-05-06T08:05:50Z,2008-05,71.152,0.06,water-level-altimetry,DAHITI,1
17695,"Nile, River",25.7789,32.7056,2008-06-10T08:05:52Z,2008-06,72.261,0.032,water-level-altimetry,DAHITI,1
17695,"Nile, River",25.7789,32.7056,2008-07-15T08:05:52Z,2008-07,72.299,0.066,water-level-altimetry,DAHITI,1
17695,"Nile, River",25.7789,32.7056,2008-08-19T08:05:50Z,2008-08,71.884,0.01,water-level-altimetry,DAHITI,1
17695,"Nile, River",25.7789,32.7056,2008-09-23T08:05:49Z,2008-09,70.617,0.06,water-level-altimetry,DAHITI,1
17695,"Nile, River",25.7789,32.7056,2008-10-28T08:05:48Z,2008-10,70.09,0.107,water-level-altimetry,DAHITI,1
17695,"Nile, River",25.7789,32.7056,2008-12-02T08:05:48Z,2008-12,69.692,0.299,water-level-altimetry,DAHITI,1
17695,"Nile, River",25.7789,32.7056,2009-01-06T08:05:48Z,2009-01,69.237,0.011,water-level-altimetry,DAHITI,1
17695,"Nile, River",25.7789,32.7056,2009-02-10T08:05:48Z,2009-02,69.737,0.091,water-level-altimetry,DAHITI,1
17695,"Nile, River",25.7789,32.7056,2009-03-17T08:05:49Z,2009-03,70.534,0.073,water-level-altimetry,DAHITI,1
17695,"Nile, River",25.7789,32.7056,2009-04-21T08:05:47Z,2009-04,70.896,0.078,water-level-altimetry,DAHITI,1
17695,"Nile, River",25.7789,32.7056,2009-05-26T08:05:50Z,2009-05,71.674,0.037,water-level-altimetry,DAHITI,1
17695,"Nile, River",25.7789,32.7056,2009-06-30T08:05:51Z,2009-06,72.08,0.046,water-level-altimetry,DAHITI,1
17695,"Nile, River",25.7789,32.7056,2009-08-04T08:05:50Z,2009-08,71.733,0.044,water-level-altimetry,DAHITI,1
17695,"Nile, River",25.7789,32.7056,2009-09-08T08:05:47Z,2009-09,70.749,0.191,water-level-altimetry,DAHITI,1
17695,"Nile, River",25.7789,32.7056,2009-10-13T08:05:44Z,2009-10,70.138,0.079,water-level-altimetry,DAHITI,1
17695,"Nile, River",25.7789,32.7056,2009-11-17T08:05:44Z,2009-11,69.607,0.063,water-level-altimetry,DAHITI,1
17695,"Nile, River",25.7789,32.7056,2009-12-22T08:05:43Z,2009-12,68.839,0.007,water-level-altimetry,DAHITI,1
17695,"Nile, River",25.7789,32.7056,2010-01-26T08:05:44Z,2010-01,69.465,0.001,water-level-altimetry,DAHITI,1
17695,"Nile, River",25.7789,32.7056,2010-03-02T08:05:42Z,2010-03,69.847,0.065,water-level-altimetry,DAHITI,1
17695,"Nile, River",25.7789,32.7056,2010-05-11T08:05:41Z,2010-05,70.663,0.012,water-level-altimetry,DAHITI,1
17695,"Nile, River",25.7789,32.7056,2010-06-15T08:05:41Z,2010-06,71.715,0.012,water-level-altimetry,DAHITI,1
17695,"Nile, River",25.7789,32.7056,2010-07-20T08:05:41Z,2010-07,71.667,0.016,water-level-altimetry,DAHITI,1
17695,"Nile, River",25.7789,32.7056,2010-08-24T08:05:42Z,2010-08,71.346,0.078,water-level-altimetry,DAHITI,1
17699,"Toshka (East), Lake",23.105,31.2534,2019-12-06T08:09:58Z,2019-12,153.068,0.004,water-level-altimetry,DAHITI,2
17699,"Toshka (East), Lake",23.105,31.2534,2019-12-23T19:39:52Z,2019-12,155.128,0.002,water-level-altimetry,DAHITI,2
17699,"Toshka (East), Lake",23.105,31.2534,2020-01-02T08:10:01Z,2020-01,155.46,0.003,water-level-altimetry,DAHITI,3
17699,"Toshka (East), Lake",23.105,31.2534,2020-01-19T19:39:50Z,2020-01,155.081,0.008,water-level-altimetry,DAHITI,3
17699,"Toshka (East), Lake",23.105,31.2534,2020-01-29T08:10:02Z,2020-01,154.492,0.001,water-level-altimetry,DAHITI,3
17699,"Toshka (East), Lake",23.105,31.2534,2020-02-15T19:39:50Z,2020-02,153.622,0.02,water-level-altimetry,DAHITI,2
17699,"Toshka (East), Lake",23.105,31.2534,2020-02-25T08:10:02Z,2020-02,153.194,0.0,water-level-altimetry,DAHITI,2
17699,"Toshka (East), Lake",23.105,31.2534,2020-03-13T19:39:53Z,2020-03,152.924,0.001,water-level-altimetry,DAHITI,2
17699,"Toshka (East), Lake",23.105,31.2534,2020-03-23T08:10:03Z,2020-03,152.716,0.0,water-level-altimetry,DAHITI,2
17699,"Toshka (East), Lake",23.105,31.2534,2020-04-09T19:39:53Z,2020-04,152.502,0.005,water-level-altimetry,DAHITI,2
17699,"Toshka (East), Lake",23.105,31.2534,2020-04-19T08:10:08Z,2020-04,152.316,0.004,water-level-altimetry,DAHITI,2
17699,"Toshka (East), Lake",23.105,31.2534,2020-05-06T19:39:58Z,2020-05,152.139,0.01,water-level-altimetry,DAHITI,1
17699,"Toshka (East), Lake",23.105,31.2534,2020-06-02T19:40:00Z,2020-06,152.757,0.022,water-level-altimetry,DAHITI,3
17699,"Toshka (East), Lake",23.105,31.2534,2020-06-12T08:10:08Z,2020-06,152.945,0.005,water-level-altimetry,DAHITI,3
17699,"Toshka (East), Lake",23.105,31.2534,2020-06-29T19:40:03Z,2020-06,153.278,0.004,water-level-altimetry,DAHITI,3
17699,"Toshka (East), Lake",23.105,31.2534,2020-07-09T08:10:08Z,2020-07,153.186,0.0,water-level-altimetry,DAHITI,1
17699,"Toshka (East), Lake",23.105,31.2534,2020-08-05T08:10:07Z,2020-08,152.82,0.005,water-level-altimetry,DAHITI,2
17699,"Toshka (East), Lake",23.105,31.2534,2020-08-22T19:40:04Z,2020-08,152.514,0.007,water-level-altimetry,DAHITI,2
17699,"Toshka (East), Lake",23.105,31.2534,2020-09-01T08:10:04Z,2020-09,152.265,0.021,water-level-altimetry,DAHITI,2
17699,"Toshka (East), Lake",23.105,31.2534,2020-09-18T19:40:01Z,2020-09,154.808,0.005,water-level-altimetry,DAHITI,2
17699,"Toshka (East), Lake",23.105,31.2534,2020-10-15T19:40:00Z,2020-10,157.945,0.005,water-level-altimetry,DAHITI,2
17699,"Toshka (East), Lake",23.105,31.2534,2020-10-25T08:10:07Z,2020-10,157.874,0.007,water-level-altimetry,DAHITI,2
17699,"Toshka (East), Lake",23.105,31.2534,2020-11-11T19:40:05Z,2020-11,157.732,0.0,water-level-altimetry,DAHITI,1
17699,"Toshka (East), Lake",23.105,31.2534,2020-12-08T19:40:04Z,2020-12,156.32,0.019,water-level-altimetry,DAHITI,2
17699,"Toshka (East), Lake",23.105,31.2534,2020-12-18T08:10:01Z,2020-12,155.868,0.013,water-level-altimetry,DAHITI,2
17699,"Toshka (East), Lake",23.105,31.2534,2021-01-04T19:40:04Z,2021-01,154.768,0.001,water-level-altimetry,DAHITI,3
17699,"Toshka (East), Lake",23.105,31.2534,2021-01-14T08:10:07Z,2021-01,154.31,0.005,water-level-altimetry,DAHITI,3
17699,"Toshka (East), Lake",23.105,31.2534,2021-01-31T19:40:00Z,2021-01,153.699,0.003,water-level-altimetry,DAHITI,3
17699,"Toshka (East), Lake",23.105,31.2534,2021-02-10T08:10:09Z,2021-02,153.407,0.005,water-level-altimetry,DAHITI,2
17699,"Toshka (East), Lake",23.105,31.2534,2021-02-27T19:40:03Z,2021-02,153.219,0.007,water-level-altimetry,DAHITI,2
17699,"Toshka (East), Lake",23.105,31.2534,2021-03-26T19:40:03Z,2021-03,152.86,0.009,water-level-altimetry,DAHITI,1
17699,"Toshka (East), Lake",23.105,31.2534,2021-04-05T08:10:09Z,2021-04,152.616,0.002,water-level-altimetry,DAHITI,2
17699,"Toshka (East), Lake",23.105,31.2534,2021-04-22T19:40:03Z,2021-04,152.671,0.019,water-level-altimetry,DAHITI,2
17699,"Toshka (East), Lake",23.105,31.2534,2021-05-02T08:10:13Z,2021-05,152.507,0.0,water-level-altimetry,DAHITI,3
17699,"Toshka (East), Lake",23.105,31.2534,2021-05-19T19:40:06Z,2021-05,152.426,0.002,water-level-altimetry,DAHITI,3
17699,"Toshka (East), Lake",23.105,31.2534,2021-05-29T08:10:13Z,2021-05,152.341,0.004,water-level-altimetry,DAHITI,3
17699,"Toshka (East), Lake",23.105,31.2534,2021-06-15T19:40:11Z,2021-06,152.146,0.004,water-level-altimetry,DAHITI,1
17699,"Toshka (East), Lake",23.105,31.2534,2021-07-12T19:40:13Z,2021-07,152.005,0.003,water-level-altimetry,DAHITI,2
17699,"Toshka (East), Lake",23.105,31.2534,2021-07-22T08:10:13Z,2021-07,152.337,0.0,water-level-altimetry,DAHITI,2
17699,"Toshka (East), Lake",23.105,31.2534,2021-08-08T19:40:14Z,2021-08,153.28,0.004,water-level-altimetry,DAHITI,2
17699,"Toshka (East), Lake",23.105,31.2534,2021-08-18T08:10:10Z,2021-08,154.164,0.002,water-level-altimetry,DAHITI,2
17699,"Toshka (East), Lake",23.105,31.2534,2021-09-04T19:40:14Z,2021-09,155.977,0.004,water-level-altimetry,DAHITI,2
17699,"Toshka (East), Lake",23.105,31.2534,2021-09-14T08:10:09Z,2021-09,156.338,0.002,water-level-altimetry,DAHITI,2
17699,"Toshka (East), Lake",23.105,31.2534,2021-10-01T19:40:10Z,2021-10,157.337,0.008,water-level-altimetry,DAHITI,3
17699,"Toshka (East), Lake",23.105,31.2534,2021-10-11T08:10:12Z,2021-10,157.623,0.002,water-level-altimetry,DAHITI,3
17699,"Toshka (East), Lake",23.105,31.2534,2021-10-28T19:40:09Z,2021-10,157.898,0.005,water-level-altimetry,DAHITI,3
17699,"Toshka (East), Lake",23.105,31.2534,2021-11-07T08:10:10Z,2021-11,157.951,0.001,water-level-altimetry,DAHITI,2
17699,"Toshka (East), Lake",23.105,31.2534,2021-11-24T19:40:10Z,2021-11,157.255,0.013,water-level-altimetry,DAHITI,2
17699,"Toshka (East), Lake",23.105,31.2534,2021-12-04T08:10:09Z,2021-12,156.503,0.008,water-level-altimetry,DAHITI,2
17699,"Toshka (East), Lake",23.105,31.2534,2021-12-21T19:40:11Z,2021-12,155.264,0.013,water-level-altimetry,DAHITI,2
17699,"Toshka (East), Lake",23.105,31.2534,2022-01-17T19:40:08Z,2022-01,153.735,0.005,water-level-altimetry,DAHITI,2
17699,"Toshka (East), Lake",23.105,31.2534,2022-01-27T08:10:15Z,2022-01,153.367,0.001,water-level-altimetry,DAHITI,2
17699,"Toshka (East), Lake",23.105,31.2534,2022-02-13T19:40:08Z,2022-02,153.033,0.001,water-level-altimetry,DAHITI,2
17699,"Toshka (East), Lake",23.105,31.2534,2022-02-23T08:10:12Z,2022-02,152.787,0.0,water-level-altimetry,DAHITI,2
17699,"Toshka (East), Lake",23.105,31.2534,2022-03-12T19:40:09Z,2022-03,152.778,0.011,water-level-altimetry,DAHITI,2
17699,"Toshka (East), Lake",23.105,31.2534,2022-03-22T08:10:13Z,2022-03,152.595,0.009,water-level-altimetry,DAHITI,2
17699,"Toshka (East), Lake",23.105,31.2534,2022-04-08T19:40:09Z,2022-04,152.44,0.002,water-level-altimetry,DAHITI,2
17699,"Toshka (East), Lake",23.105,31.2534,2022-04-18T08:10:15Z,2022-04,152.363,0.0,water-level-altimetry,DAHITI,2
17699,"Toshka (East), Lake",23.105,31.2534,2022-05-05T19:40:15Z,2022-05,152.301,0.017,water-level-altimetry,DAHITI,1
17699,"Toshka (East), Lake",23.105,31.2534,2022-06-01T19:40:19Z,2022-06,152.192,0.005,water-level-altimetry,DAHITI,2
17699,"Toshka (East), Lake",23.105,31.2534,2022-06-28T19:40:20Z,2022-06,152.341,0.013,water-level-altimetry,DAHITI,2
17699,"Toshka (East), Lake",23.105,31.2534,2022-07-08T08:10:13Z,2022-07,152.973,0.003,water-level-altimetry,DAHITI,2
17699,"Toshka (East), Lake",23.105,31.2534,2022-07-25T19:40:24Z,2022-07,154.273,0.006,water-level-altimetry,DAHITI,2
17699,"Toshka (East), Lake",23.105,31.2534,2022-08-04T08:10:10Z,2022-08,154.316,0.006,water-level-altimetry,DAHITI,3
17699,"Toshka (East), Lake",23.105,31.2534,2022-08-21T19:40:23Z,2022-08,154.511,0.007,water-level-altimetry,DAHITI,3
17699,"Toshka (East), Lake",23.105,31.2534,2022-08-31T08:10:08Z,2022-08,154.892,0.002,water-level-altimetry,DAHITI,3
17699,"Toshka (East), Lake",23.105,31.2534,2022-09-17T19:40:21Z,2022-09,156.11,0.003,water-level-altimetry,DAHITI,2
17699,"Toshka (East), Lake",23.105,31.2534,2022-09-27T08:10:10Z,2022-09,156.578,0.004,water-level-altimetry,DAHITI,2
17699,"Toshka (East), Lake",23.105,31.2534,2022-10-24T08:10:09Z,2022-10,157.608,0.005,water-level-altimetry,DAHITI,1
17699,"Toshka (East), Lake",23.105,31.2534,2022-11-10T19:40:24Z,2022-11,158.004,0.005,water-level-altimetry,DAHITI,2
17699,"Toshka (East), Lake",23.105,31.2534,2022-11-20T08:10:06Z,2022-11,158.058,0.008,water-level-altimetry,DAHITI,2
17699,"Toshka (East), Lake",23.105,31.2534,2022-12-07T19:40:24Z,2022-12,158.523,0.002,water-level-altimetry,DAHITI,2
17699,"Toshka (East), Lake",23.105,31.2534,2022-12-17T08:10:06Z,2022-12,158.6,0.002,water-level-altimetry,DAHITI,2
17699,"Toshka (East), Lake",23.105,31.2534,2023-01-03T19:40:21Z,2023-01,159.045,0.009,water-level-altimetry,DAHITI,3
17699,"Toshka (East), Lake",23.105,31.2534,2023-01-13T08:10:08Z,2023-01,159.201,0.002,water-level-altimetry,DAHITI,3
17699,"Toshka (East), Lake",23.105,31.2534,2023-01-30T19:40:20Z,2023-01,159.59,0.009,water-level-altimetry,DAHITI,3
17699,"Toshka (East), Lake",23.105,31.2534,2023-02-09T08:10:09Z,2023-02,159.511,0.004,water-level-altimetry,DAHITI,2
17699,"Toshka (East), Lake",23.105,31.2534,2023-02-26T19:40:23Z,2023-02,159.401,0.005,water-level-altimetry,DAHITI,2
17699,"Toshka (East), Lake",23.105,31.2534,2023-03-08T08:10:08Z,2023-03,159.422,0.007,water-level-altimetry,DAHITI,2
17699,"Toshka (East), Lake",23.105,31.2534,2023-03-25T19:40:21Z,2023-03,159.402,0.007,water-level-altimetry,DAHITI,2
17699,"Toshka (East), Lake",23.105,31.2534,2023-04-04T08:10:12Z,2023-04,159.145,0.001,water-level-altimetry,DAHITI,2
17699,"Toshka (East), Lake",23.105,31.2534,2023-04-21T19:40:23Z,2023-04,159.211,0.004,water-level-altimetry,DAHITI,2
17699,"Toshka (East), Lake",23.105,31.2534,2023-05-01T08:10:13Z,2023-05,159.049,0.001,water-level-altimetry,DAHITI,3
17699,"Toshka (East), Lake",23.105,31.2534,2023-05-18T19:40:27Z,2023-05,159.293,0.02,water-level-altimetry,DAHITI,3
17699,"Toshka (East), Lake",23.105,31.2534,2023-05-28T08:10:12Z,2023-05,159.389,0.001,water-level-altimetry,DAHITI,3
17699,"Toshka (East), Lake",23.105,31.2534,2023-06-14T19:40:30Z,2023-06,159.531,0.014,water-level-altimetry,DAHITI,2
17699,"Toshka (East), Lake",23.105,31.2534,2023-06-24T08:10:09Z,2023-06,159.2,0.004,water-level-altimetry,DAHITI,2
17699,"Toshka (East), Lake",23.105,31.2534,2023-07-11T19:40:32Z,2023-07,159.296,0.001,water-level-altimetry,DAHITI,2
17699,"Toshka (East), Lake",23.105,31.2534,2023-07-21T08:10:06Z,2023-07,159.004,0.001,water-level-altimetry,DAHITI,2
17699,"Toshka (East), Lake",23.105,31.2534,2023-08-07T19:40:32Z,2023-08,158.98,0.001,water-level-altimetry,DAHITI,2
17699,"Toshka (East), Lake",23.105,31.2534,2023-08-17T08:10:01Z,2023-08,158.98,0.005,water-level-altimetry,DAHITI,2
17699,"Toshka (East), Lake",23.105,31.2534,2023-09-03T19:40:31Z,2023-09,158.862,0.004,water-level-altimetry,DAHITI,3
17699,"Toshka (East), Lake",23.105,31.2534,2023-09-13T08:10:06Z,2023-09,158.69,0.001,water-level-altimetry,DAHITI,3
17699,"Toshka (East), Lake",23.105,31.2534,2023-09-30T19:40:29Z,2023-09,158.388,0.002,water-level-altimetry,DAHITI,3
17699,"Toshka (East), Lake",23.105,31.2534,2023-10-10T08:10:06Z,2023-10,158.407,0.007,water-level-altimetry,DAHITI,2
17699,"Toshka (East), Lake",23.105,31.2534,2023-10-27T19:40:34Z,2023-10,158.171,0.004,water-level-altimetry,DAHITI,2
17699,"Toshka (East), Lake",23.105,31.2534,2023-11-06T08:10:04Z,2023-11,158.133,0.007,water-level-altimetry,DAHITI,2
17699,"Toshka (East), Lake",23.105,31.2534,2023-11-23T19:40:35Z,2023-11,158.074,0.011,water-level-altimetry,DAHITI,2
17699,"Toshka (East), Lake",23.105,31.2534,2023-12-03T08:10:03Z,2023-12,157.959,0.005,water-level-altimetry,DAHITI,3
17699,"Toshka (East), Lake",23.105,31.2534,2023-12-20T19:40:33Z,2023-12,158.102,0.01,water-level-altimetry,DAHITI,3
17699,"Toshka (East), Lake",23.105,31.2534,2023-12-30T08:10:07Z,2023-12,158.329,0.008,water-level-altimetry,DAHITI,3
17699,"Toshka (East), Lake",23.105,31.2534,2024-01-16T19:40:27Z,2024-01,158.321,0.008,water-level-altimetry,DAHITI,1
17699,"Toshka (East), Lake",23.105,31.2534,2024-02-12T19:40:33Z,2024-02,157.836,0.001,water-level-altimetry,DAHITI,2
17699,"Toshka (East), Lake",23.105,31.2534,2024-02-22T08:10:08Z,2024-02,158.046,0.0,water-level-altimetry,DAHITI,2
17699,"Toshka (East), Lake",23.105,31.2534,2024-03-20T08:10:08Z,2024-03,157.903,0.005,water-level-altimetry,DAHITI,1
17699,"Toshka (East), Lake",23.105,31.2534,2024-04-06T19:40:33Z,2024-04,157.93,0.015,water-level-altimetry,DAHITI,2
17699,"Toshka (East), Lake",23.105,31.2534,2024-04-16T08:10:13Z,2024-04,157.647,0.001,water-level-altimetry,DAHITI,2
17699,"Toshka (East), Lake",23.105,31.2534,2024-05-03T19:40:39Z,2024-05,157.752,0.003,water-level-altimetry,DAHITI,3
17699,"Toshka (East), Lake",23.105,31.2534,2024-05-13T08:10:13Z,2024-05,157.683,0.003,water-level-altimetry,DAHITI,3
17699,"Toshka (East), Lake",23.105,31.2534,2024-05-30T19:40:42Z,2024-05,157.539,0.001,water-level-altimetry,DAHITI,3
17699,"Toshka (East), Lake",23.105,31.2534,2024-06-09T08:10:14Z,2024-06,157.387,0.0,water-level-altimetry,DAHITI,2
17699,"Toshka (East), Lake",23.105,31.2534,2024-06-26T19:40:45Z,2024-06,157.34,0.02,water-level-altimetry,DAHITI,2
17699,"Toshka (East), Lake",23.105,31.2534,2024-07-23T19:40:46Z,2024-07,157.196,0.01,water-level-altimetry,DAHITI,1
17699,"Toshka (East), Lake",23.105,31.2534,2024-08-02T08:10:10Z,2024-08,157.017,0.0,water-level-altimetry,DAHITI,3
17699,"Toshka (East), Lake",23.105,31.2534,2024-08-19T19:40:44Z,2024-08,156.837,0.018,water-level-altimetry,DAHITI,3
17699,"Toshka (East), Lake",23.105,31.2534,2024-08-29T08:10:06Z,2024-08,156.814,0.0,water-level-altimetry,DAHITI,3
17699,"Toshka (East), Lake",23.105,31.2534,2024-09-15T19:40:43Z,2024-09,156.685,0.006,water-level-altimetry,DAHITI,2
17699,"Toshka (East), Lake",23.105,31.2534,2024-09-25T08:10:08Z,2024-09,156.483,0.001,water-level-altimetry,DAHITI,2
17699,"Toshka (East), Lake",23.105,31.2534,2024-10-12T19:40:41Z,2024-10,156.751,0.012,water-level-altimetry,DAHITI,1
17699,"Toshka (East), Lake",23.105,31.2534,2024-11-08T19:40:45Z,2024-11,157.17,0.014,water-level-altimetry,DAHITI,2
17699,"Toshka (East), Lake",23.105,31.2534,2024-11-18T08:10:07Z,2024-11,157.55,0.003,water-level-altimetry,DAHITI,2
17699,"Toshka (East), Lake",23.105,31.2534,2024-12-05T19:40:44Z,2024-12,158.065,0.003,water-level-altimetry,DAHITI,2
17699,"Toshka (East), Lake",23.105,31.2534,2024-12-15T08:10:03Z,2024-12,158.372,0.001,water-level-altimetry,DAHITI,2
17699,"Toshka (East), Lake",23.105,31.2534,2025-01-01T19:40:43Z,2025-01,158.902,0.005,water-level-altimetry,DAHITI,3
17699,"Toshka (East), Lake",23.105,31.2534,2025-01-11T08:10:08Z,2025-01,159.165,0.002,water-level-altimetry,DAHITI,3
17699,"Toshka (East), Lake",23.105,31.2534,2025-01-28T19:40:39Z,2025-01,159.946,0.007,water-level-altimetry,DAHITI,3
17699,"Toshka (East), Lake",23.105,31.2534,2025-02-07T08:10:10Z,2025-02,160.324,0.002,water-level-altimetry,DAHITI,2
17699,"Toshka (East), Lake",23.105,31.2534,2025-02-24T19:40:43Z,2025-02,160.867,0.02,water-level-altimetry,DAHITI,2
17699,"Toshka (East), Lake",23.105,31.2534,2025-03-06T08:10:08Z,2025-03,161.001,0.003,water-level-altimetry,DAHITI,2
17699,"Toshka (East), Lake",23.105,31.2534,2025-03-23T19:40:44Z,2025-03,161.334,0.005,water-level-altimetry,DAHITI,2
17699,"Toshka (East), Lake",23.105,31.2534,2025-04-02T08:10:10Z,2025-04,161.361,0.007,water-level-altimetry,DAHITI,3
17699,"Toshka (East), Lake",23.105,31.2534,2025-04-19T19:40:44Z,2025-04,161.482,0.004,water-level-altimetry,DAHITI,3
17699,"Toshka (East), Lake",23.105,31.2534,2025-04-29T08:10:15Z,2025-04,161.399,0.002,water-level-altimetry,DAHITI,3
17699,"Toshka (East), Lake",23.105,31.2534,2025-05-16T19:40:48Z,2025-05,161.544,0.016,water-level-altimetry,DAHITI,1
17699,"Toshka (East), Lake",23.105,31.2534,2025-06-12T19:40:53Z,2025-06,161.544,0.029,water-level-altimetry,DAHITI,2
17699,"Toshka (East), Lake",23.105,31.2534,2025-06-22T08:10:17Z,2025-06,161.401,0.006,water-level-altimetry,DAHITI,2
17699,"Toshka (East), Lake",23.105,31.2534,2025-07-09T19:40:57Z,2025-07,161.395,0.026,water-level-altimetry,DAHITI,2
17699,"Toshka (East), Lake",23.105,31.2534,2025-07-19T08:10:17Z,2025-07,161.276,0.003,water-level-altimetry,DAHITI,2
17699,"Toshka (East), Lake",23.105,31.2534,2025-08-05T19:40:58Z,2025-08,161.231,0.005,water-level-altimetry,DAHITI,1
17699,"Toshka (East), Lake",23.105,31.2534,2025-09-01T19:40:59Z,2025-09,160.863,0.006,water-level-altimetry,DAHITI,3
17699,"Toshka (East), Lake",23.105,31.2534,2025-09-11T08:10:12Z,2025-09,160.896,0.003,water-level-altimetry,DAHITI,3
17699,"Toshka (East), Lake",23.105,31.2534,2025-09-28T19:40:56Z,2025-09,160.712,0.007,water-level-altimetry,DAHITI,3
17699,"Toshka (East), Lake",23.105,31.2534,2025-10-08T08:10:15Z,2025-10,160.614,0.001,water-level-altimetry,DAHITI,2
17699,"Toshka (East), Lake",23.105,31.2534,2025-10-25T19:40:57Z,2025-10,160.352,0.001,water-level-altimetry,DAHITI,2
17699,"Toshka (East), Lake",23.105,31.2534,2025-11-04T08:10:17Z,2025-11,160.35,0.003,water-level-altimetry,DAHITI,2
17699,"Toshka (East), Lake",23.105,31.2534,2025-11-21T19:40:59Z,2025-11,160.261,0.001,water-level-altimetry,DAHITI,2
17699,"Toshka (East), Lake",23.105,31.2534,2025-12-01T08:10:14Z,2025-12,160.975,0.002,water-level-altimetry,DAHITI,3
17699,"Toshka (East), Lake",23.105,31.2534,2025-12-18T19:41:00Z,2025-12,162.007,0.005,water-level-altimetry,DAHITI,3
17699,"Toshka (East), Lake",23.105,31.2534,2025-12-28T08:10:14Z,2025-12,162.348,0.002,water-level-altimetry,DAHITI,3
17699,"Toshka (East), Lake",23.105,31.2534,2026-04-15T08:10:23Z,2026-04,161.626,0.067,water-level-altimetry,DAHITI,1
27216,"Toshka (South), Lake",23.1391,30.7795,2018-09-06T19:41:55Z,2018-09,145.212,0.011,water-level-altimetry,DAHITI,1
27216,"Toshka (South), Lake",23.1391,30.7795,2020-02-28T19:42:00Z,2020-02,137.025,0.003,water-level-altimetry,DAHITI,1
27216,"Toshka (South), Lake",23.1391,30.7795,2020-10-01T19:42:05Z,2020-10,140.008,0.034,water-level-altimetry,DAHITI,2
27216,"Toshka (South), Lake",23.1391,30.7795,2020-10-28T19:42:06Z,2020-10,143.672,0.007,water-level-altimetry,DAHITI,2
27216,"Toshka (South), Lake",23.1391,30.7795,2020-11-24T19:42:02Z,2020-11,143.57,0.036,water-level-altimetry,DAHITI,1
27216,"Toshka (South), Lake",23.1391,30.7795,2020-12-21T19:42:00Z,2020-12,142.576,0.006,water-level-altimetry,DAHITI,1
27216,"Toshka (South), Lake",23.1391,30.7795,2021-01-17T19:42:06Z,2021-01,141.317,0.001,water-level-altimetry,DAHITI,1
27216,"Toshka (South), Lake",23.1391,30.7795,2021-02-13T19:42:07Z,2021-02,140.671,0.02,water-level-altimetry,DAHITI,1
27216,"Toshka (South), Lake",23.1391,30.7795,2021-05-05T19:42:12Z,2021-05,139.506,0.007,water-level-altimetry,DAHITI,1
27216,"Toshka (South), Lake",23.1391,30.7795,2021-06-01T19:42:11Z,2021-06,139.405,0.003,water-level-altimetry,DAHITI,1
27216,"Toshka (South), Lake",23.1391,30.7795,2021-08-21T19:42:09Z,2021-08,139.729,0.004,water-level-altimetry,DAHITI,1
