,Temperature,Temperature_qa_flag,Precipitation,Precipitation_qa_flag,Streamflow,Streamflow_qa_flag,Gage height,Gage height_qa_flag,Station_State,Active_Alarms
2026-04-23 07:00:00+00:00,11.674999999999999,VALID,0.0,VALID,241.61309599999998,VALID,2.50317,VALID,Online,Resolved: Operating normally
2026-04-23 08:00:00+00:00,11.55,VALID,0.0,VALID,235.3834,VALID,2.4841200000000003,VALID,Online,Resolved: Operating normally
2026-04-23 09:00:00+00:00,11.325,VALID,0.0,VALID,226.18043999999998,VALID,2.455164,VALID,Online,Resolved: Operating normally
2026-04-23 10:00:00+00:00,11.05,VALID,0.0,VALID,210.67699199999998,VALID,2.404872,VALID,Online,Resolved: Operating normally
2026-04-23 11:00:00+00:00,10.850000000000001,VALID,0.0,VALID,197.651264,VALID,2.360676,VALID,Online,Resolved: Operating normally
2026-04-23 12:00:00+00:00,10.649999999999999,VALID,0.0,VALID,186.395336,VALID,2.3218140000000003,VALID,Online,Resolved: Operating normally
2026-04-23 13:00:00+00:00,10.55,VALID,0.0,VALID,181.085936,VALID,2.302764,VALID,Online,Resolved: Operating normally
2026-04-23 14:00:00+00:00,10.475,VALID,0.0,VALID,176.98000000000002,VALID,2.2875240000000003,VALID,Online,Resolved: Operating normally
2026-04-23 15:00:00+00:00,10.4,VALID,0.0,VALID,175.21020000000001,VALID,2.280666,VALID,Online,Resolved: Operating normally
2026-04-23 16:00:00+00:00,10.4,VALID,0.0,VALID,179.670096,VALID,2.2974300000000003,VALID,Online,Resolved: Operating normally
2026-04-23 17:00:00+00:00,10.3,VALID,0.0,VALID,193.120576,VALID,2.3454360000000003,VALID,Online,Resolved: Operating normally
2026-04-23 18:00:00+00:00,10.375,VALID,0.0,VALID,207.208184,VALID,2.3934420000000003,VALID,Online,Resolved: Operating normally
2026-04-23 19:00:00+00:00,10.4,VALID,0.0,VALID,217.473024,VALID,2.4269700000000003,VALID,Online,Resolved: Operating normally
2026-04-23 20:00:00+00:00,10.5,VALID,0.0,VALID,223.06559199999998,VALID,2.445258,VALID,Online,Resolved: Operating normally
2026-04-23 21:00:00+00:00,10.6,VALID,0.0,VALID,226.605192,VALID,2.456688,VALID,Online,Resolved: Operating normally
2026-04-23 22:00:00+00:00,10.75,VALID,0.0,VALID,228.79974399999998,VALID,2.463546,VALID,Online,Resolved: Operating normally
2026-04-23 23:00:00+00:00,11.0,VALID,0.0,VALID,229.790832,VALID,2.466594,VALID,Online,Resolved: Operating normally
2026-04-24 00:00:00+00:00,11.225,VALID,0.0,VALID,228.091824,VALID,2.4612600000000002,VALID,Online,Resolved: Operating normally
2026-04-24 01:00:00+00:00,11.4,VALID,0.0,VALID,228.79974399999998,VALID,2.463546,VALID,Online,Resolved: Operating normally
2026-04-24 02:00:00+00:00,11.4,VALID,0.0,VALID,230.286376,VALID,2.468118,VALID,Online,Resolved: Operating normally
2026-04-24 03:00:00+00:00,11.375,VALID,0.0,VALID,231.13588,VALID,2.471166,VALID,Online,Resolved: Operating normally
2026-04-24 04:00:00+00:00,11.3,VALID,0.0,VALID,225.755688,VALID,2.45364,VALID,Online,Resolved: Operating normally
2026-04-24 05:00:00+00:00,11.3,VALID,0.0,VALID,212.517584,VALID,2.410968,VALID,Online,Resolved: Operating normally
2026-04-24 06:00:00+00:00,11.350000000000001,VALID,0.0,VALID,198.713144,VALID,2.3644860000000003,VALID,Online,Resolved: Operating normally
2026-04-24 07:00:00+00:00,11.4,VALID,0.0,VALID,188.094344,VALID,2.32791,VALID,Online,Resolved: Operating normally
2026-04-24 08:00:00+00:00,11.4,VALID,0.0,VALID,181.298312,VALID,2.303526,VALID,Online,Resolved: Operating normally
2026-04-24 09:00:00+00:00,11.4,VALID,0.0,VALID,177.546336,VALID,2.28981,VALID,Online,Resolved: Operating normally
2026-04-24 10:00:00+00:00,11.25,VALID,0.0,VALID,175.847328,VALID,2.2829520000000003,VALID,Online,Resolved: Operating normally
2026-04-24 11:00:00+00:00,11.075,VALID,0.0,VALID,174.360696,VALID,2.277618,VALID,Online,Resolved: Operating normally
2026-04-24 12:00:00+00:00,10.850000000000001,VALID,0.0,VALID,173.511192,VALID,2.27457,VALID,Online,Resolved: Operating normally
2026-04-24 13:00:00+00:00,10.649999999999999,VALID,0.0,VALID,173.298816,VALID,2.2738080000000003,VALID,Online,Resolved: Operating normally
2026-04-24 14:00:00+00:00,10.425,VALID,0.0,VALID,173.298816,VALID,2.2738080000000003,VALID,Online,Resolved: Operating normally
2026-04-24 15:00:00+00:00,10.275,VALID,0.0,VALID,173.08643999999998,VALID,2.2730460000000003,VALID,Online,Resolved: Operating normally
2026-04-24 16:00:00+00:00,10.2,VALID,0.0,VALID,178.679008,VALID,2.29362,VALID,Online,Resolved: Operating normally
2026-04-24 17:00:00+00:00,10.2,VALID,0.0,VALID,192.9082,VALID,2.3446740000000004,VALID,Online,Resolved: Operating normally
2026-04-24 18:00:00+00:00,10.3,VALID,0.0,VALID,207.491352,VALID,2.394204,VALID,Online,Resolved: Operating normally
2026-04-24 19:00:00+00:00,10.475,VALID,0.0,VALID,216.97747999999999,VALID,2.425446,VALID,Online,Resolved: Operating normally
2026-04-24 20:00:00+00:00,10.725,VALID,0.0,VALID,222.64084,VALID,2.443734,VALID,Online,Resolved: Operating normally
2026-04-24 21:00:00+00:00,10.95,VALID,0.0,VALID,227.313112,VALID,2.4589740000000004,VALID,Online,Resolved: Operating normally
2026-04-24 22:00:00+00:00,11.2,VALID,0.0,VALID,228.870536,VALID,2.463546,VALID,Online,Resolved: Operating normally
2026-04-24 23:00:00+00:00,11.425,VALID,0.0,VALID,230.074,VALID,2.467356,VALID,Online,Resolved: Operating normally
2026-04-25 00:00:00+00:00,11.625,VALID,0.0,VALID,230.286376,VALID,2.468118,VALID,Online,Resolved: Operating normally
2026-04-25 01:00:00+00:00,11.7,VALID,0.0,VALID,230.074,VALID,2.467356,VALID,Online,Resolved: Operating normally
2026-04-25 02:00:00+00:00,11.75,VALID,0.0,VALID,230.074,VALID,2.467356,VALID,Online,Resolved: Operating normally
2026-04-25 03:00:00+00:00,11.7,VALID,0.0,VALID,229.578456,VALID,2.4658320000000002,VALID,Online,Resolved: Operating normally
2026-04-25 04:00:00+00:00,11.7,VALID,0.0,VALID,225.47252,VALID,2.452878,VALID,Online,Resolved: Operating normally
2026-04-25 05:00:00+00:00,11.7,VALID,0.0,VALID,212.517584,VALID,2.410968,VALID,Online,Resolved: Operating normally
2026-04-25 06:00:00+00:00,11.674999999999999,VALID,0.0,VALID,200.058192,VALID,2.369058,VALID,Online,Resolved: Operating normally
2026-04-25 07:00:00+00:00,11.575,VALID,0.0,VALID,188.80226399999998,VALID,2.330196,VALID,Online,Resolved: Operating normally
2026-04-25 08:00:00+00:00,11.45,VALID,0.0,VALID,181.723064,VALID,2.30505,VALID,Online,Resolved: Operating normally
2026-04-25 09:00:00+00:00,11.325000000000001,VALID,0.0,VALID,177.33396,VALID,2.289048,VALID,Online,Resolved: Operating normally
2026-04-25 10:00:00+00:00,11.149999999999999,VALID,0.0,VALID,175.422576,VALID,2.281428,VALID,Online,Resolved: Operating normally
2026-04-25 11:00:00+00:00,11.0,VALID,0.0,VALID,174.573072,VALID,2.2783800000000003,VALID,Online,Resolved: Operating normally
2026-04-25 12:00:00+00:00,10.825000000000001,VALID,0.0,VALID,173.93594399999998,VALID,2.276094,VALID,Online,Resolved: Operating normally
2026-04-25 13:00:00+00:00,10.649999999999999,VALID,0.0,VALID,173.511192,VALID,2.27457,VALID,Online,Resolved: Operating normally
2026-04-25 14:00:00+00:00,10.525,VALID,0.0,VALID,173.298816,VALID,2.2738080000000003,VALID,Online,Resolved: Operating normally
2026-04-25 15:00:00+00:00,10.425,VALID,0.0,VALID,173.298816,VALID,2.2738080000000003,VALID,Online,Resolved: Operating normally
2026-04-25 16:00:00+00:00,10.4,VALID,0.0,VALID,178.820592,VALID,2.294382,VALID,Online,Resolved: Operating normally
2026-04-25 17:00:00+00:00,10.4,VALID,0.0,VALID,192.483448,VALID,2.34315,VALID,Online,Resolved: Operating normally
2026-04-25 18:00:00+00:00,10.55,VALID,0.0,VALID,206.783432,VALID,2.391918,VALID,Online,Resolved: Operating normally
2026-04-25 19:00:00+00:00,10.7,VALID,0.0,VALID,216.057184,VALID,2.4223980000000003,VALID,Online,Resolved: Operating normally
2026-04-25 20:00:00+00:00,10.850000000000001,VALID,0.0,VALID,222.074504,VALID,2.44221,VALID,Online,Resolved: Operating normally
2026-04-25 21:00:00+00:00,11.05,VALID,0.0,VALID,226.109648,VALID,2.4551640000000003,VALID,Online,Resolved: Operating normally
2026-04-25 22:00:00+00:00,11.174999999999999,VALID,0.0,VALID,228.587368,VALID,2.462784,VALID,Online,Resolved: Operating normally
2026-04-25 23:00:00+00:00,11.275,VALID,0.0,VALID,228.870536,VALID,2.463546,VALID,Online,Resolved: Operating normally
2026-04-26 00:00:00+00:00,11.3,VALID,0.0,VALID,230.498752,VALID,2.46888,VALID,Online,Resolved: Operating normally
2026-04-26 01:00:00+00:00,11.3,VALID,0.0,VALID,230.498752,VALID,2.46888,VALID,Online,Resolved: Operating normally
2026-04-26 02:00:00+00:00,11.4,VALID,0.0,VALID,231.63142399999998,VALID,2.47269,VALID,Online,Resolved: Operating normally
2026-04-26 03:00:00+00:00,11.5,VALID,0.0,VALID,231.702216,VALID,2.47269,VALID,Online,Resolved: Operating normally
2026-04-26 04:00:00+00:00,11.6,VALID,0.0,VALID,226.675984,VALID,2.456688,VALID,Online,Resolved: Operating normally
2026-04-26 05:00:00+00:00,11.6,VALID,0.0,VALID,213.225504,VALID,2.4132540000000002,VALID,Online,Resolved: Operating normally
2026-04-26 06:00:00+00:00,11.674999999999999,VALID,0.0,VALID,199.137896,VALID,2.36601,VALID,Online,Resolved: Operating normally
2026-04-26 07:00:00+00:00,11.6,VALID,0.0,VALID,187.95276,VALID,2.327148,VALID,Online,Resolved: Operating normally
2026-04-26 08:00:00+00:00,11.575,VALID,0.0,VALID,180.024056,VALID,2.298954,VALID,Online,Resolved: Operating normally
2026-04-26 09:00:00+00:00,11.45,VALID,0.0,VALID,177.68792000000002,VALID,2.290572,VALID,Online,Resolved: Operating normally
2026-04-26 10:00:00+00:00,11.350000000000001,VALID,0.0,VALID,176.059704,VALID,2.2837140000000002,VALID,Online,Resolved: Operating normally
2026-04-26 11:00:00+00:00,11.149999999999999,VALID,0.508,VALID,174.360696,VALID,2.277618,VALID,Online,Resolved: Operating normally
2026-04-26 12:00:00+00:00,11.0,VALID,0.0,VALID,173.511192,VALID,2.27457,VALID,Online,Resolved: Operating normally
2026-04-26 13:00:00+00:00,10.825000000000001,VALID,0.0,VALID,173.298816,VALID,2.2738080000000003,VALID,Online,Resolved: Operating normally
2026-04-26 14:00:00+00:00,10.649999999999999,VALID,0.0,VALID,172.87406399999998,VALID,2.272284,VALID,Online,Resolved: Operating normally
2026-04-26 15:00:00+00:00,10.55,VALID,0.0,VALID,173.08643999999998,VALID,2.273046,VALID,Online,Resolved: Operating normally
2026-04-26 16:00:00+00:00,10.425,VALID,0.0,VALID,178.254256,VALID,2.292096,VALID,Online,Resolved: Operating normally
2026-04-26 17:00:00+00:00,10.3,VALID,0.0,VALID,190.996816,VALID,2.337816,VALID,Online,Resolved: Operating normally
2026-04-26 18:00:00+00:00,10.3,VALID,0.0,VALID,206.571056,VALID,2.391156,VALID,Online,Resolved: Operating normally
2026-04-26 19:00:00+00:00,10.325000000000001,VALID,0.0,VALID,216.481936,VALID,2.423922,VALID,Online,Resolved: Operating normally
2026-04-26 20:00:00+00:00,10.4,VALID,0.0,VALID,222.782424,VALID,2.444496,VALID,Online,Resolved: Operating normally
2026-04-26 21:00:00+00:00,10.55,VALID,0.0,VALID,227.313112,VALID,2.4589740000000004,VALID,Online,Resolved: Operating normally
2026-04-26 22:00:00+00:00,10.7,VALID,0.0,VALID,229.790832,VALID,2.466594,VALID,Online,Resolved: Operating normally
2026-04-26 23:00:00+00:00,10.875,VALID,0.0,VALID,230.640336,VALID,2.4696420000000003,VALID,Online,Resolved: Operating normally
2026-04-27 00:00:00+00:00,11.0,VALID,0.0,VALID,231.206672,VALID,2.471166,VALID,Online,Resolved: Operating normally
2026-04-27 01:00:00+00:00,11.0,VALID,0.0,VALID,230.286376,VALID,2.468118,VALID,Online,Resolved: Operating normally
2026-04-27 02:00:00+00:00,11.0,VALID,0.0,VALID,230.711128,VALID,2.4696420000000003,VALID,Online,Resolved: Operating normally
2026-04-27 03:00:00+00:00,11.0,VALID,0.0,VALID,230.074,VALID,2.467356,VALID,Online,Resolved: Operating normally
2026-04-27 04:00:00+00:00,11.0,VALID,0.0,VALID,225.543312,VALID,2.452878,VALID,Online,Resolved: Operating normally
2026-04-27 05:00:00+00:00,11.0,VALID,0.0,VALID,213.225504,VALID,2.4132540000000002,VALID,Online,Resolved: Operating normally
2026-04-27 06:00:00+00:00,10.95,VALID,0.0,VALID,199.137896,VALID,2.36601,VALID,Online,Resolved: Operating normally
2026-04-27 07:00:00+00:00,10.875,VALID,0.0,VALID,188.165136,VALID,2.32791,VALID,Online,Resolved: Operating normally
2026-04-27 08:00:00+00:00,10.75,VALID,0.0,VALID,181.298312,VALID,2.303526,VALID,Online,Resolved: Operating normally
2026-04-27 09:00:00+00:00,10.575,VALID,0.0,VALID,177.192376,VALID,2.2882860000000003,VALID,Online,Resolved: Operating normally
2026-04-27 10:00:00+00:00,10.425,VALID,0.0,VALID,175.422576,VALID,2.281428,VALID,Online,Resolved: Operating normally
2026-04-27 11:00:00+00:00,10.275,VALID,0.0,VALID,174.14831999999998,VALID,2.276856,VALID,Online,Resolved: Operating normally
2026-04-27 12:00:00+00:00,10.174999999999999,VALID,0.0,VALID,173.511192,VALID,2.27457,VALID,Online,Resolved: Operating normally
2026-04-27 13:00:00+00:00,10.075,VALID,0.0,VALID,173.723568,VALID,2.275332,VALID,Online,Resolved: Operating normally
2026-04-27 14:00:00+00:00,10.0,VALID,0.0,VALID,173.08643999999998,VALID,2.2730460000000003,VALID,Online,Resolved: Operating normally
2026-04-27 15:00:00+00:00,10.0,VALID,0.0,VALID,173.298816,VALID,2.2738080000000003,VALID,Online,Resolved: Operating normally
2026-04-27 16:00:00+00:00,10.0,VALID,0.0,VALID,179.032968,VALID,2.295144,VALID,Online,Resolved: Operating normally
2026-04-27 17:00:00+00:00,10.0,VALID,0.0,VALID,192.9082,VALID,2.344674,VALID,Online,Resolved: Operating normally
2026-04-27 18:00:00+00:00,10.05,VALID,0.0,VALID,206.995808,VALID,2.39268,VALID,Online,Resolved: Operating normally
2026-04-27 19:00:00+00:00,10.125,VALID,0.0,VALID,216.694312,VALID,2.424684,VALID,Online,Resolved: Operating normally
2026-04-27 20:00:00+00:00,10.225,VALID,0.0,VALID,223.844304,VALID,2.4475439999999997,VALID,Online,Resolved: Operating normally
2026-04-27 21:00:00+00:00,10.350000000000001,VALID,0.0,VALID,226.88835999999998,VALID,2.45745,VALID,Online,Resolved: Operating normally
2026-04-27 22:00:00+00:00,10.55,VALID,0.0,VALID,228.30419999999998,VALID,2.462022,VALID,Online,Resolved: Operating normally
2026-04-27 23:00:00+00:00,10.7,VALID,0.0,VALID,230.42795999999998,VALID,2.46888,VALID,Online,Resolved: Operating normally
2026-04-28 00:00:00+00:00,10.8,VALID,0.0,VALID,230.92350399999998,VALID,2.4704040000000003,VALID,Online,Resolved: Operating normally
2026-04-28 01:00:00+00:00,10.8,VALID,0.0,VALID,230.92350399999998,VALID,2.4704040000000003,VALID,Online,Resolved: Operating normally
2026-04-28 02:00:00+00:00,10.8,VALID,0.0,VALID,229.790832,VALID,2.466594,VALID,Online,Resolved: Operating normally
2026-04-28 03:00:00+00:00,10.8,VALID,0.0,VALID,229.295288,VALID,2.46507,VALID,Online,Resolved: Operating normally
2026-04-28 04:00:00+00:00,10.825000000000001,VALID,0.0,VALID,224.05668,VALID,2.448306,VALID,Online,Resolved: Operating normally
2026-04-28 05:00:00+00:00,10.9,VALID,0.0,VALID,209.756696,VALID,2.4018240000000004,VALID,Online,Resolved: Operating normally
2026-04-28 06:00:00+00:00,11.0,VALID,0.0,VALID,197.792848,VALID,2.361438,VALID,Online,Resolved: Operating normally
2026-04-28 07:00:00+00:00,11.0,VALID,0.0,VALID,188.519096,VALID,2.329434,VALID,Online,Resolved: Operating normally
2026-04-28 08:00:00+00:00,11.0,VALID,0.0,VALID,182.572568,VALID,2.308098,VALID,Online,Resolved: Operating normally
2026-04-28 09:00:00+00:00,11.0,VALID,0.0,VALID,178.537424,VALID,2.29362,VALID,Online,Resolved: Operating normally
2026-04-28 10:00:00+00:00,10.95,VALID,0.0,VALID,176.27208000000002,VALID,2.284476,VALID,Online,Resolved: Operating normally
2026-04-28 11:00:00+00:00,10.9,VALID,0.0,VALID,174.785448,VALID,2.2791420000000002,VALID,Online,Resolved: Operating normally
2026-04-28 12:00:00+00:00,10.8,VALID,0.0,VALID,174.573072,VALID,2.2783800000000003,VALID,Online,Resolved: Operating normally
2026-04-28 13:00:00+00:00,10.725,VALID,0.0,VALID,174.14831999999998,VALID,2.276856,VALID,Online,Resolved: Operating normally
2026-04-28 14:00:00+00:00,10.6,VALID,0.0,VALID,174.14831999999998,VALID,2.276856,VALID,Online,Resolved: Operating normally
2026-04-28 15:00:00+00:00,10.525,VALID,0.0,VALID,173.511192,VALID,2.27457,VALID,Online,Resolved: Operating normally
2026-04-28 16:00:00+00:00,10.375,VALID,0.0,VALID,179.245344,VALID,2.2959060000000004,VALID,Online,Resolved: Operating normally
2026-04-28 17:00:00+00:00,10.3,VALID,0.0,VALID,192.9082,VALID,2.3446740000000004,VALID,Online,Resolved: Operating normally
2026-04-28 18:00:00+00:00,10.3,VALID,0.0,VALID,206.783432,VALID,2.391918,VALID,Online,Resolved: Operating normally
2026-04-28 19:00:00+00:00,10.350000000000001,VALID,0.0,VALID,218.110152,VALID,2.429256,VALID,Online,Resolved: Operating normally
2026-04-28 20:00:00+00:00,10.5,VALID,0.0,VALID,224.05668,VALID,2.448306,VALID,Online,Resolved: Operating normally
2026-04-28 21:00:00+00:00,10.633333333333333,VALID,0.0,VALID,228.091824,VALID,2.4612600000000002,VALID,Online,Resolved: Operating normally
2026-04-28 22:00:00+00:00,10.825000000000001,VALID,0.0,VALID,229.578456,VALID,2.4658320000000002,VALID,Online,Resolved: Operating normally
2026-04-28 23:00:00+00:00,10.95,VALID,0.0,VALID,229.578456,VALID,2.4658320000000002,VALID,Online,Resolved: Operating normally
2026-04-29 00:00:00+00:00,11.1,VALID,0.0,VALID,230.498752,VALID,2.46888,VALID,Online,Resolved: Operating normally
2026-04-29 01:00:00+00:00,11.3,VALID,0.0,VALID,230.711128,VALID,2.469642,VALID,Online,Resolved: Operating normally
2026-04-29 02:00:00+00:00,11.45,VALID,0.0,VALID,230.92350399999998,VALID,2.4704040000000003,VALID,Online,Resolved: Operating normally
2026-04-29 03:00:00+00:00,11.575,VALID,0.0,VALID,230.92350399999998,VALID,2.4704040000000003,VALID,Online,Resolved: Operating normally
2026-04-29 04:00:00+00:00,11.674999999999999,VALID,0.0,VALID,225.47252,VALID,2.452878,VALID,Online,Resolved: Operating normally
2026-04-29 05:00:00+00:00,11.75,VALID,0.0,VALID,212.305208,VALID,2.410206,VALID,Online,Resolved: Operating normally
2026-04-29 06:00:00+00:00,11.8,VALID,0.0,VALID,198.07601599999998,VALID,2.3622,VALID,Online,Resolved: Operating normally
2026-04-29 07:00:00+00:00,11.7,VALID,0.0,VALID,187.881968,VALID,2.327148,VALID,Online,Resolved: Operating normally
2026-04-29 08:00:00+00:00,11.625,VALID,0.0,VALID,181.723064,VALID,2.30505,VALID,Online,Resolved: Operating normally
2026-04-29 09:00:00+00:00,11.475,VALID,0.0,VALID,177.900296,VALID,2.291334,VALID,Online,Resolved: Operating normally
2026-04-29 10:00:00+00:00,11.350000000000001,VALID,0.0,VALID,176.059704,VALID,2.2837140000000002,VALID,Online,Resolved: Operating normally
2026-04-29 11:00:00+00:00,11.149999999999999,VALID,0.0,VALID,174.997824,VALID,2.279904,VALID,Online,Resolved: Operating normally
2026-04-29 12:00:00+00:00,11.0,VALID,0.0,VALID,174.360696,VALID,2.277618,VALID,Online,Resolved: Operating normally
2026-04-29 13:00:00+00:00,10.8,VALID,0.0,VALID,173.93594399999998,VALID,2.276094,VALID,Online,Resolved: Operating normally
2026-04-29 14:00:00+00:00,10.649999999999999,VALID,0.0,VALID,173.298816,VALID,2.2738080000000003,VALID,Online,Resolved: Operating normally
2026-04-29 15:00:00+00:00,10.525,VALID,0.0,VALID,173.08643999999998,VALID,2.2730460000000003,VALID,Online,Resolved: Operating normally
2026-04-29 16:00:00+00:00,10.45,VALID,0.0,VALID,178.820592,VALID,2.294382,VALID,Online,Resolved: Operating normally
2026-04-29 17:00:00+00:00,10.4,VALID,0.0,VALID,192.271072,VALID,2.342388,VALID,Online,Resolved: Operating normally
2026-04-29 18:00:00+00:00,10.475,VALID,0.0,VALID,206.995808,VALID,2.39268,VALID,Online,Resolved: Operating normally
2026-04-29 19:00:00+00:00,10.649999999999999,VALID,0.0,VALID,216.97747999999999,VALID,2.425446,VALID,Online,Resolved: Operating normally
2026-04-29 20:00:00+00:00,10.850000000000001,VALID,0.0,VALID,223.065592,VALID,2.445258,VALID,Online,Resolved: Operating normally
2026-04-29 21:00:00+00:00,11.1,VALID,0.0,VALID,228.30419999999998,VALID,2.462022,VALID,Online,Resolved: Operating normally
2026-04-29 22:00:00+00:00,11.425,VALID,0.0,VALID,229.578456,VALID,2.4658320000000002,VALID,Online,Resolved: Operating normally
2026-04-29 23:00:00+00:00,11.674999999999999,VALID,0.0,VALID,231.13588,VALID,2.471166,VALID,Online,Resolved: Operating normally
2026-04-30 00:00:00+00:00,11.850000000000001,VALID,0.0,VALID,231.348256,VALID,2.471928,VALID,Online,Resolved: Operating normally
2026-04-30 01:00:00+00:00,11.95,VALID,0.0,VALID,230.498752,VALID,2.4688800000000004,VALID,Online,Resolved: Operating normally
2026-04-30 02:00:00+00:00,12.0,VALID,0.0,VALID,231.914592,VALID,2.473452,VALID,Online,Resolved: Operating normally
2026-04-30 03:00:00+00:00,11.925,VALID,0.0,VALID,231.702216,VALID,2.47269,VALID,Online,Resolved: Operating normally
2026-04-30 04:00:00+00:00,11.9,VALID,0.0,VALID,226.463608,VALID,2.4559260000000003,VALID,Online,Resolved: Operating normally
2026-04-30 05:00:00+00:00,11.9,VALID,0.0,VALID,212.517584,VALID,2.410968,VALID,Online,Resolved: Operating normally
2026-04-30 06:00:00+00:00,11.850000000000001,VALID,0.0,VALID,198.07601599999998,VALID,2.3622,VALID,Online,Resolved: Operating normally
2026-04-30 07:00:00+00:00,11.8,VALID,0.0,VALID,188.377512,VALID,2.328672,VALID,Online,Resolved: Operating normally
2026-04-30 08:00:00+00:00,11.674999999999999,VALID,0.0,VALID,181.085936,VALID,2.302764,VALID,Online,Resolved: Operating normally
2026-04-30 09:00:00+00:00,11.575,VALID,0.0,VALID,177.758712,VALID,2.290572,VALID,Online,Resolved: Operating normally
2026-04-30 10:00:00+00:00,11.45,VALID,0.0,VALID,175.847328,VALID,2.2829520000000003,VALID,Online,Resolved: Operating normally
2026-04-30 11:00:00+00:00,11.350000000000001,VALID,0.0,VALID,174.573072,VALID,2.2783800000000003,VALID,Online,Resolved: Operating normally
2026-04-30 12:00:00+00:00,11.25,VALID,0.0,VALID,173.511192,VALID,2.27457,VALID,Online,Resolved: Operating normally
2026-04-30 13:00:00+00:00,11.149999999999999,VALID,0.0,VALID,172.87406399999998,VALID,2.272284,VALID,Online,Resolved: Operating normally
2026-04-30 14:00:00+00:00,11.05,VALID,0.0,VALID,172.449312,VALID,2.27076,VALID,Online,Resolved: Operating normally
2026-04-30 15:00:00+00:00,11.0,VALID,0.0,VALID,172.449312,VALID,2.27076,VALID,Online,Resolved: Operating normally
2026-04-30 16:00:00+00:00,11.0,VALID,0.0,VALID,177.61712799999998,VALID,2.28981,VALID,Online,Resolved: Operating normally
2026-04-30 17:00:00+00:00,11.025,VALID,0.0,VALID,191.84632,VALID,2.3408640000000003,VALID,Online,Resolved: Operating normally
2026-04-30 18:00:00+00:00,11.174999999999999,VALID,0.0,VALID,206.571056,VALID,2.391156,VALID,Online,Resolved: Operating normally
2026-04-30 19:00:00+00:00,11.350000000000001,VALID,0.0,VALID,216.694312,VALID,2.424684,VALID,Online,Resolved: Operating normally
2026-04-30 20:00:00+00:00,11.55,VALID,0.0,VALID,223.136384,VALID,2.445258,VALID,Online,Resolved: Operating normally
2026-04-30 21:00:00+00:00,11.75,VALID,0.0,VALID,226.39281599999998,VALID,2.4559260000000003,VALID,Online,Resolved: Operating normally
2026-04-30 22:00:00+00:00,11.9,VALID,0.0,VALID,228.799744,VALID,2.463546,VALID,Online,Resolved: Operating normally
2026-04-30 23:00:00+00:00,12.025,VALID,0.0,VALID,229.36608,VALID,2.4650700000000003,VALID,Online,Resolved: Operating normally
2026-05-01 00:00:00+00:00,12.1,VALID,0.0,VALID,229.861624,VALID,2.466594,VALID,Online,Resolved: Operating normally
2026-05-01 01:00:00+00:00,12.1,VALID,0.0,VALID,230.286376,VALID,2.468118,VALID,Online,Resolved: Operating normally
2026-05-01 02:00:00+00:00,12.1,VALID,0.0,VALID,231.13588,VALID,2.471166,VALID,Online,Resolved: Operating normally
2026-05-01 03:00:00+00:00,12.1,VALID,0.0,VALID,230.498752,VALID,2.46888,VALID,Online,Resolved: Operating normally
2026-05-01 04:00:00+00:00,12.075,VALID,0.0,VALID,225.18935199999999,VALID,2.452116,VALID,Online,Resolved: Operating normally
2026-05-01 05:00:00+00:00,12.1,VALID,0.0,VALID,212.092832,VALID,2.409444,VALID,Online,Resolved: Operating normally
2026-05-01 06:00:00+00:00,12.149999999999999,VALID,0.0,VALID,197.368096,VALID,2.3599140000000003,VALID,Online,Resolved: Operating normally
2026-05-01 07:00:00+00:00,12.2,VALID,0.0,VALID,187.24484,VALID,2.324862,VALID,Online,Resolved: Operating normally
2026-05-01 08:00:00+00:00,12.174999999999999,VALID,0.0,VALID,180.661184,VALID,2.30124,VALID,Online,Resolved: Operating normally
2026-05-01 09:00:00+00:00,12.1,VALID,0.0,VALID,176.98000000000002,VALID,2.2875240000000003,VALID,Online,Resolved: Operating normally
2026-05-01 10:00:00+00:00,12.0,VALID,0.0,VALID,174.360696,VALID,2.2776180000000004,VALID,Online,Resolved: Operating normally
2026-05-01 11:00:00+00:00,11.850000000000001,VALID,0.0,VALID,172.87406399999998,VALID,2.272284,VALID,Online,Resolved: Operating normally
2026-05-01 12:00:00+00:00,11.725,VALID,0.0,VALID,174.360696,VALID,2.2776180000000004,VALID,Online,Resolved: Operating normally
2026-05-01 13:00:00+00:00,11.575,VALID,0.0,VALID,177.758712,VALID,2.290572,VALID,Online,Resolved: Operating normally
2026-05-01 14:00:00+00:00,11.45,VALID,0.0,VALID,185.12108,VALID,2.3172420000000002,VALID,Online,Resolved: Operating normally
2026-05-01 15:00:00+00:00,11.350000000000001,VALID,0.0,VALID,197.368096,VALID,2.3599140000000003,VALID,Online,Resolved: Operating normally
2026-05-01 16:00:00+00:00,11.3,VALID,0.0,VALID,208.8364,VALID,2.3987760000000002,VALID,Online,Resolved: Operating normally
2026-05-01 17:00:00+00:00,11.3,VALID,0.0,VALID,218.322528,VALID,2.430018,VALID,Online,Resolved: Operating normally
2026-05-01 18:00:00+00:00,11.45,VALID,0.0,VALID,223.773512,VALID,2.447544,VALID,Online,Resolved: Operating normally
2026-05-01 19:00:00+00:00,11.625,VALID,0.0,VALID,226.675984,VALID,2.456688,VALID,Online,Resolved: Operating normally
2026-05-01 20:00:00+00:00,11.8,VALID,0.0,VALID,228.30419999999998,VALID,2.462022,VALID,Online,Resolved: Operating normally
2026-05-01 21:00:00+00:00,12.025,VALID,0.0,VALID,229.790832,VALID,2.466594,VALID,Online,Resolved: Operating normally
2026-05-01 22:00:00+00:00,12.25,VALID,0.0,VALID,230.92350399999998,VALID,2.4704040000000003,VALID,Online,Resolved: Operating normally
2026-05-01 23:00:00+00:00,12.4,VALID,0.0,VALID,230.711128,VALID,2.4696420000000003,VALID,Online,Resolved: Operating normally
2026-05-02 00:00:00+00:00,12.525,VALID,0.0,VALID,230.92350399999998,VALID,2.4704040000000003,VALID,Online,Resolved: Operating normally
2026-05-02 01:00:00+00:00,12.6,VALID,0.0,VALID,230.711128,VALID,2.469642,VALID,Online,Resolved: Operating normally
2026-05-02 02:00:00+00:00,12.6,VALID,0.0,VALID,231.348256,VALID,2.471928,VALID,Online,Resolved: Operating normally
2026-05-02 03:00:00+00:00,12.6,VALID,0.0,VALID,234.392312,VALID,2.481072,VALID,Online,Resolved: Operating normally
2026-05-02 04:00:00+00:00,12.6,VALID,0.0,VALID,243.099728,VALID,2.5077420000000004,VALID,Online,Resolved: Operating normally
2026-05-02 05:00:00+00:00,12.6,VALID,0.0,VALID,251.099224,VALID,2.5321260000000003,VALID,Online,Resolved: Operating normally
2026-05-02 06:00:00+00:00,12.525,VALID,0.0,VALID,249.683384,VALID,2.5275540000000003,VALID,Online,Resolved: Operating normally
2026-05-02 07:00:00+00:00,12.45,VALID,0.0,VALID,237.57795199999998,VALID,2.490978,VALID,Online,Resolved: Operating normally
2026-05-02 08:00:00+00:00,12.3,VALID,0.0,VALID,219.738368,VALID,2.43459,VALID,Online,Resolved: Operating normally
2026-05-02 09:00:00+00:00,12.174999999999999,VALID,0.0,VALID,202.46512,VALID,2.37744,VALID,Online,Resolved: Operating normally
2026-05-02 10:00:00+00:00,12.05,VALID,0.0,VALID,190.78444,VALID,2.337054,VALID,Online,Resolved: Operating normally
2026-05-02 11:00:00+00:00,11.95,VALID,0.0,VALID,183.209696,VALID,2.310384,VALID,Online,Resolved: Operating normally
2026-05-02 12:00:00+00:00,11.875,VALID,0.0,VALID,178.537424,VALID,2.29362,VALID,Online,Resolved: Operating normally
2026-05-02 13:00:00+00:00,11.8,VALID,0.0,VALID,176.27208000000002,VALID,2.284476,VALID,Online,Resolved: Operating normally
2026-05-02 14:00:00+00:00,11.7,VALID,0.0,VALID,174.573072,VALID,2.2783800000000003,VALID,Online,Resolved: Operating normally
2026-05-02 15:00:00+00:00,11.649999999999999,VALID,0.0,VALID,174.360696,VALID,2.277618,VALID,Online,Resolved: Operating normally
2026-05-02 16:00:00+00:00,11.6,VALID,0.0,VALID,179.670096,VALID,2.2974300000000003,VALID,Online,Resolved: Operating normally
2026-05-02 17:00:00+00:00,11.6,VALID,0.0,VALID,193.61612,VALID,2.34696,VALID,Online,Resolved: Operating normally
2026-05-02 18:00:00+00:00,11.7,VALID,0.0,VALID,207.703728,VALID,2.394966,VALID,Online,Resolved: Operating normally
2026-05-02 19:00:00+00:00,11.9,VALID,0.0,VALID,218.322528,VALID,2.430018,VALID,Online,Resolved: Operating normally
2026-05-02 20:00:00+00:00,12.175,VALID,0.0,VALID,225.18935199999999,VALID,2.452116,VALID,Online,Resolved: Operating normally
2026-05-02 21:00:00+00:00,12.4,VALID,0.0,VALID,228.091824,VALID,2.4612600000000002,VALID,Online,Resolved: Operating normally
2026-05-02 22:00:00+00:00,12.649999999999999,VALID,0.0,VALID,230.074,VALID,2.467356,VALID,Online,Resolved: Operating normally
2026-05-02 23:00:00+00:00,12.850000000000001,VALID,0.0,VALID,230.074,VALID,2.467356,VALID,Online,Resolved: Operating normally
2026-05-03 00:00:00+00:00,13.0,VALID,0.0,VALID,231.13588,VALID,2.471166,VALID,Online,Resolved: Operating normally
2026-05-03 01:00:00+00:00,13.149999999999999,VALID,0.0,VALID,231.348256,VALID,2.471928,VALID,Online,Resolved: Operating normally
2026-05-03 02:00:00+00:00,13.2,VALID,0.0,VALID,231.13588,VALID,2.471166,VALID,Online,Resolved: Operating normally
2026-05-03 03:00:00+00:00,13.174999999999999,VALID,0.0,VALID,231.348256,VALID,2.471928,VALID,Online,Resolved: Operating normally
2026-05-03 04:00:00+00:00,13.1,VALID,0.0,VALID,230.711128,VALID,2.4696420000000003,VALID,Online,Resolved: Operating normally
2026-05-03 05:00:00+00:00,13.1,VALID,0.0,VALID,224.906184,VALID,2.4513540000000003,VALID,Online,Resolved: Operating normally
2026-05-03 06:00:00+00:00,13.0,VALID,0.0,VALID,211.66807999999997,VALID,2.40792,VALID,Online,Resolved: Operating normally
2026-05-03 07:00:00+00:00,12.975,VALID,0.0,VALID,197.792848,VALID,2.361438,VALID,Online,Resolved: Operating normally
2026-05-03 08:00:00+00:00,12.850000000000001,VALID,0.0,VALID,187.881968,VALID,2.327148,VALID,Online,Resolved: Operating normally
2026-05-03 09:00:00+00:00,12.7,VALID,0.0,VALID,181.93544,VALID,2.305812,VALID,Online,Resolved: Operating normally
2026-05-03 10:00:00+00:00,12.55,VALID,0.0,VALID,177.758712,VALID,2.290572,VALID,Online,Resolved: Operating normally
2026-05-03 11:00:00+00:00,12.350000000000001,VALID,0.0,VALID,175.847328,VALID,2.2829520000000003,VALID,Online,Resolved: Operating normally
2026-05-03 12:00:00+00:00,12.174999999999999,VALID,0.0,VALID,174.785448,VALID,2.2791420000000002,VALID,Online,Resolved: Operating normally
2026-05-03 13:00:00+00:00,12.025,VALID,0.0,VALID,174.14831999999998,VALID,2.276856,VALID,Online,Resolved: Operating normally
2026-05-03 14:00:00+00:00,11.850000000000001,VALID,0.0,VALID,173.723568,VALID,2.275332,VALID,Online,Resolved: Operating normally
2026-05-03 15:00:00+00:00,11.75,VALID,0.0,VALID,173.723568,VALID,2.275332,VALID,Online,Resolved: Operating normally
2026-05-03 16:00:00+00:00,11.649999999999999,VALID,0.0,VALID,179.245344,VALID,2.295906,VALID,Online,Resolved: Operating normally
2026-05-03 17:00:00+00:00,11.649999999999999,VALID,0.0,VALID,193.120576,VALID,2.3454360000000003,VALID,Online,Resolved: Operating normally
2026-05-03 18:00:00+00:00,11.75,VALID,0.0,VALID,207.70372799999998,VALID,2.394966,VALID,Online,Resolved: Operating normally
2026-05-03 19:00:00+00:00,11.9,VALID,0.0,VALID,217.6854,VALID,2.4277320000000002,VALID,Online,Resolved: Operating normally
2026-05-03 20:00:00+00:00,12.125,VALID,0.0,VALID,223.844304,VALID,2.4475439999999997,VALID,Online,Resolved: Operating normally
2026-05-03 21:00:00+00:00,12.350000000000001,VALID,0.0,VALID,226.109648,VALID,2.4551640000000003,VALID,Online,Resolved: Operating normally
2026-05-03 22:00:00+00:00,12.55,VALID,0.0,VALID,227.80865599999998,VALID,2.4604980000000003,VALID,Online,Resolved: Operating normally
2026-05-03 23:00:00+00:00,12.75,VALID,0.0,VALID,226.392816,VALID,2.4559260000000003,VALID,Online,Resolved: Operating normally
2026-05-04 00:00:00+00:00,12.825000000000001,VALID,0.0,VALID,230.498752,VALID,2.46888,VALID,Online,Resolved: Operating normally
2026-05-04 01:00:00+00:00,12.9,VALID,0.0,VALID,231.13588,VALID,2.471166,VALID,Online,Resolved: Operating normally
2026-05-04 02:00:00+00:00,12.9,VALID,0.0,VALID,229.72003999999998,VALID,2.466594,VALID,Online,Resolved: Operating normally
2026-05-04 03:00:00+00:00,12.9,VALID,0.0,VALID,228.799744,VALID,2.463546,VALID,Online,Resolved: Operating normally
2026-05-04 04:00:00+00:00,12.9,VALID,0.0,VALID,230.286376,VALID,2.468118,VALID,Online,Resolved: Operating normally
2026-05-04 05:00:00+00:00,12.9,VALID,0.0,VALID,224.693808,VALID,2.4505920000000003,VALID,Online,Resolved: Operating normally
2026-05-04 06:00:00+00:00,12.825000000000001,VALID,0.0,VALID,211.243328,VALID,2.406396,VALID,Online,Resolved: Operating normally
2026-05-04 07:00:00+00:00,12.8,VALID,0.0,VALID,197.580472,VALID,2.360676,VALID,Online,Resolved: Operating normally
2026-05-04 08:00:00+00:00,12.75,VALID,0.0,VALID,187.669592,VALID,2.3263860000000003,VALID,Online,Resolved: Operating normally
2026-05-04 09:00:00+00:00,12.674999999999999,VALID,0.0,VALID,181.085936,VALID,2.302764,VALID,Online,Resolved: Operating normally
2026-05-04 10:00:00+00:00,12.575,VALID,0.0,VALID,177.546336,VALID,2.28981,VALID,Online,Resolved: Operating normally
2026-05-04 11:00:00+00:00,12.45,VALID,0.0,VALID,174.785448,VALID,2.2791420000000002,VALID,Online,Resolved: Operating normally
2026-05-04 12:00:00+00:00,12.350000000000001,VALID,0.0,VALID,174.14831999999998,VALID,2.276856,VALID,Online,Resolved: Operating normally
2026-05-04 13:00:00+00:00,12.225,VALID,0.0,VALID,174.360696,VALID,2.277618,VALID,Online,Resolved: Operating normally
2026-05-04 14:00:00+00:00,12.174999999999999,VALID,0.0,VALID,179.670096,VALID,2.29743,VALID,Online,Resolved: Operating normally
2026-05-04 15:00:00+00:00,12.075,VALID,0.0,VALID,192.9082,VALID,2.3446740000000004,VALID,Online,Resolved: Operating normally
2026-05-04 16:00:00+00:00,12.0,VALID,0.0,VALID,207.208184,VALID,2.3934420000000003,VALID,Online,Resolved: Operating normally
2026-05-04 17:00:00+00:00,12.0,VALID,0.0,VALID,217.402232,VALID,2.42697,VALID,Online,Resolved: Operating normally
2026-05-04 18:00:00+00:00,12.0,VALID,0.0,VALID,223.561136,VALID,2.4467820000000002,VALID,Online,Resolved: Operating normally
2026-05-04 19:00:00+00:00,12.05,VALID,0.0,VALID,226.605192,VALID,2.456688,VALID,Online,Resolved: Operating normally
2026-05-04 20:00:00+00:00,12.1,VALID,0.0,VALID,229.082912,VALID,2.464308,VALID,Online,Resolved: Operating normally
2026-05-04 21:00:00+00:00,12.1,VALID,0.0,VALID,229.790832,VALID,2.466594,VALID,Online,Resolved: Operating normally
2026-05-04 22:00:00+00:00,12.174999999999999,VALID,0.0,VALID,230.498752,VALID,2.46888,VALID,Online,Resolved: Operating normally
2026-05-04 23:00:00+00:00,12.2,VALID,0.0,VALID,230.92350399999998,VALID,2.4704040000000003,VALID,Online,Resolved: Operating normally
2026-05-05 00:00:00+00:00,12.3,VALID,0.0,VALID,230.711128,VALID,2.469642,VALID,Online,Resolved: Operating normally
2026-05-05 01:00:00+00:00,12.3,VALID,0.0,VALID,230.498752,VALID,2.46888,VALID,Online,Resolved: Operating normally
2026-05-05 02:00:00+00:00,12.3,VALID,0.0,VALID,230.498752,VALID,2.46888,VALID,Online,Resolved: Operating normally
2026-05-05 03:00:00+00:00,12.350000000000001,VALID,0.0,VALID,233.330432,VALID,2.4780240000000004,VALID,Online,Resolved: Operating normally
2026-05-05 04:00:00+00:00,12.425,VALID,0.0,VALID,240.834384,VALID,2.500884,VALID,Online,Resolved: Operating normally
2026-05-05 05:00:00+00:00,12.525,VALID,0.0,VALID,248.621504,VALID,2.524506,VALID,Online,Resolved: Operating normally
2026-05-05 06:00:00+00:00,12.525,VALID,0.0,VALID,249.400216,VALID,2.5267920000000004,VALID,Online,Resolved: Operating normally
2026-05-05 07:00:00+00:00,12.475,VALID,0.0,VALID,239.560128,VALID,2.4970740000000005,VALID,Online,Resolved: Operating normally
2026-05-05 08:00:00+00:00,12.375,VALID,0.0,VALID,220.729456,VALID,2.437638,VALID,Online,Resolved: Operating normally
2026-05-05 09:00:00+00:00,12.25,VALID,0.0,VALID,203.597792,VALID,2.38125,VALID,Online,Resolved: Operating normally
2026-05-05 10:00:00+00:00,12.05,VALID,0.0,VALID,190.78444,VALID,2.337054,VALID,Online,Resolved: Operating normally
2026-05-05 11:00:00+00:00,11.9,VALID,0.0,VALID,182.784944,VALID,2.30886,VALID,Online,Resolved: Operating normally
2026-05-05 12:00:00+00:00,11.75,VALID,0.0,VALID,177.546336,VALID,2.28981,VALID,Online,Resolved: Operating normally
2026-05-05 13:00:00+00:00,11.625,VALID,0.0,VALID,175.847328,VALID,2.2829520000000003,VALID,Online,Resolved: Operating normally
2026-05-05 14:00:00+00:00,11.5,VALID,0.0,VALID,180.44880799999999,VALID,2.300478,VALID,Online,Resolved: Operating normally
2026-05-05 15:00:00+00:00,11.4,VALID,0.0,VALID,192.483448,VALID,2.34315,VALID,Online,Resolved: Operating normally
2026-05-05 16:00:00+00:00,11.4,VALID,0.0,VALID,206.35868,VALID,2.390394,VALID,Online,Resolved: Operating normally
2026-05-05 17:00:00+00:00,11.4,VALID,0.0,VALID,216.26956,VALID,2.42316,VALID,Online,Resolved: Operating normally
2026-05-05 18:00:00+00:00,11.525,VALID,0.0,VALID,223.34876,VALID,2.44602,VALID,Online,Resolved: Operating normally
2026-05-05 19:00:00+00:00,11.675,VALID,0.0,VALID,226.392816,VALID,2.4559260000000003,VALID,Online,Resolved: Operating normally
2026-05-05 20:00:00+00:00,11.9,VALID,0.0,VALID,227.80865599999998,VALID,2.4604980000000003,VALID,Online,Resolved: Operating normally
2026-05-05 21:00:00+00:00,12.125,VALID,0.0,VALID,229.36608,VALID,2.4650700000000003,VALID,Online,Resolved: Operating normally
2026-05-05 22:00:00+00:00,12.375,VALID,0.0,VALID,229.36608,VALID,2.4650700000000003,VALID,Online,Resolved: Operating normally
2026-05-05 23:00:00+00:00,12.575,VALID,0.0,VALID,229.790832,VALID,2.466594,VALID,Online,Resolved: Operating normally
2026-05-06 00:00:00+00:00,12.7,VALID,0.0,VALID,230.003208,VALID,2.467356,VALID,Online,Resolved: Operating normally
2026-05-06 01:00:00+00:00,12.775,VALID,0.0,VALID,229.36608,VALID,2.4650700000000003,VALID,Online,Resolved: Operating normally
2026-05-06 02:00:00+00:00,12.8,VALID,0.0,VALID,230.286376,VALID,2.468118,VALID,Online,Resolved: Operating normally
2026-05-06 03:00:00+00:00,12.8,VALID,0.0,VALID,233.472016,VALID,2.4780240000000004,VALID,Online,Resolved: Operating normally
2026-05-06 04:00:00+00:00,12.8,VALID,0.0,VALID,240.622008,VALID,2.500122,VALID,Online,Resolved: Operating normally
2026-05-06 05:00:00+00:00,12.8,VALID,0.0,VALID,248.409128,VALID,2.523744,VALID,Online,Resolved: Operating normally
2026-05-06 06:00:00+00:00,12.8,VALID,0.0,VALID,249.117048,VALID,2.5260300000000004,VALID,Online,Resolved: Operating normally
2026-05-06 07:00:00+00:00,12.674999999999999,VALID,0.0,VALID,239.135376,VALID,2.49555,VALID,Online,Resolved: Operating normally
2026-05-06 08:00:00+00:00,12.55,VALID,0.0,VALID,220.94183199999998,VALID,2.4384,VALID,Online,Resolved: Operating normally
2026-05-06 09:00:00+00:00,12.350000000000001,VALID,0.0,VALID,203.456208,VALID,2.380488,VALID,Online,Resolved: Operating normally
2026-05-06 10:00:00+00:00,12.2,VALID,0.0,VALID,191.421568,VALID,2.33934,VALID,Online,Resolved: Operating normally
2026-05-06 11:00:00+00:00,12.05,VALID,0.0,VALID,182.99732,VALID,2.309622,VALID,Online,Resolved: Operating normally
2026-05-06 12:00:00+00:00,11.925,VALID,0.0,VALID,178.112672,VALID,2.292096,VALID,Online,Resolved: Operating normally
2026-05-06 13:00:00+00:00,11.8,VALID,0.0,VALID,176.696832,VALID,2.286,VALID,Online,Resolved: Operating normally
2026-05-06 14:00:00+00:00,11.674999999999999,VALID,0.0,VALID,180.44880799999999,VALID,2.300478,VALID,Online,Resolved: Operating normally
2026-05-06 15:00:00+00:00,11.6,VALID,0.0,VALID,192.695824,VALID,2.343912,VALID,Online,Resolved: Operating normally
2026-05-06 16:00:00+00:00,11.5,VALID,0.0,VALID,206.35868,VALID,2.390394,VALID,Online,Resolved: Operating normally
2026-05-06 17:00:00+00:00,11.45,VALID,0.0,VALID,214.358176,VALID,2.417064,VALID,Online,Resolved: Operating normally
2026-05-06 18:00:00+00:00,11.525,VALID,0.0,VALID,220.51708,VALID,2.4368760000000003,VALID,Online,Resolved: Operating normally
2026-05-06 19:00:00+00:00,11.675,VALID,0.0,VALID,224.7646,VALID,2.450592,VALID,Online,Resolved: Operating normally
2026-05-06 20:00:00+00:00,11.850000000000001,VALID,0.0,VALID,225.89727200000002,VALID,2.4544020000000004,VALID,Online,Resolved: Operating normally
2026-05-06 21:00:00+00:00,12.075,VALID,0.0,VALID,228.3042,VALID,2.462022,VALID,Online,Resolved: Operating normally
2026-05-06 22:00:00+00:00,12.275,VALID,0.0,VALID,227.879448,VALID,2.4604980000000003,VALID,Online,Resolved: Operating normally
2026-05-06 23:00:00+00:00,12.4,VALID,0.0,VALID,229.082912,VALID,2.464308,VALID,Online,Resolved: Operating normally
2026-05-07 00:00:00+00:00,12.45,VALID,0.0,VALID,228.870536,VALID,2.463546,VALID,Online,Resolved: Operating normally
2026-05-07 01:00:00+00:00,12.5,VALID,0.0,VALID,230.286376,VALID,2.468118,VALID,Online,Resolved: Operating normally
2026-05-07 02:00:00+00:00,12.6,VALID,0.0,VALID,229.790832,VALID,2.466594,VALID,Online,Resolved: Operating normally
2026-05-07 03:00:00+00:00,12.6,VALID,0.0,VALID,232.90568,VALID,2.4765,VALID,Online,Resolved: Operating normally
2026-05-07 04:00:00+00:00,12.6,VALID,0.0,VALID,241.117552,VALID,2.501646,VALID,Online,Resolved: Operating normally
2026-05-07 05:00:00+00:00,12.6,VALID,0.0,VALID,248.196752,VALID,2.522982,VALID,Online,Resolved: Operating normally
2026-05-07 06:00:00+00:00,12.6,VALID,0.0,VALID,249.117048,VALID,2.5260300000000004,VALID,Online,Resolved: Operating normally
2026-05-07 07:00:00+00:00,12.5,VALID,0.0,VALID,239.064584,VALID,2.49555,VALID,Online,Resolved: Operating normally
2026-05-07 08:00:00+00:00,12.275,VALID,0.0,VALID,222.145296,VALID,2.44221,VALID,Online,Resolved: Operating normally
2026-05-07 09:00:00+00:00,12.0,VALID,0.0,VALID,206.075512,VALID,2.389632,VALID,Online,Resolved: Operating normally
2026-05-07 10:00:00+00:00,11.75,VALID,0.0,VALID,194.961168,VALID,2.351532,VALID,Online,Resolved: Operating normally
2026-05-07 11:00:00+00:00,11.55,VALID,0.0,VALID,187.881968,VALID,2.327148,VALID,Online,Resolved: Operating normally
2026-05-07 12:00:00+00:00,11.4,VALID,0.0,VALID,184.0592,VALID,2.313432,VALID,Online,Resolved: Operating normally
2026-05-07 13:00:00+00:00,11.25,VALID,0.0,VALID,182.99732,VALID,2.309622,VALID,Online,Resolved: Operating normally
2026-05-07 14:00:00+00:00,11.2,VALID,0.0,VALID,186.395336,VALID,2.321814,VALID,Online,Resolved: Operating normally
2026-05-07 15:00:00+00:00,11.2,VALID,0.0,VALID,197.368096,VALID,2.3599140000000003,VALID,Online,Resolved: Operating normally
2026-05-07 16:00:00+00:00,11.225,VALID,0.0,VALID,209.331944,VALID,2.4003,VALID,Online,Resolved: Operating normally
2026-05-07 17:00:00+00:00,11.350000000000001,VALID,0.0,VALID,218.322528,VALID,2.430018,VALID,Online,Resolved: Operating normally
2026-05-07 18:00:00+00:00,11.575,VALID,0.0,VALID,223.773512,VALID,2.4475439999999997,VALID,Online,Resolved: Operating normally
2026-05-07 19:00:00+00:00,11.825,VALID,0.0,VALID,227.10073599999998,VALID,2.4582120000000005,VALID,Online,Resolved: Operating normally
2026-05-07 20:00:00+00:00,12.1,VALID,0.0,VALID,229.082912,VALID,2.464308,VALID,Online,Resolved: Operating normally
2026-05-07 21:00:00+00:00,12.45,VALID,0.0,VALID,229.649248,VALID,2.4658320000000002,VALID,Online,Resolved: Operating normally
2026-05-07 22:00:00+00:00,12.725,VALID,0.0,VALID,230.074,VALID,2.467356,VALID,Online,Resolved: Operating normally
2026-05-07 23:00:00+00:00,12.95,VALID,0.0,VALID,230.286376,VALID,2.468118,VALID,Online,Resolved: Operating normally
2026-05-08 00:00:00+00:00,13.0,VALID,0.0,VALID,230.711128,VALID,2.469642,VALID,Online,Resolved: Operating normally
2026-05-08 01:00:00+00:00,13.0,VALID,0.0,VALID,230.498752,VALID,2.46888,VALID,Online,Resolved: Operating normally
2026-05-08 02:00:00+00:00,12.975,VALID,0.0,VALID,230.711128,VALID,2.469642,VALID,Online,Resolved: Operating normally
2026-05-08 03:00:00+00:00,12.9,VALID,0.0,VALID,234.887856,VALID,2.482596,VALID,Online,Resolved: Operating normally
2026-05-08 04:00:00+00:00,12.8,VALID,0.0,VALID,242.533392,VALID,2.506218,VALID,Online,Resolved: Operating normally
2026-05-08 05:00:00+00:00,12.825000000000001,VALID,0.0,VALID,249.96655199999998,VALID,2.5283160000000002,VALID,Online,Resolved: Operating normally
2026-05-08 06:00:00+00:00,12.9,VALID,0.0,VALID,250.886848,VALID,2.5313640000000004,VALID,Online,Resolved: Operating normally
2026-05-08 07:00:00+00:00,12.95,VALID,0.0,VALID,241.329928,VALID,2.502408,VALID,Online,Resolved: Operating normally
2026-05-08 08:00:00+00:00,12.975,VALID,0.0,VALID,224.269056,VALID,2.4490680000000005,VALID,Online,Resolved: Operating normally
2026-05-08 09:00:00+00:00,12.9,VALID,0.0,VALID,205.65076,VALID,2.388108,VALID,Online,Resolved: Operating normally
2026-05-08 10:00:00+00:00,12.8,VALID,0.0,VALID,193.191368,VALID,2.3454360000000003,VALID,Online,Resolved: Operating normally
2026-05-08 11:00:00+00:00,12.674999999999999,VALID,0.0,VALID,185.758208,VALID,2.319528,VALID,Online,Resolved: Operating normally
2026-05-08 12:00:00+00:00,12.55,VALID,0.0,VALID,181.510688,VALID,2.304288,VALID,Online,Resolved: Operating normally
2026-05-08 13:00:00+00:00,12.4,VALID,0.0,VALID,179.81168,VALID,2.2981920000000002,VALID,Online,Resolved: Operating normally
2026-05-08 14:00:00+00:00,12.3,VALID,0.0,VALID,183.634448,VALID,2.311908,VALID,Online,Resolved: Operating normally
2026-05-08 15:00:00+00:00,12.2,VALID,0.0,VALID,195.598296,VALID,2.3538180000000004,VALID,Online,Resolved: Operating normally
2026-05-08 16:00:00+00:00,12.149999999999999,VALID,0.0,VALID,207.632936,VALID,2.394966,VALID,Online,Resolved: Operating normally
2026-05-08 17:00:00+00:00,12.1,VALID,0.0,VALID,216.481936,VALID,2.423922,VALID,Online,Resolved: Operating normally
2026-05-08 18:00:00+00:00,12.2,VALID,0.0,VALID,222.57004799999999,VALID,2.443734,VALID,Online,Resolved: Operating normally
2026-05-08 19:00:00+00:00,12.25,VALID,0.0,VALID,226.109648,VALID,2.455164,VALID,Online,Resolved: Operating normally
2026-05-08 20:00:00+00:00,12.4,VALID,0.0,VALID,228.587368,VALID,2.462784,VALID,Online,Resolved: Operating normally
2026-05-08 21:00:00+00:00,12.6,VALID,0.0,VALID,229.36608,VALID,2.4650700000000003,VALID,Online,Resolved: Operating normally
2026-05-08 22:00:00+00:00,12.875,VALID,0.0,VALID,229.082912,VALID,2.464308,VALID,Online,Resolved: Operating normally
2026-05-08 23:00:00+00:00,13.1,VALID,0.0,VALID,230.074,VALID,2.467356,VALID,Online,Resolved: Operating normally
2026-05-09 00:00:00+00:00,13.3,VALID,0.0,VALID,230.286376,VALID,2.468118,VALID,Online,Resolved: Operating normally
2026-05-09 01:00:00+00:00,13.475,VALID,0.0,VALID,230.074,VALID,2.467356,VALID,Online,Resolved: Operating normally
2026-05-09 02:00:00+00:00,13.6,VALID,0.0,VALID,230.498752,VALID,2.46888,VALID,Online,Resolved: Operating normally
2026-05-09 03:00:00+00:00,13.6,VALID,0.0,VALID,232.410136,VALID,2.474976,VALID,Online,Resolved: Operating normally
2026-05-09 04:00:00+00:00,13.6,VALID,0.0,VALID,241.542304,VALID,2.50317,VALID,Online,Resolved: Operating normally
2026-05-09 05:00:00+00:00,13.6,VALID,0.0,VALID,248.904672,VALID,2.525268,VALID,Online,Resolved: Operating normally
2026-05-09 06:00:00+00:00,13.6,VALID,0.0,VALID,250.886848,VALID,2.5313640000000004,VALID,Online,Resolved: Operating normally
2026-05-09 07:00:00+00:00,13.55,VALID,0.0,VALID,240.33884,VALID,2.4993600000000002,VALID,Online,Resolved: Operating normally
2026-05-09 08:00:00+00:00,13.425,VALID,0.0,VALID,221.72054400000002,VALID,2.4406860000000004,VALID,Online,Resolved: Operating normally
2026-05-09 09:00:00+00:00,13.25,VALID,0.0,VALID,203.668584,VALID,2.38125,VALID,Online,Resolved: Operating normally
2026-05-09 10:00:00+00:00,13.05,VALID,0.0,VALID,192.271072,VALID,2.342388,VALID,Online,Resolved: Operating normally
2026-05-09 11:00:00+00:00,12.9,VALID,0.0,VALID,183.634448,VALID,2.3119080000000003,VALID,Online,Resolved: Operating normally
2026-05-09 12:00:00+00:00,12.725,VALID,0.0,VALID,179.81168,VALID,2.2981920000000002,VALID,Online,Resolved: Operating normally
2026-05-09 13:00:00+00:00,12.575,VALID,0.0,VALID,177.475544,VALID,2.28981,VALID,Online,Resolved: Operating normally
2026-05-09 14:00:00+00:00,12.425,VALID,0.0,VALID,176.059704,VALID,2.2837140000000002,VALID,Online,Resolved: Operating normally
2026-05-09 15:00:00+00:00,12.4,VALID,0.0,VALID,175.847328,VALID,2.2829520000000003,VALID,Online,Resolved: Operating normally
2026-05-09 16:00:00+00:00,12.4,VALID,0.0,VALID,180.87356,VALID,2.3020020000000003,VALID,Online,Resolved: Operating normally
2026-05-09 17:00:00+00:00,12.375,VALID,0.0,VALID,193.191368,VALID,2.3454360000000003,VALID,Online,Resolved: Operating normally
2026-05-09 18:00:00+00:00,12.475,VALID,0.0,VALID,205.367592,VALID,2.387346,VALID,Online,Resolved: Operating normally
2026-05-09 19:00:00+00:00,12.649999999999999,VALID,0.0,VALID,215.774016,VALID,2.421636,VALID,Online,Resolved: Operating normally
2026-05-09 20:00:00+00:00,12.8,VALID,0.0,VALID,221.86212799999998,VALID,2.441448,VALID,Online,Resolved: Operating normally
2026-05-09 21:00:00+00:00,12.975,VALID,0.0,VALID,225.968064,VALID,2.454402,VALID,Online,Resolved: Operating normally
2026-05-09 22:00:00+00:00,13.174999999999999,VALID,0.0,VALID,226.39281599999998,VALID,2.4559260000000003,VALID,Online,Resolved: Operating normally
2026-05-09 23:00:00+00:00,13.375,VALID,0.0,VALID,228.870536,VALID,2.463546,VALID,Online,Resolved: Operating normally
2026-05-10 00:00:00+00:00,13.5,VALID,0.0,VALID,229.578456,VALID,2.4658320000000002,VALID,Online,Resolved: Operating normally
2026-05-10 01:00:00+00:00,13.6,VALID,0.0,VALID,228.587368,VALID,2.462784,VALID,Online,Resolved: Operating normally
2026-05-10 02:00:00+00:00,13.649999999999999,VALID,0.0,VALID,230.711128,VALID,2.469642,VALID,Online,Resolved: Operating normally
2026-05-10 03:00:00+00:00,13.7,VALID,0.0,VALID,230.074,VALID,2.467356,VALID,Online,Resolved: Operating normally
2026-05-10 04:00:00+00:00,13.7,VALID,0.0,VALID,229.082912,VALID,2.464308,VALID,Online,Resolved: Operating normally
2026-05-10 05:00:00+00:00,13.625,VALID,0.0,VALID,224.48143199999998,VALID,2.4498300000000004,VALID,Online,Resolved: Operating normally
2026-05-10 06:00:00+00:00,13.575,VALID,0.0,VALID,212.092832,VALID,2.409444,VALID,Online,Resolved: Operating normally
2026-05-10 07:00:00+00:00,13.45,VALID,0.0,VALID,198.92552,VALID,2.3652480000000002,VALID,Online,Resolved: Operating normally
2026-05-10 08:00:00+00:00,13.3,VALID,0.0,VALID,189.439392,VALID,2.332482,VALID,Online,Resolved: Operating normally
2026-05-10 09:00:00+00:00,13.1,VALID,0.0,VALID,182.99732,VALID,2.309622,VALID,Online,Resolved: Operating normally
2026-05-10 10:00:00+00:00,12.95,VALID,0.0,VALID,179.174552,VALID,2.295906,VALID,Online,Resolved: Operating normally
2026-05-10 11:00:00+00:00,12.75,VALID,0.0,VALID,177.33396,VALID,2.289048,VALID,Online,Resolved: Operating normally
2026-05-10 12:00:00+00:00,12.6,VALID,0.0,VALID,176.696832,VALID,2.286,VALID,Online,Resolved: Operating normally
2026-05-10 13:00:00+00:00,12.475,VALID,0.0,VALID,176.059704,VALID,2.2837140000000002,VALID,Online,Resolved: Operating normally
2026-05-10 14:00:00+00:00,12.4,VALID,0.0,VALID,175.422576,VALID,2.281428,VALID,Online,Resolved: Operating normally
2026-05-10 15:00:00+00:00,12.325000000000001,VALID,0.0,VALID,175.847328,VALID,2.2829520000000003,VALID,Online,Resolved: Operating normally
2026-05-10 16:00:00+00:00,12.3,VALID,0.0,VALID,180.731976,VALID,2.30124,VALID,Online,Resolved: Operating normally
2026-05-10 17:00:00+00:00,12.3,VALID,0.0,VALID,194.04087199999998,VALID,2.348484,VALID,Online,Resolved: Operating normally
2026-05-10 18:00:00+00:00,12.425,VALID,0.0,VALID,207.845312,VALID,2.395728,VALID,Online,Resolved: Operating normally
2026-05-10 19:00:00+00:00,12.6,VALID,0.0,VALID,217.897776,VALID,2.428494,VALID,Online,Resolved: Operating normally
2026-05-10 20:00:00+00:00,12.875,VALID,0.0,VALID,223.844304,VALID,2.447544,VALID,Online,Resolved: Operating normally
2026-05-10 21:00:00+00:00,13.125,VALID,0.0,VALID,227.10073599999998,VALID,2.4582120000000005,VALID,Online,Resolved: Operating normally
2026-05-10 22:00:00+00:00,13.4,VALID,0.0,VALID,227.80865599999998,VALID,2.4604980000000003,VALID,Online,Resolved: Operating normally
2026-05-10 23:00:00+00:00,13.625,VALID,0.0,VALID,228.30419999999998,VALID,2.462022,VALID,Online,Resolved: Operating normally
2026-05-11 00:00:00+00:00,13.850000000000001,VALID,0.0,VALID,230.074,VALID,2.467356,VALID,Online,Resolved: Operating normally
2026-05-11 01:00:00+00:00,14.05,VALID,0.0,VALID,230.074,VALID,2.467356,VALID,Online,Resolved: Operating normally
2026-05-11 02:00:00+00:00,14.1,VALID,0.0,VALID,230.498752,VALID,2.46888,VALID,Online,Resolved: Operating normally
2026-05-11 03:00:00+00:00,14.1,VALID,0.0,VALID,230.498752,VALID,2.46888,VALID,Online,Resolved: Operating normally
2026-05-11 04:00:00+00:00,13.975,VALID,0.0,VALID,230.498752,VALID,2.46888,VALID,Online,Resolved: Operating normally
2026-05-11 05:00:00+00:00,13.825000000000001,VALID,0.0,VALID,224.906184,VALID,2.4513540000000003,VALID,Online,Resolved: Operating normally
2026-05-11 06:00:00+00:00,13.7,VALID,0.0,VALID,211.66807999999997,VALID,2.40792,VALID,Online,Resolved: Operating normally
2026-05-11 07:00:00+00:00,13.575,VALID,0.0,VALID,198.500768,VALID,2.3637240000000004,VALID,Online,Resolved: Operating normally
2026-05-11 08:00:00+00:00,13.4,VALID,0.0,VALID,189.01463999999999,VALID,2.330958,VALID,Online,Resolved: Operating normally
2026-05-11 09:00:00+00:00,13.225,VALID,0.0,VALID,182.784944,VALID,2.30886,VALID,Online,Resolved: Operating normally
2026-05-11 10:00:00+00:00,13.05,VALID,0.0,VALID,179.174552,VALID,2.295906,VALID,Online,Resolved: Operating normally
2026-05-11 11:00:00+00:00,12.850000000000001,VALID,0.0,VALID,177.475544,VALID,2.28981,VALID,Online,Resolved: Operating normally
2026-05-11 12:00:00+00:00,12.7,VALID,0.0,VALID,176.484456,VALID,2.285238,VALID,Online,Resolved: Operating normally
2026-05-11 13:00:00+00:00,12.575,VALID,0.0,VALID,176.838416,VALID,2.286762,VALID,Online,Resolved: Operating normally
2026-05-11 14:00:00+00:00,12.475,VALID,0.0,VALID,181.298312,VALID,2.303526,VALID,Online,Resolved: Operating normally
2026-05-11 15:00:00+00:00,12.4,VALID,0.0,VALID,193.828496,VALID,2.347722,VALID,Online,Resolved: Operating normally
2026-05-11 16:00:00+00:00,12.4,VALID,0.0,VALID,207.208184,VALID,2.3934420000000003,VALID,Online,Resolved: Operating normally
2026-05-11 17:00:00+00:00,12.525,VALID,0.0,VALID,216.97747999999999,VALID,2.425446,VALID,Online,Resolved: Operating normally
2026-05-11 18:00:00+00:00,12.675,VALID,0.0,VALID,222.357672,VALID,2.442972,VALID,Online,Resolved: Operating normally
2026-05-11 19:00:00+00:00,12.9,VALID,0.0,VALID,225.68489599999998,VALID,2.45364,VALID,Online,Resolved: Operating normally
2026-05-11 20:00:00+00:00,13.1,VALID,0.0,VALID,227.879448,VALID,2.4604980000000003,VALID,Online,Resolved: Operating normally
2026-05-11 21:00:00+00:00,13.25,VALID,0.0,VALID,229.36608,VALID,2.4650700000000003,VALID,Online,Resolved: Operating normally
2026-05-11 22:00:00+00:00,13.45,VALID,0.0,VALID,229.861624,VALID,2.466594,VALID,Online,Resolved: Operating normally
2026-05-11 23:00:00+00:00,13.575,VALID,0.0,VALID,229.649248,VALID,2.4658320000000002,VALID,Online,Resolved: Operating normally
2026-05-12 00:00:00+00:00,13.649999999999999,VALID,0.0,VALID,230.003208,VALID,2.467356,VALID,Online,Resolved: Operating normally
2026-05-12 01:00:00+00:00,13.7,VALID,0.0,VALID,229.861624,VALID,2.466594,VALID,Online,Resolved: Operating normally
2026-05-12 02:00:00+00:00,13.7,VALID,0.0,VALID,230.498752,VALID,2.46888,VALID,Online,Resolved: Operating normally
2026-05-12 03:00:00+00:00,13.7,VALID,0.0,VALID,233.896768,VALID,2.4795480000000003,VALID,Online,Resolved: Operating normally
2026-05-12 04:00:00+00:00,13.7,VALID,0.0,VALID,241.825472,VALID,2.5039320000000003,VALID,Online,Resolved: Operating normally
2026-05-12 05:00:00+00:00,13.7,VALID,0.0,VALID,249.400216,VALID,2.5267920000000004,VALID,Online,Resolved: Operating normally
2026-05-12 06:00:00+00:00,13.7,VALID,0.0,VALID,250.391304,VALID,2.52984,VALID,Online,Resolved: Operating normally
2026-05-12 07:00:00+00:00,13.7,VALID,0.0,VALID,239.843296,VALID,2.4978360000000004,VALID,Online,Resolved: Operating normally
2026-05-12 08:00:00+00:00,13.575,VALID,0.0,VALID,222.216088,VALID,2.44221,VALID,Online,Resolved: Operating normally
2026-05-12 09:00:00+00:00,13.425,VALID,0.0,VALID,205.013632,VALID,2.385822,VALID,Online,Resolved: Operating normally
2026-05-12 10:00:00+00:00,13.25,VALID,0.0,VALID,193.191368,VALID,2.3454360000000003,VALID,Online,Resolved: Operating normally
2026-05-12 11:00:00+00:00,13.1,VALID,0.0,VALID,185.12108,VALID,2.3172420000000002,VALID,Online,Resolved: Operating normally
2026-05-12 12:00:00+00:00,12.925,VALID,0.0,VALID,180.661184,VALID,2.30124,VALID,Online,Resolved: Operating normally
2026-05-12 13:00:00+00:00,12.8,VALID,0.0,VALID,178.537424,VALID,2.2936199999999998,VALID,Online,Resolved: Operating normally
2026-05-12 14:00:00+00:00,12.7,VALID,0.0,VALID,182.36019199999998,VALID,2.3073360000000003,VALID,Online,Resolved: Operating normally
2026-05-12 15:00:00+00:00,12.649999999999999,VALID,0.0,VALID,194.536416,VALID,2.3500080000000003,VALID,Online,Resolved: Operating normally
2026-05-12 16:00:00+00:00,12.6,VALID,0.0,VALID,207.42056,VALID,2.394204,VALID,Online,Resolved: Operating normally
2026-05-12 17:00:00+00:00,12.649999999999999,VALID,0.0,VALID,217.189856,VALID,2.426208,VALID,Online,Resolved: Operating normally
2026-05-12 18:00:00+00:00,12.775,VALID,0.0,VALID,223.77351199999998,VALID,2.447544,VALID,Online,Resolved: Operating normally
2026-05-12 19:00:00+00:00,12.975,VALID,0.0,VALID,226.88836,VALID,2.4574500000000006,VALID,Online,Resolved: Operating normally
2026-05-12 20:00:00+00:00,13.225,VALID,0.0,VALID,228.587368,VALID,2.462784,VALID,Online,Resolved: Operating normally
2026-05-12 21:00:00+00:00,13.5,VALID,0.0,VALID,229.861624,VALID,2.466594,VALID,Online,Resolved: Operating normally
2026-05-12 22:00:00+00:00,13.775,VALID,0.0,VALID,230.286376,VALID,2.468118,VALID,Online,Resolved: Operating normally
2026-05-12 23:00:00+00:00,13.95,VALID,0.0,VALID,231.13588,VALID,2.471166,VALID,Online,Resolved: Operating normally
2026-05-13 00:00:00+00:00,14.149999999999999,VALID,0.0,VALID,232.33934399999998,VALID,2.4749760000000003,VALID,Online,Resolved: Operating normally
2026-05-13 01:00:00+00:00,14.225,VALID,0.0,VALID,233.118056,VALID,2.4772620000000005,VALID,Online,Resolved: Operating normally
2026-05-13 02:00:00+00:00,14.3,VALID,0.0,VALID,233.6136,VALID,2.4787860000000004,VALID,Online,Resolved: Operating normally
2026-05-13 03:00:00+00:00,14.25,VALID,0.0,VALID,236.37448799999999,VALID,2.487168,VALID,Online,Resolved: Operating normally
2026-05-13 04:00:00+00:00,14.2,VALID,0.0,VALID,242.250224,VALID,2.505456,VALID,Online,Resolved: Operating normally
2026-05-13 05:00:00+00:00,14.225,VALID,0.0,VALID,249.117048,VALID,2.5260300000000004,VALID,Online,Resolved: Operating normally
2026-05-13 06:00:00+00:00,14.3,VALID,0.0,VALID,249.683384,VALID,2.5275540000000003,VALID,Online,Resolved: Operating normally
2026-05-13 07:00:00+00:00,14.2,VALID,0.0,VALID,239.347752,VALID,2.496312,VALID,Online,Resolved: Operating normally
2026-05-13 08:00:00+00:00,14.125,VALID,0.0,VALID,222.145296,VALID,2.44221,VALID,Online,Resolved: Operating normally
2026-05-13 09:00:00+00:00,13.95,VALID,0.0,VALID,205.155216,VALID,2.386584,VALID,Online,Resolved: Operating normally
2026-05-13 10:00:00+00:00,13.775,VALID,0.0,VALID,192.058696,VALID,2.341626,VALID,Online,Resolved: Operating normally
2026-05-13 11:00:00+00:00,13.6,VALID,0.0,VALID,183.422072,VALID,2.311146,VALID,Online,Resolved: Operating normally
2026-05-13 12:00:00+00:00,13.45,VALID,0.0,VALID,178.962176,VALID,2.295144,VALID,Online,Resolved: Operating normally
2026-05-13 13:00:00+00:00,13.325000000000001,VALID,0.0,VALID,177.192376,VALID,2.2882860000000003,VALID,Online,Resolved: Operating normally
2026-05-13 14:00:00+00:00,13.225,VALID,0.0,VALID,181.298312,VALID,2.303526,VALID,Online,Resolved: Operating normally
2026-05-13 15:00:00+00:00,13.2,VALID,0.0,VALID,193.89928799999998,VALID,2.347722,VALID,Online,Resolved: Operating normally
2026-05-13 16:00:00+00:00,13.2,VALID,0.0,VALID,206.783432,VALID,2.391918,VALID,Online,Resolved: Operating normally
2026-05-13 17:00:00+00:00,13.2,VALID,0.0,VALID,215.986392,VALID,2.4223980000000003,VALID,Online,Resolved: Operating normally
2026-05-13 18:00:00+00:00,13.325000000000001,VALID,0.0,VALID,221.93292,VALID,2.4414480000000003,VALID,Online,Resolved: Operating normally
2026-05-13 19:00:00+00:00,13.475,VALID,0.0,VALID,224.97697599999998,VALID,2.451354,VALID,Online,Resolved: Operating normally
2026-05-13 20:00:00+00:00,13.6,VALID,0.0,VALID,227.10073599999998,VALID,2.4582120000000005,VALID,Online,Resolved: Operating normally
2026-05-13 21:00:00+00:00,13.8,VALID,0.0,VALID,226.88836,VALID,2.4574500000000006,VALID,Online,Resolved: Operating normally
2026-05-13 22:00:00+00:00,14.0,VALID,0.0,VALID,228.587368,VALID,2.462784,VALID,Online,Resolved: Operating normally
2026-05-13 23:00:00+00:00,14.125,VALID,0.0,VALID,228.091824,VALID,2.4612600000000002,VALID,Online,Resolved: Operating normally
2026-05-14 00:00:00+00:00,14.225,VALID,0.0,VALID,229.790832,VALID,2.466594,VALID,Online,Resolved: Operating normally
2026-05-14 01:00:00+00:00,14.350000000000001,VALID,0.0,VALID,230.074,VALID,2.467356,VALID,Online,Resolved: Operating normally
2026-05-14 02:00:00+00:00,14.4,VALID,0.0,VALID,230.286376,VALID,2.468118,VALID,Online,Resolved: Operating normally
2026-05-14 03:00:00+00:00,14.325000000000001,VALID,0.0,VALID,234.392312,VALID,2.481072,VALID,Online,Resolved: Operating normally
2026-05-14 04:00:00+00:00,14.25,VALID,0.0,VALID,241.542304,VALID,2.5031700000000003,VALID,Online,Resolved: Operating normally
2026-05-14 05:00:00+00:00,14.149999999999999,VALID,0.0,VALID,247.630416,VALID,2.521458,VALID,Online,Resolved: Operating normally
2026-05-14 06:00:00+00:00,14.1,VALID,0.0,VALID,249.612592,VALID,2.5275540000000003,VALID,Online,Resolved: Operating normally
2026-05-14 07:00:00+00:00,14.0,VALID,0.0,VALID,239.63092,VALID,2.497074,VALID,Online,Resolved: Operating normally
2026-05-14 08:00:00+00:00,13.850000000000001,VALID,0.0,VALID,220.94183199999998,VALID,2.4384,VALID,Online,Resolved: Operating normally
2026-05-14 09:00:00+00:00,13.7,VALID,0.0,VALID,203.66858399999998,VALID,2.38125,VALID,Online,Resolved: Operating normally
2026-05-14 10:00:00+00:00,13.5,VALID,0.0,VALID,190.78444,VALID,2.337054,VALID,Online,Resolved: Operating normally
2026-05-14 11:00:00+00:00,13.350000000000001,VALID,0.0,VALID,183.42207200000001,VALID,2.311146,VALID,Online,Resolved: Operating normally
2026-05-14 12:00:00+00:00,13.149999999999999,VALID,0.0,VALID,178.7498,VALID,2.294382,VALID,Online,Resolved: Operating normally
2026-05-14 13:00:00+00:00,12.95,VALID,0.0,VALID,176.838416,VALID,2.286762,VALID,Online,Resolved: Operating normally
2026-05-14 14:00:00+00:00,12.8,VALID,0.0,VALID,180.661184,VALID,2.30124,VALID,Online,Resolved: Operating normally
2026-05-14 15:00:00+00:00,12.649999999999999,VALID,0.0,VALID,192.9082,VALID,2.3446740000000004,VALID,Online,Resolved: Operating normally
2026-05-14 16:00:00+00:00,12.6,VALID,0.0,VALID,206.146304,VALID,2.389632,VALID,Online,Resolved: Operating normally
2026-05-14 17:00:00+00:00,12.6,VALID,0.0,VALID,216.26956,VALID,2.42316,VALID,Online,Resolved: Operating normally
2026-05-14 18:00:00+00:00,12.7,VALID,0.0,VALID,222.357672,VALID,2.442972,VALID,Online,Resolved: Operating normally
2026-05-14 19:00:00+00:00,12.925,VALID,0.0,VALID,225.755688,VALID,2.45364,VALID,Online,Resolved: Operating normally
2026-05-14 20:00:00+00:00,13.125,VALID,0.0,VALID,227.80865599999998,VALID,2.4604980000000003,VALID,Online,Resolved: Operating normally
2026-05-14 21:00:00+00:00,13.350000000000001,VALID,0.0,VALID,228.30419999999998,VALID,2.462022,VALID,Online,Resolved: Operating normally
2026-05-14 22:00:00+00:00,13.575,VALID,0.0,VALID,229.36608,VALID,2.4650700000000003,VALID,Online,Resolved: Operating normally
2026-05-14 23:00:00+00:00,13.725,VALID,0.0,VALID,229.649248,VALID,2.4658320000000002,VALID,Online,Resolved: Operating normally
2026-05-15 00:00:00+00:00,13.850000000000001,VALID,0.0,VALID,229.649248,VALID,2.4658320000000002,VALID,Online,Resolved: Operating normally
2026-05-15 01:00:00+00:00,13.975,VALID,0.0,VALID,229.861624,VALID,2.466594,VALID,Online,Resolved: Operating normally
2026-05-15 02:00:00+00:00,14.0,VALID,0.0,VALID,230.286376,VALID,2.468118,VALID,Online,Resolved: Operating normally
2026-05-15 03:00:00+00:00,14.0,VALID,0.0,VALID,233.684392,VALID,2.478786,VALID,Online,Resolved: Operating normally
2026-05-15 04:00:00+00:00,13.9,VALID,0.0,VALID,241.40072,VALID,2.502408,VALID,Online,Resolved: Operating normally
2026-05-15 05:00:00+00:00,13.9,VALID,0.0,VALID,248.196752,VALID,2.522982,VALID,Online,Resolved: Operating normally
2026-05-15 06:00:00+00:00,13.875,VALID,0.0,VALID,249.89576,VALID,2.5283160000000002,VALID,Online,Resolved: Operating normally
2026-05-15 07:00:00+00:00,13.8,VALID,0.0,VALID,239.347752,VALID,2.496312,VALID,Online,Resolved: Operating normally
2026-05-15 08:00:00+00:00,13.674999999999999,VALID,0.0,VALID,221.15420799999998,VALID,2.439162,VALID,Online,Resolved: Operating normally
2026-05-15 09:00:00+00:00,13.475,VALID,0.0,VALID,204.093336,VALID,2.382774,VALID,Online,Resolved: Operating normally
2026-05-15 10:00:00+00:00,13.275,VALID,0.0,VALID,190.996816,VALID,2.337816,VALID,Online,Resolved: Operating normally
2026-05-15 11:00:00+00:00,13.05,VALID,0.0,VALID,183.209696,VALID,2.310384,VALID,Online,Resolved: Operating normally
2026-05-15 12:00:00+00:00,12.850000000000001,VALID,0.0,VALID,178.7498,VALID,2.294382,VALID,Online,Resolved: Operating normally
2026-05-15 13:00:00+00:00,12.649999999999999,VALID,0.0,VALID,177.121584,VALID,2.2882860000000003,VALID,Online,Resolved: Operating normally
2026-05-15 14:00:00+00:00,12.55,VALID,0.0,VALID,180.87356,VALID,2.302002,VALID,Online,Resolved: Operating normally
2026-05-15 15:00:00+00:00,12.5,VALID,0.0,VALID,193.332952,VALID,2.3461980000000002,VALID,Online,Resolved: Operating normally
2026-05-15 16:00:00+00:00,12.5,VALID,0.0,VALID,206.783432,VALID,2.391918,VALID,Online,Resolved: Operating normally
2026-05-15 17:00:00+00:00,12.525,VALID,0.0,VALID,216.552728,VALID,2.423922,VALID,Online,Resolved: Operating normally
2026-05-15 18:00:00+00:00,12.649999999999999,VALID,0.0,VALID,222.57004799999999,VALID,2.443734,VALID,Online,Resolved: Operating normally
2026-05-15 19:00:00+00:00,12.850000000000001,VALID,0.0,VALID,225.47252,VALID,2.452878,VALID,Online,Resolved: Operating normally
2026-05-15 20:00:00+00:00,13.125,VALID,0.0,VALID,227.525488,VALID,2.4597360000000004,VALID,Online,Resolved: Operating normally
2026-05-15 21:00:00+00:00,13.350000000000001,VALID,0.0,VALID,228.79974399999998,VALID,2.463546,VALID,Online,Resolved: Operating normally
2026-05-15 22:00:00+00:00,13.6,VALID,0.0,VALID,229.082912,VALID,2.464308,VALID,Online,Resolved: Operating normally
2026-05-15 23:00:00+00:00,13.8,VALID,0.0,VALID,229.36608,VALID,2.4650700000000003,VALID,Online,Resolved: Operating normally
2026-05-16 00:00:00+00:00,14.05,VALID,0.0,VALID,229.36608,VALID,2.4650700000000003,VALID,Online,Resolved: Operating normally
2026-05-16 01:00:00+00:00,14.149999999999999,VALID,0.0,VALID,228.870536,VALID,2.463546,VALID,Online,Resolved: Operating normally
2026-05-16 02:00:00+00:00,14.2,VALID,0.0,VALID,230.286376,VALID,2.468118,VALID,Online,Resolved: Operating normally
2026-05-16 03:00:00+00:00,14.2,VALID,0.0,VALID,231.985384,VALID,2.473452,VALID,Online,Resolved: Operating normally
2026-05-16 04:00:00+00:00,14.2,VALID,0.0,VALID,241.61309599999998,VALID,2.50317,VALID,Online,Resolved: Operating normally
2026-05-16 05:00:00+00:00,14.1,VALID,0.0,VALID,248.338336,VALID,2.523744,VALID,Online,Resolved: Operating normally
2026-05-16 06:00:00+00:00,14.05,VALID,0.0,VALID,249.89576,VALID,2.5283160000000002,VALID,Online,Resolved: Operating normally
2026-05-16 07:00:00+00:00,13.9,VALID,0.0,VALID,239.064584,VALID,2.49555,VALID,Online,Resolved: Operating normally
2026-05-16 08:00:00+00:00,13.725,VALID,0.0,VALID,220.304704,VALID,2.436114,VALID,Online,Resolved: Operating normally
2026-05-16 09:00:00+00:00,13.55,VALID,0.0,VALID,203.88096,VALID,2.382012,VALID,Online,Resolved: Operating normally
2026-05-16 10:00:00+00:00,13.375,VALID,0.0,VALID,191.209192,VALID,2.338578,VALID,Online,Resolved: Operating normally
2026-05-16 11:00:00+00:00,13.174999999999999,VALID,0.0,VALID,182.99732,VALID,2.309622,VALID,Online,Resolved: Operating normally
2026-05-16 12:00:00+00:00,13.025,VALID,0.0,VALID,177.971088,VALID,2.291334,VALID,Online,Resolved: Operating normally
2026-05-16 13:00:00+00:00,12.9,VALID,0.0,VALID,174.997824,VALID,2.279904,VALID,Online,Resolved: Operating normally
2026-05-16 14:00:00+00:00,12.8,VALID,0.0,VALID,173.93594399999998,VALID,2.276094,VALID,Online,Resolved: Operating normally
2026-05-16 15:00:00+00:00,12.7,VALID,0.0,VALID,173.511192,VALID,2.27457,VALID,Online,Resolved: Operating normally
2026-05-16 16:00:00+00:00,12.7,VALID,0.0,VALID,178.39584,VALID,2.2928580000000003,VALID,Online,Resolved: Operating normally
2026-05-16 17:00:00+00:00,12.7,VALID,0.0,VALID,191.63394399999999,VALID,2.340102,VALID,Online,Resolved: Operating normally
2026-05-16 18:00:00+00:00,12.75,VALID,0.0,VALID,206.075512,VALID,2.389632,VALID,Online,Resolved: Operating normally
2026-05-16 19:00:00+00:00,12.9,VALID,0.0,VALID,215.986392,VALID,2.4223980000000003,VALID,Online,Resolved: Operating normally
2026-05-16 20:00:00+00:00,13.05,VALID,0.0,VALID,221.93292,VALID,2.441448,VALID,Online,Resolved: Operating normally
2026-05-16 21:00:00+00:00,13.325,VALID,0.0,VALID,225.260144,VALID,2.452116,VALID,Online,Resolved: Operating normally
2026-05-16 22:00:00+00:00,13.625,VALID,0.0,VALID,226.322024,VALID,2.4559260000000003,VALID,Online,Resolved: Operating normally
2026-05-16 23:00:00+00:00,13.875,VALID,0.0,VALID,227.383904,VALID,2.4589740000000004,VALID,Online,Resolved: Operating normally
2026-05-17 00:00:00+00:00,14.025,VALID,0.0,VALID,228.87053600000002,VALID,2.463546,VALID,Online,Resolved: Operating normally
2026-05-17 01:00:00+00:00,14.149999999999999,VALID,0.0,VALID,228.79974399999998,VALID,2.463546,VALID,Online,Resolved: Operating normally
2026-05-17 02:00:00+00:00,14.2,VALID,0.0,VALID,228.79974399999998,VALID,2.463546,VALID,Online,Resolved: Operating normally
2026-05-17 03:00:00+00:00,14.2,VALID,0.0,VALID,230.074,VALID,2.467356,VALID,Online,Resolved: Operating normally
2026-05-17 04:00:00+00:00,14.2,VALID,0.0,VALID,227.879448,VALID,2.4604980000000003,VALID,Online,Resolved: Operating normally
2026-05-17 05:00:00+00:00,14.149999999999999,VALID,0.0,VALID,223.561136,VALID,2.4467820000000002,VALID,Online,Resolved: Operating normally
2026-05-17 06:00:00+00:00,14.075,VALID,0.0,VALID,210.67699199999998,VALID,2.404872,VALID,Online,Resolved: Operating normally
2026-05-17 07:00:00+00:00,13.975,VALID,0.0,VALID,197.792848,VALID,2.361438,VALID,Online,Resolved: Operating normally
2026-05-17 08:00:00+00:00,13.850000000000001,VALID,0.0,VALID,187.457216,VALID,2.3256240000000004,VALID,Online,Resolved: Operating normally
2026-05-17 09:00:00+00:00,13.75,VALID,0.0,VALID,180.44880799999999,VALID,2.300478,VALID,Online,Resolved: Operating normally
2026-05-17 10:00:00+00:00,13.55,VALID,0.0,VALID,176.767624,VALID,2.2867620000000004,VALID,Online,Resolved: Operating normally
2026-05-17 11:00:00+00:00,13.325,VALID,0.0,VALID,174.785448,VALID,2.2791420000000002,VALID,Online,Resolved: Operating normally
2026-05-17 12:00:00+00:00,13.149999999999999,VALID,0.0,VALID,173.723568,VALID,2.275332,VALID,Online,Resolved: Operating normally
2026-05-17 13:00:00+00:00,12.9,VALID,0.0,VALID,173.08643999999998,VALID,2.2730460000000003,VALID,Online,Resolved: Operating normally
2026-05-17 14:00:00+00:00,12.75,VALID,0.0,VALID,172.449312,VALID,2.27076,VALID,Online,Resolved: Operating normally
2026-05-17 15:00:00+00:00,12.575,VALID,0.0,VALID,172.661688,VALID,2.271522,VALID,Online,Resolved: Operating normally
2026-05-17 16:00:00+00:00,12.5,VALID,0.0,VALID,178.04188,VALID,2.291334,VALID,Online,Resolved: Operating normally
2026-05-17 17:00:00+00:00,12.425,VALID,0.0,VALID,191.63394399999999,VALID,2.340102,VALID,Online,Resolved: Operating normally
2026-05-17 18:00:00+00:00,12.55,VALID,0.0,VALID,204.801256,VALID,2.38506,VALID,Online,Resolved: Operating normally
2026-05-17 19:00:00+00:00,12.675,VALID,0.0,VALID,215.278472,VALID,2.420112,VALID,Online,Resolved: Operating normally
2026-05-17 20:00:00+00:00,12.850000000000001,VALID,0.0,VALID,220.51708,VALID,2.436876,VALID,Online,Resolved: Operating normally
2026-05-17 21:00:00+00:00,13.05,VALID,0.0,VALID,224.48143199999998,VALID,2.44983,VALID,Online,Resolved: Operating normally
2026-05-17 22:00:00+00:00,13.2,VALID,0.0,VALID,226.605192,VALID,2.456688,VALID,Online,Resolved: Operating normally
2026-05-17 23:00:00+00:00,13.325000000000001,VALID,0.0,VALID,227.383904,VALID,2.4589740000000004,VALID,Online,Resolved: Operating normally
2026-05-18 00:00:00+00:00,13.4,VALID,0.0,VALID,227.525488,VALID,2.4597360000000004,VALID,Online,Resolved: Operating normally
2026-05-18 01:00:00+00:00,13.5,VALID,0.0,VALID,227.59627999999998,VALID,2.4597360000000004,VALID,Online,Resolved: Operating normally
2026-05-18 02:00:00+00:00,13.5,VALID,0.0,VALID,228.374992,VALID,2.462022,VALID,Online,Resolved: Operating normally
2026-05-18 03:00:00+00:00,13.5,VALID,0.0,VALID,226.817568,VALID,2.45745,VALID,Online,Resolved: Operating normally
2026-05-18 04:00:00+00:00,13.5,VALID,0.0,VALID,228.87053600000002,VALID,2.463546,VALID,Online,Resolved: Operating normally
2026-05-18 05:00:00+00:00,13.5,VALID,0.0,VALID,220.51708,VALID,2.4368760000000003,VALID,Online,Resolved: Operating normally
2026-05-18 06:00:00+00:00,13.5,VALID,0.0,VALID,208.12848,VALID,2.39649,VALID,Online,Resolved: Operating normally
2026-05-18 07:00:00+00:00,13.425,VALID,0.0,VALID,196.306216,VALID,2.356104,VALID,Online,Resolved: Operating normally
2026-05-18 08:00:00+00:00,13.325000000000001,VALID,0.0,VALID,186.395336,VALID,2.321814,VALID,Online,Resolved: Operating normally
2026-05-18 09:00:00+00:00,13.149999999999999,VALID,0.0,VALID,181.510688,VALID,2.304288,VALID,Online,Resolved: Operating normally
2026-05-18 10:00:00+00:00,12.95,VALID,0.0,VALID,177.758712,VALID,2.290572,VALID,Online,Resolved: Operating normally
2026-05-18 11:00:00+00:00,12.75,VALID,0.0,VALID,175.2102,VALID,2.280666,VALID,Online,Resolved: Operating normally
2026-05-18 12:00:00+00:00,12.575,VALID,0.0,VALID,175.422576,VALID,2.281428,VALID,Online,Resolved: Operating normally
2026-05-18 13:00:00+00:00,12.4,VALID,0.0,VALID,174.785448,VALID,2.2791420000000002,VALID,Online,Resolved: Operating normally
2026-05-18 14:00:00+00:00,12.225,VALID,0.0,VALID,179.245344,VALID,2.295906,VALID,Online,Resolved: Operating normally
2026-05-18 15:00:00+00:00,12.075,VALID,0.0,VALID,192.058696,VALID,2.341626,VALID,Online,Resolved: Operating normally
2026-05-18 16:00:00+00:00,11.95,VALID,0.0,VALID,206.075512,VALID,2.389632,VALID,Online,Resolved: Operating normally
2026-05-18 17:00:00+00:00,11.825000000000001,VALID,0.0,VALID,215.56163999999998,VALID,2.420874,VALID,Online,Resolved: Operating normally
2026-05-18 18:00:00+00:00,11.8,VALID,0.0,VALID,220.233912,VALID,2.436114,VALID,Online,Resolved: Operating normally
2026-05-18 19:00:00+00:00,11.9,VALID,0.0,VALID,224.198264,VALID,2.449068,VALID,Online,Resolved: Operating normally
2026-05-18 20:00:00+00:00,12.025,VALID,0.0,VALID,226.392816,VALID,2.4559260000000003,VALID,Online,Resolved: Operating normally
2026-05-18 21:00:00+00:00,12.2,VALID,0.0,VALID,226.392816,VALID,2.4559260000000003,VALID,Online,Resolved: Operating normally
2026-05-18 22:00:00+00:00,12.375,VALID,0.0,VALID,226.817568,VALID,2.45745,VALID,Online,Resolved: Operating normally
2026-05-18 23:00:00+00:00,12.4,VALID,0.0,VALID,226.18044,VALID,2.4551640000000003,VALID,Online,Resolved: Operating normally
2026-05-19 00:00:00+00:00,12.4,VALID,0.0,VALID,229.082912,VALID,2.464308,VALID,Online,Resolved: Operating normally
2026-05-19 01:00:00+00:00,12.3,VALID,0.0,VALID,228.587368,VALID,2.462784,VALID,Online,Resolved: Operating normally
2026-05-19 02:00:00+00:00,12.3,VALID,0.0,VALID,228.374992,VALID,2.462022,VALID,Online,Resolved: Operating normally
2026-05-19 03:00:00+00:00,12.3,VALID,0.0,VALID,230.711128,VALID,2.4696420000000003,VALID,Online,Resolved: Operating normally
2026-05-19 04:00:00+00:00,12.275,VALID,0.0,VALID,238.144288,VALID,2.492502,VALID,Online,Resolved: Operating normally
2026-05-19 05:00:00+00:00,12.2,VALID,0.0,VALID,245.081904,VALID,2.5138380000000002,VALID,Online,Resolved: Operating normally
2026-05-19 06:00:00+00:00,12.174999999999999,VALID,0.0,VALID,248.12596,VALID,2.522982,VALID,Online,Resolved: Operating normally
2026-05-19 07:00:00+00:00,12.05,VALID,0.0,VALID,239.347752,VALID,2.496312,VALID,Online,Resolved: Operating normally
2026-05-19 08:00:00+00:00,11.9,VALID,0.0,VALID,221.012624,VALID,2.4384,VALID,Online,Resolved: Operating normally
2026-05-19 09:00:00+00:00,11.75,VALID,0.0,VALID,203.66858399999998,VALID,2.38125,VALID,Online,Resolved: Operating normally
2026-05-19 10:00:00+00:00,11.625,VALID,0.0,VALID,191.209192,VALID,2.338578,VALID,Online,Resolved: Operating normally
2026-05-19 11:00:00+00:00,11.525,VALID,0.0,VALID,183.209696,VALID,2.310384,VALID,Online,Resolved: Operating normally
2026-05-19 12:00:00+00:00,11.425,VALID,0.0,VALID,178.325048,VALID,2.292858,VALID,Online,Resolved: Operating normally
2026-05-19 13:00:00+00:00,11.350000000000001,VALID,0.0,VALID,176.484456,VALID,2.285238,VALID,Online,Resolved: Operating normally
2026-05-19 14:00:00+00:00,11.3,VALID,0.0,VALID,180.87356,VALID,2.302002,VALID,Online,Resolved: Operating normally
2026-05-19 15:00:00+00:00,11.3,VALID,0.0,VALID,193.403744,VALID,2.3461980000000002,VALID,Online,Resolved: Operating normally
2026-05-19 16:00:00+00:00,11.225,VALID,0.0,VALID,206.571056,VALID,2.391156,VALID,Online,Resolved: Operating normally
2026-05-19 17:00:00+00:00,11.25,VALID,0.0,VALID,216.057184,VALID,2.4223980000000003,VALID,Online,Resolved: Operating normally
2026-05-19 18:00:00+00:00,11.375,VALID,0.0,VALID,221.93292,VALID,2.441448,VALID,Online,Resolved: Operating normally
2026-05-19 19:00:00+00:00,11.475,VALID,0.0,VALID,225.260144,VALID,2.452116,VALID,Online,Resolved: Operating normally
2026-05-19 20:00:00+00:00,11.675,VALID,0.0,VALID,231.560632,VALID,2.471928,VALID,Online,Resolved: Operating normally
2026-05-19 21:00:00+00:00,11.850000000000001,VALID,0.0,VALID,253.506152,VALID,2.538984,VALID,Online,Resolved: Operating normally
2026-05-19 22:00:00+00:00,12.025,VALID,0.0,VALID,269.929896,VALID,2.58699,VALID,Online,Resolved: Operating normally
2026-05-19 23:00:00+00:00,12.25,VALID,0.0,VALID,262.85069599999997,VALID,2.5664160000000003,VALID,Online,Resolved: Operating normally
2026-05-20 00:00:00+00:00,12.45,VALID,0.0,VALID,252.44427199999998,VALID,2.5359360000000004,VALID,Online,Resolved: Operating normally
2026-05-20 01:00:00+00:00,12.7,VALID,0.0,VALID,243.38289600000002,VALID,2.5085040000000003,VALID,Online,Resolved: Operating normally
2026-05-20 02:00:00+00:00,12.9,VALID,0.0,VALID,237.86112,VALID,2.49174,VALID,Online,Resolved: Operating normally
2026-05-20 03:00:00+00:00,13.075,VALID,0.0,VALID,237.86112,VALID,2.49174,VALID,Online,Resolved: Operating normally
2026-05-20 04:00:00+00:00,13.2,VALID,0.0,VALID,243.52447999999998,VALID,2.509266,VALID,Online,Resolved: Operating normally
2026-05-20 05:00:00+00:00,13.2,VALID,0.0,VALID,250.17892799999998,VALID,2.529078,VALID,Online,Resolved: Operating normally
2026-05-20 06:00:00+00:00,13.05,VALID,0.0,VALID,250.60368,VALID,2.530602,VALID,Online,Resolved: Operating normally
2026-05-20 07:00:00+00:00,12.75,VALID,0.0,VALID,239.914088,VALID,2.497836,VALID,Online,Resolved: Operating normally
2026-05-20 08:00:00+00:00,12.4,VALID,0.0,VALID,221.437376,VALID,2.439924,VALID,Online,Resolved: Operating normally
2026-05-20 09:00:00+00:00,12.225,VALID,0.0,VALID,203.88096,VALID,2.382012,VALID,Online,Resolved: Operating normally
2026-05-20 10:00:00+00:00,12.075,VALID,0.0,VALID,191.63394399999999,VALID,2.340102,VALID,Online,Resolved: Operating normally
2026-05-20 11:00:00+00:00,12.0,VALID,0.0,VALID,183.846824,VALID,2.31267,VALID,Online,Resolved: Operating normally
2026-05-20 12:00:00+00:00,11.9,VALID,0.0,VALID,179.386928,VALID,2.296668,VALID,Online,Resolved: Operating normally
2026-05-20 13:00:00+00:00,11.8,VALID,0.0,VALID,177.33396,VALID,2.289048,VALID,Online,Resolved: Operating normally
2026-05-20 14:00:00+00:00,11.725,VALID,0.0,VALID,181.085936,VALID,2.302764,VALID,Online,Resolved: Operating normally
2026-05-20 15:00:00+00:00,11.725,VALID,0.0,VALID,193.61612,VALID,2.34696,VALID,Online,Resolved: Operating normally
2026-05-20 16:00:00+00:00,11.8,VALID,0.0,VALID,207.208184,VALID,2.3934420000000003,VALID,Online,Resolved: Operating normally
2026-05-20 17:00:00+00:00,11.975,VALID,0.0,VALID,216.411144,VALID,2.423922,VALID,Online,Resolved: Operating normally
2026-05-20 18:00:00+00:00,12.25,VALID,0.0,VALID,223.34876,VALID,2.44602,VALID,Online,Resolved: Operating normally
2026-05-20 19:00:00+00:00,12.65,VALID,0.0,VALID,227.10073599999998,VALID,2.4582120000000005,VALID,Online,Resolved: Operating normally
2026-05-20 20:00:00+00:00,13.025,VALID,0.0,VALID,228.587368,VALID,2.462784,VALID,Online,Resolved: Operating normally
2026-05-20 21:00:00+00:00,13.35,VALID,0.0,VALID,229.578456,VALID,2.4658320000000002,VALID,Online,Resolved: Operating normally
2026-05-20 22:00:00+00:00,13.625,VALID,0.0,VALID,230.286376,VALID,2.468118,VALID,Online,Resolved: Operating normally
2026-05-20 23:00:00+00:00,13.825000000000001,VALID,0.0,VALID,230.498752,VALID,2.46888,VALID,Online,Resolved: Operating normally
2026-05-21 00:00:00+00:00,13.9,VALID,0.0,VALID,230.92350399999998,VALID,2.4704040000000003,VALID,Online,Resolved: Operating normally
2026-05-21 01:00:00+00:00,13.9,VALID,0.0,VALID,230.711128,VALID,2.469642,VALID,Online,Resolved: Operating normally
2026-05-21 02:00:00+00:00,13.825000000000001,VALID,0.0,VALID,231.13588,VALID,2.471166,VALID,Online,Resolved: Operating normally
2026-05-21 03:00:00+00:00,13.7,VALID,0.0,VALID,234.60468799999998,VALID,2.481834,VALID,Online,Resolved: Operating normally
2026-05-21 04:00:00+00:00,13.55,VALID,0.0,VALID,242.81655999999998,VALID,2.50698,VALID,Online,Resolved: Operating normally
2026-05-21 05:00:00+00:00,13.5,VALID,0.0,VALID,249.612592,VALID,2.5275540000000003,VALID,Online,Resolved: Operating normally
2026-05-21 06:00:00+00:00,13.5,VALID,0.0,VALID,250.17892799999998,VALID,2.529078,VALID,Online,Resolved: Operating normally
2026-05-21 07:00:00+00:00,13.5,VALID,0.0,VALID,239.772504,VALID,2.4978360000000004,VALID,Online,Resolved: Operating normally
2026-05-21 08:00:00+00:00,13.45,VALID,0.0,VALID,221.15420799999998,VALID,2.439162,VALID,Online,Resolved: Operating normally
2026-05-21 09:00:00+00:00,13.375,VALID,0.0,VALID,203.88096,VALID,2.382012,VALID,Online,Resolved: Operating normally
2026-05-21 10:00:00+00:00,13.275,VALID,0.0,VALID,191.209192,VALID,2.338578,VALID,Online,Resolved: Operating normally
2026-05-21 11:00:00+00:00,13.2,VALID,0.0,VALID,183.422072,VALID,2.311146,VALID,Online,Resolved: Operating normally
2026-05-21 12:00:00+00:00,13.1,VALID,0.0,VALID,178.537424,VALID,2.29362,VALID,Online,Resolved: Operating normally
2026-05-21 13:00:00+00:00,13.0,VALID,0.0,VALID,176.98000000000002,VALID,2.2875240000000003,VALID,Online,Resolved: Operating normally
2026-05-21 14:00:00+00:00,12.925,VALID,0.0,VALID,181.085936,VALID,2.302764,VALID,Online,Resolved: Operating normally
2026-05-21 15:00:00+00:00,12.9,VALID,0.0,VALID,193.332952,VALID,2.3461980000000002,VALID,Online,Resolved: Operating normally
2026-05-21 16:00:00+00:00,12.8,VALID,0.0,VALID,206.287888,VALID,2.390394,VALID,Online,Resolved: Operating normally
2026-05-21 17:00:00+00:00,12.850000000000001,VALID,0.0,VALID,217.6854,VALID,2.4277320000000002,VALID,Online,Resolved: Operating normally
2026-05-21 18:00:00+00:00,12.95,VALID,0.0,VALID,224.481432,VALID,2.4498300000000004,VALID,Online,Resolved: Operating normally
2026-05-21 19:00:00+00:00,13.149999999999999,VALID,0.0,VALID,227.313112,VALID,2.4589740000000004,VALID,Online,Resolved: Operating normally
2026-05-21 20:00:00+00:00,13.4,VALID,0.0,VALID,228.30419999999998,VALID,2.462022,VALID,Online,Resolved: Operating normally
2026-05-21 21:00:00+00:00,13.725,VALID,0.0,VALID,228.79974399999998,VALID,2.463546,VALID,Online,Resolved: Operating normally
2026-05-21 22:00:00+00:00,14.0,VALID,0.0,VALID,228.021032,VALID,2.4612600000000002,VALID,Online,Resolved: Operating normally
2026-05-21 23:00:00+00:00,14.2,VALID,0.0,VALID,228.374992,VALID,2.462022,VALID,Online,Resolved: Operating normally
2026-05-22 00:00:00+00:00,14.375,VALID,0.0,VALID,228.87053600000002,VALID,2.463546,VALID,Online,Resolved: Operating normally
2026-05-22 01:00:00+00:00,14.45,VALID,0.0,VALID,229.649248,VALID,2.4658320000000002,VALID,Online,Resolved: Operating normally
2026-05-22 02:00:00+00:00,14.45,VALID,0.0,VALID,229.578456,VALID,2.4658320000000002,VALID,Online,Resolved: Operating normally
2026-05-22 03:00:00+00:00,14.4,VALID,0.0,VALID,233.472016,VALID,2.4780240000000004,VALID,Online,Resolved: Operating normally
2026-05-22 04:00:00+00:00,14.3,VALID,0.0,VALID,241.329928,VALID,2.502408,VALID,Online,Resolved: Operating normally
2026-05-22 05:00:00+00:00,14.3,VALID,0.0,VALID,248.904672,VALID,2.525268,VALID,Online,Resolved: Operating normally
2026-05-22 06:00:00+00:00,14.4,VALID,0.0,VALID,249.96655199999998,VALID,2.5283160000000002,VALID,Online,Resolved: Operating normally
2026-05-22 07:00:00+00:00,14.4,VALID,0.0,VALID,240.551216,VALID,2.500122,VALID,Online,Resolved: Operating normally
2026-05-22 08:00:00+00:00,14.375,VALID,0.0,VALID,222.428464,VALID,2.442972,VALID,Online,Resolved: Operating normally
2026-05-22 09:00:00+00:00,14.25,VALID,0.0,VALID,204.305712,VALID,2.3835360000000003,VALID,Online,Resolved: Operating normally
2026-05-22 10:00:00+00:00,14.1,VALID,0.0,VALID,192.058696,VALID,2.341626,VALID,Online,Resolved: Operating normally
2026-05-22 11:00:00+00:00,13.875,VALID,0.0,VALID,183.422072,VALID,2.311146,VALID,Online,Resolved: Operating normally
2026-05-22 12:00:00+00:00,13.7,VALID,0.0,VALID,178.537424,VALID,2.29362,VALID,Online,Resolved: Operating normally
2026-05-22 13:00:00+00:00,13.525,VALID,0.0,VALID,176.059704,VALID,2.2837140000000002,VALID,Online,Resolved: Operating normally
2026-05-22 14:00:00+00:00,13.4,VALID,0.0,VALID,179.81168,VALID,2.2981920000000002,VALID,Online,Resolved: Operating normally
2026-05-22 15:00:00+00:00,13.3,VALID,0.0,VALID,191.84632,VALID,2.3408640000000003,VALID,Online,Resolved: Operating normally
2026-05-22 16:00:00+00:00,13.225,VALID,0.0,VALID,205.65076,VALID,2.388108,VALID,Online,Resolved: Operating normally
2026-05-22 17:00:00+00:00,13.2,VALID,0.0,VALID,215.349264,VALID,2.420112,VALID,Online,Resolved: Operating normally
2026-05-22 18:00:00+00:00,13.25,VALID,0.0,VALID,221.649752,VALID,2.440686,VALID,Online,Resolved: Operating normally
2026-05-22 19:00:00+00:00,13.375,VALID,0.0,VALID,224.976976,VALID,2.4513540000000003,VALID,Online,Resolved: Operating normally
2026-05-22 20:00:00+00:00,13.525,VALID,0.0,VALID,226.88836,VALID,2.4574500000000006,VALID,Online,Resolved: Operating normally
2026-05-22 21:00:00+00:00,13.7,VALID,0.0,VALID,228.79974399999998,VALID,2.463546,VALID,Online,Resolved: Operating normally
2026-05-22 22:00:00+00:00,13.95,VALID,0.0,VALID,227.879448,VALID,2.4604980000000003,VALID,Online,Resolved: Operating normally
2026-05-22 23:00:00+00:00,14.075,VALID,0.0,VALID,226.675984,VALID,2.456688,VALID,Online,Resolved: Operating normally
2026-05-23 00:00:00+00:00,14.225,VALID,0.0,VALID,228.799744,VALID,2.463546,VALID,Online,Resolved: Operating normally
2026-05-23 01:00:00+00:00,14.3,VALID,0.0,VALID,228.587368,VALID,2.462784,VALID,Online,Resolved: Operating normally
2026-05-23 02:00:00+00:00,14.4,VALID,0.0,VALID,229.861624,VALID,2.466594,VALID,Online,Resolved: Operating normally
2026-05-23 03:00:00+00:00,14.4,VALID,0.0,VALID,232.410136,VALID,2.4749760000000003,VALID,Online,Resolved: Operating normally
2026-05-23 04:00:00+00:00,14.375,VALID,0.0,VALID,239.63092,VALID,2.497074,VALID,Online,Resolved: Operating normally
2026-05-23 05:00:00+00:00,14.3,VALID,0.0,VALID,246.143784,VALID,2.516886,VALID,Online,Resolved: Operating normally
2026-05-23 06:00:00+00:00,14.275,VALID,0.0,VALID,247.913584,VALID,2.52222,VALID,Online,Resolved: Operating normally
2026-05-23 07:00:00+00:00,14.2,VALID,0.0,VALID,239.843296,VALID,2.4978360000000004,VALID,Online,Resolved: Operating normally
2026-05-23 08:00:00+00:00,14.149999999999999,VALID,0.0,VALID,221.720544,VALID,2.440686,VALID,Online,Resolved: Operating normally
2026-05-23 09:00:00+00:00,14.075,VALID,0.0,VALID,203.88096,VALID,2.382012,VALID,Online,Resolved: Operating normally
2026-05-23 10:00:00+00:00,14.0,VALID,0.0,VALID,191.421568,VALID,2.33934,VALID,Online,Resolved: Operating normally
2026-05-23 11:00:00+00:00,13.875,VALID,0.0,VALID,183.422072,VALID,2.311146,VALID,Online,Resolved: Operating normally
2026-05-23 12:00:00+00:00,13.775,VALID,0.0,VALID,178.537424,VALID,2.29362,VALID,Online,Resolved: Operating normally
2026-05-23 13:00:00+00:00,13.649999999999999,VALID,0.0,VALID,176.059704,VALID,2.2837140000000002,VALID,Online,Resolved: Operating normally
2026-05-23 14:00:00+00:00,13.6,VALID,0.0,VALID,174.360696,VALID,2.277618,VALID,Online,Resolved: Operating normally
2026-05-23 15:00:00+00:00,13.6,VALID,0.0,VALID,173.93594399999998,VALID,2.276094,VALID,Online,Resolved: Operating normally
2026-05-23 16:00:00+00:00,13.6,VALID,0.0,VALID,178.608216,VALID,2.29362,VALID,Online,Resolved: Operating normally
2026-05-23 17:00:00+00:00,13.649999999999999,VALID,0.0,VALID,191.63394399999999,VALID,2.340102,VALID,Online,Resolved: Operating normally
2026-05-23 18:00:00+00:00,13.825000000000001,VALID,0.0,VALID,205.65076,VALID,2.388108,VALID,Online,Resolved: Operating normally
2026-05-23 19:00:00+00:00,14.075,VALID,0.0,VALID,215.703224,VALID,2.421636,VALID,Online,Resolved: Operating normally
2026-05-23 20:00:00+00:00,14.3,VALID,0.0,VALID,221.72054400000002,VALID,2.440686,VALID,Online,Resolved: Operating normally
2026-05-23 21:00:00+00:00,14.55,VALID,0.0,VALID,224.552224,VALID,2.44983,VALID,Online,Resolved: Operating normally
2026-05-23 22:00:00+00:00,14.775,VALID,0.0,VALID,226.109648,VALID,2.4551640000000003,VALID,Online,Resolved: Operating normally
2026-05-23 23:00:00+00:00,14.95,VALID,0.0,VALID,228.09182399999997,VALID,2.4612600000000002,VALID,Online,Resolved: Operating normally
2026-05-24 00:00:00+00:00,15.075,VALID,0.0,VALID,228.516576,VALID,2.462784,VALID,Online,Resolved: Operating normally
2026-05-24 01:00:00+00:00,15.2,VALID,0.0,VALID,228.79974399999998,VALID,2.463546,VALID,Online,Resolved: Operating normally
2026-05-24 02:00:00+00:00,15.174999999999999,VALID,0.0,VALID,229.082912,VALID,2.464308,VALID,Online,Resolved: Operating normally
2026-05-24 03:00:00+00:00,15.1,VALID,0.0,VALID,228.79974399999998,VALID,2.463546,VALID,Online,Resolved: Operating normally
2026-05-24 04:00:00+00:00,15.1,VALID,0.0,VALID,229.082912,VALID,2.464308,VALID,Online,Resolved: Operating normally
2026-05-24 05:00:00+00:00,15.1,VALID,0.0,VALID,223.136384,VALID,2.445258,VALID,Online,Resolved: Operating normally
2026-05-24 06:00:00+00:00,15.1,VALID,0.0,VALID,210.181448,VALID,2.4033480000000003,VALID,Online,Resolved: Operating normally
2026-05-24 07:00:00+00:00,14.975,VALID,0.0,VALID,196.730968,VALID,2.357628,VALID,Online,Resolved: Operating normally
2026-05-24 08:00:00+00:00,14.850000000000001,VALID,0.0,VALID,186.820088,VALID,2.323338,VALID,Online,Resolved: Operating normally
2026-05-24 09:00:00+00:00,14.7,VALID,0.0,VALID,180.44880799999999,VALID,2.300478,VALID,Online,Resolved: Operating normally
2026-05-24 10:00:00+00:00,14.55,VALID,0.0,VALID,176.98000000000002,VALID,2.2875240000000003,VALID,Online,Resolved: Operating normally
2026-05-24 11:00:00+00:00,14.375,VALID,0.0,VALID,175.422576,VALID,2.281428,VALID,Online,Resolved: Operating normally
2026-05-24 12:00:00+00:00,14.225,VALID,0.0,VALID,174.785448,VALID,2.2791420000000002,VALID,Online,Resolved: Operating normally
2026-05-24 13:00:00+00:00,14.05,VALID,0.0,VALID,173.93594399999998,VALID,2.276094,VALID,Online,Resolved: Operating normally
2026-05-24 14:00:00+00:00,13.925,VALID,0.0,VALID,173.298816,VALID,2.2738080000000003,VALID,Online,Resolved: Operating normally
2026-05-24 15:00:00+00:00,13.850000000000001,VALID,0.0,VALID,172.87406399999998,VALID,2.272284,VALID,Online,Resolved: Operating normally
2026-05-24 16:00:00+00:00,13.8,VALID,0.0,VALID,178.04188,VALID,2.291334,VALID,Online,Resolved: Operating normally
2026-05-24 17:00:00+00:00,13.8,VALID,0.0,VALID,191.209192,VALID,2.338578,VALID,Online,Resolved: Operating normally
2026-05-24 18:00:00+00:00,13.825000000000001,VALID,0.0,VALID,205.65076,VALID,2.388108,VALID,Online,Resolved: Operating normally
2026-05-24 19:00:00+00:00,14.0,VALID,0.0,VALID,215.066096,VALID,2.41935,VALID,Online,Resolved: Operating normally
2026-05-24 20:00:00+00:00,14.2,VALID,0.0,VALID,223.06559199999998,VALID,2.445258,VALID,Online,Resolved: Operating normally
2026-05-24 21:00:00+00:00,14.375,VALID,0.0,VALID,225.18935199999999,VALID,2.452116,VALID,Online,Resolved: Operating normally
2026-05-24 22:00:00+00:00,14.55,VALID,0.0,VALID,227.879448,VALID,2.4604980000000003,VALID,Online,Resolved: Operating normally
2026-05-24 23:00:00+00:00,14.7,VALID,0.0,VALID,227.383904,VALID,2.4589740000000004,VALID,Online,Resolved: Operating normally
2026-05-25 00:00:00+00:00,14.8,VALID,0.0,VALID,228.09182399999997,VALID,2.4612600000000002,VALID,Online,Resolved: Operating normally
2026-05-25 01:00:00+00:00,14.850000000000001,VALID,0.0,VALID,228.79974399999998,VALID,2.463546,VALID,Online,Resolved: Operating normally
2026-05-25 02:00:00+00:00,14.9,VALID,0.0,VALID,230.074,VALID,2.467356,VALID,Online,Resolved: Operating normally
2026-05-25 03:00:00+00:00,14.95,VALID,0.0,VALID,230.074,VALID,2.467356,VALID,Online,Resolved: Operating normally
2026-05-25 04:00:00+00:00,15.0,VALID,0.0,VALID,229.50766399999998,VALID,2.465832,VALID,Online,Resolved: Operating normally
2026-05-25 05:00:00+00:00,15.1,VALID,0.0,VALID,224.05668,VALID,2.4483060000000005,VALID,Online,Resolved: Operating normally
2026-05-25 06:00:00+00:00,15.1,VALID,0.0,VALID,211.101744,VALID,2.406396,VALID,Online,Resolved: Operating normally
2026-05-25 07:00:00+00:00,15.1,VALID,0.0,VALID,197.580472,VALID,2.360676,VALID,Online,Resolved: Operating normally
2026-05-25 08:00:00+00:00,15.025,VALID,0.0,VALID,187.24484,VALID,2.324862,VALID,Online,Resolved: Operating normally
2026-05-25 09:00:00+00:00,14.95,VALID,0.0,VALID,181.085936,VALID,2.302764,VALID,Online,Resolved: Operating normally
2026-05-25 10:00:00+00:00,14.8,VALID,0.0,VALID,176.98000000000002,VALID,2.2875240000000003,VALID,Online,Resolved: Operating normally
2026-05-25 11:00:00+00:00,14.649999999999999,VALID,0.0,VALID,174.785448,VALID,2.2791420000000002,VALID,Online,Resolved: Operating normally
2026-05-25 12:00:00+00:00,14.5,VALID,0.0,VALID,173.93594399999998,VALID,2.276094,VALID,Online,Resolved: Operating normally
2026-05-25 13:00:00+00:00,14.375,VALID,0.0,VALID,173.511192,VALID,2.27457,VALID,Online,Resolved: Operating normally
2026-05-25 14:00:00+00:00,14.225,VALID,0.0,VALID,172.87406399999998,VALID,2.272284,VALID,Online,Resolved: Operating normally
2026-05-25 15:00:00+00:00,14.149999999999999,VALID,0.0,VALID,172.449312,VALID,2.27076,VALID,Online,Resolved: Operating normally
2026-05-25 16:00:00+00:00,14.075,VALID,0.0,VALID,176.555248,VALID,2.286,VALID,Online,Resolved: Operating normally
2026-05-25 17:00:00+00:00,14.0,VALID,0.0,VALID,189.439392,VALID,2.332482,VALID,Online,Resolved: Operating normally
2026-05-25 18:00:00+00:00,13.9,VALID,0.0,VALID,203.597792,VALID,2.38125,VALID,Online,Resolved: Operating normally
2026-05-25 19:00:00+00:00,13.9,VALID,0.0,VALID,214.570552,VALID,2.4178260000000003,VALID,Online,Resolved: Operating normally
2026-05-25 20:00:00+00:00,13.95,VALID,0.0,VALID,221.225,VALID,2.439162,VALID,Online,Resolved: Operating normally
2026-05-25 21:00:00+00:00,14.0,VALID,0.0,VALID,225.18935199999999,VALID,2.452116,VALID,Online,Resolved: Operating normally
2026-05-25 22:00:00+00:00,14.075,VALID,0.0,VALID,227.383904,VALID,2.4589740000000004,VALID,Online,Resolved: Operating normally
2026-05-25 23:00:00+00:00,14.125,VALID,0.0,VALID,228.09182399999997,VALID,2.4612600000000002,VALID,Online,Resolved: Operating normally
2026-05-26 00:00:00+00:00,14.2,VALID,0.0,VALID,228.79974399999998,VALID,2.463546,VALID,Online,Resolved: Operating normally
2026-05-26 01:00:00+00:00,14.2,VALID,0.0,VALID,229.082912,VALID,2.464308,VALID,Online,Resolved: Operating normally
2026-05-26 02:00:00+00:00,14.3,VALID,0.0,VALID,229.649248,VALID,2.4658320000000002,VALID,Online,Resolved: Operating normally
2026-05-26 03:00:00+00:00,14.3,VALID,0.0,VALID,228.870536,VALID,2.463546,VALID,Online,Resolved: Operating normally
2026-05-26 04:00:00+00:00,14.2,VALID,0.0,VALID,227.383904,VALID,2.4589740000000004,VALID,Online,Resolved: Operating normally
2026-05-26 05:00:00+00:00,14.2,VALID,0.0,VALID,221.64975199999998,VALID,2.440686,VALID,Online,Resolved: Operating normally
2026-05-26 06:00:00+00:00,14.2,VALID,0.0,VALID,209.473528,VALID,2.401062,VALID,Online,Resolved: Operating normally
2026-05-26 07:00:00+00:00,14.125,VALID,0.0,VALID,196.943344,VALID,2.35839,VALID,Online,Resolved: Operating normally
2026-05-26 08:00:00+00:00,14.1,VALID,0.0,VALID,187.032464,VALID,2.3241,VALID,Online,Resolved: Operating normally
2026-05-26 09:00:00+00:00,14.1,VALID,0.0,VALID,180.87356,VALID,2.302002,VALID,Online,Resolved: Operating normally
2026-05-26 10:00:00+00:00,14.0,VALID,0.0,VALID,176.98000000000002,VALID,2.2875240000000003,VALID,Online,Resolved: Operating normally
2026-05-26 11:00:00+00:00,14.0,VALID,0.0,VALID,175.422576,VALID,2.281428,VALID,Online,Resolved: Operating normally
2026-05-26 12:00:00+00:00,13.925,VALID,0.0,VALID,174.360696,VALID,2.277618,VALID,Online,Resolved: Operating normally
2026-05-26 13:00:00+00:00,13.875,VALID,0.0,VALID,174.360696,VALID,2.277618,VALID,Online,Resolved: Operating normally
2026-05-26 14:00:00+00:00,13.8,VALID,0.0,VALID,179.245344,VALID,2.295906,VALID,Online,Resolved: Operating normally
2026-05-26 15:00:00+00:00,13.8,VALID,0.0,VALID,192.058696,VALID,2.341626,VALID,Online,Resolved: Operating normally
2026-05-26 16:00:00+00:00,13.8,VALID,0.0,VALID,205.43838399999999,VALID,2.387346,VALID,Online,Resolved: Operating normally
2026-05-26 17:00:00+00:00,13.8,VALID,0.0,VALID,215.490848,VALID,2.420874,VALID,Online,Resolved: Operating normally
2026-05-26 18:00:00+00:00,13.875,VALID,0.0,VALID,220.729456,VALID,2.4376379999999997,VALID,Online,Resolved: Operating normally
2026-05-26 19:00:00+00:00,14.05,VALID,0.0,VALID,224.906184,VALID,2.4513540000000003,VALID,Online,Resolved: Operating normally
2026-05-26 20:00:00+00:00,14.174999999999999,VALID,0.0,VALID,226.392816,VALID,2.4559260000000003,VALID,Online,Resolved: Operating normally
2026-05-26 21:00:00+00:00,14.350000000000001,VALID,0.0,VALID,229.50766399999998,VALID,2.465832,VALID,Online,Resolved: Operating normally
2026-05-26 22:00:00+00:00,14.5,VALID,0.0,VALID,229.790832,VALID,2.466594,VALID,Online,Resolved: Operating normally
2026-05-26 23:00:00+00:00,14.649999999999999,VALID,0.0,VALID,230.92350399999998,VALID,2.4704040000000003,VALID,Online,Resolved: Operating normally
2026-05-27 00:00:00+00:00,14.775,VALID,0.0,VALID,231.13588,VALID,2.471166,VALID,Online,Resolved: Operating normally
2026-05-27 01:00:00+00:00,14.875,VALID,0.0,VALID,231.13588,VALID,2.471166,VALID,Online,Resolved: Operating normally
2026-05-27 02:00:00+00:00,14.9,VALID,0.0,VALID,231.348256,VALID,2.471928,VALID,Online,Resolved: Operating normally
2026-05-27 03:00:00+00:00,14.9,VALID,0.0,VALID,234.179936,VALID,2.4803100000000002,VALID,Online,Resolved: Operating normally
2026-05-27 04:00:00+00:00,14.8,VALID,0.0,VALID,241.40072,VALID,2.502408,VALID,Online,Resolved: Operating normally
2026-05-27 05:00:00+00:00,14.8,VALID,0.0,VALID,247.913584,VALID,2.52222,VALID,Online,Resolved: Operating normally
2026-05-27 06:00:00+00:00,14.725,VALID,0.0,VALID,248.83388,VALID,2.525268,VALID,Online,Resolved: Operating normally
2026-05-27 07:00:00+00:00,14.649999999999999,VALID,0.0,VALID,238.852208,VALID,2.4947880000000002,VALID,Online,Resolved: Operating normally
2026-05-27 08:00:00+00:00,14.525,VALID,0.0,VALID,220.729456,VALID,2.437638,VALID,Online,Resolved: Operating normally
2026-05-27 09:00:00+00:00,14.350000000000001,VALID,0.0,VALID,202.46511999999998,VALID,2.37744,VALID,Online,Resolved: Operating normally
2026-05-27 10:00:00+00:00,14.149999999999999,VALID,0.0,VALID,189.864144,VALID,2.334006,VALID,Online,Resolved: Operating normally
2026-05-27 11:00:00+00:00,13.975,VALID,0.0,VALID,181.085936,VALID,2.3027640000000003,VALID,Online,Resolved: Operating normally
2026-05-27 12:00:00+00:00,13.825000000000001,VALID,0.0,VALID,177.192376,VALID,2.2882860000000003,VALID,Online,Resolved: Operating normally
2026-05-27 13:00:00+00:00,13.674999999999999,VALID,0.0,VALID,175.21020000000001,VALID,2.280666,VALID,Online,Resolved: Operating normally
2026-05-27 14:00:00+00:00,13.575,VALID,0.0,VALID,179.245344,VALID,2.295906,VALID,Online,Resolved: Operating normally
2026-05-27 15:00:00+00:00,13.5,VALID,0.0,VALID,190.996816,VALID,2.337816,VALID,Online,Resolved: Operating normally
2026-05-27 16:00:00+00:00,13.475,VALID,0.0,VALID,204.093336,VALID,2.382774,VALID,Online,Resolved: Operating normally
2026-05-27 17:00:00+00:00,13.5,VALID,0.0,VALID,213.579464,VALID,2.414778,VALID,Online,Resolved: Operating normally
2026-05-27 18:00:00+00:00,13.6,VALID,0.0,VALID,219.525992,VALID,2.433828,VALID,Online,Resolved: Operating normally
2026-05-27 19:00:00+00:00,13.775,VALID,0.0,VALID,223.34876,VALID,2.44602,VALID,Online,Resolved: Operating normally
2026-05-27 20:00:00+00:00,13.95,VALID,0.0,VALID,225.18935199999999,VALID,2.452116,VALID,Online,Resolved: Operating normally
2026-05-27 21:00:00+00:00,14.1,VALID,0.0,VALID,226.88836,VALID,2.4574500000000006,VALID,Online,Resolved: Operating normally
2026-05-27 22:00:00+00:00,14.25,VALID,0.0,VALID,225.68489599999998,VALID,2.45364,VALID,Online,Resolved: Operating normally
2026-05-27 23:00:00+00:00,14.4,VALID,0.0,VALID,227.10073599999998,VALID,2.4582120000000005,VALID,Online,Resolved: Operating normally
2026-05-28 00:00:00+00:00,14.525,VALID,0.0,VALID,228.30419999999998,VALID,2.462022,VALID,Online,Resolved: Operating normally
2026-05-28 01:00:00+00:00,14.6,VALID,0.0,VALID,229.36608,VALID,2.4650700000000003,VALID,Online,Resolved: Operating normally
2026-05-28 02:00:00+00:00,14.7,VALID,0.0,VALID,229.861624,VALID,2.466594,VALID,Online,Resolved: Operating normally
2026-05-28 03:00:00+00:00,14.7,VALID,0.0,VALID,232.410136,VALID,2.4749760000000003,VALID,Online,Resolved: Operating normally
2026-05-28 04:00:00+00:00,14.7,VALID,0.0,VALID,240.622008,VALID,2.500122,VALID,Online,Resolved: Operating normally
2026-05-28 05:00:00+00:00,14.7,VALID,0.0,VALID,246.85170399999998,VALID,2.519172,VALID,Online,Resolved: Operating normally
2026-05-28 06:00:00+00:00,14.7,VALID,0.0,VALID,248.409128,VALID,2.5237439999999998,VALID,Online,Resolved: Operating normally
2026-05-28 07:00:00+00:00,14.649999999999999,VALID,0.0,VALID,239.064584,VALID,2.49555,VALID,Online,Resolved: Operating normally
2026-05-28 08:00:00+00:00,14.475,VALID,0.0,VALID,221.012624,VALID,2.4384,VALID,Online,Resolved: Operating normally
2026-05-28 09:00:00+00:00,14.2,VALID,0.0,VALID,203.102248,VALID,2.3797260000000002,VALID,Online,Resolved: Operating normally
2026-05-28 10:00:00+00:00,14.0,VALID,0.0,VALID,190.147312,VALID,2.334768,VALID,Online,Resolved: Operating normally
2026-05-28 11:00:00+00:00,13.775,VALID,0.0,VALID,181.510688,VALID,2.304288,VALID,Online,Resolved: Operating normally
2026-05-28 12:00:00+00:00,13.55,VALID,0.0,VALID,176.909208,VALID,2.2875240000000003,VALID,Online,Resolved: Operating normally
2026-05-28 13:00:00+00:00,13.375,VALID,0.0,VALID,174.14832,VALID,2.2768560000000004,VALID,Online,Resolved: Operating normally
2026-05-28 14:00:00+00:00,13.25,VALID,0.0,VALID,178.04188,VALID,2.291334,VALID,Online,Resolved: Operating normally
2026-05-28 15:00:00+00:00,13.125,VALID,0.0,VALID,190.147312,VALID,2.334768,VALID,Online,Resolved: Operating normally
2026-05-28 16:00:00+00:00,13.0,VALID,0.0,VALID,203.88096,VALID,2.382012,VALID,Online,Resolved: Operating normally
2026-05-28 17:00:00+00:00,13.0,VALID,0.0,VALID,214.570552,VALID,2.4178260000000003,VALID,Online,Resolved: Operating normally
2026-05-28 18:00:00+00:00,13.025,VALID,0.0,VALID,220.941832,VALID,2.4384,VALID,Online,Resolved: Operating normally
2026-05-28 19:00:00+00:00,13.149999999999999,VALID,0.0,VALID,224.339848,VALID,2.449068,VALID,Online,Resolved: Operating normally
2026-05-28 20:00:00+00:00,13.375,VALID,0.0,VALID,227.667072,VALID,2.4597360000000004,VALID,Online,Resolved: Operating normally
2026-05-28 21:00:00+00:00,13.625,VALID,0.0,VALID,227.879448,VALID,2.4604980000000003,VALID,Online,Resolved: Operating normally
2026-05-28 22:00:00+00:00,13.9,VALID,0.0,VALID,229.082912,VALID,2.464308,VALID,Online,Resolved: Operating normally
2026-05-28 23:00:00+00:00,14.125,VALID,0.0,VALID,227.59628,VALID,2.4597360000000004,VALID,Online,Resolved: Operating normally
2026-05-29 00:00:00+00:00,14.350000000000001,VALID,0.0,VALID,229.082912,VALID,2.464308,VALID,Online,Resolved: Operating normally
2026-05-29 01:00:00+00:00,14.55,VALID,0.0,VALID,228.79974399999998,VALID,2.463546,VALID,Online,Resolved: Operating normally
2026-05-29 02:00:00+00:00,14.674999999999999,VALID,0.0,VALID,229.082912,VALID,2.464308,VALID,Online,Resolved: Operating normally
2026-05-29 03:00:00+00:00,14.8,VALID,0.0,VALID,232.19776,VALID,2.4742140000000004,VALID,Online,Resolved: Operating normally
2026-05-29 04:00:00+00:00,14.8,VALID,0.0,VALID,240.33884,VALID,2.4993600000000002,VALID,Online,Resolved: Operating normally
2026-05-29 05:00:00+00:00,14.8,VALID,0.0,VALID,247.06408,VALID,2.519934,VALID,Online,Resolved: Operating normally
2026-05-29 06:00:00+00:00,14.75,VALID,0.0,VALID,248.692296,VALID,2.5245059999999997,VALID,Online,Resolved: Operating normally
2026-05-29 07:00:00+00:00,14.649999999999999,VALID,0.0,VALID,238.852208,VALID,2.4947880000000002,VALID,Online,Resolved: Operating normally
2026-05-29 08:00:00+00:00,14.475,VALID,0.0,VALID,219.80916,VALID,2.43459,VALID,Online,Resolved: Operating normally
2026-05-29 09:00:00+00:00,14.275,VALID,0.0,VALID,202.677496,VALID,2.3782020000000004,VALID,Online,Resolved: Operating normally
2026-05-29 10:00:00+00:00,14.075,VALID,0.0,VALID,190.78444,VALID,2.337054,VALID,Online,Resolved: Operating normally
2026-05-29 11:00:00+00:00,13.9,VALID,0.0,VALID,182.36019199999998,VALID,2.3073360000000003,VALID,Online,Resolved: Operating normally
2026-05-29 12:00:00+00:00,13.725,VALID,0.0,VALID,178.7498,VALID,2.294382,VALID,Online,Resolved: Operating normally
2026-05-29 13:00:00+00:00,13.575,VALID,0.0,VALID,175.634952,VALID,2.2821900000000004,VALID,Online,Resolved: Operating normally
2026-05-29 14:00:00+00:00,13.45,VALID,0.0,VALID,179.882472,VALID,2.2981920000000002,VALID,Online,Resolved: Operating normally
2026-05-29 15:00:00+00:00,13.325000000000001,VALID,0.0,VALID,192.058696,VALID,2.341626,VALID,Online,Resolved: Operating normally
2026-05-29 16:00:00+00:00,13.2,VALID,0.0,VALID,204.305712,VALID,2.3835360000000003,VALID,Online,Resolved: Operating normally
2026-05-29 17:00:00+00:00,13.174999999999999,VALID,0.0,VALID,214.782928,VALID,2.4185879999999997,VALID,Online,Resolved: Operating normally
2026-05-29 18:00:00+00:00,13.125,VALID,0.0,VALID,220.44628799999998,VALID,2.436876,VALID,Online,Resolved: Operating normally
2026-05-29 19:00:00+00:00,13.174999999999999,VALID,0.0,VALID,224.48143199999998,VALID,2.44983,VALID,Online,Resolved: Operating normally
2026-05-29 20:00:00+00:00,13.3,VALID,0.0,VALID,226.109648,VALID,2.455164,VALID,Online,Resolved: Operating normally
2026-05-29 21:00:00+00:00,13.55,VALID,0.0,VALID,224.198264,VALID,2.449068,VALID,Online,Resolved: Operating normally
2026-05-29 22:00:00+00:00,13.725,VALID,0.0,VALID,224.976976,VALID,2.4513540000000003,VALID,Online,Resolved: Operating normally
2026-05-29 23:00:00+00:00,13.825000000000001,VALID,0.0,VALID,231.13588,VALID,2.471166,VALID,Online,Resolved: Operating normally
2026-05-30 00:00:00+00:00,13.9,VALID,0.0,VALID,230.92350399999998,VALID,2.4704040000000003,VALID,Online,Resolved: Operating normally
2026-05-30 01:00:00+00:00,13.850000000000001,VALID,0.0,VALID,229.36608,VALID,2.4650700000000003,VALID,Online,Resolved: Operating normally
2026-05-30 02:00:00+00:00,13.8,VALID,0.0,VALID,230.994296,VALID,2.470404,VALID,Online,Resolved: Operating normally
2026-05-30 03:00:00+00:00,13.775,VALID,0.0,VALID,234.604688,VALID,2.481834,VALID,Online,Resolved: Operating normally
2026-05-30 04:00:00+00:00,13.7,VALID,0.0,VALID,241.825472,VALID,2.5039320000000003,VALID,Online,Resolved: Operating normally
2026-05-30 05:00:00+00:00,13.625,VALID,0.0,VALID,248.621504,VALID,2.524506,VALID,Online,Resolved: Operating normally
2026-05-30 06:00:00+00:00,13.525,VALID,0.0,VALID,248.904672,VALID,2.525268,VALID,Online,Resolved: Operating normally
2026-05-30 07:00:00+00:00,13.4,VALID,0.0,VALID,238.639832,VALID,2.494026,VALID,Online,Resolved: Operating normally
2026-05-30 08:00:00+00:00,13.4,VALID,0.0,VALID,220.233912,VALID,2.436114,VALID,Online,Resolved: Operating normally
2026-05-30 09:00:00+00:00,13.4,VALID,0.0,VALID,202.677496,VALID,2.3782020000000004,VALID,Online,Resolved: Operating normally
2026-05-30 10:00:00+00:00,13.4,VALID,0.0,VALID,190.572064,VALID,2.3362920000000003,VALID,Online,Resolved: Operating normally
2026-05-30 11:00:00+00:00,13.350000000000001,VALID,0.0,VALID,182.784944,VALID,2.30886,VALID,Online,Resolved: Operating normally
2026-05-30 12:00:00+00:00,13.25,VALID,0.0,VALID,178.537424,VALID,2.29362,VALID,Online,Resolved: Operating normally
2026-05-30 13:00:00+00:00,13.1,VALID,0.0,VALID,175.847328,VALID,2.2829520000000003,VALID,Online,Resolved: Operating normally
2026-05-30 14:00:00+00:00,12.9,VALID,0.0,VALID,173.93594399999998,VALID,2.276094,VALID,Online,Resolved: Operating normally
2026-05-30 15:00:00+00:00,12.675,VALID,0.0,VALID,172.661688,VALID,2.271522,VALID,Online,Resolved: Operating normally
2026-05-30 16:00:00+00:00,12.475,VALID,0.0,VALID,178.254256,VALID,2.292096,VALID,Online,Resolved: Operating normally
2026-05-30 17:00:00+00:00,12.4,VALID,0.0,VALID,191.63394399999999,VALID,2.340102,VALID,Online,Resolved: Operating normally
2026-05-30 18:00:00+00:00,12.55,VALID,0.0,VALID,205.65076,VALID,2.388108,VALID,Online,Resolved: Operating normally
2026-05-30 19:00:00+00:00,12.725,VALID,0.0,VALID,216.26956,VALID,2.42316,VALID,Online,Resolved: Operating normally
2026-05-30 20:00:00+00:00,13.025,VALID,0.0,VALID,221.437376,VALID,2.439924,VALID,Online,Resolved: Operating normally
2026-05-30 21:00:00+00:00,13.325,VALID,0.0,VALID,225.47252,VALID,2.452878,VALID,Online,Resolved: Operating normally
2026-05-30 22:00:00+00:00,13.65,VALID,0.0,VALID,227.171528,VALID,2.4582120000000005,VALID,Online,Resolved: Operating normally
2026-05-30 23:00:00+00:00,14.05,VALID,0.0,VALID,227.59627999999998,VALID,2.4597360000000004,VALID,Online,Resolved: Operating normally
2026-05-31 00:00:00+00:00,14.425,VALID,0.0,VALID,229.153704,VALID,2.4643080000000004,VALID,Online,Resolved: Operating normally
2026-05-31 01:00:00+00:00,14.674999999999999,VALID,0.0,VALID,228.587368,VALID,2.462784,VALID,Online,Resolved: Operating normally
2026-05-31 02:00:00+00:00,14.7,VALID,0.0,VALID,229.082912,VALID,2.464308,VALID,Online,Resolved: Operating normally
2026-05-31 03:00:00+00:00,14.649999999999999,VALID,0.0,VALID,229.861624,VALID,2.466594,VALID,Online,Resolved: Operating normally
2026-05-31 04:00:00+00:00,14.4,VALID,0.0,VALID,229.36608,VALID,2.4650700000000003,VALID,Online,Resolved: Operating normally
2026-05-31 05:00:00+00:00,14.2,VALID,0.0,VALID,223.277968,VALID,2.4460200000000003,VALID,Online,Resolved: Operating normally
2026-05-31 06:00:00+00:00,14.0,VALID,0.0,VALID,209.119568,VALID,2.3995379999999997,VALID,Online,Resolved: Operating normally
2026-05-31 07:00:00+00:00,13.850000000000001,VALID,0.0,VALID,197.368096,VALID,2.3599140000000003,VALID,Online,Resolved: Operating normally
2026-05-31 08:00:00+00:00,13.674999999999999,VALID,0.0,VALID,187.457216,VALID,2.3256240000000004,VALID,Online,Resolved: Operating normally
2026-05-31 09:00:00+00:00,13.575,VALID,0.0,VALID,180.661184,VALID,2.30124,VALID,Online,Resolved: Operating normally
2026-05-31 10:00:00+00:00,13.45,VALID,0.0,VALID,176.98000000000002,VALID,2.2875240000000003,VALID,Online,Resolved: Operating normally
2026-05-31 11:00:00+00:00,13.375,VALID,0.0,VALID,174.785448,VALID,2.2791420000000002,VALID,Online,Resolved: Operating normally
2026-05-31 12:00:00+00:00,13.3,VALID,0.0,VALID,173.93594399999998,VALID,2.276094,VALID,Online,Resolved: Operating normally
2026-05-31 13:00:00+00:00,13.325000000000001,VALID,0.0,VALID,173.298816,VALID,2.2738080000000003,VALID,Online,Resolved: Operating normally
2026-05-31 14:00:00+00:00,13.4,VALID,0.0,VALID,172.449312,VALID,2.27076,VALID,Online,Resolved: Operating normally
2026-05-31 15:00:00+00:00,13.5,VALID,0.0,VALID,172.449312,VALID,2.27076,VALID,Online,Resolved: Operating normally
2026-05-31 16:00:00+00:00,13.5,VALID,0.0,VALID,178.04188,VALID,2.291334,VALID,Online,Resolved: Operating normally
2026-05-31 17:00:00+00:00,13.6,VALID,0.0,VALID,192.058696,VALID,2.341626,VALID,Online,Resolved: Operating normally
2026-05-31 18:00:00+00:00,13.6,VALID,0.0,VALID,205.863136,VALID,2.3888700000000003,VALID,Online,Resolved: Operating normally
2026-05-31 19:00:00+00:00,13.6,VALID,0.0,VALID,215.986392,VALID,2.4223980000000003,VALID,Online,Resolved: Operating normally
2026-05-31 20:00:00+00:00,13.674999999999999,VALID,0.0,VALID,222.074504,VALID,2.44221,VALID,Online,Resolved: Operating normally
2026-05-31 21:00:00+00:00,13.75,VALID,0.0,VALID,224.976976,VALID,2.4513540000000003,VALID,Online,Resolved: Operating normally
2026-05-31 22:00:00+00:00,13.875,VALID,0.0,VALID,227.59627999999998,VALID,2.4597360000000004,VALID,Online,Resolved: Operating normally
2026-05-31 23:00:00+00:00,14.05,VALID,0.0,VALID,227.10073599999998,VALID,2.458212,VALID,Online,Resolved: Operating normally
2026-06-01 00:00:00+00:00,14.275,VALID,0.0,VALID,229.082912,VALID,2.464308,VALID,Online,Resolved: Operating normally
2026-06-01 01:00:00+00:00,14.575,VALID,0.0,VALID,229.082912,VALID,2.464308,VALID,Online,Resolved: Operating normally
2026-06-01 02:00:00+00:00,14.825000000000001,VALID,0.0,VALID,229.649248,VALID,2.4658320000000002,VALID,Online,Resolved: Operating normally
2026-06-01 03:00:00+00:00,14.9,VALID,0.0,VALID,229.082912,VALID,2.464308,VALID,Online,Resolved: Operating normally
2026-06-01 04:00:00+00:00,14.875,VALID,0.0,VALID,229.36608,VALID,2.4650700000000003,VALID,Online,Resolved: Operating normally
2026-06-01 05:00:00+00:00,14.8,VALID,0.0,VALID,223.844304,VALID,2.447544,VALID,Online,Resolved: Operating normally
2026-06-01 06:00:00+00:00,14.649999999999999,VALID,0.0,VALID,210.181448,VALID,2.4033480000000003,VALID,Online,Resolved: Operating normally
2026-06-01 07:00:00+00:00,14.55,VALID,0.0,VALID,196.943344,VALID,2.35839,VALID,Online,Resolved: Operating normally
2026-06-01 08:00:00+00:00,14.375,VALID,0.0,VALID,187.24484,VALID,2.324862,VALID,Online,Resolved: Operating normally
2026-06-01 09:00:00+00:00,14.225,VALID,0.0,VALID,180.44880799999999,VALID,2.300478,VALID,Online,Resolved: Operating normally
2026-06-01 10:00:00+00:00,14.05,VALID,0.0,VALID,176.838416,VALID,2.286762,VALID,Online,Resolved: Operating normally
2026-06-01 11:00:00+00:00,13.9,VALID,0.0,VALID,174.573072,VALID,2.2783800000000003,VALID,Online,Resolved: Operating normally
2026-06-01 12:00:00+00:00,13.75,VALID,0.0,VALID,173.511192,VALID,2.27457,VALID,Online,Resolved: Operating normally
2026-06-01 13:00:00+00:00,13.625,VALID,0.0,VALID,173.511192,VALID,2.27457,VALID,Online,Resolved: Operating normally
2026-06-01 14:00:00+00:00,13.6,VALID,0.0,VALID,180.94435199999998,VALID,2.302002,VALID,Online,Resolved: Operating normally
2026-06-01 15:00:00+00:00,13.6,VALID,0.0,VALID,200.553736,VALID,2.3705819999999997,VALID,Online,Resolved: Operating normally
2026-06-01 16:00:00+00:00,13.6,VALID,0.0,VALID,219.24282399999998,VALID,2.433066,VALID,Online,Resolved: Operating normally
2026-06-01 17:00:00+00:00,13.625,VALID,0.0,VALID,227.879448,VALID,2.4604980000000003,VALID,Online,Resolved: Operating normally
2026-06-01 18:00:00+00:00,13.775,VALID,0.0,VALID,229.861624,VALID,2.466594,VALID,Online,Resolved: Operating normally
2026-06-01 19:00:00+00:00,13.975,VALID,0.0,VALID,230.074,VALID,2.467356,VALID,Online,Resolved: Operating normally
2026-06-01 20:00:00+00:00,14.149999999999999,VALID,0.0,VALID,229.861624,VALID,2.466594,VALID,Online,Resolved: Operating normally
2026-06-01 21:00:00+00:00,14.350000000000001,VALID,0.0,VALID,229.861624,VALID,2.466594,VALID,Online,Resolved: Operating normally
2026-06-01 22:00:00+00:00,14.55,VALID,0.0,VALID,229.36608,VALID,2.4650700000000003,VALID,Online,Resolved: Operating normally
2026-06-01 23:00:00+00:00,14.674999999999999,VALID,0.0,VALID,233.118056,VALID,2.477262,VALID,Online,Resolved: Operating normally
2026-06-02 00:00:00+00:00,14.825000000000001,VALID,0.0,VALID,245.860616,VALID,2.516124,VALID,Online,Resolved: Operating normally
2026-06-02 01:00:00+00:00,14.9,VALID,0.0,VALID,264.124952,VALID,2.5702260000000003,VALID,Online,Resolved: Operating normally
2026-06-02 02:00:00+00:00,15.0,VALID,0.0,VALID,279.06206399999996,VALID,2.612898,VALID,Online,Resolved: Operating normally
2026-06-02 03:00:00+00:00,15.0,VALID,0.0,VALID,288.83136,VALID,2.6380440000000003,VALID,Online,Resolved: Operating normally
2026-06-02 04:00:00+00:00,15.025,VALID,0.0,VALID,293.78679999999997,VALID,2.6525220000000003,VALID,Online,Resolved: Operating normally
2026-06-02 05:00:00+00:00,15.1,VALID,0.0,VALID,295.91056,VALID,2.6601420000000005,VALID,Online,Resolved: Operating normally
2026-06-02 06:00:00+00:00,15.0,VALID,0.0,VALID,297.3264,VALID,2.6624280000000002,VALID,Online,Resolved: Operating normally
2026-06-02 07:00:00+00:00,14.8,VALID,0.0,VALID,293.07888,VALID,2.648712,VALID,Online,Resolved: Operating normally
2026-06-02 08:00:00+00:00,14.525,VALID,0.0,VALID,278.283352,VALID,2.611374,VALID,Online,Resolved: Operating normally
2026-06-02 09:00:00+00:00,14.275,VALID,0.0,VALID,256.904168,VALID,2.54889,VALID,Online,Resolved: Operating normally
2026-06-02 10:00:00+00:00,14.0,VALID,0.0,VALID,231.560632,VALID,2.471928,VALID,Online,Resolved: Operating normally
2026-06-02 11:00:00+00:00,13.850000000000001,VALID,0.0,VALID,209.756696,VALID,2.4018240000000004,VALID,Online,Resolved: Operating normally
2026-06-02 12:00:00+00:00,13.75,VALID,0.0,VALID,194.536416,VALID,2.3500080000000003,VALID,Online,Resolved: Operating normally
2026-06-02 13:00:00+00:00,13.674999999999999,VALID,0.0,VALID,185.333456,VALID,2.318004,VALID,Online,Resolved: Operating normally
2026-06-02 14:00:00+00:00,13.6,VALID,0.0,VALID,187.103256,VALID,2.3241,VALID,Online,Resolved: Operating normally
2026-06-02 15:00:00+00:00,13.6,VALID,0.0,VALID,204.093336,VALID,2.3827740000000004,VALID,Online,Resolved: Operating normally
2026-06-02 16:00:00+00:00,13.649999999999999,VALID,0.0,VALID,221.012624,VALID,2.4384,VALID,Online,Resolved: Operating normally
2026-06-02 17:00:00+00:00,13.725,VALID,0.0,VALID,228.091824,VALID,2.4612600000000002,VALID,Online,Resolved: Operating normally
2026-06-02 18:00:00+00:00,13.850000000000001,VALID,0.0,VALID,230.074,VALID,2.467356,VALID,Online,Resolved: Operating normally
2026-06-02 19:00:00+00:00,14.025,VALID,0.0,VALID,229.861624,VALID,2.466594,VALID,Online,Resolved: Operating normally
2026-06-02 20:00:00+00:00,14.25,VALID,0.0,VALID,230.074,VALID,2.467356,VALID,Online,Resolved: Operating normally
2026-06-02 21:00:00+00:00,14.5,VALID,0.0,VALID,229.861624,VALID,2.466594,VALID,Online,Resolved: Operating normally
2026-06-02 22:00:00+00:00,14.7,VALID,0.0,VALID,229.153704,VALID,2.4643080000000004,VALID,Online,Resolved: Operating normally
2026-06-02 23:00:00+00:00,14.850000000000001,VALID,0.0,VALID,233.472016,VALID,2.478024,VALID,Online,Resolved: Operating normally
2026-06-03 00:00:00+00:00,14.975,VALID,0.0,VALID,245.577448,VALID,2.515362,VALID,Online,Resolved: Operating normally
2026-06-03 01:00:00+00:00,15.075,VALID,0.0,VALID,263.84178399999996,VALID,2.569464,VALID,Online,Resolved: Operating normally
2026-06-03 02:00:00+00:00,15.1,VALID,0.0,VALID,278.56651999999997,VALID,2.611374,VALID,Online,Resolved: Operating normally
2026-06-03 03:00:00+00:00,15.1,VALID,0.0,VALID,288.83136,VALID,2.638806,VALID,Online,Resolved: Operating normally
2026-06-03 04:00:00+00:00,15.1,VALID,0.0,VALID,293.78679999999997,VALID,2.654046,VALID,Online,Resolved: Operating normally
2026-06-03 05:00:00+00:00,15.1,VALID,0.0,VALID,295.91056,VALID,2.6601420000000005,VALID,Online,Resolved: Operating normally
2026-06-03 06:00:00+00:00,15.05,VALID,0.0,VALID,297.3264,VALID,2.6624280000000002,VALID,Online,Resolved: Operating normally
2026-06-03 07:00:00+00:00,14.9,VALID,0.0,VALID,292.37095999999997,VALID,2.6502360000000005,VALID,Online,Resolved: Operating normally
2026-06-03 08:00:00+00:00,14.625,VALID,0.0,VALID,277.717016,VALID,2.6098500000000002,VALID,Online,Resolved: Operating normally
2026-06-03 09:00:00+00:00,14.375,VALID,0.0,VALID,256.054664,VALID,2.5466040000000003,VALID,Online,Resolved: Operating normally
2026-06-03 10:00:00+00:00,14.125,VALID,0.0,VALID,230.569544,VALID,2.4688800000000004,VALID,Online,Resolved: Operating normally
2026-06-03 11:00:00+00:00,13.95,VALID,0.0,VALID,209.54432,VALID,2.401062,VALID,Online,Resolved: Operating normally
2026-06-03 12:00:00+00:00,13.8,VALID,0.0,VALID,194.040872,VALID,2.348484,VALID,Online,Resolved: Operating normally
2026-06-03 13:00:00+00:00,13.725,VALID,0.0,VALID,184.483952,VALID,2.314956,VALID,Online,Resolved: Operating normally
2026-06-03 14:00:00+00:00,13.674999999999999,VALID,0.0,VALID,186.820088,VALID,2.323338,VALID,Online,Resolved: Operating normally
2026-06-03 15:00:00+00:00,13.6,VALID,0.0,VALID,203.031456,VALID,2.378964,VALID,Online,Resolved: Operating normally
2026-06-03 16:00:00+00:00,13.649999999999999,VALID,0.0,VALID,220.021536,VALID,2.435352,VALID,Online,Resolved: Operating normally
2026-06-03 17:00:00+00:00,13.75,VALID,0.0,VALID,227.879448,VALID,2.4604980000000003,VALID,Online,Resolved: Operating normally
2026-06-03 18:00:00+00:00,13.9,VALID,0.0,VALID,229.578456,VALID,2.4658320000000002,VALID,Online,Resolved: Operating normally
2026-06-03 19:00:00+00:00,14.05,VALID,0.0,VALID,229.295288,VALID,2.46507,VALID,Online,Resolved: Operating normally
2026-06-03 20:00:00+00:00,14.275,VALID,0.0,VALID,229.578456,VALID,2.4658320000000002,VALID,Online,Resolved: Operating normally
2026-06-03 21:00:00+00:00,14.525,VALID,0.0,VALID,229.36608,VALID,2.4650700000000003,VALID,Online,Resolved: Operating normally
2026-06-03 22:00:00+00:00,14.75,VALID,0.0,VALID,229.082912,VALID,2.464308,VALID,Online,Resolved: Operating normally
2026-06-03 23:00:00+00:00,14.95,VALID,0.0,VALID,233.118056,VALID,2.477262,VALID,Online,Resolved: Operating normally
2026-06-04 00:00:00+00:00,15.05,VALID,0.0,VALID,245.365072,VALID,2.5146,VALID,Online,Resolved: Operating normally
2026-06-04 01:00:00+00:00,15.149999999999999,VALID,0.0,VALID,263.558616,VALID,2.568702,VALID,Online,Resolved: Operating normally
2026-06-04 02:00:00+00:00,15.2,VALID,0.0,VALID,278.778896,VALID,2.612136,VALID,Online,Resolved: Operating normally
2026-06-04 03:00:00+00:00,15.25,VALID,0.0,VALID,288.83136,VALID,2.638806,VALID,Online,Resolved: Operating normally
2026-06-04 04:00:00+00:00,15.3,VALID,0.0,VALID,293.07888,VALID,2.6517600000000003,VALID,Online,Resolved: Operating normally
2026-06-04 05:00:00+00:00,15.3,VALID,0.0,VALID,296.61848,VALID,2.6609040000000004,VALID,Online,Resolved: Operating normally
2026-06-04 06:00:00+00:00,15.225,VALID,0.0,VALID,296.61848,VALID,2.6616660000000003,VALID,Online,Resolved: Operating normally
2026-06-04 07:00:00+00:00,15.066666666666668,VALID,0.0,VALID,292.37095999999997,VALID,2.6502360000000005,VALID,Online,Resolved: Operating normally
2026-06-04 08:00:00+00:00,14.8,VALID,0.0,VALID,277.433848,VALID,2.609088,VALID,Online,Resolved: Operating normally
2026-06-04 09:00:00+00:00,14.6,VALID,0.0,VALID,255.55912,VALID,2.54508,VALID,Online,Resolved: Operating normally
2026-06-04 10:00:00+00:00,14.4,VALID,0.0,VALID,230.852712,VALID,2.4696420000000003,VALID,Online,Resolved: Operating normally
2026-06-04 11:00:00+00:00,14.25,VALID,0.0,VALID,208.90719199999998,VALID,2.3987760000000002,VALID,Online,Resolved: Operating normally
2026-06-04 12:00:00+00:00,14.174999999999999,VALID,0.0,VALID,194.253248,VALID,2.349246,VALID,Online,Resolved: Operating normally
2026-06-04 13:00:00+00:00,14.1,VALID,0.0,VALID,184.696328,VALID,2.315718,VALID,Online,Resolved: Operating normally
2026-06-04 14:00:00+00:00,14.1,VALID,0.0,VALID,186.89087999999998,VALID,2.3233379999999997,VALID,Online,Resolved: Operating normally
2026-06-04 15:00:00+00:00,14.1,VALID,0.0,VALID,203.88096000000002,VALID,2.382012,VALID,Online,Resolved: Operating normally
2026-06-04 16:00:00+00:00,14.1,VALID,0.0,VALID,220.800248,VALID,2.437638,VALID,Online,Resolved: Operating normally
2026-06-04 17:00:00+00:00,14.174999999999999,VALID,0.0,VALID,228.021032,VALID,2.4612600000000002,VALID,Online,Resolved: Operating normally
2026-06-04 18:00:00+00:00,14.350000000000001,VALID,0.0,VALID,228.79974399999998,VALID,2.463546,VALID,Online,Resolved: Operating normally
2026-06-04 19:00:00+00:00,14.525,VALID,0.0,VALID,229.082912,VALID,2.464308,VALID,Online,Resolved: Operating normally
2026-06-04 20:00:00+00:00,14.75,VALID,0.0,VALID,229.649248,VALID,2.4658320000000002,VALID,Online,Resolved: Operating normally
2026-06-04 21:00:00+00:00,14.95,VALID,0.0,VALID,229.082912,VALID,2.464308,VALID,Online,Resolved: Operating normally
2026-06-04 22:00:00+00:00,15.2,VALID,0.0,VALID,229.295288,VALID,2.46507,VALID,Online,Resolved: Operating normally
2026-06-04 23:00:00+00:00,15.375,VALID,0.0,VALID,232.622512,VALID,2.475738,VALID,Online,Resolved: Operating normally
2026-06-05 00:00:00+00:00,15.55,VALID,0.0,VALID,244.58636,VALID,2.512314,VALID,Online,Resolved: Operating normally
2026-06-05 01:00:00+00:00,15.674999999999999,VALID,0.0,VALID,261.718024,VALID,2.563368,VALID,Online,Resolved: Operating normally
2026-06-05 02:00:00+00:00,15.7,VALID,0.0,VALID,276.0888,VALID,2.6045160000000003,VALID,Online,Resolved: Operating normally
2026-06-05 03:00:00+00:00,15.7,VALID,0.0,VALID,285.29176,VALID,2.629662,VALID,Online,Resolved: Operating normally
2026-06-05 04:00:00+00:00,15.7,VALID,0.0,VALID,290.95512,VALID,2.644902,VALID,Online,Resolved: Operating normally
2026-06-05 05:00:00+00:00,15.649999999999999,VALID,0.0,VALID,295.20264,VALID,2.65557,VALID,Online,Resolved: Operating normally
2026-06-05 06:00:00+00:00,15.575,VALID,0.0,VALID,296.61848,VALID,2.6609040000000004,VALID,Online,Resolved: Operating normally
2026-06-05 07:00:00+00:00,15.4,VALID,0.0,VALID,292.37095999999997,VALID,2.648712,VALID,Online,Resolved: Operating normally
2026-06-05 08:00:00+00:00,15.1,VALID,0.0,VALID,278.708104,VALID,2.611374,VALID,Online,Resolved: Operating normally
2026-06-05 09:00:00+00:00,14.8,VALID,0.0,VALID,255.48832799999997,VALID,2.5450800000000005,VALID,Online,Resolved: Operating normally
2026-06-05 10:00:00+00:00,14.55,VALID,0.0,VALID,230.569544,VALID,2.4688800000000004,VALID,Online,Resolved: Operating normally
2026-06-05 11:00:00+00:00,14.375,VALID,0.0,VALID,208.41164799999999,VALID,2.397252,VALID,Online,Resolved: Operating normally
2026-06-05 12:00:00+00:00,14.25,VALID,0.0,VALID,193.61612,VALID,2.34696,VALID,Online,Resolved: Operating normally
2026-06-05 13:00:00+00:00,14.174999999999999,VALID,0.0,VALID,185.12108,VALID,2.3172420000000002,VALID,Online,Resolved: Operating normally
2026-06-05 14:00:00+00:00,14.1,VALID,0.0,VALID,186.89087999999998,VALID,2.3233379999999997,VALID,Online,Resolved: Operating normally
2026-06-05 15:00:00+00:00,14.1,VALID,0.0,VALID,203.66858399999998,VALID,2.38125,VALID,Online,Resolved: Operating normally
2026-06-05 16:00:00+00:00,14.1,VALID,0.0,VALID,221.225,VALID,2.4391620000000005,VALID,Online,Resolved: Operating normally
2026-06-05 17:00:00+00:00,14.149999999999999,VALID,0.0,VALID,227.879448,VALID,2.4604980000000003,VALID,Online,Resolved: Operating normally
2026-06-05 18:00:00+00:00,14.275,VALID,0.0,VALID,230.074,VALID,2.467356,VALID,Online,Resolved: Operating normally
2026-06-05 19:00:00+00:00,14.45,VALID,0.0,VALID,230.286376,VALID,2.468118,VALID,Online,Resolved: Operating normally
2026-06-05 20:00:00+00:00,14.7,VALID,0.0,VALID,229.578456,VALID,2.4658320000000002,VALID,Online,Resolved: Operating normally
2026-06-05 21:00:00+00:00,14.925,VALID,0.0,VALID,229.36608,VALID,2.4650700000000003,VALID,Online,Resolved: Operating normally
2026-06-05 22:00:00+00:00,15.149999999999999,VALID,0.0,VALID,229.36608,VALID,2.4650700000000003,VALID,Online,Resolved: Operating normally
2026-06-05 23:00:00+00:00,15.375,VALID,0.0,VALID,232.480928,VALID,2.474976,VALID,Online,Resolved: Operating normally
2026-06-06 00:00:00+00:00,15.6,VALID,0.0,VALID,244.657152,VALID,2.512314,VALID,Online,Resolved: Operating normally
2026-06-06 01:00:00+00:00,15.775,VALID,0.0,VALID,262.496736,VALID,2.5656540000000003,VALID,Online,Resolved: Operating normally
2026-06-06 02:00:00+00:00,15.8,VALID,0.0,VALID,278.56651999999997,VALID,2.611374,VALID,Online,Resolved: Operating normally
2026-06-06 03:00:00+00:00,15.775,VALID,0.0,VALID,285.99968,VALID,2.6304240000000005,VALID,Online,Resolved: Operating normally
2026-06-06 04:00:00+00:00,15.7,VALID,0.0,VALID,290.95512,VALID,2.6433780000000002,VALID,Online,Resolved: Operating normally
2026-06-06 05:00:00+00:00,15.575,VALID,0.0,VALID,294.49472,VALID,2.653284,VALID,Online,Resolved: Operating normally
2026-06-06 06:00:00+00:00,15.45,VALID,0.0,VALID,295.91056,VALID,2.6601420000000005,VALID,Online,Resolved: Operating normally
2026-06-06 07:00:00+00:00,15.275,VALID,0.0,VALID,292.37095999999997,VALID,2.6509980000000004,VALID,Online,Resolved: Operating normally
2026-06-06 08:00:00+00:00,15.1,VALID,0.0,VALID,278.708104,VALID,2.612136,VALID,Online,Resolved: Operating normally
2026-06-06 09:00:00+00:00,14.9,VALID,0.0,VALID,256.337832,VALID,2.5473660000000002,VALID,Online,Resolved: Operating normally
2026-06-06 10:00:00+00:00,14.725,VALID,0.0,VALID,230.569544,VALID,2.4688800000000004,VALID,Online,Resolved: Operating normally
2026-06-06 11:00:00+00:00,14.6,VALID,0.0,VALID,208.90719199999998,VALID,2.3987760000000002,VALID,Online,Resolved: Operating normally
2026-06-06 12:00:00+00:00,14.55,VALID,0.0,VALID,194.040872,VALID,2.348484,VALID,Online,Resolved: Operating normally
2026-06-06 13:00:00+00:00,14.5,VALID,0.0,VALID,184.483952,VALID,2.314956,VALID,Online,Resolved: Operating normally
2026-06-06 14:00:00+00:00,14.5,VALID,0.0,VALID,183.846824,VALID,2.3126700000000002,VALID,Online,Resolved: Operating normally
2026-06-06 15:00:00+00:00,14.5,VALID,0.0,VALID,196.660176,VALID,2.357628,VALID,Online,Resolved: Operating normally
2026-06-06 16:00:00+00:00,14.5,VALID,0.0,VALID,213.367088,VALID,2.414016,VALID,Online,Resolved: Operating normally
2026-06-06 17:00:00+00:00,14.475,VALID,0.0,VALID,222.28688,VALID,2.442972,VALID,Online,Resolved: Operating normally
2026-06-06 18:00:00+00:00,14.55,VALID,0.0,VALID,225.614104,VALID,2.45364,VALID,Online,Resolved: Operating normally
2026-06-06 19:00:00+00:00,14.649999999999999,VALID,0.0,VALID,227.59627999999998,VALID,2.4597360000000004,VALID,Online,Resolved: Operating normally
2026-06-06 20:00:00+00:00,14.825000000000001,VALID,0.0,VALID,228.374992,VALID,2.462022,VALID,Online,Resolved: Operating normally
2026-06-06 21:00:00+00:00,14.95,VALID,0.0,VALID,229.082912,VALID,2.464308,VALID,Online,Resolved: Operating normally
2026-06-06 22:00:00+00:00,15.149999999999999,VALID,0.0,VALID,228.374992,VALID,2.462022,VALID,Online,Resolved: Operating normally
2026-06-06 23:00:00+00:00,15.4,VALID,0.0,VALID,230.003208,VALID,2.4673560000000005,VALID,Online,Resolved: Operating normally
2026-06-07 00:00:00+00:00,15.6,VALID,0.0,VALID,242.674976,VALID,2.506218,VALID,Online,Resolved: Operating normally
2026-06-07 01:00:00+00:00,15.8,VALID,0.0,VALID,259.169512,VALID,2.555748,VALID,Online,Resolved: Operating normally
2026-06-07 02:00:00+00:00,15.9,VALID,0.0,VALID,275.310088,VALID,2.60223,VALID,Online,Resolved: Operating normally
2026-06-07 03:00:00+00:00,15.9,VALID,0.0,VALID,286.424432,VALID,2.6327100000000003,VALID,Online,Resolved: Operating normally
2026-06-07 04:00:00+00:00,15.850000000000001,VALID,0.0,VALID,293.78679999999997,VALID,2.653284,VALID,Online,Resolved: Operating normally
2026-06-07 05:00:00+00:00,15.8,VALID,0.0,VALID,296.61848,VALID,2.6609040000000004,VALID,Online,Resolved: Operating normally
2026-06-07 06:00:00+00:00,15.674999999999999,VALID,0.0,VALID,298.03432,VALID,2.664714,VALID,Online,Resolved: Operating normally
2026-06-07 07:00:00+00:00,15.525,VALID,0.0,VALID,293.07888,VALID,2.648712,VALID,Online,Resolved: Operating normally
2026-06-07 08:00:00+00:00,15.275,VALID,0.0,VALID,277.717016,VALID,2.6098500000000002,VALID,Online,Resolved: Operating normally
2026-06-07 09:00:00+00:00,15.0,VALID,0.0,VALID,255.488328,VALID,2.5450800000000005,VALID,Online,Resolved: Operating normally
2026-06-07 10:00:00+00:00,14.775,VALID,0.0,VALID,229.790832,VALID,2.466594,VALID,Online,Resolved: Operating normally
2026-06-07 11:00:00+00:00,14.55,VALID,0.0,VALID,208.694816,VALID,2.398014,VALID,Online,Resolved: Operating normally
2026-06-07 12:00:00+00:00,14.375,VALID,0.0,VALID,194.040872,VALID,2.348484,VALID,Online,Resolved: Operating normally
2026-06-07 13:00:00+00:00,14.275,VALID,0.0,VALID,185.333456,VALID,2.318004,VALID,Online,Resolved: Operating normally
2026-06-07 14:00:00+00:00,14.2,VALID,0.0,VALID,184.908704,VALID,2.31648,VALID,Online,Resolved: Operating normally
2026-06-07 15:00:00+00:00,14.174999999999999,VALID,0.0,VALID,197.084928,VALID,2.3591520000000004,VALID,Online,Resolved: Operating normally
2026-06-07 16:00:00+00:00,14.1,VALID,0.0,VALID,213.650256,VALID,2.414778,VALID,Online,Resolved: Operating normally
2026-06-07 17:00:00+00:00,14.1,VALID,0.0,VALID,222.357672,VALID,2.442972,VALID,Online,Resolved: Operating normally
2026-06-07 18:00:00+00:00,14.2,VALID,0.0,VALID,225.47252,VALID,2.452878,VALID,Online,Resolved: Operating normally
2026-06-07 19:00:00+00:00,14.25,VALID,0.0,VALID,226.959152,VALID,2.45745,VALID,Online,Resolved: Operating normally
2026-06-07 20:00:00+00:00,14.425,VALID,0.0,VALID,228.30419999999998,VALID,2.462022,VALID,Online,Resolved: Operating normally
2026-06-07 21:00:00+00:00,14.6,VALID,0.0,VALID,227.171528,VALID,2.4582120000000005,VALID,Online,Resolved: Operating normally
2026-06-07 22:00:00+00:00,14.8,VALID,0.0,VALID,229.082912,VALID,2.464308,VALID,Online,Resolved: Operating normally
2026-06-07 23:00:00+00:00,14.975,VALID,0.0,VALID,230.994296,VALID,2.4704040000000003,VALID,Online,Resolved: Operating normally
2026-06-08 00:00:00+00:00,15.05,VALID,0.0,VALID,242.391808,VALID,2.5054559999999997,VALID,Online,Resolved: Operating normally
2026-06-08 01:00:00+00:00,15.1,VALID,0.0,VALID,260.443768,VALID,2.5595580000000004,VALID,Online,Resolved: Operating normally
2026-06-08 02:00:00+00:00,15.1,VALID,0.0,VALID,277.717016,VALID,2.609088,VALID,Online,Resolved: Operating normally
2026-06-08 03:00:00+00:00,15.1,VALID,0.0,VALID,288.12344,VALID,2.6372820000000003,VALID,Online,Resolved: Operating normally
2026-06-08 04:00:00+00:00,15.149999999999999,VALID,0.0,VALID,293.78679999999997,VALID,2.6517600000000003,VALID,Online,Resolved: Operating normally
2026-06-08 05:00:00+00:00,15.1,VALID,0.0,VALID,295.20264,VALID,2.65938,VALID,Online,Resolved: Operating normally
2026-06-08 06:00:00+00:00,14.925,VALID,0.0,VALID,298.03432,VALID,2.66319,VALID,Online,Resolved: Operating normally
2026-06-08 07:00:00+00:00,14.675,VALID,0.0,VALID,291.66304,VALID,2.646426,VALID,Online,Resolved: Operating normally
2026-06-08 08:00:00+00:00,14.35,VALID,0.0,VALID,277.717016,VALID,2.60985,VALID,Online,Resolved: Operating normally
2026-06-08 09:00:00+00:00,14.025,VALID,0.0,VALID,255.77149599999998,VALID,2.5458420000000004,VALID,Online,Resolved: Operating normally
2026-06-08 10:00:00+00:00,13.75,VALID,0.0,VALID,230.003208,VALID,2.467356,VALID,Online,Resolved: Operating normally
2026-06-08 11:00:00+00:00,13.55,VALID,0.0,VALID,209.119568,VALID,2.399538,VALID,Online,Resolved: Operating normally
2026-06-08 12:00:00+00:00,13.45,VALID,0.0,VALID,193.828496,VALID,2.347722,VALID,Online,Resolved: Operating normally
2026-06-08 13:00:00+00:00,13.4,VALID,0.0,VALID,184.27157599999998,VALID,2.314194,VALID,Online,Resolved: Operating normally
2026-06-08 14:00:00+00:00,13.325000000000001,VALID,0.0,VALID,183.634448,VALID,2.3119080000000003,VALID,Online,Resolved: Operating normally
2026-06-08 15:00:00+00:00,13.3,VALID,0.0,VALID,196.4478,VALID,2.356866,VALID,Online,Resolved: Operating normally
2026-06-08 16:00:00+00:00,13.3,VALID,0.0,VALID,212.942336,VALID,2.4124920000000003,VALID,Online,Resolved: Operating normally
2026-06-08 17:00:00+00:00,13.325000000000001,VALID,0.0,VALID,222.64084,VALID,2.443734,VALID,Online,Resolved: Operating normally
2026-06-08 18:00:00+00:00,13.425,VALID,0.0,VALID,226.109648,VALID,2.455164,VALID,Online,Resolved: Operating normally
2026-06-08 19:00:00+00:00,13.575,VALID,0.0,VALID,228.30419999999998,VALID,2.462022,VALID,Online,Resolved: Operating normally
2026-06-08 20:00:00+00:00,13.775,VALID,0.0,VALID,227.80865599999998,VALID,2.4604980000000003,VALID,Online,Resolved: Operating normally
2026-06-08 21:00:00+00:00,13.975,VALID,0.0,VALID,227.383904,VALID,2.4589740000000004,VALID,Online,Resolved: Operating normally
2026-06-08 22:00:00+00:00,14.174999999999999,VALID,0.0,VALID,228.587368,VALID,2.462784,VALID,Online,Resolved: Operating normally
2026-06-08 23:00:00+00:00,14.325000000000001,VALID,0.0,VALID,231.48984,VALID,2.471928,VALID,Online,Resolved: Operating normally
2026-06-09 00:00:00+00:00,14.425,VALID,0.0,VALID,242.10863999999998,VALID,2.504694,VALID,Online,Resolved: Operating normally
2026-06-09 01:00:00+00:00,14.525,VALID,0.0,VALID,260.443768,VALID,2.5595580000000004,VALID,Online,Resolved: Operating normally
2026-06-09 02:00:00+00:00,14.6,VALID,0.0,VALID,276.371968,VALID,2.605278,VALID,Online,Resolved: Operating normally
2026-06-09 03:00:00+00:00,14.625,VALID,0.0,VALID,285.99968,VALID,2.634234,VALID,Online,Resolved: Operating normally
2026-06-09 04:00:00+00:00,14.75,VALID,0.0,VALID,293.07887999999997,VALID,2.650998,VALID,Online,Resolved: Operating normally
2026-06-09 05:00:00+00:00,14.850000000000001,VALID,0.0,VALID,296.61848,VALID,2.6609040000000004,VALID,Online,Resolved: Operating normally
2026-06-09 06:00:00+00:00,14.850000000000001,VALID,0.0,VALID,298.03432,VALID,2.663952,VALID,Online,Resolved: Operating normally
2026-06-09 07:00:00+00:00,14.7,VALID,0.0,VALID,293.07888,VALID,2.6509980000000004,VALID,Online,Resolved: Operating normally
2026-06-09 08:00:00+00:00,14.4,VALID,0.0,VALID,278.424936,VALID,2.610612,VALID,Online,Resolved: Operating normally
2026-06-09 09:00:00+00:00,14.1,VALID,0.0,VALID,256.054664,VALID,2.5466040000000003,VALID,Online,Resolved: Operating normally
2026-06-09 10:00:00+00:00,13.850000000000001,VALID,0.0,VALID,230.852712,VALID,2.4696420000000003,VALID,Online,Resolved: Operating normally
2026-06-09 11:00:00+00:00,13.725,VALID,0.0,VALID,209.119568,VALID,2.399538,VALID,Online,Resolved: Operating normally
2026-06-09 12:00:00+00:00,13.649999999999999,VALID,0.0,VALID,194.465624,VALID,2.3500080000000003,VALID,Online,Resolved: Operating normally
2026-06-09 13:00:00+00:00,13.6,VALID,0.0,VALID,184.908704,VALID,2.31648,VALID,Online,Resolved: Operating normally
2026-06-09 14:00:00+00:00,13.6,VALID,0.0,VALID,186.89087999999998,VALID,2.3233379999999997,VALID,Online,Resolved: Operating normally
2026-06-09 15:00:00+00:00,13.6,VALID,0.0,VALID,204.093336,VALID,2.3827740000000004,VALID,Online,Resolved: Operating normally
2026-06-09 16:00:00+00:00,13.6,VALID,0.0,VALID,220.30470400000002,VALID,2.436114,VALID,Online,Resolved: Operating normally
2026-06-09 17:00:00+00:00,13.7,VALID,0.0,VALID,227.80865599999998,VALID,2.4604980000000003,VALID,Online,Resolved: Operating normally
2026-06-09 18:00:00+00:00,13.825000000000001,VALID,0.0,VALID,228.870536,VALID,2.463546,VALID,Online,Resolved: Operating normally
2026-06-09 19:00:00+00:00,13.975,VALID,0.0,VALID,229.01211999999998,VALID,2.464308,VALID,Online,Resolved: Operating normally
2026-06-09 20:00:00+00:00,14.149999999999999,VALID,0.0,VALID,228.587368,VALID,2.462784,VALID,Online,Resolved: Operating normally
2026-06-09 21:00:00+00:00,14.3,VALID,0.0,VALID,228.374992,VALID,2.462022,VALID,Online,Resolved: Operating normally
2026-06-09 22:00:00+00:00,14.5,VALID,0.0,VALID,228.587368,VALID,2.462784,VALID,Online,Resolved: Operating normally
2026-06-09 23:00:00+00:00,14.7,VALID,0.0,VALID,230.711128,VALID,2.4696420000000003,VALID,Online,Resolved: Operating normally
2026-06-10 00:00:00+00:00,14.9,VALID,0.0,VALID,243.87843999999998,VALID,2.510028,VALID,Online,Resolved: Operating normally
2026-06-10 01:00:00+00:00,15.075,VALID,0.0,VALID,263.34623999999997,VALID,2.56794,VALID,Online,Resolved: Operating normally
2026-06-10 02:00:00+00:00,15.1,VALID,0.0,VALID,275.94721599999997,VALID,2.6037540000000003,VALID,Online,Resolved: Operating normally
2026-06-10 03:00:00+00:00,15.0,VALID,0.0,VALID,285.008592,VALID,2.629662,VALID,Online,Resolved: Operating normally
2026-06-10 04:00:00+00:00,14.95,VALID,0.0,VALID,290.2472,VALID,2.6433780000000002,VALID,Online,Resolved: Operating normally
2026-06-10 05:00:00+00:00,14.850000000000001,VALID,0.0,VALID,294.49472,VALID,2.6555700000000004,VALID,Online,Resolved: Operating normally
2026-06-10 06:00:00+00:00,14.725,VALID,0.0,VALID,296.61848,VALID,2.6601420000000005,VALID,Online,Resolved: Operating normally
2026-06-10 07:00:00+00:00,14.55,VALID,0.0,VALID,292.37095999999997,VALID,2.649474,VALID,Online,Resolved: Operating normally
2026-06-10 08:00:00+00:00,14.275,VALID,0.0,VALID,279.27444,VALID,2.6128980000000004,VALID,Online,Resolved: Operating normally
2026-06-10 09:00:00+00:00,14.0,VALID,0.0,VALID,256.054664,VALID,2.5466040000000003,VALID,Online,Resolved: Operating normally
2026-06-10 10:00:00+00:00,13.8,VALID,0.0,VALID,230.28637600000002,VALID,2.468118,VALID,Online,Resolved: Operating normally
2026-06-10 11:00:00+00:00,13.649999999999999,VALID,0.0,VALID,209.048776,VALID,2.399538,VALID,Online,Resolved: Operating normally
2026-06-10 12:00:00+00:00,13.575,VALID,0.0,VALID,193.61612,VALID,2.34696,VALID,Online,Resolved: Operating normally
2026-06-10 13:00:00+00:00,13.5,VALID,0.0,VALID,184.27157599999998,VALID,2.314194,VALID,Online,Resolved: Operating normally
2026-06-10 14:00:00+00:00,13.4,VALID,0.0,VALID,186.18295999999998,VALID,2.321052,VALID,Online,Resolved: Operating normally
2026-06-10 16:00:00+00:00,13.3,VALID,0.0,VALID,219.80916,VALID,2.43459,VALID,Online,Resolved: Operating normally
2026-06-10 17:00:00+00:00,13.375,VALID,0.0,VALID,228.516576,VALID,2.462784,VALID,Online,Resolved: Operating normally
2026-06-10 18:00:00+00:00,13.5,VALID,0.0,VALID,231.63142399999998,VALID,2.47269,VALID,Online,Resolved: Operating normally
2026-06-10 19:00:00+00:00,13.675,VALID,0.0,VALID,232.410136,VALID,2.474976,VALID,Online,Resolved: Operating normally
2026-06-10 20:00:00+00:00,13.95,VALID,0.0,VALID,233.472016,VALID,2.478024,VALID,Online,Resolved: Operating normally
2026-06-10 21:00:00+00:00,14.3,VALID,0.0,VALID,232.480928,VALID,2.4749760000000003,VALID,Online,Resolved: Operating normally
2026-06-10 22:00:00+00:00,14.625,VALID,0.0,VALID,233.40122399999998,VALID,2.4780240000000004,VALID,Online,Resolved: Operating normally
2026-06-10 23:00:00+00:00,14.975,VALID,0.0,VALID,237.57795199999998,VALID,2.490978,VALID,Online,Resolved: Operating normally
2026-06-11 00:00:00+00:00,15.325,VALID,0.0,VALID,249.400216,VALID,2.5267920000000004,VALID,Online,Resolved: Operating normally
2026-06-11 01:00:00+00:00,15.5,VALID,0.0,VALID,265.47,VALID,2.5740360000000004,VALID,Online,Resolved: Operating normally
2026-06-11 02:00:00+00:00,15.45,VALID,0.0,VALID,280.33632,VALID,2.615946,VALID,Online,Resolved: Operating normally
2026-06-11 03:00:00+00:00,15.275,VALID,0.0,VALID,289.53928,VALID,2.6418540000000004,VALID,Online,Resolved: Operating normally
2026-06-11 04:00:00+00:00,15.05,VALID,0.0,VALID,293.78679999999997,VALID,2.653284,VALID,Online,Resolved: Operating normally
2026-06-11 05:00:00+00:00,14.850000000000001,VALID,0.0,VALID,296.61848,VALID,2.6616660000000003,VALID,Online,Resolved: Operating normally
2026-06-11 06:00:00+00:00,14.649999999999999,VALID,0.0,VALID,297.3264,VALID,2.6616660000000003,VALID,Online,Resolved: Operating normally
2026-06-11 07:00:00+00:00,14.4,VALID,0.0,VALID,292.37095999999997,VALID,2.648712,VALID,Online,Resolved: Operating normally
2026-06-11 08:00:00+00:00,14.2,VALID,0.0,VALID,277.221472,VALID,2.608326,VALID,Online,Resolved: Operating normally
2026-06-11 09:00:00+00:00,14.05,VALID,0.0,VALID,256.621,VALID,2.548128,VALID,Online,Resolved: Operating normally
2026-06-11 10:00:00+00:00,14.0,VALID,0.0,VALID,230.569544,VALID,2.4688800000000004,VALID,Online,Resolved: Operating normally
2026-06-11 11:00:00+00:00,13.9,VALID,0.0,VALID,208.8364,VALID,2.3987760000000002,VALID,Online,Resolved: Operating normally
2026-06-11 12:00:00+00:00,13.825000000000001,VALID,0.0,VALID,191.42156799999998,VALID,2.33934,VALID,Online,Resolved: Operating normally
2026-06-11 13:00:00+00:00,13.75,VALID,0.0,VALID,182.572568,VALID,2.308098,VALID,Online,Resolved: Operating normally
2026-06-11 14:00:00+00:00,13.674999999999999,VALID,0.0,VALID,184.696328,VALID,2.315718,VALID,Online,Resolved: Operating normally
2026-06-11 15:00:00+00:00,13.6,VALID,0.0,VALID,200.90769600000002,VALID,2.3721060000000005,VALID,Online,Resolved: Operating normally
2026-06-11 16:00:00+00:00,13.55,VALID,0.0,VALID,219.59678399999999,VALID,2.433828,VALID,Online,Resolved: Operating normally
2026-06-11 17:00:00+00:00,13.6,VALID,0.0,VALID,228.30419999999998,VALID,2.462022,VALID,Online,Resolved: Operating normally
2026-06-11 18:00:00+00:00,13.674999999999999,VALID,0.0,VALID,229.790832,VALID,2.466594,VALID,Online,Resolved: Operating normally
2026-06-11 19:00:00+00:00,13.875,VALID,0.0,VALID,230.286376,VALID,2.468118,VALID,Online,Resolved: Operating normally
2026-06-11 20:00:00+00:00,14.1,VALID,0.0,VALID,229.082912,VALID,2.464308,VALID,Online,Resolved: Operating normally
2026-06-11 21:00:00+00:00,14.375,VALID,0.0,VALID,229.153704,VALID,2.4643080000000004,VALID,Online,Resolved: Operating normally
2026-06-11 22:00:00+00:00,14.675,VALID,0.0,VALID,229.36608,VALID,2.4650700000000003,VALID,Online,Resolved: Operating normally
2026-06-11 23:00:00+00:00,14.925,VALID,0.0,VALID,231.914592,VALID,2.4734520000000004,VALID,Online,Resolved: Operating normally
2026-06-12 00:00:00+00:00,15.149999999999999,VALID,0.0,VALID,243.312104,VALID,2.5085040000000003,VALID,Online,Resolved: Operating normally
2026-06-12 01:00:00+00:00,15.275,VALID,0.0,VALID,259.877432,VALID,2.558034,VALID,Online,Resolved: Operating normally
2026-06-12 02:00:00+00:00,15.225,VALID,0.0,VALID,275.522464,VALID,2.602992,VALID,Online,Resolved: Operating normally
2026-06-12 03:00:00+00:00,15.1,VALID,0.0,VALID,286.7076,VALID,2.6327100000000003,VALID,Online,Resolved: Operating normally
2026-06-12 04:00:00+00:00,14.975,VALID,0.0,VALID,292.37095999999997,VALID,2.64795,VALID,Online,Resolved: Operating normally
2026-06-12 05:00:00+00:00,14.9,VALID,0.0,VALID,295.91056,VALID,2.657856,VALID,Online,Resolved: Operating normally
2026-06-12 06:00:00+00:00,14.9,VALID,0.0,VALID,297.3264,VALID,2.6609040000000004,VALID,Online,Resolved: Operating normally
2026-06-12 07:00:00+00:00,14.850000000000001,VALID,0.0,VALID,292.37095999999997,VALID,2.6479500000000002,VALID,Online,Resolved: Operating normally
2026-06-12 08:00:00+00:00,14.75,VALID,0.0,VALID,277.15068,VALID,2.608326,VALID,Online,Resolved: Operating normally
2026-06-12 09:00:00+00:00,14.625,VALID,0.0,VALID,254.99278399999997,VALID,2.543556,VALID,Online,Resolved: Operating normally
2026-06-12 10:00:00+00:00,14.475,VALID,0.0,VALID,231.206672,VALID,2.471166,VALID,Online,Resolved: Operating normally
2026-06-12 11:00:00+00:00,14.4,VALID,0.0,VALID,208.199272,VALID,2.39649,VALID,Online,Resolved: Operating normally
2026-06-12 12:00:00+00:00,14.3,VALID,0.0,VALID,192.9082,VALID,2.3446740000000004,VALID,Online,Resolved: Operating normally
2026-06-12 13:00:00+00:00,14.174999999999999,VALID,0.0,VALID,183.634448,VALID,2.3119080000000003,VALID,Online,Resolved: Operating normally
2026-06-12 14:00:00+00:00,14.05,VALID,0.0,VALID,185.970584,VALID,2.32029,VALID,Online,Resolved: Operating normally
2026-06-12 15:00:00+00:00,13.95,VALID,0.0,VALID,203.031456,VALID,2.378964,VALID,Online,Resolved: Operating normally
2026-06-12 16:00:00+00:00,13.775,VALID,0.0,VALID,219.03044799999998,VALID,2.4323040000000002,VALID,Online,Resolved: Operating normally
2026-06-12 17:00:00+00:00,13.7,VALID,0.0,VALID,226.88835999999998,VALID,2.45745,VALID,Online,Resolved: Operating normally
2026-06-12 18:00:00+00:00,13.674999999999999,VALID,0.0,VALID,229.861624,VALID,2.466594,VALID,Online,Resolved: Operating normally
2026-06-12 19:00:00+00:00,13.7,VALID,0.0,VALID,229.861624,VALID,2.466594,VALID,Online,Resolved: Operating normally
2026-06-12 20:00:00+00:00,13.850000000000001,VALID,0.0,VALID,229.649248,VALID,2.4658320000000002,VALID,Online,Resolved: Operating normally
2026-06-12 21:00:00+00:00,14.075,VALID,0.0,VALID,229.649248,VALID,2.4658320000000002,VALID,Online,Resolved: Operating normally
2026-06-12 22:00:00+00:00,14.425,VALID,0.0,VALID,229.082912,VALID,2.464308,VALID,Online,Resolved: Operating normally
2026-06-12 23:00:00+00:00,14.825,VALID,0.0,VALID,232.410136,VALID,2.4749760000000003,VALID,Online,Resolved: Operating normally
2026-06-13 00:00:00+00:00,15.175,VALID,0.0,VALID,243.807648,VALID,2.510028,VALID,Online,Resolved: Operating normally
2026-06-13 01:00:00+00:00,15.525,VALID,0.0,VALID,260.231392,VALID,2.558796,VALID,Online,Resolved: Operating normally
2026-06-13 02:00:00+00:00,15.6,VALID,0.0,VALID,276.0888,VALID,2.604516,VALID,Online,Resolved: Operating normally
2026-06-13 03:00:00+00:00,15.6,VALID,0.0,VALID,285.99968,VALID,2.6327100000000003,VALID,Online,Resolved: Operating normally
2026-06-13 04:00:00+00:00,15.475,VALID,0.0,VALID,292.37095999999997,VALID,2.648712,VALID,Online,Resolved: Operating normally
2026-06-13 05:00:00+00:00,15.375,VALID,0.0,VALID,294.49472,VALID,2.6548080000000005,VALID,Online,Resolved: Operating normally
2026-06-13 06:00:00+00:00,15.25,VALID,0.0,VALID,295.20264,VALID,2.657856,VALID,Online,Resolved: Operating normally
2026-06-13 07:00:00+00:00,15.149999999999999,VALID,0.0,VALID,290.2472,VALID,2.6433780000000002,VALID,Online,Resolved: Operating normally
2026-06-13 08:00:00+00:00,14.975,VALID,0.0,VALID,276.938304,VALID,2.606802,VALID,Online,Resolved: Operating normally
2026-06-13 09:00:00+00:00,14.825000000000001,VALID,0.0,VALID,254.780408,VALID,2.542794,VALID,Online,Resolved: Operating normally
2026-06-13 10:00:00+00:00,14.7,VALID,0.0,VALID,230.003208,VALID,2.467356,VALID,Online,Resolved: Operating normally
2026-06-13 11:00:00+00:00,14.6,VALID,0.0,VALID,208.624024,VALID,2.398014,VALID,Online,Resolved: Operating normally
2026-06-13 12:00:00+00:00,14.6,VALID,0.0,VALID,193.403744,VALID,2.3461980000000002,VALID,Online,Resolved: Operating normally
2026-06-13 13:00:00+00:00,14.525,VALID,0.0,VALID,183.634448,VALID,2.3119080000000003,VALID,Online,Resolved: Operating normally
2026-06-13 14:00:00+00:00,14.5,VALID,0.0,VALID,183.422072,VALID,2.311146,VALID,Online,Resolved: Operating normally
2026-06-13 15:00:00+00:00,14.5,VALID,0.0,VALID,196.235424,VALID,2.356104,VALID,Online,Resolved: Operating normally
2026-06-13 16:00:00+00:00,14.5,VALID,0.0,VALID,213.15471200000002,VALID,2.4132540000000002,VALID,Online,Resolved: Operating normally
2026-06-13 17:00:00+00:00,14.5,VALID,0.0,VALID,223.34876,VALID,2.4460200000000003,VALID,Online,Resolved: Operating normally
2026-06-13 18:00:00+00:00,14.525,VALID,0.0,VALID,226.88836,VALID,2.4574500000000006,VALID,Online,Resolved: Operating normally
2026-06-13 19:00:00+00:00,14.6,VALID,0.0,VALID,227.879448,VALID,2.4604980000000003,VALID,Online,Resolved: Operating normally
2026-06-13 20:00:00+00:00,14.725,VALID,0.0,VALID,228.021032,VALID,2.4612600000000002,VALID,Online,Resolved: Operating normally
2026-06-13 21:00:00+00:00,14.9,VALID,0.0,VALID,229.082912,VALID,2.464308,VALID,Online,Resolved: Operating normally
2026-06-13 22:00:00+00:00,15.125,VALID,0.0,VALID,226.675984,VALID,2.4566879999999998,VALID,Online,Resolved: Operating normally
2026-06-13 23:00:00+00:00,15.375,VALID,0.0,VALID,232.622512,VALID,2.475738,VALID,Online,Resolved: Operating normally
2026-06-14 00:00:00+00:00,15.55,VALID,0.0,VALID,243.312104,VALID,2.5085040000000003,VALID,Online,Resolved: Operating normally
2026-06-14 01:00:00+00:00,15.725,VALID,0.0,VALID,260.443768,VALID,2.559558,VALID,Online,Resolved: Operating normally
2026-06-14 02:00:00+00:00,15.825000000000001,VALID,0.0,VALID,272.619992,VALID,2.5946100000000003,VALID,Online,Resolved: Operating normally
2026-06-14 03:00:00+00:00,15.9,VALID,0.0,VALID,284.44225600000004,VALID,2.629662,VALID,Online,Resolved: Operating normally
2026-06-14 04:00:00+00:00,15.9,VALID,0.0,VALID,292.37096,VALID,2.649474,VALID,Online,Resolved: Operating normally
2026-06-14 05:00:00+00:00,15.9,VALID,0.0,VALID,295.20264,VALID,2.658618,VALID,Online,Resolved: Operating normally
2026-06-14 06:00:00+00:00,15.8,VALID,0.0,VALID,296.61848,VALID,2.6624280000000002,VALID,Online,Resolved: Operating normally
2026-06-14 07:00:00+00:00,15.674999999999999,VALID,0.0,VALID,292.37095999999997,VALID,2.6502360000000005,VALID,Online,Resolved: Operating normally
2026-06-14 08:00:00+00:00,15.55,VALID,0.0,VALID,278.000184,VALID,2.610612,VALID,Online,Resolved: Operating normally
2026-06-14 09:00:00+00:00,15.5,VALID,0.0,VALID,256.621,VALID,2.548128,VALID,Online,Resolved: Operating normally
2026-06-14 10:00:00+00:00,15.475,VALID,0.0,VALID,230.286376,VALID,2.468118,VALID,Online,Resolved: Operating normally
2026-06-14 11:00:00+00:00,15.4,VALID,0.0,VALID,208.90719199999998,VALID,2.3987760000000002,VALID,Online,Resolved: Operating normally
2026-06-14 12:00:00+00:00,15.275,VALID,0.0,VALID,193.828496,VALID,2.347722,VALID,Online,Resolved: Operating normally
2026-06-14 13:00:00+00:00,15.2,VALID,0.0,VALID,184.27157599999998,VALID,2.314194,VALID,Online,Resolved: Operating normally
2026-06-14 14:00:00+00:00,15.1,VALID,0.0,VALID,184.483952,VALID,2.314956,VALID,Online,Resolved: Operating normally
2026-06-14 15:00:00+00:00,15.174999999999999,VALID,0.0,VALID,197.580472,VALID,2.360676,VALID,Online,Resolved: Operating normally
2026-06-14 16:00:00+00:00,15.2,VALID,0.0,VALID,213.86263200000002,VALID,2.41554,VALID,Online,Resolved: Operating normally
2026-06-14 17:00:00+00:00,15.174999999999999,VALID,0.0,VALID,223.065592,VALID,2.445258,VALID,Online,Resolved: Operating normally
2026-06-14 18:00:00+00:00,15.075,VALID,0.254,VALID,226.88835999999998,VALID,2.45745,VALID,Online,Resolved: Operating normally
2026-06-14 19:00:00+00:00,15.0,VALID,0.0,VALID,228.587368,VALID,2.462784,VALID,Online,Resolved: Operating normally
2026-06-14 20:00:00+00:00,15.05,VALID,0.0,VALID,228.374992,VALID,2.462022,VALID,Online,Resolved: Operating normally
2026-06-14 21:00:00+00:00,15.2,VALID,0.0,VALID,228.16261599999999,VALID,2.4612600000000002,VALID,Online,Resolved: Operating normally
2026-06-14 22:00:00+00:00,15.475,VALID,0.0,VALID,228.799744,VALID,2.463546,VALID,Online,Resolved: Operating normally
2026-06-14 23:00:00+00:00,15.725,VALID,0.0,VALID,229.861624,VALID,2.466594,VALID,Online,Resolved: Operating normally
2026-06-15 00:00:00+00:00,15.95,VALID,0.762,VALID,237.86112,VALID,2.49174,VALID,Online,Resolved: Operating normally
2026-06-15 01:00:00+00:00,16.0,VALID,0.0,VALID,257.116544,VALID,2.549652,VALID,Online,Resolved: Operating normally
2026-06-15 02:00:00+00:00,15.9,VALID,0.0,VALID,272.619992,VALID,2.5946100000000003,VALID,Online,Resolved: Operating normally
2026-06-15 03:00:00+00:00,15.8,VALID,0.0,VALID,284.93780000000004,VALID,2.629662,VALID,Online,Resolved: Operating normally
2026-06-15 04:00:00+00:00,15.725,VALID,0.0,VALID,292.37096,VALID,2.64795,VALID,Online,Resolved: Operating normally
2026-06-15 05:00:00+00:00,15.7,VALID,0.0,VALID,295.91056,VALID,2.6570940000000003,VALID,Online,Resolved: Operating normally
2026-06-15 06:00:00+00:00,15.7,VALID,0.0,VALID,297.3264,VALID,2.66319,VALID,Online,Resolved: Operating normally
2026-06-15 07:00:00+00:00,15.674999999999999,VALID,0.0,VALID,292.37095999999997,VALID,2.6502360000000005,VALID,Online,Resolved: Operating normally
2026-06-15 08:00:00+00:00,15.6,VALID,0.0,VALID,277.433848,VALID,2.609088,VALID,Online,Resolved: Operating normally
2026-06-15 09:00:00+00:00,15.45,VALID,0.0,VALID,255.48832799999997,VALID,2.5450800000000005,VALID,Online,Resolved: Operating normally
2026-06-15 10:00:00+00:00,15.25,VALID,0.0,VALID,230.569544,VALID,2.46888,VALID,Online,Resolved: Operating normally
2026-06-15 11:00:00+00:00,15.125,VALID,0.0,VALID,209.119568,VALID,2.399538,VALID,Online,Resolved: Operating normally
2026-06-15 12:00:00+00:00,15.025,VALID,0.0,VALID,194.040872,VALID,2.348484,VALID,Online,Resolved: Operating normally
2026-06-15 13:00:00+00:00,15.0,VALID,0.0,VALID,184.908704,VALID,2.31648,VALID,Online,Resolved: Operating normally
2026-06-15 14:00:00+00:00,15.0,VALID,0.0,VALID,186.820088,VALID,2.323338,VALID,Online,Resolved: Operating normally
2026-06-15 15:00:00+00:00,15.05,VALID,0.0,VALID,204.73046399999998,VALID,2.38506,VALID,Online,Resolved: Operating normally
2026-06-15 16:00:00+00:00,15.149999999999999,VALID,0.0,VALID,221.225,VALID,2.4391620000000005,VALID,Online,Resolved: Operating normally
2026-06-15 17:00:00+00:00,15.2,VALID,0.0,VALID,228.870536,VALID,2.463546,VALID,Online,Resolved: Operating normally
2026-06-15 18:00:00+00:00,15.275,VALID,0.0,VALID,230.498752,VALID,2.46888,VALID,Online,Resolved: Operating normally
2026-06-15 19:00:00+00:00,15.375,VALID,0.0,VALID,230.286376,VALID,2.468118,VALID,Online,Resolved: Operating normally
2026-06-15 20:00:00+00:00,15.55,VALID,0.0,VALID,229.861624,VALID,2.466594,VALID,Online,Resolved: Operating normally
2026-06-15 21:00:00+00:00,15.775,VALID,0.0,VALID,227.667072,VALID,2.4597360000000004,VALID,Online,Resolved: Operating normally
2026-06-15 22:00:00+00:00,16.05,VALID,0.0,VALID,227.10073599999998,VALID,2.4582120000000005,VALID,Online,Resolved: Operating normally
2026-06-15 23:00:00+00:00,16.25,VALID,0.0,VALID,231.277464,VALID,2.471166,VALID,Online,Resolved: Operating normally
2026-06-16 00:00:00+00:00,16.45,VALID,0.0,VALID,245.152696,VALID,2.5138380000000002,VALID,Online,Resolved: Operating normally
2026-06-16 01:00:00+00:00,16.6,VALID,0.0,VALID,262.85069599999997,VALID,2.5664160000000003,VALID,Online,Resolved: Operating normally
2026-06-16 02:00:00+00:00,16.675,VALID,0.0,VALID,278.283352,VALID,2.6106119999999997,VALID,Online,Resolved: Operating normally
2026-06-16 03:00:00+00:00,16.7,VALID,0.0,VALID,288.12344,VALID,2.6372820000000003,VALID,Online,Resolved: Operating normally
2026-06-16 04:00:00+00:00,16.7,VALID,0.0,VALID,292.37095999999997,VALID,2.649474,VALID,Online,Resolved: Operating normally
2026-06-16 05:00:00+00:00,16.7,VALID,0.0,VALID,295.91056,VALID,2.6601420000000005,VALID,Online,Resolved: Operating normally
2026-06-16 06:00:00+00:00,16.65,VALID,0.0,VALID,297.3264,VALID,2.66319,VALID,Online,Resolved: Operating normally
2026-06-16 07:00:00+00:00,16.5,VALID,0.0,VALID,292.37095999999997,VALID,2.6502360000000005,VALID,Online,Resolved: Operating normally
2026-06-16 08:00:00+00:00,16.275,VALID,0.0,VALID,278.424936,VALID,2.610612,VALID,Online,Resolved: Operating normally
2026-06-16 09:00:00+00:00,16.025000000000002,VALID,0.0,VALID,256.621,VALID,2.548128,VALID,Online,Resolved: Operating normally
2026-06-16 10:00:00+00:00,15.725,VALID,0.0,VALID,231.065088,VALID,2.4704040000000003,VALID,Online,Resolved: Operating normally
2026-06-16 11:00:00+00:00,15.475,VALID,0.0,VALID,209.331944,VALID,2.4003,VALID,Online,Resolved: Operating normally
2026-06-16 12:00:00+00:00,15.2,VALID,0.0,VALID,194.040872,VALID,2.348484,VALID,Online,Resolved: Operating normally
2026-06-16 13:00:00+00:00,15.0,VALID,0.0,VALID,184.908704,VALID,2.31648,VALID,Online,Resolved: Operating normally
2026-06-16 14:00:00+00:00,14.850000000000001,VALID,0.0,VALID,186.607712,VALID,2.3225759999999998,VALID,Online,Resolved: Operating normally
2026-06-16 15:00:00+00:00,14.8,VALID,0.0,VALID,202.535912,VALID,2.37744,VALID,Online,Resolved: Operating normally
2026-06-16 16:00:00+00:00,14.8,VALID,0.0,VALID,218.818072,VALID,2.431542,VALID,Online,Resolved: Operating normally
2026-06-16 17:00:00+00:00,14.825000000000001,VALID,0.0,VALID,226.675984,VALID,2.4566880000000006,VALID,Online,Resolved: Operating normally
2026-06-16 18:00:00+00:00,15.0,VALID,0.0,VALID,228.09182399999997,VALID,2.4612600000000002,VALID,Online,Resolved: Operating normally
2026-06-16 19:00:00+00:00,15.2,VALID,0.0,VALID,228.87053600000002,VALID,2.463546,VALID,Online,Resolved: Operating normally
2026-06-16 20:00:00+00:00,15.4,VALID,0.0,VALID,229.36608,VALID,2.4650700000000003,VALID,Online,Resolved: Operating normally
2026-06-16 21:00:00+00:00,15.725,VALID,0.0,VALID,228.374992,VALID,2.462022,VALID,Online,Resolved: Operating normally
2026-06-16 22:00:00+00:00,16.05,VALID,0.0,VALID,228.30419999999998,VALID,2.462022,VALID,Online,Resolved: Operating normally
2026-06-16 23:00:00+00:00,16.325,VALID,0.0,VALID,231.914592,VALID,2.473452,VALID,Online,Resolved: Operating normally
2026-06-17 00:00:00+00:00,16.55,VALID,0.0,VALID,245.29428,VALID,2.5146,VALID,Online,Resolved: Operating normally
2026-06-17 01:00:00+00:00,16.6,VALID,0.0,VALID,262.99228,VALID,2.567178,VALID,Online,Resolved: Operating normally
2026-06-17 02:00:00+00:00,16.575000000000003,VALID,0.0,VALID,277.50464,VALID,2.608326,VALID,Online,Resolved: Operating normally
2026-06-17 03:00:00+00:00,16.5,VALID,0.0,VALID,286.7076,VALID,2.6327100000000003,VALID,Online,Resolved: Operating normally
2026-06-17 04:00:00+00:00,16.5,VALID,0.0,VALID,291.66304,VALID,2.647188,VALID,Online,Resolved: Operating normally
2026-06-17 05:00:00+00:00,16.45,VALID,0.0,VALID,293.78679999999997,VALID,2.654046,VALID,Online,Resolved: Operating normally
2026-06-17 06:00:00+00:00,16.375,VALID,0.0,VALID,298.03432,VALID,2.663952,VALID,Online,Resolved: Operating normally
2026-06-17 07:00:00+00:00,16.175,VALID,0.0,VALID,292.37095999999997,VALID,2.6502360000000005,VALID,Online,Resolved: Operating normally
2026-06-17 08:00:00+00:00,15.85,VALID,0.0,VALID,279.27444,VALID,2.6128980000000004,VALID,Online,Resolved: Operating normally
2026-06-17 09:00:00+00:00,15.525,VALID,0.0,VALID,256.621,VALID,2.548128,VALID,Online,Resolved: Operating normally
2026-06-17 10:00:00+00:00,15.2,VALID,0.0,VALID,231.560632,VALID,2.471928,VALID,Online,Resolved: Operating normally
2026-06-17 11:00:00+00:00,15.0,VALID,0.0,VALID,209.54432,VALID,2.401062,VALID,Online,Resolved: Operating normally
2026-06-17 12:00:00+00:00,14.850000000000001,VALID,0.0,VALID,194.536416,VALID,2.350008,VALID,Online,Resolved: Operating normally
2026-06-17 13:00:00+00:00,14.75,VALID,0.0,VALID,185.758208,VALID,2.319528,VALID,Online,Resolved: Operating normally
2026-06-17 14:00:00+00:00,14.7,VALID,0.0,VALID,187.315632,VALID,2.324862,VALID,Online,Resolved: Operating normally
2026-06-17 15:00:00+00:00,14.7,VALID,0.0,VALID,203.456208,VALID,2.380488,VALID,Online,Resolved: Operating normally
2026-06-17 16:00:00+00:00,14.674999999999999,VALID,0.0,VALID,219.73836799999998,VALID,2.43459,VALID,Online,Resolved: Operating normally
2026-06-17 17:00:00+00:00,14.725,VALID,0.0,VALID,226.675984,VALID,2.4566880000000006,VALID,Online,Resolved: Operating normally
2026-06-17 18:00:00+00:00,14.850000000000001,VALID,0.0,VALID,228.870536,VALID,2.463546,VALID,Online,Resolved: Operating normally
2026-06-17 19:00:00+00:00,15.05,VALID,0.0,VALID,228.587368,VALID,2.462784,VALID,Online,Resolved: Operating normally
2026-06-17 20:00:00+00:00,15.275,VALID,0.0,VALID,228.65816,VALID,2.462784,VALID,Online,Resolved: Operating normally
2026-06-17 21:00:00+00:00,15.575,VALID,0.0,VALID,228.09182399999997,VALID,2.4612600000000002,VALID,Online,Resolved: Operating normally
2026-06-17 22:00:00+00:00,15.8,VALID,0.0,VALID,227.59627999999998,VALID,2.4597360000000004,VALID,Online,Resolved: Operating normally
2026-06-17 23:00:00+00:00,16.05,VALID,0.0,VALID,232.19776,VALID,2.4742140000000004,VALID,Online,Resolved: Operating normally
2026-06-18 00:00:00+00:00,16.2,VALID,0.0,VALID,245.152696,VALID,2.5138380000000002,VALID,Online,Resolved: Operating normally
2026-06-18 01:00:00+00:00,16.3,VALID,0.0,VALID,262.496736,VALID,2.5656540000000003,VALID,Online,Resolved: Operating normally
2026-06-18 02:00:00+00:00,16.25,VALID,0.0,VALID,277.717016,VALID,2.609088,VALID,Online,Resolved: Operating normally
2026-06-18 03:00:00+00:00,16.2,VALID,0.0,VALID,286.7076,VALID,2.634234,VALID,Online,Resolved: Operating normally
2026-06-18 04:00:00+00:00,16.2,VALID,0.0,VALID,290.2472,VALID,2.645664,VALID,Online,Resolved: Operating normally
2026-06-18 05:00:00+00:00,16.2,VALID,0.0,VALID,295.20264,VALID,2.6570940000000003,VALID,Online,Resolved: Operating normally
2026-06-18 06:00:00+00:00,16.2,VALID,0.0,VALID,296.61848,VALID,2.6609040000000004,VALID,Online,Resolved: Operating normally
2026-06-18 07:00:00+00:00,16.1,VALID,0.0,VALID,292.37095999999997,VALID,2.6502360000000005,VALID,Online,Resolved: Operating normally
2026-06-18 08:00:00+00:00,15.825,VALID,0.0,VALID,278.708104,VALID,2.6113740000000005,VALID,Online,Resolved: Operating normally
2026-06-18 09:00:00+00:00,15.55,VALID,0.0,VALID,256.054664,VALID,2.5466040000000003,VALID,Online,Resolved: Operating normally
2026-06-18 10:00:00+00:00,15.275,VALID,0.0,VALID,230.286376,VALID,2.4681180000000005,VALID,Online,Resolved: Operating normally
2026-06-18 11:00:00+00:00,15.075,VALID,0.0,VALID,208.19927199999998,VALID,2.39649,VALID,Online,Resolved: Operating normally
2026-06-18 12:00:00+00:00,14.925,VALID,0.0,VALID,193.403744,VALID,2.3461980000000002,VALID,Online,Resolved: Operating normally
2026-06-18 13:00:00+00:00,14.825000000000001,VALID,0.0,VALID,184.27157599999998,VALID,2.314194,VALID,Online,Resolved: Operating normally
2026-06-18 14:00:00+00:00,14.75,VALID,0.0,VALID,186.395336,VALID,2.321814,VALID,Online,Resolved: Operating normally
2026-06-18 15:00:00+00:00,14.7,VALID,0.0,VALID,203.243832,VALID,2.3797260000000002,VALID,Online,Resolved: Operating normally
2026-06-18 16:00:00+00:00,14.7,VALID,0.0,VALID,219.313616,VALID,2.433066,VALID,Online,Resolved: Operating normally
2026-06-18 17:00:00+00:00,14.75,VALID,0.0,VALID,227.10073599999998,VALID,2.4582120000000005,VALID,Online,Resolved: Operating normally
2026-06-18 18:00:00+00:00,14.8,VALID,0.0,VALID,229.578456,VALID,2.4658320000000002,VALID,Online,Resolved: Operating normally
2026-06-18 20:00:00+00:00,15.325,VALID,0.0,VALID,228.870536,VALID,2.463546,VALID,Online,Resolved: Operating normally
2026-06-18 21:00:00+00:00,15.625,VALID,0.0,VALID,229.36608,VALID,2.4650700000000003,VALID,Online,Resolved: Operating normally
2026-06-18 22:00:00+00:00,15.9,VALID,0.0,VALID,229.082912,VALID,2.464308,VALID,Online,Resolved: Operating normally
2026-06-18 23:00:00+00:00,16.025,VALID,0.0,VALID,232.480928,VALID,2.474976,VALID,Online,Resolved: Operating normally
2026-06-19 00:00:00+00:00,16.15,VALID,0.0,VALID,244.373984,VALID,2.511552,VALID,Online,Resolved: Operating normally
2026-06-19 01:00:00+00:00,16.2,VALID,0.0,VALID,262.99228,VALID,2.567178,VALID,Online,Resolved: Operating normally
2026-06-19 02:00:00+00:00,16.2,VALID,0.0,VALID,277.50464,VALID,2.608326,VALID,Online,Resolved: Operating normally
2026-06-19 03:00:00+00:00,16.125,VALID,0.0,VALID,285.99968,VALID,2.6304240000000005,VALID,Online,Resolved: Operating normally
2026-06-19 04:00:00+00:00,16.175,VALID,0.0,VALID,290.95512,VALID,2.644902,VALID,Online,Resolved: Operating normally
2026-06-19 05:00:00+00:00,16.325,VALID,0.0,VALID,295.20264,VALID,2.65557,VALID,Online,Resolved: Operating normally
2026-06-19 06:00:00+00:00,16.375,VALID,0.0,VALID,295.20264,VALID,2.6570940000000003,VALID,Online,Resolved: Operating normally
2026-06-19 07:00:00+00:00,16.225,VALID,0.0,VALID,292.37095999999997,VALID,2.6471880000000003,VALID,Online,Resolved: Operating normally
2026-06-19 08:00:00+00:00,15.950000000000001,VALID,0.0,VALID,277.15067999999997,VALID,2.607564,VALID,Online,Resolved: Operating normally
2026-06-19 09:00:00+00:00,15.649999999999999,VALID,0.0,VALID,256.337832,VALID,2.5473660000000002,VALID,Online,Resolved: Operating normally
2026-06-19 10:00:00+00:00,15.4,VALID,0.0,VALID,230.569544,VALID,2.4688800000000004,VALID,Online,Resolved: Operating normally
2026-06-19 11:00:00+00:00,15.2,VALID,0.0,VALID,208.90719199999998,VALID,2.3987760000000002,VALID,Online,Resolved: Operating normally
2026-06-19 12:00:00+00:00,15.05,VALID,0.0,VALID,193.61612,VALID,2.34696,VALID,Online,Resolved: Operating normally
2026-06-19 13:00:00+00:00,15.0,VALID,0.0,VALID,183.634448,VALID,2.3119080000000003,VALID,Online,Resolved: Operating normally
2026-06-19 14:00:00+00:00,14.9,VALID,0.0,VALID,185.333456,VALID,2.318004,VALID,Online,Resolved: Operating normally
2026-06-19 15:00:00+00:00,14.925,VALID,0.0,VALID,202.60670399999998,VALID,2.37744,VALID,Online,Resolved: Operating normally
2026-06-19 16:00:00+00:00,15.0,VALID,0.0,VALID,219.4552,VALID,2.433828,VALID,Online,Resolved: Operating normally
2026-06-19 17:00:00+00:00,15.075,VALID,0.0,VALID,227.10073599999998,VALID,2.4582120000000005,VALID,Online,Resolved: Operating normally
2026-06-19 18:00:00+00:00,15.25,VALID,0.0,VALID,229.649248,VALID,2.4658320000000002,VALID,Online,Resolved: Operating normally
2026-06-19 19:00:00+00:00,15.45,VALID,0.0,VALID,229.36608,VALID,2.4650700000000003,VALID,Online,Resolved: Operating normally
2026-06-19 20:00:00+00:00,15.649999999999999,VALID,0.0,VALID,229.649248,VALID,2.4658320000000002,VALID,Online,Resolved: Operating normally
2026-06-19 21:00:00+00:00,15.850000000000001,VALID,0.0,VALID,228.30419999999998,VALID,2.462022,VALID,Online,Resolved: Operating normally
2026-06-19 22:00:00+00:00,16.025,VALID,0.0,VALID,227.80865599999998,VALID,2.4604980000000003,VALID,Online,Resolved: Operating normally
2026-06-19 23:00:00+00:00,16.175,VALID,0.0,VALID,231.277464,VALID,2.471166,VALID,Online,Resolved: Operating normally
2026-06-20 00:00:00+00:00,16.35,VALID,0.0,VALID,244.94031999999999,VALID,2.513076,VALID,Online,Resolved: Operating normally
2026-06-20 01:00:00+00:00,16.45,VALID,0.0,VALID,263.275448,VALID,2.56794,VALID,Online,Resolved: Operating normally
2026-06-20 02:00:00+00:00,16.5,VALID,0.0,VALID,278.283352,VALID,2.610612,VALID,Online,Resolved: Operating normally
2026-06-20 03:00:00+00:00,16.5,VALID,0.0,VALID,286.7076,VALID,2.634996,VALID,Online,Resolved: Operating normally
2026-06-20 04:00:00+00:00,16.45,VALID,0.0,VALID,292.37096,VALID,2.64795,VALID,Online,Resolved: Operating normally
2026-06-20 05:00:00+00:00,16.375,VALID,0.0,VALID,295.20264,VALID,2.658618,VALID,Online,Resolved: Operating normally
2026-06-20 06:00:00+00:00,16.25,VALID,0.0,VALID,297.3264,VALID,2.66319,VALID,Online,Resolved: Operating normally
2026-06-20 07:00:00+00:00,16.05,VALID,0.0,VALID,293.07888,VALID,2.6525220000000003,VALID,Online,Resolved: Operating normally
2026-06-20 08:00:00+00:00,15.775,VALID,0.0,VALID,278.991272,VALID,2.612136,VALID,Online,Resolved: Operating normally
2026-06-20 09:00:00+00:00,15.475,VALID,0.0,VALID,256.054664,VALID,2.5466040000000003,VALID,Online,Resolved: Operating normally
2026-06-20 10:00:00+00:00,15.2,VALID,0.0,VALID,230.28637600000002,VALID,2.468118,VALID,Online,Resolved: Operating normally
2026-06-20 11:00:00+00:00,15.05,VALID,0.0,VALID,208.411648,VALID,2.397252,VALID,Online,Resolved: Operating normally
2026-06-20 12:00:00+00:00,15.0,VALID,0.0,VALID,192.978992,VALID,2.3446740000000004,VALID,Online,Resolved: Operating normally
2026-06-20 13:00:00+00:00,14.9,VALID,0.0,VALID,183.846824,VALID,2.3126700000000002,VALID,Online,Resolved: Operating normally
2026-06-20 14:00:00+00:00,14.9,VALID,0.0,VALID,183.209696,VALID,2.310384,VALID,Online,Resolved: Operating normally
2026-06-20 15:00:00+00:00,14.9,VALID,0.0,VALID,195.38592,VALID,2.3530560000000005,VALID,Online,Resolved: Operating normally
2026-06-20 16:00:00+00:00,14.850000000000001,VALID,0.0,VALID,212.305208,VALID,2.410206,VALID,Online,Resolved: Operating normally
2026-06-20 17:00:00+00:00,14.875,VALID,0.0,VALID,221.649752,VALID,2.440686,VALID,Online,Resolved: Operating normally
2026-06-20 18:00:00+00:00,15.0,VALID,0.0,VALID,226.392816,VALID,2.4559260000000003,VALID,Online,Resolved: Operating normally
2026-06-20 19:00:00+00:00,15.149999999999999,VALID,0.0,VALID,227.59627999999998,VALID,2.4597360000000004,VALID,Online,Resolved: Operating normally
2026-06-20 20:00:00+00:00,15.375,VALID,0.0,VALID,228.09182399999997,VALID,2.4612600000000002,VALID,Online,Resolved: Operating normally
2026-06-20 21:00:00+00:00,15.6,VALID,0.0,VALID,228.587368,VALID,2.462784,VALID,Online,Resolved: Operating normally
2026-06-20 22:00:00+00:00,15.875,VALID,0.0,VALID,228.587368,VALID,2.462784,VALID,Online,Resolved: Operating normally
2026-06-20 23:00:00+00:00,16.075,VALID,0.0,VALID,231.206672,VALID,2.471166,VALID,Online,Resolved: Operating normally
2026-06-21 00:00:00+00:00,16.3,VALID,0.0,VALID,242.10864,VALID,2.5046939999999998,VALID,Online,Resolved: Operating normally
2026-06-21 01:00:00+00:00,16.45,VALID,0.0,VALID,258.957136,VALID,2.554986,VALID,Online,Resolved: Operating normally
2026-06-21 02:00:00+00:00,16.5,VALID,0.0,VALID,274.248208,VALID,2.599182,VALID,Online,Resolved: Operating normally
2026-06-21 03:00:00+00:00,16.5,VALID,0.0,VALID,284.01750400000003,VALID,2.627376,VALID,Online,Resolved: Operating normally
2026-06-21 04:00:00+00:00,16.4,VALID,0.0,VALID,289.53928,VALID,2.6426160000000003,VALID,Online,Resolved: Operating normally
2026-06-21 05:00:00+00:00,16.4,VALID,0.0,VALID,295.20264,VALID,2.6570940000000003,VALID,Online,Resolved: Operating normally
2026-06-21 06:00:00+00:00,16.375,VALID,0.0,VALID,297.3264,VALID,2.6624280000000002,VALID,Online,Resolved: Operating normally
2026-06-21 07:00:00+00:00,16.225,VALID,0.0,VALID,293.07888,VALID,2.649474,VALID,Online,Resolved: Operating normally
2026-06-21 08:00:00+00:00,16.0,VALID,0.0,VALID,277.433848,VALID,2.609088,VALID,Online,Resolved: Operating normally
2026-06-21 09:00:00+00:00,15.725,VALID,0.0,VALID,255.20515999999998,VALID,2.5443180000000005,VALID,Online,Resolved: Operating normally
2026-06-21 10:00:00+00:00,15.55,VALID,0.0,VALID,229.57845600000002,VALID,2.465832,VALID,Online,Resolved: Operating normally
2026-06-21 11:00:00+00:00,15.4,VALID,0.0,VALID,208.48244,VALID,2.397252,VALID,Online,Resolved: Operating normally
2026-06-21 12:00:00+00:00,15.25,VALID,0.0,VALID,192.9082,VALID,2.3446740000000004,VALID,Online,Resolved: Operating normally
2026-06-21 13:00:00+00:00,15.149999999999999,VALID,0.0,VALID,183.209696,VALID,2.310384,VALID,Online,Resolved: Operating normally
2026-06-21 14:00:00+00:00,15.025,VALID,0.0,VALID,182.784944,VALID,2.30886,VALID,Online,Resolved: Operating normally
2026-06-21 15:00:00+00:00,14.975,VALID,0.0,VALID,195.810672,VALID,2.3545800000000003,VALID,Online,Resolved: Operating normally
2026-06-21 16:00:00+00:00,14.9,VALID,0.0,VALID,212.72996,VALID,2.41173,VALID,Online,Resolved: Operating normally
2026-06-21 17:00:00+00:00,14.925,VALID,0.0,VALID,222.64084,VALID,2.443734,VALID,Online,Resolved: Operating normally
2026-06-21 18:00:00+00:00,15.05,VALID,0.0,VALID,226.322024,VALID,2.4559260000000003,VALID,Online,Resolved: Operating normally
2026-06-21 19:00:00+00:00,15.275,VALID,0.0,VALID,228.09182399999997,VALID,2.4612600000000002,VALID,Online,Resolved: Operating normally
2026-06-21 20:00:00+00:00,15.55,VALID,0.0,VALID,228.79974399999998,VALID,2.463546,VALID,Online,Resolved: Operating normally
2026-06-21 21:00:00+00:00,15.925,VALID,0.0,VALID,228.516576,VALID,2.462784,VALID,Online,Resolved: Operating normally
2026-06-21 22:00:00+00:00,16.25,VALID,0.0,VALID,227.80865599999998,VALID,2.4604980000000003,VALID,Online,Resolved: Operating normally
2026-06-21 23:00:00+00:00,16.5,VALID,0.0,VALID,229.295288,VALID,2.46507,VALID,Online,Resolved: Operating normally
2026-06-22 00:00:00+00:00,16.75,VALID,0.0,VALID,237.648744,VALID,2.490978,VALID,Online,Resolved: Operating normally
2026-06-22 01:00:00+00:00,16.875,VALID,0.0,VALID,256.054664,VALID,2.5466040000000003,VALID,Online,Resolved: Operating normally
2026-06-22 02:00:00+00:00,16.9,VALID,0.0,VALID,273.469496,VALID,2.596896,VALID,Online,Resolved: Operating normally
2026-06-22 03:00:00+00:00,16.825,VALID,0.0,VALID,285.716512,VALID,2.6311860000000005,VALID,Online,Resolved: Operating normally
2026-06-22 04:00:00+00:00,16.725,VALID,0.0,VALID,293.07888,VALID,2.650236,VALID,Online,Resolved: Operating normally
2026-06-22 05:00:00+00:00,16.675,VALID,0.0,VALID,294.49472,VALID,2.6570940000000003,VALID,Online,Resolved: Operating normally
2026-06-22 06:00:00+00:00,16.575000000000003,VALID,0.0,VALID,297.3264,VALID,2.66319,VALID,Online,Resolved: Operating normally
2026-06-22 07:00:00+00:00,16.45,VALID,0.0,VALID,291.66304,VALID,2.6464260000000004,VALID,Online,Resolved: Operating normally
2026-06-22 08:00:00+00:00,16.2,VALID,0.0,VALID,277.717016,VALID,2.609088,VALID,Online,Resolved: Operating normally
2026-06-22 09:00:00+00:00,15.975000000000001,VALID,0.0,VALID,255.488328,VALID,2.5450800000000005,VALID,Online,Resolved: Operating normally
2026-06-22 10:00:00+00:00,15.725,VALID,0.0,VALID,230.074,VALID,2.467356,VALID,Online,Resolved: Operating normally
2026-06-22 11:00:00+00:00,15.5,VALID,0.0,VALID,208.199272,VALID,2.39649,VALID,Online,Resolved: Operating normally
2026-06-22 12:00:00+00:00,15.350000000000001,VALID,0.0,VALID,192.9082,VALID,2.3446740000000004,VALID,Online,Resolved: Operating normally
2026-06-22 13:00:00+00:00,15.225,VALID,0.0,VALID,183.422072,VALID,2.311146,VALID,Online,Resolved: Operating normally
2026-06-22 14:00:00+00:00,15.125,VALID,0.0,VALID,185.333456,VALID,2.318004,VALID,Online,Resolved: Operating normally
2026-06-22 15:00:00+00:00,15.075,VALID,0.0,VALID,202.394328,VALID,2.376678,VALID,Online,Resolved: Operating normally
2026-06-22 16:00:00+00:00,15.0,VALID,0.0,VALID,219.24282399999998,VALID,2.433066,VALID,Online,Resolved: Operating normally
2026-06-22 17:00:00+00:00,15.075,VALID,0.0,VALID,227.59628,VALID,2.4597360000000004,VALID,Online,Resolved: Operating normally
2026-06-22 18:00:00+00:00,15.174999999999999,VALID,0.0,VALID,229.861624,VALID,2.466594,VALID,Online,Resolved: Operating normally
2026-06-22 19:00:00+00:00,15.4,VALID,0.0,VALID,230.498752,VALID,2.46888,VALID,Online,Resolved: Operating normally
2026-06-22 20:00:00+00:00,15.65,VALID,0.0,VALID,229.649248,VALID,2.4658320000000002,VALID,Online,Resolved: Operating normally
2026-06-22 21:00:00+00:00,16.0,VALID,0.0,VALID,229.649248,VALID,2.4658320000000002,VALID,Online,Resolved: Operating normally
2026-06-22 22:00:00+00:00,16.325,VALID,0.0,VALID,229.649248,VALID,2.4658320000000002,VALID,Online,Resolved: Operating normally
2026-06-22 23:00:00+00:00,16.65,VALID,0.0,VALID,232.90568,VALID,2.4765,VALID,Online,Resolved: Operating normally
2026-06-23 00:00:00+00:00,16.9,VALID,0.0,VALID,244.94031999999999,VALID,2.513076,VALID,Online,Resolved: Operating normally
2026-06-23 01:00:00+00:00,17.05,VALID,0.0,VALID,262.779904,VALID,2.5664160000000003,VALID,Online,Resolved: Operating normally
2026-06-23 02:00:00+00:00,17.1,VALID,0.0,VALID,276.371968,VALID,2.605278,VALID,Online,Resolved: Operating normally
2026-06-23 03:00:00+00:00,17.1,VALID,0.0,VALID,287.41552,VALID,2.635758,VALID,Online,Resolved: Operating normally
2026-06-23 04:00:00+00:00,17.1,VALID,0.0,VALID,293.07888,VALID,2.6509980000000004,VALID,Online,Resolved: Operating normally
2026-06-23 05:00:00+00:00,17.1,VALID,0.0,VALID,295.91056,VALID,2.6593800000000005,VALID,Online,Resolved: Operating normally
2026-06-23 06:00:00+00:00,17.075000000000003,VALID,0.0,VALID,295.91056,VALID,2.6593800000000005,VALID,Online,Resolved: Operating normally
2026-06-23 07:00:00+00:00,16.95,VALID,0.0,VALID,293.07888,VALID,2.6502360000000005,VALID,Online,Resolved: Operating normally
2026-06-23 08:00:00+00:00,16.7,VALID,0.0,VALID,277.717016,VALID,2.6098500000000002,VALID,Online,Resolved: Operating normally
2026-06-23 09:00:00+00:00,16.425,VALID,0.0,VALID,256.054664,VALID,2.5466040000000003,VALID,Online,Resolved: Operating normally
2026-06-23 10:00:00+00:00,16.15,VALID,0.0,VALID,229.790832,VALID,2.466594,VALID,Online,Resolved: Operating normally
2026-06-23 11:00:00+00:00,15.95,VALID,0.0,VALID,208.41164799999999,VALID,2.397252,VALID,Online,Resolved: Operating normally
2026-06-23 12:00:00+00:00,15.8,VALID,0.0,VALID,193.403744,VALID,2.3461980000000002,VALID,Online,Resolved: Operating normally
2026-06-23 13:00:00+00:00,15.7,VALID,0.0,VALID,183.846824,VALID,2.3126700000000002,VALID,Online,Resolved: Operating normally
2026-06-23 14:00:00+00:00,15.6,VALID,0.0,VALID,185.758208,VALID,2.319528,VALID,Online,Resolved: Operating normally
2026-06-23 15:00:00+00:00,15.6,VALID,0.0,VALID,203.243832,VALID,2.3797260000000002,VALID,Online,Resolved: Operating normally
2026-06-23 16:00:00+00:00,15.6,VALID,0.0,VALID,220.021536,VALID,2.435352,VALID,Online,Resolved: Operating normally
2026-06-23 17:00:00+00:00,15.674999999999999,VALID,0.0,VALID,227.383904,VALID,2.458974,VALID,Online,Resolved: Operating normally
2026-06-23 18:00:00+00:00,15.775,VALID,0.0,VALID,229.649248,VALID,2.4658320000000002,VALID,Online,Resolved: Operating normally
2026-06-23 19:00:00+00:00,15.9,VALID,0.0,VALID,229.649248,VALID,2.4658320000000002,VALID,Online,Resolved: Operating normally
2026-06-23 20:00:00+00:00,16.1,VALID,0.0,VALID,229.082912,VALID,2.464308,VALID,Online,Resolved: Operating normally
2026-06-23 21:00:00+00:00,16.375,VALID,0.0,VALID,226.18043999999998,VALID,2.455164,VALID,Online,Resolved: Operating normally
2026-06-23 22:00:00+00:00,16.7,VALID,0.0,VALID,228.587368,VALID,2.462784,VALID,Online,Resolved: Operating normally
2026-06-23 23:00:00+00:00,17.0,VALID,0.0,VALID,231.419048,VALID,2.471928,VALID,Online,Resolved: Operating normally
2026-06-24 00:00:00+00:00,17.25,VALID,0.0,VALID,244.303192,VALID,2.511552,VALID,Online,Resolved: Operating normally
2026-06-24 01:00:00+00:00,17.375,VALID,0.0,VALID,261.22248,VALID,2.561844,VALID,Online,Resolved: Operating normally
2026-06-24 02:00:00+00:00,17.35,VALID,0.0,VALID,276.938304,VALID,2.606802,VALID,Online,Resolved: Operating normally
2026-06-24 03:00:00+00:00,17.25,VALID,0.0,VALID,288.83136,VALID,2.6410920000000004,VALID,Online,Resolved: Operating normally
2026-06-24 04:00:00+00:00,17.2,VALID,0.0,VALID,293.78679999999997,VALID,2.653284,VALID,Online,Resolved: Operating normally
2026-06-24 05:00:00+00:00,17.2,VALID,0.0,VALID,294.49472,VALID,2.657856,VALID,Online,Resolved: Operating normally
2026-06-24 06:00:00+00:00,17.2,VALID,0.0,VALID,295.91056,VALID,2.657856,VALID,Online,Resolved: Operating normally
2026-06-24 07:00:00+00:00,17.175,VALID,0.0,VALID,292.37095999999997,VALID,2.6494740000000006,VALID,Online,Resolved: Operating normally
2026-06-24 08:00:00+00:00,17.0,VALID,0.0,VALID,278.708104,VALID,2.611374,VALID,Online,Resolved: Operating normally
2026-06-24 09:00:00+00:00,16.775,VALID,0.0,VALID,255.77149599999998,VALID,2.5458420000000004,VALID,Online,Resolved: Operating normally
2026-06-24 10:00:00+00:00,16.475,VALID,0.0,VALID,231.348256,VALID,2.471166,VALID,Online,Resolved: Operating normally
2026-06-24 11:00:00+00:00,16.2,VALID,0.0,VALID,209.756696,VALID,2.401824,VALID,Online,Resolved: Operating normally
2026-06-24 12:00:00+00:00,15.925,VALID,0.0,VALID,194.748792,VALID,2.3507700000000002,VALID,Online,Resolved: Operating normally
2026-06-24 13:00:00+00:00,15.75,VALID,0.0,VALID,184.908704,VALID,2.3164800000000003,VALID,Online,Resolved: Operating normally
2026-06-24 14:00:00+00:00,15.575,VALID,0.0,VALID,186.89087999999998,VALID,2.3233379999999997,VALID,Online,Resolved: Operating normally
2026-06-24 15:00:00+00:00,15.45,VALID,0.0,VALID,204.093336,VALID,2.3827740000000004,VALID,Online,Resolved: Operating normally
2026-06-24 16:00:00+00:00,15.4,VALID,0.0,VALID,221.649752,VALID,2.4406860000000004,VALID,Online,Resolved: Operating normally
2026-06-24 17:00:00+00:00,15.4,VALID,0.0,VALID,228.587368,VALID,2.462784,VALID,Online,Resolved: Operating normally
2026-06-24 18:00:00+00:00,15.4,VALID,0.0,VALID,230.286376,VALID,2.468118,VALID,Online,Resolved: Operating normally
2026-06-24 19:00:00+00:00,15.55,VALID,0.0,VALID,229.578456,VALID,2.4658320000000002,VALID,Online,Resolved: Operating normally
2026-06-24 20:00:00+00:00,15.725,VALID,0.0,VALID,229.082912,VALID,2.464308,VALID,Online,Resolved: Operating normally
2026-06-24 21:00:00+00:00,16.0,VALID,0.0,VALID,228.374992,VALID,2.462022,VALID,Online,Resolved: Operating normally
2026-06-24 22:00:00+00:00,16.175,VALID,0.0,VALID,227.383904,VALID,2.4589740000000004,VALID,Online,Resolved: Operating normally
2026-06-24 23:00:00+00:00,16.3,VALID,0.0,VALID,233.6136,VALID,2.4787860000000004,VALID,Online,Resolved: Operating normally
2026-06-25 00:00:00+00:00,16.25,VALID,0.0,VALID,245.365072,VALID,2.5145999999999997,VALID,Online,Resolved: Operating normally
2026-06-25 01:00:00+00:00,16.15,VALID,0.0,VALID,263.34623999999997,VALID,2.56794,VALID,Online,Resolved: Operating normally
2026-06-25 02:00:00+00:00,16.1,VALID,0.0,VALID,280.33632,VALID,2.615946,VALID,Online,Resolved: Operating normally
2026-06-25 03:00:00+00:00,16.1,VALID,0.0,VALID,290.95512,VALID,2.6433780000000002,VALID,Online,Resolved: Operating normally
2026-06-25 04:00:00+00:00,16.1,VALID,0.0,VALID,295.91056,VALID,2.6586180000000006,VALID,Online,Resolved: Operating normally
2026-06-25 05:00:00+00:00,16.1,VALID,0.0,VALID,295.91056,VALID,2.6593800000000005,VALID,Online,Resolved: Operating normally
2026-06-25 06:00:00+00:00,16.075000000000003,VALID,0.0,VALID,297.3264,VALID,2.6624280000000002,VALID,Online,Resolved: Operating normally
2026-06-25 07:00:00+00:00,15.95,VALID,0.0,VALID,291.66304,VALID,2.6479500000000002,VALID,Online,Resolved: Operating normally
2026-06-25 08:00:00+00:00,15.8,VALID,0.0,VALID,278.708104,VALID,2.611374,VALID,Online,Resolved: Operating normally
2026-06-25 09:00:00+00:00,15.625,VALID,0.0,VALID,256.337832,VALID,2.5473660000000002,VALID,Online,Resolved: Operating normally
2026-06-25 10:00:00+00:00,15.425,VALID,0.0,VALID,230.569544,VALID,2.4688800000000004,VALID,Online,Resolved: Operating normally
2026-06-25 11:00:00+00:00,15.25,VALID,0.0,VALID,209.331944,VALID,2.4003,VALID,Online,Resolved: Operating normally
2026-06-25 12:00:00+00:00,15.075,VALID,0.0,VALID,193.61612,VALID,2.34696,VALID,Online,Resolved: Operating normally
2026-06-25 13:00:00+00:00,15.0,VALID,0.0,VALID,184.27157599999998,VALID,2.314194,VALID,Online,Resolved: Operating normally
2026-06-25 14:00:00+00:00,14.9,VALID,0.0,VALID,186.89087999999998,VALID,2.3233379999999997,VALID,Online,Resolved: Operating normally
2026-06-25 15:00:00+00:00,14.9,VALID,0.0,VALID,204.093336,VALID,2.3827740000000004,VALID,Online,Resolved: Operating normally
2026-06-25 16:00:00+00:00,15.0,VALID,0.0,VALID,221.225,VALID,2.4391620000000005,VALID,Online,Resolved: Operating normally
2026-06-25 17:00:00+00:00,15.125,VALID,0.0,VALID,228.374992,VALID,2.462022,VALID,Online,Resolved: Operating normally
2026-06-25 18:00:00+00:00,15.3,VALID,0.0,VALID,230.711128,VALID,2.469642,VALID,Online,Resolved: Operating normally
2026-06-25 19:00:00+00:00,15.575,VALID,0.0,VALID,229.72003999999998,VALID,2.466594,VALID,Online,Resolved: Operating normally
2026-06-25 20:00:00+00:00,15.850000000000001,VALID,0.0,VALID,228.162616,VALID,2.4612600000000002,VALID,Online,Resolved: Operating normally
2026-06-25 21:00:00+00:00,16.1,VALID,0.0,VALID,230.003208,VALID,2.467356,VALID,Online,Resolved: Operating normally
2026-06-25 22:00:00+00:00,16.3,VALID,0.0,VALID,230.498752,VALID,2.46888,VALID,Online,Resolved: Operating normally
2026-06-25 23:00:00+00:00,16.4,VALID,0.0,VALID,231.702216,VALID,2.47269,VALID,Online,Resolved: Operating normally
2026-06-26 00:00:00+00:00,16.4,VALID,0.0,VALID,242.887352,VALID,2.50698,VALID,Online,Resolved: Operating normally
2026-06-26 01:00:00+00:00,16.4,VALID,0.0,VALID,261.43485599999997,VALID,2.562606,VALID,Online,Resolved: Operating normally
2026-06-26 02:00:00+00:00,16.35,VALID,0.0,VALID,277.8586,VALID,2.6090880000000003,VALID,Online,Resolved: Operating normally
2026-06-26 03:00:00+00:00,16.4,VALID,0.0,VALID,288.83136,VALID,2.638806,VALID,Online,Resolved: Operating normally
2026-06-26 04:00:00+00:00,16.55,VALID,0.0,VALID,294.49472,VALID,2.654046,VALID,Online,Resolved: Operating normally
2026-06-26 05:00:00+00:00,16.675,VALID,0.0,VALID,297.3264,VALID,2.6624280000000002,VALID,Online,Resolved: Operating normally
2026-06-26 06:00:00+00:00,16.65,VALID,0.0,VALID,299.45016,VALID,2.6654760000000004,VALID,Online,Resolved: Operating normally
2026-06-26 07:00:00+00:00,16.45,VALID,0.0,VALID,293.07888,VALID,2.6517600000000003,VALID,Online,Resolved: Operating normally
2026-06-26 08:00:00+00:00,16.15,VALID,0.0,VALID,278.708104,VALID,2.611374,VALID,Online,Resolved: Operating normally
2026-06-26 09:00:00+00:00,15.8,VALID,0.0,VALID,256.621,VALID,2.548128,VALID,Online,Resolved: Operating normally
2026-06-26 10:00:00+00:00,15.55,VALID,0.0,VALID,230.569544,VALID,2.4688800000000004,VALID,Online,Resolved: Operating normally
2026-06-26 11:00:00+00:00,15.375,VALID,0.0,VALID,209.119568,VALID,2.399538,VALID,Online,Resolved: Operating normally
2026-06-26 12:00:00+00:00,15.25,VALID,0.0,VALID,193.828496,VALID,2.347722,VALID,Online,Resolved: Operating normally
2026-06-26 13:00:00+00:00,15.2,VALID,0.0,VALID,185.12108,VALID,2.3172420000000002,VALID,Online,Resolved: Operating normally
2026-06-26 14:00:00+00:00,15.25,VALID,0.0,VALID,186.607712,VALID,2.3225759999999998,VALID,Online,Resolved: Operating normally
2026-06-26 15:00:00+00:00,15.350000000000001,VALID,0.0,VALID,203.88096,VALID,2.3820120000000005,VALID,Online,Resolved: Operating normally
2026-06-26 16:00:00+00:00,15.4,VALID,0.0,VALID,220.587872,VALID,2.436876,VALID,Online,Resolved: Operating normally
2026-06-26 17:00:00+00:00,15.5,VALID,0.0,VALID,227.10073599999998,VALID,2.4582120000000005,VALID,Online,Resolved: Operating normally
2026-06-26 18:00:00+00:00,15.5,VALID,0.0,VALID,230.074,VALID,2.467356,VALID,Online,Resolved: Operating normally
2026-06-26 19:00:00+00:00,15.625,VALID,0.0,VALID,228.09182399999997,VALID,2.4612600000000002,VALID,Online,Resolved: Operating normally
2026-06-26 20:00:00+00:00,15.875,VALID,0.0,VALID,227.10073599999998,VALID,2.4582120000000005,VALID,Online,Resolved: Operating normally
2026-06-26 21:00:00+00:00,16.075000000000003,VALID,0.0,VALID,228.091824,VALID,2.4612600000000002,VALID,Online,Resolved: Operating normally
2026-06-26 22:00:00+00:00,16.2,VALID,0.0,VALID,228.870536,VALID,2.463546,VALID,Online,Resolved: Operating normally
2026-06-26 23:00:00+00:00,16.35,VALID,0.0,VALID,232.410136,VALID,2.4749760000000003,VALID,Online,Resolved: Operating normally
2026-06-27 00:00:00+00:00,16.5,VALID,0.0,VALID,242.10863999999998,VALID,2.5046939999999998,VALID,Online,Resolved: Operating normally
2026-06-27 01:00:00+00:00,16.6,VALID,0.0,VALID,259.09871999999996,VALID,2.5557480000000004,VALID,Online,Resolved: Operating normally
2026-06-27 02:00:00+00:00,16.6,VALID,0.0,VALID,275.23929599999997,VALID,2.60223,VALID,Online,Resolved: Operating normally
2026-06-27 03:00:00+00:00,16.5,VALID,0.0,VALID,286.424432,VALID,2.6327100000000003,VALID,Online,Resolved: Operating normally
2026-06-27 04:00:00+00:00,16.5,VALID,0.0,VALID,292.37095999999997,VALID,2.648712,VALID,Online,Resolved: Operating normally
2026-06-27 05:00:00+00:00,16.5,VALID,0.0,VALID,294.49472,VALID,2.6563320000000004,VALID,Online,Resolved: Operating normally
2026-06-27 06:00:00+00:00,16.424999999999997,VALID,0.0,VALID,296.61848,VALID,2.6616660000000003,VALID,Online,Resolved: Operating normally
2026-06-27 07:00:00+00:00,16.3,VALID,0.0,VALID,290.95512,VALID,2.646426,VALID,Online,Resolved: Operating normally
2026-06-27 08:00:00+00:00,16.075,VALID,0.0,VALID,277.433848,VALID,2.609088,VALID,Online,Resolved: Operating normally
2026-06-27 09:00:00+00:00,15.9,VALID,0.0,VALID,254.49723999999998,VALID,2.5420320000000003,VALID,Online,Resolved: Operating normally
2026-06-27 10:00:00+00:00,15.725,VALID,0.0,VALID,229.295288,VALID,2.46507,VALID,Online,Resolved: Operating normally
2026-06-27 11:00:00+00:00,15.6,VALID,0.0,VALID,208.907192,VALID,2.3987760000000002,VALID,Online,Resolved: Operating normally
2026-06-27 12:00:00+00:00,15.5,VALID,0.0,VALID,194.040872,VALID,2.348484,VALID,Online,Resolved: Operating normally
2026-06-27 13:00:00+00:00,15.425,VALID,0.0,VALID,185.545832,VALID,2.318766,VALID,Online,Resolved: Operating normally
2026-06-27 14:00:00+00:00,15.4,VALID,0.0,VALID,185.12108,VALID,2.3172420000000002,VALID,Online,Resolved: Operating normally
2026-06-27 15:00:00+00:00,15.350000000000001,VALID,0.0,VALID,196.4478,VALID,2.356866,VALID,Online,Resolved: Operating normally
2026-06-27 16:00:00+00:00,15.3,VALID,0.0,VALID,212.517584,VALID,2.410968,VALID,Online,Resolved: Operating normally
2026-06-27 17:00:00+00:00,15.225,VALID,0.0,VALID,222.145296,VALID,2.4422099999999998,VALID,Online,Resolved: Operating normally
2026-06-27 18:00:00+00:00,15.2,VALID,0.0,VALID,226.605192,VALID,2.456688,VALID,Online,Resolved: Operating normally
2026-06-27 19:00:00+00:00,15.2,VALID,0.0,VALID,227.383904,VALID,2.4589740000000004,VALID,Online,Resolved: Operating normally
2026-06-27 20:00:00+00:00,15.25,VALID,0.0,VALID,229.082912,VALID,2.464308,VALID,Online,Resolved: Operating normally
2026-06-27 21:00:00+00:00,15.375,VALID,0.0,VALID,229.082912,VALID,2.464308,VALID,Online,Resolved: Operating normally
2026-06-27 22:00:00+00:00,15.6,VALID,0.0,VALID,227.80865599999998,VALID,2.4604980000000003,VALID,Online,Resolved: Operating normally
2026-06-27 23:00:00+00:00,15.8,VALID,0.0,VALID,230.994296,VALID,2.4704040000000003,VALID,Online,Resolved: Operating normally
2026-06-28 00:00:00+00:00,16.075,VALID,0.0,VALID,241.825472,VALID,2.503932,VALID,Online,Resolved: Operating normally
2026-06-28 01:00:00+00:00,16.25,VALID,0.0,VALID,258.81555199999997,VALID,2.554986,VALID,Online,Resolved: Operating normally
2026-06-28 02:00:00+00:00,16.3,VALID,0.0,VALID,274.53137599999997,VALID,2.5999440000000003,VALID,Online,Resolved: Operating normally
2026-06-28 03:00:00+00:00,16.275,VALID,0.0,VALID,285.008592,VALID,2.6289000000000002,VALID,Online,Resolved: Operating normally
2026-06-28 04:00:00+00:00,16.15,VALID,0.0,VALID,290.2472,VALID,2.644902,VALID,Online,Resolved: Operating normally
2026-06-28 05:00:00+00:00,15.975,VALID,0.0,VALID,294.49472,VALID,2.653284,VALID,Online,Resolved: Operating normally
2026-06-28 06:00:00+00:00,15.850000000000001,VALID,0.0,VALID,295.20264,VALID,2.6570940000000003,VALID,Online,Resolved: Operating normally
2026-06-28 07:00:00+00:00,15.6,VALID,0.0,VALID,291.66304,VALID,2.6471880000000003,VALID,Online,Resolved: Operating normally
2026-06-28 08:00:00+00:00,15.4,VALID,0.0,VALID,277.15067999999997,VALID,2.608326,VALID,Online,Resolved: Operating normally
2026-06-28 09:00:00+00:00,15.149999999999999,VALID,0.0,VALID,255.48832799999997,VALID,2.5450800000000005,VALID,Online,Resolved: Operating normally
2026-06-28 10:00:00+00:00,14.975,VALID,0.0,VALID,230.569544,VALID,2.4688800000000004,VALID,Online,Resolved: Operating normally
2026-06-28 11:00:00+00:00,14.825000000000001,VALID,0.0,VALID,210.181448,VALID,2.4033480000000003,VALID,Online,Resolved: Operating normally
2026-06-28 12:00:00+00:00,14.674999999999999,VALID,0.0,VALID,194.748792,VALID,2.3507700000000002,VALID,Online,Resolved: Operating normally
2026-06-28 13:00:00+00:00,14.6,VALID,0.0,VALID,185.12108,VALID,2.3172420000000002,VALID,Online,Resolved: Operating normally
2026-06-28 14:00:00+00:00,14.5,VALID,0.0,VALID,184.05919999999998,VALID,2.313432,VALID,Online,Resolved: Operating normally
2026-06-28 15:00:00+00:00,14.5,VALID,0.0,VALID,197.084928,VALID,2.3591520000000004,VALID,Online,Resolved: Operating normally
2026-06-28 16:00:00+00:00,14.5,VALID,0.0,VALID,212.942336,VALID,2.4124920000000003,VALID,Online,Resolved: Operating normally
2026-06-28 17:00:00+00:00,14.525,VALID,0.0,VALID,222.853216,VALID,2.444496,VALID,Online,Resolved: Operating normally
2026-06-28 18:00:00+00:00,14.625,VALID,0.0,VALID,227.59627999999998,VALID,2.4597360000000004,VALID,Online,Resolved: Operating normally
2026-06-28 19:00:00+00:00,14.725,VALID,0.0,VALID,228.79974399999998,VALID,2.463546,VALID,Online,Resolved: Operating normally
2026-06-28 20:00:00+00:00,14.850000000000001,VALID,0.0,VALID,229.082912,VALID,2.464308,VALID,Online,Resolved: Operating normally
2026-06-28 21:00:00+00:00,14.975,VALID,0.0,VALID,228.091824,VALID,2.4612600000000002,VALID,Online,Resolved: Operating normally
2026-06-28 22:00:00+00:00,15.125,VALID,0.0,VALID,228.870536,VALID,2.463546,VALID,Online,Resolved: Operating normally
2026-06-28 23:00:00+00:00,15.2,VALID,0.0,VALID,229.01211999999998,VALID,2.464308,VALID,Online,Resolved: Operating normally
2026-06-29 00:00:00+00:00,15.3,VALID,0.0,VALID,238.073496,VALID,2.492502,VALID,Online,Resolved: Operating normally
2026-06-29 01:00:00+00:00,15.4,VALID,0.0,VALID,255.275952,VALID,2.5443180000000005,VALID,Online,Resolved: Operating normally
2026-06-29 02:00:00+00:00,15.4,VALID,0.0,VALID,270.49623199999996,VALID,2.588514,VALID,Online,Resolved: Operating normally
2026-06-29 03:00:00+00:00,15.325000000000001,VALID,0.0,VALID,280.69028000000003,VALID,2.61747,VALID,Online,Resolved: Operating normally
2026-06-29 04:00:00+00:00,15.3,VALID,0.0,VALID,288.83136,VALID,2.6395680000000006,VALID,Online,Resolved: Operating normally
2026-06-29 05:00:00+00:00,15.2,VALID,0.0,VALID,293.78679999999997,VALID,2.653284,VALID,Online,Resolved: Operating normally
2026-06-29 06:00:00+00:00,15.149999999999999,VALID,0.0,VALID,295.91056,VALID,2.6586180000000006,VALID,Online,Resolved: Operating normally
2026-06-29 07:00:00+00:00,15.0,VALID,0.0,VALID,292.37095999999997,VALID,2.648712,VALID,Online,Resolved: Operating normally
2026-06-29 08:00:00+00:00,14.8,VALID,0.0,VALID,277.15067999999997,VALID,2.608326,VALID,Online,Resolved: Operating normally
2026-06-29 09:00:00+00:00,14.525,VALID,0.0,VALID,255.55912,VALID,2.54508,VALID,Online,Resolved: Operating normally
2026-06-29 10:00:00+00:00,14.2,VALID,0.0,VALID,230.569544,VALID,2.4688800000000004,VALID,Online,Resolved: Operating normally
2026-06-29 11:00:00+00:00,13.95,VALID,0.0,VALID,207.986896,VALID,2.395728,VALID,Online,Resolved: Operating normally
2026-06-29 12:00:00+00:00,13.75,VALID,0.0,VALID,194.465624,VALID,2.3500080000000003,VALID,Online,Resolved: Operating normally
2026-06-29 13:00:00+00:00,13.7,VALID,0.0,VALID,185.333456,VALID,2.318004,VALID,Online,Resolved: Operating normally
2026-06-29 14:00:00+00:00,13.7,VALID,0.0,VALID,187.528008,VALID,2.325624,VALID,Online,Resolved: Operating normally
2026-06-29 15:00:00+00:00,13.825000000000001,VALID,0.0,VALID,203.668584,VALID,2.38125,VALID,Online,Resolved: Operating normally
2026-06-29 16:00:00+00:00,13.95,VALID,0.0,VALID,221.225,VALID,2.4391620000000005,VALID,Online,Resolved: Operating normally
2026-06-29 17:00:00+00:00,14.175,VALID,0.0,VALID,227.313112,VALID,2.4589740000000004,VALID,Online,Resolved: Operating normally
2026-06-29 18:00:00+00:00,14.4,VALID,0.0,VALID,229.649248,VALID,2.4658320000000002,VALID,Online,Resolved: Operating normally
2026-06-29 19:00:00+00:00,14.6,VALID,0.0,VALID,229.861624,VALID,2.466594,VALID,Online,Resolved: Operating normally
2026-06-29 20:00:00+00:00,14.8,VALID,0.0,VALID,230.286376,VALID,2.468118,VALID,Online,Resolved: Operating normally
2026-06-29 21:00:00+00:00,15.075,VALID,0.0,VALID,229.790832,VALID,2.466594,VALID,Online,Resolved: Operating normally
2026-06-29 22:00:00+00:00,15.275,VALID,0.0,VALID,229.082912,VALID,2.464308,VALID,Online,Resolved: Operating normally
2026-06-29 23:00:00+00:00,15.45,VALID,0.0,VALID,230.21558399999998,VALID,2.468118,VALID,Online,Resolved: Operating normally
2026-06-30 00:00:00+00:00,15.625,VALID,0.0,VALID,237.082408,VALID,2.4894540000000003,VALID,Online,Resolved: Operating normally
2026-06-30 01:00:00+00:00,15.7,VALID,0.0,VALID,255.77149599999998,VALID,2.5458420000000004,VALID,Online,Resolved: Operating normally
2026-06-30 02:00:00+00:00,15.7,VALID,0.0,VALID,272.336824,VALID,2.593848,VALID,Online,Resolved: Operating normally
2026-06-30 03:00:00+00:00,15.575,VALID,0.0,VALID,284.01750400000003,VALID,2.626614,VALID,Online,Resolved: Operating normally
2026-06-30 04:00:00+00:00,15.425,VALID,0.0,VALID,290.2472,VALID,2.64414,VALID,Online,Resolved: Operating normally
2026-06-30 05:00:00+00:00,15.3,VALID,0.0,VALID,294.49472,VALID,2.6525220000000003,VALID,Online,Resolved: Operating normally
2026-06-30 06:00:00+00:00,15.075,VALID,0.0,VALID,294.49472,VALID,2.657856,VALID,Online,Resolved: Operating normally
2026-06-30 07:00:00+00:00,14.8,VALID,0.0,VALID,289.53928,VALID,2.6426160000000003,VALID,Online,Resolved: Operating normally
2026-06-30 08:00:00+00:00,14.625,VALID,0.0,VALID,276.159592,VALID,2.6045160000000003,VALID,Online,Resolved: Operating normally
2026-06-30 09:00:00+00:00,14.5,VALID,0.0,VALID,255.063576,VALID,2.543556,VALID,Online,Resolved: Operating normally
2026-06-30 10:00:00+00:00,14.425,VALID,0.0,VALID,229.57845600000002,VALID,2.4658320000000002,VALID,Online,Resolved: Operating normally
2026-06-30 11:00:00+00:00,14.4,VALID,0.0,VALID,208.199272,VALID,2.39649,VALID,Online,Resolved: Operating normally
2026-06-30 12:00:00+00:00,14.475,VALID,0.0,VALID,193.61612,VALID,2.34696,VALID,Online,Resolved: Operating normally
2026-06-30 13:00:00+00:00,14.5,VALID,0.0,VALID,184.27157599999998,VALID,2.314194,VALID,Online,Resolved: Operating normally
2026-06-30 14:00:00+00:00,14.525,VALID,0.0,VALID,186.18295999999998,VALID,2.321052,VALID,Online,Resolved: Operating normally
2026-06-30 15:00:00+00:00,14.6,VALID,0.0,VALID,202.81907999999999,VALID,2.378202,VALID,Online,Resolved: Operating normally
2026-06-30 16:00:00+00:00,14.649999999999999,VALID,0.0,VALID,219.313616,VALID,2.433066,VALID,Online,Resolved: Operating normally
2026-06-30 17:00:00+00:00,14.725,VALID,0.0,VALID,227.59627999999998,VALID,2.4597360000000004,VALID,Online,Resolved: Operating normally
2026-06-30 18:00:00+00:00,14.825000000000001,VALID,0.0,VALID,230.286376,VALID,2.468118,VALID,Online,Resolved: Operating normally
2026-06-30 19:00:00+00:00,14.95,VALID,0.0,VALID,229.01211999999998,VALID,2.464308,VALID,Online,Resolved: Operating normally
2026-06-30 20:00:00+00:00,15.1,VALID,0.0,VALID,229.72003999999998,VALID,2.466594,VALID,Online,Resolved: Operating normally
2026-06-30 21:00:00+00:00,15.35,VALID,0.0,VALID,229.295288,VALID,2.46507,VALID,Online,Resolved: Operating normally
2026-06-30 22:00:00+00:00,15.725,VALID,0.0,VALID,230.286376,VALID,2.468118,VALID,Online,Resolved: Operating normally
2026-06-30 23:00:00+00:00,16.05,VALID,0.0,VALID,233.472016,VALID,2.478024,VALID,Online,Resolved: Operating normally
2026-07-01 00:00:00+00:00,16.4,VALID,0.0,VALID,246.14378399999998,VALID,2.516886,VALID,Online,Resolved: Operating normally
2026-07-01 01:00:00+00:00,16.575000000000003,VALID,0.0,VALID,263.063072,VALID,2.567178,VALID,Online,Resolved: Operating normally
2026-07-01 02:00:00+00:00,16.7,VALID,0.0,VALID,272.407616,VALID,2.593848,VALID,Online,Resolved: Operating normally
2026-07-01 03:00:00+00:00,16.65,VALID,0.0,VALID,287.8874666666667,VALID,2.6385520000000002,VALID,Online,Resolved: Operating normally
2026-07-01 04:00:00+00:00,16.6,VALID,0.0,VALID,293.07888,VALID,2.650236,VALID,Online,Resolved: Operating normally
2026-07-01 05:00:00+00:00,16.525,VALID,0.0,VALID,293.78679999999997,VALID,2.654808,VALID,Online,Resolved: Operating normally
2026-07-01 06:00:00+00:00,16.35,VALID,0.0,VALID,295.91056,VALID,2.6593800000000005,VALID,Online,Resolved: Operating normally
2026-07-01 07:00:00+00:00,16.1,VALID,0.0,VALID,290.95512,VALID,2.6456640000000005,VALID,Online,Resolved: Operating normally
2026-07-01 08:00:00+00:00,15.875,VALID,0.0,VALID,277.15068,VALID,2.608326,VALID,Online,Resolved: Operating normally
2026-07-01 09:00:00+00:00,15.649999999999999,VALID,0.0,VALID,255.275952,VALID,2.544318,VALID,Online,Resolved: Operating normally
2026-07-01 10:00:00+00:00,15.475,VALID,0.0,VALID,230.852712,VALID,2.4696420000000003,VALID,Online,Resolved: Operating normally
2026-07-01 11:00:00+00:00,15.375,VALID,0.0,VALID,209.54432,VALID,2.401062,VALID,Online,Resolved: Operating normally
2026-07-01 12:00:00+00:00,15.3,VALID,0.0,VALID,194.040872,VALID,2.348484,VALID,Online,Resolved: Operating normally
2026-07-01 13:00:00+00:00,15.2,VALID,0.0,VALID,184.27157599999998,VALID,2.314194,VALID,Online,Resolved: Operating normally
2026-07-01 14:00:00+00:00,15.2,VALID,0.0,VALID,183.634448,VALID,2.3119080000000003,VALID,Online,Resolved: Operating normally
2026-07-01 15:00:00+00:00,15.149999999999999,VALID,0.0,VALID,195.810672,VALID,2.3545800000000003,VALID,Online,Resolved: Operating normally
2026-07-01 16:00:00+00:00,15.149999999999999,VALID,0.0,VALID,212.305208,VALID,2.410206,VALID,Online,Resolved: Operating normally
2026-07-01 17:00:00+00:00,15.2,VALID,0.0,VALID,222.428464,VALID,2.442972,VALID,Online,Resolved: Operating normally
2026-07-01 18:00:00+00:00,15.3,VALID,0.0,VALID,226.109648,VALID,2.455164,VALID,Online,Resolved: Operating normally
2026-07-01 19:00:00+00:00,15.475,VALID,0.0,VALID,228.091824,VALID,2.4612600000000002,VALID,Online,Resolved: Operating normally
2026-07-01 20:00:00+00:00,15.7,VALID,0.0,VALID,229.861624,VALID,2.466594,VALID,Online,Resolved: Operating normally
2026-07-01 21:00:00+00:00,16.05,VALID,0.0,VALID,229.578456,VALID,2.4658320000000002,VALID,Online,Resolved: Operating normally
2026-07-01 22:00:00+00:00,16.35,VALID,0.0,VALID,229.36608,VALID,2.4650700000000003,VALID,Online,Resolved: Operating normally
2026-07-01 23:00:00+00:00,16.675,VALID,0.0,VALID,229.649248,VALID,2.4658320000000002,VALID,Online,Resolved: Operating normally
2026-07-02 00:00:00+00:00,16.95,VALID,0.0,VALID,230.286376,VALID,2.468118,VALID,Online,Resolved: Operating normally
2026-07-02 01:00:00+00:00,17.175,VALID,0.0,VALID,233.118056,VALID,2.477262,VALID,Online,Resolved: Operating normally
2026-07-02 02:00:00+00:00,17.275,VALID,0.0,VALID,239.418544,VALID,2.496312,VALID,Online,Resolved: Operating normally
2026-07-02 03:00:00+00:00,17.3,VALID,0.0,VALID,246.568536,VALID,2.51841,VALID,Online,Resolved: Operating normally
2026-07-02 04:00:00+00:00,17.2,VALID,0.0,VALID,251.38239199999998,VALID,2.5328880000000003,VALID,Online,Resolved: Operating normally
2026-07-02 05:00:00+00:00,17.2,VALID,0.0,VALID,253.930904,VALID,2.540508,VALID,Online,Resolved: Operating normally
2026-07-02 06:00:00+00:00,17.2,VALID,0.0,VALID,256.26704,VALID,2.5473660000000002,VALID,Online,Resolved: Operating normally
2026-07-02 07:00:00+00:00,17.15,VALID,0.0,VALID,252.656648,VALID,2.5366980000000003,VALID,Online,Resolved: Operating normally
2026-07-02 08:00:00+00:00,17.0,VALID,0.0,VALID,240.126464,VALID,2.4985980000000003,VALID,Online,Resolved: Operating normally
2026-07-02 09:00:00+00:00,16.8,VALID,0.0,VALID,221.225,VALID,2.439162,VALID,Online,Resolved: Operating normally
2026-07-02 10:00:00+00:00,16.55,VALID,0.0,VALID,203.66858399999998,VALID,2.38125,VALID,Online,Resolved: Operating normally
2026-07-02 11:00:00+00:00,16.375,VALID,0.0,VALID,190.572064,VALID,2.3362920000000003,VALID,Online,Resolved: Operating normally
2026-07-02 12:00:00+00:00,16.2,VALID,0.0,VALID,181.298312,VALID,2.303526,VALID,Online,Resolved: Operating normally
2026-07-02 13:00:00+00:00,16.05,VALID,0.0,VALID,176.201288,VALID,2.284476,VALID,Online,Resolved: Operating normally
2026-07-02 14:00:00+00:00,15.925,VALID,0.0,VALID,179.245344,VALID,2.295906,VALID,Online,Resolved: Operating normally
2026-07-02 15:00:00+00:00,15.850000000000001,VALID,0.0,VALID,193.61612,VALID,2.34696,VALID,Online,Resolved: Operating normally
2026-07-02 16:00:00+00:00,15.8,VALID,0.0,VALID,211.243328,VALID,2.406396,VALID,Online,Resolved: Operating normally
2026-07-02 17:00:00+00:00,15.9,VALID,0.0,VALID,221.225,VALID,2.439162,VALID,Online,Resolved: Operating normally
2026-07-02 18:00:00+00:00,16.0,VALID,0.0,VALID,224.976976,VALID,2.4513540000000003,VALID,Online,Resolved: Operating normally
2026-07-02 19:00:00+00:00,16.15,VALID,0.0,VALID,227.171528,VALID,2.4582120000000005,VALID,Online,Resolved: Operating normally
2026-07-02 20:00:00+00:00,16.3,VALID,0.0,VALID,226.88836,VALID,2.4574500000000006,VALID,Online,Resolved: Operating normally
2026-07-02 21:00:00+00:00,16.5,VALID,0.0,VALID,227.10073599999998,VALID,2.4582120000000005,VALID,Online,Resolved: Operating normally
2026-07-02 22:00:00+00:00,16.75,VALID,0.0,VALID,227.879448,VALID,2.4604980000000003,VALID,Online,Resolved: Operating normally
2026-07-02 23:00:00+00:00,17.0,VALID,0.0,VALID,228.516576,VALID,2.462784,VALID,Online,Resolved: Operating normally
2026-07-03 00:00:00+00:00,17.25,VALID,0.0,VALID,228.09182399999997,VALID,2.4612600000000002,VALID,Online,Resolved: Operating normally
2026-07-03 01:00:00+00:00,17.375,VALID,0.0,VALID,231.702216,VALID,2.47269,VALID,Online,Resolved: Operating normally
2026-07-03 02:00:00+00:00,17.475,VALID,0.0,VALID,238.56904,VALID,2.4940260000000003,VALID,Online,Resolved: Operating normally
2026-07-03 03:00:00+00:00,17.5,VALID,0.0,VALID,246.072992,VALID,2.516886,VALID,Online,Resolved: Operating normally
2026-07-03 04:00:00+00:00,17.45,VALID,0.0,VALID,250.60368,VALID,2.5306020000000005,VALID,Online,Resolved: Operating normally
2026-07-03 05:00:00+00:00,17.4,VALID,0.0,VALID,254.214072,VALID,2.54127,VALID,Online,Resolved: Operating normally
2026-07-03 06:00:00+00:00,17.4,VALID,0.0,VALID,255.70070399999997,VALID,2.545842,VALID,Online,Resolved: Operating normally
2026-07-03 07:00:00+00:00,17.25,VALID,0.0,VALID,252.656648,VALID,2.5366980000000003,VALID,Online,Resolved: Operating normally
2026-07-03 08:00:00+00:00,17.1,VALID,0.0,VALID,240.409632,VALID,2.4993600000000002,VALID,Online,Resolved: Operating normally
2026-07-03 09:00:00+00:00,16.875,VALID,0.0,VALID,221.225,VALID,2.439162,VALID,Online,Resolved: Operating normally
2026-07-03 10:00:00+00:00,16.7,VALID,0.0,VALID,202.748288,VALID,2.378202,VALID,Online,Resolved: Operating normally
2026-07-03 11:00:00+00:00,16.6,VALID,0.0,VALID,189.651768,VALID,2.333244,VALID,Online,Resolved: Operating normally
2026-07-03 12:00:00+00:00,16.5,VALID,0.0,VALID,180.44880799999999,VALID,2.300478,VALID,Online,Resolved: Operating normally
2026-07-03 13:00:00+00:00,16.45,VALID,0.0,VALID,176.27208000000002,VALID,2.284476,VALID,Online,Resolved: Operating normally
2026-07-03 14:00:00+00:00,16.4,VALID,0.0,VALID,178.466632,VALID,2.2928580000000003,VALID,Online,Resolved: Operating normally
2026-07-03 15:00:00+00:00,16.4,VALID,0.0,VALID,193.191368,VALID,2.3454360000000003,VALID,Online,Resolved: Operating normally
2026-07-03 16:00:00+00:00,16.4,VALID,0.0,VALID,210.96016,VALID,2.405634,VALID,Online,Resolved: Operating normally
2026-07-03 17:00:00+00:00,16.4,VALID,0.0,VALID,221.15420799999998,VALID,2.439162,VALID,Online,Resolved: Operating normally
2026-07-03 18:00:00+00:00,16.45,VALID,0.0,VALID,225.47252,VALID,2.452878,VALID,Online,Resolved: Operating normally
2026-07-03 19:00:00+00:00,16.625,VALID,0.0,VALID,227.383904,VALID,2.4589740000000004,VALID,Online,Resolved: Operating normally
2026-07-03 20:00:00+00:00,16.8,VALID,0.0,VALID,227.59627999999998,VALID,2.4597360000000004,VALID,Online,Resolved: Operating normally
2026-07-03 21:00:00+00:00,17.075,VALID,0.0,VALID,227.879448,VALID,2.4604980000000003,VALID,Online,Resolved: Operating normally
2026-07-03 22:00:00+00:00,17.35,VALID,0.0,VALID,228.516576,VALID,2.462784,VALID,Online,Resolved: Operating normally
2026-07-03 23:00:00+00:00,17.575000000000003,VALID,0.0,VALID,228.516576,VALID,2.462784,VALID,Online,Resolved: Operating normally
2026-07-04 00:00:00+00:00,17.775,VALID,0.0,VALID,228.374992,VALID,2.462022,VALID,Online,Resolved: Operating normally
2026-07-04 01:00:00+00:00,17.924999999999997,VALID,0.0,VALID,231.206672,VALID,2.471166,VALID,Online,Resolved: Operating normally
2026-07-04 02:00:00+00:00,18.0,VALID,0.0,VALID,238.56904,VALID,2.4940260000000003,VALID,Online,Resolved: Operating normally
2026-07-04 03:00:00+00:00,18.0,VALID,0.0,VALID,246.072992,VALID,2.516886,VALID,Online,Resolved: Operating normally
2026-07-04 04:00:00+00:00,17.9,VALID,0.0,VALID,251.170016,VALID,2.5321260000000003,VALID,Online,Resolved: Operating normally
2026-07-04 05:00:00+00:00,17.8,VALID,0.0,VALID,254.70961599999998,VALID,2.542794,VALID,Online,Resolved: Operating normally
2026-07-04 06:00:00+00:00,17.8,VALID,0.0,VALID,255.983872,VALID,2.5466040000000003,VALID,Online,Resolved: Operating normally
2026-07-04 07:00:00+00:00,17.675,VALID,0.0,VALID,252.93981599999998,VALID,2.5374600000000003,VALID,Online,Resolved: Operating normally
2026-07-04 08:00:00+00:00,17.55,VALID,0.0,VALID,240.409632,VALID,2.4993600000000002,VALID,Online,Resolved: Operating normally
2026-07-04 09:00:00+00:00,17.325,VALID,0.0,VALID,221.437376,VALID,2.439924,VALID,Online,Resolved: Operating normally
2026-07-04 10:00:00+00:00,17.15,VALID,0.0,VALID,203.66858399999998,VALID,2.38125,VALID,Online,Resolved: Operating normally
2026-07-04 11:00:00+00:00,16.95,VALID,0.0,VALID,190.57206399999998,VALID,2.3362920000000003,VALID,Online,Resolved: Operating normally
2026-07-04 12:00:00+00:00,16.775,VALID,0.0,VALID,181.93544,VALID,2.305812,VALID,Online,Resolved: Operating normally
2026-07-04 13:00:00+00:00,16.625,VALID,0.0,VALID,176.98000000000002,VALID,2.2875240000000003,VALID,Online,Resolved: Operating normally
2026-07-04 14:00:00+00:00,16.5,VALID,0.0,VALID,174.785448,VALID,2.2791420000000002,VALID,Online,Resolved: Operating normally
2026-07-04 15:00:00+00:00,16.4,VALID,0.0,VALID,177.829504,VALID,2.290572,VALID,Online,Resolved: Operating normally
2026-07-04 16:00:00+00:00,16.4,VALID,0.0,VALID,189.934936,VALID,2.334006,VALID,Online,Resolved: Operating normally
2026-07-04 17:00:00+00:00,16.4,VALID,0.0,VALID,204.02254399999998,VALID,2.3827740000000004,VALID,Online,Resolved: Operating normally
2026-07-04 18:00:00+00:00,16.525,VALID,0.0,VALID,214.1458,VALID,2.416302,VALID,Online,Resolved: Operating normally
2026-07-04 19:00:00+00:00,16.7,VALID,0.0,VALID,221.01262400000002,VALID,2.4384,VALID,Online,Resolved: Operating normally
2026-07-04 20:00:00+00:00,16.9,VALID,0.0,VALID,224.05668,VALID,2.4483059999999996,VALID,Online,Resolved: Operating normally
2026-07-04 21:00:00+00:00,17.175,VALID,0.0,VALID,226.392816,VALID,2.4559260000000003,VALID,Online,Resolved: Operating normally
2026-07-04 22:00:00+00:00,17.475,VALID,0.0,VALID,227.10073599999998,VALID,2.4582120000000005,VALID,Online,Resolved: Operating normally
2026-07-04 23:00:00+00:00,17.725,VALID,0.0,VALID,228.30419999999998,VALID,2.462022,VALID,Online,Resolved: Operating normally
2026-07-05 00:00:00+00:00,17.95,VALID,0.0,VALID,227.879448,VALID,2.4604980000000003,VALID,Online,Resolved: Operating normally
2026-07-05 01:00:00+00:00,18.15,VALID,0.0,VALID,228.09182399999997,VALID,2.4612600000000002,VALID,Online,Resolved: Operating normally
2026-07-05 02:00:00+00:00,18.2,VALID,0.0,VALID,231.773008,VALID,2.47269,VALID,Online,Resolved: Operating normally
2026-07-05 03:00:00+00:00,18.2,VALID,0.0,VALID,239.135376,VALID,2.49555,VALID,Online,Resolved: Operating normally
2026-07-05 04:00:00+00:00,18.15,VALID,0.0,VALID,246.072992,VALID,2.516886,VALID,Online,Resolved: Operating normally
2026-07-05 05:00:00+00:00,18.1,VALID,0.0,VALID,250.886848,VALID,2.5313640000000004,VALID,Online,Resolved: Operating normally
2026-07-05 06:00:00+00:00,18.1,VALID,0.0,VALID,254.284864,VALID,2.5412700000000004,VALID,Online,Resolved: Operating normally
2026-07-05 07:00:00+00:00,18.1,VALID,0.0,VALID,251.948728,VALID,2.534412,VALID,Online,Resolved: Operating normally
2026-07-05 08:00:00+00:00,17.975,VALID,0.0,VALID,240.126464,VALID,2.4985980000000003,VALID,Online,Resolved: Operating normally
2026-07-05 09:00:00+00:00,17.8,VALID,0.0,VALID,220.800248,VALID,2.437638,VALID,Online,Resolved: Operating normally
2026-07-05 10:00:00+00:00,17.55,VALID,0.0,VALID,203.385416,VALID,2.380488,VALID,Online,Resolved: Operating normally
2026-07-05 11:00:00+00:00,17.325,VALID,0.0,VALID,190.07652,VALID,2.3347680000000004,VALID,Online,Resolved: Operating normally
2026-07-05 12:00:00+00:00,17.1,VALID,0.0,VALID,181.51068800000002,VALID,2.304288,VALID,Online,Resolved: Operating normally
2026-07-05 13:00:00+00:00,16.9,VALID,0.0,VALID,176.27208000000002,VALID,2.284476,VALID,Online,Resolved: Operating normally
2026-07-05 14:00:00+00:00,16.775,VALID,0.0,VALID,173.935944,VALID,2.276094,VALID,Online,Resolved: Operating normally
2026-07-05 15:00:00+00:00,16.7,VALID,0.0,VALID,177.192376,VALID,2.2882860000000003,VALID,Online,Resolved: Operating normally
2026-07-05 16:00:00+00:00,16.7,VALID,0.0,VALID,189.439392,VALID,2.332482,VALID,Online,Resolved: Operating normally
2026-07-05 17:00:00+00:00,16.725,VALID,0.0,VALID,203.597792,VALID,2.38125,VALID,Online,Resolved: Operating normally
2026-07-05 18:00:00+00:00,16.825,VALID,0.0,VALID,214.1458,VALID,2.416302,VALID,Online,Resolved: Operating normally
2026-07-05 19:00:00+00:00,17.025,VALID,0.0,VALID,220.233912,VALID,2.436114,VALID,Online,Resolved: Operating normally
2026-07-05 20:00:00+00:00,17.225,VALID,0.0,VALID,223.985888,VALID,2.4483059999999996,VALID,Online,Resolved: Operating normally
2026-07-05 21:00:00+00:00,17.424999999999997,VALID,0.0,VALID,225.47252,VALID,2.452878,VALID,Online,Resolved: Operating normally
2026-07-05 22:00:00+00:00,17.65,VALID,0.0,VALID,226.605192,VALID,2.456688,VALID,Online,Resolved: Operating normally
2026-07-05 23:00:00+00:00,17.85,VALID,0.0,VALID,227.59627999999998,VALID,2.4597360000000004,VALID,Online,Resolved: Operating normally
2026-07-06 00:00:00+00:00,17.975,VALID,0.0,VALID,227.59627999999998,VALID,2.4597360000000004,VALID,Online,Resolved: Operating normally
2026-07-06 01:00:00+00:00,18.075000000000003,VALID,0.0,VALID,228.587368,VALID,2.462784,VALID,Online,Resolved: Operating normally
2026-07-06 02:00:00+00:00,18.2,VALID,0.0,VALID,231.702216,VALID,2.47269,VALID,Online,Resolved: Operating normally
2026-07-06 03:00:00+00:00,18.2,VALID,0.0,VALID,239.135376,VALID,2.49555,VALID,Online,Resolved: Operating normally
2026-07-06 04:00:00+00:00,18.3,VALID,0.0,VALID,244.798736,VALID,2.513076,VALID,Online,Resolved: Operating normally
2026-07-06 05:00:00+00:00,18.275,VALID,0.0,VALID,250.391304,VALID,2.52984,VALID,Online,Resolved: Operating normally
2026-07-06 06:00:00+00:00,18.2,VALID,0.0,VALID,254.49723999999998,VALID,2.5420320000000003,VALID,Online,Resolved: Operating normally
2026-07-06 07:00:00+00:00,18.075000000000003,VALID,0.0,VALID,250.886848,VALID,2.531364,VALID,Online,Resolved: Operating normally
2026-07-06 08:00:00+00:00,17.95,VALID,0.0,VALID,239.135376,VALID,2.49555,VALID,Online,Resolved: Operating normally
2026-07-06 09:00:00+00:00,17.775,VALID,0.0,VALID,220.51708,VALID,2.4368760000000003,VALID,Online,Resolved: Operating normally
2026-07-06 10:00:00+00:00,17.625,VALID,0.0,VALID,202.677496,VALID,2.3782020000000004,VALID,Online,Resolved: Operating normally
2026-07-06 11:00:00+00:00,17.475,VALID,0.0,VALID,189.864144,VALID,2.334006,VALID,Online,Resolved: Operating normally
2026-07-06 12:00:00+00:00,17.35,VALID,0.0,VALID,181.298312,VALID,2.303526,VALID,Online,Resolved: Operating normally
2026-07-06 13:00:00+00:00,17.25,VALID,0.0,VALID,176.767624,VALID,2.2867620000000004,VALID,Online,Resolved: Operating normally
2026-07-06 14:00:00+00:00,17.15,VALID,0.0,VALID,177.617128,VALID,2.28981,VALID,Online,Resolved: Operating normally
2026-07-06 15:00:00+00:00,17.1,VALID,0.0,VALID,189.72256,VALID,2.333244,VALID,Online,Resolved: Operating normally
2026-07-06 16:00:00+00:00,17.0,VALID,0.0,VALID,206.571056,VALID,2.391156,VALID,Online,Resolved: Operating normally
2026-07-06 17:00:00+00:00,17.0,VALID,0.0,VALID,217.897776,VALID,2.428494,VALID,Online,Resolved: Operating normally
2026-07-06 18:00:00+00:00,17.15,VALID,0.0,VALID,223.065592,VALID,2.445258,VALID,Online,Resolved: Operating normally
2026-07-06 19:00:00+00:00,17.275,VALID,0.0,VALID,225.401728,VALID,2.452878,VALID,Online,Resolved: Operating normally
2026-07-06 20:00:00+00:00,17.45,VALID,0.0,VALID,226.817568,VALID,2.45745,VALID,Online,Resolved: Operating normally
2026-07-06 21:00:00+00:00,17.65,VALID,0.0,VALID,226.605192,VALID,2.456688,VALID,Online,Resolved: Operating normally
2026-07-06 22:00:00+00:00,17.9,VALID,0.0,VALID,228.587368,VALID,2.462784,VALID,Online,Resolved: Operating normally
2026-07-06 23:00:00+00:00,18.15,VALID,0.0,VALID,227.879448,VALID,2.4604980000000003,VALID,Online,Resolved: Operating normally
2026-07-07 00:00:00+00:00,18.325,VALID,0.0,VALID,227.10073599999998,VALID,2.4582120000000005,VALID,Online,Resolved: Operating normally
2026-07-07 01:00:00+00:00,18.4,VALID,0.0,VALID,231.702216,VALID,2.47269,VALID,Online,Resolved: Operating normally
2026-07-07 02:00:00+00:00,18.4,VALID,0.0,VALID,239.135376,VALID,2.49555,VALID,Online,Resolved: Operating normally
2026-07-07 03:00:00+00:00,18.4,VALID,0.0,VALID,246.072992,VALID,2.516886,VALID,Online,Resolved: Operating normally
2026-07-07 04:00:00+00:00,18.4,VALID,0.0,VALID,250.886848,VALID,2.5313640000000004,VALID,Online,Resolved: Operating normally
2026-07-07 05:00:00+00:00,18.5,VALID,0.0,VALID,254.00169599999998,VALID,2.5405080000000004,VALID,Online,Resolved: Operating normally
2026-07-07 06:00:00+00:00,18.5,VALID,0.0,VALID,254.99278399999997,VALID,2.543556,VALID,Online,Resolved: Operating normally
2026-07-07 07:00:00+00:00,18.475,VALID,0.0,VALID,251.948728,VALID,2.534412,VALID,Online,Resolved: Operating normally
2026-07-07 08:00:00+00:00,18.35,VALID,0.0,VALID,239.843296,VALID,2.4978360000000004,VALID,Online,Resolved: Operating normally
2026-07-07 09:00:00+00:00,18.125,VALID,0.0,VALID,221.720544,VALID,2.440686,VALID,Online,Resolved: Operating normally
2026-07-07 10:00:00+00:00,17.95,VALID,0.0,VALID,204.093336,VALID,2.3827740000000004,VALID,Online,Resolved: Operating normally
2026-07-07 11:00:00+00:00,17.775,VALID,0.0,VALID,190.572064,VALID,2.3362920000000003,VALID,Online,Resolved: Operating normally
2026-07-07 12:00:00+00:00,17.625,VALID,0.0,VALID,182.572568,VALID,2.308098,VALID,Online,Resolved: Operating normally
2026-07-07 13:00:00+00:00,17.55,VALID,0.0,VALID,177.900296,VALID,2.291334,VALID,Online,Resolved: Operating normally
2026-07-07 14:00:00+00:00,17.45,VALID,0.0,VALID,179.81168,VALID,2.2981920000000002,VALID,Online,Resolved: Operating normally
2026-07-07 15:00:00+00:00,17.4,VALID,0.0,VALID,194.32404,VALID,2.349246,VALID,Online,Resolved: Operating normally
2026-07-07 16:00:00+00:00,17.4,VALID,0.0,VALID,211.66807999999997,VALID,2.4079200000000003,VALID,Online,Resolved: Operating normally
2026-07-07 17:00:00+00:00,17.4,VALID,0.0,VALID,221.649752,VALID,2.440686,VALID,Online,Resolved: Operating normally
2026-07-07 18:00:00+00:00,17.45,VALID,0.0,VALID,225.755688,VALID,2.45364,VALID,Online,Resolved: Operating normally
2026-07-07 19:00:00+00:00,17.6,VALID,0.0,VALID,228.09182399999997,VALID,2.4612600000000002,VALID,Online,Resolved: Operating normally
2026-07-07 20:00:00+00:00,17.8,VALID,0.0,VALID,227.59627999999998,VALID,2.4597360000000004,VALID,Online,Resolved: Operating normally
2026-07-07 21:00:00+00:00,18.075,VALID,0.0,VALID,228.79974399999998,VALID,2.463546,VALID,Online,Resolved: Operating normally
2026-07-07 22:00:00+00:00,18.375,VALID,0.0,VALID,228.516576,VALID,2.462784,VALID,Online,Resolved: Operating normally
2026-07-07 23:00:00+00:00,18.575000000000003,VALID,0.0,VALID,228.09182399999997,VALID,2.4612600000000002,VALID,Online,Resolved: Operating normally
2026-07-08 00:00:00+00:00,18.7,VALID,0.0,VALID,228.30419999999998,VALID,2.462022,VALID,Online,Resolved: Operating normally
2026-07-08 01:00:00+00:00,18.65,VALID,0.0,VALID,231.206672,VALID,2.471166,VALID,Online,Resolved: Operating normally
2026-07-08 02:00:00+00:00,18.55,VALID,0.0,VALID,239.63092,VALID,2.497074,VALID,Online,Resolved: Operating normally
2026-07-08 03:00:00+00:00,18.5,VALID,0.0,VALID,243.31210399999998,VALID,2.5085040000000003,VALID,Online,Resolved: Operating normally
2026-07-08 04:00:00+00:00,18.5,VALID,0.0,VALID,249.612592,VALID,2.5275540000000003,VALID,Online,Resolved: Operating normally
2026-07-08 05:00:00+00:00,18.55,VALID,0.0,VALID,254.49723999999998,VALID,2.5420320000000003,VALID,Online,Resolved: Operating normally
2026-07-08 06:00:00+00:00,18.6,VALID,0.0,VALID,255.983872,VALID,2.5466040000000003,VALID,Online,Resolved: Operating normally
2026-07-08 07:00:00+00:00,18.525,VALID,0.0,VALID,253.15219199999999,VALID,2.538222,VALID,Online,Resolved: Operating normally
2026-07-08 08:00:00+00:00,18.424999999999997,VALID,0.0,VALID,240.622008,VALID,2.500122,VALID,Online,Resolved: Operating normally
2026-07-08 09:00:00+00:00,18.3,VALID,0.0,VALID,222.145296,VALID,2.44221,VALID,Online,Resolved: Operating normally
2026-07-08 10:00:00+00:00,18.15,VALID,0.0,VALID,203.88096,VALID,2.382012,VALID,Online,Resolved: Operating normally
2026-07-08 11:00:00+00:00,17.95,VALID,0.0,VALID,190.78444,VALID,2.337054,VALID,Online,Resolved: Operating normally
2026-07-08 12:00:00+00:00,17.8,VALID,0.0,VALID,181.723064,VALID,2.30505,VALID,Online,Resolved: Operating normally
2026-07-08 13:00:00+00:00,17.65,VALID,0.0,VALID,176.838416,VALID,2.286762,VALID,Online,Resolved: Operating normally
2026-07-08 14:00:00+00:00,17.525,VALID,0.0,VALID,179.03296799999998,VALID,2.295144,VALID,Online,Resolved: Operating normally
2026-07-08 15:00:00+00:00,17.424999999999997,VALID,0.0,VALID,193.191368,VALID,2.3454360000000003,VALID,Online,Resolved: Operating normally
2026-07-08 16:00:00+00:00,17.4,VALID,0.0,VALID,210.67699199999998,VALID,2.404872,VALID,Online,Resolved: Operating normally
2026-07-08 17:00:00+00:00,17.424999999999997,VALID,0.0,VALID,221.437376,VALID,2.439924,VALID,Online,Resolved: Operating normally
2026-07-08 18:00:00+00:00,17.55,VALID,0.0,VALID,225.684896,VALID,2.45364,VALID,Online,Resolved: Operating normally
2026-07-08 19:00:00+00:00,17.725,VALID,0.0,VALID,228.09182399999997,VALID,2.4612600000000002,VALID,Online,Resolved: Operating normally
2026-07-08 20:00:00+00:00,18.0,VALID,0.0,VALID,227.879448,VALID,2.4604980000000003,VALID,Online,Resolved: Operating normally
2026-07-08 21:00:00+00:00,18.25,VALID,0.0,VALID,228.870536,VALID,2.463546,VALID,Online,Resolved: Operating normally
2026-07-08 22:00:00+00:00,18.424999999999997,VALID,0.0,VALID,226.88836,VALID,2.4574500000000006,VALID,Online,Resolved: Operating normally
2026-07-08 23:00:00+00:00,18.5,VALID,0.0,VALID,229.082912,VALID,2.464308,VALID,Online,Resolved: Operating normally
2026-07-09 00:00:00+00:00,18.5,VALID,0.0,VALID,229.36608,VALID,2.4650700000000003,VALID,Online,Resolved: Operating normally
2026-07-09 01:00:00+00:00,18.375,VALID,0.0,VALID,230.711128,VALID,2.4696420000000003,VALID,Online,Resolved: Operating normally
2026-07-09 02:00:00+00:00,18.275,VALID,0.0,VALID,238.07349599999998,VALID,2.492502,VALID,Online,Resolved: Operating normally
2026-07-09 03:00:00+00:00,18.275,VALID,0.0,VALID,243.52447999999998,VALID,2.509266,VALID,Online,Resolved: Operating normally
2026-07-09 04:00:00+00:00,18.375,VALID,0.0,VALID,247.913584,VALID,2.52222,VALID,Online,Resolved: Operating normally
2026-07-09 05:00:00+00:00,18.475,VALID,0.0,VALID,251.453184,VALID,2.5328880000000003,VALID,Online,Resolved: Operating normally
2026-07-09 06:00:00+00:00,18.525,VALID,0.0,VALID,256.550208,VALID,2.548128,VALID,Online,Resolved: Operating normally
2026-07-09 07:00:00+00:00,18.525,VALID,0.0,VALID,254.00169599999998,VALID,2.540508,VALID,Online,Resolved: Operating normally
2026-07-09 08:00:00+00:00,18.424999999999997,VALID,0.0,VALID,240.905176,VALID,2.500884,VALID,Online,Resolved: Operating normally
2026-07-09 09:00:00+00:00,18.2,VALID,0.0,VALID,222.145296,VALID,2.44221,VALID,Online,Resolved: Operating normally
2026-07-09 10:00:00+00:00,17.975,VALID,0.0,VALID,204.093336,VALID,2.382774,VALID,Online,Resolved: Operating normally
2026-07-09 11:00:00+00:00,17.7,VALID,0.0,VALID,191.84632,VALID,2.3408640000000003,VALID,Online,Resolved: Operating normally
2026-07-09 12:00:00+00:00,17.475,VALID,0.0,VALID,183.209696,VALID,2.310384,VALID,Online,Resolved: Operating normally
2026-07-09 13:00:00+00:00,17.25,VALID,0.0,VALID,178.112672,VALID,2.292096,VALID,Online,Resolved: Operating normally
2026-07-09 14:00:00+00:00,17.2,VALID,0.0,VALID,180.236432,VALID,2.299716,VALID,Online,Resolved: Operating normally
2026-07-09 15:00:00+00:00,17.2,VALID,0.0,VALID,194.111664,VALID,2.348484,VALID,Online,Resolved: Operating normally
2026-07-09 16:00:00+00:00,17.275,VALID,0.0,VALID,211.17253599999998,VALID,2.406396,VALID,Online,Resolved: Operating normally
2026-07-09 17:00:00+00:00,17.45,VALID,0.0,VALID,221.649752,VALID,2.440686,VALID,Online,Resolved: Operating normally
2026-07-09 18:00:00+00:00,17.675,VALID,0.0,VALID,225.68489599999998,VALID,2.45364,VALID,Online,Resolved: Operating normally
2026-07-09 19:00:00+00:00,17.925,VALID,0.0,VALID,227.879448,VALID,2.4604980000000003,VALID,Online,Resolved: Operating normally
2026-07-09 20:00:00+00:00,18.125,VALID,0.0,VALID,228.09182399999997,VALID,2.4612600000000002,VALID,Online,Resolved: Operating normally
2026-07-09 21:00:00+00:00,18.325,VALID,0.0,VALID,228.021032,VALID,2.4612600000000002,VALID,Online,Resolved: Operating normally
2026-07-09 22:00:00+00:00,18.45,VALID,0.0,VALID,228.516576,VALID,2.462784,VALID,Online,Resolved: Operating normally
2026-07-09 23:00:00+00:00,18.625,VALID,0.0,VALID,228.587368,VALID,2.462784,VALID,Online,Resolved: Operating normally
2026-07-10 00:00:00+00:00,18.75,VALID,0.0,VALID,227.313112,VALID,2.4589740000000004,VALID,Online,Resolved: Operating normally
2026-07-10 01:00:00+00:00,18.8,VALID,0.0,VALID,231.773008,VALID,2.47269,VALID,Online,Resolved: Operating normally
2026-07-10 02:00:00+00:00,18.8,VALID,0.0,VALID,239.135376,VALID,2.49555,VALID,Online,Resolved: Operating normally
2026-07-10 03:00:00+00:00,18.8,VALID,0.0,VALID,246.922496,VALID,2.519172,VALID,Online,Resolved: Operating normally
2026-07-10 04:00:00+00:00,18.775,VALID,0.0,VALID,249.612592,VALID,2.5275540000000003,VALID,Online,Resolved: Operating normally
2026-07-10 05:00:00+00:00,18.7,VALID,0.0,VALID,253.930904,VALID,2.540508,VALID,Online,Resolved: Operating normally
2026-07-10 06:00:00+00:00,18.6,VALID,0.0,VALID,257.116544,VALID,2.549652,VALID,Online,Resolved: Operating normally
2026-07-10 07:00:00+00:00,18.55,VALID,0.0,VALID,253.930904,VALID,2.540508,VALID,Online,Resolved: Operating normally
2026-07-10 08:00:00+00:00,18.45,VALID,0.0,VALID,240.622008,VALID,2.500122,VALID,Online,Resolved: Operating normally
2026-07-10 09:00:00+00:00,18.325,VALID,0.0,VALID,222.003712,VALID,2.4414480000000003,VALID,Online,Resolved: Operating normally
2026-07-10 10:00:00+00:00,18.2,VALID,0.0,VALID,204.093336,VALID,2.3827740000000004,VALID,Online,Resolved: Operating normally
2026-07-10 11:00:00+00:00,18.125,VALID,0.0,VALID,191.84632,VALID,2.340864,VALID,Online,Resolved: Operating normally
2026-07-10 12:00:00+00:00,18.0,VALID,0.0,VALID,183.209696,VALID,2.310384,VALID,Online,Resolved: Operating normally
2026-07-10 13:00:00+00:00,17.924999999999997,VALID,0.0,VALID,177.900296,VALID,2.291334,VALID,Online,Resolved: Operating normally
2026-07-10 14:00:00+00:00,17.8,VALID,0.0,VALID,180.024056,VALID,2.298954,VALID,Online,Resolved: Operating normally
2026-07-10 15:00:00+00:00,17.7,VALID,0.0,VALID,193.403744,VALID,2.3461980000000002,VALID,Online,Resolved: Operating normally
2026-07-10 16:00:00+00:00,17.575000000000003,VALID,0.0,VALID,211.455704,VALID,2.407158,VALID,Online,Resolved: Operating normally
2026-07-10 17:00:00+00:00,17.5,VALID,0.0,VALID,221.366584,VALID,2.439924,VALID,Online,Resolved: Operating normally
2026-07-10 18:00:00+00:00,17.575000000000003,VALID,0.0,VALID,225.897272,VALID,2.454402,VALID,Online,Resolved: Operating normally
2026-07-10 19:00:00+00:00,17.725,VALID,0.0,VALID,226.109648,VALID,2.4551640000000003,VALID,Online,Resolved: Operating normally
2026-07-10 20:00:00+00:00,17.975,VALID,0.0,VALID,228.516576,VALID,2.462784,VALID,Online,Resolved: Operating normally
2026-07-10 21:00:00+00:00,18.275,VALID,0.0,VALID,228.79974399999998,VALID,2.463546,VALID,Online,Resolved: Operating normally
2026-07-10 22:00:00+00:00,18.525,VALID,0.0,VALID,228.30419999999998,VALID,2.462022,VALID,Online,Resolved: Operating normally
2026-07-10 23:00:00+00:00,18.775,VALID,0.0,VALID,227.879448,VALID,2.4604980000000003,VALID,Online,Resolved: Operating normally
2026-07-11 00:00:00+00:00,18.95,VALID,0.0,VALID,228.870536,VALID,2.463546,VALID,Online,Resolved: Operating normally
2026-07-11 01:00:00+00:00,19.075000000000003,VALID,0.0,VALID,231.63142399999998,VALID,2.47269,VALID,Online,Resolved: Operating normally
2026-07-11 02:00:00+00:00,19.1,VALID,0.0,VALID,237.1532,VALID,2.4894540000000003,VALID,Online,Resolved: Operating normally
2026-07-11 03:00:00+00:00,19.05,VALID,0.0,VALID,244.798736,VALID,2.513076,VALID,Online,Resolved: Operating normally
2026-07-11 04:00:00+00:00,19.0,VALID,0.0,VALID,251.948728,VALID,2.534412,VALID,Online,Resolved: Operating normally
2026-07-11 05:00:00+00:00,19.0,VALID,0.0,VALID,255.48832799999997,VALID,2.54508,VALID,Online,Resolved: Operating normally
2026-07-11 06:00:00+00:00,19.0,VALID,0.0,VALID,257.116544,VALID,2.549652,VALID,Online,Resolved: Operating normally
2026-07-11 07:00:00+00:00,18.924999999999997,VALID,0.0,VALID,253.43536,VALID,2.538984,VALID,Online,Resolved: Operating normally
2026-07-11 08:00:00+00:00,18.825,VALID,0.0,VALID,242.10863999999998,VALID,2.504694,VALID,Online,Resolved: Operating normally
2026-07-11 09:00:00+00:00,18.65,VALID,0.0,VALID,223.065592,VALID,2.445258,VALID,Online,Resolved: Operating normally
2026-07-11 10:00:00+00:00,18.4,VALID,0.0,VALID,204.801256,VALID,2.38506,VALID,Online,Resolved: Operating normally
2026-07-11 11:00:00+00:00,18.225,VALID,0.0,VALID,191.63394399999999,VALID,2.340102,VALID,Online,Resolved: Operating normally
2026-07-11 12:00:00+00:00,18.05,VALID,0.0,VALID,183.209696,VALID,2.310384,VALID,Online,Resolved: Operating normally
2026-07-11 13:00:00+00:00,17.924999999999997,VALID,0.0,VALID,178.537424,VALID,2.29362,VALID,Online,Resolved: Operating normally
2026-07-11 14:00:00+00:00,17.8,VALID,0.0,VALID,176.201288,VALID,2.284476,VALID,Online,Resolved: Operating normally
2026-07-11 15:00:00+00:00,17.7,VALID,0.0,VALID,178.254256,VALID,2.292096,VALID,Online,Resolved: Operating normally
2026-07-11 16:00:00+00:00,17.7,VALID,0.0,VALID,190.147312,VALID,2.334768,VALID,Online,Resolved: Operating normally
2026-07-11 17:00:00+00:00,17.7,VALID,0.0,VALID,204.305712,VALID,2.3835360000000003,VALID,Online,Resolved: Operating normally
2026-07-11 18:00:00+00:00,17.775,VALID,0.0,VALID,214.641344,VALID,2.4178260000000003,VALID,Online,Resolved: Operating normally
2026-07-11 19:00:00+00:00,17.95,VALID,0.0,VALID,221.01262400000002,VALID,2.4384,VALID,Online,Resolved: Operating normally
2026-07-11 20:00:00+00:00,18.2,VALID,0.0,VALID,223.985888,VALID,2.448306,VALID,Online,Resolved: Operating normally
2026-07-11 21:00:00+00:00,18.475,VALID,0.0,VALID,225.89727200000002,VALID,2.4544020000000004,VALID,Online,Resolved: Operating normally
2026-07-11 22:00:00+00:00,18.725,VALID,0.0,VALID,227.383904,VALID,2.4589740000000004,VALID,Online,Resolved: Operating normally
2026-07-11 23:00:00+00:00,19.0,VALID,0.0,VALID,227.10073599999998,VALID,2.4582120000000005,VALID,Online,Resolved: Operating normally
2026-07-12 00:00:00+00:00,19.175,VALID,0.0,VALID,228.09182399999997,VALID,2.4612600000000002,VALID,Online,Resolved: Operating normally
2026-07-12 01:00:00+00:00,19.225,VALID,0.0,VALID,228.30419999999998,VALID,2.462022,VALID,Online,Resolved: Operating normally
2026-07-12 02:00:00+00:00,19.2,VALID,0.0,VALID,231.065088,VALID,2.4704040000000003,VALID,Online,Resolved: Operating normally
2026-07-12 03:00:00+00:00,19.125,VALID,0.0,VALID,238.28587199999998,VALID,2.4932640000000004,VALID,Online,Resolved: Operating normally
2026-07-12 04:00:00+00:00,19.0,VALID,0.0,VALID,244.869528,VALID,2.513076,VALID,Online,Resolved: Operating normally
2026-07-12 05:00:00+00:00,19.0,VALID,0.0,VALID,249.89576,VALID,2.5283160000000002,VALID,Online,Resolved: Operating normally
2026-07-12 06:00:00+00:00,19.0,VALID,0.0,VALID,251.66556,VALID,2.53365,VALID,Online,Resolved: Operating normally
2026-07-12 07:00:00+00:00,19.0,VALID,0.0,VALID,249.683384,VALID,2.5275540000000003,VALID,Online,Resolved: Operating normally
2026-07-12 08:00:00+00:00,18.9,VALID,0.0,VALID,238.144288,VALID,2.492502,VALID,Online,Resolved: Operating normally
2026-07-12 09:00:00+00:00,18.7,VALID,0.0,VALID,220.304704,VALID,2.436114,VALID,Online,Resolved: Operating normally
2026-07-12 10:00:00+00:00,18.5,VALID,0.0,VALID,202.889872,VALID,2.3789640000000003,VALID,Online,Resolved: Operating normally
2026-07-12 11:00:00+00:00,18.275,VALID,0.0,VALID,190.78444,VALID,2.337054,VALID,Online,Resolved: Operating normally
2026-07-12 12:00:00+00:00,18.075,VALID,0.0,VALID,182.36019199999998,VALID,2.3073360000000003,VALID,Online,Resolved: Operating normally
2026-07-12 13:00:00+00:00,17.9,VALID,0.0,VALID,177.33396,VALID,2.289048,VALID,Online,Resolved: Operating normally
2026-07-12 14:00:00+00:00,17.725,VALID,0.0,VALID,175.21020000000001,VALID,2.280666,VALID,Online,Resolved: Operating normally
2026-07-12 15:00:00+00:00,17.625,VALID,0.0,VALID,178.04188,VALID,2.291334,VALID,Online,Resolved: Operating normally
2026-07-12 16:00:00+00:00,17.6,VALID,0.0,VALID,189.72256,VALID,2.333244,VALID,Online,Resolved: Operating normally
2026-07-12 17:00:00+00:00,17.6,VALID,0.0,VALID,204.23492,VALID,2.3835360000000003,VALID,Online,Resolved: Operating normally
2026-07-12 18:00:00+00:00,17.8,VALID,0.0,VALID,214.782928,VALID,2.418588,VALID,Online,Resolved: Operating normally
2026-07-12 19:00:00+00:00,18.0,VALID,0.0,VALID,221.01262400000002,VALID,2.4384,VALID,Online,Resolved: Operating normally
2026-07-12 20:00:00+00:00,18.3,VALID,0.0,VALID,225.260144,VALID,2.452116,VALID,Online,Resolved: Operating normally
2026-07-12 21:00:00+00:00,18.6,VALID,0.0,VALID,227.313112,VALID,2.4589740000000004,VALID,Online,Resolved: Operating normally
2026-07-12 22:00:00+00:00,18.85,VALID,0.0,VALID,228.516576,VALID,2.462784,VALID,Online,Resolved: Operating normally
2026-07-12 23:00:00+00:00,19.025,VALID,0.0,VALID,228.79974399999998,VALID,2.463546,VALID,Online,Resolved: Operating normally
2026-07-13 00:00:00+00:00,19.175,VALID,0.0,VALID,229.36608,VALID,2.4650700000000003,VALID,Online,Resolved: Operating normally
2026-07-13 01:00:00+00:00,19.3,VALID,0.0,VALID,230.711128,VALID,2.4696420000000003,VALID,Online,Resolved: Operating normally
2026-07-13 02:00:00+00:00,19.4,VALID,0.0,VALID,232.19776,VALID,2.474214,VALID,Online,Resolved: Operating normally
2026-07-13 03:00:00+00:00,19.4,VALID,0.0,VALID,239.418544,VALID,2.496312,VALID,Online,Resolved: Operating normally
2026-07-13 04:00:00+00:00,19.4,VALID,0.0,VALID,245.577448,VALID,2.515362,VALID,Online,Resolved: Operating normally
2026-07-13 05:00:00+00:00,19.4,VALID,0.0,VALID,249.89576,VALID,2.5283160000000002,VALID,Online,Resolved: Operating normally
2026-07-13 06:00:00+00:00,19.4,VALID,0.0,VALID,253.43536,VALID,2.538984,VALID,Online,Resolved: Operating normally
2026-07-13 07:00:00+00:00,19.4,VALID,0.0,VALID,251.170016,VALID,2.5321260000000003,VALID,Online,Resolved: Operating normally
2026-07-13 08:00:00+00:00,19.25,VALID,0.0,VALID,239.843296,VALID,2.4978360000000004,VALID,Online,Resolved: Operating normally
2026-07-13 09:00:00+00:00,19.05,VALID,0.0,VALID,222.216088,VALID,2.44221,VALID,Online,Resolved: Operating normally
2026-07-13 10:00:00+00:00,18.9,VALID,0.0,VALID,204.51808799999998,VALID,2.3842980000000003,VALID,Online,Resolved: Operating normally
2026-07-13 11:00:00+00:00,18.725,VALID,0.0,VALID,190.78444,VALID,2.337054,VALID,Online,Resolved: Operating normally
2026-07-13 12:00:00+00:00,18.575000000000003,VALID,0.0,VALID,182.147816,VALID,2.3065740000000003,VALID,Online,Resolved: Operating normally
2026-07-13 13:00:00+00:00,18.45,VALID,0.0,VALID,177.900296,VALID,2.291334,VALID,Online,Resolved: Operating normally
2026-07-13 14:00:00+00:00,18.375,VALID,0.0,VALID,180.236432,VALID,2.299716,VALID,Online,Resolved: Operating normally
2026-07-13 15:00:00+00:00,18.3,VALID,0.0,VALID,194.32404,VALID,2.349246,VALID,Online,Resolved: Operating normally
2026-07-13 16:00:00+00:00,18.3,VALID,0.0,VALID,210.96016,VALID,2.405634,VALID,Online,Resolved: Operating normally
2026-07-13 17:00:00+00:00,18.375,VALID,0.0,VALID,221.93292,VALID,2.4414480000000003,VALID,Online,Resolved: Operating normally
2026-07-13 18:00:00+00:00,18.5,VALID,0.0,VALID,226.675984,VALID,2.4566880000000006,VALID,Online,Resolved: Operating normally
2026-07-13 19:00:00+00:00,18.7,VALID,0.0,VALID,228.30419999999998,VALID,2.462022,VALID,Online,Resolved: Operating normally
2026-07-13 20:00:00+00:00,18.9,VALID,0.0,VALID,229.36608,VALID,2.4650700000000003,VALID,Online,Resolved: Operating normally
2026-07-13 21:00:00+00:00,19.125,VALID,0.0,VALID,229.649248,VALID,2.4658320000000002,VALID,Online,Resolved: Operating normally
2026-07-13 22:00:00+00:00,19.3,VALID,0.0,VALID,229.790832,VALID,2.466594,VALID,Online,Resolved: Operating normally
2026-07-13 23:00:00+00:00,19.45,VALID,0.0,VALID,230.498752,VALID,2.46888,VALID,Online,Resolved: Operating normally
2026-07-14 00:00:00+00:00,19.575000000000003,VALID,0.0,VALID,230.074,VALID,2.467356,VALID,Online,Resolved: Operating normally
2026-07-14 01:00:00+00:00,19.675,VALID,0.0,VALID,232.622512,VALID,2.475738,VALID,Online,Resolved: Operating normally
2026-07-14 02:00:00+00:00,19.8,VALID,0.0,VALID,239.843296,VALID,2.4978360000000004,VALID,Online,Resolved: Operating normally
2026-07-14 03:00:00+00:00,19.8,VALID,0.0,VALID,244.58636,VALID,2.512314,VALID,Online,Resolved: Operating normally
2026-07-14 04:00:00+00:00,19.8,VALID,0.0,VALID,250.391304,VALID,2.52984,VALID,Online,Resolved: Operating normally
2026-07-14 05:00:00+00:00,19.7,VALID,0.0,VALID,254.49723999999998,VALID,2.5420320000000003,VALID,Online,Resolved: Operating normally
2026-07-14 06:00:00+00:00,19.55,VALID,0.0,VALID,257.116544,VALID,2.549652,VALID,Online,Resolved: Operating normally
2026-07-14 07:00:00+00:00,19.325,VALID,0.0,VALID,253.718528,VALID,2.539746,VALID,Online,Resolved: Operating normally
2026-07-14 08:00:00+00:00,19.075,VALID,0.0,VALID,241.117552,VALID,2.501646,VALID,Online,Resolved: Operating normally
2026-07-14 09:00:00+00:00,18.8,VALID,0.0,VALID,222.428464,VALID,2.442972,VALID,Online,Resolved: Operating normally
2026-07-14 10:00:00+00:00,18.65,VALID,0.0,VALID,204.093336,VALID,2.3827740000000004,VALID,Online,Resolved: Operating normally
2026-07-14 11:00:00+00:00,18.525,VALID,0.0,VALID,191.209192,VALID,2.338578,VALID,Online,Resolved: Operating normally
2026-07-14 12:00:00+00:00,18.5,VALID,0.0,VALID,182.572568,VALID,2.308098,VALID,Online,Resolved: Operating normally
2026-07-14 13:00:00+00:00,18.4,VALID,0.0,VALID,177.546336,VALID,2.28981,VALID,Online,Resolved: Operating normally
2026-07-14 14:00:00+00:00,18.4,VALID,0.0,VALID,178.820592,VALID,2.294382,VALID,Online,Resolved: Operating normally
2026-07-14 15:00:00+00:00,18.35,VALID,0.0,VALID,192.766616,VALID,2.343912,VALID,Online,Resolved: Operating normally
2026-07-14 16:00:00+00:00,18.3,VALID,0.0,VALID,209.89828,VALID,2.4025860000000003,VALID,Online,Resolved: Operating normally
2026-07-14 17:00:00+00:00,18.3,VALID,0.0,VALID,221.366584,VALID,2.439924,VALID,Online,Resolved: Operating normally
2026-07-14 18:00:00+00:00,18.225,VALID,0.0,VALID,226.18044,VALID,2.4551640000000003,VALID,Online,Resolved: Operating normally
2026-07-14 19:00:00+00:00,18.3,VALID,0.0,VALID,228.021032,VALID,2.4612600000000002,VALID,Online,Resolved: Operating normally
2026-07-14 20:00:00+00:00,18.424999999999997,VALID,0.0,VALID,230.286376,VALID,2.468118,VALID,Online,Resolved: Operating normally
2026-07-14 21:00:00+00:00,18.65,VALID,0.0,VALID,231.13588,VALID,2.471166,VALID,Online,Resolved: Operating normally
2026-07-14 22:00:00+00:00,18.9,VALID,0.0,VALID,230.711128,VALID,2.469642,VALID,Online,Resolved: Operating normally
2026-07-14 23:00:00+00:00,19.225,VALID,0.0,VALID,230.498752,VALID,2.46888,VALID,Online,Resolved: Operating normally
2026-07-15 00:00:00+00:00,19.5,VALID,0.0,VALID,230.003208,VALID,2.467356,VALID,Online,Resolved: Operating normally
2026-07-15 01:00:00+00:00,19.675,VALID,3.556,VALID,232.976472,VALID,2.4765,VALID,Online,Resolved: Operating normally
2026-07-15 02:00:00+00:00,19.675,VALID,0.0,VALID,238.56904,VALID,2.4940260000000003,VALID,Online,Resolved: Operating normally
2026-07-15 03:00:00+00:00,19.55,VALID,0.0,VALID,246.568536,VALID,2.5184100000000003,VALID,Online,Resolved: Operating normally
2026-07-15 04:00:00+00:00,19.4,VALID,0.0,VALID,252.939816,VALID,2.5374600000000003,VALID,Online,Resolved: Operating normally
2026-07-15 05:00:00+00:00,19.325,VALID,0.0,VALID,256.26704,VALID,2.5473660000000002,VALID,Online,Resolved: Operating normally
2026-07-15 06:00:00+00:00,19.275,VALID,0.0,VALID,257.399712,VALID,2.550414,VALID,Online,Resolved: Operating normally
2026-07-15 07:00:00+00:00,19.2,VALID,0.0,VALID,254.214072,VALID,2.54127,VALID,Online,Resolved: Operating normally
2026-07-15 08:00:00+00:00,19.1,VALID,0.0,VALID,241.117552,VALID,2.501646,VALID,Online,Resolved: Operating normally
2026-07-15 09:00:00+00:00,19.05,VALID,0.0,VALID,220.729456,VALID,2.437638,VALID,Online,Resolved: Operating normally
2026-07-15 10:00:00+00:00,19.0,VALID,0.0,VALID,202.960664,VALID,2.3789640000000003,VALID,Online,Resolved: Operating normally
2026-07-15 11:00:00+00:00,18.9,VALID,0.0,VALID,189.864144,VALID,2.334006,VALID,Online,Resolved: Operating normally
2026-07-15 12:00:00+00:00,18.8,VALID,0.0,VALID,181.510688,VALID,2.304288,VALID,Online,Resolved: Operating normally
2026-07-15 13:00:00+00:00,18.725,VALID,0.0,VALID,176.413664,VALID,2.285238,VALID,Online,Resolved: Operating normally
2026-07-15 14:00:00+00:00,18.6,VALID,0.0,VALID,178.608216,VALID,2.29362,VALID,Online,Resolved: Operating normally
2026-07-15 15:00:00+00:00,18.475,VALID,0.0,VALID,191.63394399999999,VALID,2.340102,VALID,Online,Resolved: Operating normally
2026-07-15 16:00:00+00:00,18.35,VALID,0.0,VALID,206.995808,VALID,2.3926800000000004,VALID,Online,Resolved: Operating normally
2026-07-15 17:00:00+00:00,18.2,VALID,0.0,VALID,217.897776,VALID,2.428494,VALID,Online,Resolved: Operating normally
2026-07-15 18:00:00+00:00,18.175,VALID,0.0,VALID,224.269056,VALID,2.449068,VALID,Online,Resolved: Operating normally
2026-07-15 19:00:00+00:00,18.225,VALID,0.0,VALID,227.10073599999998,VALID,2.4582120000000005,VALID,Online,Resolved: Operating normally
2026-07-15 20:00:00+00:00,18.4,VALID,0.0,VALID,228.79974399999998,VALID,2.463546,VALID,Online,Resolved: Operating normally
2026-07-15 21:00:00+00:00,18.725,VALID,0.0,VALID,229.861624,VALID,2.466594,VALID,Online,Resolved: Operating normally
2026-07-15 22:00:00+00:00,19.025,VALID,0.0,VALID,228.587368,VALID,2.462784,VALID,Online,Resolved: Operating normally
2026-07-15 23:00:00+00:00,19.25,VALID,0.0,VALID,227.383904,VALID,2.458974,VALID,Online,Resolved: Operating normally
2026-07-16 00:00:00+00:00,19.35,VALID,0.0,VALID,230.003208,VALID,2.467356,VALID,Online,Resolved: Operating normally
2026-07-16 01:00:00+00:00,19.4,VALID,0.0,VALID,234.179936,VALID,2.4803100000000002,VALID,Online,Resolved: Operating normally
2026-07-16 02:00:00+00:00,19.35,VALID,0.0,VALID,240.055672,VALID,2.4985980000000003,VALID,Online,Resolved: Operating normally
2026-07-16 03:00:00+00:00,19.25,VALID,0.0,VALID,246.922496,VALID,2.519172,VALID,Online,Resolved: Operating normally
2026-07-16 04:00:00+00:00,19.2,VALID,0.0,VALID,251.38239199999998,VALID,2.5328880000000003,VALID,Online,Resolved: Operating normally
2026-07-16 05:00:00+00:00,19.225,VALID,0.0,VALID,254.00169599999998,VALID,2.540508,VALID,Online,Resolved: Operating normally
2026-07-16 06:00:00+00:00,19.3,VALID,0.0,VALID,255.488328,VALID,2.54508,VALID,Online,Resolved: Operating normally
2026-07-16 07:00:00+00:00,19.3,VALID,0.0,VALID,249.117048,VALID,2.5260300000000004,VALID,Online,Resolved: Operating normally
2026-07-16 08:00:00+00:00,19.25,VALID,0.0,VALID,236.657656,VALID,2.4879300000000004,VALID,Online,Resolved: Operating normally
2026-07-16 09:00:00+00:00,19.15,VALID,0.0,VALID,218.322528,VALID,2.4300180000000005,VALID,Online,Resolved: Operating normally
2026-07-16 10:00:00+00:00,18.966666666666665,VALID,0.0,VALID,202.677496,VALID,2.3782020000000004,VALID,Online,Resolved: Operating normally
2026-07-16 11:00:00+00:00,18.775,VALID,0.0,VALID,189.864144,VALID,2.334006,VALID,Online,Resolved: Operating normally
2026-07-16 12:00:00+00:00,18.6,VALID,0.0,VALID,181.298312,VALID,2.303526,VALID,Online,Resolved: Operating normally
2026-07-16 13:00:00+00:00,18.424999999999997,VALID,0.0,VALID,177.404752,VALID,2.289048,VALID,Online,Resolved: Operating normally
2026-07-16 14:00:00+00:00,18.3,VALID,0.0,VALID,179.245344,VALID,2.295906,VALID,Online,Resolved: Operating normally
2026-07-16 15:00:00+00:00,18.2,VALID,0.0,VALID,191.84632,VALID,2.3408640000000003,VALID,Online,Resolved: Operating normally
2026-07-16 16:00:00+00:00,18.3,VALID,0.0,VALID,207.491352,VALID,2.394204,VALID,Online,Resolved: Operating normally
2026-07-16 17:00:00+00:00,18.4,VALID,0.0,VALID,219.73836799999998,VALID,2.43459,VALID,Online,Resolved: Operating normally
2026-07-16 18:00:00+00:00,18.625,VALID,0.0,VALID,233.75518399999999,VALID,2.478786,VALID,Online,Resolved: Operating normally
2026-07-16 19:00:00+00:00,18.875,VALID,0.0,VALID,240.834384,VALID,2.500884,VALID,Online,Resolved: Operating normally
2026-07-16 20:00:00+00:00,19.125,VALID,0.0,VALID,239.347752,VALID,2.496312,VALID,Online,Resolved: Operating normally
2026-07-16 21:00:00+00:00,19.375,VALID,0.0,VALID,235.171024,VALID,2.483358,VALID,Online,Resolved: Operating normally
2026-07-16 22:00:00+00:00,19.55,VALID,0.0,VALID,232.693304,VALID,2.4757379999999998,VALID,Online,Resolved: Operating normally
2026-07-16 23:00:00+00:00,19.6,VALID,0.0,VALID,230.42795999999998,VALID,2.4688800000000004,VALID,Online,Resolved: Operating normally
2026-07-17 00:00:00+00:00,19.55,VALID,0.0,VALID,230.074,VALID,2.467356,VALID,Online,Resolved: Operating normally
2026-07-17 01:00:00+00:00,19.375,VALID,0.0,VALID,232.126968,VALID,2.4742140000000004,VALID,Online,Resolved: Operating normally
2026-07-17 02:00:00+00:00,19.225,VALID,0.0,VALID,238.63983199999998,VALID,2.494026,VALID,Online,Resolved: Operating normally
2026-07-17 03:00:00+00:00,19.05,VALID,0.0,VALID,244.798736,VALID,2.513076,VALID,Online,Resolved: Operating normally
2026-07-17 04:00:00+00:00,18.8,VALID,0.0,VALID,250.108136,VALID,2.529078,VALID,Online,Resolved: Operating normally
2026-07-17 05:00:00+00:00,18.6,VALID,0.0,VALID,252.161104,VALID,2.5351740000000005,VALID,Online,Resolved: Operating normally
2026-07-17 06:00:00+00:00,18.7,VALID,0.254,VALID,254.992784,VALID,2.543556,VALID,Online,Resolved: Operating normally
2026-07-17 07:00:00+00:00,18.925,VALID,0.0,VALID,253.15219199999999,VALID,2.538222,VALID,Online,Resolved: Operating normally
2026-07-17 08:00:00+00:00,19.075000000000003,VALID,0.0,VALID,240.33884,VALID,2.4993600000000002,VALID,Online,Resolved: Operating normally
2026-07-17 09:00:00+00:00,19.05,VALID,0.0,VALID,221.720544,VALID,2.440686,VALID,Online,Resolved: Operating normally
2026-07-17 10:00:00+00:00,18.924999999999997,VALID,0.0,VALID,204.093336,VALID,2.382774,VALID,Online,Resolved: Operating normally
2026-07-17 11:00:00+00:00,18.75,VALID,0.0,VALID,190.572064,VALID,2.3362920000000003,VALID,Online,Resolved: Operating normally
2026-07-17 12:00:00+00:00,18.575000000000003,VALID,0.0,VALID,181.93544,VALID,2.305812,VALID,Online,Resolved: Operating normally
2026-07-17 13:00:00+00:00,18.45,VALID,0.0,VALID,176.838416,VALID,2.286762,VALID,Online,Resolved: Operating normally
2026-07-17 14:00:00+00:00,18.4,VALID,0.0,VALID,178.608216,VALID,2.29362,VALID,Online,Resolved: Operating normally
2026-07-17 15:00:00+00:00,18.3,VALID,0.0,VALID,192.766616,VALID,2.343912,VALID,Online,Resolved: Operating normally
2026-07-17 16:00:00+00:00,18.375,VALID,0.0,VALID,210.110656,VALID,2.4033480000000003,VALID,Online,Resolved: Operating normally
2026-07-17 17:00:00+00:00,18.45,VALID,0.0,VALID,220.729456,VALID,2.437638,VALID,Online,Resolved: Operating normally
2026-07-17 18:00:00+00:00,18.65,VALID,0.0,VALID,225.684896,VALID,2.45364,VALID,Online,Resolved: Operating normally
2026-07-17 19:00:00+00:00,18.825,VALID,0.0,VALID,227.59627999999998,VALID,2.4597360000000004,VALID,Online,Resolved: Operating normally
2026-07-17 20:00:00+00:00,19.075,VALID,0.0,VALID,228.30419999999998,VALID,2.462022,VALID,Online,Resolved: Operating normally
2026-07-17 21:00:00+00:00,19.4,VALID,0.0,VALID,228.79974399999998,VALID,2.463546,VALID,Online,Resolved: Operating normally
2026-07-17 22:00:00+00:00,19.6,VALID,0.0,VALID,228.516576,VALID,2.462784,VALID,Online,Resolved: Operating normally
2026-07-17 23:00:00+00:00,19.775,VALID,0.0,VALID,229.790832,VALID,2.466594,VALID,Online,Resolved: Operating normally
2026-07-18 00:00:00+00:00,19.875,VALID,0.0,VALID,228.587368,VALID,2.462784,VALID,Online,Resolved: Operating normally
2026-07-18 01:00:00+00:00,19.9,VALID,0.0,VALID,231.48984,VALID,2.471928,VALID,Online,Resolved: Operating normally
2026-07-18 02:00:00+00:00,19.825,VALID,0.0,VALID,239.560128,VALID,2.4970740000000005,VALID,Online,Resolved: Operating normally
2026-07-18 03:00:00+00:00,19.65,VALID,0.0,VALID,246.35616,VALID,2.517648,VALID,Online,Resolved: Operating normally
2026-07-18 04:00:00+00:00,19.6,VALID,0.0,VALID,251.877936,VALID,2.5344120000000006,VALID,Online,Resolved: Operating normally
2026-07-18 05:00:00+00:00,19.6,VALID,0.0,VALID,254.99278399999997,VALID,2.543556,VALID,Online,Resolved: Operating normally
2026-07-18 06:00:00+00:00,19.7,VALID,0.0,VALID,255.983872,VALID,2.5466040000000003,VALID,Online,Resolved: Operating normally
2026-07-18 07:00:00+00:00,19.7,VALID,0.0,VALID,253.930904,VALID,2.540508,VALID,Online,Resolved: Operating normally
2026-07-18 08:00:00+00:00,19.7,VALID,0.0,VALID,241.61309599999998,VALID,2.50317,VALID,Online,Resolved: Operating normally
2026-07-18 09:00:00+00:00,19.625,VALID,0.0,VALID,221.720544,VALID,2.440686,VALID,Online,Resolved: Operating normally
2026-07-18 10:00:00+00:00,19.475,VALID,0.0,VALID,203.66858399999998,VALID,2.38125,VALID,Online,Resolved: Operating normally
2026-07-18 11:00:00+00:00,19.325,VALID,0.0,VALID,190.07652,VALID,2.3347680000000004,VALID,Online,Resolved: Operating normally
2026-07-18 12:00:00+00:00,19.15,VALID,0.0,VALID,181.723064,VALID,2.30505,VALID,Online,Resolved: Operating normally
2026-07-18 13:00:00+00:00,19.025,VALID,0.0,VALID,176.413664,VALID,2.285238,VALID,Online,Resolved: Operating normally
2026-07-18 14:00:00+00:00,18.924999999999997,VALID,0.0,VALID,173.935944,VALID,2.276094,VALID,Online,Resolved: Operating normally
2026-07-18 15:00:00+00:00,18.9,VALID,0.0,VALID,176.767624,VALID,2.2867620000000004,VALID,Online,Resolved: Operating normally
2026-07-18 16:00:00+00:00,18.924999999999997,VALID,0.0,VALID,188.802264,VALID,2.330196,VALID,Online,Resolved: Operating normally
2026-07-18 17:00:00+00:00,19.05,VALID,0.0,VALID,203.17304,VALID,2.3797260000000002,VALID,Online,Resolved: Operating normally
2026-07-18 18:00:00+00:00,19.3,VALID,0.0,VALID,213.933424,VALID,2.41554,VALID,Online,Resolved: Operating normally
2026-07-18 19:00:00+00:00,19.575000000000003,VALID,0.0,VALID,220.092328,VALID,2.435352,VALID,Online,Resolved: Operating normally
2026-07-18 20:00:00+00:00,19.7,VALID,0.0,VALID,224.269056,VALID,2.449068,VALID,Online,Resolved: Operating normally
2026-07-18 21:00:00+00:00,19.8,VALID,0.0,VALID,226.109648,VALID,2.4551640000000003,VALID,Online,Resolved: Operating normally
2026-07-18 22:00:00+00:00,19.8,VALID,0.0,VALID,227.10073599999998,VALID,2.4582120000000005,VALID,Online,Resolved: Operating normally
2026-07-18 23:00:00+00:00,19.8,VALID,0.0,VALID,227.59627999999998,VALID,2.4597360000000004,VALID,Online,Resolved: Operating normally
2026-07-19 00:00:00+00:00,19.8,VALID,0.0,VALID,226.88836,VALID,2.4574500000000006,VALID,Online,Resolved: Operating normally
2026-07-19 01:00:00+00:00,19.825,VALID,0.0,VALID,229.36608,VALID,2.4650700000000003,VALID,Online,Resolved: Operating normally
2026-07-19 02:00:00+00:00,19.9,VALID,0.0,VALID,231.206672,VALID,2.471166,VALID,Online,Resolved: Operating normally
2026-07-19 03:00:00+00:00,19.9,VALID,0.0,VALID,239.135376,VALID,2.49555,VALID,Online,Resolved: Operating normally
2026-07-19 04:00:00+00:00,19.9,VALID,0.0,VALID,245.081904,VALID,2.5138380000000002,VALID,Online,Resolved: Operating normally
2026-07-19 05:00:00+00:00,19.9,VALID,0.0,VALID,247.347248,VALID,2.520696,VALID,Online,Resolved: Operating normally
2026-07-19 06:00:00+00:00,19.8,VALID,0.0,VALID,251.38239199999998,VALID,2.5328880000000003,VALID,Online,Resolved: Operating normally
2026-07-19 07:00:00+00:00,19.675,VALID,0.0,VALID,251.170016,VALID,2.5321260000000003,VALID,Online,Resolved: Operating normally
2026-07-19 08:00:00+00:00,19.5,VALID,0.0,VALID,240.33884,VALID,2.4993600000000002,VALID,Online,Resolved: Operating normally
2026-07-19 09:00:00+00:00,19.325,VALID,0.0,VALID,222.003712,VALID,2.4414480000000003,VALID,Online,Resolved: Operating normally
2026-07-19 10:00:00+00:00,19.225,VALID,0.0,VALID,204.02254399999998,VALID,2.3827740000000004,VALID,Online,Resolved: Operating normally
2026-07-19 11:00:00+00:00,19.2,VALID,0.0,VALID,192.058696,VALID,2.341626,VALID,Online,Resolved: Operating normally
2026-07-19 12:00:00+00:00,19.15,VALID,0.0,VALID,182.784944,VALID,2.30886,VALID,Online,Resolved: Operating normally
2026-07-19 13:00:00+00:00,19.1,VALID,0.0,VALID,177.192376,VALID,2.2882860000000003,VALID,Online,Resolved: Operating normally
2026-07-19 14:00:00+00:00,19.1,VALID,0.0,VALID,174.360696,VALID,2.277618,VALID,Online,Resolved: Operating normally
2026-07-19 15:00:00+00:00,19.0,VALID,0.0,VALID,176.98,VALID,2.2875240000000003,VALID,Online,Resolved: Operating normally
2026-07-19 16:00:00+00:00,18.924999999999997,VALID,0.0,VALID,189.439392,VALID,2.332482,VALID,Online,Resolved: Operating normally
2026-07-19 17:00:00+00:00,18.8,VALID,0.0,VALID,202.889872,VALID,2.3789640000000003,VALID,Online,Resolved: Operating normally
2026-07-19 18:00:00+00:00,18.775,VALID,0.0,VALID,214.1458,VALID,2.416302,VALID,Online,Resolved: Operating normally
2026-07-19 19:00:00+00:00,18.775,VALID,0.0,VALID,220.800248,VALID,2.437638,VALID,Online,Resolved: Operating normally
2026-07-19 20:00:00+00:00,18.85,VALID,0.0,VALID,224.48143199999998,VALID,2.44983,VALID,Online,Resolved: Operating normally
2026-07-19 21:00:00+00:00,19.1,VALID,0.0,VALID,226.322024,VALID,2.4559260000000003,VALID,Online,Resolved: Operating normally
2026-07-19 22:00:00+00:00,19.4,VALID,0.0,VALID,227.667072,VALID,2.4597360000000004,VALID,Online,Resolved: Operating normally
2026-07-19 23:00:00+00:00,19.65,VALID,0.0,VALID,227.59627999999998,VALID,2.4597360000000004,VALID,Online,Resolved: Operating normally
2026-07-20 00:00:00+00:00,19.825,VALID,0.0,VALID,227.59628,VALID,2.4597360000000004,VALID,Online,Resolved: Operating normally
2026-07-20 01:00:00+00:00,19.9,VALID,11.43,VALID,240.763592,VALID,2.500122,VALID,Online,Resolved: Operating normally
2026-07-20 02:00:00+00:00,19.9,VALID,9.906,VALID,266.17792,VALID,2.5763220000000002,VALID,Online,Resolved: Operating normally
2026-07-20 03:00:00+00:00,19.9,VALID,0.0,VALID,255.771496,VALID,2.545842,VALID,Online,Resolved: Operating normally
2026-07-20 04:00:00+00:00,19.8,VALID,0.0,VALID,254.49723999999998,VALID,2.5420320000000003,VALID,Online,Resolved: Operating normally
2026-07-20 05:00:00+00:00,19.8,VALID,0.0,VALID,254.284864,VALID,2.5412700000000004,VALID,Online,Resolved: Operating normally
2026-07-20 06:00:00+00:00,19.875,VALID,0.0,VALID,257.399712,VALID,2.550414,VALID,Online,Resolved: Operating normally
2026-07-20 07:00:00+00:00,19.9,VALID,0.0,VALID,253.15219199999999,VALID,2.538222,VALID,Online,Resolved: Operating normally
2026-07-20 08:00:00+00:00,19.85,VALID,0.0,VALID,240.33884,VALID,2.4993600000000002,VALID,Online,Resolved: Operating normally
2026-07-20 09:00:00+00:00,19.75,VALID,0.0,VALID,221.720544,VALID,2.440686,VALID,Online,Resolved: Operating normally
2026-07-20 10:00:00+00:00,19.575000000000003,VALID,0.0,VALID,203.243832,VALID,2.3797260000000002,VALID,Online,Resolved: Operating normally
2026-07-20 11:00:00+00:00,19.375,VALID,0.0,VALID,189.439392,VALID,2.332482,VALID,Online,Resolved: Operating normally
2026-07-20 12:00:00+00:00,19.15,VALID,0.0,VALID,181.085936,VALID,2.302764,VALID,Online,Resolved: Operating normally
2026-07-20 13:00:00+00:00,18.925,VALID,0.0,VALID,176.059704,VALID,2.2837140000000002,VALID,Online,Resolved: Operating normally
2026-07-20 14:00:00+00:00,18.7,VALID,0.254,VALID,178.04188,VALID,2.291334,VALID,Online,Resolved: Operating normally
2026-07-20 15:00:00+00:00,18.475,VALID,0.0,VALID,192.483448,VALID,2.34315,VALID,Online,Resolved: Operating normally
2026-07-20 16:00:00+00:00,18.325,VALID,0.0,VALID,209.685904,VALID,2.4018240000000004,VALID,Online,Resolved: Operating normally
2026-07-20 17:00:00+00:00,18.3,VALID,0.0,VALID,220.30470400000002,VALID,2.436114,VALID,Online,Resolved: Operating normally
2026-07-20 18:00:00+00:00,18.424999999999997,VALID,0.0,VALID,224.7646,VALID,2.450592,VALID,Online,Resolved: Operating normally
2026-07-20 19:00:00+00:00,18.675,VALID,0.0,VALID,226.817568,VALID,2.45745,VALID,Online,Resolved: Operating normally
2026-07-20 20:00:00+00:00,19.0,VALID,0.0,VALID,228.30419999999998,VALID,2.462022,VALID,Online,Resolved: Operating normally
2026-07-20 21:00:00+00:00,19.325,VALID,0.0,VALID,227.879448,VALID,2.4604980000000003,VALID,Online,Resolved: Operating normally
2026-07-20 22:00:00+00:00,19.475,VALID,0.0,VALID,228.30419999999998,VALID,2.462022,VALID,Online,Resolved: Operating normally
2026-07-20 23:00:00+00:00,19.6,VALID,0.0,VALID,227.879448,VALID,2.4604980000000003,VALID,Online,Resolved: Operating normally
2026-07-21 00:00:00+00:00,19.7,VALID,0.0,VALID,228.09182399999997,VALID,2.4612600000000002,VALID,Online,Resolved: Operating normally
2026-07-21 01:00:00+00:00,19.7,VALID,0.0,VALID,231.206672,VALID,2.471166,VALID,Online,Resolved: Operating normally
2026-07-21 02:00:00+00:00,19.7,VALID,0.0,VALID,238.63983199999998,VALID,2.494026,VALID,Online,Resolved: Operating normally
2026-07-21 03:00:00+00:00,19.7,VALID,0.0,VALID,246.143784,VALID,2.516886,VALID,Online,Resolved: Operating normally
2026-07-21 04:00:00+00:00,19.7,VALID,0.0,VALID,250.67447199999998,VALID,2.530602,VALID,Online,Resolved: Operating normally
2026-07-21 05:00:00+00:00,19.775,VALID,0.0,VALID,254.214072,VALID,2.54127,VALID,Online,Resolved: Operating normally
2026-07-21 06:00:00+00:00,19.8,VALID,0.0,VALID,254.426448,VALID,2.5420320000000003,VALID,Online,Resolved: Operating normally
2026-07-21 07:00:00+00:00,19.775,VALID,0.0,VALID,247.630416,VALID,2.521458,VALID,Online,Resolved: Operating normally
2026-07-21 08:00:00+00:00,19.65,VALID,0.254,VALID,238.63983199999998,VALID,2.494026,VALID,Online,Resolved: Operating normally
2026-07-21 09:00:00+00:00,19.55,VALID,8.128,VALID,226.95915200000002,VALID,2.45745,VALID,Online,Resolved: Operating normally
2026-07-21 10:00:00+00:00,19.375,VALID,1.778,VALID,211.17253599999998,VALID,2.406396,VALID,Online,Resolved: Operating normally
2026-07-21 11:00:00+00:00,19.25,VALID,0.0,VALID,197.792848,VALID,2.361438,VALID,Online,Resolved: Operating normally
2026-07-21 12:00:00+00:00,19.15,VALID,0.0,VALID,188.519096,VALID,2.329434,VALID,Online,Resolved: Operating normally
2026-07-21 13:00:00+00:00,19.075000000000003,VALID,0.0,VALID,181.93544,VALID,2.305812,VALID,Online,Resolved: Operating normally
2026-07-21 14:00:00+00:00,19.0,VALID,0.0,VALID,181.93544,VALID,2.305812,VALID,Online,Resolved: Operating normally
2026-07-21 15:00:00+00:00,19.0,VALID,0.0,VALID,195.173544,VALID,2.3522940000000006,VALID,Online,Resolved: Operating normally
2026-07-21 16:00:00+00:00,19.0,VALID,0.0,VALID,211.66807999999997,VALID,2.4079200000000003,VALID,Online,Resolved: Operating normally
2026-07-21 17:00:00+00:00,19.0,VALID,0.0,VALID,220.729456,VALID,2.437638,VALID,Online,Resolved: Operating normally
2026-07-21 18:00:00+00:00,19.125,VALID,0.0,VALID,224.976976,VALID,2.4513540000000003,VALID,Online,Resolved: Operating normally
2026-07-21 19:00:00+00:00,19.225,VALID,0.0,VALID,227.10073599999998,VALID,2.4582120000000005,VALID,Online,Resolved: Operating normally
2026-07-21 20:00:00+00:00,19.35,VALID,0.0,VALID,227.383904,VALID,2.4589740000000004,VALID,Online,Resolved: Operating normally
2026-07-21 21:00:00+00:00,19.475,VALID,0.0,VALID,227.667072,VALID,2.4597360000000004,VALID,Online,Resolved: Operating normally
2026-07-21 22:00:00+00:00,19.625,VALID,0.0,VALID,227.879448,VALID,2.4604980000000003,VALID,Online,Resolved: Operating normally
2026-07-21 23:00:00+00:00,19.725,VALID,0.0,VALID,227.879448,VALID,2.4604980000000003,VALID,Online,Resolved: Operating normally
2026-07-22 00:00:00+00:00,19.8,VALID,0.0,VALID,228.516576,VALID,2.462784,VALID,Online,Resolved: Operating normally
2026-07-22 01:00:00+00:00,19.775,VALID,0.0,VALID,229.295288,VALID,2.46507,VALID,Online,Resolved: Operating normally
2026-07-22 02:00:00+00:00,19.675,VALID,0.0,VALID,236.37448799999999,VALID,2.487168,VALID,Online,Resolved: Operating normally
2026-07-22 03:00:00+00:00,19.525,VALID,0.0,VALID,245.860616,VALID,2.516124,VALID,Online,Resolved: Operating normally
2026-07-22 04:00:00+00:00,19.3,VALID,0.0,VALID,250.391304,VALID,2.52984,VALID,Online,Resolved: Operating normally
2026-07-22 05:00:00+00:00,19.2,VALID,0.0,VALID,254.49723999999998,VALID,2.5420320000000003,VALID,Online,Resolved: Operating normally
2026-07-22 06:00:00+00:00,19.25,VALID,0.0,VALID,256.550208,VALID,2.548128,VALID,Online,Resolved: Operating normally
2026-07-22 07:00:00+00:00,19.45,VALID,0.0,VALID,254.00169599999998,VALID,2.5405080000000004,VALID,Online,Resolved: Operating normally
2026-07-22 08:00:00+00:00,19.575000000000003,VALID,0.0,VALID,240.90517599999998,VALID,2.500884,VALID,Online,Resolved: Operating normally
2026-07-22 09:00:00+00:00,19.6,VALID,0.0,VALID,221.15420799999998,VALID,2.439162,VALID,Online,Resolved: Operating normally
2026-07-22 10:00:00+00:00,19.5,VALID,0.0,VALID,203.17304,VALID,2.3797260000000002,VALID,Online,Resolved: Operating normally
2026-07-22 11:00:00+00:00,19.375,VALID,0.0,VALID,190.572064,VALID,2.3362920000000003,VALID,Online,Resolved: Operating normally
2026-07-22 12:00:00+00:00,19.225,VALID,0.0,VALID,182.14781599999998,VALID,2.3065740000000003,VALID,Online,Resolved: Operating normally
2026-07-22 13:00:00+00:00,19.05,VALID,0.0,VALID,176.62604,VALID,2.286,VALID,Online,Resolved: Operating normally
2026-07-22 14:00:00+00:00,18.924999999999997,VALID,0.0,VALID,179.03296799999998,VALID,2.295144,VALID,Online,Resolved: Operating normally
2026-07-22 15:00:00+00:00,18.8,VALID,0.0,VALID,192.766616,VALID,2.343912,VALID,Online,Resolved: Operating normally
2026-07-22 16:00:00+00:00,18.65,VALID,0.0,VALID,210.393824,VALID,2.40411,VALID,Online,Resolved: Operating normally
2026-07-22 17:00:00+00:00,18.7,VALID,0.0,VALID,220.44628799999998,VALID,2.4368760000000003,VALID,Online,Resolved: Operating normally
2026-07-22 18:00:00+00:00,18.95,VALID,0.0,VALID,224.7646,VALID,2.4505920000000003,VALID,Online,Resolved: Operating normally
2026-07-22 19:00:00+00:00,19.275,VALID,0.0,VALID,226.88836,VALID,2.4574500000000006,VALID,Online,Resolved: Operating normally
2026-07-22 20:00:00+00:00,19.525,VALID,0.0,VALID,227.879448,VALID,2.4604980000000003,VALID,Online,Resolved: Operating normally
2026-07-22 21:00:00+00:00,19.7,VALID,0.0,VALID,228.30419999999998,VALID,2.462022,VALID,Online,Resolved: Operating normally
2026-07-22 22:00:00+00:00,19.7,VALID,0.0,VALID,227.879448,VALID,2.4604980000000003,VALID,Online,Resolved: Operating normally
2026-07-22 23:00:00+00:00,19.575000000000003,VALID,0.0,VALID,228.30419999999998,VALID,2.462022,VALID,Online,Resolved: Operating normally
2026-07-23 00:00:00+00:00,19.325,VALID,0.0,VALID,227.10073599999998,VALID,2.458212,VALID,Online,Resolved: Operating normally
2026-07-23 01:00:00+00:00,19.2,VALID,0.0,VALID,230.21558399999998,VALID,2.468118,VALID,Online,Resolved: Operating normally
2026-07-23 02:00:00+00:00,19.2,VALID,0.0,VALID,239.135376,VALID,2.49555,VALID,Online,Resolved: Operating normally
2026-07-23 03:00:00+00:00,19.3,VALID,0.0,VALID,245.789824,VALID,2.516124,VALID,Online,Resolved: Operating normally
2026-07-23 04:00:00+00:00,19.525,VALID,0.0,VALID,251.099224,VALID,2.5321260000000003,VALID,Online,Resolved: Operating normally
2026-07-23 05:00:00+00:00,19.75,VALID,0.0,VALID,253.43536,VALID,2.538984,VALID,Online,Resolved: Operating normally
2026-07-23 06:00:00+00:00,19.9,VALID,0.0,VALID,254.99278399999997,VALID,2.543556,VALID,Online,Resolved: Operating normally
2026-07-23 07:00:00+00:00,19.85,VALID,0.0,VALID,252.161104,VALID,2.535174,VALID,Online,Resolved: Operating normally
2026-07-23 08:00:00+00:00,19.7,VALID,0.0,VALID,240.126464,VALID,2.4985980000000003,VALID,Online,Resolved: Operating normally
2026-07-23 09:00:00+00:00,19.525,VALID,0.0,VALID,221.012624,VALID,2.4384,VALID,Online,Resolved: Operating normally
2026-07-23 10:00:00+00:00,19.475,VALID,0.0,VALID,203.88096,VALID,2.382012,VALID,Online,Resolved: Operating normally
2026-07-23 11:00:00+00:00,19.4,VALID,0.0,VALID,191.209192,VALID,2.338578,VALID,Online,Resolved: Operating normally
2026-07-23 12:00:00+00:00,19.5,VALID,0.0,VALID,182.36019199999998,VALID,2.3073360000000003,VALID,Online,Resolved: Operating normally
2026-07-23 13:00:00+00:00,19.5,VALID,0.0,VALID,177.192376,VALID,2.2882860000000003,VALID,Online,Resolved: Operating normally
2026-07-23 14:00:00+00:00,19.424999999999997,VALID,0.0,VALID,179.59930400000002,VALID,2.2974300000000003,VALID,Online,Resolved: Operating normally
2026-07-23 15:00:00+00:00,19.4,VALID,0.0,VALID,192.483448,VALID,2.34315,VALID,Online,Resolved: Operating normally
2026-07-23 16:00:00+00:00,19.325,VALID,0.0,VALID,209.473528,VALID,2.401062,VALID,Online,Resolved: Operating normally
2026-07-23 17:00:00+00:00,19.225,VALID,0.0,VALID,219.10124,VALID,2.4323040000000002,VALID,Online,Resolved: Operating normally
2026-07-23 18:00:00+00:00,19.2,VALID,0.0,VALID,224.48143199999998,VALID,2.44983,VALID,Online,Resolved: Operating normally
2026-07-23 19:00:00+00:00,19.325,VALID,0.0,VALID,226.109648,VALID,2.4551640000000003,VALID,Online,Resolved: Operating normally
2026-07-23 20:00:00+00:00,19.45,VALID,0.0,VALID,225.89727200000002,VALID,2.4544020000000004,VALID,Online,Resolved: Operating normally
2026-07-23 21:00:00+00:00,19.675,VALID,0.0,VALID,226.605192,VALID,2.456688,VALID,Online,Resolved: Operating normally
2026-07-23 22:00:00+00:00,19.85,VALID,0.0,VALID,227.383904,VALID,2.4589740000000004,VALID,Online,Resolved: Operating normally
2026-07-23 23:00:00+00:00,20.05,VALID,0.0,VALID,226.5344,VALID,2.456688,VALID,Online,Resolved: Operating normally
2026-07-24 00:00:00+00:00,20.1,VALID,0.0,VALID,226.675984,VALID,2.456688,VALID,Online,Resolved: Operating normally
2026-07-24 01:00:00+00:00,20.1,VALID,0.0,VALID,231.277464,VALID,2.471166,VALID,Online,Resolved: Operating normally
2026-07-24 02:00:00+00:00,20.0,VALID,0.0,VALID,238.07349599999998,VALID,2.492502,VALID,Online,Resolved: Operating normally
2026-07-24 03:00:00+00:00,19.924999999999997,VALID,0.0,VALID,245.365072,VALID,2.5146,VALID,Online,Resolved: Operating normally
2026-07-24 04:00:00+00:00,19.9,VALID,0.0,VALID,250.108136,VALID,2.529078,VALID,Online,Resolved: Operating normally
2026-07-24 05:00:00+00:00,19.9,VALID,0.0,VALID,253.43536,VALID,2.538984,VALID,Online,Resolved: Operating normally
2026-07-24 06:00:00+00:00,19.875,VALID,0.0,VALID,255.70070399999997,VALID,2.545842,VALID,Online,Resolved: Operating normally
2026-07-24 07:00:00+00:00,19.775,VALID,0.0,VALID,252.72744,VALID,2.5366980000000003,VALID,Online,Resolved: Operating normally
2026-07-24 08:00:00+00:00,19.6,VALID,0.0,VALID,240.126464,VALID,2.4985980000000003,VALID,Online,Resolved: Operating normally
2026-07-24 09:00:00+00:00,19.424999999999997,VALID,0.0,VALID,220.51708,VALID,2.4368760000000003,VALID,Online,Resolved: Operating normally
2026-07-24 10:00:00+00:00,19.25,VALID,0.0,VALID,203.66858399999998,VALID,2.38125,VALID,Online,Resolved: Operating normally
2026-07-24 11:00:00+00:00,19.05,VALID,0.0,VALID,190.07652000000002,VALID,2.3347680000000004,VALID,Online,Resolved: Operating normally
2026-07-24 12:00:00+00:00,18.95,VALID,0.0,VALID,181.085936,VALID,2.3027640000000003,VALID,Online,Resolved: Operating normally
2026-07-24 13:00:00+00:00,18.85,VALID,0.0,VALID,176.62604,VALID,2.286,VALID,Online,Resolved: Operating normally
2026-07-24 14:00:00+00:00,18.8,VALID,0.0,VALID,178.608216,VALID,2.29362,VALID,Online,Resolved: Operating normally
2026-07-24 15:00:00+00:00,18.85,VALID,0.0,VALID,192.058696,VALID,2.341626,VALID,Online,Resolved: Operating normally
2026-07-24 16:00:00+00:00,18.9,VALID,0.0,VALID,208.8364,VALID,2.398776,VALID,Online,Resolved: Operating normally
2026-07-24 17:00:00+00:00,18.975,VALID,0.0,VALID,219.596784,VALID,2.433828,VALID,Online,Resolved: Operating normally
2026-07-24 18:00:00+00:00,19.075000000000003,VALID,0.0,VALID,224.05668,VALID,2.4483059999999996,VALID,Online,Resolved: Operating normally
2026-07-24 19:00:00+00:00,19.225,VALID,0.0,VALID,226.322024,VALID,2.4559260000000003,VALID,Online,Resolved: Operating normally
2026-07-24 20:00:00+00:00,19.45,VALID,0.0,VALID,226.88836,VALID,2.4574500000000006,VALID,Online,Resolved: Operating normally
2026-07-24 21:00:00+00:00,19.675,VALID,0.0,VALID,227.383904,VALID,2.4589740000000004,VALID,Online,Resolved: Operating normally
2026-07-24 22:00:00+00:00,19.95,VALID,0.0,VALID,227.383904,VALID,2.4589740000000004,VALID,Online,Resolved: Operating normally
2026-07-24 23:00:00+00:00,20.15,VALID,0.0,VALID,226.817568,VALID,2.45745,VALID,Online,Resolved: Operating normally
2026-07-25 00:00:00+00:00,20.275,VALID,0.0,VALID,227.313112,VALID,2.4589740000000004,VALID,Online,Resolved: Operating normally
2026-07-25 01:00:00+00:00,20.325,VALID,0.0,VALID,229.295288,VALID,2.4650700000000003,VALID,Online,Resolved: Operating normally
2026-07-25 02:00:00+00:00,20.35,VALID,0.0,VALID,238.07349599999998,VALID,2.492502,VALID,Online,Resolved: Operating normally
2026-07-25 03:00:00+00:00,20.3,VALID,0.0,VALID,245.789824,VALID,2.516124,VALID,Online,Resolved: Operating normally
2026-07-25 04:00:00+00:00,20.3,VALID,0.0,VALID,250.108136,VALID,2.529078,VALID,Online,Resolved: Operating normally
2026-07-25 05:00:00+00:00,20.4,VALID,0.0,VALID,252.939816,VALID,2.5374600000000003,VALID,Online,Resolved: Operating normally
2026-07-25 06:00:00+00:00,20.4,VALID,0.0,VALID,255.20515999999998,VALID,2.544318,VALID,Online,Resolved: Operating normally
2026-07-25 07:00:00+00:00,20.375,VALID,0.0,VALID,251.948728,VALID,2.534412,VALID,Online,Resolved: Operating normally
2026-07-25 08:00:00+00:00,20.225,VALID,0.0,VALID,239.347752,VALID,2.496312,VALID,Online,Resolved: Operating normally
2026-07-25 09:00:00+00:00,20.0,VALID,0.0,VALID,221.225,VALID,2.439162,VALID,Online,Resolved: Operating normally
2026-07-25 10:00:00+00:00,19.725,VALID,0.0,VALID,203.456208,VALID,2.380488,VALID,Online,Resolved: Operating normally
2026-07-25 11:00:00+00:00,19.55,VALID,0.0,VALID,189.864144,VALID,2.334006,VALID,Online,Resolved: Operating normally
2026-07-25 12:00:00+00:00,19.375,VALID,0.0,VALID,181.510688,VALID,2.304288,VALID,Online,Resolved: Operating normally
2026-07-25 13:00:00+00:00,19.3,VALID,0.0,VALID,175.988912,VALID,2.2837140000000002,VALID,Online,Resolved: Operating normally
2026-07-25 14:00:00+00:00,19.25,VALID,0.0,VALID,173.723568,VALID,2.275332,VALID,Online,Resolved: Operating normally
2026-07-25 15:00:00+00:00,19.3,VALID,0.0,VALID,176.41366399999998,VALID,2.285238,VALID,Online,Resolved: Operating normally
2026-07-25 16:00:00+00:00,19.3,VALID,0.0,VALID,188.377512,VALID,2.328672,VALID,Online,Resolved: Operating normally
2026-07-25 17:00:00+00:00,19.35,VALID,0.0,VALID,202.252744,VALID,2.376678,VALID,Online,Resolved: Operating normally
2026-07-25 18:00:00+00:00,19.45,VALID,0.0,VALID,213.013128,VALID,2.4124920000000003,VALID,Online,Resolved: Operating normally
2026-07-25 19:00:00+00:00,19.65,VALID,0.0,VALID,219.10124,VALID,2.4323040000000002,VALID,Online,Resolved: Operating normally
2026-07-25 20:00:00+00:00,19.875,VALID,0.0,VALID,223.065592,VALID,2.445258,VALID,Online,Resolved: Operating normally
2026-07-25 21:00:00+00:00,20.125,VALID,0.0,VALID,225.047768,VALID,2.4513540000000003,VALID,Online,Resolved: Operating normally
2026-07-25 22:00:00+00:00,20.4,VALID,0.0,VALID,225.89727200000002,VALID,2.4544020000000004,VALID,Online,Resolved: Operating normally
2026-07-25 23:00:00+00:00,20.6,VALID,0.0,VALID,226.817568,VALID,2.45745,VALID,Online,Resolved: Operating normally
2026-07-26 00:00:00+00:00,20.725,VALID,0.0,VALID,227.383904,VALID,2.4589740000000004,VALID,Online,Resolved: Operating normally
2026-07-26 01:00:00+00:00,20.8,VALID,0.0,VALID,227.10073599999998,VALID,2.4582120000000005,VALID,Online,Resolved: Operating normally
2026-07-26 02:00:00+00:00,20.775,VALID,0.0,VALID,230.21558399999998,VALID,2.468118,VALID,Online,Resolved: Operating normally
2026-07-26 03:00:00+00:00,20.7,VALID,0.0,VALID,237.1532,VALID,2.4894540000000003,VALID,Online,Resolved: Operating normally
2026-07-26 04:00:00+00:00,20.625,VALID,0.0,VALID,243.807648,VALID,2.510028,VALID,Online,Resolved: Operating normally
2026-07-26 05:00:00+00:00,20.7,VALID,0.0,VALID,249.683384,VALID,2.527554,VALID,Online,Resolved: Operating normally
2026-07-26 06:00:00+00:00,20.7,VALID,0.0,VALID,252.869024,VALID,2.5374600000000003,VALID,Online,Resolved: Operating normally
2026-07-26 07:00:00+00:00,20.7,VALID,0.0,VALID,250.60368,VALID,2.530602,VALID,Online,Resolved: Operating normally
2026-07-26 08:00:00+00:00,20.55,VALID,0.0,VALID,238.427456,VALID,2.493264,VALID,Online,Resolved: Operating normally
2026-07-26 09:00:00+00:00,20.325,VALID,0.0,VALID,221.012624,VALID,2.4384,VALID,Online,Resolved: Operating normally
2026-07-26 10:00:00+00:00,20.075,VALID,0.0,VALID,203.66858399999998,VALID,2.38125,VALID,Online,Resolved: Operating normally
2026-07-26 11:00:00+00:00,19.8,VALID,0.0,VALID,190.07652,VALID,2.3347680000000004,VALID,Online,Resolved: Operating normally
2026-07-26 12:00:00+00:00,19.625,VALID,0.0,VALID,181.298312,VALID,2.303526,VALID,Online,Resolved: Operating normally
2026-07-26 13:00:00+00:00,19.5,VALID,0.0,VALID,176.413664,VALID,2.285238,VALID,Online,Resolved: Operating normally
2026-07-26 14:00:00+00:00,19.5,VALID,0.0,VALID,173.511192,VALID,2.27457,VALID,Online,Resolved: Operating normally
2026-07-26 15:00:00+00:00,19.525,VALID,0.0,VALID,177.404752,VALID,2.289048,VALID,Online,Resolved: Operating normally
2026-07-26 16:00:00+00:00,19.6,VALID,0.0,VALID,189.227016,VALID,2.3317200000000002,VALID,Online,Resolved: Operating normally
2026-07-26 17:00:00+00:00,19.7,VALID,0.0,VALID,202.535912,VALID,2.37744,VALID,Online,Resolved: Operating normally
2026-07-26 18:00:00+00:00,19.8,VALID,0.0,VALID,213.013128,VALID,2.4124920000000003,VALID,Online,Resolved: Operating normally
2026-07-26 19:00:00+00:00,19.9,VALID,0.0,VALID,219.313616,VALID,2.433066,VALID,Online,Resolved: Operating normally
2026-07-26 20:00:00+00:00,20.0,VALID,0.0,VALID,222.357672,VALID,2.442972,VALID,Online,Resolved: Operating normally
2026-07-26 21:00:00+00:00,20.025,VALID,0.0,VALID,224.05668,VALID,2.4483059999999996,VALID,Online,Resolved: Operating normally
2026-07-26 22:00:00+00:00,20.175,VALID,0.0,VALID,225.684896,VALID,2.45364,VALID,Online,Resolved: Operating normally
2026-07-26 23:00:00+00:00,20.25,VALID,0.0,VALID,223.77351199999998,VALID,2.4475439999999997,VALID,Online,Resolved: Operating normally
2026-07-27 00:00:00+00:00,20.35,VALID,0.0,VALID,227.313112,VALID,2.4589740000000004,VALID,Online,Resolved: Operating normally
2026-07-27 01:00:00+00:00,20.4,VALID,0.0,VALID,227.59627999999998,VALID,2.4597360000000004,VALID,Online,Resolved: Operating normally
2026-07-27 02:00:00+00:00,20.4,VALID,0.0,VALID,230.994296,VALID,2.4704040000000003,VALID,Online,Resolved: Operating normally
2026-07-27 03:00:00+00:00,20.35,VALID,0.0,VALID,237.86112,VALID,2.49174,VALID,Online,Resolved: Operating normally
2026-07-27 04:00:00+00:00,20.3,VALID,0.0,VALID,245.081904,VALID,2.5138380000000002,VALID,Online,Resolved: Operating normally
2026-07-27 05:00:00+00:00,20.3,VALID,0.0,VALID,250.108136,VALID,2.529078,VALID,Online,Resolved: Operating normally
2026-07-27 06:00:00+00:00,20.3,VALID,0.0,VALID,252.58585599999998,VALID,2.5366980000000003,VALID,Online,Resolved: Operating normally
2026-07-27 07:00:00+00:00,20.25,VALID,0.0,VALID,251.099224,VALID,2.5321260000000003,VALID,Online,Resolved: Operating normally
2026-07-27 08:00:00+00:00,20.15,VALID,0.0,VALID,239.63092,VALID,2.497074,VALID,Online,Resolved: Operating normally
2026-07-27 09:00:00+00:00,20.025,VALID,0.0,VALID,221.437376,VALID,2.439924,VALID,Online,Resolved: Operating normally
2026-07-27 10:00:00+00:00,19.875,VALID,0.0,VALID,203.88096,VALID,2.382012,VALID,Online,Resolved: Operating normally
2026-07-27 11:00:00+00:00,19.75,VALID,0.0,VALID,190.996816,VALID,2.337816,VALID,Online,Resolved: Operating normally
2026-07-27 12:00:00+00:00,19.625,VALID,0.0,VALID,182.572568,VALID,2.308098,VALID,Online,Resolved: Operating normally
2026-07-27 13:00:00+00:00,19.45,VALID,0.0,VALID,177.900296,VALID,2.291334,VALID,Online,Resolved: Operating normally
2026-07-27 14:00:00+00:00,19.3,VALID,0.0,VALID,179.386928,VALID,2.2966680000000004,VALID,Online,Resolved: Operating normally
2026-07-27 15:00:00+00:00,19.15,VALID,0.0,VALID,193.191368,VALID,2.345436,VALID,Online,Resolved: Operating normally
2026-07-27 16:00:00+00:00,19.025,VALID,0.0,VALID,209.89828,VALID,2.4025860000000003,VALID,Online,Resolved: Operating normally
2026-07-27 17:00:00+00:00,19.05,VALID,0.0,VALID,220.51708,VALID,2.436876,VALID,Online,Resolved: Operating normally
2026-07-27 18:00:00+00:00,19.175,VALID,0.0,VALID,225.260144,VALID,2.452116,VALID,Online,Resolved: Operating normally
2026-07-27 19:00:00+00:00,19.4,VALID,0.0,VALID,226.88836,VALID,2.4574500000000006,VALID,Online,Resolved: Operating normally
2026-07-27 20:00:00+00:00,19.65,VALID,0.0,VALID,228.30419999999998,VALID,2.462022,VALID,Online,Resolved: Operating normally
2026-07-27 21:00:00+00:00,19.925,VALID,0.0,VALID,228.516576,VALID,2.462784,VALID,Online,Resolved: Operating normally
2026-07-27 22:00:00+00:00,20.2,VALID,0.0,VALID,228.516576,VALID,2.462784,VALID,Online,Resolved: Operating normally
2026-07-27 23:00:00+00:00,20.3,VALID,0.0,VALID,228.091824,VALID,2.4612600000000002,VALID,Online,Resolved: Operating normally
2026-07-28 00:00:00+00:00,20.275,VALID,0.0,VALID,228.30419999999998,VALID,2.462022,VALID,Online,Resolved: Operating normally
2026-07-28 01:00:00+00:00,20.175,VALID,0.0,VALID,232.693304,VALID,2.475738,VALID,Online,Resolved: Operating normally
2026-07-28 02:00:00+00:00,20.025,VALID,0.0,VALID,239.418544,VALID,2.496312,VALID,Online,Resolved: Operating normally
2026-07-28 03:00:00+00:00,19.9,VALID,0.0,VALID,245.789824,VALID,2.516124,VALID,Online,Resolved: Operating normally
2026-07-28 04:00:00+00:00,19.924999999999997,VALID,0.0,VALID,250.886848,VALID,2.5313640000000004,VALID,Online,Resolved: Operating normally
2026-07-28 05:00:00+00:00,20.05,VALID,0.0,VALID,253.718528,VALID,2.539746,VALID,Online,Resolved: Operating normally
2026-07-28 06:00:00+00:00,20.175,VALID,0.0,VALID,256.26704,VALID,2.5473660000000002,VALID,Online,Resolved: Operating normally
2026-07-28 07:00:00+00:00,20.275,VALID,0.0,VALID,254.00169599999998,VALID,2.540508,VALID,Online,Resolved: Operating normally
2026-07-28 08:00:00+00:00,20.15,VALID,0.0,VALID,242.10863999999998,VALID,2.5046939999999998,VALID,Online,Resolved: Operating normally
2026-07-28 09:00:00+00:00,19.925,VALID,0.0,VALID,222.64084,VALID,2.443734,VALID,Online,Resolved: Operating normally
2026-07-28 10:00:00+00:00,19.7,VALID,0.0,VALID,204.73046399999998,VALID,2.38506,VALID,Online,Resolved: Operating normally
2026-07-28 11:00:00+00:00,19.5,VALID,0.0,VALID,191.63394399999999,VALID,2.340102,VALID,Online,Resolved: Operating normally
2026-07-28 12:00:00+00:00,19.35,VALID,0.0,VALID,183.422072,VALID,2.311146,VALID,Online,Resolved: Operating normally
2026-07-28 13:00:00+00:00,19.3,VALID,0.0,VALID,177.546336,VALID,2.28981,VALID,Online,Resolved: Operating normally
2026-07-28 14:00:00+00:00,19.25,VALID,0.0,VALID,179.245344,VALID,2.295906,VALID,Online,Resolved: Operating normally
2026-07-28 15:00:00+00:00,19.3,VALID,0.0,VALID,193.191368,VALID,2.3454360000000003,VALID,Online,Resolved: Operating normally
2026-07-28 16:00:00+00:00,19.3,VALID,0.0,VALID,209.89828,VALID,2.4025860000000003,VALID,Online,Resolved: Operating normally
2026-07-28 17:00:00+00:00,19.375,VALID,0.0,VALID,220.51708,VALID,2.436876,VALID,Online,Resolved: Operating normally
2026-07-28 18:00:00+00:00,19.424999999999997,VALID,0.0,VALID,225.401728,VALID,2.452878,VALID,Online,Resolved: Operating normally
2026-07-28 19:00:00+00:00,19.5,VALID,0.0,VALID,226.817568,VALID,2.45745,VALID,Online,Resolved: Operating normally
2026-07-28 20:00:00+00:00,19.6,VALID,0.0,VALID,227.667072,VALID,2.4597360000000004,VALID,Online,Resolved: Operating normally
2026-07-28 21:00:00+00:00,19.675,VALID,0.0,VALID,226.959152,VALID,2.45745,VALID,Online,Resolved: Operating normally
2026-07-28 22:00:00+00:00,19.7,VALID,0.0,VALID,225.897272,VALID,2.454402,VALID,Online,Resolved: Operating normally
2026-07-28 23:00:00+00:00,19.8,VALID,0.0,VALID,226.817568,VALID,2.45745,VALID,Online,Resolved: Operating normally
2026-07-29 00:00:00+00:00,19.8,VALID,0.0,VALID,228.79974399999998,VALID,2.463546,VALID,Online,Resolved: Operating normally
2026-07-29 01:00:00+00:00,19.8,VALID,0.0,VALID,232.410136,VALID,2.4749760000000003,VALID,Online,Resolved: Operating normally
2026-07-29 02:00:00+00:00,19.8,VALID,0.0,VALID,239.135376,VALID,2.49555,VALID,Online,Resolved: Operating normally
2026-07-29 03:00:00+00:00,19.825,VALID,0.0,VALID,245.789824,VALID,2.516124,VALID,Online,Resolved: Operating normally
2026-07-29 04:00:00+00:00,19.9,VALID,0.0,VALID,251.3116,VALID,2.5328880000000007,VALID,Online,Resolved: Operating normally
2026-07-29 05:00:00+00:00,19.975,VALID,0.0,VALID,254.49723999999998,VALID,2.5420320000000003,VALID,Online,Resolved: Operating normally
2026-07-29 06:00:00+00:00,19.9,VALID,0.0,VALID,254.780408,VALID,2.542794,VALID,Online,Resolved: Operating normally
2026-07-29 07:00:00+00:00,19.85,VALID,0.0,VALID,252.161104,VALID,2.5351740000000005,VALID,Online,Resolved: Operating normally
2026-07-29 08:00:00+00:00,19.75,VALID,0.0,VALID,240.126464,VALID,2.4985980000000003,VALID,Online,Resolved: Operating normally
2026-07-29 09:00:00+00:00,19.575000000000003,VALID,0.0,VALID,221.720544,VALID,2.440686,VALID,Online,Resolved: Operating normally
2026-07-29 10:00:00+00:00,19.424999999999997,VALID,0.0,VALID,204.51808799999998,VALID,2.3842980000000003,VALID,Online,Resolved: Operating normally
2026-07-29 11:00:00+00:00,19.3,VALID,0.0,VALID,191.421568,VALID,2.33934,VALID,Online,Resolved: Operating normally
2026-07-29 12:00:00+00:00,19.125,VALID,0.0,VALID,183.209696,VALID,2.310384,VALID,Online,Resolved: Operating normally
2026-07-29 13:00:00+00:00,18.95,VALID,0.0,VALID,178.537424,VALID,2.29362,VALID,Online,Resolved: Operating normally
2026-07-29 14:00:00+00:00,18.825,VALID,0.0,VALID,179.59930400000002,VALID,2.2974300000000003,VALID,Online,Resolved: Operating normally
2026-07-29 15:00:00+00:00,18.725,VALID,0.0,VALID,193.403744,VALID,2.3461980000000002,VALID,Online,Resolved: Operating normally
2026-07-29 16:00:00+00:00,18.6,VALID,0.0,VALID,209.89828,VALID,2.4025860000000003,VALID,Online,Resolved: Operating normally
2026-07-29 17:00:00+00:00,18.6,VALID,0.0,VALID,220.021536,VALID,2.435352,VALID,Online,Resolved: Operating normally
2026-07-29 18:00:00+00:00,18.675,VALID,0.0,VALID,225.18935199999999,VALID,2.452116,VALID,Online,Resolved: Operating normally
2026-07-29 19:00:00+00:00,18.825,VALID,0.0,VALID,225.401728,VALID,2.452878,VALID,Online,Resolved: Operating normally
2026-07-29 20:00:00+00:00,19.025,VALID,0.0,VALID,224.41064,VALID,2.44983,VALID,Online,Resolved: Operating normally
2026-07-29 21:00:00+00:00,19.15,VALID,3.81,VALID,225.968064,VALID,2.454402,VALID,Online,Resolved: Operating normally
2026-07-29 22:00:00+00:00,19.25,VALID,0.508,VALID,230.498752,VALID,2.46888,VALID,Online,Resolved: Operating normally
2026-07-29 23:00:00+00:00,19.3,VALID,0.0,VALID,229.578456,VALID,2.4658320000000002,VALID,Online,Resolved: Operating normally
2026-07-30 00:00:00+00:00,19.3,VALID,0.0,VALID,229.36608,VALID,2.4650700000000003,VALID,Online,Resolved: Operating normally
2026-07-30 01:00:00+00:00,19.275,VALID,0.0,VALID,231.985384,VALID,2.473452,VALID,Online,Resolved: Operating normally
2026-07-30 02:00:00+00:00,19.225,VALID,0.0,VALID,239.135376,VALID,2.49555,VALID,Online,Resolved: Operating normally
2026-07-30 03:00:00+00:00,19.325,VALID,0.0,VALID,246.072992,VALID,2.516886,VALID,Online,Resolved: Operating normally
2026-07-30 04:00:00+00:00,19.424999999999997,VALID,0.0,VALID,252.161104,VALID,2.5351740000000005,VALID,Online,Resolved: Operating normally
2026-07-30 05:00:00+00:00,19.55,VALID,0.0,VALID,254.70961599999998,VALID,2.542794,VALID,Online,Resolved: Operating normally
2026-07-30 06:00:00+00:00,19.6,VALID,0.0,VALID,255.70070399999997,VALID,2.545842,VALID,Online,Resolved: Operating normally
2026-07-30 07:00:00+00:00,19.5,VALID,0.0,VALID,253.15219199999999,VALID,2.538222,VALID,Online,Resolved: Operating normally
2026-07-30 08:00:00+00:00,19.424999999999997,VALID,0.0,VALID,241.329928,VALID,2.502408,VALID,Online,Resolved: Operating normally
2026-07-30 09:00:00+00:00,19.35,VALID,0.0,VALID,222.853216,VALID,2.444496,VALID,Online,Resolved: Operating normally
2026-07-30 10:00:00+00:00,19.225,VALID,0.0,VALID,204.94284,VALID,2.385822,VALID,Online,Resolved: Operating normally
2026-07-30 11:00:00+00:00,19.05,VALID,0.0,VALID,191.84632,VALID,2.3408640000000003,VALID,Online,Resolved: Operating normally
2026-07-30 12:00:00+00:00,18.924999999999997,VALID,0.0,VALID,183.634448,VALID,2.311908,VALID,Online,Resolved: Operating normally
2026-07-30 13:00:00+00:00,18.9,VALID,0.0,VALID,178.112672,VALID,2.292096,VALID,Online,Resolved: Operating normally
2026-07-30 14:00:00+00:00,18.9,VALID,0.0,VALID,179.81168,VALID,2.2981920000000002,VALID,Online,Resolved: Operating normally
2026-07-30 15:00:00+00:00,19.0,VALID,0.0,VALID,193.191368,VALID,2.3454360000000003,VALID,Online,Resolved: Operating normally
2026-07-30 16:00:00+00:00,19.0,VALID,0.0,VALID,210.110656,VALID,2.4033480000000003,VALID,Online,Resolved: Operating normally
2026-07-30 17:00:00+00:00,19.025,VALID,0.0,VALID,221.15420799999998,VALID,2.439162,VALID,Online,Resolved: Operating normally
2026-07-30 18:00:00+00:00,19.15,VALID,0.0,VALID,226.392816,VALID,2.4559260000000003,VALID,Online,Resolved: Operating normally
2026-07-30 19:00:00+00:00,19.375,VALID,0.0,VALID,227.879448,VALID,2.4604980000000003,VALID,Online,Resolved: Operating normally
2026-07-30 20:00:00+00:00,19.575000000000003,VALID,0.0,VALID,229.36608,VALID,2.4650700000000003,VALID,Online,Resolved: Operating normally
2026-07-30 21:00:00+00:00,19.725,VALID,0.0,VALID,229.36608,VALID,2.4650700000000003,VALID,Online,Resolved: Operating normally
2026-07-30 22:00:00+00:00,19.8,VALID,0.0,VALID,230.074,VALID,2.467356,VALID,Online,Resolved: Operating normally
2026-07-30 23:00:00+00:00,19.85,VALID,0.0,VALID,229.861624,VALID,2.466594,VALID,Online,Resolved: Operating normally
2026-07-31 00:00:00+00:00,19.95,VALID,0.0,VALID,229.36608,VALID,2.4650700000000003,VALID,Online,Resolved: Operating normally
2026-07-31 01:00:00+00:00,20.1,VALID,0.0,VALID,233.118056,VALID,2.477262,VALID,Online,Resolved: Operating normally
2026-07-31 02:00:00+00:00,20.3,VALID,0.0,VALID,239.843296,VALID,2.497836,VALID,Online,Resolved: Operating normally
2026-07-31 03:00:00+00:00,20.6,VALID,0.0,VALID,247.134872,VALID,2.519934,VALID,Online,Resolved: Operating normally
2026-07-31 04:00:00+00:00,20.775,VALID,0.0,VALID,251.877936,VALID,2.5344120000000006,VALID,Online,Resolved: Operating normally
2026-07-31 05:00:00+00:00,20.775,VALID,0.0,VALID,255.488328,VALID,2.54508,VALID,Online,Resolved: Operating normally
2026-07-31 06:00:00+00:00,20.6,VALID,0.0,VALID,256.550208,VALID,2.548128,VALID,Online,Resolved: Operating normally
2026-07-31 07:00:00+00:00,20.25,VALID,0.0,VALID,254.14328,VALID,2.5412700000000004,VALID,Online,Resolved: Operating normally
2026-07-31 08:00:00+00:00,19.925,VALID,0.0,VALID,242.10863999999998,VALID,2.5046939999999998,VALID,Online,Resolved: Operating normally
2026-07-31 09:00:00+00:00,19.725,VALID,0.0,VALID,223.561136,VALID,2.4467820000000002,VALID,Online,Resolved: Operating normally
2026-07-31 10:00:00+00:00,19.7,VALID,0.0,VALID,205.438384,VALID,2.387346,VALID,Online,Resolved: Operating normally
2026-07-31 11:00:00+00:00,19.7,VALID,0.0,VALID,192.69582400000002,VALID,2.3439120000000004,VALID,Online,Resolved: Operating normally
2026-07-31 12:00:00+00:00,19.7,VALID,0.0,VALID,184.0592,VALID,2.313432,VALID,Online,Resolved: Operating normally
2026-07-31 13:00:00+00:00,19.6,VALID,0.0,VALID,178.7498,VALID,2.294382,VALID,Online,Resolved: Operating normally
2026-07-31 14:00:00+00:00,19.6,VALID,0.0,VALID,180.024056,VALID,2.298954,VALID,Online,Resolved: Operating normally
2026-07-31 15:00:00+00:00,19.55,VALID,0.0,VALID,193.89928799999998,VALID,2.347722,VALID,Online,Resolved: Operating normally
2026-07-31 16:00:00+00:00,19.5,VALID,0.0,VALID,210.393824,VALID,2.40411,VALID,Online,Resolved: Operating normally
2026-07-31 17:00:00+00:00,19.4,VALID,0.0,VALID,220.941832,VALID,2.4384,VALID,Online,Resolved: Operating normally
2026-07-31 18:00:00+00:00,19.4,VALID,0.0,VALID,226.18044,VALID,2.4551640000000003,VALID,Online,Resolved: Operating normally
2026-07-31 19:00:00+00:00,19.45,VALID,0.0,VALID,227.80865599999998,VALID,2.4604980000000003,VALID,Online,Resolved: Operating normally
2026-07-31 20:00:00+00:00,19.575000000000003,VALID,0.0,VALID,228.516576,VALID,2.462784,VALID,Online,Resolved: Operating normally
2026-07-31 21:00:00+00:00,19.8,VALID,0.0,VALID,229.649248,VALID,2.4658320000000002,VALID,Online,Resolved: Operating normally
2026-07-31 22:00:00+00:00,20.1,VALID,0.0,VALID,228.516576,VALID,2.462784,VALID,Online,Resolved: Operating normally
2026-07-31 23:00:00+00:00,20.3,VALID,0.0,VALID,229.082912,VALID,2.464308,VALID,Online,Resolved: Operating normally
2026-08-01 00:00:00+00:00,20.45,VALID,0.0,VALID,229.36608,VALID,2.4650700000000003,VALID,Online,Resolved: Operating normally
2026-08-01 01:00:00+00:00,20.5,VALID,0.0,VALID,231.914592,VALID,2.473452,VALID,Online,Resolved: Operating normally
2026-08-01 02:00:00+00:00,20.45,VALID,0.0,VALID,239.843296,VALID,2.4978360000000004,VALID,Online,Resolved: Operating normally
2026-08-01 03:00:00+00:00,20.4,VALID,0.0,VALID,247.134872,VALID,2.519934,VALID,Online,Resolved: Operating normally
2026-08-01 04:00:00+00:00,20.424999999999997,VALID,0.0,VALID,252.161104,VALID,2.5351740000000005,VALID,Online,Resolved: Operating normally
2026-08-01 05:00:00+00:00,20.5,VALID,0.0,VALID,254.214072,VALID,2.54127,VALID,Online,Resolved: Operating normally
2026-08-01 06:00:00+00:00,20.5,VALID,0.0,VALID,256.337832,VALID,2.5473660000000002,VALID,Online,Resolved: Operating normally
2026-08-01 07:00:00+00:00,20.475,VALID,0.0,VALID,253.930904,VALID,2.540508,VALID,Online,Resolved: Operating normally
2026-08-01 08:00:00+00:00,20.35,VALID,0.0,VALID,242.321016,VALID,2.505456,VALID,Online,Resolved: Operating normally
2026-08-01 09:00:00+00:00,20.15,VALID,0.0,VALID,223.419552,VALID,2.44602,VALID,Online,Resolved: Operating normally
2026-08-01 10:00:00+00:00,19.925,VALID,0.0,VALID,205.65076,VALID,2.388108,VALID,Online,Resolved: Operating normally
2026-08-01 11:00:00+00:00,19.7,VALID,0.0,VALID,192.483448,VALID,2.34315,VALID,Online,Resolved: Operating normally
2026-08-01 12:00:00+00:00,19.5,VALID,0.0,VALID,183.846824,VALID,2.31267,VALID,Online,Resolved: Operating normally
2026-08-01 13:00:00+00:00,19.35,VALID,0.0,VALID,178.537424,VALID,2.29362,VALID,Online,Resolved: Operating normally
2026-08-01 14:00:00+00:00,19.225,VALID,0.0,VALID,175.634952,VALID,2.28219,VALID,Online,Resolved: Operating normally
2026-08-01 15:00:00+00:00,19.2,VALID,0.0,VALID,178.39584,VALID,2.2928580000000003,VALID,Online,Resolved: Operating normally
2026-08-01 16:00:00+00:00,19.1,VALID,0.0,VALID,190.359688,VALID,2.33553,VALID,Online,Resolved: Operating normally
2026-08-01 17:00:00+00:00,19.1,VALID,0.0,VALID,203.810168,VALID,2.382012,VALID,Online,Resolved: Operating normally
2026-08-01 18:00:00+00:00,19.225,VALID,0.0,VALID,214.35817600000001,VALID,2.417064,VALID,Online,Resolved: Operating normally
2026-08-01 19:00:00+00:00,19.4,VALID,0.0,VALID,221.225,VALID,2.439162,VALID,Online,Resolved: Operating normally
2026-08-01 20:00:00+00:00,19.675,VALID,0.0,VALID,223.844304,VALID,2.4475439999999997,VALID,Online,Resolved: Operating normally
2026-08-01 21:00:00+00:00,19.925,VALID,0.0,VALID,226.675984,VALID,2.4566880000000006,VALID,Online,Resolved: Operating normally
2026-08-01 22:00:00+00:00,20.2,VALID,0.0,VALID,227.667072,VALID,2.4597360000000004,VALID,Online,Resolved: Operating normally
2026-08-01 23:00:00+00:00,20.475,VALID,0.0,VALID,227.59627999999998,VALID,2.4597360000000004,VALID,Online,Resolved: Operating normally
2026-08-02 00:00:00+00:00,20.65,VALID,0.0,VALID,228.587368,VALID,2.462784,VALID,Online,Resolved: Operating normally
2026-08-02 01:00:00+00:00,20.75,VALID,0.0,VALID,228.587368,VALID,2.462784,VALID,Online,Resolved: Operating normally
2026-08-02 02:00:00+00:00,20.75,VALID,0.0,VALID,232.622512,VALID,2.475738,VALID,Online,Resolved: Operating normally
2026-08-02 03:00:00+00:00,20.7,VALID,0.0,VALID,239.135376,VALID,2.49555,VALID,Online,Resolved: Operating normally
2026-08-02 04:00:00+00:00,20.6,VALID,0.0,VALID,246.35616,VALID,2.517648,VALID,Online,Resolved: Operating normally
2026-08-02 05:00:00+00:00,20.625,VALID,0.0,VALID,251.594768,VALID,2.5336500000000006,VALID,Online,Resolved: Operating normally
2026-08-02 06:00:00+00:00,20.7,VALID,0.0,VALID,254.214072,VALID,2.54127,VALID,Online,Resolved: Operating normally
2026-08-02 07:00:00+00:00,20.6,VALID,0.0,VALID,252.161104,VALID,2.535174,VALID,Online,Resolved: Operating normally
2026-08-02 08:00:00+00:00,20.5,VALID,0.0,VALID,241.40072,VALID,2.502408,VALID,Online,Resolved: Operating normally
2026-08-02 09:00:00+00:00,20.275,VALID,0.0,VALID,223.136384,VALID,2.4452580000000004,VALID,Online,Resolved: Operating normally
2026-08-02 10:00:00+00:00,20.05,VALID,0.0,VALID,206.075512,VALID,2.389632,VALID,Online,Resolved: Operating normally
2026-08-02 11:00:00+00:00,19.85,VALID,0.0,VALID,192.271072,VALID,2.342388,VALID,Online,Resolved: Operating normally
2026-08-02 12:00:00+00:00,19.75,VALID,0.0,VALID,183.846824,VALID,2.31267,VALID,Online,Resolved: Operating normally
2026-08-02 13:00:00+00:00,19.6,VALID,0.0,VALID,178.18346400000001,VALID,2.292096,VALID,Online,Resolved: Operating normally
2026-08-02 14:00:00+00:00,19.5,VALID,0.0,VALID,175.847328,VALID,2.2829520000000003,VALID,Online,Resolved: Operating normally
2026-08-02 15:00:00+00:00,19.45,VALID,0.0,VALID,178.04188,VALID,2.291334,VALID,Online,Resolved: Operating normally
2026-08-02 16:00:00+00:00,19.4,VALID,0.0,VALID,189.439392,VALID,2.332482,VALID,Online,Resolved: Operating normally
2026-08-02 17:00:00+00:00,19.5,VALID,0.0,VALID,203.17304000000001,VALID,2.3797260000000002,VALID,Online,Resolved: Operating normally
2026-08-02 18:00:00+00:00,19.625,VALID,0.0,VALID,214.1458,VALID,2.416302,VALID,Online,Resolved: Operating normally
2026-08-02 19:00:00+00:00,19.775,VALID,0.0,VALID,220.941832,VALID,2.4384,VALID,Online,Resolved: Operating normally
2026-08-02 20:00:00+00:00,19.95,VALID,0.0,VALID,224.7646,VALID,2.450592,VALID,Online,Resolved: Operating normally
2026-08-02 21:00:00+00:00,20.2,VALID,0.0,VALID,226.605192,VALID,2.456688,VALID,Online,Resolved: Operating normally
2026-08-02 22:00:00+00:00,20.425,VALID,0.0,VALID,227.313112,VALID,2.4589740000000004,VALID,Online,Resolved: Operating normally
2026-08-02 23:00:00+00:00,20.65,VALID,0.0,VALID,227.879448,VALID,2.4604980000000003,VALID,Online,Resolved: Operating normally
2026-08-03 00:00:00+00:00,20.8,VALID,0.0,VALID,227.80865599999998,VALID,2.4604980000000003,VALID,Online,Resolved: Operating normally
2026-08-03 01:00:00+00:00,20.8,VALID,0.0,VALID,229.295288,VALID,2.46507,VALID,Online,Resolved: Operating normally
2026-08-03 02:00:00+00:00,20.8,VALID,0.0,VALID,232.90568,VALID,2.4765,VALID,Online,Resolved: Operating normally
2026-08-03 03:00:00+00:00,20.8,VALID,0.0,VALID,240.33884,VALID,2.4993600000000002,VALID,Online,Resolved: Operating normally
2026-08-03 04:00:00+00:00,20.8,VALID,0.0,VALID,245.577448,VALID,2.515362,VALID,Online,Resolved: Operating normally
2026-08-03 05:00:00+00:00,20.825,VALID,0.0,VALID,251.66556,VALID,2.53365,VALID,Online,Resolved: Operating normally
2026-08-03 06:00:00+00:00,20.875,VALID,0.0,VALID,254.284864,VALID,2.5412700000000004,VALID,Online,Resolved: Operating normally
2026-08-03 07:00:00+00:00,20.8,VALID,0.0,VALID,252.939816,VALID,2.5374600000000003,VALID,Online,Resolved: Operating normally
2026-08-03 08:00:00+00:00,20.65,VALID,0.0,VALID,241.329928,VALID,2.502408,VALID,Online,Resolved: Operating normally
2026-08-03 09:00:00+00:00,20.45,VALID,0.0,VALID,222.853216,VALID,2.444496,VALID,Online,Resolved: Operating normally
2026-08-03 10:00:00+00:00,20.2,VALID,0.0,VALID,205.65076,VALID,2.388108,VALID,Online,Resolved: Operating normally
2026-08-03 11:00:00+00:00,20.0,VALID,0.0,VALID,192.483448,VALID,2.34315,VALID,Online,Resolved: Operating normally
2026-08-03 12:00:00+00:00,19.85,VALID,0.0,VALID,183.846824,VALID,2.3126700000000002,VALID,Online,Resolved: Operating normally
2026-08-03 13:00:00+00:00,19.65,VALID,0.0,VALID,179.174552,VALID,2.295906,VALID,Online,Resolved: Operating normally
2026-08-03 14:00:00+00:00,19.55,VALID,0.0,VALID,181.93544,VALID,2.305812,VALID,Online,Resolved: Operating normally
2026-08-03 15:00:00+00:00,19.5,VALID,0.0,VALID,193.61612,VALID,2.34696,VALID,Online,Resolved: Operating normally
2026-08-03 16:00:00+00:00,19.5,VALID,0.0,VALID,207.278976,VALID,2.3934420000000003,VALID,Online,Resolved: Operating normally
2026-08-03 17:00:00+00:00,19.5,VALID,0.0,VALID,216.765104,VALID,2.424684,VALID,Online,Resolved: Operating normally
2026-08-03 18:00:00+00:00,19.625,VALID,0.0,VALID,221.649752,VALID,2.4406860000000004,VALID,Online,Resolved: Operating normally
2026-08-03 19:00:00+00:00,19.8,VALID,0.0,VALID,224.7646,VALID,2.4505920000000003,VALID,Online,Resolved: Operating normally
2026-08-03 20:00:00+00:00,20.025,VALID,0.0,VALID,226.88836,VALID,2.4574500000000006,VALID,Online,Resolved: Operating normally
2026-08-03 21:00:00+00:00,20.25,VALID,0.0,VALID,227.59627999999998,VALID,2.4597360000000004,VALID,Online,Resolved: Operating normally
2026-08-03 22:00:00+00:00,20.475,VALID,0.0,VALID,228.30419999999998,VALID,2.462022,VALID,Online,Resolved: Operating normally
2026-08-03 23:00:00+00:00,20.65,VALID,0.0,VALID,228.587368,VALID,2.462784,VALID,Online,Resolved: Operating normally
2026-08-04 00:00:00+00:00,20.775,VALID,0.0,VALID,228.091824,VALID,2.4612600000000002,VALID,Online,Resolved: Operating normally
2026-08-04 01:00:00+00:00,20.8,VALID,0.0,VALID,231.48984,VALID,2.471928,VALID,Online,Resolved: Operating normally
2026-08-04 02:00:00+00:00,20.75,VALID,0.0,VALID,238.852208,VALID,2.4947880000000002,VALID,Online,Resolved: Operating normally
2026-08-04 03:00:00+00:00,20.7,VALID,0.0,VALID,247.55962399999999,VALID,2.521458,VALID,Online,Resolved: Operating normally
2026-08-04 04:00:00+00:00,20.7,VALID,0.0,VALID,254.214072,VALID,2.5412700000000004,VALID,Online,Resolved: Operating normally
2026-08-04 05:00:00+00:00,20.7,VALID,0.0,VALID,259.73584800000003,VALID,2.557272,VALID,Online,Resolved: Operating normally
2026-08-04 06:00:00+00:00,20.7,VALID,0.0,VALID,259.948224,VALID,2.558034,VALID,Online,Resolved: Operating normally
2026-08-04 07:00:00+00:00,20.7,VALID,0.0,VALID,256.337832,VALID,2.5473660000000002,VALID,Online,Resolved: Operating normally
2026-08-04 08:00:00+00:00,20.55,VALID,0.0,VALID,244.090816,VALID,2.51079,VALID,Online,Resolved: Operating normally
2026-08-04 09:00:00+00:00,20.325,VALID,0.0,VALID,225.047768,VALID,2.4513540000000003,VALID,Online,Resolved: Operating normally
2026-08-04 10:00:00+00:00,20.075,VALID,0.0,VALID,206.71264,VALID,2.3919180000000004,VALID,Online,Resolved: Operating normally
2026-08-04 11:00:00+00:00,19.8,VALID,0.0,VALID,193.191368,VALID,2.3454360000000003,VALID,Online,Resolved: Operating normally
2026-08-04 12:00:00+00:00,19.6,VALID,0.0,VALID,184.696328,VALID,2.315718,VALID,Online,Resolved: Operating normally
2026-08-04 13:00:00+00:00,19.424999999999997,VALID,0.0,VALID,180.024056,VALID,2.298954,VALID,Online,Resolved: Operating normally
2026-08-04 14:00:00+00:00,19.35,VALID,0.0,VALID,182.572568,VALID,2.308098,VALID,Online,Resolved: Operating normally
2026-08-04 15:00:00+00:00,19.3,VALID,0.0,VALID,194.748792,VALID,2.3507700000000002,VALID,Online,Resolved: Operating normally
2026-08-04 16:00:00+00:00,19.3,VALID,0.0,VALID,207.208184,VALID,2.3934420000000003,VALID,Online,Resolved: Operating normally
2026-08-04 17:00:00+00:00,19.35,VALID,0.0,VALID,216.481936,VALID,2.423922,VALID,Online,Resolved: Operating normally
2026-08-04 18:00:00+00:00,19.5,VALID,0.0,VALID,221.295792,VALID,2.439162,VALID,Online,Resolved: Operating normally
2026-08-04 19:00:00+00:00,19.65,VALID,0.0,VALID,225.401728,VALID,2.452878,VALID,Online,Resolved: Operating normally
2026-08-04 20:00:00+00:00,19.85,VALID,0.0,VALID,226.605192,VALID,2.456688,VALID,Online,Resolved: Operating normally
2026-08-04 21:00:00+00:00,20.025,VALID,0.0,VALID,228.021032,VALID,2.4612600000000002,VALID,Online,Resolved: Operating normally
2026-08-04 22:00:00+00:00,20.225,VALID,0.0,VALID,229.36608,VALID,2.4650700000000003,VALID,Online,Resolved: Operating normally
2026-08-04 23:00:00+00:00,20.375,VALID,0.0,VALID,228.79974399999998,VALID,2.463546,VALID,Online,Resolved: Operating normally
2026-08-05 00:00:00+00:00,20.475,VALID,0.0,VALID,227.879448,VALID,2.4604980000000003,VALID,Online,Resolved: Operating normally
2026-08-05 01:00:00+00:00,20.5,VALID,0.0,VALID,230.78192,VALID,2.4696420000000003,VALID,Online,Resolved: Operating normally
2026-08-05 02:00:00+00:00,20.424999999999997,VALID,0.0,VALID,239.064584,VALID,2.49555,VALID,Online,Resolved: Operating normally
2026-08-05 03:00:00+00:00,20.4,VALID,0.0,VALID,245.860616,VALID,2.516124,VALID,Online,Resolved: Operating normally
2026-08-05 04:00:00+00:00,20.4,VALID,0.0,VALID,254.70961599999998,VALID,2.542794,VALID,Online,Resolved: Operating normally
2026-08-05 05:00:00+00:00,20.5,VALID,0.0,VALID,258.10763199999997,VALID,2.5527,VALID,Online,Resolved: Operating normally
2026-08-05 06:00:00+00:00,20.575000000000003,VALID,0.0,VALID,260.726936,VALID,2.5603200000000004,VALID,Online,Resolved: Operating normally
2026-08-05 07:00:00+00:00,20.575000000000003,VALID,0.0,VALID,257.045752,VALID,2.5496520000000005,VALID,Online,Resolved: Operating normally
2026-08-05 08:00:00+00:00,20.4,VALID,0.0,VALID,243.807648,VALID,2.510028,VALID,Online,Resolved: Operating normally
2026-08-05 09:00:00+00:00,20.1,VALID,0.0,VALID,225.47252,VALID,2.452878,VALID,Online,Resolved: Operating normally
2026-08-05 10:00:00+00:00,19.8,VALID,0.0,VALID,206.995808,VALID,2.3926800000000004,VALID,Online,Resolved: Operating normally
2026-08-05 11:00:00+00:00,19.575,VALID,0.0,VALID,193.828496,VALID,2.347722,VALID,Online,Resolved: Operating normally
2026-08-05 12:00:00+00:00,19.4,VALID,0.0,VALID,184.908704,VALID,2.3164800000000003,VALID,Online,Resolved: Operating normally
2026-08-05 13:00:00+00:00,19.3,VALID,0.0,VALID,178.7498,VALID,2.294382,VALID,Online,Resolved: Operating normally
2026-08-05 14:00:00+00:00,19.2,VALID,0.0,VALID,181.510688,VALID,2.304288,VALID,Online,Resolved: Operating normally
2026-08-05 15:00:00+00:00,19.2,VALID,0.0,VALID,193.61612,VALID,2.34696,VALID,Online,Resolved: Operating normally
2026-08-05 16:00:00+00:00,19.225,VALID,0.0,VALID,207.208184,VALID,2.3934420000000003,VALID,Online,Resolved: Operating normally
2026-08-05 17:00:00+00:00,19.3,VALID,0.0,VALID,216.97747999999999,VALID,2.425446,VALID,Online,Resolved: Operating normally
2026-08-05 18:00:00+00:00,19.4,VALID,0.0,VALID,222.145296,VALID,2.44221,VALID,Online,Resolved: Operating normally
2026-08-05 19:00:00+00:00,19.525,VALID,0.0,VALID,226.109648,VALID,2.4551640000000003,VALID,Online,Resolved: Operating normally
2026-08-05 20:00:00+00:00,19.65,VALID,0.0,VALID,228.374992,VALID,2.462022,VALID,Online,Resolved: Operating normally
2026-08-05 21:00:00+00:00,19.775,VALID,0.0,VALID,228.374992,VALID,2.462022,VALID,Online,Resolved: Operating normally
2026-08-05 22:00:00+00:00,19.95,VALID,0.0,VALID,229.082912,VALID,2.464308,VALID,Online,Resolved: Operating normally
2026-08-05 23:00:00+00:00,20.1,VALID,0.0,VALID,228.870536,VALID,2.463546,VALID,Online,Resolved: Operating normally
2026-08-06 00:00:00+00:00,20.25,VALID,0.0,VALID,229.578456,VALID,2.4658320000000002,VALID,Online,Resolved: Operating normally
2026-08-06 01:00:00+00:00,20.3,VALID,0.0,VALID,234.179936,VALID,2.4803100000000002,VALID,Online,Resolved: Operating normally
2026-08-06 02:00:00+00:00,20.3,VALID,0.0,VALID,241.117552,VALID,2.501646,VALID,Online,Resolved: Operating normally
2026-08-06 03:00:00+00:00,20.3,VALID,0.0,VALID,248.904672,VALID,2.525268,VALID,Online,Resolved: Operating normally
2026-08-06 04:00:00+00:00,20.3,VALID,0.0,VALID,255.55912,VALID,2.54508,VALID,Online,Resolved: Operating normally
2026-08-06 05:00:00+00:00,20.375,VALID,0.0,VALID,258.3908,VALID,2.553462,VALID,Online,Resolved: Operating normally
2026-08-06 06:00:00+00:00,20.4,VALID,0.0,VALID,259.948224,VALID,2.558034,VALID,Online,Resolved: Operating normally
2026-08-06 07:00:00+00:00,20.4,VALID,0.0,VALID,256.550208,VALID,2.548128,VALID,Online,Resolved: Operating normally
2026-08-06 08:00:00+00:00,20.35,VALID,0.0,VALID,243.382896,VALID,2.5085040000000003,VALID,Online,Resolved: Operating normally
2026-08-06 09:00:00+00:00,20.125,VALID,0.0,VALID,225.260144,VALID,2.452116,VALID,Online,Resolved: Operating normally
2026-08-06 10:00:00+00:00,19.875,VALID,0.0,VALID,207.278976,VALID,2.3934420000000003,VALID,Online,Resolved: Operating normally
2026-08-06 11:00:00+00:00,19.625,VALID,0.0,VALID,193.828496,VALID,2.347722,VALID,Online,Resolved: Operating normally
2026-08-06 12:00:00+00:00,19.4,VALID,0.0,VALID,184.696328,VALID,2.315718,VALID,Online,Resolved: Operating normally
2026-08-06 13:00:00+00:00,19.225,VALID,0.0,VALID,179.599304,VALID,2.2974300000000003,VALID,Online,Resolved: Operating normally
2026-08-06 14:00:00+00:00,19.125,VALID,0.0,VALID,181.93544,VALID,2.305812,VALID,Online,Resolved: Operating normally
2026-08-06 15:00:00+00:00,19.1,VALID,0.0,VALID,194.111664,VALID,2.348484,VALID,Online,Resolved: Operating normally
2026-08-06 16:00:00+00:00,19.1,VALID,0.0,VALID,206.995808,VALID,2.3926800000000004,VALID,Online,Resolved: Operating normally
2026-08-06 17:00:00+00:00,19.15,VALID,0.0,VALID,216.694312,VALID,2.424684,VALID,Online,Resolved: Operating normally
2026-08-06 18:00:00+00:00,19.25,VALID,0.0,VALID,221.93292,VALID,2.441448,VALID,Online,Resolved: Operating normally
2026-08-06 19:00:00+00:00,19.424999999999997,VALID,0.0,VALID,225.614104,VALID,2.45364,VALID,Online,Resolved: Operating normally
2026-08-06 20:00:00+00:00,19.625,VALID,0.0,VALID,228.30419999999998,VALID,2.462022,VALID,Online,Resolved: Operating normally
2026-08-06 21:00:00+00:00,19.775,VALID,0.0,VALID,228.30419999999998,VALID,2.462022,VALID,Online,Resolved: Operating normally
2026-08-06 22:00:00+00:00,19.924999999999997,VALID,0.0,VALID,228.79974399999998,VALID,2.463546,VALID,Online,Resolved: Operating normally
2026-08-06 23:00:00+00:00,20.1,VALID,0.0,VALID,228.65816,VALID,2.462784,VALID,Online,Resolved: Operating normally
2026-08-07 00:00:00+00:00,20.2,VALID,0.0,VALID,230.074,VALID,2.467356,VALID,Online,Resolved: Operating normally
2026-08-07 01:00:00+00:00,20.275,VALID,0.0,VALID,233.401224,VALID,2.478024,VALID,Online,Resolved: Operating normally
2026-08-07 02:00:00+00:00,20.3,VALID,0.0,VALID,240.834384,VALID,2.500884,VALID,Online,Resolved: Operating normally
2026-08-07 03:00:00+00:00,20.3,VALID,0.0,VALID,248.692296,VALID,2.524506,VALID,Online,Resolved: Operating normally
2026-08-07 04:00:00+00:00,20.3,VALID,0.0,VALID,254.992784,VALID,2.543556,VALID,Online,Resolved: Operating normally
2026-08-07 05:00:00+00:00,20.35,VALID,0.0,VALID,258.461592,VALID,2.553462,VALID,Online,Resolved: Operating normally
2026-08-07 06:00:00+00:00,20.35,VALID,0.0,VALID,258.10763199999997,VALID,2.5527,VALID,Online,Resolved: Operating normally
2026-08-07 07:00:00+00:00,20.25,VALID,0.0,VALID,255.70070399999997,VALID,2.5458420000000004,VALID,Online,Resolved: Operating normally
2026-08-07 08:00:00+00:00,20.1,VALID,0.0,VALID,243.595272,VALID,2.509266,VALID,Online,Resolved: Operating normally
2026-08-07 09:00:00+00:00,19.925,VALID,0.0,VALID,224.552224,VALID,2.44983,VALID,Online,Resolved: Operating normally
2026-08-07 10:00:00+00:00,19.75,VALID,0.0,VALID,206.854224,VALID,2.391918,VALID,Online,Resolved: Operating normally
2026-08-07 11:00:00+00:00,19.6,VALID,0.0,VALID,193.191368,VALID,2.3454360000000003,VALID,Online,Resolved: Operating normally
2026-08-07 12:00:00+00:00,19.5,VALID,0.0,VALID,184.0592,VALID,2.313432,VALID,Online,Resolved: Operating normally
2026-08-07 13:00:00+00:00,19.4,VALID,0.0,VALID,178.962176,VALID,2.295144,VALID,Online,Resolved: Operating normally
2026-08-07 14:00:00+00:00,19.4,VALID,0.0,VALID,181.085936,VALID,2.302764,VALID,Online,Resolved: Operating normally
2026-08-07 15:00:00+00:00,19.3,VALID,0.0,VALID,193.61612,VALID,2.34696,VALID,Online,Resolved: Operating normally
2026-08-07 16:00:00+00:00,19.375,VALID,0.0,VALID,207.208184,VALID,2.3934420000000003,VALID,Online,Resolved: Operating normally
2026-08-07 17:00:00+00:00,19.424999999999997,VALID,0.0,VALID,217.260648,VALID,2.426208,VALID,Online,Resolved: Operating normally
2026-08-07 18:00:00+00:00,19.55,VALID,0.0,VALID,222.853216,VALID,2.444496,VALID,Online,Resolved: Operating normally
2026-08-07 19:00:00+00:00,19.675,VALID,0.0,VALID,226.675984,VALID,2.4566880000000006,VALID,Online,Resolved: Operating normally
2026-08-07 20:00:00+00:00,19.8,VALID,0.0,VALID,228.30419999999998,VALID,2.462022,VALID,Online,Resolved: Operating normally
2026-08-07 21:00:00+00:00,19.975,VALID,0.0,VALID,229.082912,VALID,2.464308,VALID,Online,Resolved: Operating normally
2026-08-07 22:00:00+00:00,20.2,VALID,0.0,VALID,230.074,VALID,2.467356,VALID,Online,Resolved: Operating normally
2026-08-07 23:00:00+00:00,20.4,VALID,0.0,VALID,230.286376,VALID,2.468118,VALID,Online,Resolved: Operating normally
2026-08-08 00:00:00+00:00,20.6,VALID,0.0,VALID,230.498752,VALID,2.46888,VALID,Online,Resolved: Operating normally
2026-08-08 01:00:00+00:00,20.7,VALID,0.0,VALID,232.410136,VALID,2.4749760000000003,VALID,Online,Resolved: Operating normally
2026-08-08 02:00:00+00:00,20.625,VALID,0.0,VALID,241.61309599999998,VALID,2.50317,VALID,Online,Resolved: Operating normally
2026-08-08 03:00:00+00:00,20.55,VALID,0.0,VALID,249.89576,VALID,2.5283160000000002,VALID,Online,Resolved: Operating normally
2026-08-08 04:00:00+00:00,20.55,VALID,0.0,VALID,256.550208,VALID,2.548128,VALID,Online,Resolved: Operating normally
2026-08-08 05:00:00+00:00,20.65,VALID,0.0,VALID,259.948224,VALID,2.558034,VALID,Online,Resolved: Operating normally
2026-08-08 06:00:00+00:00,20.775,VALID,0.0,VALID,260.51456,VALID,2.5595580000000004,VALID,Online,Resolved: Operating normally
2026-08-08 07:00:00+00:00,20.75,VALID,0.0,VALID,257.895256,VALID,2.5519380000000003,VALID,Online,Resolved: Operating normally
2026-08-08 08:00:00+00:00,20.55,VALID,0.0,VALID,244.869528,VALID,2.5130760000000003,VALID,Online,Resolved: Operating normally
2026-08-08 09:00:00+00:00,20.275,VALID,0.0,VALID,226.39281599999998,VALID,2.455926,VALID,Online,Resolved: Operating normally
2026-08-08 10:00:00+00:00,20.0,VALID,0.0,VALID,206.783432,VALID,2.3919180000000004,VALID,Online,Resolved: Operating normally
2026-08-08 11:00:00+00:00,19.75,VALID,0.0,VALID,193.191368,VALID,2.3454360000000003,VALID,Online,Resolved: Operating normally
2026-08-08 12:00:00+00:00,19.625,VALID,0.0,VALID,184.27157599999998,VALID,2.314194,VALID,Online,Resolved: Operating normally
2026-08-08 13:00:00+00:00,19.5,VALID,0.0,VALID,179.386928,VALID,2.296668,VALID,Online,Resolved: Operating normally
2026-08-08 14:00:00+00:00,19.5,VALID,0.0,VALID,176.838416,VALID,2.286762,VALID,Online,Resolved: Operating normally
2026-08-08 15:00:00+00:00,19.525,VALID,0.0,VALID,179.670096,VALID,2.29743,VALID,Online,Resolved: Operating normally
2026-08-08 16:00:00+00:00,19.6,VALID,0.0,VALID,190.996816,VALID,2.337816,VALID,Online,Resolved: Operating normally
2026-08-08 17:00:00+00:00,19.725,VALID,0.0,VALID,204.23492,VALID,2.3835360000000003,VALID,Online,Resolved: Operating normally
2026-08-08 18:00:00+00:00,19.85,VALID,0.0,VALID,215.066096,VALID,2.41935,VALID,Online,Resolved: Operating normally
2026-08-08 19:00:00+00:00,20.025,VALID,0.0,VALID,219.80916,VALID,2.43459,VALID,Online,Resolved: Operating normally
2026-08-08 20:00:00+00:00,20.175,VALID,0.0,VALID,224.693808,VALID,2.450592,VALID,Online,Resolved: Operating normally
2026-08-08 21:00:00+00:00,20.325,VALID,0.0,VALID,227.383904,VALID,2.4589740000000004,VALID,Online,Resolved: Operating normally
2026-08-08 22:00:00+00:00,20.5,VALID,0.0,VALID,227.59627999999998,VALID,2.459736,VALID,Online,Resolved: Operating normally
2026-08-08 23:00:00+00:00,20.725,VALID,0.0,VALID,229.649248,VALID,2.4658320000000002,VALID,Online,Resolved: Operating normally
2026-08-09 00:00:00+00:00,20.875,VALID,0.0,VALID,228.516576,VALID,2.462784,VALID,Online,Resolved: Operating normally
2026-08-09 01:00:00+00:00,20.9,VALID,0.0,VALID,229.578456,VALID,2.4658320000000002,VALID,Online,Resolved: Operating normally
2026-08-09 02:00:00+00:00,20.875,VALID,0.0,VALID,233.96756,VALID,2.479548,VALID,Online,Resolved: Operating normally
2026-08-09 03:00:00+00:00,20.775,VALID,0.0,VALID,241.825472,VALID,2.503932,VALID,Online,Resolved: Operating normally
2026-08-09 04:00:00+00:00,20.65,VALID,0.0,VALID,249.400216,VALID,2.5267920000000004,VALID,Online,Resolved: Operating normally
2026-08-09 05:00:00+00:00,20.6,VALID,0.0,VALID,253.718528,VALID,2.539746,VALID,Online,Resolved: Operating normally
2026-08-09 06:00:00+00:00,20.6,VALID,0.0,VALID,256.26704,VALID,2.5473660000000002,VALID,Online,Resolved: Operating normally
2026-08-09 07:00:00+00:00,20.6,VALID,0.0,VALID,255.77149599999998,VALID,2.5458420000000004,VALID,Online,Resolved: Operating normally
2026-08-09 08:00:00+00:00,20.5,VALID,0.0,VALID,243.595272,VALID,2.509266,VALID,Online,Resolved: Operating normally
2026-08-09 09:00:00+00:00,20.35,VALID,0.0,VALID,225.047768,VALID,2.4513540000000003,VALID,Online,Resolved: Operating normally
2026-08-09 10:00:00+00:00,20.225,VALID,0.0,VALID,207.0666,VALID,2.3926800000000004,VALID,Online,Resolved: Operating normally
2026-08-09 11:00:00+00:00,20.125,VALID,0.0,VALID,193.403744,VALID,2.3461980000000002,VALID,Online,Resolved: Operating normally
2026-08-09 12:00:00+00:00,20.025,VALID,0.0,VALID,184.0592,VALID,2.313432,VALID,Online,Resolved: Operating normally
2026-08-09 13:00:00+00:00,19.95,VALID,0.0,VALID,178.962176,VALID,2.295144,VALID,Online,Resolved: Operating normally
2026-08-09 14:00:00+00:00,19.875,VALID,0.0,VALID,175.847328,VALID,2.2829520000000003,VALID,Online,Resolved: Operating normally
2026-08-09 15:00:00+00:00,19.8,VALID,0.0,VALID,178.820592,VALID,2.294382,VALID,Online,Resolved: Operating normally
2026-08-09 16:00:00+00:00,19.775,VALID,0.0,VALID,190.78444000000002,VALID,2.337054,VALID,Online,Resolved: Operating normally
2026-08-09 17:00:00+00:00,19.75,VALID,0.0,VALID,204.801256,VALID,2.38506,VALID,Online,Resolved: Operating normally
2026-08-09 18:00:00+00:00,19.8,VALID,0.0,VALID,214.570552,VALID,2.4178260000000003,VALID,Online,Resolved: Operating normally
2026-08-09 19:00:00+00:00,19.85,VALID,0.0,VALID,222.145296,VALID,2.44221,VALID,Online,Resolved: Operating normally
2026-08-09 20:00:00+00:00,20.05,VALID,0.0,VALID,225.684896,VALID,2.45364,VALID,Online,Resolved: Operating normally
2026-08-09 21:00:00+00:00,20.275,VALID,0.7619999999999999,VALID,226.5344,VALID,2.456688,VALID,Online,Resolved: Operating normally
2026-08-09 22:00:00+00:00,20.5,VALID,0.0,VALID,228.091824,VALID,2.4612600000000002,VALID,Online,Resolved: Operating normally
2026-08-09 23:00:00+00:00,20.675,VALID,0.0,VALID,229.578456,VALID,2.4658320000000002,VALID,Online,Resolved: Operating normally
2026-08-10 00:00:00+00:00,20.7,VALID,0.254,VALID,228.87053600000002,VALID,2.463546,VALID,Online,Resolved: Operating normally
2026-08-10 01:00:00+00:00,20.675,VALID,0.0,VALID,231.13588,VALID,2.471166,VALID,Online,Resolved: Operating normally
2026-08-10 02:00:00+00:00,20.6,VALID,0.0,VALID,234.32152,VALID,2.481072,VALID,Online,Resolved: Operating normally
2026-08-10 03:00:00+00:00,20.5,VALID,0.0,VALID,242.037848,VALID,2.504694,VALID,Online,Resolved: Operating normally
2026-08-10 04:00:00+00:00,20.5,VALID,0.0,VALID,249.329424,VALID,2.5267920000000004,VALID,Online,Resolved: Operating normally
2026-08-10 05:00:00+00:00,20.5,VALID,0.0,VALID,254.70961599999998,VALID,2.542794,VALID,Online,Resolved: Operating normally
2026-08-10 06:00:00+00:00,20.424999999999997,VALID,0.0,VALID,258.03684,VALID,2.5527000000000006,VALID,Online,Resolved: Operating normally
2026-08-10 07:00:00+00:00,20.325,VALID,0.0,VALID,255.983872,VALID,2.5466040000000003,VALID,Online,Resolved: Operating normally
2026-08-10 08:00:00+00:00,20.15,VALID,0.0,VALID,243.87843999999998,VALID,2.510028,VALID,Online,Resolved: Operating normally
2026-08-10 09:00:00+00:00,19.95,VALID,0.0,VALID,225.47252,VALID,2.452878,VALID,Online,Resolved: Operating normally
2026-08-10 10:00:00+00:00,19.775,VALID,0.0,VALID,207.491352,VALID,2.394204,VALID,Online,Resolved: Operating normally
2026-08-10 11:00:00+00:00,19.6,VALID,0.0,VALID,194.678,VALID,2.3507700000000002,VALID,Online,Resolved: Operating normally
2026-08-10 12:00:00+00:00,19.424999999999997,VALID,0.0,VALID,185.970584,VALID,2.32029,VALID,Online,Resolved: Operating normally
2026-08-10 13:00:00+00:00,19.3,VALID,0.0,VALID,181.29831199999998,VALID,2.303526,VALID,Online,Resolved: Operating normally
2026-08-10 14:00:00+00:00,19.2,VALID,0.0,VALID,183.634448,VALID,2.311908,VALID,Online,Resolved: Operating normally
2026-08-10 15:00:00+00:00,19.2,VALID,0.0,VALID,195.38592,VALID,2.353056,VALID,Online,Resolved: Operating normally
2026-08-10 16:00:00+00:00,19.2,VALID,0.0,VALID,208.12848,VALID,2.39649,VALID,Online,Resolved: Operating normally
2026-08-10 17:00:00+00:00,19.275,VALID,0.0,VALID,217.473024,VALID,2.4269700000000003,VALID,Online,Resolved: Operating normally
2026-08-10 18:00:00+00:00,19.424999999999997,VALID,0.0,VALID,223.34876,VALID,2.44602,VALID,Online,Resolved: Operating normally
2026-08-10 19:00:00+00:00,19.575000000000003,VALID,0.0,VALID,226.88836,VALID,2.4574500000000006,VALID,Online,Resolved: Operating normally
2026-08-10 20:00:00+00:00,19.775,VALID,0.0,VALID,228.30419999999998,VALID,2.462022,VALID,Online,Resolved: Operating normally
2026-08-10 21:00:00+00:00,20.0,VALID,0.0,VALID,229.578456,VALID,2.4658320000000002,VALID,Online,Resolved: Operating normally
2026-08-10 22:00:00+00:00,20.2,VALID,0.0,VALID,229.01211999999998,VALID,2.464308,VALID,Online,Resolved: Operating normally
2026-08-10 23:00:00+00:00,20.375,VALID,0.0,VALID,229.36608,VALID,2.4650700000000003,VALID,Online,Resolved: Operating normally
2026-08-11 00:00:00+00:00,20.4,VALID,0.0,VALID,230.498752,VALID,2.4688800000000004,VALID,Online,Resolved: Operating normally
2026-08-11 01:00:00+00:00,20.4,VALID,0.0,VALID,234.32152,VALID,2.481072,VALID,Online,Resolved: Operating normally
2026-08-11 02:00:00+00:00,20.45,VALID,0.0,VALID,243.099728,VALID,2.507742,VALID,Online,Resolved: Operating normally
2026-08-11 03:00:00+00:00,20.55,VALID,0.0,VALID,250.886848,VALID,2.531364,VALID,Online,Resolved: Operating normally
2026-08-11 04:00:00+00:00,20.65,VALID,0.0,VALID,257.045752,VALID,2.549652,VALID,Online,Resolved: Operating normally
2026-08-11 05:00:00+00:00,20.775,VALID,0.0,VALID,260.726936,VALID,2.5603200000000004,VALID,Online,Resolved: Operating normally
2026-08-11 06:00:00+00:00,20.8,VALID,0.0,VALID,261.647232,VALID,2.563368,VALID,Online,Resolved: Operating normally
2026-08-11 07:00:00+00:00,20.75,VALID,0.0,VALID,257.824464,VALID,2.5519380000000003,VALID,Online,Resolved: Operating normally
2026-08-11 08:00:00+00:00,20.575000000000003,VALID,0.0,VALID,245.577448,VALID,2.515362,VALID,Online,Resolved: Operating normally
2026-08-11 09:00:00+00:00,20.4,VALID,0.0,VALID,226.463608,VALID,2.455926,VALID,Online,Resolved: Operating normally
2026-08-11 10:00:00+00:00,20.225,VALID,0.0,VALID,208.41164799999999,VALID,2.397252,VALID,Online,Resolved: Operating normally
2026-08-11 11:00:00+00:00,20.125,VALID,0.0,VALID,194.890376,VALID,2.351532,VALID,Online,Resolved: Operating normally
2026-08-11 12:00:00+00:00,20.05,VALID,0.0,VALID,185.758208,VALID,2.319528,VALID,Online,Resolved: Operating normally
2026-08-11 13:00:00+00:00,19.975,VALID,0.0,VALID,181.29831199999998,VALID,2.303526,VALID,Online,Resolved: Operating normally
2026-08-11 14:00:00+00:00,19.85,VALID,0.0,VALID,182.99732,VALID,2.309622,VALID,Online,Resolved: Operating normally
2026-08-11 15:00:00+00:00,19.775,VALID,0.0,VALID,194.961168,VALID,2.351532,VALID,Online,Resolved: Operating normally
2026-08-11 16:00:00+00:00,19.7,VALID,0.0,VALID,207.845312,VALID,2.395728,VALID,Online,Resolved: Operating normally
2026-08-11 17:00:00+00:00,19.7,VALID,0.0,VALID,217.68540000000002,VALID,2.4277320000000002,VALID,Online,Resolved: Operating normally
2026-08-11 19:00:00+00:00,19.8,VALID,0.0,VALID,225.89727200000002,VALID,2.4544020000000004,VALID,Online,Resolved: Operating normally
2026-08-11 20:00:00+00:00,19.95,VALID,0.0,VALID,228.30419999999998,VALID,2.462022,VALID,Online,Resolved: Operating normally
2026-08-11 21:00:00+00:00,20.05,VALID,0.0,VALID,228.79974399999998,VALID,2.463546,VALID,Online,Resolved: Operating normally
2026-08-11 22:00:00+00:00,20.2,VALID,0.0,VALID,229.082912,VALID,2.464308,VALID,Online,Resolved: Operating normally
2026-08-11 23:00:00+00:00,20.25,VALID,0.0,VALID,229.790832,VALID,2.466594,VALID,Online,Resolved: Operating normally
2026-08-12 00:00:00+00:00,20.35,VALID,0.0,VALID,229.153704,VALID,2.4643080000000004,VALID,Online,Resolved: Operating normally
2026-08-12 01:00:00+00:00,20.4,VALID,0.0,VALID,231.773008,VALID,2.47269,VALID,Online,Resolved: Operating normally
2026-08-12 02:00:00+00:00,20.4,VALID,0.0,VALID,239.63092,VALID,2.497074,VALID,Online,Resolved: Operating normally
2026-08-12 03:00:00+00:00,20.4,VALID,0.0,VALID,249.046256,VALID,2.5260300000000004,VALID,Online,Resolved: Operating normally
2026-08-12 04:00:00+00:00,20.4,VALID,0.0,VALID,256.621,VALID,2.548128,VALID,Online,Resolved: Operating normally
2026-08-12 05:00:00+00:00,20.525,VALID,0.0,VALID,260.443768,VALID,2.559558,VALID,Online,Resolved: Operating normally
2026-08-12 06:00:00+00:00,20.6,VALID,0.0,VALID,261.647232,VALID,2.563368,VALID,Online,Resolved: Operating normally
2026-08-12 07:00:00+00:00,20.6,VALID,0.0,VALID,257.045752,VALID,2.549652,VALID,Online,Resolved: Operating normally
2026-08-12 08:00:00+00:00,20.55,VALID,0.0,VALID,243.595272,VALID,2.509266,VALID,Online,Resolved: Operating normally
2026-08-12 09:00:00+00:00,20.325,VALID,0.0,VALID,225.18935199999999,VALID,2.452116,VALID,Online,Resolved: Operating normally
2026-08-12 10:00:00+00:00,20.15,VALID,0.0,VALID,207.278976,VALID,2.3934420000000003,VALID,Online,Resolved: Operating normally
2026-08-12 11:00:00+00:00,20.0,VALID,0.0,VALID,194.253248,VALID,2.349246,VALID,Online,Resolved: Operating normally
2026-08-12 12:00:00+00:00,19.9,VALID,0.0,VALID,185.545832,VALID,2.318766,VALID,Online,Resolved: Operating normally
2026-08-12 13:00:00+00:00,19.9,VALID,0.0,VALID,180.661184,VALID,2.30124,VALID,Online,Resolved: Operating normally
2026-08-12 14:00:00+00:00,19.9,VALID,0.0,VALID,182.784944,VALID,2.30886,VALID,Online,Resolved: Operating normally
2026-08-12 15:00:00+00:00,19.9,VALID,0.0,VALID,194.536416,VALID,2.3500080000000003,VALID,Online,Resolved: Operating normally
2026-08-12 16:00:00+00:00,19.85,VALID,0.0,VALID,207.208184,VALID,2.3934420000000003,VALID,Online,Resolved: Operating normally
2026-08-12 17:00:00+00:00,19.8,VALID,0.0,VALID,216.481936,VALID,2.423922,VALID,Online,Resolved: Operating normally
2026-08-12 18:00:00+00:00,19.9,VALID,0.0,VALID,223.34876,VALID,2.44602,VALID,Online,Resolved: Operating normally
2026-08-12 19:00:00+00:00,19.9,VALID,0.0,VALID,226.605192,VALID,2.456688,VALID,Online,Resolved: Operating normally
2026-08-12 20:00:00+00:00,19.975,VALID,0.0,VALID,226.88835999999998,VALID,2.45745,VALID,Online,Resolved: Operating normally
2026-08-12 21:00:00+00:00,20.125,VALID,0.0,VALID,227.80865599999998,VALID,2.4604980000000003,VALID,Online,Resolved: Operating normally
2026-08-12 22:00:00+00:00,20.225,VALID,0.0,VALID,228.30419999999998,VALID,2.462022,VALID,Online,Resolved: Operating normally
2026-08-12 23:00:00+00:00,20.325,VALID,0.0,VALID,230.286376,VALID,2.468118,VALID,Online,Resolved: Operating normally
2026-08-13 00:00:00+00:00,20.35,VALID,0.0,VALID,230.498752,VALID,2.46888,VALID,Online,Resolved: Operating normally
2026-08-13 01:00:00+00:00,20.3,VALID,0.0,VALID,233.896768,VALID,2.4795480000000003,VALID,Online,Resolved: Operating normally
2026-08-13 02:00:00+00:00,20.3,VALID,0.0,VALID,242.037848,VALID,2.504694,VALID,Online,Resolved: Operating normally
2026-08-13 03:00:00+00:00,20.3,VALID,0.0,VALID,249.117048,VALID,2.52603,VALID,Online,Resolved: Operating normally
2026-08-13 04:00:00+00:00,20.3,VALID,0.0,VALID,256.054664,VALID,2.5466040000000003,VALID,Online,Resolved: Operating normally
2026-08-13 05:00:00+00:00,20.2,VALID,0.0,VALID,259.877432,VALID,2.558034,VALID,Online,Resolved: Operating normally
2026-08-13 06:00:00+00:00,20.2,VALID,0.0,VALID,261.010104,VALID,2.5610820000000003,VALID,Online,Resolved: Operating normally
2026-08-13 07:00:00+00:00,20.25,VALID,0.0,VALID,257.824464,VALID,2.5519380000000003,VALID,Online,Resolved: Operating normally
2026-08-13 08:00:00+00:00,20.3,VALID,0.0,VALID,245.577448,VALID,2.515362,VALID,Online,Resolved: Operating normally
2026-08-13 09:00:00+00:00,20.225,VALID,0.0,VALID,225.897272,VALID,2.454402,VALID,Online,Resolved: Operating normally
2026-08-13 10:00:00+00:00,20.05,VALID,0.0,VALID,207.278976,VALID,2.3934420000000003,VALID,Online,Resolved: Operating normally
2026-08-13 11:00:00+00:00,19.8,VALID,0.0,VALID,193.191368,VALID,2.3454360000000003,VALID,Online,Resolved: Operating normally
2026-08-13 12:00:00+00:00,19.575000000000003,VALID,0.0,VALID,185.970584,VALID,2.32029,VALID,Online,Resolved: Operating normally
2026-08-13 13:00:00+00:00,19.424999999999997,VALID,0.0,VALID,180.661184,VALID,2.30124,VALID,Online,Resolved: Operating normally
2026-08-13 14:00:00+00:00,19.325,VALID,0.0,VALID,182.784944,VALID,2.30886,VALID,Online,Resolved: Operating normally
2026-08-13 15:00:00+00:00,19.3,VALID,0.0,VALID,194.111664,VALID,2.348484,VALID,Online,Resolved: Operating normally
2026-08-13 16:00:00+00:00,19.4,VALID,0.0,VALID,207.208184,VALID,2.3934420000000003,VALID,Online,Resolved: Operating normally
2026-08-13 17:00:00+00:00,19.525,VALID,0.0,VALID,217.189856,VALID,2.426208,VALID,Online,Resolved: Operating normally
2026-08-13 18:00:00+00:00,19.725,VALID,0.0,VALID,223.06559199999998,VALID,2.445258,VALID,Online,Resolved: Operating normally
2026-08-13 19:00:00+00:00,20.0,VALID,0.0,VALID,226.109648,VALID,2.4551640000000003,VALID,Online,Resolved: Operating normally
2026-08-13 20:00:00+00:00,20.175,VALID,0.0,VALID,224.7646,VALID,2.450592,VALID,Online,Resolved: Operating normally
2026-08-13 21:00:00+00:00,20.25,VALID,0.0,VALID,227.879448,VALID,2.4604980000000003,VALID,Online,Resolved: Operating normally
2026-08-13 22:00:00+00:00,20.3,VALID,0.0,VALID,226.88836,VALID,2.45745,VALID,Online,Resolved: Operating normally
2026-08-13 23:00:00+00:00,20.3,VALID,0.0,VALID,227.80865599999998,VALID,2.460498,VALID,Online,Resolved: Operating normally
2026-08-14 00:00:00+00:00,20.3,VALID,0.0,VALID,230.003208,VALID,2.467356,VALID,Online,Resolved: Operating normally
2026-08-14 01:00:00+00:00,20.4,VALID,0.0,VALID,234.179936,VALID,2.4803100000000002,VALID,Online,Resolved: Operating normally
2026-08-14 02:00:00+00:00,20.45,VALID,0.0,VALID,241.825472,VALID,2.5039320000000003,VALID,Online,Resolved: Operating normally
2026-08-14 03:00:00+00:00,20.55,VALID,0.0,VALID,250.17892799999998,VALID,2.529078,VALID,Online,Resolved: Operating normally
2026-08-14 04:00:00+00:00,20.6,VALID,0.0,VALID,256.054664,VALID,2.546604,VALID,Online,Resolved: Operating normally
2026-08-14 05:00:00+00:00,20.575000000000003,VALID,0.0,VALID,260.443768,VALID,2.559558,VALID,Online,Resolved: Operating normally
2026-08-14 06:00:00+00:00,20.45,VALID,0.0,VALID,261.22248,VALID,2.5618440000000002,VALID,Online,Resolved: Operating normally
2026-08-14 07:00:00+00:00,20.25,VALID,0.0,VALID,258.3908,VALID,2.553462,VALID,Online,Resolved: Operating normally
2026-08-14 08:00:00+00:00,20.2,VALID,0.0,VALID,245.577448,VALID,2.515362,VALID,Online,Resolved: Operating normally
2026-08-14 09:00:00+00:00,20.125,VALID,0.0,VALID,225.897272,VALID,2.454402,VALID,Online,Resolved: Operating normally
2026-08-14 10:00:00+00:00,20.1,VALID,0.0,VALID,208.19927199999998,VALID,2.39649,VALID,Online,Resolved: Operating normally
2026-08-14 11:00:00+00:00,20.025,VALID,0.0,VALID,193.828496,VALID,2.347722,VALID,Online,Resolved: Operating normally
2026-08-14 12:00:00+00:00,19.95,VALID,0.0,VALID,184.696328,VALID,2.315718,VALID,Online,Resolved: Operating normally
2026-08-14 13:00:00+00:00,19.85,VALID,0.0,VALID,179.599304,VALID,2.2974300000000003,VALID,Online,Resolved: Operating normally
2026-08-14 14:00:00+00:00,19.725,VALID,0.0,VALID,181.723064,VALID,2.30505,VALID,Online,Resolved: Operating normally
2026-08-14 15:00:00+00:00,19.6,VALID,0.0,VALID,193.61612,VALID,2.34696,VALID,Online,Resolved: Operating normally
2026-08-14 16:00:00+00:00,19.5,VALID,0.0,VALID,207.208184,VALID,2.3934420000000003,VALID,Online,Resolved: Operating normally
2026-08-14 17:00:00+00:00,19.525,VALID,0.0,VALID,215.986392,VALID,2.4223980000000003,VALID,Online,Resolved: Operating normally
2026-08-14 18:00:00+00:00,19.6,VALID,0.0,VALID,221.93292,VALID,2.441448,VALID,Online,Resolved: Operating normally
2026-08-14 19:00:00+00:00,19.75,VALID,0.0,VALID,222.357672,VALID,2.442972,VALID,Online,Resolved: Operating normally
2026-08-14 20:00:00+00:00,19.875,VALID,0.254,VALID,226.109648,VALID,2.4551640000000003,VALID,Online,Resolved: Operating normally
2026-08-14 21:00:00+00:00,20.0,VALID,0.0,VALID,227.59627999999998,VALID,2.4597360000000004,VALID,Online,Resolved: Operating normally
2026-08-14 22:00:00+00:00,20.1,VALID,0.0,VALID,228.870536,VALID,2.463546,VALID,Online,Resolved: Operating normally
2026-08-14 23:00:00+00:00,20.025,VALID,0.0,VALID,230.498752,VALID,2.46888,VALID,Online,Resolved: Operating normally
2026-08-15 00:00:00+00:00,19.95,VALID,0.0,VALID,230.711128,VALID,2.4696420000000003,VALID,Online,Resolved: Operating normally
2026-08-15 01:00:00+00:00,19.9,VALID,0.0,VALID,234.109144,VALID,2.4803100000000002,VALID,Online,Resolved: Operating normally
2026-08-15 02:00:00+00:00,19.9,VALID,0.0,VALID,241.825472,VALID,2.5039320000000003,VALID,Online,Resolved: Operating normally
2026-08-15 03:00:00+00:00,19.975,VALID,0.0,VALID,250.391304,VALID,2.52984,VALID,Online,Resolved: Operating normally
2026-08-15 04:00:00+00:00,20.0,VALID,0.0,VALID,256.833376,VALID,2.54889,VALID,Online,Resolved: Operating normally
2026-08-15 05:00:00+00:00,20.0,VALID,0.0,VALID,259.381888,VALID,2.5565100000000003,VALID,Online,Resolved: Operating normally
2026-08-15 06:00:00+00:00,20.0,VALID,0.0,VALID,261.010104,VALID,2.5610820000000003,VALID,Online,Resolved: Operating normally
2026-08-15 07:00:00+00:00,19.924999999999997,VALID,0.0,VALID,257.61208799999997,VALID,2.5511760000000003,VALID,Online,Resolved: Operating normally
2026-08-15 08:00:00+00:00,19.7,VALID,0.0,VALID,245.365072,VALID,2.5146,VALID,Online,Resolved: Operating normally
2026-08-15 09:00:00+00:00,19.45,VALID,0.0,VALID,225.968064,VALID,2.454402,VALID,Online,Resolved: Operating normally
2026-08-15 10:00:00+00:00,19.275,VALID,0.0,VALID,208.19927199999998,VALID,2.39649,VALID,Online,Resolved: Operating normally
2026-08-15 11:00:00+00:00,19.2,VALID,0.0,VALID,194.890376,VALID,2.351532,VALID,Online,Resolved: Operating normally
2026-08-15 12:00:00+00:00,19.2,VALID,0.0,VALID,186.395336,VALID,2.3218140000000003,VALID,Online,Resolved: Operating normally
2026-08-15 13:00:00+00:00,19.2,VALID,0.0,VALID,180.44880799999999,VALID,2.300478,VALID,Online,Resolved: Operating normally
2026-08-15 14:00:00+00:00,19.2,VALID,0.0,VALID,177.121584,VALID,2.2882860000000003,VALID,Online,Resolved: Operating normally
2026-08-15 15:00:00+00:00,19.25,VALID,0.0,VALID,180.024056,VALID,2.298954,VALID,Online,Resolved: Operating normally
2026-08-15 16:00:00+00:00,19.3,VALID,0.0,VALID,191.84632,VALID,2.3408640000000003,VALID,Online,Resolved: Operating normally
2026-08-15 17:00:00+00:00,19.375,VALID,0.0,VALID,205.43838399999999,VALID,2.387346,VALID,Online,Resolved: Operating normally
2026-08-15 18:00:00+00:00,19.525,VALID,0.0,VALID,215.56164,VALID,2.4208740000000004,VALID,Online,Resolved: Operating normally
2026-08-15 19:00:00+00:00,19.7,VALID,0.0,VALID,222.853216,VALID,2.444496,VALID,Online,Resolved: Operating normally
2026-08-15 20:00:00+00:00,19.8,VALID,0.0,VALID,226.109648,VALID,2.4551640000000003,VALID,Online,Resolved: Operating normally
2026-08-15 21:00:00+00:00,19.825,VALID,0.0,VALID,228.09182399999997,VALID,2.4612600000000002,VALID,Online,Resolved: Operating normally
2026-08-15 22:00:00+00:00,19.825,VALID,0.0,VALID,229.861624,VALID,2.466594,VALID,Online,Resolved: Operating normally
2026-08-15 23:00:00+00:00,19.9,VALID,0.0,VALID,230.074,VALID,2.467356,VALID,Online,Resolved: Operating normally
2026-08-16 00:00:00+00:00,20.025,VALID,0.0,VALID,230.498752,VALID,2.46888,VALID,Online,Resolved: Operating normally
2026-08-16 01:00:00+00:00,20.175,VALID,0.0,VALID,230.711128,VALID,2.469642,VALID,Online,Resolved: Operating normally
2026-08-16 02:00:00+00:00,20.35,VALID,0.0,VALID,234.179936,VALID,2.4803100000000002,VALID,Online,Resolved: Operating normally
2026-08-16 03:00:00+00:00,20.5,VALID,0.0,VALID,242.037848,VALID,2.504694,VALID,Online,Resolved: Operating normally
2026-08-16 04:00:00+00:00,20.6,VALID,0.0,VALID,249.612592,VALID,2.5275540000000003,VALID,Online,Resolved: Operating normally
2026-08-16 05:00:00+00:00,20.5,VALID,0.0,VALID,254.70961599999998,VALID,2.542794,VALID,Online,Resolved: Operating normally
2026-08-16 06:00:00+00:00,20.375,VALID,0.0,VALID,258.320008,VALID,2.5534620000000006,VALID,Online,Resolved: Operating normally
2026-08-16 07:00:00+00:00,20.2,VALID,0.0,VALID,255.771496,VALID,2.545842,VALID,Online,Resolved: Operating normally
2026-08-16 08:00:00+00:00,20.025,VALID,0.0,VALID,244.090816,VALID,2.51079,VALID,Online,Resolved: Operating normally
2026-08-16 09:00:00+00:00,19.875,VALID,0.0,VALID,225.68489599999998,VALID,2.45364,VALID,Online,Resolved: Operating normally
2026-08-16 10:00:00+00:00,19.8,VALID,0.0,VALID,207.986896,VALID,2.395728,VALID,Online,Resolved: Operating normally
2026-08-16 11:00:00+00:00,19.75,VALID,0.0,VALID,194.890376,VALID,2.351532,VALID,Online,Resolved: Operating normally
2026-08-16 12:00:00+00:00,19.7,VALID,0.0,VALID,185.758208,VALID,2.319528,VALID,Online,Resolved: Operating normally
2026-08-16 13:00:00+00:00,19.6,VALID,0.0,VALID,180.87356,VALID,2.302002,VALID,Online,Resolved: Operating normally
2026-08-16 14:00:00+00:00,19.55,VALID,0.0,VALID,177.68792000000002,VALID,2.290572,VALID,Online,Resolved: Operating normally
2026-08-16 15:00:00+00:00,19.45,VALID,0.0,VALID,180.87356,VALID,2.302002,VALID,Online,Resolved: Operating normally
2026-08-16 16:00:00+00:00,19.35,VALID,0.0,VALID,192.483448,VALID,2.34315,VALID,Online,Resolved: Operating normally
2026-08-16 17:00:00+00:00,19.225,VALID,0.0,VALID,205.43838399999999,VALID,2.387346,VALID,Online,Resolved: Operating normally
2026-08-16 18:00:00+00:00,19.2,VALID,0.0,VALID,215.986392,VALID,2.4223980000000003,VALID,Online,Resolved: Operating normally
2026-08-16 19:00:00+00:00,19.325,VALID,0.0,VALID,222.145296,VALID,2.44221,VALID,Online,Resolved: Operating normally
2026-08-16 20:00:00+00:00,19.475,VALID,0.0,VALID,226.18044,VALID,2.4551640000000003,VALID,Online,Resolved: Operating normally
2026-08-16 21:00:00+00:00,19.725,VALID,0.0,VALID,228.516576,VALID,2.462784,VALID,Online,Resolved: Operating normally
2026-08-16 22:00:00+00:00,19.975,VALID,0.0,VALID,230.074,VALID,2.467356,VALID,Online,Resolved: Operating normally
2026-08-16 23:00:00+00:00,20.2,VALID,0.0,VALID,229.861624,VALID,2.466594,VALID,Online,Resolved: Operating normally
2026-08-17 00:00:00+00:00,20.35,VALID,0.0,VALID,230.498752,VALID,2.46888,VALID,Online,Resolved: Operating normally
2026-08-17 01:00:00+00:00,20.4,VALID,0.0,VALID,231.13588,VALID,2.471166,VALID,Online,Resolved: Operating normally
2026-08-17 02:00:00+00:00,20.4,VALID,0.0,VALID,234.179936,VALID,2.4803100000000002,VALID,Online,Resolved: Operating normally
2026-08-17 03:00:00+00:00,20.4,VALID,0.0,VALID,242.250224,VALID,2.505456,VALID,Online,Resolved: Operating normally
2026-08-17 04:00:00+00:00,20.4,VALID,0.0,VALID,249.612592,VALID,2.5275540000000003,VALID,Online,Resolved: Operating normally
2026-08-17 05:00:00+00:00,20.475,VALID,0.0,VALID,254.49723999999998,VALID,2.5420320000000003,VALID,Online,Resolved: Operating normally
2026-08-17 06:00:00+00:00,20.5,VALID,0.0,VALID,258.10763199999997,VALID,2.5527,VALID,Online,Resolved: Operating normally
2026-08-17 07:00:00+00:00,20.5,VALID,0.0,VALID,255.771496,VALID,2.545842,VALID,Online,Resolved: Operating normally
2026-08-17 08:00:00+00:00,20.375,VALID,0.0,VALID,244.869528,VALID,2.5130760000000003,VALID,Online,Resolved: Operating normally
2026-08-17 09:00:00+00:00,20.2,VALID,0.0,VALID,226.25123200000002,VALID,2.4551640000000003,VALID,Online,Resolved: Operating normally
2026-08-17 10:00:00+00:00,19.975,VALID,0.0,VALID,207.986896,VALID,2.395728,VALID,Online,Resolved: Operating normally
2026-08-17 11:00:00+00:00,19.8,VALID,0.0,VALID,194.961168,VALID,2.351532,VALID,Online,Resolved: Operating normally
2026-08-17 12:00:00+00:00,19.625,VALID,0.0,VALID,186.18296,VALID,2.321052,VALID,Online,Resolved: Operating normally
2026-08-17 13:00:00+00:00,19.475,VALID,0.0,VALID,181.510688,VALID,2.304288,VALID,Online,Resolved: Operating normally
2026-08-17 14:00:00+00:00,19.4,VALID,0.0,VALID,184.05919999999998,VALID,2.313432,VALID,Online,Resolved: Operating normally
2026-08-17 15:00:00+00:00,19.3,VALID,0.0,VALID,195.102752,VALID,2.352294,VALID,Online,Resolved: Operating normally
2026-08-17 16:00:00+00:00,19.325,VALID,0.0,VALID,208.553232,VALID,2.398014,VALID,Online,Resolved: Operating normally
2026-08-17 17:00:00+00:00,19.4,VALID,0.0,VALID,217.897776,VALID,2.428494,VALID,Online,Resolved: Operating normally
2026-08-17 18:00:00+00:00,19.55,VALID,0.0,VALID,223.065592,VALID,2.445258,VALID,Online,Resolved: Operating normally
2026-08-17 19:00:00+00:00,19.75,VALID,0.0,VALID,226.88836,VALID,2.4574500000000006,VALID,Online,Resolved: Operating normally
2026-08-17 20:00:00+00:00,20.0,VALID,0.0,VALID,229.082912,VALID,2.464308,VALID,Online,Resolved: Operating normally
2026-08-17 21:00:00+00:00,20.25,VALID,0.0,VALID,229.649248,VALID,2.4658320000000002,VALID,Online,Resolved: Operating normally
2026-08-17 22:00:00+00:00,20.5,VALID,0.0,VALID,229.861624,VALID,2.466594,VALID,Online,Resolved: Operating normally
2026-08-17 23:00:00+00:00,20.7,VALID,0.0,VALID,230.286376,VALID,2.468118,VALID,Online,Resolved: Operating normally
2026-08-18 00:00:00+00:00,20.85,VALID,0.0,VALID,230.711128,VALID,2.4696420000000003,VALID,Online,Resolved: Operating normally
2026-08-18 01:00:00+00:00,21.0,VALID,0.0,VALID,234.392312,VALID,2.481072,VALID,Online,Resolved: Operating normally
2026-08-18 02:00:00+00:00,21.0,VALID,0.0,VALID,242.533392,VALID,2.506218,VALID,Online,Resolved: Operating normally
2026-08-18 03:00:00+00:00,21.0,VALID,0.0,VALID,251.17001599999998,VALID,2.532126,VALID,Online,Resolved: Operating normally
2026-08-18 04:00:00+00:00,21.0,VALID,0.0,VALID,257.045752,VALID,2.549652,VALID,Online,Resolved: Operating normally
2026-08-18 05:00:00+00:00,21.0,VALID,0.0,VALID,261.010104,VALID,2.5610820000000003,VALID,Online,Resolved: Operating normally
2026-08-18 06:00:00+00:00,21.0,VALID,0.0,VALID,261.93039999999996,VALID,2.56413,VALID,Online,Resolved: Operating normally
2026-08-18 07:00:00+00:00,20.924999999999997,VALID,0.0,VALID,258.886344,VALID,2.554986,VALID,Online,Resolved: Operating normally
2026-08-18 08:00:00+00:00,20.75,VALID,0.0,VALID,245.860616,VALID,2.516124,VALID,Online,Resolved: Operating normally
2026-08-18 09:00:00+00:00,20.525,VALID,0.0,VALID,226.675984,VALID,2.456688,VALID,Online,Resolved: Operating normally
2026-08-18 10:00:00+00:00,20.35,VALID,0.0,VALID,209.048776,VALID,2.399538,VALID,Online,Resolved: Operating normally
2026-08-18 11:00:00+00:00,20.15,VALID,0.0,VALID,195.881464,VALID,2.3545800000000003,VALID,Online,Resolved: Operating normally
2026-08-18 12:00:00+00:00,20.025,VALID,0.0,VALID,187.24484,VALID,2.324862,VALID,Online,Resolved: Operating normally
2026-08-18 13:00:00+00:00,19.924999999999997,VALID,0.0,VALID,182.14781599999998,VALID,2.3065740000000003,VALID,Online,Resolved: Operating normally
2026-08-18 14:00:00+00:00,19.85,VALID,0.0,VALID,184.05919999999998,VALID,2.313432,VALID,Online,Resolved: Operating normally
2026-08-18 15:00:00+00:00,19.8,VALID,0.0,VALID,196.023048,VALID,2.3553420000000003,VALID,Online,Resolved: Operating normally
2026-08-18 16:00:00+00:00,19.8,VALID,0.0,VALID,209.048776,VALID,2.399538,VALID,Online,Resolved: Operating normally
2026-08-18 17:00:00+00:00,19.85,VALID,0.0,VALID,218.322528,VALID,2.430018,VALID,Online,Resolved: Operating normally
2026-08-18 18:00:00+00:00,19.95,VALID,0.0,VALID,224.269056,VALID,2.449068,VALID,Online,Resolved: Operating normally
2026-08-18 19:00:00+00:00,20.15,VALID,0.0,VALID,227.80865599999998,VALID,2.4604980000000003,VALID,Online,Resolved: Operating normally
2026-08-18 20:00:00+00:00,20.4,VALID,0.0,VALID,229.861624,VALID,2.466594,VALID,Online,Resolved: Operating normally
2026-08-18 21:00:00+00:00,20.675,VALID,0.0,VALID,230.498752,VALID,2.46888,VALID,Online,Resolved: Operating normally
2026-08-18 22:00:00+00:00,20.9,VALID,0.0,VALID,231.206672,VALID,2.471166,VALID,Online,Resolved: Operating normally
2026-08-18 23:00:00+00:00,21.1,VALID,0.0,VALID,232.19776000000002,VALID,2.474214,VALID,Online,Resolved: Operating normally
2026-08-19 00:00:00+00:00,21.225,VALID,0.0,VALID,232.90568000000002,VALID,2.4765,VALID,Online,Resolved: Operating normally
2026-08-19 01:00:00+00:00,21.3,VALID,0.0,VALID,235.595776,VALID,2.4848820000000003,VALID,Online,Resolved: Operating normally
2026-08-19 02:00:00+00:00,21.3,VALID,0.0,VALID,243.87844,VALID,2.510028,VALID,Online,Resolved: Operating normally
2026-08-19 03:00:00+00:00,21.3,VALID,0.0,VALID,252.161104,VALID,2.535174,VALID,Online,Resolved: Operating normally
2026-08-19 04:00:00+00:00,21.35,VALID,0.0,VALID,257.824464,VALID,2.5519380000000003,VALID,Online,Resolved: Operating normally
2026-08-19 05:00:00+00:00,21.4,VALID,0.0,VALID,261.505648,VALID,2.562606,VALID,Online,Resolved: Operating normally
2026-08-19 06:00:00+00:00,21.4,VALID,0.0,VALID,261.93039999999996,VALID,2.56413,VALID,Online,Resolved: Operating normally
2026-08-19 07:00:00+00:00,21.325,VALID,0.0,VALID,258.81555199999997,VALID,2.5549860000000004,VALID,Online,Resolved: Operating normally
2026-08-19 08:00:00+00:00,21.15,VALID,0.0,VALID,246.35616,VALID,2.5176480000000003,VALID,Online,Resolved: Operating normally
2026-08-19 09:00:00+00:00,20.95,VALID,0.0,VALID,226.463608,VALID,2.455926,VALID,Online,Resolved: Operating normally
2026-08-19 10:00:00+00:00,20.75,VALID,0.0,VALID,208.41164799999999,VALID,2.397252,VALID,Online,Resolved: Operating normally
2026-08-19 11:00:00+00:00,20.575000000000003,VALID,0.0,VALID,195.173544,VALID,2.352294,VALID,Online,Resolved: Operating normally
2026-08-19 12:00:00+00:00,20.45,VALID,0.0,VALID,185.970584,VALID,2.32029,VALID,Online,Resolved: Operating normally
2026-08-19 13:00:00+00:00,20.375,VALID,0.0,VALID,180.87356,VALID,2.302002,VALID,Online,Resolved: Operating normally
2026-08-19 14:00:00+00:00,20.3,VALID,0.0,VALID,182.99732,VALID,2.309622,VALID,Online,Resolved: Operating normally
2026-08-19 15:00:00+00:00,20.2,VALID,0.0,VALID,195.38592,VALID,2.353056,VALID,Online,Resolved: Operating normally
2026-08-19 16:00:00+00:00,20.2,VALID,0.0,VALID,208.765608,VALID,2.3987760000000002,VALID,Online,Resolved: Operating normally
2026-08-19 17:00:00+00:00,20.2,VALID,0.0,VALID,218.818072,VALID,2.4315420000000003,VALID,Online,Resolved: Operating normally
2026-08-19 18:00:00+00:00,20.275,VALID,0.0,VALID,224.05668,VALID,2.4483059999999996,VALID,Online,Resolved: Operating normally
2026-08-19 19:00:00+00:00,20.424999999999997,VALID,0.0,VALID,226.39281599999998,VALID,2.4559260000000003,VALID,Online,Resolved: Operating normally
2026-08-19 20:00:00+00:00,20.6,VALID,0.0,VALID,229.082912,VALID,2.464308,VALID,Online,Resolved: Operating normally
2026-08-19 21:00:00+00:00,20.8,VALID,0.0,VALID,229.578456,VALID,2.4658320000000002,VALID,Online,Resolved: Operating normally
2026-08-19 22:00:00+00:00,21.05,VALID,0.0,VALID,229.861624,VALID,2.466594,VALID,Online,Resolved: Operating normally
2026-08-19 23:00:00+00:00,21.25,VALID,0.0,VALID,230.286376,VALID,2.468118,VALID,Online,Resolved: Operating normally
2026-08-20 00:00:00+00:00,21.375,VALID,0.0,VALID,230.92350399999998,VALID,2.4704040000000003,VALID,Online,Resolved: Operating normally
2026-08-20 01:00:00+00:00,21.4,VALID,0.0,VALID,234.109144,VALID,2.4803100000000002,VALID,Online,Resolved: Operating normally
2026-08-20 02:00:00+00:00,21.4,VALID,0.0,VALID,241.825472,VALID,2.5039320000000003,VALID,Online,Resolved: Operating normally
2026-08-20 03:00:00+00:00,21.4,VALID,0.0,VALID,249.612592,VALID,2.5275540000000003,VALID,Online,Resolved: Operating normally
2026-08-20 04:00:00+00:00,21.4,VALID,0.0,VALID,257.61208799999997,VALID,2.5511760000000003,VALID,Online,Resolved: Operating normally
2026-08-20 05:00:00+00:00,21.45,VALID,0.0,VALID,260.726936,VALID,2.5603200000000004,VALID,Online,Resolved: Operating normally
2026-08-20 06:00:00+00:00,21.5,VALID,0.0,VALID,262.496736,VALID,2.5656540000000003,VALID,Online,Resolved: Operating normally
2026-08-20 07:00:00+00:00,21.475,VALID,0.0,VALID,258.886344,VALID,2.5549860000000004,VALID,Online,Resolved: Operating normally
2026-08-20 08:00:00+00:00,21.3,VALID,0.0,VALID,246.072992,VALID,2.516886,VALID,Online,Resolved: Operating normally
2026-08-20 09:00:00+00:00,21.05,VALID,0.0,VALID,227.24232,VALID,2.458212,VALID,Online,Resolved: Operating normally
2026-08-20 10:00:00+00:00,20.8,VALID,0.0,VALID,208.624024,VALID,2.398014,VALID,Online,Resolved: Operating normally
2026-08-20 11:00:00+00:00,20.525,VALID,0.0,VALID,194.465624,VALID,2.350008,VALID,Online,Resolved: Operating normally
2026-08-20 12:00:00+00:00,20.35,VALID,0.0,VALID,185.758208,VALID,2.319528,VALID,Online,Resolved: Operating normally
2026-08-20 13:00:00+00:00,20.225,VALID,0.0,VALID,181.510688,VALID,2.304288,VALID,Online,Resolved: Operating normally
2026-08-20 14:00:00+00:00,20.125,VALID,0.0,VALID,182.99732,VALID,2.309622,VALID,Online,Resolved: Operating normally
2026-08-20 15:00:00+00:00,20.1,VALID,0.0,VALID,195.38592,VALID,2.353056,VALID,Online,Resolved: Operating normally
2026-08-20 16:00:00+00:00,20.1,VALID,0.0,VALID,208.12848,VALID,2.39649,VALID,Online,Resolved: Operating normally
2026-08-20 17:00:00+00:00,20.125,VALID,0.0,VALID,217.897776,VALID,2.428494,VALID,Online,Resolved: Operating normally
2026-08-20 18:00:00+00:00,20.225,VALID,0.0,VALID,223.844304,VALID,2.447544,VALID,Online,Resolved: Operating normally
2026-08-20 19:00:00+00:00,20.375,VALID,0.0,VALID,227.59627999999998,VALID,2.4597360000000004,VALID,Online,Resolved: Operating normally
2026-08-20 20:00:00+00:00,20.55,VALID,0.0,VALID,229.578456,VALID,2.4658320000000002,VALID,Online,Resolved: Operating normally
2026-08-20 21:00:00+00:00,20.75,VALID,0.0,VALID,231.13588,VALID,2.471166,VALID,Online,Resolved: Operating normally
2026-08-20 22:00:00+00:00,20.924999999999997,VALID,0.0,VALID,231.13588,VALID,2.471166,VALID,Online,Resolved: Operating normally
2026-08-20 23:00:00+00:00,21.0,VALID,0.0,VALID,231.348256,VALID,2.471928,VALID,Online,Resolved: Operating normally
2026-08-21 00:00:00+00:00,21.0,VALID,0.0,VALID,231.63142399999998,VALID,2.47269,VALID,Online,Resolved: Operating normally
2026-08-21 01:00:00+00:00,21.0,VALID,0.0,VALID,234.392312,VALID,2.481072,VALID,Online,Resolved: Operating normally
2026-08-21 02:00:00+00:00,21.0,VALID,0.0,VALID,241.117552,VALID,2.501646,VALID,Online,Resolved: Operating normally
2026-08-21 03:00:00+00:00,21.0,VALID,0.254,VALID,250.391304,VALID,2.52984,VALID,Online,Resolved: Operating normally
2026-08-21 04:00:00+00:00,21.0,VALID,2.7939999999999996,VALID,255.55912,VALID,2.54508,VALID,Online,Resolved: Operating normally
2026-08-21 05:00:00+00:00,21.15,VALID,0.0,VALID,259.665056,VALID,2.557272,VALID,Online,Resolved: Operating normally
2026-08-21 06:00:00+00:00,21.15,VALID,0.0,VALID,261.505648,VALID,2.562606,VALID,Online,Resolved: Operating normally
2026-08-21 07:00:00+00:00,21.025,VALID,0.0,VALID,259.381888,VALID,2.5565100000000003,VALID,Online,Resolved: Operating normally
2026-08-21 08:00:00+00:00,20.85,VALID,0.0,VALID,246.63932799999998,VALID,2.5184100000000003,VALID,Online,Resolved: Operating normally
2026-08-21 09:00:00+00:00,20.65,VALID,0.0,VALID,226.746776,VALID,2.456688,VALID,Online,Resolved: Operating normally
2026-08-21 10:00:00+00:00,20.525,VALID,0.0,VALID,207.77452,VALID,2.394966,VALID,Online,Resolved: Operating normally
2026-08-21 11:00:00+00:00,20.4,VALID,0.0,VALID,198.783936,VALID,2.3652480000000002,VALID,Online,Resolved: Operating normally
