,Streamflow,Streamflow_qa_flag,Gage height,Gage height_qa_flag,Station_State,Active_Alarms
2026-01-01 06:00:00+00:00,2472.05664,VALID,-0.28346400000000005,VALID,Warning,WARN: High flow rate detected (Flood risk)
2026-01-01 07:00:00+00:00,2477.72,VALID,-0.27432,VALID,Warning,WARN: High flow rate detected (Flood risk)
2026-01-01 08:00:00+00:00,2486.21504,VALID,-0.265176,VALID,Warning,WARN: High flow rate detected (Flood risk)
2026-01-01 09:00:00+00:00,2474.88832,VALID,-0.280416,VALID,Warning,WARN: High flow rate detected (Flood risk)
2026-01-01 10:00:00+00:00,2483.38336,VALID,-0.268224,VALID,Warning,WARN: High flow rate detected (Flood risk)
2026-01-01 11:00:00+00:00,2479.13584,VALID,-0.275844,VALID,Warning,WARN: High flow rate detected (Flood risk)
2026-01-01 12:00:00+00:00,2479.13584,VALID,-0.27432,VALID,Warning,WARN: High flow rate detected (Flood risk)
2026-01-01 13:00:00+00:00,2474.88832,VALID,-0.280416,VALID,Warning,WARN: High flow rate detected (Flood risk)
2026-01-01 15:00:00+00:00,2472.05664,VALID,-0.286512,VALID,Warning,WARN: High flow rate detected (Flood risk)
2026-01-01 16:00:00+00:00,2469.22496,VALID,-0.28956,VALID,Warning,WARN: High flow rate detected (Flood risk)
2026-01-01 17:00:00+00:00,2466.39328,VALID,-0.29565600000000003,VALID,Warning,WARN: High flow rate detected (Flood risk)
2026-01-01 18:00:00+00:00,2467.80912,VALID,-0.292608,VALID,Warning,WARN: High flow rate detected (Flood risk)
2026-01-01 19:00:00+00:00,2470.6408,VALID,-0.288036,VALID,Warning,WARN: High flow rate detected (Flood risk)
2026-01-01 20:00:00+00:00,2476.3041599999997,VALID,-0.283464,VALID,Warning,WARN: High flow rate detected (Flood risk)
2026-01-01 21:00:00+00:00,2469.2249599999996,VALID,-0.292608,VALID,Warning,WARN: High flow rate detected (Flood risk)
2026-01-01 22:00:00+00:00,2470.6408,VALID,-0.28956000000000004,VALID,Warning,WARN: High flow rate detected (Flood risk)
2026-01-01 23:00:00+00:00,2464.9774399999997,VALID,-0.29870399999999997,VALID,Warning,WARN: High flow rate detected (Flood risk)
2026-01-02 00:00:00+00:00,2470.6408,VALID,-0.28956000000000004,VALID,Warning,WARN: High flow rate detected (Flood risk)
2026-01-02 01:00:00+00:00,2470.6408,VALID,-0.291084,VALID,Warning,WARN: High flow rate detected (Flood risk)
2026-01-02 02:00:00+00:00,2469.22496,VALID,-0.294132,VALID,Warning,WARN: High flow rate detected (Flood risk)
2026-01-02 03:00:00+00:00,2474.88832,VALID,-0.286512,VALID,Warning,WARN: High flow rate detected (Flood risk)
2026-01-02 04:00:00+00:00,2473.47248,VALID,-0.288036,VALID,Warning,WARN: High flow rate detected (Flood risk)
2026-01-02 05:00:00+00:00,2472.05664,VALID,-0.28956,VALID,Warning,WARN: High flow rate detected (Flood risk)
2026-01-02 06:00:00+00:00,2480.55168,VALID,-0.277368,VALID,Warning,WARN: High flow rate detected (Flood risk)
2026-01-02 07:00:00+00:00,2473.47248,VALID,-0.28956000000000004,VALID,Warning,WARN: High flow rate detected (Flood risk)
2026-01-02 08:00:00+00:00,2472.05664,VALID,-0.291084,VALID,Warning,WARN: High flow rate detected (Flood risk)
2026-01-02 09:00:00+00:00,2474.88832,VALID,-0.286512,VALID,Warning,WARN: High flow rate detected (Flood risk)
2026-01-02 10:00:00+00:00,2474.88832,VALID,-0.28803599999999996,VALID,Warning,WARN: High flow rate detected (Flood risk)
2026-01-02 11:00:00+00:00,2467.80912,VALID,-0.29718,VALID,Warning,WARN: High flow rate detected (Flood risk)
2026-01-02 12:00:00+00:00,2469.22496,VALID,-0.29565600000000003,VALID,Warning,WARN: High flow rate detected (Flood risk)
2026-01-02 13:00:00+00:00,2470.6408,VALID,-0.29565600000000003,VALID,Warning,WARN: High flow rate detected (Flood risk)
2026-01-02 14:00:00+00:00,2462.14576,VALID,-0.307848,VALID,Warning,WARN: High flow rate detected (Flood risk)
2026-01-02 15:00:00+00:00,2477.72,VALID,-0.286512,VALID,Warning,WARN: High flow rate detected (Flood risk)
2026-01-02 16:00:00+00:00,2474.88832,VALID,-0.291084,VALID,Warning,WARN: High flow rate detected (Flood risk)
2026-01-02 17:00:00+00:00,2462.14576,VALID,-0.307848,VALID,Warning,WARN: High flow rate detected (Flood risk)
2026-01-02 18:00:00+00:00,2479.13584,VALID,-0.283464,VALID,Warning,WARN: High flow rate detected (Flood risk)
2026-01-02 19:00:00+00:00,2453.6507199999996,VALID,-0.32004000000000005,VALID,Warning,WARN: High flow rate detected (Flood risk)
2026-01-02 20:00:00+00:00,2446.57152,VALID,-0.332232,VALID,Warning,WARN: High flow rate detected (Flood risk)
2026-01-02 21:00:00+00:00,2452.23488,VALID,-0.324612,VALID,Warning,WARN: High flow rate detected (Flood risk)
2026-01-02 22:00:00+00:00,2433.82896,VALID,-0.348996,VALID,Warning,WARN: High flow rate detected (Flood risk)
2026-01-02 23:00:00+00:00,2402.68048,VALID,-0.39624000000000004,VALID,Warning,WARN: High flow rate detected (Flood risk)
2026-01-03 00:00:00+00:00,2409.75968,VALID,-0.387096,VALID,Warning,WARN: High flow rate detected (Flood risk)
2026-01-03 01:00:00+00:00,2388.5220799999997,VALID,-0.416052,VALID,Warning,WARN: High flow rate detected (Flood risk)
2026-01-03 02:00:00+00:00,2388.5220799999997,VALID,-0.41757600000000006,VALID,Warning,WARN: High flow rate detected (Flood risk)
2026-01-03 03:00:00+00:00,2382.85872,VALID,-0.425196,VALID,Warning,WARN: High flow rate detected (Flood risk)
2026-01-03 04:00:00+00:00,2389.93792,VALID,-0.41452800000000006,VALID,Warning,WARN: High flow rate detected (Flood risk)
2026-01-03 05:00:00+00:00,2375.77952,VALID,-0.437388,VALID,Warning,WARN: High flow rate detected (Flood risk)
2026-01-03 06:00:00+00:00,2377.1953599999997,VALID,-0.43434,VALID,Warning,WARN: High flow rate detected (Flood risk)
2026-01-03 07:00:00+00:00,2368.70032,VALID,-0.44653200000000004,VALID,Warning,WARN: High flow rate detected (Flood risk)
2026-01-03 09:00:00+00:00,2368.70032,VALID,-0.44653200000000004,VALID,Warning,WARN: High flow rate detected (Flood risk)
2026-01-03 10:00:00+00:00,2367.28448,VALID,-0.451104,VALID,Warning,WARN: High flow rate detected (Flood risk)
2026-01-03 11:00:00+00:00,2367.28448,VALID,-0.451104,VALID,Warning,WARN: High flow rate detected (Flood risk)
2026-01-03 13:00:00+00:00,2370.1161599999996,VALID,-0.44653200000000004,VALID,Warning,WARN: High flow rate detected (Flood risk)
2026-01-03 14:00:00+00:00,2364.4528,VALID,-0.455676,VALID,Warning,WARN: High flow rate detected (Flood risk)
2026-01-03 15:00:00+00:00,2364.4528,VALID,-0.455676,VALID,Warning,WARN: High flow rate detected (Flood risk)
2026-01-03 16:00:00+00:00,2364.4528,VALID,-0.45720000000000005,VALID,Warning,WARN: High flow rate detected (Flood risk)
2026-01-03 17:00:00+00:00,2377.1953599999997,VALID,-0.437388,VALID,Warning,WARN: High flow rate detected (Flood risk)
2026-01-03 18:00:00+00:00,2392.7696,VALID,-0.416052,VALID,Warning,WARN: High flow rate detected (Flood risk)
2026-01-03 19:00:00+00:00,2409.75968,VALID,-0.391668,VALID,Warning,WARN: High flow rate detected (Flood risk)
2026-01-03 20:00:00+00:00,2425.33392,VALID,-0.368808,VALID,Warning,WARN: High flow rate detected (Flood risk)
2026-01-03 21:00:00+00:00,2433.82896,VALID,-0.35661600000000004,VALID,Warning,WARN: High flow rate detected (Flood risk)
2026-01-03 22:00:00+00:00,2447.98736,VALID,-0.338328,VALID,Warning,WARN: High flow rate detected (Flood risk)
2026-01-03 23:00:00+00:00,2467.80912,VALID,-0.309372,VALID,Warning,WARN: High flow rate detected (Flood risk)
2026-01-04 00:00:00+00:00,2473.47248,VALID,-0.301752,VALID,Warning,WARN: High flow rate detected (Flood risk)
2026-01-04 01:00:00+00:00,2479.13584,VALID,-0.29565600000000003,VALID,Warning,WARN: High flow rate detected (Flood risk)
2026-01-04 02:00:00+00:00,2496.12592,VALID,-0.269748,VALID,Warning,WARN: High flow rate detected (Flood risk)
2026-01-04 03:00:00+00:00,2511.7001600000003,VALID,-0.24841200000000002,VALID,Warning,WARN: High flow rate detected (Flood risk)
2026-01-04 04:00:00+00:00,2528.69024,VALID,-0.224028,VALID,Warning,WARN: High flow rate detected (Flood risk)
2026-01-04 05:00:00+00:00,2566.91792,VALID,-0.172212,VALID,Warning,WARN: High flow rate detected (Flood risk)
2026-01-04 06:00:00+00:00,2595.23472,VALID,-0.134112,VALID,Warning,WARN: High flow rate detected (Flood risk)
2026-01-04 07:00:00+00:00,2639.12576,VALID,-0.07315200000000001,VALID,Warning,WARN: High flow rate detected (Flood risk)
2026-01-04 08:00:00+00:00,2632.0465599999998,VALID,-0.08382,VALID,Warning,WARN: High flow rate detected (Flood risk)
2026-01-04 09:00:00+00:00,2656.11584,VALID,-0.051816,VALID,Warning,WARN: High flow rate detected (Flood risk)
2026-01-04 10:00:00+00:00,2668.8584,VALID,-0.03505200000000001,VALID,Warning,WARN: High flow rate detected (Flood risk)
2026-01-04 11:00:00+00:00,2683.0168,VALID,-0.01524,VALID,Warning,WARN: High flow rate detected (Flood risk)
2026-01-04 12:00:00+00:00,2698.59104,VALID,0.007620000000000001,VALID,Warning,WARN: High flow rate detected (Flood risk)
2026-01-04 13:00:00+00:00,2688.68016,VALID,-0.009144,VALID,Warning,WARN: High flow rate detected (Flood risk)
2026-01-04 14:00:00+00:00,2707.08608,VALID,0.018288,VALID,Warning,WARN: High flow rate detected (Flood risk)
2026-01-04 15:00:00+00:00,2704.2544,VALID,0.012192000000000001,VALID,Warning,WARN: High flow rate detected (Flood risk)
2026-01-04 16:00:00+00:00,2718.4128,VALID,0.030480000000000004,VALID,Warning,WARN: High flow rate detected (Flood risk)
2026-01-04 17:00:00+00:00,2712.74944,VALID,0.022860000000000002,VALID,Warning,WARN: High flow rate detected (Flood risk)
2026-01-04 18:00:00+00:00,2714.16528,VALID,0.024384000000000003,VALID,Warning,WARN: High flow rate detected (Flood risk)
2026-01-04 19:00:00+00:00,2724.07616,VALID,0.036576,VALID,Warning,WARN: High flow rate detected (Flood risk)
2026-01-04 20:00:00+00:00,2709.91776,VALID,0.018288,VALID,Warning,WARN: High flow rate detected (Flood risk)
2026-01-04 21:00:00+00:00,2722.66032,VALID,0.03505200000000001,VALID,Warning,WARN: High flow rate detected (Flood risk)
2026-01-04 22:00:00+00:00,2726.90784,VALID,0.041148000000000004,VALID,Warning,WARN: High flow rate detected (Flood risk)
2026-01-04 23:00:00+00:00,2724.0761599999996,VALID,0.03810000000000001,VALID,Warning,WARN: High flow rate detected (Flood risk)
2026-01-05 00:00:00+00:00,2728.32368,VALID,0.041148000000000004,VALID,Warning,WARN: High flow rate detected (Flood risk)
2026-01-05 01:00:00+00:00,2729.73952,VALID,0.044196000000000006,VALID,Warning,WARN: High flow rate detected (Flood risk)
2026-01-05 02:00:00+00:00,2726.90784,VALID,0.039624000000000006,VALID,Warning,WARN: High flow rate detected (Flood risk)
2026-01-05 03:00:00+00:00,2719.8286399999997,VALID,0.030480000000000007,VALID,Warning,WARN: High flow rate detected (Flood risk)
2026-01-05 04:00:00+00:00,2731.1553599999997,VALID,0.04572000000000001,VALID,Warning,WARN: High flow rate detected (Flood risk)
2026-01-05 05:00:00+00:00,2733.98704,VALID,0.048768000000000006,VALID,Warning,WARN: High flow rate detected (Flood risk)
2026-01-05 06:00:00+00:00,2718.4128,VALID,0.027431999999999998,VALID,Warning,WARN: High flow rate detected (Flood risk)
2026-01-05 07:00:00+00:00,2725.492,VALID,0.036576000000000004,VALID,Warning,WARN: High flow rate detected (Flood risk)
2026-01-05 08:00:00+00:00,2729.73952,VALID,0.042672,VALID,Warning,WARN: High flow rate detected (Flood risk)
2026-01-05 09:00:00+00:00,2722.66032,VALID,0.032004000000000005,VALID,Warning,WARN: High flow rate detected (Flood risk)
2026-01-05 10:00:00+00:00,2722.66032,VALID,0.032004000000000005,VALID,Warning,WARN: High flow rate detected (Flood risk)
2026-01-05 11:00:00+00:00,2721.24448,VALID,0.028956000000000003,VALID,Warning,WARN: High flow rate detected (Flood risk)
2026-01-05 12:00:00+00:00,2724.0761599999996,VALID,0.033528,VALID,Warning,WARN: High flow rate detected (Flood risk)
2026-01-05 13:00:00+00:00,2712.74944,VALID,0.018288,VALID,Warning,WARN: High flow rate detected (Flood risk)
2026-01-05 14:00:00+00:00,2721.2444800000003,VALID,0.027432000000000005,VALID,Warning,WARN: High flow rate detected (Flood risk)
2026-01-05 15:00:00+00:00,2721.24448,VALID,0.027432,VALID,Warning,WARN: High flow rate detected (Flood risk)
2026-01-05 16:00:00+00:00,2725.492,VALID,0.032004000000000005,VALID,Warning,WARN: High flow rate detected (Flood risk)
2026-01-05 17:00:00+00:00,2718.4128,VALID,0.02286,VALID,Warning,WARN: High flow rate detected (Flood risk)
2026-01-05 18:00:00+00:00,2724.0761599999996,VALID,0.032004,VALID,Warning,WARN: High flow rate detected (Flood risk)
2026-01-05 19:00:00+00:00,2718.4128,VALID,0.022860000000000005,VALID,Warning,WARN: High flow rate detected (Flood risk)
2026-01-05 20:00:00+00:00,2719.8286399999997,VALID,0.024384000000000003,VALID,Warning,WARN: High flow rate detected (Flood risk)
2026-01-05 21:00:00+00:00,2714.16528,VALID,0.016764,VALID,Warning,WARN: High flow rate detected (Flood risk)
2026-01-05 22:00:00+00:00,2718.4128,VALID,0.021336,VALID,Warning,WARN: High flow rate detected (Flood risk)
2026-01-05 23:00:00+00:00,2724.07616,VALID,0.030480000000000004,VALID,Warning,WARN: High flow rate detected (Flood risk)
2026-01-06 00:00:00+00:00,2724.07616,VALID,0.027432,VALID,Warning,WARN: High flow rate detected (Flood risk)
2026-01-06 01:00:00+00:00,2715.58112,VALID,0.016764,VALID,Warning,WARN: High flow rate detected (Flood risk)
2026-01-06 02:00:00+00:00,2712.74944,VALID,0.012192000000000001,VALID,Warning,WARN: High flow rate detected (Flood risk)
2026-01-06 03:00:00+00:00,2704.2544,VALID,0.0,VALID,Warning,WARN: High flow rate detected (Flood risk)
2026-01-06 04:00:00+00:00,2692.92768,VALID,-0.01524,VALID,Warning,WARN: High flow rate detected (Flood risk)
2026-01-06 05:00:00+00:00,2684.43264,VALID,-0.024384000000000003,VALID,Warning,WARN: High flow rate detected (Flood risk)
2026-01-06 06:00:00+00:00,2664.61088,VALID,-0.051816,VALID,Warning,WARN: High flow rate detected (Flood risk)
2026-01-06 07:00:00+00:00,2650.45248,VALID,-0.073152,VALID,Warning,WARN: High flow rate detected (Flood risk)
2026-01-06 08:00:00+00:00,2643.37328,VALID,-0.08229600000000001,VALID,Warning,WARN: High flow rate detected (Flood risk)
2026-01-06 09:00:00+00:00,2641.95744,VALID,-0.08534400000000002,VALID,Warning,WARN: High flow rate detected (Flood risk)
2026-01-06 10:00:00+00:00,2634.87824,VALID,-0.09448800000000002,VALID,Warning,WARN: High flow rate detected (Flood risk)
2026-01-06 11:00:00+00:00,2624.96736,VALID,-0.10820400000000001,VALID,Warning,WARN: High flow rate detected (Flood risk)
2026-01-06 12:00:00+00:00,2616.47232,VALID,-0.118872,VALID,Warning,WARN: High flow rate detected (Flood risk)
2026-01-06 13:00:00+00:00,2593.81888,VALID,-0.1524,VALID,Warning,WARN: High flow rate detected (Flood risk)
2026-01-06 14:00:00+00:00,2595.23472,VALID,-0.150876,VALID,Warning,WARN: High flow rate detected (Flood risk)
2026-01-06 15:00:00+00:00,2593.81888,VALID,-0.1524,VALID,Warning,WARN: High flow rate detected (Flood risk)
2026-01-06 16:00:00+00:00,2596.65056,VALID,-0.14935199999999998,VALID,Warning,WARN: High flow rate detected (Flood risk)
2026-01-06 17:00:00+00:00,2593.81888,VALID,-0.155448,VALID,Warning,WARN: High flow rate detected (Flood risk)
2026-01-06 18:00:00+00:00,2593.81888,VALID,-0.1524,VALID,Warning,WARN: High flow rate detected (Flood risk)
2026-01-06 19:00:00+00:00,2585.32384,VALID,-0.16459200000000002,VALID,Warning,WARN: High flow rate detected (Flood risk)
2026-01-06 20:00:00+00:00,2599.4822400000003,VALID,-0.14782800000000001,VALID,Warning,WARN: High flow rate detected (Flood risk)
2026-01-06 21:00:00+00:00,2602.31392,VALID,-0.143256,VALID,Warning,WARN: High flow rate detected (Flood risk)
2026-01-06 22:00:00+00:00,2620.7198399999997,VALID,-0.11734800000000001,VALID,Warning,WARN: High flow rate detected (Flood risk)
2026-01-06 23:00:00+00:00,2653.28416,VALID,-0.073152,VALID,Warning,WARN: High flow rate detected (Flood risk)
2026-01-07 00:00:00+00:00,2673.10592,VALID,-0.048768000000000006,VALID,Warning,WARN: High flow rate detected (Flood risk)
2026-01-07 01:00:00+00:00,2701.42272,VALID,-0.009144,VALID,Warning,WARN: High flow rate detected (Flood risk)
2026-01-07 02:00:00+00:00,2725.492,VALID,0.02286,VALID,Warning,WARN: High flow rate detected (Flood risk)
2026-01-07 03:00:00+00:00,2738.23456,VALID,0.039624000000000006,VALID,Warning,WARN: High flow rate detected (Flood risk)
2026-01-07 04:00:00+00:00,2752.39296,VALID,0.059436,VALID,Warning,WARN: High flow rate detected (Flood risk)
2026-01-07 05:00:00+00:00,2765.13552,VALID,0.07620000000000002,VALID,Warning,WARN: High flow rate detected (Flood risk)
2026-01-07 06:00:00+00:00,2776.46224,VALID,0.088392,VALID,Warning,WARN: High flow rate detected (Flood risk)
2026-01-07 07:00:00+00:00,2780.7097599999997,VALID,0.09448800000000002,VALID,Warning,WARN: High flow rate detected (Flood risk)
2026-01-07 08:00:00+00:00,2789.2047999999995,VALID,0.10668000000000001,VALID,Warning,WARN: High flow rate detected (Flood risk)
2026-01-07 09:00:00+00:00,2793.45232,VALID,0.111252,VALID,Warning,WARN: High flow rate detected (Flood risk)
2026-01-07 10:00:00+00:00,2796.2839999999997,VALID,0.11430000000000001,VALID,Warning,WARN: High flow rate detected (Flood risk)
2026-01-07 11:00:00+00:00,2799.11568,VALID,0.118872,VALID,Warning,WARN: High flow rate detected (Flood risk)
2026-01-07 12:00:00+00:00,2790.62064,VALID,0.108204,VALID,Warning,WARN: High flow rate detected (Flood risk)
2026-01-07 13:00:00+00:00,2799.11568,VALID,0.118872,VALID,Warning,WARN: High flow rate detected (Flood risk)
2026-01-07 14:00:00+00:00,2796.2839999999997,VALID,0.112776,VALID,Warning,WARN: High flow rate detected (Flood risk)
2026-01-07 15:00:00+00:00,2804.77904,VALID,0.123444,VALID,Warning,WARN: High flow rate detected (Flood risk)
2026-01-07 16:00:00+00:00,2800.5315199999995,VALID,0.118872,VALID,Warning,WARN: High flow rate detected (Flood risk)
2026-01-07 17:00:00+00:00,2801.94736,VALID,0.120396,VALID,Warning,WARN: High flow rate detected (Flood risk)
2026-01-07 18:00:00+00:00,2799.11568,VALID,0.11582400000000001,VALID,Warning,WARN: High flow rate detected (Flood risk)
2026-01-07 19:00:00+00:00,2809.0265600000002,VALID,0.12801600000000002,VALID,Warning,WARN: High flow rate detected (Flood risk)
2026-01-07 20:00:00+00:00,2801.94736,VALID,0.120396,VALID,Warning,WARN: High flow rate detected (Flood risk)
2026-01-07 21:00:00+00:00,2807.6107199999997,VALID,0.126492,VALID,Warning,WARN: High flow rate detected (Flood risk)
2026-01-07 22:00:00+00:00,2806.19488,VALID,0.124968,VALID,Warning,WARN: High flow rate detected (Flood risk)
2026-01-07 23:00:00+00:00,2814.68992,VALID,0.13563599999999998,VALID,Warning,WARN: High flow rate detected (Flood risk)
2026-01-08 00:00:00+00:00,2806.19488,VALID,0.123444,VALID,Warning,WARN: High flow rate detected (Flood risk)
2026-01-08 01:00:00+00:00,2813.27408,VALID,0.132588,VALID,Warning,WARN: High flow rate detected (Flood risk)
2026-01-08 02:00:00+00:00,2804.77904,VALID,0.120396,VALID,Warning,WARN: High flow rate detected (Flood risk)
2026-01-08 03:00:00+00:00,2806.19488,VALID,0.12192,VALID,Warning,WARN: High flow rate detected (Flood risk)
2026-01-08 04:00:00+00:00,2801.94736,VALID,0.115824,VALID,Warning,WARN: High flow rate detected (Flood risk)
2026-01-08 05:00:00+00:00,2800.53152,VALID,0.112776,VALID,Warning,WARN: High flow rate detected (Flood risk)
2026-01-08 06:00:00+00:00,2797.69984,VALID,0.10972799999999999,VALID,Warning,WARN: High flow rate detected (Flood risk)
2026-01-08 07:00:00+00:00,2794.86816,VALID,0.10668,VALID,Warning,WARN: High flow rate detected (Flood risk)
2026-01-08 08:00:00+00:00,2800.5315199999995,VALID,0.11277600000000002,VALID,Warning,WARN: High flow rate detected (Flood risk)
2026-01-08 09:00:00+00:00,2800.5315199999995,VALID,0.11277600000000002,VALID,Warning,WARN: High flow rate detected (Flood risk)
2026-01-08 10:00:00+00:00,2806.19488,VALID,0.118872,VALID,Warning,WARN: High flow rate detected (Flood risk)
2026-01-08 11:00:00+00:00,2793.45232,VALID,0.103632,VALID,Warning,WARN: High flow rate detected (Flood risk)
2026-01-08 12:00:00+00:00,2794.86816,VALID,0.10363200000000002,VALID,Warning,WARN: High flow rate detected (Flood risk)
2026-01-08 13:00:00+00:00,2797.6998399999998,VALID,0.10668,VALID,Warning,WARN: High flow rate detected (Flood risk)
2026-01-08 14:00:00+00:00,2789.2048,VALID,0.09601200000000001,VALID,Warning,WARN: High flow rate detected (Flood risk)
2026-01-08 15:00:00+00:00,2783.54144,VALID,0.08839200000000001,VALID,Warning,WARN: High flow rate detected (Flood risk)
2026-01-08 16:00:00+00:00,2787.78896,VALID,0.09448800000000002,VALID,Warning,WARN: High flow rate detected (Flood risk)
2026-01-08 17:00:00+00:00,2775.0464,VALID,0.0762,VALID,Warning,WARN: High flow rate detected (Flood risk)
2026-01-08 18:00:00+00:00,2776.46224,VALID,0.07924800000000001,VALID,Warning,WARN: High flow rate detected (Flood risk)
2026-01-08 19:00:00+00:00,2786.3731199999997,VALID,0.09144000000000001,VALID,Warning,WARN: High flow rate detected (Flood risk)
2026-01-08 20:00:00+00:00,2783.54144,VALID,0.088392,VALID,Warning,WARN: High flow rate detected (Flood risk)
2026-01-08 21:00:00+00:00,2784.9572799999996,VALID,0.08839200000000001,VALID,Warning,WARN: High flow rate detected (Flood risk)
2026-01-08 22:00:00+00:00,2779.29392,VALID,0.08229600000000001,VALID,Warning,WARN: High flow rate detected (Flood risk)
2026-01-08 23:00:00+00:00,2782.1256,VALID,0.08382,VALID,Warning,WARN: High flow rate detected (Flood risk)
2026-01-09 00:00:00+00:00,2786.37312,VALID,0.08991600000000001,VALID,Warning,WARN: High flow rate detected (Flood risk)
2026-01-09 01:00:00+00:00,2803.3632,VALID,0.112776,VALID,Warning,WARN: High flow rate detected (Flood risk)
2026-01-09 02:00:00+00:00,2801.94736,VALID,0.10972799999999999,VALID,Warning,WARN: High flow rate detected (Flood risk)
2026-01-09 04:00:00+00:00,2811.8582399999996,VALID,0.123444,VALID,Warning,WARN: High flow rate detected (Flood risk)
2026-01-09 05:00:00+00:00,2797.6998399999998,VALID,0.10363200000000002,VALID,Warning,WARN: High flow rate detected (Flood risk)
2026-01-09 06:00:00+00:00,2794.86816,VALID,0.09906000000000001,VALID,Warning,WARN: High flow rate detected (Flood risk)
2026-01-09 07:00:00+00:00,2799.11568,VALID,0.105156,VALID,Warning,WARN: High flow rate detected (Flood risk)
2026-01-09 08:00:00+00:00,2800.53152,VALID,0.10668,VALID,Warning,WARN: High flow rate detected (Flood risk)
2026-01-09 09:00:00+00:00,2809.02656,VALID,0.11582400000000001,VALID,Warning,WARN: High flow rate detected (Flood risk)
2026-01-09 10:00:00+00:00,2800.53152,VALID,0.10668,VALID,Warning,WARN: High flow rate detected (Flood risk)
2026-01-09 11:00:00+00:00,2806.19488,VALID,0.112776,VALID,Warning,WARN: High flow rate detected (Flood risk)
2026-01-09 12:00:00+00:00,2794.86816,VALID,0.09753600000000001,VALID,Warning,WARN: High flow rate detected (Flood risk)
2026-01-09 13:00:00+00:00,2800.53152,VALID,0.10363200000000002,VALID,Warning,WARN: High flow rate detected (Flood risk)
2026-01-09 14:00:00+00:00,2792.0364799999998,VALID,0.094488,VALID,Warning,WARN: High flow rate detected (Flood risk)
2026-01-09 15:00:00+00:00,2794.86816,VALID,0.09601200000000001,VALID,Warning,WARN: High flow rate detected (Flood risk)
2026-01-09 16:00:00+00:00,2792.0364799999998,VALID,0.09144,VALID,Warning,WARN: High flow rate detected (Flood risk)
2026-01-09 17:00:00+00:00,2797.6998399999998,VALID,0.09906000000000001,VALID,Warning,WARN: High flow rate detected (Flood risk)
2026-01-09 18:00:00+00:00,2790.62064,VALID,0.08991600000000001,VALID,Warning,WARN: High flow rate detected (Flood risk)
2026-01-09 19:00:00+00:00,2792.0364799999998,VALID,0.09144000000000001,VALID,Warning,WARN: High flow rate detected (Flood risk)
2026-01-09 20:00:00+00:00,2797.6998399999998,VALID,0.09753600000000001,VALID,Warning,WARN: High flow rate detected (Flood risk)
2026-01-09 21:00:00+00:00,2796.2839999999997,VALID,0.09601200000000001,VALID,Warning,WARN: High flow rate detected (Flood risk)
2026-01-09 22:00:00+00:00,2792.0364799999998,VALID,0.09144000000000001,VALID,Warning,WARN: High flow rate detected (Flood risk)
2026-01-09 23:00:00+00:00,2777.87808,VALID,0.073152,VALID,Warning,WARN: High flow rate detected (Flood risk)
2026-01-10 00:00:00+00:00,2786.37312,VALID,0.08229600000000001,VALID,Warning,WARN: High flow rate detected (Flood risk)
2026-01-10 01:00:00+00:00,2792.0364799999998,VALID,0.088392,VALID,Warning,WARN: High flow rate detected (Flood risk)
2026-01-10 02:00:00+00:00,2789.2048,VALID,0.08534400000000002,VALID,Warning,WARN: High flow rate detected (Flood risk)
2026-01-10 03:00:00+00:00,2780.7097599999997,VALID,0.07315200000000001,VALID,Warning,WARN: High flow rate detected (Flood risk)
2026-01-10 04:00:00+00:00,2767.9672,VALID,0.057912000000000005,VALID,Warning,WARN: High flow rate detected (Flood risk)
2026-01-10 05:00:00+00:00,2777.87808,VALID,0.070104,VALID,Warning,WARN: High flow rate detected (Flood risk)
2026-01-10 06:00:00+00:00,2769.3830399999997,VALID,0.057912000000000005,VALID,Warning,WARN: High flow rate detected (Flood risk)
2026-01-10 07:00:00+00:00,2760.888,VALID,0.045720000000000004,VALID,Warning,WARN: High flow rate detected (Flood risk)
2026-01-10 08:00:00+00:00,2770.7988800000003,VALID,0.057912000000000005,VALID,Warning,WARN: High flow rate detected (Flood risk)
2026-01-10 10:00:00+00:00,2762.30384,VALID,0.04724400000000001,VALID,Warning,WARN: High flow rate detected (Flood risk)
2026-01-10 11:00:00+00:00,2772.21472,VALID,0.06096000000000001,VALID,Warning,WARN: High flow rate detected (Flood risk)
2026-01-10 12:00:00+00:00,2763.71968,VALID,0.047244,VALID,Warning,WARN: High flow rate detected (Flood risk)
2026-01-10 13:00:00+00:00,2767.9672,VALID,0.053340000000000005,VALID,Warning,WARN: High flow rate detected (Flood risk)
2026-01-10 14:00:00+00:00,2765.13552,VALID,0.048768000000000006,VALID,Warning,WARN: High flow rate detected (Flood risk)
2026-01-10 15:00:00+00:00,2755.2246400000004,VALID,0.036576000000000004,VALID,Warning,WARN: High flow rate detected (Flood risk)
2026-01-10 16:00:00+00:00,2759.4721600000003,VALID,0.041148000000000004,VALID,Warning,WARN: High flow rate detected (Flood risk)
2026-01-10 17:00:00+00:00,2756.64048,VALID,0.0381,VALID,Warning,WARN: High flow rate detected (Flood risk)
2026-01-10 18:00:00+00:00,2763.71968,VALID,0.045720000000000004,VALID,Warning,WARN: High flow rate detected (Flood risk)
2026-01-10 19:00:00+00:00,2766.5513600000004,VALID,0.050292,VALID,Warning,WARN: High flow rate detected (Flood risk)
2026-01-10 20:00:00+00:00,2775.0464,VALID,0.06096,VALID,Warning,WARN: High flow rate detected (Flood risk)
2026-01-10 21:00:00+00:00,2801.94736,VALID,0.096012,VALID,Warning,WARN: High flow rate detected (Flood risk)
2026-01-10 22:00:00+00:00,2845.8383999999996,VALID,0.150876,VALID,Warning,WARN: High flow rate detected (Flood risk)
2026-01-10 23:00:00+00:00,2874.1552,VALID,0.201168,VALID,Warning,WARN: High flow rate detected (Flood risk)
2026-01-11 00:00:00+00:00,2916.6304,VALID,0.23926800000000004,VALID,Warning,WARN: High flow rate detected (Flood risk)
2026-01-11 01:00:00+00:00,2930.7888000000003,VALID,0.25908,VALID,Warning,WARN: High flow rate detected (Flood risk)
2026-01-11 02:00:00+00:00,2973.264,VALID,0.310896,VALID,Warning,WARN: High flow rate detected (Flood risk)
2026-01-11 03:00:00+00:00,2987.4224000000004,VALID,0.32766,VALID,Warning,WARN: High flow rate detected (Flood risk)
2026-01-11 04:00:00+00:00,3001.5808,VALID,0.352044,VALID,Warning,WARN: High flow rate detected (Flood risk)
2026-01-11 05:00:00+00:00,3029.8976,VALID,0.384048,VALID,Warning,WARN: High flow rate detected (Flood risk)
2026-01-11 06:00:00+00:00,3044.0559999999996,VALID,0.40690800000000005,VALID,Warning,WARN: High flow rate detected (Flood risk)
2026-01-11 07:00:00+00:00,3044.0559999999996,VALID,0.40995600000000004,VALID,Warning,WARN: High flow rate detected (Flood risk)
2026-01-11 08:00:00+00:00,3058.2144,VALID,0.422148,VALID,Warning,WARN: High flow rate detected (Flood risk)
2026-01-11 09:00:00+00:00,3058.2144,VALID,0.41757600000000006,VALID,Warning,WARN: High flow rate detected (Flood risk)
2026-01-11 10:00:00+00:00,3058.2144,VALID,0.43434,VALID,Warning,WARN: High flow rate detected (Flood risk)
2026-01-11 11:00:00+00:00,3072.3728,VALID,0.432816,VALID,Warning,WARN: High flow rate detected (Flood risk)
2026-01-11 12:00:00+00:00,3058.2144,VALID,0.438912,VALID,Warning,WARN: High flow rate detected (Flood risk)
2026-01-11 13:00:00+00:00,3072.3728,VALID,0.44196,VALID,Warning,WARN: High flow rate detected (Flood risk)
2026-01-11 14:00:00+00:00,3086.5312,VALID,0.448056,VALID,Warning,WARN: High flow rate detected (Flood risk)
2026-01-11 15:00:00+00:00,3086.5312,VALID,0.46329600000000004,VALID,Warning,WARN: High flow rate detected (Flood risk)
2026-01-11 16:00:00+00:00,3086.5312,VALID,0.454152,VALID,Warning,WARN: High flow rate detected (Flood risk)
2026-01-11 17:00:00+00:00,3086.5312,VALID,0.451104,VALID,Warning,WARN: High flow rate detected (Flood risk)
2026-01-11 18:00:00+00:00,3072.3728,VALID,0.437388,VALID,Warning,WARN: High flow rate detected (Flood risk)
2026-01-11 19:00:00+00:00,3086.5312,VALID,0.445008,VALID,Warning,WARN: High flow rate detected (Flood risk)
2026-01-11 20:00:00+00:00,3086.5312,VALID,0.443484,VALID,Warning,WARN: High flow rate detected (Flood risk)
2026-01-11 21:00:00+00:00,3086.5312,VALID,0.45110400000000006,VALID,Warning,WARN: High flow rate detected (Flood risk)
2026-01-11 22:00:00+00:00,3086.5312,VALID,0.44043600000000005,VALID,Warning,WARN: High flow rate detected (Flood risk)
2026-01-11 23:00:00+00:00,3072.3728,VALID,0.42824400000000007,VALID,Warning,WARN: High flow rate detected (Flood risk)
2026-01-12 00:00:00+00:00,3072.3728,VALID,0.432816,VALID,Warning,WARN: High flow rate detected (Flood risk)
2026-01-12 01:00:00+00:00,3058.2144,VALID,0.422148,VALID,Warning,WARN: High flow rate detected (Flood risk)
2026-01-12 02:00:00+00:00,3058.2144,VALID,0.408432,VALID,Warning,WARN: High flow rate detected (Flood risk)
2026-01-12 03:00:00+00:00,3058.2144,VALID,0.408432,VALID,Warning,WARN: High flow rate detected (Flood risk)
2026-01-12 04:00:00+00:00,3058.2144,VALID,0.40386,VALID,Warning,WARN: High flow rate detected (Flood risk)
2026-01-12 05:00:00+00:00,3058.2144,VALID,0.41452800000000006,VALID,Warning,WARN: High flow rate detected (Flood risk)
2026-01-12 06:00:00+00:00,3058.2144,VALID,0.41452800000000006,VALID,Warning,WARN: High flow rate detected (Flood risk)
2026-01-12 07:00:00+00:00,3058.2144,VALID,0.414528,VALID,Warning,WARN: High flow rate detected (Flood risk)
2026-01-12 08:00:00+00:00,3058.2144,VALID,0.417576,VALID,Warning,WARN: High flow rate detected (Flood risk)
2026-01-12 09:00:00+00:00,3058.2144,VALID,0.42367200000000005,VALID,Warning,WARN: High flow rate detected (Flood risk)
2026-01-12 10:00:00+00:00,3058.2144,VALID,0.41300400000000004,VALID,Warning,WARN: High flow rate detected (Flood risk)
2026-01-12 11:00:00+00:00,3058.2144,VALID,0.41148,VALID,Warning,WARN: High flow rate detected (Flood risk)
2026-01-12 12:00:00+00:00,3072.3728,VALID,0.420624,VALID,Warning,WARN: High flow rate detected (Flood risk)
2026-01-12 13:00:00+00:00,3058.2144,VALID,0.41148000000000007,VALID,Warning,WARN: High flow rate detected (Flood risk)
2026-01-12 14:00:00+00:00,3058.2144,VALID,0.4053840000000001,VALID,Warning,WARN: High flow rate detected (Flood risk)
2026-01-12 15:00:00+00:00,3058.2144,VALID,0.41300400000000004,VALID,Warning,WARN: High flow rate detected (Flood risk)
2026-01-12 16:00:00+00:00,3072.3728,VALID,0.428244,VALID,Warning,WARN: High flow rate detected (Flood risk)
2026-01-12 17:00:00+00:00,3058.2144,VALID,0.40690800000000005,VALID,Warning,WARN: High flow rate detected (Flood risk)
2026-01-12 18:00:00+00:00,3086.5312,VALID,0.43434,VALID,Warning,WARN: High flow rate detected (Flood risk)
2026-01-12 19:00:00+00:00,3058.2144,VALID,0.41148,VALID,Warning,WARN: High flow rate detected (Flood risk)
2026-01-12 20:00:00+00:00,3058.2144,VALID,0.41910000000000003,VALID,Warning,WARN: High flow rate detected (Flood risk)
2026-01-12 21:00:00+00:00,3029.8976,VALID,0.387096,VALID,Warning,WARN: High flow rate detected (Flood risk)
2026-01-12 22:00:00+00:00,3044.0559999999996,VALID,0.39014400000000005,VALID,Warning,WARN: High flow rate detected (Flood risk)
2026-01-12 23:00:00+00:00,3058.2144,VALID,0.405384,VALID,Warning,WARN: High flow rate detected (Flood risk)
2026-01-13 00:00:00+00:00,3044.0559999999996,VALID,0.38862,VALID,Warning,WARN: High flow rate detected (Flood risk)
2026-01-13 01:00:00+00:00,3044.0559999999996,VALID,0.38862,VALID,Warning,WARN: High flow rate detected (Flood risk)
2026-01-13 02:00:00+00:00,3044.0559999999996,VALID,0.40081200000000006,VALID,Warning,WARN: High flow rate detected (Flood risk)
2026-01-13 03:00:00+00:00,3058.2144,VALID,0.39624000000000004,VALID,Warning,WARN: High flow rate detected (Flood risk)
2026-01-13 04:00:00+00:00,3029.8976,VALID,0.387096,VALID,Warning,WARN: High flow rate detected (Flood risk)
2026-01-13 05:00:00+00:00,3058.2144,VALID,0.397764,VALID,Warning,WARN: High flow rate detected (Flood risk)
2026-01-13 06:00:00+00:00,3044.0559999999996,VALID,0.377952,VALID,Warning,WARN: High flow rate detected (Flood risk)
2026-01-13 07:00:00+00:00,3044.0559999999996,VALID,0.38252400000000003,VALID,Warning,WARN: High flow rate detected (Flood risk)
2026-01-13 08:00:00+00:00,3044.0559999999996,VALID,0.393192,VALID,Warning,WARN: High flow rate detected (Flood risk)
2026-01-13 09:00:00+00:00,3044.0559999999996,VALID,0.385572,VALID,Warning,WARN: High flow rate detected (Flood risk)
2026-01-13 10:00:00+00:00,3029.8976,VALID,0.37795200000000007,VALID,Warning,WARN: High flow rate detected (Flood risk)
2026-01-13 11:00:00+00:00,3058.2144,VALID,0.397764,VALID,Warning,WARN: High flow rate detected (Flood risk)
2026-01-13 12:00:00+00:00,3029.8976,VALID,0.38404800000000006,VALID,Warning,WARN: High flow rate detected (Flood risk)
2026-01-13 13:00:00+00:00,3058.2144,VALID,0.42214799999999997,VALID,Warning,WARN: High flow rate detected (Flood risk)
2026-01-13 14:00:00+00:00,3072.3728,VALID,0.425196,VALID,Warning,WARN: High flow rate detected (Flood risk)
2026-01-13 15:00:00+00:00,3058.2144,VALID,0.41452800000000006,VALID,Warning,WARN: High flow rate detected (Flood risk)
2026-01-13 16:00:00+00:00,3086.5312,VALID,0.44196,VALID,Warning,WARN: High flow rate detected (Flood risk)
2026-01-13 17:00:00+00:00,3072.3728,VALID,0.42367200000000005,VALID,Warning,WARN: High flow rate detected (Flood risk)
2026-01-13 18:00:00+00:00,3072.3728,VALID,0.432816,VALID,Warning,WARN: High flow rate detected (Flood risk)
2026-01-13 19:00:00+00:00,3086.5312,VALID,0.445008,VALID,Warning,WARN: High flow rate detected (Flood risk)
2026-01-13 20:00:00+00:00,3086.5312,VALID,0.440436,VALID,Warning,WARN: High flow rate detected (Flood risk)
2026-01-13 21:00:00+00:00,3114.848,VALID,0.475488,VALID,Warning,WARN: High flow rate detected (Flood risk)
2026-01-13 22:00:00+00:00,3114.848,VALID,0.46939200000000003,VALID,Warning,WARN: High flow rate detected (Flood risk)
2026-01-13 23:00:00+00:00,3143.1648,VALID,0.501396,VALID,Warning,WARN: High flow rate detected (Flood risk)
2026-01-14 00:00:00+00:00,3143.1648,VALID,0.504444,VALID,Warning,WARN: High flow rate detected (Flood risk)
2026-01-14 01:00:00+00:00,3143.1648,VALID,0.515112,VALID,Warning,WARN: High flow rate detected (Flood risk)
2026-01-14 02:00:00+00:00,3185.6400000000003,VALID,0.56388,VALID,Warning,WARN: High flow rate detected (Flood risk)
2026-01-14 04:00:00+00:00,3199.7984,VALID,0.5715000000000001,VALID,Warning,WARN: High flow rate detected (Flood risk)
2026-01-14 05:00:00+00:00,3213.9568,VALID,0.589788,VALID,Warning,WARN: High flow rate detected (Flood risk)
2026-01-14 06:00:00+00:00,3213.9568,VALID,0.612648,VALID,Warning,WARN: High flow rate detected (Flood risk)
2026-01-14 07:00:00+00:00,3228.1151999999997,VALID,0.62484,VALID,Warning,WARN: High flow rate detected (Flood risk)
2026-01-14 08:00:00+00:00,3228.1151999999997,VALID,0.615696,VALID,Warning,WARN: High flow rate detected (Flood risk)
2026-01-14 09:00:00+00:00,3242.2735999999995,VALID,0.635508,VALID,Warning,WARN: High flow rate detected (Flood risk)
2026-01-14 10:00:00+00:00,3256.432,VALID,0.6461760000000001,VALID,Warning,WARN: High flow rate detected (Flood risk)
2026-01-14 11:00:00+00:00,3242.2735999999995,VALID,0.64008,VALID,Warning,WARN: High flow rate detected (Flood risk)
2026-01-14 12:00:00+00:00,3256.432,VALID,0.6583680000000001,VALID,Warning,WARN: High flow rate detected (Flood risk)
2026-01-14 13:00:00+00:00,3270.5904,VALID,0.6629400000000001,VALID,Warning,WARN: High flow rate detected (Flood risk)
2026-01-14 14:00:00+00:00,3284.7488,VALID,0.6812280000000002,VALID,Warning,WARN: High flow rate detected (Flood risk)
2026-01-14 15:00:00+00:00,3284.7488,VALID,0.6751320000000001,VALID,Warning,WARN: High flow rate detected (Flood risk)
2026-01-14 16:00:00+00:00,3284.7488,VALID,0.6827520000000001,VALID,Warning,WARN: High flow rate detected (Flood risk)
2026-01-14 17:00:00+00:00,3298.9071999999996,VALID,0.70104,VALID,Warning,WARN: High flow rate detected (Flood risk)
2026-01-14 18:00:00+00:00,3284.7488,VALID,0.70104,VALID,Warning,WARN: High flow rate detected (Flood risk)
2026-01-14 19:00:00+00:00,3298.9071999999996,VALID,0.702564,VALID,Warning,WARN: High flow rate detected (Flood risk)
2026-01-14 20:00:00+00:00,3313.0656,VALID,0.7284720000000001,VALID,Warning,WARN: High flow rate detected (Flood risk)
2026-01-14 21:00:00+00:00,3341.3824,VALID,0.737616,VALID,Warning,WARN: High flow rate detected (Flood risk)
2026-01-14 22:00:00+00:00,3355.5407999999998,VALID,0.7589520000000001,VALID,Warning,WARN: High flow rate detected (Flood risk)
2026-01-14 23:00:00+00:00,3369.6992,VALID,0.7985760000000001,VALID,Warning,WARN: High flow rate detected (Flood risk)
2026-01-15 00:00:00+00:00,3398.016,VALID,0.8138160000000001,VALID,Warning,WARN: High flow rate detected (Flood risk)
2026-01-15 01:00:00+00:00,3426.3328,VALID,0.851916,VALID,Warning,WARN: High flow rate detected (Flood risk)
2026-01-15 02:00:00+00:00,3468.808,VALID,0.890016,VALID,Warning,WARN: High flow rate detected (Flood risk)
2026-01-15 03:00:00+00:00,3468.808,VALID,0.9052560000000001,VALID,Warning,WARN: High flow rate detected (Flood risk)
2026-01-15 04:00:00+00:00,3497.1247999999996,VALID,0.9281159999999999,VALID,Warning,WARN: High flow rate detected (Flood risk)
2026-01-15 05:00:00+00:00,3539.6,VALID,0.9814560000000001,VALID,Warning,WARN: High flow rate detected (Flood risk)
2026-01-15 06:00:00+00:00,3539.6,VALID,0.9890760000000001,VALID,Warning,WARN: High flow rate detected (Flood risk)
2026-01-15 07:00:00+00:00,3567.9168,VALID,1.00584,VALID,Warning,WARN: High flow rate detected (Flood risk)
2026-01-15 08:00:00+00:00,3567.9168,VALID,1.02108,VALID,Warning,WARN: High flow rate detected (Flood risk)
2026-01-15 09:00:00+00:00,3582.0752,VALID,1.034796,VALID,Warning,WARN: High flow rate detected (Flood risk)
2026-01-15 10:00:00+00:00,3567.9168,VALID,1.027176,VALID,Warning,WARN: High flow rate detected (Flood risk)
2026-01-15 11:00:00+00:00,3596.2336,VALID,1.048512,VALID,Warning,WARN: High flow rate detected (Flood risk)
2026-01-15 12:00:00+00:00,3596.2336,VALID,1.0576560000000002,VALID,Warning,WARN: High flow rate detected (Flood risk)
2026-01-15 13:00:00+00:00,3596.2336,VALID,1.048512,VALID,Warning,WARN: High flow rate detected (Flood risk)
2026-01-15 14:00:00+00:00,3596.2336,VALID,1.060704,VALID,Warning,WARN: High flow rate detected (Flood risk)
2026-01-15 15:00:00+00:00,3624.5504,VALID,1.072896,VALID,Warning,WARN: High flow rate detected (Flood risk)
2026-01-15 16:00:00+00:00,3624.5504,VALID,1.08966,VALID,Warning,WARN: High flow rate detected (Flood risk)
2026-01-15 17:00:00+00:00,3610.392,VALID,1.071372,VALID,Warning,WARN: High flow rate detected (Flood risk)
2026-01-15 18:00:00+00:00,3624.5504,VALID,1.0820400000000001,VALID,Warning,WARN: High flow rate detected (Flood risk)
2026-01-15 19:00:00+00:00,3624.5504,VALID,1.088136,VALID,Warning,WARN: High flow rate detected (Flood risk)
2026-01-15 20:00:00+00:00,3652.8672,VALID,1.114044,VALID,Warning,WARN: High flow rate detected (Flood risk)
2026-01-15 21:00:00+00:00,3667.0256,VALID,1.126236,VALID,Warning,WARN: High flow rate detected (Flood risk)
2026-01-15 22:00:00+00:00,3681.1839999999997,VALID,1.1536680000000001,VALID,Warning,WARN: High flow rate detected (Flood risk)
2026-01-15 23:00:00+00:00,3709.5008,VALID,1.167384,VALID,Warning,WARN: High flow rate detected (Flood risk)
2026-01-16 00:00:00+00:00,3709.5008,VALID,1.190244,VALID,Warning,WARN: High flow rate detected (Flood risk)
2026-01-16 01:00:00+00:00,3737.8176,VALID,1.2039600000000001,VALID,Warning,WARN: High flow rate detected (Flood risk)
2026-01-16 02:00:00+00:00,3751.9759999999997,VALID,1.2252960000000002,VALID,Warning,WARN: High flow rate detected (Flood risk)
2026-01-16 03:00:00+00:00,3766.1344,VALID,1.240536,VALID,Warning,WARN: High flow rate detected (Flood risk)
2026-01-16 04:00:00+00:00,3766.1344,VALID,1.252728,VALID,Warning,WARN: High flow rate detected (Flood risk)
2026-01-16 05:00:00+00:00,3780.2928,VALID,1.271016,VALID,Warning,WARN: High flow rate detected (Flood risk)
2026-01-16 06:00:00+00:00,3808.6096,VALID,1.290828,VALID,Warning,WARN: High flow rate detected (Flood risk)
2026-01-16 07:00:00+00:00,3822.768,VALID,1.2969240000000002,VALID,Warning,WARN: High flow rate detected (Flood risk)
2026-01-16 08:00:00+00:00,3822.768,VALID,1.307592,VALID,Warning,WARN: High flow rate detected (Flood risk)
2026-01-16 09:00:00+00:00,3822.768,VALID,1.313688,VALID,Warning,WARN: High flow rate detected (Flood risk)
2026-01-16 10:00:00+00:00,3822.768,VALID,1.319784,VALID,Warning,WARN: High flow rate detected (Flood risk)
2026-01-16 11:00:00+00:00,3822.768,VALID,1.319784,VALID,Warning,WARN: High flow rate detected (Flood risk)
2026-01-16 12:00:00+00:00,3822.768,VALID,1.313688,VALID,Warning,WARN: High flow rate detected (Flood risk)
2026-01-16 13:00:00+00:00,3851.0848,VALID,1.3289279999999999,VALID,Warning,WARN: High flow rate detected (Flood risk)
2026-01-16 14:00:00+00:00,3808.6096,VALID,1.2862560000000003,VALID,Warning,WARN: High flow rate detected (Flood risk)
2026-01-16 15:00:00+00:00,3851.0848,VALID,1.327404,VALID,Warning,WARN: High flow rate detected (Flood risk)
2026-01-16 16:00:00+00:00,3836.9264000000003,VALID,1.322832,VALID,Warning,WARN: High flow rate detected (Flood risk)
2026-01-16 17:00:00+00:00,3794.4512,VALID,1.2847320000000002,VALID,Warning,WARN: High flow rate detected (Flood risk)
2026-01-16 18:00:00+00:00,3822.768,VALID,1.2954,VALID,Warning,WARN: High flow rate detected (Flood risk)
2026-01-16 19:00:00+00:00,3751.9759999999997,VALID,1.2283439999999999,VALID,Warning,WARN: High flow rate detected (Flood risk)
2026-01-16 20:00:00+00:00,3780.2928,VALID,1.255776,VALID,Warning,WARN: High flow rate detected (Flood risk)
2026-01-16 21:00:00+00:00,3766.1344,VALID,1.239012,VALID,Warning,WARN: High flow rate detected (Flood risk)
2026-01-16 22:00:00+00:00,3737.8176,VALID,1.21158,VALID,Warning,WARN: High flow rate detected (Flood risk)
2026-01-16 23:00:00+00:00,3737.8176,VALID,1.217676,VALID,Warning,WARN: High flow rate detected (Flood risk)
2026-01-17 00:00:00+00:00,3737.8176,VALID,1.210056,VALID,Warning,WARN: High flow rate detected (Flood risk)
2026-01-17 01:00:00+00:00,3709.5008,VALID,1.193292,VALID,Warning,WARN: High flow rate detected (Flood risk)
2026-01-17 02:00:00+00:00,3723.6592,VALID,1.190244,VALID,Warning,WARN: High flow rate detected (Flood risk)
2026-01-17 03:00:00+00:00,3709.5008,VALID,1.17348,VALID,Warning,WARN: High flow rate detected (Flood risk)
2026-01-17 04:00:00+00:00,3709.5008,VALID,1.171956,VALID,Warning,WARN: High flow rate detected (Flood risk)
2026-01-17 05:00:00+00:00,3709.5008,VALID,1.167384,VALID,Warning,WARN: High flow rate detected (Flood risk)
2026-01-17 06:00:00+00:00,3681.1839999999997,VALID,1.152144,VALID,Warning,WARN: High flow rate detected (Flood risk)
2026-01-17 07:00:00+00:00,3681.1839999999997,VALID,1.147572,VALID,Warning,WARN: High flow rate detected (Flood risk)
2026-01-17 08:00:00+00:00,3695.3423999999995,VALID,1.162812,VALID,Warning,WARN: High flow rate detected (Flood risk)
2026-01-17 09:00:00+00:00,3681.184,VALID,1.147572,VALID,Warning,WARN: High flow rate detected (Flood risk)
2026-01-17 10:00:00+00:00,3681.1839999999997,VALID,1.144524,VALID,Warning,WARN: High flow rate detected (Flood risk)
2026-01-17 11:00:00+00:00,3695.3423999999995,VALID,1.1658600000000001,VALID,Warning,WARN: High flow rate detected (Flood risk)
2026-01-17 12:00:00+00:00,3667.0256,VALID,1.13538,VALID,Warning,WARN: High flow rate detected (Flood risk)
2026-01-17 13:00:00+00:00,3681.1839999999997,VALID,1.141476,VALID,Warning,WARN: High flow rate detected (Flood risk)
2026-01-17 14:00:00+00:00,3681.1839999999997,VALID,1.141476,VALID,Warning,WARN: High flow rate detected (Flood risk)
2026-01-17 15:00:00+00:00,3681.1839999999997,VALID,1.143,VALID,Warning,WARN: High flow rate detected (Flood risk)
2026-01-17 16:00:00+00:00,3681.1839999999997,VALID,1.15062,VALID,Warning,WARN: High flow rate detected (Flood risk)
2026-01-17 17:00:00+00:00,3681.1839999999997,VALID,1.147572,VALID,Warning,WARN: High flow rate detected (Flood risk)
2026-01-17 18:00:00+00:00,3695.3423999999995,VALID,1.164336,VALID,Warning,WARN: High flow rate detected (Flood risk)
2026-01-17 19:00:00+00:00,3681.1839999999997,VALID,1.155192,VALID,Warning,WARN: High flow rate detected (Flood risk)
2026-01-17 20:00:00+00:00,3667.0256,VALID,1.133856,VALID,Warning,WARN: High flow rate detected (Flood risk)
2026-01-17 21:00:00+00:00,3681.1839999999997,VALID,1.1490960000000001,VALID,Warning,WARN: High flow rate detected (Flood risk)
2026-01-17 22:00:00+00:00,3681.1839999999997,VALID,1.1536680000000001,VALID,Warning,WARN: High flow rate detected (Flood risk)
2026-01-17 23:00:00+00:00,3667.0256,VALID,1.13538,VALID,Warning,WARN: High flow rate detected (Flood risk)
2026-01-18 00:00:00+00:00,3667.0256,VALID,1.1323320000000001,VALID,Warning,WARN: High flow rate detected (Flood risk)
2026-01-18 01:00:00+00:00,3681.1839999999997,VALID,1.141476,VALID,Warning,WARN: High flow rate detected (Flood risk)
2026-01-18 02:00:00+00:00,3667.0256,VALID,1.1338560000000002,VALID,Warning,WARN: High flow rate detected (Flood risk)
2026-01-18 03:00:00+00:00,3681.1839999999997,VALID,1.1384280000000002,VALID,Warning,WARN: High flow rate detected (Flood risk)
2026-01-18 04:00:00+00:00,3681.1839999999997,VALID,1.1384280000000002,VALID,Warning,WARN: High flow rate detected (Flood risk)
2026-01-18 05:00:00+00:00,3667.0256,VALID,1.133856,VALID,Warning,WARN: High flow rate detected (Flood risk)
2026-01-18 06:00:00+00:00,3681.1839999999997,VALID,1.139952,VALID,Warning,WARN: High flow rate detected (Flood risk)
2026-01-18 07:00:00+00:00,3652.8672,VALID,1.1292840000000002,VALID,Warning,WARN: High flow rate detected (Flood risk)
2026-01-18 08:00:00+00:00,3681.1839999999997,VALID,1.1384280000000002,VALID,Warning,WARN: High flow rate detected (Flood risk)
2026-01-18 09:00:00+00:00,3681.1839999999997,VALID,1.1338560000000002,VALID,Warning,WARN: High flow rate detected (Flood risk)
2026-01-18 10:00:00+00:00,3652.8672,VALID,1.1231879999999999,VALID,Warning,WARN: High flow rate detected (Flood risk)
2026-01-18 11:00:00+00:00,3667.0256,VALID,1.12776,VALID,Warning,WARN: High flow rate detected (Flood risk)
2026-01-18 12:00:00+00:00,3638.7088000000003,VALID,1.1049,VALID,Warning,WARN: High flow rate detected (Flood risk)
2026-01-18 13:00:00+00:00,3652.8672,VALID,1.110996,VALID,Warning,WARN: High flow rate detected (Flood risk)
2026-01-18 14:00:00+00:00,3638.7088000000003,VALID,1.103376,VALID,Warning,WARN: High flow rate detected (Flood risk)
2026-01-18 15:00:00+00:00,3652.8672,VALID,1.1155680000000001,VALID,Warning,WARN: High flow rate detected (Flood risk)
2026-01-18 16:00:00+00:00,3652.8672,VALID,1.1155680000000001,VALID,Warning,WARN: High flow rate detected (Flood risk)
2026-01-18 17:00:00+00:00,3624.5504,VALID,1.0957560000000002,VALID,Warning,WARN: High flow rate detected (Flood risk)
2026-01-18 18:00:00+00:00,3610.392,VALID,1.0668000000000002,VALID,Warning,WARN: High flow rate detected (Flood risk)
2026-01-18 19:00:00+00:00,3582.0752,VALID,1.034796,VALID,Warning,WARN: High flow rate detected (Flood risk)
2026-01-18 20:00:00+00:00,3553.7583999999997,VALID,1.010412,VALID,Warning,WARN: High flow rate detected (Flood risk)
2026-01-18 21:00:00+00:00,3525.4416,VALID,0.96774,VALID,Warning,WARN: High flow rate detected (Flood risk)
2026-01-18 22:00:00+00:00,3482.9664,VALID,0.925068,VALID,Warning,WARN: High flow rate detected (Flood risk)
2026-01-18 23:00:00+00:00,3468.808,VALID,0.9022080000000001,VALID,Warning,WARN: High flow rate detected (Flood risk)
2026-01-19 00:00:00+00:00,3468.808,VALID,0.9022080000000001,VALID,Warning,WARN: High flow rate detected (Flood risk)
2026-01-19 01:00:00+00:00,3426.3328,VALID,0.851916,VALID,Warning,WARN: High flow rate detected (Flood risk)
2026-01-19 02:00:00+00:00,3398.016,VALID,0.8183880000000001,VALID,Warning,WARN: High flow rate detected (Flood risk)
2026-01-19 03:00:00+00:00,3369.6992,VALID,0.7924800000000001,VALID,Warning,WARN: High flow rate detected (Flood risk)
2026-01-19 04:00:00+00:00,3327.224,VALID,0.73152,VALID,Warning,WARN: High flow rate detected (Flood risk)
2026-01-19 05:00:00+00:00,3270.5904,VALID,0.67818,VALID,Warning,WARN: High flow rate detected (Flood risk)
2026-01-19 06:00:00+00:00,3213.9568,VALID,0.600456,VALID,Warning,WARN: High flow rate detected (Flood risk)
2026-01-19 07:00:00+00:00,3171.4816,VALID,0.5410200000000001,VALID,Warning,WARN: High flow rate detected (Flood risk)
2026-01-19 08:00:00+00:00,3114.848,VALID,0.481584,VALID,Warning,WARN: High flow rate detected (Flood risk)
2026-01-19 09:00:00+00:00,3072.3728,VALID,0.425196,VALID,Warning,WARN: High flow rate detected (Flood risk)
2026-01-19 10:00:00+00:00,3029.8976000000002,VALID,0.3657600000000001,VALID,Warning,WARN: High flow rate detected (Flood risk)
2026-01-19 11:00:00+00:00,3001.5808,VALID,0.3383280000000001,VALID,Warning,WARN: High flow rate detected (Flood risk)
2026-01-19 12:00:00+00:00,2987.4224000000004,VALID,0.313944,VALID,Warning,WARN: High flow rate detected (Flood risk)
2026-01-19 13:00:00+00:00,2944.9472,VALID,0.27279600000000004,VALID,Warning,WARN: High flow rate detected (Flood risk)
2026-01-19 14:00:00+00:00,2930.7888000000003,VALID,0.24841200000000002,VALID,Warning,WARN: High flow rate detected (Flood risk)
2026-01-19 15:00:00+00:00,2902.4719999999998,VALID,0.208788,VALID,Warning,WARN: High flow rate detected (Flood risk)
2026-01-19 16:00:00+00:00,2874.1552,VALID,0.173736,VALID,Warning,WARN: High flow rate detected (Flood risk)
2026-01-19 17:00:00+00:00,2888.3136,VALID,0.1905,VALID,Warning,WARN: High flow rate detected (Flood risk)
2026-01-19 18:00:00+00:00,2888.3136,VALID,0.178308,VALID,Warning,WARN: High flow rate detected (Flood risk)
2026-01-19 19:00:00+00:00,2859.9968,VALID,0.16459200000000002,VALID,Warning,WARN: High flow rate detected (Flood risk)
2026-01-19 20:00:00+00:00,2845.8383999999996,VALID,0.14173200000000002,VALID,Warning,WARN: High flow rate detected (Flood risk)
2026-01-19 21:00:00+00:00,2816.10576,VALID,0.09601200000000001,VALID,Warning,WARN: High flow rate detected (Flood risk)
2026-01-19 22:00:00+00:00,2784.95728,VALID,0.051816,VALID,Warning,WARN: High flow rate detected (Flood risk)
2026-01-19 23:00:00+00:00,2736.81872,VALID,-0.010668000000000002,VALID,Warning,WARN: High flow rate detected (Flood risk)
2026-01-20 00:00:00+00:00,2692.92768,VALID,-0.070104,VALID,Warning,WARN: High flow rate detected (Flood risk)
2026-01-20 01:00:00+00:00,2634.87824,VALID,-0.149352,VALID,Warning,WARN: High flow rate detected (Flood risk)
2026-01-20 02:00:00+00:00,2589.57136,VALID,-0.21183600000000002,VALID,Warning,WARN: High flow rate detected (Flood risk)
2026-01-20 03:00:00+00:00,2558.42288,VALID,-0.254508,VALID,Warning,WARN: High flow rate detected (Flood risk)
2026-01-20 04:00:00+00:00,2523.02688,VALID,-0.303276,VALID,Warning,WARN: High flow rate detected (Flood risk)
2026-01-20 05:00:00+00:00,2476.3041599999997,VALID,-0.370332,VALID,Warning,WARN: High flow rate detected (Flood risk)
2026-01-20 06:00:00+00:00,2439.4923200000003,VALID,-0.422148,VALID,Warning,WARN: High flow rate detected (Flood risk)
2026-01-20 07:00:00+00:00,2394.18544,VALID,-0.48768,VALID,Warning,WARN: High flow rate detected (Flood risk)
2026-01-20 08:00:00+00:00,2358.7894399999996,VALID,-0.539496,VALID,Warning,WARN: High flow rate detected (Flood risk)
2026-01-20 09:00:00+00:00,2310.65088,VALID,-0.611124,VALID,Warning,WARN: High flow rate detected (Flood risk)
2026-01-20 10:00:00+00:00,2287.99744,VALID,-0.643128,VALID,Warning,WARN: High flow rate detected (Flood risk)
2026-01-20 11:00:00+00:00,2262.51232,VALID,-0.6797040000000001,VALID,Warning,WARN: High flow rate detected (Flood risk)
2026-01-20 12:00:00+00:00,2238.44304,VALID,-0.7178040000000001,VALID,Warning,WARN: High flow rate detected (Flood risk)
2026-01-20 13:00:00+00:00,2218.6212800000003,VALID,-0.7467600000000001,VALID,Warning,WARN: High flow rate detected (Flood risk)
2026-01-20 14:00:00+00:00,2201.6312,VALID,-0.772668,VALID,Warning,WARN: High flow rate detected (Flood risk)
2026-01-20 15:00:00+00:00,2170.48272,VALID,-0.8199120000000001,VALID,Warning,WARN: High flow rate detected (Flood risk)
2026-01-20 16:00:00+00:00,2144.9975999999997,VALID,-0.8595360000000001,VALID,Warning,WARN: High flow rate detected (Flood risk)
2026-01-20 17:00:00+00:00,2128.00752,VALID,-0.8854440000000001,VALID,Warning,WARN: High flow rate detected (Flood risk)
2026-01-20 18:00:00+00:00,2102.5224,VALID,-0.9250680000000001,VALID,Warning,WARN: High flow rate detected (Flood risk)
2026-01-20 19:00:00+00:00,2074.2056000000002,VALID,-0.9692640000000001,VALID,Warning,WARN: High flow rate detected (Flood risk)
2026-01-20 20:00:00+00:00,2051.55216,VALID,-1.0043160000000002,VALID,Warning,WARN: High flow rate detected (Flood risk)
2026-01-20 21:00:00+00:00,2024.6512,VALID,-1.048512,VALID,Warning,WARN: High flow rate detected (Flood risk)
2026-01-20 22:00:00+00:00,2001.99776,VALID,-1.083564,VALID,Warning,WARN: High flow rate detected (Flood risk)
2026-01-20 23:00:00+00:00,1985.00768,VALID,-1.11252,VALID,Warning,WARN: High flow rate detected (Flood risk)
2026-01-21 00:00:00+00:00,1960.9384,VALID,-1.1490960000000001,VALID,Warning,WARN: High flow rate detected (Flood risk)
2026-01-21 01:00:00+00:00,1941.1166400000002,VALID,-1.184148,VALID,Warning,WARN: High flow rate detected (Flood risk)
2026-01-21 02:00:00+00:00,1918.4632000000001,VALID,-1.2207240000000001,VALID,Warning,WARN: High flow rate detected (Flood risk)
2026-01-21 03:00:00+00:00,1922.71072,VALID,-1.213104,VALID,Warning,WARN: High flow rate detected (Flood risk)
2026-01-21 04:00:00+00:00,1888.73056,VALID,-1.267968,VALID,Warning,WARN: High flow rate detected (Flood risk)
2026-01-21 05:00:00+00:00,1887.3147199999999,VALID,-1.271016,VALID,Warning,WARN: High flow rate detected (Flood risk)
2026-01-21 06:00:00+00:00,1871.74048,VALID,-1.2969240000000002,VALID,Warning,WARN: High flow rate detected (Flood risk)
2026-01-21 07:00:00+00:00,1873.15632,VALID,-1.2954,VALID,Warning,WARN: High flow rate detected (Flood risk)
2026-01-21 08:00:00+00:00,1857.58208,VALID,-1.3213080000000001,VALID,Warning,WARN: High flow rate detected (Flood risk)
2026-01-21 09:00:00+00:00,1849.08704,VALID,-1.3350240000000002,VALID,Warning,WARN: High flow rate detected (Flood risk)
2026-01-21 10:00:00+00:00,1847.6711999999998,VALID,-1.338072,VALID,Warning,WARN: High flow rate detected (Flood risk)
2026-01-21 11:00:00+00:00,1840.5919999999999,VALID,-1.350264,VALID,Warning,WARN: High flow rate detected (Flood risk)
2026-01-21 12:00:00+00:00,1833.5128,VALID,-1.360932,VALID,Warning,WARN: High flow rate detected (Flood risk)
2026-01-21 13:00:00+00:00,1840.5919999999999,VALID,-1.3487399999999998,VALID,Warning,WARN: High flow rate detected (Flood risk)
2026-01-21 14:00:00+00:00,1829.26528,VALID,-1.3685520000000002,VALID,Warning,WARN: High flow rate detected (Flood risk)
2026-01-21 15:00:00+00:00,1832.09696,VALID,-1.362456,VALID,Warning,WARN: High flow rate detected (Flood risk)
2026-01-21 16:00:00+00:00,1833.5128,VALID,-1.360932,VALID,Warning,WARN: High flow rate detected (Flood risk)
2026-01-21 17:00:00+00:00,1832.09696,VALID,-1.362456,VALID,Warning,WARN: High flow rate detected (Flood risk)
2026-01-21 18:00:00+00:00,1847.6712,VALID,-1.3350240000000002,VALID,Warning,WARN: High flow rate detected (Flood risk)
2026-01-21 19:00:00+00:00,1854.7504,VALID,-1.324356,VALID,Warning,WARN: High flow rate detected (Flood risk)
2026-01-21 20:00:00+00:00,1885.89888,VALID,-1.2725400000000002,VALID,Warning,WARN: High flow rate detected (Flood risk)
2026-01-21 21:00:00+00:00,1897.2256,VALID,-1.2542520000000001,VALID,Warning,WARN: High flow rate detected (Flood risk)
2026-01-21 22:00:00+00:00,1934.03744,VALID,-1.194816,VALID,Warning,WARN: High flow rate detected (Flood risk)
2026-01-21 23:00:00+00:00,1960.9384,VALID,-1.1490960000000001,VALID,Warning,WARN: High flow rate detected (Flood risk)
2026-01-22 00:00:00+00:00,1987.83936,VALID,-1.106424,VALID,Warning,WARN: High flow rate detected (Flood risk)
2026-01-22 01:00:00+00:00,2013.32448,VALID,-1.0668,VALID,Warning,WARN: High flow rate detected (Flood risk)
2026-01-22 02:00:00+00:00,2069.9580800000003,VALID,-0.9768840000000001,VALID,Warning,WARN: High flow rate detected (Flood risk)
2026-01-22 03:00:00+00:00,2105.35408,VALID,-0.920496,VALID,Warning,WARN: High flow rate detected (Flood risk)
2026-01-22 04:00:00+00:00,2142.16592,VALID,-0.8641080000000001,VALID,Warning,WARN: High flow rate detected (Flood risk)
2026-01-22 05:00:00+00:00,2166.2352,VALID,-0.8260080000000001,VALID,Warning,WARN: High flow rate detected (Flood risk)
2026-01-22 06:00:00+00:00,2197.38368,VALID,-0.778764,VALID,Warning,WARN: High flow rate detected (Flood risk)
2026-01-22 07:00:00+00:00,2217.2054399999997,VALID,-0.749808,VALID,Warning,WARN: High flow rate detected (Flood risk)
2026-01-22 08:00:00+00:00,2222.8688,VALID,-0.740664,VALID,Warning,WARN: High flow rate detected (Flood risk)
2026-01-22 09:00:00+00:00,2241.27472,VALID,-0.713232,VALID,Warning,WARN: High flow rate detected (Flood risk)
2026-01-22 10:00:00+00:00,2258.2648,VALID,-0.687324,VALID,Warning,WARN: High flow rate detected (Flood risk)
2026-01-22 11:00:00+00:00,2262.51232,VALID,-0.679704,VALID,Warning,WARN: High flow rate detected (Flood risk)
2026-01-22 12:00:00+00:00,2273.83904,VALID,-0.664464,VALID,Warning,WARN: High flow rate detected (Flood risk)
2026-01-22 13:00:00+00:00,2279.5024,VALID,-0.65532,VALID,Warning,WARN: High flow rate detected (Flood risk)
2026-01-22 14:00:00+00:00,2273.83904,VALID,-0.664464,VALID,Warning,WARN: High flow rate detected (Flood risk)
2026-01-22 15:00:00+00:00,2285.16576,VALID,-0.6461760000000001,VALID,Warning,WARN: High flow rate detected (Flood risk)
2026-01-22 16:00:00+00:00,2282.33408,VALID,-0.6522720000000001,VALID,Warning,WARN: High flow rate detected (Flood risk)
2026-01-22 17:00:00+00:00,2283.74992,VALID,-0.6507480000000001,VALID,Warning,WARN: High flow rate detected (Flood risk)
2026-01-22 18:00:00+00:00,2279.5024,VALID,-0.65532,VALID,Warning,WARN: High flow rate detected (Flood risk)
2026-01-22 19:00:00+00:00,2273.83904,VALID,-0.6629400000000001,VALID,Warning,WARN: High flow rate detected (Flood risk)
2026-01-22 20:00:00+00:00,2271.0073599999996,VALID,-0.669036,VALID,Warning,WARN: High flow rate detected (Flood risk)
2026-01-22 21:00:00+00:00,2268.17568,VALID,-0.673608,VALID,Warning,WARN: High flow rate detected (Flood risk)
2026-01-22 22:00:00+00:00,2265.344,VALID,-0.6766559999999999,VALID,Warning,WARN: High flow rate detected (Flood risk)
2026-01-22 23:00:00+00:00,2268.1756800000003,VALID,-0.6720840000000001,VALID,Warning,WARN: High flow rate detected (Flood risk)
2026-01-23 00:00:00+00:00,2269.59152,VALID,-0.67056,VALID,Warning,WARN: High flow rate detected (Flood risk)
2026-01-23 01:00:00+00:00,2263.92816,VALID,-0.67818,VALID,Warning,WARN: High flow rate detected (Flood risk)
2026-01-23 02:00:00+00:00,2258.2648,VALID,-0.687324,VALID,Warning,WARN: High flow rate detected (Flood risk)
2026-01-23 03:00:00+00:00,2268.1756800000003,VALID,-0.6720840000000001,VALID,Warning,WARN: High flow rate detected (Flood risk)
2026-01-23 04:00:00+00:00,2271.00736,VALID,-0.67056,VALID,Warning,WARN: High flow rate detected (Flood risk)
2026-01-23 05:00:00+00:00,2273.83904,VALID,-0.6629400000000001,VALID,Warning,WARN: High flow rate detected (Flood risk)
2026-01-23 06:00:00+00:00,2276.67072,VALID,-0.661416,VALID,Warning,WARN: High flow rate detected (Flood risk)
2026-01-23 07:00:00+00:00,2280.91824,VALID,-0.653796,VALID,Warning,WARN: High flow rate detected (Flood risk)
2026-01-23 08:00:00+00:00,2296.49248,VALID,-0.6309359999999999,VALID,Warning,WARN: High flow rate detected (Flood risk)
2026-01-23 09:00:00+00:00,2285.16576,VALID,-0.6477,VALID,Warning,WARN: High flow rate detected (Flood risk)
2026-01-23 10:00:00+00:00,2303.57168,VALID,-0.620268,VALID,Warning,WARN: High flow rate detected (Flood risk)
2026-01-23 11:00:00+00:00,2306.4033600000002,VALID,-0.61722,VALID,Warning,WARN: High flow rate detected (Flood risk)
2026-01-23 12:00:00+00:00,2306.4033600000002,VALID,-0.615696,VALID,Warning,WARN: High flow rate detected (Flood risk)
2026-01-23 13:00:00+00:00,2303.57168,VALID,-0.620268,VALID,Warning,WARN: High flow rate detected (Flood risk)
2026-01-23 14:00:00+00:00,2306.4033600000002,VALID,-0.615696,VALID,Warning,WARN: High flow rate detected (Flood risk)
2026-01-23 15:00:00+00:00,2303.57168,VALID,-0.620268,VALID,Warning,WARN: High flow rate detected (Flood risk)
2026-01-23 16:00:00+00:00,2307.8192,VALID,-0.615696,VALID,Warning,WARN: High flow rate detected (Flood risk)
2026-01-23 17:00:00+00:00,2320.56176,VALID,-0.5958840000000001,VALID,Warning,WARN: High flow rate detected (Flood risk)
2026-01-23 18:00:00+00:00,2309.23504,VALID,-0.611124,VALID,Warning,WARN: High flow rate detected (Flood risk)
2026-01-23 19:00:00+00:00,2282.33408,VALID,-0.6522720000000001,VALID,Warning,WARN: High flow rate detected (Flood risk)
2026-01-23 20:00:00+00:00,2313.4825600000004,VALID,-0.605028,VALID,Warning,WARN: High flow rate detected (Flood risk)
2026-01-23 21:00:00+00:00,2316.31424,VALID,-0.6004560000000001,VALID,Warning,WARN: High flow rate detected (Flood risk)
2026-01-23 22:00:00+00:00,2312.06672,VALID,-0.6080760000000001,VALID,Warning,WARN: High flow rate detected (Flood risk)
2026-01-23 23:00:00+00:00,2314.8984,VALID,-0.603504,VALID,Warning,WARN: High flow rate detected (Flood risk)
2026-01-24 00:00:00+00:00,2312.06672,VALID,-0.6080760000000001,VALID,Warning,WARN: High flow rate detected (Flood risk)
2026-01-24 01:00:00+00:00,2310.65088,VALID,-0.611124,VALID,Warning,WARN: High flow rate detected (Flood risk)
2026-01-24 02:00:00+00:00,2292.24496,VALID,-0.638556,VALID,Warning,WARN: High flow rate detected (Flood risk)
2026-01-24 03:00:00+00:00,2292.24496,VALID,-0.638556,VALID,Warning,WARN: High flow rate detected (Flood risk)
2026-01-24 04:00:00+00:00,2306.4033600000002,VALID,-0.615696,VALID,Warning,WARN: High flow rate detected (Flood risk)
2026-01-24 05:00:00+00:00,2293.6608,VALID,-0.6355080000000001,VALID,Warning,WARN: High flow rate detected (Flood risk)
2026-01-24 06:00:00+00:00,2306.4033600000002,VALID,-0.61722,VALID,Warning,WARN: High flow rate detected (Flood risk)
2026-01-24 07:00:00+00:00,2300.74,VALID,-0.623316,VALID,Warning,WARN: High flow rate detected (Flood risk)
2026-01-24 08:00:00+00:00,2290.8291200000003,VALID,-0.6385560000000001,VALID,Warning,WARN: High flow rate detected (Flood risk)
2026-01-24 09:00:00+00:00,2297.90832,VALID,-0.627888,VALID,Warning,WARN: High flow rate detected (Flood risk)
2026-01-24 10:00:00+00:00,2302.15584,VALID,-0.621792,VALID,Warning,WARN: High flow rate detected (Flood risk)
2026-01-24 11:00:00+00:00,2296.49248,VALID,-0.6309359999999999,VALID,Warning,WARN: High flow rate detected (Flood risk)
2026-01-24 12:00:00+00:00,2293.6608,VALID,-0.6355080000000001,VALID,Warning,WARN: High flow rate detected (Flood risk)
2026-01-24 13:00:00+00:00,2287.99744,VALID,-0.644652,VALID,Warning,WARN: High flow rate detected (Flood risk)
2026-01-24 14:00:00+00:00,2296.49248,VALID,-0.630936,VALID,Warning,WARN: High flow rate detected (Flood risk)
2026-01-24 15:00:00+00:00,2282.3340799999996,VALID,-0.6522720000000001,VALID,Warning,WARN: High flow rate detected (Flood risk)
2026-01-24 16:00:00+00:00,2296.49248,VALID,-0.6309359999999999,VALID,Warning,WARN: High flow rate detected (Flood risk)
2026-01-24 17:00:00+00:00,2296.49248,VALID,-0.6309359999999999,VALID,Warning,WARN: High flow rate detected (Flood risk)
2026-01-25 19:00:00+00:00,2252.60144,VALID,-0.676656,VALID,Warning,WARN: High flow rate detected (Flood risk)
2026-01-25 20:00:00+00:00,2273.83904,VALID,-0.664464,VALID,Warning,WARN: High flow rate detected (Flood risk)
2026-01-25 21:00:00+00:00,2255.4331199999997,VALID,-0.690372,VALID,Warning,WARN: High flow rate detected (Flood risk)
2026-01-25 22:00:00+00:00,2246.93808,VALID,-0.705612,VALID,Warning,WARN: High flow rate detected (Flood risk)
2026-01-25 23:00:00+00:00,2241.27472,VALID,-0.714756,VALID,Warning,WARN: High flow rate detected (Flood risk)
2026-01-26 00:00:00+00:00,2231.36384,VALID,-0.728472,VALID,Warning,WARN: High flow rate detected (Flood risk)
2026-01-26 01:00:00+00:00,2217.20544,VALID,-0.7482840000000001,VALID,Warning,WARN: High flow rate detected (Flood risk)
2026-01-26 02:00:00+00:00,2204.46288,VALID,-0.7680959999999999,VALID,Warning,WARN: High flow rate detected (Flood risk)
2026-01-26 03:00:00+00:00,2184.6411200000002,VALID,-0.7985760000000001,VALID,Warning,WARN: High flow rate detected (Flood risk)
2026-01-26 04:00:00+00:00,2173.3144,VALID,-0.8153400000000001,VALID,Warning,WARN: High flow rate detected (Flood risk)
2026-01-26 05:00:00+00:00,2166.2352,VALID,-0.8275320000000002,VALID,Warning,WARN: High flow rate detected (Flood risk)
2026-01-26 06:00:00+00:00,2161.98768,VALID,-0.833628,VALID,Warning,WARN: High flow rate detected (Flood risk)
2026-01-26 07:00:00+00:00,2159.156,VALID,-0.8382000000000001,VALID,Warning,WARN: High flow rate detected (Flood risk)
2026-01-26 08:00:00+00:00,2154.90848,VALID,-0.8442959999999999,VALID,Warning,WARN: High flow rate detected (Flood risk)
2026-01-26 09:00:00+00:00,2142.16592,VALID,-0.8641080000000001,VALID,Warning,WARN: High flow rate detected (Flood risk)
2026-01-26 10:00:00+00:00,2147.82928,VALID,-0.8564879999999999,VALID,Warning,WARN: High flow rate detected (Flood risk)
2026-01-26 11:00:00+00:00,2142.16592,VALID,-0.864108,VALID,Warning,WARN: High flow rate detected (Flood risk)
2026-01-26 12:00:00+00:00,2142.16592,VALID,-0.864108,VALID,Warning,WARN: High flow rate detected (Flood risk)
2026-01-26 13:00:00+00:00,2143.58176,VALID,-0.8610599999999999,VALID,Warning,WARN: High flow rate detected (Flood risk)
2026-01-26 14:00:00+00:00,2154.90848,VALID,-0.8427720000000001,VALID,Warning,WARN: High flow rate detected (Flood risk)
2026-01-26 15:00:00+00:00,2171.89856,VALID,-0.8199120000000001,VALID,Warning,WARN: High flow rate detected (Flood risk)
2026-01-26 16:00:00+00:00,2161.98768,VALID,-0.833628,VALID,Warning,WARN: High flow rate detected (Flood risk)
2026-01-26 17:00:00+00:00,2171.89856,VALID,-0.819912,VALID,Warning,WARN: High flow rate detected (Flood risk)
2026-01-26 18:00:00+00:00,2173.3144,VALID,-0.81534,VALID,Warning,WARN: High flow rate detected (Flood risk)
2026-01-26 19:00:00+00:00,2184.6411200000002,VALID,-0.7970520000000001,VALID,Warning,WARN: High flow rate detected (Flood risk)
2026-01-26 20:00:00+00:00,2186.05696,VALID,-0.795528,VALID,Warning,WARN: High flow rate detected (Flood risk)
2026-01-26 21:00:00+00:00,2203.0470400000004,VALID,-0.7711439999999999,VALID,Warning,WARN: High flow rate detected (Flood risk)
2026-01-26 22:00:00+00:00,2205.87872,VALID,-0.7650480000000001,VALID,Warning,WARN: High flow rate detected (Flood risk)
2026-01-26 23:00:00+00:00,2212.95792,VALID,-0.75438,VALID,Warning,WARN: High flow rate detected (Flood risk)
2026-01-27 00:00:00+00:00,2211.54208,VALID,-0.757428,VALID,Warning,WARN: High flow rate detected (Flood risk)
2026-01-27 01:00:00+00:00,2207.2945600000003,VALID,-0.763524,VALID,Warning,WARN: High flow rate detected (Flood risk)
2026-01-27 02:00:00+00:00,2208.7104,VALID,-0.7635240000000001,VALID,Warning,WARN: High flow rate detected (Flood risk)
2026-01-27 03:00:00+00:00,2203.0470400000004,VALID,-0.76962,VALID,Warning,WARN: High flow rate detected (Flood risk)
2026-01-27 04:00:00+00:00,2207.2945600000003,VALID,-0.765048,VALID,Warning,WARN: High flow rate detected (Flood risk)
2026-01-27 05:00:00+00:00,2198.79952,VALID,-0.778764,VALID,Warning,WARN: High flow rate detected (Flood risk)
2026-01-27 06:00:00+00:00,2200.21536,VALID,-0.7757160000000001,VALID,Warning,WARN: High flow rate detected (Flood risk)
2026-01-27 07:00:00+00:00,2204.46288,VALID,-0.76962,VALID,Warning,WARN: High flow rate detected (Flood risk)
2026-01-27 08:00:00+00:00,2195.9678400000003,VALID,-0.781812,VALID,Warning,WARN: High flow rate detected (Flood risk)
2026-01-27 09:00:00+00:00,2198.79952,VALID,-0.7772399999999999,VALID,Warning,WARN: High flow rate detected (Flood risk)
2026-01-27 10:00:00+00:00,2207.2945600000003,VALID,-0.763524,VALID,Warning,WARN: High flow rate detected (Flood risk)
2026-01-27 11:00:00+00:00,2217.2054399999997,VALID,-0.7482840000000001,VALID,Warning,WARN: High flow rate detected (Flood risk)
2026-01-27 12:00:00+00:00,2234.1955199999998,VALID,-0.7239,VALID,Warning,WARN: High flow rate detected (Flood risk)
2026-01-27 13:00:00+00:00,2244.1063999999997,VALID,-0.7086600000000001,VALID,Warning,WARN: High flow rate detected (Flood risk)
2026-01-27 14:00:00+00:00,2249.76976,VALID,-0.7010400000000001,VALID,Warning,WARN: High flow rate detected (Flood risk)
2026-01-27 15:00:00+00:00,2266.7598399999997,VALID,-0.6751320000000001,VALID,Warning,WARN: High flow rate detected (Flood risk)
2026-01-27 16:00:00+00:00,2273.83904,VALID,-0.6644639999999999,VALID,Warning,WARN: High flow rate detected (Flood risk)
2026-01-27 17:00:00+00:00,2289.4132799999998,VALID,-0.6416040000000001,VALID,Warning,WARN: High flow rate detected (Flood risk)
2026-01-27 18:00:00+00:00,2307.8192,VALID,-0.612648,VALID,Warning,WARN: High flow rate detected (Flood risk)
2026-01-27 19:00:00+00:00,2320.56176,VALID,-0.5958840000000001,VALID,Warning,WARN: High flow rate detected (Flood risk)
2026-01-27 20:00:00+00:00,2327.6409599999997,VALID,-0.583692,VALID,Warning,WARN: High flow rate detected (Flood risk)
2026-01-27 21:00:00+00:00,2337.55184,VALID,-0.569976,VALID,Warning,WARN: High flow rate detected (Flood risk)
2026-01-27 22:00:00+00:00,2347.4627199999995,VALID,-0.55626,VALID,Warning,WARN: High flow rate detected (Flood risk)
2026-01-27 23:00:00+00:00,2360.20528,VALID,-0.5379720000000001,VALID,Warning,WARN: High flow rate detected (Flood risk)
2026-01-28 00:00:00+00:00,2371.532,VALID,-0.519684,VALID,Warning,WARN: High flow rate detected (Flood risk)
2026-01-28 01:00:00+00:00,2389.93792,VALID,-0.49377600000000005,VALID,Warning,WARN: High flow rate detected (Flood risk)
2026-01-28 02:00:00+00:00,2389.9379200000003,VALID,-0.493776,VALID,Warning,WARN: High flow rate detected (Flood risk)
2026-01-28 03:00:00+00:00,2402.68048,VALID,-0.475488,VALID,Warning,WARN: High flow rate detected (Flood risk)
2026-01-28 04:00:00+00:00,2409.75968,VALID,-0.46482,VALID,Warning,WARN: High flow rate detected (Flood risk)
2026-01-28 05:00:00+00:00,2406.928,VALID,-0.46939200000000003,VALID,Warning,WARN: High flow rate detected (Flood risk)
2026-01-28 06:00:00+00:00,2418.25472,VALID,-0.454152,VALID,Warning,WARN: High flow rate detected (Flood risk)
2026-01-28 07:00:00+00:00,2421.0864,VALID,-0.448056,VALID,Warning,WARN: High flow rate detected (Flood risk)
2026-01-28 08:00:00+00:00,2426.74976,VALID,-0.44196,VALID,Warning,WARN: High flow rate detected (Flood risk)
2026-01-28 09:00:00+00:00,2415.42304,VALID,-0.45720000000000005,VALID,Warning,WARN: High flow rate detected (Flood risk)
2026-01-28 10:00:00+00:00,2412.59136,VALID,-0.46024800000000005,VALID,Warning,WARN: High flow rate detected (Flood risk)
2026-01-28 11:00:00+00:00,2418.25472,VALID,-0.454152,VALID,Warning,WARN: High flow rate detected (Flood risk)
2026-01-28 12:00:00+00:00,2418.25472,VALID,-0.454152,VALID,Warning,WARN: High flow rate detected (Flood risk)
2026-01-28 14:00:00+00:00,2405.51216,VALID,-0.470916,VALID,Warning,WARN: High flow rate detected (Flood risk)
2026-01-28 15:00:00+00:00,2387.10624,VALID,-0.496824,VALID,Warning,WARN: High flow rate detected (Flood risk)
2026-01-28 16:00:00+00:00,2391.35376,VALID,-0.492252,VALID,Warning,WARN: High flow rate detected (Flood risk)
2026-01-28 17:00:00+00:00,2385.6904,VALID,-0.49987200000000004,VALID,Warning,WARN: High flow rate detected (Flood risk)
2026-01-28 18:00:00+00:00,2380.02704,VALID,-0.507492,VALID,Warning,WARN: High flow rate detected (Flood risk)
2026-01-28 19:00:00+00:00,2375.77952,VALID,-0.515112,VALID,Warning,WARN: High flow rate detected (Flood risk)
2026-01-28 20:00:00+00:00,2358.78944,VALID,-0.539496,VALID,Warning,WARN: High flow rate detected (Flood risk)
2026-01-28 21:00:00+00:00,2333.30432,VALID,-0.577596,VALID,Warning,WARN: High flow rate detected (Flood risk)
2026-01-28 22:00:00+00:00,2309.23504,VALID,-0.612648,VALID,Warning,WARN: High flow rate detected (Flood risk)
2026-01-28 23:00:00+00:00,2307.8192,VALID,-0.612648,VALID,Warning,WARN: High flow rate detected (Flood risk)
2026-01-29 00:00:00+00:00,2304.98752,VALID,-0.618744,VALID,Warning,WARN: High flow rate detected (Flood risk)
2026-01-29 01:00:00+00:00,2303.57168,VALID,-0.620268,VALID,Warning,WARN: High flow rate detected (Flood risk)
2026-01-29 02:00:00+00:00,2303.57168,VALID,-0.618744,VALID,Warning,WARN: High flow rate detected (Flood risk)
2026-01-29 03:00:00+00:00,2309.23504,VALID,-0.611124,VALID,Warning,WARN: High flow rate detected (Flood risk)
2026-01-29 04:00:00+00:00,2312.06672,VALID,-0.6080760000000001,VALID,Warning,WARN: High flow rate detected (Flood risk)
2026-01-29 05:00:00+00:00,2310.65088,VALID,-0.6096,VALID,Warning,WARN: High flow rate detected (Flood risk)
2026-01-29 06:00:00+00:00,2313.48256,VALID,-0.606552,VALID,Warning,WARN: High flow rate detected (Flood risk)
2026-01-29 07:00:00+00:00,2316.31424,VALID,-0.600456,VALID,Warning,WARN: High flow rate detected (Flood risk)
2026-01-29 08:00:00+00:00,2316.31424,VALID,-0.60198,VALID,Warning,WARN: High flow rate detected (Flood risk)
2026-01-29 10:00:00+00:00,2309.23504,VALID,-0.6126480000000001,VALID,Warning,WARN: High flow rate detected (Flood risk)
2026-01-29 11:00:00+00:00,2303.57168,VALID,-0.620268,VALID,Warning,WARN: High flow rate detected (Flood risk)
2026-01-29 12:00:00+00:00,2289.4132799999998,VALID,-0.6416040000000001,VALID,Warning,WARN: High flow rate detected (Flood risk)
2026-01-29 13:00:00+00:00,2295.07664,VALID,-0.633984,VALID,Warning,WARN: High flow rate detected (Flood risk)
2026-01-29 14:00:00+00:00,2285.16576,VALID,-0.649224,VALID,Warning,WARN: High flow rate detected (Flood risk)
2026-01-29 15:00:00+00:00,2276.67072,VALID,-0.6583680000000001,VALID,Warning,WARN: High flow rate detected (Flood risk)
2026-01-29 16:00:00+00:00,2290.82912,VALID,-0.6400800000000001,VALID,Warning,WARN: High flow rate detected (Flood risk)
2026-01-29 17:00:00+00:00,2285.16576,VALID,-0.6477,VALID,Warning,WARN: High flow rate detected (Flood risk)
2026-01-29 18:00:00+00:00,2278.0865599999997,VALID,-0.6583680000000001,VALID,Warning,WARN: High flow rate detected (Flood risk)
2026-01-29 19:00:00+00:00,2276.67072,VALID,-0.659892,VALID,Warning,WARN: High flow rate detected (Flood risk)
2026-01-29 20:00:00+00:00,2268.17568,VALID,-0.672084,VALID,Warning,WARN: High flow rate detected (Flood risk)
2026-01-29 21:00:00+00:00,2275.25488,VALID,-0.6629400000000001,VALID,Warning,WARN: High flow rate detected (Flood risk)
2026-01-29 22:00:00+00:00,2272.4232,VALID,-0.665988,VALID,Warning,WARN: High flow rate detected (Flood risk)
2026-01-29 23:00:00+00:00,2262.51232,VALID,-0.6827520000000001,VALID,Warning,WARN: High flow rate detected (Flood risk)
2026-01-30 01:00:00+00:00,2259.6806399999996,VALID,-0.6858000000000001,VALID,Warning,WARN: High flow rate detected (Flood risk)
2026-01-30 02:00:00+00:00,2255.4331199999997,VALID,-0.690372,VALID,Warning,WARN: High flow rate detected (Flood risk)
2026-01-30 03:00:00+00:00,2246.93808,VALID,-0.705612,VALID,Warning,WARN: High flow rate detected (Flood risk)
2026-01-30 04:00:00+00:00,2241.27472,VALID,-0.7132320000000001,VALID,Warning,WARN: High flow rate detected (Flood risk)
2026-01-30 05:00:00+00:00,2237.0271999999995,VALID,-0.717804,VALID,Warning,WARN: High flow rate detected (Flood risk)
2026-01-30 06:00:00+00:00,2232.7796799999996,VALID,-0.7254240000000001,VALID,Warning,WARN: High flow rate detected (Flood risk)
2026-01-30 07:00:00+00:00,2234.1955199999998,VALID,-0.725424,VALID,Warning,WARN: High flow rate detected (Flood risk)
2026-01-30 08:00:00+00:00,2232.7796799999996,VALID,-0.726948,VALID,Warning,WARN: High flow rate detected (Flood risk)
2026-01-30 09:00:00+00:00,2229.948,VALID,-0.728472,VALID,Warning,WARN: High flow rate detected (Flood risk)
2026-01-30 10:00:00+00:00,2227.11632,VALID,-0.7345680000000001,VALID,Warning,WARN: High flow rate detected (Flood risk)
2026-01-30 11:00:00+00:00,2231.36384,VALID,-0.726948,VALID,Warning,WARN: High flow rate detected (Flood risk)
2026-01-30 12:00:00+00:00,2235.61136,VALID,-0.720852,VALID,Warning,WARN: High flow rate detected (Flood risk)
2026-01-30 13:00:00+00:00,2238.44304,VALID,-0.717804,VALID,Warning,WARN: High flow rate detected (Flood risk)
2026-01-30 14:00:00+00:00,2232.7796799999996,VALID,-0.7254240000000001,VALID,Warning,WARN: High flow rate detected (Flood risk)
2026-01-30 15:00:00+00:00,2229.948,VALID,-0.7299960000000001,VALID,Warning,WARN: High flow rate detected (Flood risk)
2026-01-30 16:00:00+00:00,2229.948,VALID,-0.7299960000000001,VALID,Warning,WARN: High flow rate detected (Flood risk)
2026-01-30 17:00:00+00:00,2249.76976,VALID,-0.699516,VALID,Warning,WARN: High flow rate detected (Flood risk)
2026-01-30 18:00:00+00:00,2255.4331199999997,VALID,-0.6918960000000001,VALID,Warning,WARN: High flow rate detected (Flood risk)
2026-01-30 19:00:00+00:00,2255.4331199999997,VALID,-0.6918960000000001,VALID,Warning,WARN: High flow rate detected (Flood risk)
2026-01-30 20:00:00+00:00,2261.09648,VALID,-0.6842760000000001,VALID,Warning,WARN: High flow rate detected (Flood risk)
2026-01-30 21:00:00+00:00,2268.17568,VALID,-0.673608,VALID,Warning,WARN: High flow rate detected (Flood risk)
2026-01-30 22:00:00+00:00,2262.51232,VALID,-0.6812280000000001,VALID,Warning,WARN: High flow rate detected (Flood risk)
2026-01-30 23:00:00+00:00,2273.83904,VALID,-0.664464,VALID,Warning,WARN: High flow rate detected (Flood risk)
2026-01-31 00:00:00+00:00,2276.67072,VALID,-0.659892,VALID,Warning,WARN: High flow rate detected (Flood risk)
2026-01-31 01:00:00+00:00,2273.83904,VALID,-0.6629400000000001,VALID,Warning,WARN: High flow rate detected (Flood risk)
2026-01-31 02:00:00+00:00,2278.0865599999997,VALID,-0.656844,VALID,Warning,WARN: High flow rate detected (Flood risk)
2026-01-31 03:00:00+00:00,2273.83904,VALID,-0.664464,VALID,Warning,WARN: High flow rate detected (Flood risk)
2026-01-31 05:00:00+00:00,2280.91824,VALID,-0.653796,VALID,Warning,WARN: High flow rate detected (Flood risk)
2026-01-31 06:00:00+00:00,2273.83904,VALID,-0.664464,VALID,Warning,WARN: High flow rate detected (Flood risk)
2026-01-31 07:00:00+00:00,2276.67072,VALID,-0.661416,VALID,Warning,WARN: High flow rate detected (Flood risk)
2026-01-31 09:00:00+00:00,2293.6608,VALID,-0.637032,VALID,Warning,WARN: High flow rate detected (Flood risk)
2026-01-31 10:00:00+00:00,2299.32416,VALID,-0.62484,VALID,Warning,WARN: High flow rate detected (Flood risk)
2026-01-31 11:00:00+00:00,2297.90832,VALID,-0.627888,VALID,Warning,WARN: High flow rate detected (Flood risk)
2026-01-31 12:00:00+00:00,2299.32416,VALID,-0.6263639999999999,VALID,Warning,WARN: High flow rate detected (Flood risk)
2026-01-31 13:00:00+00:00,2299.32416,VALID,-0.627888,VALID,Warning,WARN: High flow rate detected (Flood risk)
2026-01-31 14:00:00+00:00,2300.74,VALID,-0.6248400000000001,VALID,Warning,WARN: High flow rate detected (Flood risk)
2026-01-31 15:00:00+00:00,2292.24496,VALID,-0.6385560000000001,VALID,Warning,WARN: High flow rate detected (Flood risk)
2026-01-31 16:00:00+00:00,2297.90832,VALID,-0.627888,VALID,Warning,WARN: High flow rate detected (Flood risk)
2026-01-31 17:00:00+00:00,2300.74,VALID,-0.62484,VALID,Warning,WARN: High flow rate detected (Flood risk)
2026-01-31 18:00:00+00:00,2306.4033600000002,VALID,-0.61722,VALID,Warning,WARN: High flow rate detected (Flood risk)
2026-01-31 19:00:00+00:00,2314.8984,VALID,-0.605028,VALID,Warning,WARN: High flow rate detected (Flood risk)
2026-01-31 20:00:00+00:00,2316.31424,VALID,-0.603504,VALID,Warning,WARN: High flow rate detected (Flood risk)
2026-01-31 22:00:00+00:00,2316.31424,VALID,-0.603504,VALID,Warning,WARN: High flow rate detected (Flood risk)
2026-02-01 00:00:00+00:00,2314.8984,VALID,-0.605028,VALID,Warning,WARN: High flow rate detected (Flood risk)
2026-02-01 01:00:00+00:00,2307.8192,VALID,-0.612648,VALID,Warning,WARN: High flow rate detected (Flood risk)
2026-02-01 02:00:00+00:00,2313.48256,VALID,-0.606552,VALID,Warning,WARN: High flow rate detected (Flood risk)
2026-02-01 03:00:00+00:00,2319.14592,VALID,-0.597408,VALID,Warning,WARN: High flow rate detected (Flood risk)
2026-02-01 04:00:00+00:00,2313.4825600000004,VALID,-0.606552,VALID,Warning,WARN: High flow rate detected (Flood risk)
2026-02-01 05:00:00+00:00,2313.48256,VALID,-0.606552,VALID,Warning,WARN: High flow rate detected (Flood risk)
2026-02-01 06:00:00+00:00,2300.74,VALID,-0.62484,VALID,Warning,WARN: High flow rate detected (Flood risk)
2026-02-01 07:00:00+00:00,2304.98752,VALID,-0.618744,VALID,Warning,WARN: High flow rate detected (Flood risk)
2026-02-01 08:00:00+00:00,2307.8192,VALID,-0.615696,VALID,Warning,WARN: High flow rate detected (Flood risk)
2026-02-01 09:00:00+00:00,2296.49248,VALID,-0.6294120000000001,VALID,Warning,WARN: High flow rate detected (Flood risk)
2026-02-01 10:00:00+00:00,2303.57168,VALID,-0.620268,VALID,Warning,WARN: High flow rate detected (Flood risk)
2026-02-01 11:00:00+00:00,2304.98752,VALID,-0.618744,VALID,Warning,WARN: High flow rate detected (Flood risk)
2026-02-01 12:00:00+00:00,2319.14592,VALID,-0.5974079999999999,VALID,Warning,WARN: High flow rate detected (Flood risk)
2026-02-01 13:00:00+00:00,2312.06672,VALID,-0.606552,VALID,Warning,WARN: High flow rate detected (Flood risk)
2026-02-01 14:00:00+00:00,2307.8192,VALID,-0.615696,VALID,Warning,WARN: High flow rate detected (Flood risk)
2026-02-01 15:00:00+00:00,2321.9776,VALID,-0.5913120000000001,VALID,Warning,WARN: High flow rate detected (Flood risk)
2026-02-01 16:00:00+00:00,2313.48256,VALID,-0.605028,VALID,Warning,WARN: High flow rate detected (Flood risk)
2026-02-01 17:00:00+00:00,2319.14592,VALID,-0.597408,VALID,Warning,WARN: High flow rate detected (Flood risk)
2026-02-01 18:00:00+00:00,2326.22512,VALID,-0.58674,VALID,Warning,WARN: High flow rate detected (Flood risk)
2026-02-01 19:00:00+00:00,2323.39344,VALID,-0.589788,VALID,Warning,WARN: High flow rate detected (Flood risk)
2026-02-01 20:00:00+00:00,2336.136,VALID,-0.573024,VALID,Warning,WARN: High flow rate detected (Flood risk)
2026-02-01 21:00:00+00:00,2340.38352,VALID,-0.5669280000000001,VALID,Warning,WARN: High flow rate detected (Flood risk)
2026-02-01 22:00:00+00:00,2353.12608,VALID,-0.547116,VALID,Warning,WARN: High flow rate detected (Flood risk)
2026-02-01 23:00:00+00:00,2370.11616,VALID,-0.521208,VALID,Warning,WARN: High flow rate detected (Flood risk)
2026-02-02 00:00:00+00:00,2389.93792,VALID,-0.49377600000000005,VALID,Warning,WARN: High flow rate detected (Flood risk)
2026-02-02 01:00:00+00:00,2392.7695999999996,VALID,-0.49072800000000005,VALID,Warning,WARN: High flow rate detected (Flood risk)
2026-02-02 02:00:00+00:00,2408.34384,VALID,-0.46786800000000006,VALID,Warning,WARN: High flow rate detected (Flood risk)
2026-02-02 03:00:00+00:00,2406.928,VALID,-0.46939200000000003,VALID,Warning,WARN: High flow rate detected (Flood risk)
2026-02-02 04:00:00+00:00,2421.0864,VALID,-0.448056,VALID,Warning,WARN: High flow rate detected (Flood risk)
2026-02-02 06:00:00+00:00,2430.99728,VALID,-0.43434,VALID,Warning,WARN: High flow rate detected (Flood risk)
2026-02-02 07:00:00+00:00,2436.66064,VALID,-0.425196,VALID,Warning,WARN: High flow rate detected (Flood risk)
2026-02-02 08:00:00+00:00,2446.57152,VALID,-0.41148000000000007,VALID,Warning,WARN: High flow rate detected (Flood risk)
2026-02-02 09:00:00+00:00,2449.4031999999997,VALID,-0.408432,VALID,Warning,WARN: High flow rate detected (Flood risk)
2026-02-02 10:00:00+00:00,2452.23488,VALID,-0.40386,VALID,Warning,WARN: High flow rate detected (Flood risk)
2026-02-02 11:00:00+00:00,2449.4031999999997,VALID,-0.408432,VALID,Warning,WARN: High flow rate detected (Flood risk)
2026-02-02 12:00:00+00:00,2457.89824,VALID,-0.39471600000000007,VALID,Warning,WARN: High flow rate detected (Flood risk)
2026-02-02 13:00:00+00:00,2462.14576,VALID,-0.39014400000000005,VALID,Warning,WARN: High flow rate detected (Flood risk)
2026-02-02 14:00:00+00:00,2462.14576,VALID,-0.391668,VALID,Warning,WARN: High flow rate detected (Flood risk)
2026-02-02 15:00:00+00:00,2459.31408,VALID,-0.39471600000000007,VALID,Warning,WARN: High flow rate detected (Flood risk)
2026-02-02 16:00:00+00:00,2447.98736,VALID,-0.40995600000000004,VALID,Warning,WARN: High flow rate detected (Flood risk)
2026-02-02 17:00:00+00:00,2457.8982399999995,VALID,-0.39624000000000004,VALID,Warning,WARN: High flow rate detected (Flood risk)
2026-02-02 18:00:00+00:00,2469.22496,VALID,-0.37947600000000004,VALID,Warning,WARN: High flow rate detected (Flood risk)
2026-02-02 19:00:00+00:00,2472.05664,VALID,-0.377952,VALID,Warning,WARN: High flow rate detected (Flood risk)
2026-02-02 20:00:00+00:00,2483.38336,VALID,-0.359664,VALID,Warning,WARN: High flow rate detected (Flood risk)
2026-02-02 21:00:00+00:00,2489.04672,VALID,-0.353568,VALID,Warning,WARN: High flow rate detected (Flood risk)
2026-02-02 23:00:00+00:00,2474.88832,VALID,-0.371856,VALID,Warning,WARN: High flow rate detected (Flood risk)
2026-02-03 00:00:00+00:00,2480.55168,VALID,-0.364236,VALID,Warning,WARN: High flow rate detected (Flood risk)
2026-02-03 02:00:00+00:00,2481.96752,VALID,-0.36271200000000003,VALID,Warning,WARN: High flow rate detected (Flood risk)
2026-02-03 03:00:00+00:00,2481.96752,VALID,-0.36271200000000003,VALID,Warning,WARN: High flow rate detected (Flood risk)
2026-02-03 04:00:00+00:00,2480.55168,VALID,-0.362712,VALID,Warning,WARN: High flow rate detected (Flood risk)
2026-02-03 05:00:00+00:00,2480.55168,VALID,-0.362712,VALID,Warning,WARN: High flow rate detected (Flood risk)
2026-02-03 06:00:00+00:00,2472.05664,VALID,-0.374904,VALID,Warning,WARN: High flow rate detected (Flood risk)
2026-02-03 07:00:00+00:00,2466.39328,VALID,-0.385572,VALID,Warning,WARN: High flow rate detected (Flood risk)
2026-02-03 08:00:00+00:00,2463.5616,VALID,-0.39014400000000005,VALID,Warning,WARN: High flow rate detected (Flood risk)
2026-02-03 09:00:00+00:00,2452.23488,VALID,-0.40386,VALID,Warning,WARN: High flow rate detected (Flood risk)
2026-02-03 10:00:00+00:00,2443.73984,VALID,-0.41452800000000006,VALID,Warning,WARN: High flow rate detected (Flood risk)
2026-02-03 11:00:00+00:00,2435.2448,VALID,-0.42672,VALID,Warning,WARN: High flow rate detected (Flood risk)
2026-02-03 12:00:00+00:00,2435.2448,VALID,-0.429768,VALID,Warning,WARN: High flow rate detected (Flood risk)
2026-02-03 13:00:00+00:00,2436.66064,VALID,-0.425196,VALID,Warning,WARN: High flow rate detected (Flood risk)
2026-02-03 14:00:00+00:00,2435.2448,VALID,-0.42672,VALID,Warning,WARN: High flow rate detected (Flood risk)
2026-02-03 15:00:00+00:00,2435.2448,VALID,-0.42672,VALID,Warning,WARN: High flow rate detected (Flood risk)
2026-02-03 16:00:00+00:00,2433.82896,VALID,-0.429768,VALID,Warning,WARN: High flow rate detected (Flood risk)
2026-02-03 17:00:00+00:00,2426.74976,VALID,-0.44196,VALID,Warning,WARN: High flow rate detected (Flood risk)
2026-02-03 18:00:00+00:00,2418.25472,VALID,-0.45262800000000003,VALID,Warning,WARN: High flow rate detected (Flood risk)
2026-02-03 19:00:00+00:00,2422.50224,VALID,-0.44653200000000004,VALID,Warning,WARN: High flow rate detected (Flood risk)
2026-02-03 20:00:00+00:00,2422.50224,VALID,-0.44653200000000004,VALID,Warning,WARN: High flow rate detected (Flood risk)
2026-02-03 21:00:00+00:00,2418.25472,VALID,-0.451104,VALID,Warning,WARN: High flow rate detected (Flood risk)
2026-02-03 22:00:00+00:00,2415.4230399999997,VALID,-0.45720000000000005,VALID,Warning,WARN: High flow rate detected (Flood risk)
2026-02-03 23:00:00+00:00,2418.25472,VALID,-0.45262800000000003,VALID,Warning,WARN: High flow rate detected (Flood risk)
2026-02-04 00:00:00+00:00,2418.25472,VALID,-0.451104,VALID,Warning,WARN: High flow rate detected (Flood risk)
2026-02-04 01:00:00+00:00,2406.928,VALID,-0.46939200000000003,VALID,Warning,WARN: High flow rate detected (Flood risk)
2026-02-04 03:00:00+00:00,2387.10624,VALID,-0.499872,VALID,Warning,WARN: High flow rate detected (Flood risk)
2026-02-04 04:00:00+00:00,2375.77952,VALID,-0.515112,VALID,Warning,WARN: High flow rate detected (Flood risk)
2026-02-04 05:00:00+00:00,2370.11616,VALID,-0.521208,VALID,Warning,WARN: High flow rate detected (Flood risk)
2026-02-04 06:00:00+00:00,2370.1161599999996,VALID,-0.522732,VALID,Warning,WARN: High flow rate detected (Flood risk)
2026-02-04 07:00:00+00:00,2353.12608,VALID,-0.547116,VALID,Warning,WARN: High flow rate detected (Flood risk)
2026-02-04 08:00:00+00:00,2340.38352,VALID,-0.5669280000000001,VALID,Warning,WARN: High flow rate detected (Flood risk)
2026-02-04 09:00:00+00:00,2344.6310399999998,VALID,-0.560832,VALID,Warning,WARN: High flow rate detected (Flood risk)
2026-02-04 10:00:00+00:00,2334.72016,VALID,-0.5745480000000001,VALID,Warning,WARN: High flow rate detected (Flood risk)
2026-02-04 11:00:00+00:00,2330.47264,VALID,-0.57912,VALID,Warning,WARN: High flow rate detected (Flood risk)
2026-02-04 12:00:00+00:00,2313.48256,VALID,-0.605028,VALID,Warning,WARN: High flow rate detected (Flood risk)
2026-02-04 13:00:00+00:00,2316.31424,VALID,-0.600456,VALID,Warning,WARN: High flow rate detected (Flood risk)
2026-02-04 14:00:00+00:00,2316.31424,VALID,-0.600456,VALID,Warning,WARN: High flow rate detected (Flood risk)
2026-02-04 15:00:00+00:00,2304.98752,VALID,-0.618744,VALID,Warning,WARN: High flow rate detected (Flood risk)
2026-02-04 16:00:00+00:00,2300.74,VALID,-0.623316,VALID,Warning,WARN: High flow rate detected (Flood risk)
2026-02-04 17:00:00+00:00,2302.15584,VALID,-0.621792,VALID,Warning,WARN: High flow rate detected (Flood risk)
2026-02-04 18:00:00+00:00,2306.4033600000002,VALID,-0.61722,VALID,Warning,WARN: High flow rate detected (Flood risk)
2026-02-04 19:00:00+00:00,2300.74,VALID,-0.6248400000000001,VALID,Warning,WARN: High flow rate detected (Flood risk)
2026-02-04 20:00:00+00:00,2290.82912,VALID,-0.6400800000000001,VALID,Warning,WARN: High flow rate detected (Flood risk)
2026-02-04 21:00:00+00:00,2286.5816,VALID,-0.6461760000000001,VALID,Warning,WARN: High flow rate detected (Flood risk)
2026-02-04 22:00:00+00:00,2271.00736,VALID,-0.67056,VALID,Warning,WARN: High flow rate detected (Flood risk)
2026-02-04 23:00:00+00:00,2265.344,VALID,-0.6766559999999999,VALID,Warning,WARN: High flow rate detected (Flood risk)
2026-02-05 00:00:00+00:00,2268.1756800000003,VALID,-0.6736080000000001,VALID,Warning,WARN: High flow rate detected (Flood risk)
2026-02-05 01:00:00+00:00,2249.76976,VALID,-0.699516,VALID,Warning,WARN: High flow rate detected (Flood risk)
2026-02-05 02:00:00+00:00,2256.84896,VALID,-0.688848,VALID,Warning,WARN: High flow rate detected (Flood risk)
2026-02-05 03:00:00+00:00,2248.35392,VALID,-0.704088,VALID,Warning,WARN: High flow rate detected (Flood risk)
2026-02-05 04:00:00+00:00,2246.93808,VALID,-0.704088,VALID,Warning,WARN: High flow rate detected (Flood risk)
2026-02-05 05:00:00+00:00,2239.8588799999998,VALID,-0.714756,VALID,Warning,WARN: High flow rate detected (Flood risk)
2026-02-05 06:00:00+00:00,2225.70048,VALID,-0.7360920000000001,VALID,Warning,WARN: High flow rate detected (Flood risk)
2026-02-05 07:00:00+00:00,2225.70048,VALID,-0.7360920000000001,VALID,Warning,WARN: High flow rate detected (Flood risk)
2026-02-05 08:00:00+00:00,2224.28464,VALID,-0.737616,VALID,Warning,WARN: High flow rate detected (Flood risk)
2026-02-05 09:00:00+00:00,2221.45296,VALID,-0.7421880000000001,VALID,Warning,WARN: High flow rate detected (Flood risk)
2026-02-05 10:00:00+00:00,2225.70048,VALID,-0.7360920000000001,VALID,Warning,WARN: High flow rate detected (Flood risk)
2026-02-05 11:00:00+00:00,2224.28464,VALID,-0.737616,VALID,Warning,WARN: High flow rate detected (Flood risk)
2026-02-05 12:00:00+00:00,2217.2054399999997,VALID,-0.7482840000000001,VALID,Warning,WARN: High flow rate detected (Flood risk)
2026-02-05 13:00:00+00:00,2215.7896,VALID,-0.7513320000000001,VALID,Warning,WARN: High flow rate detected (Flood risk)
2026-02-05 14:00:00+00:00,2208.7104,VALID,-0.762,VALID,Warning,WARN: High flow rate detected (Flood risk)
2026-02-05 15:00:00+00:00,2211.54208,VALID,-0.757428,VALID,Warning,WARN: High flow rate detected (Flood risk)
2026-02-05 16:00:00+00:00,2203.0470400000004,VALID,-0.76962,VALID,Warning,WARN: High flow rate detected (Flood risk)
2026-02-05 17:00:00+00:00,2205.87872,VALID,-0.766572,VALID,Warning,WARN: High flow rate detected (Flood risk)
2026-02-05 18:00:00+00:00,2201.6312,VALID,-0.772668,VALID,Warning,WARN: High flow rate detected (Flood risk)
2026-02-05 19:00:00+00:00,2200.21536,VALID,-0.774192,VALID,Warning,WARN: High flow rate detected (Flood risk)
2026-02-05 20:00:00+00:00,2193.13616,VALID,-0.786384,VALID,Warning,WARN: High flow rate detected (Flood risk)
2026-02-05 21:00:00+00:00,2188.88864,VALID,-0.7924800000000001,VALID,Warning,WARN: High flow rate detected (Flood risk)
2026-02-05 22:00:00+00:00,2183.2252799999997,VALID,-0.8016240000000001,VALID,Warning,WARN: High flow rate detected (Flood risk)
2026-02-05 23:00:00+00:00,2177.56192,VALID,-0.810768,VALID,Warning,WARN: High flow rate detected (Flood risk)
2026-02-06 00:00:00+00:00,2170.48272,VALID,-0.819912,VALID,Warning,WARN: High flow rate detected (Flood risk)
2026-02-06 01:00:00+00:00,2160.57184,VALID,-0.8366760000000001,VALID,Warning,WARN: High flow rate detected (Flood risk)
2026-02-06 02:00:00+00:00,2160.57184,VALID,-0.8351520000000001,VALID,Warning,WARN: High flow rate detected (Flood risk)
2026-02-06 03:00:00+00:00,2139.33424,VALID,-0.867156,VALID,Warning,WARN: High flow rate detected (Flood risk)
2026-02-06 04:00:00+00:00,2139.33424,VALID,-0.86868,VALID,Warning,WARN: High flow rate detected (Flood risk)
2026-02-06 05:00:00+00:00,2132.25504,VALID,-0.879348,VALID,Warning,WARN: High flow rate detected (Flood risk)
2026-02-06 06:00:00+00:00,2130.8392,VALID,-0.8823960000000001,VALID,Warning,WARN: High flow rate detected (Flood risk)
2026-02-06 07:00:00+00:00,2132.25504,VALID,-0.877824,VALID,Warning,WARN: High flow rate detected (Flood risk)
2026-02-06 08:00:00+00:00,2128.00752,VALID,-0.886968,VALID,Warning,WARN: High flow rate detected (Flood risk)
2026-02-06 09:00:00+00:00,2119.51248,VALID,-0.8976360000000001,VALID,Warning,WARN: High flow rate detected (Flood risk)
2026-02-06 11:00:00+00:00,2129.42336,VALID,-0.88392,VALID,Warning,WARN: High flow rate detected (Flood risk)
2026-02-06 12:00:00+00:00,2128.00752,VALID,-0.886968,VALID,Warning,WARN: High flow rate detected (Flood risk)
2026-02-06 13:00:00+00:00,2129.42336,VALID,-0.88392,VALID,Warning,WARN: High flow rate detected (Flood risk)
2026-02-06 14:00:00+00:00,2136.50256,VALID,-0.8732520000000001,VALID,Warning,WARN: High flow rate detected (Flood risk)
2026-02-06 15:00:00+00:00,2140.75008,VALID,-0.865632,VALID,Warning,WARN: High flow rate detected (Flood risk)
2026-02-06 16:00:00+00:00,2140.75008,VALID,-0.865632,VALID,Warning,WARN: High flow rate detected (Flood risk)
2026-02-06 17:00:00+00:00,2143.58176,VALID,-0.862584,VALID,Warning,WARN: High flow rate detected (Flood risk)
2026-02-06 18:00:00+00:00,2137.9184,VALID,-0.8717280000000001,VALID,Warning,WARN: High flow rate detected (Flood risk)
2026-02-06 19:00:00+00:00,2139.33424,VALID,-0.867156,VALID,Warning,WARN: High flow rate detected (Flood risk)
2026-02-06 20:00:00+00:00,2129.42336,VALID,-0.8823960000000001,VALID,Warning,WARN: High flow rate detected (Flood risk)
2026-02-06 21:00:00+00:00,2115.26496,VALID,-0.903732,VALID,Warning,WARN: High flow rate detected (Flood risk)
2026-02-06 22:00:00+00:00,2112.43328,VALID,-0.9113520000000002,VALID,Warning,WARN: High flow rate detected (Flood risk)
2026-02-06 23:00:00+00:00,2111.01744,VALID,-0.911352,VALID,Warning,WARN: High flow rate detected (Flood risk)
2026-02-07 00:00:00+00:00,2112.43328,VALID,-0.9113520000000002,VALID,Warning,WARN: High flow rate detected (Flood risk)
2026-02-07 01:00:00+00:00,2108.1857600000003,VALID,-0.915924,VALID,Warning,WARN: High flow rate detected (Flood risk)
2026-02-07 02:00:00+00:00,2105.35408,VALID,-0.9220200000000001,VALID,Warning,WARN: High flow rate detected (Flood risk)
2026-02-07 03:00:00+00:00,2118.0966399999998,VALID,-0.900684,VALID,Warning,WARN: High flow rate detected (Flood risk)
2026-02-07 04:00:00+00:00,2123.7599999999998,VALID,-0.8930640000000001,VALID,Warning,WARN: High flow rate detected (Flood risk)
2026-02-07 05:00:00+00:00,2123.76,VALID,-0.89154,VALID,Warning,WARN: High flow rate detected (Flood risk)
2026-02-07 06:00:00+00:00,2125.17584,VALID,-0.89154,VALID,Warning,WARN: High flow rate detected (Flood risk)
2026-02-07 07:00:00+00:00,2119.51248,VALID,-0.89916,VALID,Warning,WARN: High flow rate detected (Flood risk)
2026-02-07 08:00:00+00:00,2103.9382400000004,VALID,-0.925068,VALID,Warning,WARN: High flow rate detected (Flood risk)
2026-02-07 09:00:00+00:00,2095.4432,VALID,-0.935736,VALID,Warning,WARN: High flow rate detected (Flood risk)
2026-02-07 10:00:00+00:00,2091.19568,VALID,-0.9433560000000001,VALID,Warning,WARN: High flow rate detected (Flood risk)
2026-02-07 11:00:00+00:00,2084.1164799999997,VALID,-0.9525000000000001,VALID,Warning,WARN: High flow rate detected (Flood risk)
2026-02-07 12:00:00+00:00,2086.94816,VALID,-0.950976,VALID,Warning,WARN: High flow rate detected (Flood risk)
2026-02-07 13:00:00+00:00,2077.03728,VALID,-0.966216,VALID,Warning,WARN: High flow rate detected (Flood risk)
2026-02-07 14:00:00+00:00,2091.19568,VALID,-0.9433560000000001,VALID,Warning,WARN: High flow rate detected (Flood risk)
2026-02-07 15:00:00+00:00,2106.7699199999997,VALID,-0.918972,VALID,Warning,WARN: High flow rate detected (Flood risk)
2026-02-07 16:00:00+00:00,2140.75008,VALID,-0.865632,VALID,Warning,WARN: High flow rate detected (Flood risk)
2026-02-07 17:00:00+00:00,2178.9777599999998,VALID,-0.806196,VALID,Warning,WARN: High flow rate detected (Flood risk)
2026-02-07 18:00:00+00:00,2204.46288,VALID,-0.7680960000000001,VALID,Warning,WARN: High flow rate detected (Flood risk)
2026-02-07 19:00:00+00:00,2222.8688,VALID,-0.7406640000000001,VALID,Warning,WARN: High flow rate detected (Flood risk)
2026-02-07 20:00:00+00:00,2258.2648,VALID,-0.6858,VALID,Warning,WARN: High flow rate detected (Flood risk)
2026-02-07 21:00:00+00:00,2265.344,VALID,-0.6766560000000001,VALID,Warning,WARN: High flow rate detected (Flood risk)
2026-02-07 22:00:00+00:00,2259.68064,VALID,-0.6858000000000001,VALID,Warning,WARN: High flow rate detected (Flood risk)
2026-02-07 23:00:00+00:00,2261.09648,VALID,-0.682752,VALID,Warning,WARN: High flow rate detected (Flood risk)
2026-02-08 00:00:00+00:00,2263.92816,VALID,-0.6797040000000001,VALID,Warning,WARN: High flow rate detected (Flood risk)
2026-02-08 01:00:00+00:00,2271.00736,VALID,-0.67056,VALID,Warning,WARN: High flow rate detected (Flood risk)
2026-02-08 02:00:00+00:00,2271.00736,VALID,-0.67056,VALID,Warning,WARN: High flow rate detected (Flood risk)
2026-02-08 03:00:00+00:00,2261.09648,VALID,-0.682752,VALID,Warning,WARN: High flow rate detected (Flood risk)
2026-02-08 04:00:00+00:00,2246.93808,VALID,-0.704088,VALID,Warning,WARN: High flow rate detected (Flood risk)
2026-02-08 05:00:00+00:00,2232.7796799999996,VALID,-0.7254240000000001,VALID,Warning,WARN: High flow rate detected (Flood risk)
2026-02-08 06:00:00+00:00,2231.36384,VALID,-0.726948,VALID,Warning,WARN: High flow rate detected (Flood risk)
2026-02-08 07:00:00+00:00,2221.45296,VALID,-0.7421880000000001,VALID,Warning,WARN: High flow rate detected (Flood risk)
2026-02-08 08:00:00+00:00,2214.3737600000004,VALID,-0.752856,VALID,Warning,WARN: High flow rate detected (Flood risk)
2026-02-08 09:00:00+00:00,2212.95792,VALID,-0.755904,VALID,Warning,WARN: High flow rate detected (Flood risk)
2026-02-08 10:00:00+00:00,2205.87872,VALID,-0.765048,VALID,Warning,WARN: High flow rate detected (Flood risk)
2026-02-08 11:00:00+00:00,2208.7104,VALID,-0.762,VALID,Warning,WARN: High flow rate detected (Flood risk)
2026-02-08 12:00:00+00:00,2208.7104,VALID,-0.762,VALID,Warning,WARN: High flow rate detected (Flood risk)
2026-02-08 13:00:00+00:00,2198.79952,VALID,-0.7772400000000002,VALID,Warning,WARN: High flow rate detected (Flood risk)
2026-02-08 14:00:00+00:00,2200.21536,VALID,-0.7757160000000001,VALID,Warning,WARN: High flow rate detected (Flood risk)
2026-02-08 16:00:00+00:00,2195.9678400000003,VALID,-0.7802880000000001,VALID,Warning,WARN: High flow rate detected (Flood risk)
2026-02-08 17:00:00+00:00,2193.13616,VALID,-0.7848600000000001,VALID,Warning,WARN: High flow rate detected (Flood risk)
2026-02-08 19:00:00+00:00,2194.552,VALID,-0.783336,VALID,Warning,WARN: High flow rate detected (Flood risk)
2026-02-08 20:00:00+00:00,2200.21536,VALID,-0.7741920000000001,VALID,Warning,WARN: High flow rate detected (Flood risk)
2026-02-08 21:00:00+00:00,2201.6312,VALID,-0.772668,VALID,Warning,WARN: High flow rate detected (Flood risk)
2026-02-08 22:00:00+00:00,2197.38368,VALID,-0.7802880000000001,VALID,Warning,WARN: High flow rate detected (Flood risk)
2026-02-08 23:00:00+00:00,2200.21536,VALID,-0.7757160000000001,VALID,Warning,WARN: High flow rate detected (Flood risk)
2026-02-09 00:00:00+00:00,2193.13616,VALID,-0.787908,VALID,Warning,WARN: High flow rate detected (Flood risk)
2026-02-09 01:00:00+00:00,2190.30448,VALID,-0.790956,VALID,Warning,WARN: High flow rate detected (Flood risk)
2026-02-09 02:00:00+00:00,2197.38368,VALID,-0.7802880000000001,VALID,Warning,WARN: High flow rate detected (Flood risk)
2026-02-09 03:00:00+00:00,2194.5519999999997,VALID,-0.783336,VALID,Warning,WARN: High flow rate detected (Flood risk)
2026-02-09 04:00:00+00:00,2188.88864,VALID,-0.7924800000000001,VALID,Warning,WARN: High flow rate detected (Flood risk)
2026-02-09 05:00:00+00:00,2191.72032,VALID,-0.7863840000000001,VALID,Warning,WARN: High flow rate detected (Flood risk)
2026-02-09 06:00:00+00:00,2193.13616,VALID,-0.7863840000000001,VALID,Warning,WARN: High flow rate detected (Flood risk)
2026-02-09 07:00:00+00:00,2190.30448,VALID,-0.7894320000000001,VALID,Warning,WARN: High flow rate detected (Flood risk)
2026-02-09 08:00:00+00:00,2193.13616,VALID,-0.7848600000000001,VALID,Warning,WARN: High flow rate detected (Flood risk)
2026-02-09 09:00:00+00:00,2200.21536,VALID,-0.7772399999999999,VALID,Warning,WARN: High flow rate detected (Flood risk)
2026-02-09 10:00:00+00:00,2188.88864,VALID,-0.7924800000000001,VALID,Warning,WARN: High flow rate detected (Flood risk)
2026-02-09 11:00:00+00:00,2197.38368,VALID,-0.7802880000000001,VALID,Warning,WARN: High flow rate detected (Flood risk)
2026-02-09 12:00:00+00:00,2190.30448,VALID,-0.790956,VALID,Warning,WARN: High flow rate detected (Flood risk)
2026-02-09 13:00:00+00:00,2188.88864,VALID,-0.790956,VALID,Warning,WARN: High flow rate detected (Flood risk)
2026-02-09 14:00:00+00:00,2210.12624,VALID,-0.7589520000000001,VALID,Warning,WARN: High flow rate detected (Flood risk)
2026-02-09 15:00:00+00:00,2222.8688,VALID,-0.7421880000000001,VALID,Warning,WARN: High flow rate detected (Flood risk)
2026-02-09 16:00:00+00:00,2215.7896,VALID,-0.7513320000000001,VALID,Warning,WARN: High flow rate detected (Flood risk)
2026-02-09 17:00:00+00:00,2203.04704,VALID,-0.7711439999999999,VALID,Warning,WARN: High flow rate detected (Flood risk)
2026-02-09 18:00:00+00:00,2195.9678400000003,VALID,-0.781812,VALID,Warning,WARN: High flow rate detected (Flood risk)
2026-02-09 19:00:00+00:00,2191.72032,VALID,-0.787908,VALID,Warning,WARN: High flow rate detected (Flood risk)
2026-02-09 20:00:00+00:00,2190.30448,VALID,-0.7894320000000001,VALID,Warning,WARN: High flow rate detected (Flood risk)
2026-02-09 21:00:00+00:00,2203.04704,VALID,-0.771144,VALID,Warning,WARN: High flow rate detected (Flood risk)
2026-02-09 22:00:00+00:00,2211.54208,VALID,-0.755904,VALID,Warning,WARN: High flow rate detected (Flood risk)
2026-02-09 23:00:00+00:00,2224.28464,VALID,-0.737616,VALID,Warning,WARN: High flow rate detected (Flood risk)
2026-02-10 00:00:00+00:00,2228.5321599999997,VALID,-0.7315200000000001,VALID,Warning,WARN: High flow rate detected (Flood risk)
2026-02-10 01:00:00+00:00,2234.1955199999998,VALID,-0.722376,VALID,Warning,WARN: High flow rate detected (Flood risk)
2026-02-10 02:00:00+00:00,2262.51232,VALID,-0.681228,VALID,Warning,WARN: High flow rate detected (Flood risk)
2026-02-10 03:00:00+00:00,2283.74992,VALID,-0.6507480000000001,VALID,Warning,WARN: High flow rate detected (Flood risk)
2026-02-10 04:00:00+00:00,2299.32416,VALID,-0.6263639999999999,VALID,Warning,WARN: High flow rate detected (Flood risk)
2026-02-10 05:00:00+00:00,2297.90832,VALID,-0.6294120000000001,VALID,Warning,WARN: High flow rate detected (Flood risk)
2026-02-10 06:00:00+00:00,2316.3142399999997,VALID,-0.60198,VALID,Warning,WARN: High flow rate detected (Flood risk)
2026-02-10 07:00:00+00:00,2324.80928,VALID,-0.588264,VALID,Warning,WARN: High flow rate detected (Flood risk)
2026-02-10 08:00:00+00:00,2341.79936,VALID,-0.56388,VALID,Warning,WARN: High flow rate detected (Flood risk)
2026-02-10 09:00:00+00:00,2355.95776,VALID,-0.542544,VALID,Warning,WARN: High flow rate detected (Flood risk)
2026-02-10 10:00:00+00:00,2378.6112,VALID,-0.509016,VALID,Warning,WARN: High flow rate detected (Flood risk)
2026-02-10 11:00:00+00:00,2392.7696,VALID,-0.49072800000000005,VALID,Warning,WARN: High flow rate detected (Flood risk)
2026-02-10 12:00:00+00:00,2394.18544,VALID,-0.48768000000000006,VALID,Warning,WARN: High flow rate detected (Flood risk)
2026-02-10 13:00:00+00:00,2409.75968,VALID,-0.46482,VALID,Warning,WARN: High flow rate detected (Flood risk)
2026-02-10 14:00:00+00:00,2395.60128,VALID,-0.48463200000000006,VALID,Warning,WARN: High flow rate detected (Flood risk)
2026-02-10 15:00:00+00:00,2399.8487999999998,VALID,-0.48006000000000004,VALID,Warning,WARN: High flow rate detected (Flood risk)
2026-02-10 16:00:00+00:00,2401.2646400000003,VALID,-0.4785360000000001,VALID,Warning,WARN: High flow rate detected (Flood risk)
2026-02-10 17:00:00+00:00,2380.02704,VALID,-0.509016,VALID,Warning,WARN: High flow rate detected (Flood risk)
2026-02-10 18:00:00+00:00,2341.79936,VALID,-0.56388,VALID,Warning,WARN: High flow rate detected (Flood risk)
2026-02-10 19:00:00+00:00,2300.74,VALID,-0.6248400000000001,VALID,Warning,WARN: High flow rate detected (Flood risk)
2026-02-10 20:00:00+00:00,2256.8489600000003,VALID,-0.6903720000000001,VALID,Warning,WARN: High flow rate detected (Flood risk)
2026-02-10 21:00:00+00:00,2231.36384,VALID,-0.728472,VALID,Warning,WARN: High flow rate detected (Flood risk)
2026-02-10 22:00:00+00:00,2212.95792,VALID,-0.757428,VALID,Warning,WARN: High flow rate detected (Flood risk)
2026-02-10 23:00:00+00:00,2195.9678400000003,VALID,-0.7802880000000001,VALID,Warning,WARN: High flow rate detected (Flood risk)
2026-02-11 00:00:00+00:00,2215.7896,VALID,-0.7513320000000001,VALID,Warning,WARN: High flow rate detected (Flood risk)
2026-02-11 01:00:00+00:00,2255.4331199999997,VALID,-0.6918960000000001,VALID,Warning,WARN: High flow rate detected (Flood risk)
2026-02-11 02:00:00+00:00,2273.83904,VALID,-0.6644640000000002,VALID,Warning,WARN: High flow rate detected (Flood risk)
2026-02-11 03:00:00+00:00,2293.6608,VALID,-0.6339840000000001,VALID,Warning,WARN: High flow rate detected (Flood risk)
2026-02-11 04:00:00+00:00,2304.98752,VALID,-0.618744,VALID,Warning,WARN: High flow rate detected (Flood risk)
2026-02-11 05:00:00+00:00,2326.22512,VALID,-0.588264,VALID,Warning,WARN: High flow rate detected (Flood risk)
2026-02-11 06:00:00+00:00,2351.71024,VALID,-0.5501640000000001,VALID,Warning,WARN: High flow rate detected (Flood risk)
2026-02-11 07:00:00+00:00,2364.4528,VALID,-0.530352,VALID,Warning,WARN: High flow rate detected (Flood risk)
2026-02-11 08:00:00+00:00,2381.44288,VALID,-0.507492,VALID,Warning,WARN: High flow rate detected (Flood risk)
2026-02-11 09:00:00+00:00,2387.10624,VALID,-0.498348,VALID,Warning,WARN: High flow rate detected (Flood risk)
2026-02-11 10:00:00+00:00,2404.09632,VALID,-0.47244,VALID,Warning,WARN: High flow rate detected (Flood risk)
2026-02-11 11:00:00+00:00,2423.9180800000004,VALID,-0.443484,VALID,Warning,WARN: High flow rate detected (Flood risk)
2026-02-11 12:00:00+00:00,2446.57152,VALID,-0.41148,VALID,Warning,WARN: High flow rate detected (Flood risk)
2026-02-11 13:00:00+00:00,2466.3932800000002,VALID,-0.385572,VALID,Warning,WARN: High flow rate detected (Flood risk)
2026-02-11 14:00:00+00:00,2463.5616,VALID,-0.39014400000000005,VALID,Warning,WARN: High flow rate detected (Flood risk)
2026-02-11 15:00:00+00:00,2466.3932800000002,VALID,-0.38404800000000006,VALID,Warning,WARN: High flow rate detected (Flood risk)
2026-02-11 16:00:00+00:00,2463.5616,VALID,-0.39014400000000005,VALID,Warning,WARN: High flow rate detected (Flood risk)
2026-02-11 17:00:00+00:00,2463.5616,VALID,-0.38862,VALID,Warning,WARN: High flow rate detected (Flood risk)
2026-02-11 18:00:00+00:00,2466.39328,VALID,-0.384048,VALID,Warning,WARN: High flow rate detected (Flood risk)
2026-02-11 19:00:00+00:00,2457.89824,VALID,-0.39624000000000004,VALID,Warning,WARN: High flow rate detected (Flood risk)
2026-02-11 20:00:00+00:00,2446.57152,VALID,-0.41300400000000004,VALID,Warning,WARN: High flow rate detected (Flood risk)
2026-02-11 21:00:00+00:00,2457.8982399999995,VALID,-0.39624000000000004,VALID,Warning,WARN: High flow rate detected (Flood risk)
2026-02-11 22:00:00+00:00,2450.8190400000003,VALID,-0.4053840000000001,VALID,Warning,WARN: High flow rate detected (Flood risk)
2026-02-11 23:00:00+00:00,2452.23488,VALID,-0.405384,VALID,Warning,WARN: High flow rate detected (Flood risk)
2026-02-12 00:00:00+00:00,2455.06656,VALID,-0.40081200000000006,VALID,Warning,WARN: High flow rate detected (Flood risk)
2026-02-12 01:00:00+00:00,2460.7299199999998,VALID,-0.39319200000000004,VALID,Warning,WARN: High flow rate detected (Flood risk)
2026-02-12 02:00:00+00:00,2460.7299199999998,VALID,-0.39319200000000004,VALID,Warning,WARN: High flow rate detected (Flood risk)
2026-02-12 03:00:00+00:00,2453.6507199999996,VALID,-0.402336,VALID,Warning,WARN: High flow rate detected (Flood risk)
2026-02-12 04:00:00+00:00,2443.73984,VALID,-0.41452800000000006,VALID,Warning,WARN: High flow rate detected (Flood risk)
2026-02-12 05:00:00+00:00,2445.15568,VALID,-0.41452800000000006,VALID,Warning,WARN: High flow rate detected (Flood risk)
2026-02-12 06:00:00+00:00,2430.99728,VALID,-0.43434,VALID,Warning,WARN: High flow rate detected (Flood risk)
2026-02-12 07:00:00+00:00,2435.2448,VALID,-0.429768,VALID,Warning,WARN: High flow rate detected (Flood risk)
2026-02-12 08:00:00+00:00,2423.91808,VALID,-0.445008,VALID,Warning,WARN: High flow rate detected (Flood risk)
2026-02-12 09:00:00+00:00,2419.67056,VALID,-0.44958,VALID,Warning,WARN: High flow rate detected (Flood risk)
2026-02-12 10:00:00+00:00,2418.25472,VALID,-0.45262800000000003,VALID,Warning,WARN: High flow rate detected (Flood risk)
2026-02-12 11:00:00+00:00,2415.42304,VALID,-0.45720000000000005,VALID,Warning,WARN: High flow rate detected (Flood risk)
2026-02-12 12:00:00+00:00,2421.0864,VALID,-0.448056,VALID,Warning,WARN: High flow rate detected (Flood risk)
2026-02-12 13:00:00+00:00,2419.67056,VALID,-0.45110400000000006,VALID,Warning,WARN: High flow rate detected (Flood risk)
2026-02-12 14:00:00+00:00,2428.1656000000003,VALID,-0.437388,VALID,Warning,WARN: High flow rate detected (Flood risk)
2026-02-12 15:00:00+00:00,2428.1656000000003,VALID,-0.437388,VALID,Warning,WARN: High flow rate detected (Flood risk)
2026-02-12 16:00:00+00:00,2432.41312,VALID,-0.431292,VALID,Warning,WARN: High flow rate detected (Flood risk)
2026-02-12 17:00:00+00:00,2443.73984,VALID,-0.416052,VALID,Warning,WARN: High flow rate detected (Flood risk)
2026-02-12 18:00:00+00:00,2443.73984,VALID,-0.41605200000000003,VALID,Warning,WARN: High flow rate detected (Flood risk)
2026-02-12 19:00:00+00:00,2443.73984,VALID,-0.41757600000000006,VALID,Warning,WARN: High flow rate detected (Flood risk)
2026-02-12 20:00:00+00:00,2445.15568,VALID,-0.41300400000000004,VALID,Warning,WARN: High flow rate detected (Flood risk)
2026-02-12 21:00:00+00:00,2440.90816,VALID,-0.41910000000000003,VALID,Warning,WARN: High flow rate detected (Flood risk)
2026-02-12 22:00:00+00:00,2446.57152,VALID,-0.41300400000000004,VALID,Warning,WARN: High flow rate detected (Flood risk)
2026-02-12 23:00:00+00:00,2456.4824,VALID,-0.397764,VALID,Warning,WARN: High flow rate detected (Flood risk)
2026-02-13 00:00:00+00:00,2460.7299199999998,VALID,-0.391668,VALID,Warning,WARN: High flow rate detected (Flood risk)
2026-02-13 01:00:00+00:00,2472.05664,VALID,-0.377952,VALID,Warning,WARN: High flow rate detected (Flood risk)
2026-02-13 02:00:00+00:00,2469.2249599999996,VALID,-0.381,VALID,Warning,WARN: High flow rate detected (Flood risk)
2026-02-13 03:00:00+00:00,2455.0665599999998,VALID,-0.39928800000000003,VALID,Warning,WARN: High flow rate detected (Flood risk)
2026-02-13 04:00:00+00:00,2456.4824,VALID,-0.397764,VALID,Warning,WARN: High flow rate detected (Flood risk)
2026-02-13 05:00:00+00:00,2457.8982399999995,VALID,-0.39624000000000004,VALID,Warning,WARN: High flow rate detected (Flood risk)
2026-02-13 06:00:00+00:00,2450.81904,VALID,-0.405384,VALID,Warning,WARN: High flow rate detected (Flood risk)
2026-02-13 07:00:00+00:00,2443.73984,VALID,-0.41605200000000003,VALID,Warning,WARN: High flow rate detected (Flood risk)
2026-02-13 08:00:00+00:00,2455.0665599999998,VALID,-0.39928800000000003,VALID,Warning,WARN: High flow rate detected (Flood risk)
2026-02-13 09:00:00+00:00,2462.14576,VALID,-0.391668,VALID,Warning,WARN: High flow rate detected (Flood risk)
2026-02-13 10:00:00+00:00,2442.324,VALID,-0.41910000000000003,VALID,Warning,WARN: High flow rate detected (Flood risk)
2026-02-13 11:00:00+00:00,2450.81904,VALID,-0.40690800000000005,VALID,Warning,WARN: High flow rate detected (Flood risk)
2026-02-13 12:00:00+00:00,2446.57152,VALID,-0.41300400000000004,VALID,Warning,WARN: High flow rate detected (Flood risk)
2026-02-13 13:00:00+00:00,2446.57152,VALID,-0.41148,VALID,Warning,WARN: High flow rate detected (Flood risk)
2026-02-13 14:00:00+00:00,2446.57152,VALID,-0.41300400000000004,VALID,Warning,WARN: High flow rate detected (Flood risk)
2026-02-13 15:00:00+00:00,2459.31408,VALID,-0.39471600000000007,VALID,Warning,WARN: High flow rate detected (Flood risk)
2026-02-13 16:00:00+00:00,2455.06656,VALID,-0.40081200000000006,VALID,Warning,WARN: High flow rate detected (Flood risk)
2026-02-13 17:00:00+00:00,2467.80912,VALID,-0.382524,VALID,Warning,WARN: High flow rate detected (Flood risk)
2026-02-13 18:00:00+00:00,2469.2249599999996,VALID,-0.381,VALID,Warning,WARN: High flow rate detected (Flood risk)
2026-02-13 19:00:00+00:00,2457.89824,VALID,-0.39624000000000004,VALID,Warning,WARN: High flow rate detected (Flood risk)
2026-02-13 20:00:00+00:00,2455.0665599999998,VALID,-0.39928800000000003,VALID,Warning,WARN: High flow rate detected (Flood risk)
2026-02-13 21:00:00+00:00,2474.88832,VALID,-0.371856,VALID,Warning,WARN: High flow rate detected (Flood risk)
2026-02-13 22:00:00+00:00,2459.31408,VALID,-0.393192,VALID,Warning,WARN: High flow rate detected (Flood risk)
2026-02-13 23:00:00+00:00,2473.47248,VALID,-0.37338000000000005,VALID,Warning,WARN: High flow rate detected (Flood risk)
2026-02-14 00:00:00+00:00,2457.89824,VALID,-0.39624000000000004,VALID,Warning,WARN: High flow rate detected (Flood risk)
2026-02-14 01:00:00+00:00,2439.4923200000003,VALID,-0.422148,VALID,Warning,WARN: High flow rate detected (Flood risk)
2026-02-14 03:00:00+00:00,2419.67056,VALID,-0.451104,VALID,Warning,WARN: High flow rate detected (Flood risk)
2026-02-14 04:00:00+00:00,2405.51216,VALID,-0.4724400000000001,VALID,Warning,WARN: High flow rate detected (Flood risk)
2026-02-14 05:00:00+00:00,2388.5220799999997,VALID,-0.49682400000000004,VALID,Warning,WARN: High flow rate detected (Flood risk)
2026-02-14 06:00:00+00:00,2377.1953599999997,VALID,-0.5120640000000001,VALID,Warning,WARN: High flow rate detected (Flood risk)
2026-02-14 07:00:00+00:00,2360.20528,VALID,-0.5379720000000001,VALID,Warning,WARN: High flow rate detected (Flood risk)
2026-02-14 08:00:00+00:00,2340.38352,VALID,-0.565404,VALID,Warning,WARN: High flow rate detected (Flood risk)
2026-02-14 09:00:00+00:00,2340.38352,VALID,-0.565404,VALID,Warning,WARN: High flow rate detected (Flood risk)
2026-02-14 10:00:00+00:00,2331.88848,VALID,-0.577596,VALID,Warning,WARN: High flow rate detected (Flood risk)
2026-02-14 11:00:00+00:00,2327.6409599999997,VALID,-0.583692,VALID,Warning,WARN: High flow rate detected (Flood risk)
2026-02-14 12:00:00+00:00,2312.06672,VALID,-0.606552,VALID,Warning,WARN: High flow rate detected (Flood risk)
2026-02-14 13:00:00+00:00,2312.06672,VALID,-0.6080760000000001,VALID,Warning,WARN: High flow rate detected (Flood risk)
2026-02-14 14:00:00+00:00,2304.9875199999997,VALID,-0.61722,VALID,Warning,WARN: High flow rate detected (Flood risk)
2026-02-14 15:00:00+00:00,2316.31424,VALID,-0.603504,VALID,Warning,WARN: High flow rate detected (Flood risk)
2026-02-14 16:00:00+00:00,2313.48256,VALID,-0.606552,VALID,Warning,WARN: High flow rate detected (Flood risk)
2026-02-14 17:00:00+00:00,2307.8192,VALID,-0.612648,VALID,Warning,WARN: High flow rate detected (Flood risk)
2026-02-14 18:00:00+00:00,2323.39344,VALID,-0.589788,VALID,Warning,WARN: High flow rate detected (Flood risk)
2026-02-14 19:00:00+00:00,2319.14592,VALID,-0.597408,VALID,Warning,WARN: High flow rate detected (Flood risk)
2026-02-14 20:00:00+00:00,2319.14592,VALID,-0.5958840000000001,VALID,Warning,WARN: High flow rate detected (Flood risk)
2026-02-14 21:00:00+00:00,2326.22512,VALID,-0.58674,VALID,Warning,WARN: High flow rate detected (Flood risk)
2026-02-14 22:00:00+00:00,2331.88848,VALID,-0.5791200000000001,VALID,Warning,WARN: High flow rate detected (Flood risk)
2026-02-14 23:00:00+00:00,2343.2151999999996,VALID,-0.560832,VALID,Warning,WARN: High flow rate detected (Flood risk)
2026-02-15 00:00:00+00:00,2350.2943999999998,VALID,-0.5501640000000001,VALID,Warning,WARN: High flow rate detected (Flood risk)
2026-02-15 01:00:00+00:00,2363.03696,VALID,-0.5334000000000001,VALID,Warning,WARN: High flow rate detected (Flood risk)
2026-02-15 02:00:00+00:00,2378.6112,VALID,-0.51054,VALID,Warning,WARN: High flow rate detected (Flood risk)
2026-02-15 03:00:00+00:00,2381.4428799999996,VALID,-0.505968,VALID,Warning,WARN: High flow rate detected (Flood risk)
2026-02-15 04:00:00+00:00,2385.6904,VALID,-0.501396,VALID,Warning,WARN: High flow rate detected (Flood risk)
2026-02-15 05:00:00+00:00,2381.44288,VALID,-0.505968,VALID,Warning,WARN: High flow rate detected (Flood risk)
2026-02-15 06:00:00+00:00,2387.10624,VALID,-0.498348,VALID,Warning,WARN: High flow rate detected (Flood risk)
2026-02-15 07:00:00+00:00,2382.85872,VALID,-0.504444,VALID,Warning,WARN: High flow rate detected (Flood risk)
2026-02-15 08:00:00+00:00,2389.93792,VALID,-0.49377600000000005,VALID,Warning,WARN: High flow rate detected (Flood risk)
2026-02-15 09:00:00+00:00,2382.85872,VALID,-0.504444,VALID,Warning,WARN: High flow rate detected (Flood risk)
2026-02-15 10:00:00+00:00,2388.5220799999997,VALID,-0.49682400000000004,VALID,Warning,WARN: High flow rate detected (Flood risk)
2026-02-15 11:00:00+00:00,2381.4428799999996,VALID,-0.505968,VALID,Warning,WARN: High flow rate detected (Flood risk)
2026-02-15 12:00:00+00:00,2387.10624,VALID,-0.496824,VALID,Warning,WARN: High flow rate detected (Flood risk)
2026-02-15 13:00:00+00:00,2378.6112,VALID,-0.51054,VALID,Warning,WARN: High flow rate detected (Flood risk)
2026-02-15 14:00:00+00:00,2384.27456,VALID,-0.50292,VALID,Warning,WARN: High flow rate detected (Flood risk)
2026-02-15 15:00:00+00:00,2378.6112,VALID,-0.512064,VALID,Warning,WARN: High flow rate detected (Flood risk)
2026-02-15 16:00:00+00:00,2387.10624,VALID,-0.498348,VALID,Warning,WARN: High flow rate detected (Flood risk)
2026-02-15 17:00:00+00:00,2389.93792,VALID,-0.49377600000000005,VALID,Warning,WARN: High flow rate detected (Flood risk)
2026-02-15 18:00:00+00:00,2389.9379200000003,VALID,-0.4953,VALID,Warning,WARN: High flow rate detected (Flood risk)
2026-02-15 19:00:00+00:00,2414.0072,VALID,-0.458724,VALID,Warning,WARN: High flow rate detected (Flood risk)
2026-02-15 20:00:00+00:00,2423.9180800000004,VALID,-0.443484,VALID,Warning,WARN: High flow rate detected (Flood risk)
2026-02-15 21:00:00+00:00,2426.74976,VALID,-0.438912,VALID,Warning,WARN: High flow rate detected (Flood risk)
2026-02-15 22:00:00+00:00,2432.41312,VALID,-0.432816,VALID,Warning,WARN: High flow rate detected (Flood risk)
2026-02-15 23:00:00+00:00,2442.324,VALID,-0.41910000000000003,VALID,Warning,WARN: High flow rate detected (Flood risk)
2026-02-16 00:00:00+00:00,2440.90816,VALID,-0.420624,VALID,Warning,WARN: High flow rate detected (Flood risk)
2026-02-16 01:00:00+00:00,2447.98736,VALID,-0.408432,VALID,Warning,WARN: High flow rate detected (Flood risk)
2026-02-16 02:00:00+00:00,2450.81904,VALID,-0.4053840000000001,VALID,Warning,WARN: High flow rate detected (Flood risk)
2026-02-16 03:00:00+00:00,2459.31408,VALID,-0.39471600000000007,VALID,Warning,WARN: High flow rate detected (Flood risk)
2026-02-16 04:00:00+00:00,2450.81904,VALID,-0.4053840000000001,VALID,Warning,WARN: High flow rate detected (Flood risk)
2026-02-16 05:00:00+00:00,2466.39328,VALID,-0.384048,VALID,Warning,WARN: High flow rate detected (Flood risk)
2026-02-16 06:00:00+00:00,2452.23488,VALID,-0.402336,VALID,Warning,WARN: High flow rate detected (Flood risk)
2026-02-16 07:00:00+00:00,2463.5616,VALID,-0.39014400000000005,VALID,Warning,WARN: High flow rate detected (Flood risk)
2026-02-16 08:00:00+00:00,2467.80912,VALID,-0.38404800000000006,VALID,Warning,WARN: High flow rate detected (Flood risk)
2026-02-16 09:00:00+00:00,2463.5616,VALID,-0.38709600000000005,VALID,Warning,WARN: High flow rate detected (Flood risk)
2026-02-16 10:00:00+00:00,2466.39328,VALID,-0.384048,VALID,Warning,WARN: High flow rate detected (Flood risk)
2026-02-16 11:00:00+00:00,2469.2249599999996,VALID,-0.37947600000000004,VALID,Warning,WARN: High flow rate detected (Flood risk)
2026-02-16 12:00:00+00:00,2460.7299199999998,VALID,-0.39319200000000004,VALID,Warning,WARN: High flow rate detected (Flood risk)
2026-02-16 13:00:00+00:00,2469.2249599999996,VALID,-0.37947600000000004,VALID,Warning,WARN: High flow rate detected (Flood risk)
2026-02-16 14:00:00+00:00,2459.31408,VALID,-0.39319200000000004,VALID,Warning,WARN: High flow rate detected (Flood risk)
2026-02-16 15:00:00+00:00,2464.9774399999997,VALID,-0.385572,VALID,Warning,WARN: High flow rate detected (Flood risk)
2026-02-16 16:00:00+00:00,2453.6507199999996,VALID,-0.40081200000000006,VALID,Warning,WARN: High flow rate detected (Flood risk)
2026-02-16 17:00:00+00:00,2450.81904,VALID,-0.4053840000000001,VALID,Warning,WARN: High flow rate detected (Flood risk)
2026-02-16 18:00:00+00:00,2457.89824,VALID,-0.39624000000000004,VALID,Warning,WARN: High flow rate detected (Flood risk)
2026-02-16 19:00:00+00:00,2463.5616,VALID,-0.39014400000000005,VALID,Warning,WARN: High flow rate detected (Flood risk)
2026-02-16 20:00:00+00:00,2455.0665599999998,VALID,-0.39928800000000003,VALID,Warning,WARN: High flow rate detected (Flood risk)
2026-02-16 21:00:00+00:00,2455.0665599999998,VALID,-0.39928800000000003,VALID,Warning,WARN: High flow rate detected (Flood risk)
2026-02-16 22:00:00+00:00,2456.4824,VALID,-0.39928800000000003,VALID,Warning,WARN: High flow rate detected (Flood risk)
2026-02-16 23:00:00+00:00,2469.22496,VALID,-0.381,VALID,Warning,WARN: High flow rate detected (Flood risk)
2026-02-17 00:00:00+00:00,2463.5616,VALID,-0.38709600000000005,VALID,Warning,WARN: High flow rate detected (Flood risk)
2026-02-17 01:00:00+00:00,2463.5616,VALID,-0.3886200000000001,VALID,Warning,WARN: High flow rate detected (Flood risk)
2026-02-17 02:00:00+00:00,2460.7299199999998,VALID,-0.391668,VALID,Warning,WARN: High flow rate detected (Flood risk)
2026-02-17 03:00:00+00:00,2459.31408,VALID,-0.393192,VALID,Warning,WARN: High flow rate detected (Flood risk)
2026-02-17 04:00:00+00:00,2466.39328,VALID,-0.384048,VALID,Warning,WARN: High flow rate detected (Flood risk)
2026-02-17 05:00:00+00:00,2463.5616,VALID,-0.39014400000000005,VALID,Warning,WARN: High flow rate detected (Flood risk)
2026-02-17 06:00:00+00:00,2457.89824,VALID,-0.39624000000000004,VALID,Warning,WARN: High flow rate detected (Flood risk)
2026-02-17 07:00:00+00:00,2450.81904,VALID,-0.405384,VALID,Warning,WARN: High flow rate detected (Flood risk)
2026-02-17 08:00:00+00:00,2453.6507199999996,VALID,-0.402336,VALID,Warning,WARN: High flow rate detected (Flood risk)
2026-02-17 10:00:00+00:00,2450.81904,VALID,-0.4053840000000001,VALID,Warning,WARN: High flow rate detected (Flood risk)
2026-02-17 11:00:00+00:00,2452.23488,VALID,-0.402336,VALID,Warning,WARN: High flow rate detected (Flood risk)
2026-02-17 12:00:00+00:00,2452.23488,VALID,-0.405384,VALID,Warning,WARN: High flow rate detected (Flood risk)
2026-02-17 15:00:00+00:00,2452.23488,VALID,-0.40690800000000005,VALID,Warning,WARN: High flow rate detected (Flood risk)
2026-02-17 16:00:00+00:00,2457.8982399999995,VALID,-0.39624000000000004,VALID,Warning,WARN: High flow rate detected (Flood risk)
2026-02-17 17:00:00+00:00,2463.5616,VALID,-0.3886200000000001,VALID,Warning,WARN: High flow rate detected (Flood risk)
2026-02-17 18:00:00+00:00,2463.5616,VALID,-0.38709600000000005,VALID,Warning,WARN: High flow rate detected (Flood risk)
2026-02-17 19:00:00+00:00,2460.7299199999998,VALID,-0.39319200000000004,VALID,Warning,WARN: High flow rate detected (Flood risk)
2026-02-17 20:00:00+00:00,2457.89824,VALID,-0.39624000000000004,VALID,Warning,WARN: High flow rate detected (Flood risk)
2026-02-17 21:00:00+00:00,2463.5616,VALID,-0.3886200000000001,VALID,Warning,WARN: High flow rate detected (Flood risk)
2026-02-17 22:00:00+00:00,2481.96752,VALID,-0.36118799999999995,VALID,Warning,WARN: High flow rate detected (Flood risk)
2026-02-17 23:00:00+00:00,2484.7992,VALID,-0.359664,VALID,Warning,WARN: High flow rate detected (Flood risk)
2026-02-18 00:00:00+00:00,2487.6308799999997,VALID,-0.353568,VALID,Warning,WARN: High flow rate detected (Flood risk)
2026-02-18 01:00:00+00:00,2489.04672,VALID,-0.35052,VALID,Warning,WARN: High flow rate detected (Flood risk)
2026-02-18 02:00:00+00:00,2496.12592,VALID,-0.34290000000000004,VALID,Warning,WARN: High flow rate detected (Flood risk)
2026-02-18 03:00:00+00:00,2489.04672,VALID,-0.352044,VALID,Warning,WARN: High flow rate detected (Flood risk)
2026-02-18 04:00:00+00:00,2493.29424,VALID,-0.34594800000000003,VALID,Warning,WARN: High flow rate detected (Flood risk)
2026-02-18 05:00:00+00:00,2503.20512,VALID,-0.332232,VALID,Warning,WARN: High flow rate detected (Flood risk)
2026-02-18 06:00:00+00:00,2497.54176,VALID,-0.34137600000000007,VALID,Warning,WARN: High flow rate detected (Flood risk)
2026-02-18 07:00:00+00:00,2500.3734400000003,VALID,-0.33528,VALID,Warning,WARN: High flow rate detected (Flood risk)
2026-02-18 08:00:00+00:00,2506.0368,VALID,-0.32918400000000003,VALID,Warning,WARN: High flow rate detected (Flood risk)
2026-02-18 09:00:00+00:00,2500.3734400000003,VALID,-0.33528,VALID,Warning,WARN: High flow rate detected (Flood risk)
2026-02-18 10:00:00+00:00,2500.37344,VALID,-0.33528,VALID,Warning,WARN: High flow rate detected (Flood risk)
2026-02-18 11:00:00+00:00,2504.62096,VALID,-0.330708,VALID,Warning,WARN: High flow rate detected (Flood risk)
2026-02-18 12:00:00+00:00,2506.0368,VALID,-0.32918400000000003,VALID,Warning,WARN: High flow rate detected (Flood risk)
2026-02-18 13:00:00+00:00,2500.37344,VALID,-0.33528,VALID,Warning,WARN: High flow rate detected (Flood risk)
2026-02-18 14:00:00+00:00,2506.0368,VALID,-0.32766000000000006,VALID,Warning,WARN: High flow rate detected (Flood risk)
2026-02-18 15:00:00+00:00,2508.86848,VALID,-0.32308800000000004,VALID,Warning,WARN: High flow rate detected (Flood risk)
2026-02-18 16:00:00+00:00,2515.94768,VALID,-0.313944,VALID,Warning,WARN: High flow rate detected (Flood risk)
2026-02-18 17:00:00+00:00,2517.36352,VALID,-0.31242000000000003,VALID,Warning,WARN: High flow rate detected (Flood risk)
2026-02-18 18:00:00+00:00,2511.70016,VALID,-0.321564,VALID,Warning,WARN: High flow rate detected (Flood risk)
2026-02-18 19:00:00+00:00,2517.36352,VALID,-0.31242000000000003,VALID,Warning,WARN: High flow rate detected (Flood risk)
2026-02-18 20:00:00+00:00,2535.76944,VALID,-0.284988,VALID,Warning,WARN: High flow rate detected (Flood risk)
2026-02-18 21:00:00+00:00,2549.9278400000003,VALID,-0.26670000000000005,VALID,Warning,WARN: High flow rate detected (Flood risk)
2026-02-18 22:00:00+00:00,2562.6704,VALID,-0.24993600000000002,VALID,Warning,WARN: High flow rate detected (Flood risk)
2026-02-18 23:00:00+00:00,2578.24464,VALID,-0.227076,VALID,Warning,WARN: High flow rate detected (Flood risk)
2026-02-19 00:00:00+00:00,2596.65056,VALID,-0.201168,VALID,Warning,WARN: High flow rate detected (Flood risk)
2026-02-19 01:00:00+00:00,2613.64064,VALID,-0.176784,VALID,Warning,WARN: High flow rate detected (Flood risk)
2026-02-19 02:00:00+00:00,2613.6406399999996,VALID,-0.17830800000000002,VALID,Warning,WARN: High flow rate detected (Flood risk)
2026-02-19 03:00:00+00:00,2632.0465599999998,VALID,-0.1524,VALID,Warning,WARN: High flow rate detected (Flood risk)
2026-02-19 04:00:00+00:00,2647.6208,VALID,-0.131064,VALID,Warning,WARN: High flow rate detected (Flood risk)
2026-02-19 05:00:00+00:00,2643.37328,VALID,-0.13716,VALID,Warning,WARN: High flow rate detected (Flood risk)
2026-02-19 06:00:00+00:00,2647.6208,VALID,-0.13258799999999998,VALID,Warning,WARN: High flow rate detected (Flood risk)
2026-02-19 07:00:00+00:00,2646.20496,VALID,-0.134112,VALID,Warning,WARN: High flow rate detected (Flood risk)
2026-02-19 08:00:00+00:00,2654.7,VALID,-0.123444,VALID,Warning,WARN: High flow rate detected (Flood risk)
2026-02-19 09:00:00+00:00,2666.02672,VALID,-0.10668000000000001,VALID,Warning,WARN: High flow rate detected (Flood risk)
2026-02-19 10:00:00+00:00,2673.10592,VALID,-0.09753600000000001,VALID,Warning,WARN: High flow rate detected (Flood risk)
2026-02-19 11:00:00+00:00,2684.43264,VALID,-0.08229600000000001,VALID,Warning,WARN: High flow rate detected (Flood risk)
2026-02-19 12:00:00+00:00,2687.2643199999998,VALID,-0.07924800000000001,VALID,Warning,WARN: High flow rate detected (Flood risk)
2026-02-19 13:00:00+00:00,2687.2643199999998,VALID,-0.07924800000000001,VALID,Warning,WARN: High flow rate detected (Flood risk)
2026-02-19 14:00:00+00:00,2685.8484799999997,VALID,-0.08077200000000001,VALID,Warning,WARN: High flow rate detected (Flood risk)
2026-02-19 15:00:00+00:00,2678.7692799999995,VALID,-0.08839200000000001,VALID,Warning,WARN: High flow rate detected (Flood risk)
2026-02-19 16:00:00+00:00,2692.92768,VALID,-0.070104,VALID,Warning,WARN: High flow rate detected (Flood risk)
2026-02-19 18:00:00+00:00,2692.92768,VALID,-0.070104,VALID,Warning,WARN: High flow rate detected (Flood risk)
2026-02-19 19:00:00+00:00,2698.59104,VALID,-0.064008,VALID,Warning,WARN: High flow rate detected (Flood risk)
2026-02-19 20:00:00+00:00,2701.42272,VALID,-0.057912000000000005,VALID,Warning,WARN: High flow rate detected (Flood risk)
2026-02-19 21:00:00+00:00,2708.5019199999997,VALID,-0.050292,VALID,Warning,WARN: High flow rate detected (Flood risk)
2026-02-19 22:00:00+00:00,2708.5019199999997,VALID,-0.050292,VALID,Warning,WARN: High flow rate detected (Flood risk)
2026-02-19 23:00:00+00:00,2711.3336,VALID,-0.044196000000000006,VALID,Warning,WARN: High flow rate detected (Flood risk)
2026-02-20 00:00:00+00:00,2709.91776,VALID,-0.045720000000000004,VALID,Warning,WARN: High flow rate detected (Flood risk)
2026-02-20 01:00:00+00:00,2724.07616,VALID,-0.028956000000000003,VALID,Warning,WARN: High flow rate detected (Flood risk)
2026-02-20 02:00:00+00:00,2738.23456,VALID,-0.009144,VALID,Warning,WARN: High flow rate detected (Flood risk)
2026-02-20 03:00:00+00:00,2735.4028799999996,VALID,-0.012192000000000001,VALID,Warning,WARN: High flow rate detected (Flood risk)
2026-02-20 04:00:00+00:00,2741.06624,VALID,-0.006096000000000001,VALID,Warning,WARN: High flow rate detected (Flood risk)
2026-02-20 05:00:00+00:00,2741.06624,VALID,-0.006096000000000001,VALID,Warning,WARN: High flow rate detected (Flood risk)
2026-02-20 06:00:00+00:00,2739.6504,VALID,-0.007620000000000001,VALID,Warning,WARN: High flow rate detected (Flood risk)
2026-02-20 07:00:00+00:00,2738.23456,VALID,-0.009144000000000001,VALID,Warning,WARN: High flow rate detected (Flood risk)
2026-02-20 08:00:00+00:00,2743.8979200000003,VALID,-0.0015240000000000002,VALID,Warning,WARN: High flow rate detected (Flood risk)
2026-02-20 09:00:00+00:00,2746.7295999999997,VALID,0.001524000000000001,VALID,Warning,WARN: High flow rate detected (Flood risk)
2026-02-20 10:00:00+00:00,2743.89792,VALID,-0.0015240000000000002,VALID,Warning,WARN: High flow rate detected (Flood risk)
2026-02-20 11:00:00+00:00,2752.39296,VALID,0.009144,VALID,Warning,WARN: High flow rate detected (Flood risk)
2026-02-20 12:00:00+00:00,2750.97712,VALID,0.00762,VALID,Warning,WARN: High flow rate detected (Flood risk)
2026-02-20 13:00:00+00:00,2756.64048,VALID,0.016764,VALID,Warning,WARN: High flow rate detected (Flood risk)
2026-02-20 14:00:00+00:00,2772.21472,VALID,0.036576000000000004,VALID,Warning,WARN: High flow rate detected (Flood risk)
2026-02-20 15:00:00+00:00,2772.21472,VALID,0.036576000000000004,VALID,Warning,WARN: High flow rate detected (Flood risk)
2026-02-20 16:00:00+00:00,2783.54144,VALID,0.050292,VALID,Warning,WARN: High flow rate detected (Flood risk)
2026-02-20 17:00:00+00:00,2813.27408,VALID,0.09144000000000002,VALID,Warning,WARN: High flow rate detected (Flood risk)
2026-02-20 18:00:00+00:00,2830.2641599999997,VALID,0.118872,VALID,Warning,WARN: High flow rate detected (Flood risk)
2026-02-20 19:00:00+00:00,2859.9968,VALID,0.1524,VALID,Warning,WARN: High flow rate detected (Flood risk)
2026-02-20 20:00:00+00:00,2888.3136,VALID,0.185928,VALID,Warning,WARN: High flow rate detected (Flood risk)
2026-02-20 21:00:00+00:00,2902.4719999999998,VALID,0.20574,VALID,Warning,WARN: High flow rate detected (Flood risk)
2026-02-20 22:00:00+00:00,2916.6304,VALID,0.23622,VALID,Warning,WARN: High flow rate detected (Flood risk)
2026-02-20 23:00:00+00:00,2944.9472,VALID,0.24841200000000002,VALID,Warning,WARN: High flow rate detected (Flood risk)
2026-02-21 00:00:00+00:00,2944.9472,VALID,0.256032,VALID,Warning,WARN: High flow rate detected (Flood risk)
2026-02-21 01:00:00+00:00,2973.264,VALID,0.28346400000000005,VALID,Warning,WARN: High flow rate detected (Flood risk)
2026-02-21 02:00:00+00:00,2973.264,VALID,0.28803599999999996,VALID,Warning,WARN: High flow rate detected (Flood risk)
2026-02-21 03:00:00+00:00,2973.264,VALID,0.301752,VALID,Warning,WARN: High flow rate detected (Flood risk)
2026-02-21 04:00:00+00:00,2973.264,VALID,0.3048,VALID,Warning,WARN: High flow rate detected (Flood risk)
2026-02-21 05:00:00+00:00,3001.5808,VALID,0.32613600000000004,VALID,Warning,WARN: High flow rate detected (Flood risk)
2026-02-21 06:00:00+00:00,3001.5808,VALID,0.32613600000000004,VALID,Warning,WARN: High flow rate detected (Flood risk)
2026-02-21 07:00:00+00:00,3001.5808,VALID,0.32613600000000004,VALID,Warning,WARN: High flow rate detected (Flood risk)
2026-02-21 08:00:00+00:00,3001.5808,VALID,0.32766000000000006,VALID,Warning,WARN: High flow rate detected (Flood risk)
2026-02-21 09:00:00+00:00,3001.5808,VALID,0.33375600000000005,VALID,Warning,WARN: High flow rate detected (Flood risk)
2026-02-21 10:00:00+00:00,3001.5808,VALID,0.34290000000000004,VALID,Warning,WARN: High flow rate detected (Flood risk)
2026-02-21 11:00:00+00:00,3001.5808,VALID,0.344424,VALID,Warning,WARN: High flow rate detected (Flood risk)
2026-02-21 12:00:00+00:00,3001.5808,VALID,0.33528,VALID,Warning,WARN: High flow rate detected (Flood risk)
2026-02-21 13:00:00+00:00,3001.5808,VALID,0.33375600000000005,VALID,Warning,WARN: High flow rate detected (Flood risk)
2026-02-21 14:00:00+00:00,3001.5808,VALID,0.34290000000000004,VALID,Warning,WARN: High flow rate detected (Flood risk)
2026-02-21 16:00:00+00:00,3001.5808,VALID,0.347472,VALID,Warning,WARN: High flow rate detected (Flood risk)
2026-02-21 17:00:00+00:00,3015.7392,VALID,0.356616,VALID,Warning,WARN: High flow rate detected (Flood risk)
2026-02-21 18:00:00+00:00,3029.8976,VALID,0.36576000000000003,VALID,Warning,WARN: High flow rate detected (Flood risk)
2026-02-21 19:00:00+00:00,3029.8976,VALID,0.356616,VALID,Warning,WARN: High flow rate detected (Flood risk)
2026-02-21 20:00:00+00:00,3029.8976,VALID,0.353568,VALID,Warning,WARN: High flow rate detected (Flood risk)
2026-02-21 21:00:00+00:00,3029.8976,VALID,0.37338000000000005,VALID,Warning,WARN: High flow rate detected (Flood risk)
2026-02-21 22:00:00+00:00,3029.8976,VALID,0.374904,VALID,Warning,WARN: High flow rate detected (Flood risk)
2026-02-21 23:00:00+00:00,3029.8976,VALID,0.359664,VALID,Warning,WARN: High flow rate detected (Flood risk)
2026-02-22 00:00:00+00:00,3029.8976,VALID,0.37338000000000005,VALID,Warning,WARN: High flow rate detected (Flood risk)
2026-02-22 01:00:00+00:00,3044.0559999999996,VALID,0.385572,VALID,Warning,WARN: High flow rate detected (Flood risk)
2026-02-22 02:00:00+00:00,3029.8976,VALID,0.38709600000000005,VALID,Warning,WARN: High flow rate detected (Flood risk)
2026-02-22 03:00:00+00:00,3044.0559999999996,VALID,0.385572,VALID,Warning,WARN: High flow rate detected (Flood risk)
2026-02-22 04:00:00+00:00,3058.2144,VALID,0.40081200000000006,VALID,Warning,WARN: High flow rate detected (Flood risk)
2026-02-22 05:00:00+00:00,3058.2144,VALID,0.408432,VALID,Warning,WARN: High flow rate detected (Flood risk)
2026-02-22 06:00:00+00:00,3058.2144,VALID,0.39319200000000004,VALID,Warning,WARN: High flow rate detected (Flood risk)
2026-02-22 07:00:00+00:00,3058.2144,VALID,0.39928800000000003,VALID,Warning,WARN: High flow rate detected (Flood risk)
2026-02-22 08:00:00+00:00,3058.2144,VALID,0.39624000000000004,VALID,Warning,WARN: High flow rate detected (Flood risk)
2026-02-22 09:00:00+00:00,3058.2144,VALID,0.39471600000000007,VALID,Warning,WARN: High flow rate detected (Flood risk)
2026-02-22 10:00:00+00:00,3058.2144,VALID,0.40081200000000006,VALID,Warning,WARN: High flow rate detected (Flood risk)
2026-02-22 11:00:00+00:00,3058.2144,VALID,0.41300400000000004,VALID,Warning,WARN: High flow rate detected (Flood risk)
2026-02-22 12:00:00+00:00,3058.2144,VALID,0.40386,VALID,Warning,WARN: High flow rate detected (Flood risk)
2026-02-22 13:00:00+00:00,3058.2144,VALID,0.402336,VALID,Warning,WARN: High flow rate detected (Flood risk)
2026-02-22 14:00:00+00:00,3058.2144,VALID,0.409956,VALID,Warning,WARN: High flow rate detected (Flood risk)
2026-02-22 15:00:00+00:00,3058.2144,VALID,0.40690800000000005,VALID,Warning,WARN: High flow rate detected (Flood risk)
2026-02-22 16:00:00+00:00,3058.2144,VALID,0.39471600000000007,VALID,Warning,WARN: High flow rate detected (Flood risk)
2026-02-22 17:00:00+00:00,3058.2144,VALID,0.402336,VALID,Warning,WARN: High flow rate detected (Flood risk)
2026-02-22 18:00:00+00:00,3086.5312,VALID,0.438912,VALID,Warning,WARN: High flow rate detected (Flood risk)
2026-02-22 19:00:00+00:00,3114.848,VALID,0.46329600000000004,VALID,Warning,WARN: High flow rate detected (Flood risk)
2026-02-22 20:00:00+00:00,3114.848,VALID,0.4831080000000001,VALID,Warning,WARN: High flow rate detected (Flood risk)
2026-02-22 21:00:00+00:00,3143.1648,VALID,0.516636,VALID,Warning,WARN: High flow rate detected (Flood risk)
2026-02-22 22:00:00+00:00,3171.4816,VALID,0.560832,VALID,Warning,WARN: High flow rate detected (Flood risk)
2026-02-22 23:00:00+00:00,3185.6400000000003,VALID,0.568452,VALID,Warning,WARN: High flow rate detected (Flood risk)
2026-02-23 00:00:00+00:00,3228.1151999999997,VALID,0.606552,VALID,Warning,WARN: High flow rate detected (Flood risk)
2026-02-23 01:00:00+00:00,3228.1151999999997,VALID,0.605028,VALID,Warning,WARN: High flow rate detected (Flood risk)
2026-02-23 02:00:00+00:00,3228.1151999999997,VALID,0.615696,VALID,Warning,WARN: High flow rate detected (Flood risk)
2026-02-23 03:00:00+00:00,3256.432,VALID,0.643128,VALID,Warning,WARN: High flow rate detected (Flood risk)
2026-02-23 04:00:00+00:00,3256.432,VALID,0.6431280000000001,VALID,Warning,WARN: High flow rate detected (Flood risk)
2026-02-23 06:00:00+00:00,3256.432,VALID,0.653796,VALID,Warning,WARN: High flow rate detected (Flood risk)
2026-02-23 07:00:00+00:00,3256.432,VALID,0.664464,VALID,Warning,WARN: High flow rate detected (Flood risk)
2026-02-23 09:00:00+00:00,3256.432,VALID,0.667512,VALID,Warning,WARN: High flow rate detected (Flood risk)
2026-02-23 10:00:00+00:00,3256.432,VALID,0.667512,VALID,Warning,WARN: High flow rate detected (Flood risk)
2026-02-23 11:00:00+00:00,3270.5904,VALID,0.67056,VALID,Warning,WARN: High flow rate detected (Flood risk)
2026-02-23 12:00:00+00:00,3284.7488,VALID,0.673608,VALID,Warning,WARN: High flow rate detected (Flood risk)
2026-02-23 13:00:00+00:00,3284.7488,VALID,0.67056,VALID,Warning,WARN: High flow rate detected (Flood risk)
2026-02-23 14:00:00+00:00,3270.5904,VALID,0.67056,VALID,Warning,WARN: High flow rate detected (Flood risk)
2026-02-23 16:00:00+00:00,3284.7488,VALID,0.673608,VALID,Warning,WARN: High flow rate detected (Flood risk)
2026-02-23 17:00:00+00:00,3284.7488,VALID,0.673608,VALID,Warning,WARN: High flow rate detected (Flood risk)
2026-02-23 19:00:00+00:00,3256.432,VALID,0.6583680000000001,VALID,Warning,WARN: High flow rate detected (Flood risk)
2026-02-23 20:00:00+00:00,3256.432,VALID,0.637032,VALID,Warning,WARN: High flow rate detected (Flood risk)
2026-02-23 22:00:00+00:00,3228.1151999999997,VALID,0.621792,VALID,Warning,WARN: High flow rate detected (Flood risk)
2026-02-23 23:00:00+00:00,3228.1151999999997,VALID,0.621792,VALID,Warning,WARN: High flow rate detected (Flood risk)
2026-02-24 01:00:00+00:00,3213.9568,VALID,0.59436,VALID,Warning,WARN: High flow rate detected (Flood risk)
2026-02-24 02:00:00+00:00,3199.7984,VALID,0.57912,VALID,Warning,WARN: High flow rate detected (Flood risk)
2026-02-24 03:00:00+00:00,3199.7984,VALID,0.57912,VALID,Warning,WARN: High flow rate detected (Flood risk)
2026-02-24 05:00:00+00:00,3171.4816,VALID,0.542544,VALID,Warning,WARN: High flow rate detected (Flood risk)
2026-02-24 06:00:00+00:00,3171.4816,VALID,0.5425440000000001,VALID,Warning,WARN: High flow rate detected (Flood risk)
2026-02-24 07:00:00+00:00,3171.4816,VALID,0.5410200000000001,VALID,Warning,WARN: High flow rate detected (Flood risk)
2026-02-24 08:00:00+00:00,3171.4816,VALID,0.54864,VALID,Warning,WARN: High flow rate detected (Flood risk)
2026-02-24 09:00:00+00:00,3171.4816,VALID,0.5516880000000001,VALID,Warning,WARN: High flow rate detected (Flood risk)
2026-02-24 10:00:00+00:00,3171.4816,VALID,0.5410200000000001,VALID,Warning,WARN: High flow rate detected (Flood risk)
2026-02-24 11:00:00+00:00,3171.4816,VALID,0.536448,VALID,Warning,WARN: High flow rate detected (Flood risk)
2026-02-24 12:00:00+00:00,3143.1648,VALID,0.522732,VALID,Warning,WARN: High flow rate detected (Flood risk)
2026-02-24 13:00:00+00:00,3143.1648,VALID,0.524256,VALID,Warning,WARN: High flow rate detected (Flood risk)
2026-02-24 14:00:00+00:00,3143.1648,VALID,0.5166360000000001,VALID,Warning,WARN: High flow rate detected (Flood risk)
2026-02-24 15:00:00+00:00,3143.1648,VALID,0.527304,VALID,Warning,WARN: High flow rate detected (Flood risk)
2026-02-24 16:00:00+00:00,3143.1648,VALID,0.51816,VALID,Warning,WARN: High flow rate detected (Flood risk)
2026-02-24 17:00:00+00:00,3143.1648,VALID,0.524256,VALID,Warning,WARN: High flow rate detected (Flood risk)
2026-02-24 18:00:00+00:00,3143.1648,VALID,0.524256,VALID,Warning,WARN: High flow rate detected (Flood risk)
2026-02-24 19:00:00+00:00,3143.1648,VALID,0.512064,VALID,Warning,WARN: High flow rate detected (Flood risk)
2026-02-24 20:00:00+00:00,3143.1648,VALID,0.505968,VALID,Warning,WARN: High flow rate detected (Flood risk)
2026-02-24 21:00:00+00:00,3114.848,VALID,0.49377600000000005,VALID,Warning,WARN: High flow rate detected (Flood risk)
2026-02-24 22:00:00+00:00,3129.0064,VALID,0.49377600000000005,VALID,Warning,WARN: High flow rate detected (Flood risk)
2026-02-24 23:00:00+00:00,3129.0064,VALID,0.4953,VALID,Warning,WARN: High flow rate detected (Flood risk)
2026-02-25 01:00:00+00:00,3114.848,VALID,0.48768000000000006,VALID,Warning,WARN: High flow rate detected (Flood risk)
2026-02-25 02:00:00+00:00,3114.848,VALID,0.475488,VALID,Warning,WARN: High flow rate detected (Flood risk)
2026-02-25 03:00:00+00:00,3114.848,VALID,0.470916,VALID,Warning,WARN: High flow rate detected (Flood risk)
2026-02-25 04:00:00+00:00,3086.5312,VALID,0.45720000000000005,VALID,Warning,WARN: High flow rate detected (Flood risk)
2026-02-25 05:00:00+00:00,3100.6895999999997,VALID,0.455676,VALID,Warning,WARN: High flow rate detected (Flood risk)
2026-02-25 07:00:00+00:00,3086.5312,VALID,0.445008,VALID,Warning,WARN: High flow rate detected (Flood risk)
2026-02-25 08:00:00+00:00,3086.5312,VALID,0.44653200000000004,VALID,Warning,WARN: High flow rate detected (Flood risk)
2026-02-25 09:00:00+00:00,3086.5312,VALID,0.454152,VALID,Warning,WARN: High flow rate detected (Flood risk)
2026-02-25 10:00:00+00:00,3086.5312,VALID,0.43891199999999997,VALID,Warning,WARN: High flow rate detected (Flood risk)
2026-02-25 11:00:00+00:00,3086.5312,VALID,0.432816,VALID,Warning,WARN: High flow rate detected (Flood risk)
2026-02-25 12:00:00+00:00,3086.5312,VALID,0.445008,VALID,Warning,WARN: High flow rate detected (Flood risk)
2026-02-25 13:00:00+00:00,3086.5312,VALID,0.44196,VALID,Warning,WARN: High flow rate detected (Flood risk)
2026-02-25 14:00:00+00:00,3086.5312,VALID,0.431292,VALID,Warning,WARN: High flow rate detected (Flood risk)
2026-02-25 15:00:00+00:00,3072.3728,VALID,0.41910000000000003,VALID,Warning,WARN: High flow rate detected (Flood risk)
2026-02-25 16:00:00+00:00,3044.0559999999996,VALID,0.39014400000000005,VALID,Warning,WARN: High flow rate detected (Flood risk)
2026-02-25 17:00:00+00:00,3015.7392,VALID,0.34899600000000003,VALID,Warning,WARN: High flow rate detected (Flood risk)
2026-02-25 18:00:00+00:00,2959.1056,VALID,0.284988,VALID,Warning,WARN: High flow rate detected (Flood risk)
2026-02-25 19:00:00+00:00,2916.6304,VALID,0.227076,VALID,Warning,WARN: High flow rate detected (Flood risk)
2026-02-25 20:00:00+00:00,2845.8383999999996,VALID,0.143256,VALID,Warning,WARN: High flow rate detected (Flood risk)
2026-02-25 21:00:00+00:00,2813.27408,VALID,0.09144000000000002,VALID,Warning,WARN: High flow rate detected (Flood risk)
2026-02-25 22:00:00+00:00,2765.13552,VALID,0.027432,VALID,Warning,WARN: High flow rate detected (Flood risk)
2026-02-25 23:00:00+00:00,2732.5712,VALID,-0.015240000000000002,VALID,Warning,WARN: High flow rate detected (Flood risk)
2026-02-26 00:00:00+00:00,2704.2544,VALID,-0.05486400000000001,VALID,Warning,WARN: High flow rate detected (Flood risk)
2026-02-26 01:00:00+00:00,2678.7692799999995,VALID,-0.08839200000000001,VALID,Warning,WARN: High flow rate detected (Flood risk)
2026-02-26 02:00:00+00:00,2654.7,VALID,-0.12192,VALID,Warning,WARN: High flow rate detected (Flood risk)
2026-02-26 03:00:00+00:00,2644.78912,VALID,-0.13716,VALID,Warning,WARN: High flow rate detected (Flood risk)
2026-02-26 04:00:00+00:00,2640.5416,VALID,-0.141732,VALID,Warning,WARN: High flow rate detected (Flood risk)
2026-02-26 05:00:00+00:00,2640.5416,VALID,-0.141732,VALID,Warning,WARN: High flow rate detected (Flood risk)
2026-02-26 06:00:00+00:00,2637.7099200000002,VALID,-0.14478000000000002,VALID,Warning,WARN: High flow rate detected (Flood risk)
2026-02-26 07:00:00+00:00,2639.12576,VALID,-0.143256,VALID,Warning,WARN: High flow rate detected (Flood risk)
2026-02-26 08:00:00+00:00,2646.20496,VALID,-0.132588,VALID,Warning,WARN: High flow rate detected (Flood risk)
2026-02-26 09:00:00+00:00,2647.6207999999997,VALID,-0.131064,VALID,Warning,WARN: High flow rate detected (Flood risk)
2026-02-26 10:00:00+00:00,2664.61088,VALID,-0.109728,VALID,Warning,WARN: High flow rate detected (Flood risk)
2026-02-26 11:00:00+00:00,2667.44256,VALID,-0.10363200000000002,VALID,Warning,WARN: High flow rate detected (Flood risk)
2026-02-26 12:00:00+00:00,2668.8584,VALID,-0.103632,VALID,Warning,WARN: High flow rate detected (Flood risk)
2026-02-26 13:00:00+00:00,2694.34352,VALID,-0.067056,VALID,Warning,WARN: High flow rate detected (Flood risk)
2026-02-26 14:00:00+00:00,2702.83856,VALID,-0.057912000000000005,VALID,Warning,WARN: High flow rate detected (Flood risk)
2026-02-26 15:00:00+00:00,2707.08608,VALID,-0.050292,VALID,Warning,WARN: High flow rate detected (Flood risk)
2026-02-26 17:00:00+00:00,2725.492,VALID,-0.025908,VALID,Warning,WARN: High flow rate detected (Flood risk)
2026-02-26 18:00:00+00:00,2732.5712,VALID,-0.015240000000000002,VALID,Warning,WARN: High flow rate detected (Flood risk)
2026-02-26 19:00:00+00:00,2743.89792,VALID,-0.0030480000000000004,VALID,Warning,WARN: High flow rate detected (Flood risk)
2026-02-26 20:00:00+00:00,2752.39296,VALID,0.009144000000000001,VALID,Warning,WARN: High flow rate detected (Flood risk)
2026-02-26 21:00:00+00:00,2767.9672,VALID,0.03048,VALID,Warning,WARN: High flow rate detected (Flood risk)
2026-02-26 22:00:00+00:00,2780.70976,VALID,0.045720000000000004,VALID,Warning,WARN: High flow rate detected (Flood risk)
2026-02-26 23:00:00+00:00,2782.1256000000003,VALID,0.050292,VALID,Warning,WARN: High flow rate detected (Flood risk)
2026-02-27 01:00:00+00:00,2792.0364799999998,VALID,0.062484,VALID,Warning,WARN: High flow rate detected (Flood risk)
2026-02-27 02:00:00+00:00,2800.5315199999995,VALID,0.074676,VALID,Warning,WARN: High flow rate detected (Flood risk)
2026-02-27 04:00:00+00:00,2806.19488,VALID,0.08077200000000001,VALID,Warning,WARN: High flow rate detected (Flood risk)
2026-02-27 05:00:00+00:00,2797.6998399999998,VALID,0.070104,VALID,Warning,WARN: High flow rate detected (Flood risk)
2026-02-27 06:00:00+00:00,2804.77904,VALID,0.08077200000000001,VALID,Warning,WARN: High flow rate detected (Flood risk)
2026-02-27 07:00:00+00:00,2801.94736,VALID,0.07619999999999999,VALID,Warning,WARN: High flow rate detected (Flood risk)
2026-02-27 08:00:00+00:00,2803.3632,VALID,0.07924800000000001,VALID,Warning,WARN: High flow rate detected (Flood risk)
2026-02-27 09:00:00+00:00,2800.53152,VALID,0.073152,VALID,Warning,WARN: High flow rate detected (Flood risk)
2026-02-27 10:00:00+00:00,2793.45232,VALID,0.06400800000000001,VALID,Warning,WARN: High flow rate detected (Flood risk)
2026-02-27 11:00:00+00:00,2777.87808,VALID,0.04267200000000001,VALID,Warning,WARN: High flow rate detected (Flood risk)
2026-02-27 12:00:00+00:00,2777.87808,VALID,0.044196,VALID,Warning,WARN: High flow rate detected (Flood risk)
2026-02-27 13:00:00+00:00,2779.29392,VALID,0.045720000000000004,VALID,Warning,WARN: High flow rate detected (Flood risk)
2026-02-27 14:00:00+00:00,2772.21472,VALID,0.036576,VALID,Warning,WARN: High flow rate detected (Flood risk)
2026-02-27 15:00:00+00:00,2766.5513600000004,VALID,0.028956000000000003,VALID,Warning,WARN: High flow rate detected (Flood risk)
2026-02-27 16:00:00+00:00,2755.22464,VALID,0.015240000000000002,VALID,Warning,WARN: High flow rate detected (Flood risk)
2026-02-27 17:00:00+00:00,2760.888,VALID,0.021336000000000004,VALID,Warning,WARN: High flow rate detected (Flood risk)
2026-02-27 18:00:00+00:00,2762.30384,VALID,0.02286,VALID,Warning,WARN: High flow rate detected (Flood risk)
2026-02-27 19:00:00+00:00,2777.87808,VALID,0.04267200000000001,VALID,Warning,WARN: High flow rate detected (Flood risk)
2026-02-27 20:00:00+00:00,2755.22464,VALID,0.015240000000000002,VALID,Warning,WARN: High flow rate detected (Flood risk)
2026-02-27 21:00:00+00:00,2777.87808,VALID,0.04267200000000001,VALID,Warning,WARN: High flow rate detected (Flood risk)
2026-02-27 22:00:00+00:00,2776.46224,VALID,0.042672,VALID,Warning,WARN: High flow rate detected (Flood risk)
2026-02-27 23:00:00+00:00,2769.3830399999997,VALID,0.033528,VALID,Warning,WARN: High flow rate detected (Flood risk)
2026-02-28 00:00:00+00:00,2787.78896,VALID,0.05638800000000001,VALID,Warning,WARN: High flow rate detected (Flood risk)
2026-02-28 01:00:00+00:00,2769.38304,VALID,0.033528,VALID,Warning,WARN: High flow rate detected (Flood risk)
2026-02-28 02:00:00+00:00,2794.86816,VALID,0.065532,VALID,Warning,WARN: High flow rate detected (Flood risk)
2026-02-28 03:00:00+00:00,2792.0364799999998,VALID,0.064008,VALID,Warning,WARN: High flow rate detected (Flood risk)
2026-02-28 04:00:00+00:00,2811.85824,VALID,0.088392,VALID,Warning,WARN: High flow rate detected (Flood risk)
2026-02-28 05:00:00+00:00,2804.77904,VALID,0.08077200000000001,VALID,Warning,WARN: High flow rate detected (Flood risk)
2026-02-28 06:00:00+00:00,2806.19488,VALID,0.08229600000000001,VALID,Warning,WARN: High flow rate detected (Flood risk)
2026-02-28 07:00:00+00:00,2813.27408,VALID,0.089916,VALID,Warning,WARN: High flow rate detected (Flood risk)
2026-02-28 08:00:00+00:00,2809.02656,VALID,0.08534400000000002,VALID,Warning,WARN: High flow rate detected (Flood risk)
2026-02-28 09:00:00+00:00,2816.10576,VALID,0.092964,VALID,Warning,WARN: High flow rate detected (Flood risk)
2026-02-28 10:00:00+00:00,2820.35328,VALID,0.100584,VALID,Warning,WARN: High flow rate detected (Flood risk)
2026-02-28 11:00:00+00:00,2813.27408,VALID,0.09144000000000002,VALID,Warning,WARN: High flow rate detected (Flood risk)
2026-02-28 12:00:00+00:00,2814.68992,VALID,0.09296400000000002,VALID,Warning,WARN: High flow rate detected (Flood risk)
2026-02-28 13:00:00+00:00,2811.8582399999996,VALID,0.08839200000000001,VALID,Warning,WARN: High flow rate detected (Flood risk)
2026-02-28 14:00:00+00:00,2810.4424,VALID,0.086868,VALID,Warning,WARN: High flow rate detected (Flood risk)
2026-02-28 15:00:00+00:00,2801.94736,VALID,0.07467599999999999,VALID,Warning,WARN: High flow rate detected (Flood risk)
2026-02-28 16:00:00+00:00,2820.3532800000003,VALID,0.09906000000000001,VALID,Warning,WARN: High flow rate detected (Flood risk)
2026-02-28 17:00:00+00:00,2810.4424,VALID,0.086868,VALID,Warning,WARN: High flow rate detected (Flood risk)
2026-02-28 18:00:00+00:00,2794.86816,VALID,0.065532,VALID,Warning,WARN: High flow rate detected (Flood risk)
2026-02-28 19:00:00+00:00,2796.2839999999997,VALID,0.067056,VALID,Warning,WARN: High flow rate detected (Flood risk)
2026-02-28 20:00:00+00:00,2787.78896,VALID,0.057912000000000005,VALID,Warning,WARN: High flow rate detected (Flood risk)
2026-02-28 21:00:00+00:00,2804.77904,VALID,0.07924800000000001,VALID,Warning,WARN: High flow rate detected (Flood risk)
2026-02-28 22:00:00+00:00,2826.01664,VALID,0.11125200000000002,VALID,Warning,WARN: High flow rate detected (Flood risk)
2026-02-28 23:00:00+00:00,2831.68,VALID,0.123444,VALID,Warning,WARN: High flow rate detected (Flood risk)
2026-03-01 00:00:00+00:00,2888.3136,VALID,0.1905,VALID,Warning,WARN: High flow rate detected (Flood risk)
2026-03-01 01:00:00+00:00,2916.6304,VALID,0.21336,VALID,Warning,WARN: High flow rate detected (Flood risk)
2026-03-01 03:00:00+00:00,2944.9472,VALID,0.252984,VALID,Warning,WARN: High flow rate detected (Flood risk)
2026-03-01 04:00:00+00:00,2973.264,VALID,0.307848,VALID,Warning,WARN: High flow rate detected (Flood risk)
2026-03-01 05:00:00+00:00,2987.4224000000004,VALID,0.326136,VALID,Warning,WARN: High flow rate detected (Flood risk)
2026-03-01 06:00:00+00:00,3029.8976,VALID,0.36576,VALID,Warning,WARN: High flow rate detected (Flood risk)
2026-03-01 07:00:00+00:00,3044.0559999999996,VALID,0.387096,VALID,Warning,WARN: High flow rate detected (Flood risk)
2026-03-01 08:00:00+00:00,3058.2144,VALID,0.41757600000000006,VALID,Warning,WARN: High flow rate detected (Flood risk)
2026-03-01 09:00:00+00:00,3114.848,VALID,0.478536,VALID,Warning,WARN: High flow rate detected (Flood risk)
2026-03-01 10:00:00+00:00,3100.6895999999997,VALID,0.46177200000000007,VALID,Warning,WARN: High flow rate detected (Flood risk)
2026-03-01 11:00:00+00:00,3114.848,VALID,0.48768000000000006,VALID,Warning,WARN: High flow rate detected (Flood risk)
2026-03-01 12:00:00+00:00,3114.848,VALID,0.49072800000000005,VALID,Warning,WARN: High flow rate detected (Flood risk)
2026-03-01 13:00:00+00:00,3129.0064,VALID,0.498348,VALID,Warning,WARN: High flow rate detected (Flood risk)
2026-03-01 14:00:00+00:00,3143.1648,VALID,0.5120640000000001,VALID,Warning,WARN: High flow rate detected (Flood risk)
2026-03-01 15:00:00+00:00,3157.3232,VALID,0.530352,VALID,Warning,WARN: High flow rate detected (Flood risk)
2026-03-01 16:00:00+00:00,3171.4816,VALID,0.536448,VALID,Warning,WARN: High flow rate detected (Flood risk)
2026-03-01 17:00:00+00:00,3171.4816,VALID,0.5455920000000001,VALID,Warning,WARN: High flow rate detected (Flood risk)
2026-03-01 18:00:00+00:00,3171.4816,VALID,0.5455920000000001,VALID,Warning,WARN: High flow rate detected (Flood risk)
2026-03-01 19:00:00+00:00,3171.4816,VALID,0.5334000000000001,VALID,Warning,WARN: High flow rate detected (Flood risk)
2026-03-01 20:00:00+00:00,3157.3232,VALID,0.531876,VALID,Warning,WARN: High flow rate detected (Flood risk)
2026-03-01 21:00:00+00:00,3143.1648,VALID,0.5166360000000001,VALID,Warning,WARN: High flow rate detected (Flood risk)
2026-03-01 22:00:00+00:00,3143.1648,VALID,0.499872,VALID,Warning,WARN: High flow rate detected (Flood risk)
2026-03-01 23:00:00+00:00,3114.848,VALID,0.48768000000000006,VALID,Warning,WARN: High flow rate detected (Flood risk)
2026-03-02 00:00:00+00:00,3100.6895999999997,VALID,0.46329600000000004,VALID,Warning,WARN: High flow rate detected (Flood risk)
2026-03-02 01:00:00+00:00,3114.848,VALID,0.46024800000000005,VALID,Warning,WARN: High flow rate detected (Flood risk)
2026-03-02 02:00:00+00:00,3086.5312,VALID,0.432816,VALID,Warning,WARN: High flow rate detected (Flood risk)
2026-03-02 03:00:00+00:00,3058.2144,VALID,0.397764,VALID,Warning,WARN: High flow rate detected (Flood risk)
2026-03-02 04:00:00+00:00,3044.0559999999996,VALID,0.385572,VALID,Warning,WARN: High flow rate detected (Flood risk)
2026-03-02 05:00:00+00:00,3029.8976,VALID,0.371856,VALID,Warning,WARN: High flow rate detected (Flood risk)
2026-03-02 06:00:00+00:00,3029.8976,VALID,0.36576000000000003,VALID,Warning,WARN: High flow rate detected (Flood risk)
2026-03-02 07:00:00+00:00,3029.8976,VALID,0.377952,VALID,Warning,WARN: High flow rate detected (Flood risk)
2026-03-02 08:00:00+00:00,3058.2144,VALID,0.391668,VALID,Warning,WARN: High flow rate detected (Flood risk)
2026-03-02 09:00:00+00:00,3058.2144,VALID,0.39014400000000005,VALID,Warning,WARN: High flow rate detected (Flood risk)
2026-03-02 10:00:00+00:00,3058.2144,VALID,0.39624000000000004,VALID,Warning,WARN: High flow rate detected (Flood risk)
2026-03-02 11:00:00+00:00,3058.2144,VALID,0.40386,VALID,Warning,WARN: High flow rate detected (Flood risk)
2026-03-02 12:00:00+00:00,3058.2144,VALID,0.40386000000000005,VALID,Warning,WARN: High flow rate detected (Flood risk)
2026-03-02 13:00:00+00:00,3058.2144,VALID,0.397764,VALID,Warning,WARN: High flow rate detected (Flood risk)
2026-03-02 14:00:00+00:00,3058.2144,VALID,0.41148000000000007,VALID,Warning,WARN: High flow rate detected (Flood risk)
2026-03-02 15:00:00+00:00,3058.2144,VALID,0.405384,VALID,Warning,WARN: High flow rate detected (Flood risk)
2026-03-02 16:00:00+00:00,3058.2144,VALID,0.420624,VALID,Warning,WARN: High flow rate detected (Flood risk)
2026-03-02 17:00:00+00:00,3058.2144,VALID,0.420624,VALID,Warning,WARN: High flow rate detected (Flood risk)
2026-03-02 18:00:00+00:00,3086.5312,VALID,0.44653200000000004,VALID,Warning,WARN: High flow rate detected (Flood risk)
2026-03-02 19:00:00+00:00,3114.848,VALID,0.48463200000000006,VALID,Warning,WARN: High flow rate detected (Flood risk)
2026-03-02 20:00:00+00:00,3143.1648,VALID,0.51054,VALID,Warning,WARN: High flow rate detected (Flood risk)
2026-03-02 21:00:00+00:00,3171.4816,VALID,0.5334,VALID,Warning,WARN: High flow rate detected (Flood risk)
2026-03-02 22:00:00+00:00,3171.4816,VALID,0.559308,VALID,Warning,WARN: High flow rate detected (Flood risk)
2026-03-02 23:00:00+00:00,3199.7984,VALID,0.5791200000000001,VALID,Warning,WARN: High flow rate detected (Flood risk)
2026-03-03 00:00:00+00:00,3213.9568,VALID,0.598932,VALID,Warning,WARN: High flow rate detected (Flood risk)
2026-03-03 01:00:00+00:00,3228.1151999999997,VALID,0.603504,VALID,Warning,WARN: High flow rate detected (Flood risk)
2026-03-03 02:00:00+00:00,3228.1151999999997,VALID,0.620268,VALID,Warning,WARN: High flow rate detected (Flood risk)
2026-03-03 03:00:00+00:00,3256.432,VALID,0.6339840000000001,VALID,Warning,WARN: High flow rate detected (Flood risk)
2026-03-03 04:00:00+00:00,3256.432,VALID,0.643128,VALID,Warning,WARN: High flow rate detected (Flood risk)
2026-03-03 05:00:00+00:00,3256.432,VALID,0.6461760000000001,VALID,Warning,WARN: High flow rate detected (Flood risk)
2026-03-03 07:00:00+00:00,3256.432,VALID,0.64008,VALID,Warning,WARN: High flow rate detected (Flood risk)
2026-03-03 08:00:00+00:00,3256.432,VALID,0.6400800000000001,VALID,Warning,WARN: High flow rate detected (Flood risk)
2026-03-03 09:00:00+00:00,3256.432,VALID,0.643128,VALID,Warning,WARN: High flow rate detected (Flood risk)
2026-03-03 10:00:00+00:00,3256.432,VALID,0.6461760000000001,VALID,Warning,WARN: High flow rate detected (Flood risk)
2026-03-03 11:00:00+00:00,3256.432,VALID,0.643128,VALID,Warning,WARN: High flow rate detected (Flood risk)
2026-03-03 12:00:00+00:00,3256.432,VALID,0.6416040000000001,VALID,Warning,WARN: High flow rate detected (Flood risk)
2026-03-03 13:00:00+00:00,3256.432,VALID,0.637032,VALID,Warning,WARN: High flow rate detected (Flood risk)
2026-03-03 14:00:00+00:00,3228.1151999999997,VALID,0.6309359999999999,VALID,Warning,WARN: High flow rate detected (Flood risk)
2026-03-03 15:00:00+00:00,3242.2735999999995,VALID,0.633984,VALID,Warning,WARN: High flow rate detected (Flood risk)
2026-03-03 16:00:00+00:00,3228.1151999999997,VALID,0.621792,VALID,Warning,WARN: High flow rate detected (Flood risk)
2026-03-03 17:00:00+00:00,3228.1151999999997,VALID,0.627888,VALID,Warning,WARN: High flow rate detected (Flood risk)
2026-03-03 18:00:00+00:00,3256.432,VALID,0.6400800000000001,VALID,Warning,WARN: High flow rate detected (Flood risk)
2026-03-03 19:00:00+00:00,3228.1151999999997,VALID,0.6248400000000001,VALID,Warning,WARN: High flow rate detected (Flood risk)
2026-03-03 20:00:00+00:00,3228.1151999999997,VALID,0.627888,VALID,Warning,WARN: High flow rate detected (Flood risk)
2026-03-03 21:00:00+00:00,3228.1151999999997,VALID,0.629412,VALID,Warning,WARN: High flow rate detected (Flood risk)
2026-03-03 22:00:00+00:00,3228.1151999999997,VALID,0.60198,VALID,Warning,WARN: High flow rate detected (Flood risk)
2026-03-03 23:00:00+00:00,3228.1151999999997,VALID,0.6096,VALID,Warning,WARN: High flow rate detected (Flood risk)
2026-03-04 00:00:00+00:00,3228.1151999999997,VALID,0.600456,VALID,Warning,WARN: High flow rate detected (Flood risk)
2026-03-04 01:00:00+00:00,3213.9568,VALID,0.589788,VALID,Warning,WARN: High flow rate detected (Flood risk)
2026-03-04 02:00:00+00:00,3185.6400000000003,VALID,0.565404,VALID,Warning,WARN: High flow rate detected (Flood risk)
2026-03-04 03:00:00+00:00,3171.4816,VALID,0.5455920000000001,VALID,Warning,WARN: High flow rate detected (Flood risk)
2026-03-04 04:00:00+00:00,3171.4816,VALID,0.547116,VALID,Warning,WARN: High flow rate detected (Flood risk)
2026-03-04 05:00:00+00:00,3157.3232,VALID,0.52578,VALID,Warning,WARN: High flow rate detected (Flood risk)
2026-03-04 06:00:00+00:00,3143.1648,VALID,0.50292,VALID,Warning,WARN: High flow rate detected (Flood risk)
2026-03-04 07:00:00+00:00,3129.0064,VALID,0.4953,VALID,Warning,WARN: High flow rate detected (Flood risk)
2026-03-04 08:00:00+00:00,3114.848,VALID,0.49072800000000005,VALID,Warning,WARN: High flow rate detected (Flood risk)
2026-03-04 09:00:00+00:00,3114.848,VALID,0.481584,VALID,Warning,WARN: High flow rate detected (Flood risk)
2026-03-04 10:00:00+00:00,3114.848,VALID,0.48463200000000006,VALID,Warning,WARN: High flow rate detected (Flood risk)
2026-03-04 11:00:00+00:00,3100.6895999999997,VALID,0.46482,VALID,Warning,WARN: High flow rate detected (Flood risk)
2026-03-04 12:00:00+00:00,3100.6895999999997,VALID,0.461772,VALID,Warning,WARN: High flow rate detected (Flood risk)
2026-03-04 13:00:00+00:00,3086.5312,VALID,0.454152,VALID,Warning,WARN: High flow rate detected (Flood risk)
2026-03-04 14:00:00+00:00,3100.6895999999997,VALID,0.44958000000000004,VALID,Warning,WARN: High flow rate detected (Flood risk)
2026-03-04 15:00:00+00:00,3086.5312,VALID,0.454152,VALID,Warning,WARN: High flow rate detected (Flood risk)
2026-03-04 16:00:00+00:00,3086.5312,VALID,0.44196,VALID,Warning,WARN: High flow rate detected (Flood risk)
2026-03-04 17:00:00+00:00,3086.5312,VALID,0.448056,VALID,Warning,WARN: High flow rate detected (Flood risk)
2026-03-04 18:00:00+00:00,3086.5312,VALID,0.443484,VALID,Warning,WARN: High flow rate detected (Flood risk)
2026-03-04 19:00:00+00:00,3086.5312,VALID,0.445008,VALID,Warning,WARN: High flow rate detected (Flood risk)
2026-03-04 20:00:00+00:00,3086.5312,VALID,0.44653200000000004,VALID,Warning,WARN: High flow rate detected (Flood risk)
2026-03-04 21:00:00+00:00,3086.5312,VALID,0.44653200000000004,VALID,Warning,WARN: High flow rate detected (Flood risk)
2026-03-04 23:00:00+00:00,3100.6895999999997,VALID,0.45720000000000005,VALID,Warning,WARN: High flow rate detected (Flood risk)
2026-03-05 00:00:00+00:00,3100.6895999999997,VALID,0.45720000000000005,VALID,Warning,WARN: High flow rate detected (Flood risk)
2026-03-05 01:00:00+00:00,3086.5312,VALID,0.44958,VALID,Warning,WARN: High flow rate detected (Flood risk)
2026-03-05 02:00:00+00:00,3100.6895999999997,VALID,0.45720000000000005,VALID,Warning,WARN: High flow rate detected (Flood risk)
2026-03-05 03:00:00+00:00,3086.5312,VALID,0.45262800000000003,VALID,Warning,WARN: High flow rate detected (Flood risk)
2026-03-05 04:00:00+00:00,3086.5312,VALID,0.448056,VALID,Warning,WARN: High flow rate detected (Flood risk)
2026-03-05 05:00:00+00:00,3100.6895999999997,VALID,0.460248,VALID,Warning,WARN: High flow rate detected (Flood risk)
2026-03-05 06:00:00+00:00,3100.6895999999997,VALID,0.46177200000000007,VALID,Warning,WARN: High flow rate detected (Flood risk)
2026-03-05 07:00:00+00:00,3114.848,VALID,0.48310800000000004,VALID,Warning,WARN: High flow rate detected (Flood risk)
2026-03-05 08:00:00+00:00,3143.1648,VALID,0.51816,VALID,Warning,WARN: High flow rate detected (Flood risk)
2026-03-05 09:00:00+00:00,3171.4816,VALID,0.530352,VALID,Warning,WARN: High flow rate detected (Flood risk)
2026-03-05 10:00:00+00:00,3171.4816,VALID,0.544068,VALID,Warning,WARN: High flow rate detected (Flood risk)
2026-03-05 11:00:00+00:00,3199.7984,VALID,0.576072,VALID,Warning,WARN: High flow rate detected (Flood risk)
2026-03-05 12:00:00+00:00,3199.7984,VALID,0.57912,VALID,Warning,WARN: High flow rate detected (Flood risk)
2026-03-05 13:00:00+00:00,3199.7984,VALID,0.58674,VALID,Warning,WARN: High flow rate detected (Flood risk)
2026-03-05 14:00:00+00:00,3213.9568,VALID,0.59436,VALID,Warning,WARN: High flow rate detected (Flood risk)
2026-03-05 15:00:00+00:00,3228.1151999999997,VALID,0.6126480000000001,VALID,Warning,WARN: High flow rate detected (Flood risk)
2026-03-05 16:00:00+00:00,3228.1151999999997,VALID,0.615696,VALID,Warning,WARN: High flow rate detected (Flood risk)
2026-03-05 17:00:00+00:00,3213.9568,VALID,0.5852160000000001,VALID,Warning,WARN: High flow rate detected (Flood risk)
2026-03-05 18:00:00+00:00,3199.7984,VALID,0.577596,VALID,Warning,WARN: High flow rate detected (Flood risk)
2026-03-05 19:00:00+00:00,3199.7984,VALID,0.569976,VALID,Warning,WARN: High flow rate detected (Flood risk)
2026-03-05 20:00:00+00:00,3171.4816,VALID,0.5547360000000001,VALID,Warning,WARN: High flow rate detected (Flood risk)
2026-03-05 21:00:00+00:00,3171.4816,VALID,0.536448,VALID,Warning,WARN: High flow rate detected (Flood risk)
2026-03-05 22:00:00+00:00,3157.3232,VALID,0.521208,VALID,Warning,WARN: High flow rate detected (Flood risk)
2026-03-05 23:00:00+00:00,3143.1648,VALID,0.5135879999999999,VALID,Warning,WARN: High flow rate detected (Flood risk)
2026-03-06 00:00:00+00:00,3129.0064,VALID,0.5044440000000001,VALID,Warning,WARN: High flow rate detected (Flood risk)
2026-03-06 01:00:00+00:00,3114.848,VALID,0.49072800000000005,VALID,Warning,WARN: High flow rate detected (Flood risk)
2026-03-06 02:00:00+00:00,3114.848,VALID,0.4785360000000001,VALID,Warning,WARN: High flow rate detected (Flood risk)
2026-03-06 03:00:00+00:00,3114.848,VALID,0.475488,VALID,Warning,WARN: High flow rate detected (Flood risk)
2026-03-06 04:00:00+00:00,3114.848,VALID,0.475488,VALID,Warning,WARN: High flow rate detected (Flood risk)
2026-03-06 05:00:00+00:00,3114.848,VALID,0.46329600000000004,VALID,Warning,WARN: High flow rate detected (Flood risk)
2026-03-06 06:00:00+00:00,3086.5312,VALID,0.451104,VALID,Warning,WARN: High flow rate detected (Flood risk)
2026-03-06 07:00:00+00:00,3086.5312,VALID,0.44653200000000004,VALID,Warning,WARN: High flow rate detected (Flood risk)
2026-03-06 08:00:00+00:00,3086.5312,VALID,0.429768,VALID,Warning,WARN: High flow rate detected (Flood risk)
2026-03-06 09:00:00+00:00,3086.5312,VALID,0.429768,VALID,Warning,WARN: High flow rate detected (Flood risk)
2026-03-06 10:00:00+00:00,3058.2144,VALID,0.416052,VALID,Warning,WARN: High flow rate detected (Flood risk)
2026-03-06 11:00:00+00:00,3058.2144,VALID,0.40690800000000005,VALID,Warning,WARN: High flow rate detected (Flood risk)
2026-03-06 12:00:00+00:00,3058.2144,VALID,0.4053840000000001,VALID,Warning,WARN: High flow rate detected (Flood risk)
2026-03-06 13:00:00+00:00,3058.2144,VALID,0.402336,VALID,Warning,WARN: High flow rate detected (Flood risk)
2026-03-06 14:00:00+00:00,3058.2144,VALID,0.40386000000000005,VALID,Warning,WARN: High flow rate detected (Flood risk)
2026-03-06 15:00:00+00:00,3058.2144,VALID,0.39319200000000004,VALID,Warning,WARN: High flow rate detected (Flood risk)
2026-03-06 16:00:00+00:00,3058.2144,VALID,0.402336,VALID,Warning,WARN: High flow rate detected (Flood risk)
2026-03-06 17:00:00+00:00,3058.2144,VALID,0.402336,VALID,Warning,WARN: High flow rate detected (Flood risk)
2026-03-06 18:00:00+00:00,3072.3728,VALID,0.41148,VALID,Warning,WARN: High flow rate detected (Flood risk)
2026-03-06 19:00:00+00:00,3058.2144,VALID,0.40995600000000004,VALID,Warning,WARN: High flow rate detected (Flood risk)
2026-03-06 20:00:00+00:00,3072.3728,VALID,0.41605200000000003,VALID,Warning,WARN: High flow rate detected (Flood risk)
2026-03-06 21:00:00+00:00,3072.3728,VALID,0.41605200000000003,VALID,Warning,WARN: High flow rate detected (Flood risk)
2026-03-06 22:00:00+00:00,3086.5312,VALID,0.438912,VALID,Warning,WARN: High flow rate detected (Flood risk)
2026-03-06 23:00:00+00:00,3100.6895999999997,VALID,0.44196,VALID,Warning,WARN: High flow rate detected (Flood risk)
2026-03-07 00:00:00+00:00,3086.5312,VALID,0.43891199999999997,VALID,Warning,WARN: High flow rate detected (Flood risk)
2026-03-07 01:00:00+00:00,3100.6895999999997,VALID,0.445008,VALID,Warning,WARN: High flow rate detected (Flood risk)
2026-03-07 02:00:00+00:00,3114.848,VALID,0.45262800000000003,VALID,Warning,WARN: High flow rate detected (Flood risk)
2026-03-07 03:00:00+00:00,3129.0064,VALID,0.46482,VALID,Warning,WARN: High flow rate detected (Flood risk)
2026-03-07 04:00:00+00:00,3114.848,VALID,0.46024800000000005,VALID,Warning,WARN: High flow rate detected (Flood risk)
2026-03-07 05:00:00+00:00,3143.1648,VALID,0.493776,VALID,Warning,WARN: High flow rate detected (Flood risk)
2026-03-07 06:00:00+00:00,3143.1648,VALID,0.48615600000000003,VALID,Warning,WARN: High flow rate detected (Flood risk)
2026-03-07 07:00:00+00:00,3143.1648,VALID,0.492252,VALID,Warning,WARN: High flow rate detected (Flood risk)
2026-03-07 08:00:00+00:00,3171.4816,VALID,0.515112,VALID,Warning,WARN: High flow rate detected (Flood risk)
2026-03-07 09:00:00+00:00,3171.4816,VALID,0.530352,VALID,Warning,WARN: High flow rate detected (Flood risk)
2026-03-07 10:00:00+00:00,3199.7984,VALID,0.544068,VALID,Warning,WARN: High flow rate detected (Flood risk)
2026-03-07 11:00:00+00:00,3199.7984,VALID,0.547116,VALID,Warning,WARN: High flow rate detected (Flood risk)
2026-03-07 12:00:00+00:00,3242.2735999999995,VALID,0.60198,VALID,Warning,WARN: High flow rate detected (Flood risk)
2026-03-07 13:00:00+00:00,3284.7488,VALID,0.644652,VALID,Warning,WARN: High flow rate detected (Flood risk)
2026-03-07 14:00:00+00:00,3284.7488,VALID,0.656844,VALID,Warning,WARN: High flow rate detected (Flood risk)
2026-03-07 15:00:00+00:00,3327.224,VALID,0.6979920000000001,VALID,Warning,WARN: High flow rate detected (Flood risk)
2026-03-07 16:00:00+00:00,3341.3824,VALID,0.726948,VALID,Warning,WARN: High flow rate detected (Flood risk)
2026-03-07 17:00:00+00:00,3355.5407999999998,VALID,0.7315200000000001,VALID,Warning,WARN: High flow rate detected (Flood risk)
2026-03-07 18:00:00+00:00,3369.6992,VALID,0.749808,VALID,Warning,WARN: High flow rate detected (Flood risk)
2026-03-07 19:00:00+00:00,3398.016,VALID,0.7772399999999999,VALID,Warning,WARN: High flow rate detected (Flood risk)
2026-03-07 20:00:00+00:00,3412.1744,VALID,0.803148,VALID,Warning,WARN: High flow rate detected (Flood risk)
2026-03-07 21:00:00+00:00,3454.6495999999997,VALID,0.8382000000000001,VALID,Warning,WARN: High flow rate detected (Flood risk)
2026-03-07 22:00:00+00:00,3482.9664,VALID,0.8717280000000001,VALID,Warning,WARN: High flow rate detected (Flood risk)
2026-03-07 23:00:00+00:00,3525.4416,VALID,0.926592,VALID,Warning,WARN: High flow rate detected (Flood risk)
2026-03-08 00:00:00+00:00,3539.6,VALID,0.9311640000000001,VALID,Warning,WARN: High flow rate detected (Flood risk)
2026-03-08 01:00:00+00:00,3567.9168,VALID,0.979932,VALID,Warning,WARN: High flow rate detected (Flood risk)
2026-03-08 02:00:00+00:00,3610.392,VALID,1.011936,VALID,Warning,WARN: High flow rate detected (Flood risk)
2026-03-08 03:00:00+00:00,3624.5504,VALID,1.0363200000000001,VALID,Warning,WARN: High flow rate detected (Flood risk)
2026-03-08 04:00:00+00:00,3638.7088000000003,VALID,1.05918,VALID,Warning,WARN: High flow rate detected (Flood risk)
2026-03-08 05:00:00+00:00,3667.0256,VALID,1.080516,VALID,Warning,WARN: High flow rate detected (Flood risk)
2026-03-08 06:00:00+00:00,3681.1839999999997,VALID,1.088136,VALID,Warning,WARN: High flow rate detected (Flood risk)
2026-03-08 07:00:00+00:00,3681.1839999999997,VALID,1.100328,VALID,Warning,WARN: High flow rate detected (Flood risk)
2026-03-08 08:00:00+00:00,3709.5008,VALID,1.11252,VALID,Warning,WARN: High flow rate detected (Flood risk)
2026-03-08 09:00:00+00:00,3737.8176,VALID,1.144524,VALID,Warning,WARN: High flow rate detected (Flood risk)
2026-03-08 10:00:00+00:00,3723.6592,VALID,1.13538,VALID,Warning,WARN: High flow rate detected (Flood risk)
2026-03-08 11:00:00+00:00,3737.8176,VALID,1.155192,VALID,Warning,WARN: High flow rate detected (Flood risk)
2026-03-08 12:00:00+00:00,3780.2928,VALID,1.18872,VALID,Warning,WARN: High flow rate detected (Flood risk)
2026-03-08 13:00:00+00:00,3766.1344,VALID,1.175004,VALID,Warning,WARN: High flow rate detected (Flood risk)
2026-03-08 14:00:00+00:00,3794.4512,VALID,1.2161520000000001,VALID,Warning,WARN: High flow rate detected (Flood risk)
2026-03-08 15:00:00+00:00,3794.4512,VALID,1.217676,VALID,Warning,WARN: High flow rate detected (Flood risk)
2026-03-08 16:00:00+00:00,3836.9264000000003,VALID,1.2527279999999998,VALID,Warning,WARN: High flow rate detected (Flood risk)
2026-03-08 17:00:00+00:00,3851.0848,VALID,1.2725400000000002,VALID,Warning,WARN: High flow rate detected (Flood risk)
2026-03-08 18:00:00+00:00,3879.4016,VALID,1.2908280000000003,VALID,Warning,WARN: High flow rate detected (Flood risk)
2026-03-08 19:00:00+00:00,3893.56,VALID,1.312164,VALID,Warning,WARN: High flow rate detected (Flood risk)
2026-03-08 20:00:00+00:00,3936.0352,VALID,1.3594080000000002,VALID,Warning,WARN: High flow rate detected (Flood risk)
2026-03-08 21:00:00+00:00,3964.352,VALID,1.391412,VALID,Warning,WARN: High flow rate detected (Flood risk)
2026-03-08 22:00:00+00:00,4006.8271999999997,VALID,1.441704,VALID,Warning,WARN: High flow rate detected (Flood risk)
2026-03-08 23:00:00+00:00,4049.3024,VALID,1.481328,VALID,Warning,WARN: High flow rate detected (Flood risk)
2026-03-09 00:00:00+00:00,4091.7776,VALID,1.530096,VALID,Warning,WARN: High flow rate detected (Flood risk)
2026-03-09 01:00:00+00:00,4162.5696,VALID,1.6002,VALID,Warning,WARN: High flow rate detected (Flood risk)
2026-03-09 02:00:00+00:00,4205.0448,VALID,1.650492,VALID,Warning,WARN: High flow rate detected (Flood risk)
2026-03-09 03:00:00+00:00,4261.6784,VALID,1.711452,VALID,Warning,WARN: High flow rate detected (Flood risk)
2026-03-09 04:00:00+00:00,4318.312,VALID,1.754124,VALID,Warning,WARN: High flow rate detected (Flood risk)
2026-03-09 05:00:00+00:00,4360.7872,VALID,1.8044160000000002,VALID,Warning,WARN: High flow rate detected (Flood risk)
2026-03-09 06:00:00+00:00,4417.4208,VALID,1.8486120000000001,VALID,Warning,WARN: High flow rate detected (Flood risk)
2026-03-09 07:00:00+00:00,4445.7376,VALID,1.880616,VALID,Warning,WARN: High flow rate detected (Flood risk)
2026-03-09 08:00:00+00:00,4459.896000000001,VALID,1.901952,VALID,Warning,WARN: High flow rate detected (Flood risk)
2026-03-09 09:00:00+00:00,4516.5296,VALID,1.955292,VALID,Warning,WARN: High flow rate detected (Flood risk)
2026-03-09 10:00:00+00:00,4544.8464,VALID,1.9781520000000001,VALID,Warning,WARN: High flow rate detected (Flood risk)
2026-03-09 11:00:00+00:00,4587.3216,VALID,2.01168,VALID,Warning,WARN: High flow rate detected (Flood risk)
2026-03-09 12:00:00+00:00,4615.6384,VALID,2.048256,VALID,Warning,WARN: High flow rate detected (Flood risk)
2026-03-09 13:00:00+00:00,4643.9552,VALID,2.069592,VALID,Warning,WARN: High flow rate detected (Flood risk)
2026-03-09 14:00:00+00:00,4672.272,VALID,2.098548,VALID,Warning,WARN: High flow rate detected (Flood risk)
2026-03-09 15:00:00+00:00,4700.5887999999995,VALID,2.129028,VALID,Warning,WARN: High flow rate detected (Flood risk)
2026-03-09 16:00:00+00:00,4743.064,VALID,2.165604,VALID,Warning,WARN: High flow rate detected (Flood risk)
2026-03-09 17:00:00+00:00,4771.3808,VALID,2.200656,VALID,Warning,WARN: High flow rate detected (Flood risk)
2026-03-09 18:00:00+00:00,4785.5392,VALID,2.214372,VALID,Warning,WARN: High flow rate detected (Flood risk)
2026-03-09 19:00:00+00:00,4842.1728,VALID,2.246376,VALID,Warning,WARN: High flow rate detected (Flood risk)
2026-03-09 20:00:00+00:00,4870.4896,VALID,2.292096,VALID,Warning,WARN: High flow rate detected (Flood risk)
2026-03-09 21:00:00+00:00,4927.1232,VALID,2.325624,VALID,Warning,WARN: High flow rate detected (Flood risk)
2026-03-09 22:00:00+00:00,4955.44,VALID,2.360676,VALID,Warning,WARN: High flow rate detected (Flood risk)
2026-03-09 23:00:00+00:00,4983.7568,VALID,2.394204,VALID,Warning,WARN: High flow rate detected (Flood risk)
2026-03-10 00:00:00+00:00,5026.232,VALID,2.427732,VALID,Warning,WARN: High flow rate detected (Flood risk)
2026-03-10 01:00:00+00:00,5068.707200000001,VALID,2.467356,VALID,Warning,WARN: High flow rate detected (Flood risk)
2026-03-10 02:00:00+00:00,5097.024,VALID,2.49936,VALID,Warning,WARN: High flow rate detected (Flood risk)
2026-03-10 03:00:00+00:00,5153.6576,VALID,2.540508,VALID,Warning,WARN: High flow rate detected (Flood risk)
2026-03-10 04:00:00+00:00,5196.132799999999,VALID,2.5725120000000006,VALID,Warning,WARN: High flow rate detected (Flood risk)
2026-03-10 05:00:00+00:00,5238.608,VALID,2.62128,VALID,Warning,WARN: High flow rate detected (Flood risk)
2026-03-10 06:00:00+00:00,5252.7664,VALID,2.6395679999999997,VALID,Warning,WARN: High flow rate detected (Flood risk)
2026-03-10 07:00:00+00:00,5295.241599999999,VALID,2.6700480000000004,VALID,Warning,WARN: High flow rate detected (Flood risk)
2026-03-10 08:00:00+00:00,5351.8751999999995,VALID,2.715768,VALID,Warning,WARN: High flow rate detected (Flood risk)
2026-03-10 09:00:00+00:00,5366.0336,VALID,2.73558,VALID,Warning,WARN: High flow rate detected (Flood risk)
2026-03-10 10:00:00+00:00,5380.192,VALID,2.7614880000000004,VALID,Warning,WARN: High flow rate detected (Flood risk)
2026-03-10 11:00:00+00:00,5422.6672,VALID,2.782824,VALID,Warning,WARN: High flow rate detected (Flood risk)
2026-03-10 12:00:00+00:00,5465.1424,VALID,2.830068,VALID,Warning,WARN: High flow rate detected (Flood risk)
2026-03-10 13:00:00+00:00,5507.6176,VALID,2.860548,VALID,Warning,WARN: High flow rate detected (Flood risk)
2026-03-10 14:00:00+00:00,5535.9344,VALID,2.889504,VALID,Warning,WARN: High flow rate detected (Flood risk)
2026-03-10 15:00:00+00:00,5578.4096,VALID,2.9306520000000003,VALID,Warning,WARN: High flow rate detected (Flood risk)
2026-03-10 16:00:00+00:00,5606.7264,VALID,2.9580840000000004,VALID,Warning,WARN: High flow rate detected (Flood risk)
2026-03-10 17:00:00+00:00,5635.0432,VALID,2.983992,VALID,Warning,WARN: High flow rate detected (Flood risk)
2026-03-10 18:00:00+00:00,5663.36,VALID,3.011424,VALID,Warning,WARN: High flow rate detected (Flood risk)
2026-03-10 19:00:00+00:00,5691.6768,VALID,3.0342840000000004,VALID,Warning,WARN: High flow rate detected (Flood risk)
2026-03-10 20:00:00+00:00,5734.152,VALID,3.076956,VALID,Warning,WARN: High flow rate detected (Flood risk)
2026-03-10 21:00:00+00:00,5762.468800000001,VALID,3.099816,VALID,Warning,WARN: High flow rate detected (Flood risk)
2026-03-10 22:00:00+00:00,5762.468800000001,VALID,3.104388,VALID,Warning,WARN: High flow rate detected (Flood risk)
2026-03-10 23:00:00+00:00,5804.9439999999995,VALID,3.137916,VALID,Warning,WARN: High flow rate detected (Flood risk)
2026-03-11 00:00:00+00:00,5833.2608,VALID,3.165348,VALID,Warning,WARN: High flow rate detected (Flood risk)
2026-03-11 01:00:00+00:00,5861.5776,VALID,3.1958280000000006,VALID,Warning,WARN: High flow rate detected (Flood risk)
2026-03-11 02:00:00+00:00,5875.736,VALID,3.211068,VALID,Warning,WARN: High flow rate detected (Flood risk)
2026-03-11 03:00:00+00:00,5904.0527999999995,VALID,3.2324040000000003,VALID,Warning,WARN: High flow rate detected (Flood risk)
2026-03-11 04:00:00+00:00,5918.2112,VALID,3.249168,VALID,Warning,WARN: High flow rate detected (Flood risk)
2026-03-11 05:00:00+00:00,5946.528,VALID,3.2552640000000004,VALID,Warning,WARN: High flow rate detected (Flood risk)
2026-03-11 06:00:00+00:00,5960.6864000000005,VALID,3.282696,VALID,Warning,WARN: High flow rate detected (Flood risk)
2026-03-11 07:00:00+00:00,5974.8448,VALID,3.28422,VALID,Warning,WARN: High flow rate detected (Flood risk)
2026-03-11 08:00:00+00:00,5974.8448,VALID,3.29184,VALID,Warning,WARN: High flow rate detected (Flood risk)
2026-03-11 09:00:00+00:00,5974.8448,VALID,3.290316,VALID,Warning,WARN: High flow rate detected (Flood risk)
2026-03-11 10:00:00+00:00,6003.1616,VALID,3.305556,VALID,Warning,WARN: High flow rate detected (Flood risk)
2026-03-11 11:00:00+00:00,6003.1616,VALID,3.3177480000000004,VALID,Warning,WARN: High flow rate detected (Flood risk)
2026-03-11 12:00:00+00:00,6031.4784,VALID,3.336036,VALID,Warning,WARN: High flow rate detected (Flood risk)
2026-03-11 13:00:00+00:00,6031.4784,VALID,3.32994,VALID,Warning,WARN: High flow rate detected (Flood risk)
2026-03-11 14:00:00+00:00,6031.4784,VALID,3.334512,VALID,Warning,WARN: High flow rate detected (Flood risk)
2026-03-11 15:00:00+00:00,6031.4784,VALID,3.331464,VALID,Warning,WARN: High flow rate detected (Flood risk)
2026-03-11 16:00:00+00:00,6031.4784,VALID,3.336036,VALID,Warning,WARN: High flow rate detected (Flood risk)
2026-03-11 17:00:00+00:00,6031.4784,VALID,3.3238440000000002,VALID,Warning,WARN: High flow rate detected (Flood risk)
2026-03-11 18:00:00+00:00,6045.6368,VALID,3.3406080000000005,VALID,Warning,WARN: High flow rate detected (Flood risk)
2026-03-11 19:00:00+00:00,6102.270399999999,VALID,3.395472,VALID,Warning,WARN: High flow rate detected (Flood risk)
2026-03-11 20:00:00+00:00,6158.904,VALID,3.441192,VALID,Warning,WARN: High flow rate detected (Flood risk)
2026-03-11 21:00:00+00:00,6243.8544,VALID,3.5128200000000005,VALID,Warning,WARN: High flow rate detected (Flood risk)
2026-03-11 22:00:00+00:00,6328.8048,VALID,3.6012120000000003,VALID,Warning,WARN: High flow rate detected (Flood risk)
2026-03-11 23:00:00+00:00,6427.9136,VALID,3.6774120000000003,VALID,Warning,WARN: High flow rate detected (Flood risk)
2026-03-12 00:00:00+00:00,6541.1808,VALID,3.785616,VALID,Warning,WARN: High flow rate detected (Flood risk)
2026-03-12 01:00:00+00:00,6640.2896,VALID,3.861816,VALID,Warning,WARN: High flow rate detected (Flood risk)
2026-03-12 02:00:00+00:00,6682.7648,VALID,3.902964,VALID,Warning,WARN: High flow rate detected (Flood risk)
2026-03-12 03:00:00+00:00,6753.5568,VALID,3.9563040000000003,VALID,Warning,WARN: High flow rate detected (Flood risk)
2026-03-12 04:00:00+00:00,6781.8736,VALID,3.9852600000000002,VALID,Warning,WARN: High flow rate detected (Flood risk)
2026-03-12 05:00:00+00:00,6810.1903999999995,VALID,4.015740000000001,VALID,Warning,WARN: High flow rate detected (Flood risk)
2026-03-12 06:00:00+00:00,6838.5072,VALID,4.034027999999999,VALID,Warning,WARN: High flow rate detected (Flood risk)
2026-03-12 07:00:00+00:00,6852.6656,VALID,4.043172,VALID,Warning,WARN: High flow rate detected (Flood risk)
2026-03-12 08:00:00+00:00,6866.8240000000005,VALID,4.050792,VALID,Warning,WARN: High flow rate detected (Flood risk)
2026-03-12 09:00:00+00:00,6880.9824,VALID,4.056888000000001,VALID,Warning,WARN: High flow rate detected (Flood risk)
2026-03-12 10:00:00+00:00,6880.9824,VALID,4.06146,VALID,Warning,WARN: High flow rate detected (Flood risk)
2026-03-12 11:00:00+00:00,6880.9824,VALID,4.058412000000001,VALID,Warning,WARN: High flow rate detected (Flood risk)
2026-03-12 12:00:00+00:00,6880.9824,VALID,4.070604,VALID,Warning,WARN: High flow rate detected (Flood risk)
2026-03-12 13:00:00+00:00,6880.9824,VALID,4.06146,VALID,Warning,WARN: High flow rate detected (Flood risk)
2026-03-12 14:00:00+00:00,6880.9824,VALID,4.055364,VALID,Warning,WARN: High flow rate detected (Flood risk)
2026-03-12 15:00:00+00:00,6880.9824,VALID,4.05384,VALID,Warning,WARN: High flow rate detected (Flood risk)
2026-03-12 16:00:00+00:00,6866.8240000000005,VALID,4.050792,VALID,Warning,WARN: High flow rate detected (Flood risk)
2026-03-12 17:00:00+00:00,6866.8240000000005,VALID,4.044696,VALID,Warning,WARN: High flow rate detected (Flood risk)
2026-03-12 18:00:00+00:00,6852.6656,VALID,4.038600000000001,VALID,Warning,WARN: High flow rate detected (Flood risk)
2026-03-12 19:00:00+00:00,6880.9824,VALID,4.043172,VALID,Warning,WARN: High flow rate detected (Flood risk)
2026-03-12 20:00:00+00:00,6880.9824,VALID,4.050792,VALID,Warning,WARN: High flow rate detected (Flood risk)
2026-03-12 21:00:00+00:00,6909.2991999999995,VALID,4.067556,VALID,Warning,WARN: High flow rate detected (Flood risk)
2026-03-12 22:00:00+00:00,6923.4576,VALID,4.085844,VALID,Warning,WARN: High flow rate detected (Flood risk)
2026-03-12 23:00:00+00:00,6937.616,VALID,4.094988000000001,VALID,Warning,WARN: High flow rate detected (Flood risk)
2026-03-13 00:00:00+00:00,6937.616,VALID,4.0980360000000005,VALID,Warning,WARN: High flow rate detected (Flood risk)
2026-03-13 01:00:00+00:00,6951.7744,VALID,4.104132,VALID,Warning,WARN: High flow rate detected (Flood risk)
2026-03-13 02:00:00+00:00,6951.7744,VALID,4.104132,VALID,Warning,WARN: High flow rate detected (Flood risk)
2026-03-13 03:00:00+00:00,6951.7744,VALID,4.10718,VALID,Warning,WARN: High flow rate detected (Flood risk)
2026-03-13 04:00:00+00:00,6965.9328,VALID,4.110228,VALID,Warning,WARN: High flow rate detected (Flood risk)
2026-03-13 05:00:00+00:00,6980.0912,VALID,4.12242,VALID,Warning,WARN: High flow rate detected (Flood risk)
2026-03-13 06:00:00+00:00,6965.9328,VALID,4.117848,VALID,Warning,WARN: High flow rate detected (Flood risk)
2026-03-13 07:00:00+00:00,6965.9328,VALID,4.110228,VALID,Warning,WARN: High flow rate detected (Flood risk)
2026-03-13 08:00:00+00:00,6965.9328,VALID,4.111752,VALID,Warning,WARN: High flow rate detected (Flood risk)
2026-03-13 09:00:00+00:00,6965.9328,VALID,4.1071800000000005,VALID,Warning,WARN: High flow rate detected (Flood risk)
2026-03-13 10:00:00+00:00,6951.7744,VALID,4.094988,VALID,Warning,WARN: High flow rate detected (Flood risk)
2026-03-13 11:00:00+00:00,6965.9328,VALID,4.0980360000000005,VALID,Warning,WARN: High flow rate detected (Flood risk)
2026-03-13 12:00:00+00:00,6937.616,VALID,4.090416,VALID,Warning,WARN: High flow rate detected (Flood risk)
2026-03-13 13:00:00+00:00,6951.7744,VALID,4.087368,VALID,Warning,WARN: High flow rate detected (Flood risk)
2026-03-13 14:00:00+00:00,6937.616,VALID,4.079748,VALID,Warning,WARN: High flow rate detected (Flood risk)
2026-03-13 15:00:00+00:00,6937.616,VALID,4.072128,VALID,Warning,WARN: High flow rate detected (Flood risk)
2026-03-13 16:00:00+00:00,6937.616,VALID,4.062984,VALID,Warning,WARN: High flow rate detected (Flood risk)
2026-03-13 17:00:00+00:00,6909.2991999999995,VALID,4.058412000000001,VALID,Warning,WARN: High flow rate detected (Flood risk)
2026-03-13 18:00:00+00:00,6923.4576,VALID,4.056888,VALID,Warning,WARN: High flow rate detected (Flood risk)
2026-03-13 19:00:00+00:00,6909.2991999999995,VALID,4.052316,VALID,Warning,WARN: High flow rate detected (Flood risk)
2026-03-13 20:00:00+00:00,6909.2991999999995,VALID,4.035552,VALID,Warning,WARN: High flow rate detected (Flood risk)
2026-03-13 21:00:00+00:00,6909.2991999999995,VALID,4.043172,VALID,Warning,WARN: High flow rate detected (Flood risk)
2026-03-13 22:00:00+00:00,6909.2991999999995,VALID,4.035552,VALID,Warning,WARN: High flow rate detected (Flood risk)
2026-03-13 23:00:00+00:00,6895.140799999999,VALID,4.024884,VALID,Warning,WARN: High flow rate detected (Flood risk)
2026-03-14 00:00:00+00:00,6880.9824,VALID,4.026408000000001,VALID,Warning,WARN: High flow rate detected (Flood risk)
2026-03-14 01:00:00+00:00,6895.140799999999,VALID,4.024884,VALID,Warning,WARN: High flow rate detected (Flood risk)
2026-03-14 02:00:00+00:00,6880.9824,VALID,4.014216,VALID,Warning,WARN: High flow rate detected (Flood risk)
2026-03-14 03:00:00+00:00,6895.140799999999,VALID,4.018788000000001,VALID,Warning,WARN: High flow rate detected (Flood risk)
2026-03-14 04:00:00+00:00,6880.9824,VALID,4.009644,VALID,Warning,WARN: High flow rate detected (Flood risk)
2026-03-14 05:00:00+00:00,6880.9824,VALID,4.017264,VALID,Warning,WARN: High flow rate detected (Flood risk)
2026-03-14 06:00:00+00:00,6895.140799999999,VALID,4.02336,VALID,Warning,WARN: High flow rate detected (Flood risk)
2026-03-14 07:00:00+00:00,6909.2991999999995,VALID,4.026408,VALID,Warning,WARN: High flow rate detected (Flood risk)
2026-03-14 08:00:00+00:00,6909.2991999999995,VALID,4.034028,VALID,Warning,WARN: High flow rate detected (Flood risk)
2026-03-14 09:00:00+00:00,6923.4576,VALID,4.04622,VALID,Warning,WARN: High flow rate detected (Flood risk)
2026-03-14 10:00:00+00:00,6923.4576,VALID,4.038600000000001,VALID,Warning,WARN: High flow rate detected (Flood risk)
2026-03-14 11:00:00+00:00,6923.4576,VALID,4.03098,VALID,Warning,WARN: High flow rate detected (Flood risk)
2026-03-14 12:00:00+00:00,6909.2991999999995,VALID,4.027932000000001,VALID,Warning,WARN: High flow rate detected (Flood risk)
2026-03-14 13:00:00+00:00,6909.2991999999995,VALID,4.0309800000000005,VALID,Warning,WARN: High flow rate detected (Flood risk)
2026-03-14 14:00:00+00:00,6909.2991999999995,VALID,4.0309800000000005,VALID,Warning,WARN: High flow rate detected (Flood risk)
2026-03-14 15:00:00+00:00,6909.2991999999995,VALID,4.032504,VALID,Warning,WARN: High flow rate detected (Flood risk)
2026-03-14 16:00:00+00:00,6937.616,VALID,4.041648,VALID,Warning,WARN: High flow rate detected (Flood risk)
2026-03-14 17:00:00+00:00,6937.616,VALID,4.044696,VALID,Warning,WARN: High flow rate detected (Flood risk)
2026-03-14 18:00:00+00:00,6965.9328,VALID,4.06146,VALID,Warning,WARN: High flow rate detected (Flood risk)
2026-03-14 19:00:00+00:00,6980.0912,VALID,4.075176000000001,VALID,Warning,WARN: High flow rate detected (Flood risk)
2026-03-14 20:00:00+00:00,6994.2496,VALID,4.082796,VALID,Warning,WARN: High flow rate detected (Flood risk)
2026-03-14 21:00:00+00:00,7008.407999999999,VALID,4.096512000000001,VALID,Warning,WARN: High flow rate detected (Flood risk)
2026-03-14 22:00:00+00:00,7022.5664,VALID,4.10718,VALID,Warning,WARN: High flow rate detected (Flood risk)
2026-03-14 23:00:00+00:00,7050.8832,VALID,4.12242,VALID,Warning,WARN: High flow rate detected (Flood risk)
2026-03-15 00:00:00+00:00,7065.0416000000005,VALID,4.1361360000000005,VALID,Warning,WARN: High flow rate detected (Flood risk)
2026-03-15 01:00:00+00:00,7093.3584,VALID,4.158996,VALID,Warning,WARN: High flow rate detected (Flood risk)
2026-03-15 02:00:00+00:00,7107.5168,VALID,4.178808,VALID,Warning,WARN: High flow rate detected (Flood risk)
2026-03-15 03:00:00+00:00,7135.8336,VALID,4.201668,VALID,Warning,WARN: High flow rate detected (Flood risk)
2026-03-15 04:00:00+00:00,7164.1503999999995,VALID,4.219956,VALID,Warning,WARN: High flow rate detected (Flood risk)
2026-03-15 05:00:00+00:00,7192.4672,VALID,4.239768,VALID,Warning,WARN: High flow rate detected (Flood risk)
2026-03-15 06:00:00+00:00,7206.625599999999,VALID,4.253484,VALID,Warning,WARN: High flow rate detected (Flood risk)
2026-03-15 07:00:00+00:00,7220.784,VALID,4.2702480000000005,VALID,Warning,WARN: High flow rate detected (Flood risk)
2026-03-15 08:00:00+00:00,7249.1008,VALID,4.28244,VALID,Warning,WARN: High flow rate detected (Flood risk)
2026-03-15 09:00:00+00:00,7263.2592,VALID,4.296156,VALID,Warning,WARN: High flow rate detected (Flood risk)
2026-03-15 10:00:00+00:00,7277.4176,VALID,4.309872,VALID,Warning,WARN: High flow rate detected (Flood risk)
2026-03-15 11:00:00+00:00,7291.576,VALID,4.3174920000000006,VALID,Warning,WARN: High flow rate detected (Flood risk)
2026-03-15 12:00:00+00:00,7305.7344,VALID,4.3281600000000005,VALID,Warning,WARN: High flow rate detected (Flood risk)
2026-03-15 13:00:00+00:00,7305.7344,VALID,4.334256,VALID,Warning,WARN: High flow rate detected (Flood risk)
2026-03-15 14:00:00+00:00,7334.0512,VALID,4.35102,VALID,Warning,WARN: High flow rate detected (Flood risk)
2026-03-15 15:00:00+00:00,7348.2096,VALID,4.3571159999999995,VALID,Warning,WARN: High flow rate detected (Flood risk)
2026-03-15 16:00:00+00:00,7348.2096,VALID,4.360164,VALID,Warning,WARN: High flow rate detected (Flood risk)
2026-03-15 17:00:00+00:00,7376.5264,VALID,4.381500000000001,VALID,Warning,WARN: High flow rate detected (Flood risk)
2026-03-15 18:00:00+00:00,7404.843199999999,VALID,4.402836000000001,VALID,Warning,WARN: High flow rate detected (Flood risk)
2026-03-15 19:00:00+00:00,7419.0016,VALID,4.4196,VALID,Warning,WARN: High flow rate detected (Flood risk)
2026-03-15 20:00:00+00:00,7461.4768,VALID,4.443984,VALID,Warning,WARN: High flow rate detected (Flood risk)
2026-03-15 21:00:00+00:00,7475.6352,VALID,4.459224000000001,VALID,Warning,WARN: High flow rate detected (Flood risk)
2026-03-15 22:00:00+00:00,7489.7936,VALID,4.469892,VALID,Warning,WARN: High flow rate detected (Flood risk)
2026-03-15 23:00:00+00:00,7546.4272,VALID,4.517136,VALID,Warning,WARN: High flow rate detected (Flood risk)
2026-03-16 00:00:00+00:00,7560.5856,VALID,4.535424000000001,VALID,Warning,WARN: High flow rate detected (Flood risk)
2026-03-16 01:00:00+00:00,7574.744000000001,VALID,4.5384720000000005,VALID,Warning,WARN: High flow rate detected (Flood risk)
2026-03-16 02:00:00+00:00,7588.9024,VALID,4.553712,VALID,Warning,WARN: High flow rate detected (Flood risk)
2026-03-16 03:00:00+00:00,7617.2192,VALID,4.565904000000001,VALID,Warning,WARN: High flow rate detected (Flood risk)
2026-03-16 04:00:00+00:00,7617.2192,VALID,4.568952,VALID,Warning,WARN: High flow rate detected (Flood risk)
2026-03-16 05:00:00+00:00,7617.2192,VALID,4.568952,VALID,Warning,WARN: High flow rate detected (Flood risk)
2026-03-16 06:00:00+00:00,7631.3776,VALID,4.575048000000001,VALID,Warning,WARN: High flow rate detected (Flood risk)
2026-03-16 07:00:00+00:00,7645.536,VALID,4.57962,VALID,Warning,WARN: High flow rate detected (Flood risk)
2026-03-16 08:00:00+00:00,7631.3776,VALID,4.573524000000001,VALID,Warning,WARN: High flow rate detected (Flood risk)
2026-03-16 09:00:00+00:00,7617.2192,VALID,4.568952,VALID,Warning,WARN: High flow rate detected (Flood risk)
2026-03-16 10:00:00+00:00,7631.3776,VALID,4.5689519999999995,VALID,Warning,WARN: High flow rate detected (Flood risk)
2026-03-16 11:00:00+00:00,7617.2192,VALID,4.561332,VALID,Warning,WARN: High flow rate detected (Flood risk)
2026-03-16 12:00:00+00:00,7603.060799999999,VALID,4.5491399999999995,VALID,Warning,WARN: High flow rate detected (Flood risk)
2026-03-16 13:00:00+00:00,7588.9024,VALID,4.54152,VALID,Warning,WARN: High flow rate detected (Flood risk)
2026-03-16 14:00:00+00:00,7588.9024,VALID,4.535424000000001,VALID,Warning,WARN: High flow rate detected (Flood risk)
2026-03-16 15:00:00+00:00,7588.9024,VALID,4.5384720000000005,VALID,Warning,WARN: High flow rate detected (Flood risk)
2026-03-16 16:00:00+00:00,7560.5856,VALID,4.523232,VALID,Warning,WARN: High flow rate detected (Flood risk)
2026-03-16 17:00:00+00:00,7546.4272,VALID,4.5095160000000005,VALID,Warning,WARN: High flow rate detected (Flood risk)
2026-03-16 18:00:00+00:00,7560.5856,VALID,4.512564,VALID,Warning,WARN: High flow rate detected (Flood risk)
2026-03-16 19:00:00+00:00,7532.2688,VALID,4.492751999999999,VALID,Warning,WARN: High flow rate detected (Flood risk)
2026-03-16 20:00:00+00:00,7503.952,VALID,4.474464,VALID,Warning,WARN: High flow rate detected (Flood risk)
2026-03-16 21:00:00+00:00,7489.7936,VALID,4.456176000000001,VALID,Warning,WARN: High flow rate detected (Flood risk)
2026-03-16 22:00:00+00:00,7447.3184,VALID,4.431792,VALID,Warning,WARN: High flow rate detected (Flood risk)
2026-03-16 23:00:00+00:00,7447.3184,VALID,4.422648000000001,VALID,Warning,WARN: High flow rate detected (Flood risk)
2026-03-17 00:00:00+00:00,7433.16,VALID,4.416552000000001,VALID,Warning,WARN: High flow rate detected (Flood risk)
2026-03-17 01:00:00+00:00,7419.0016,VALID,4.398264,VALID,Warning,WARN: High flow rate detected (Flood risk)
2026-03-17 02:00:00+00:00,7419.0016,VALID,4.399788,VALID,Warning,WARN: High flow rate detected (Flood risk)
2026-03-17 03:00:00+00:00,7404.843199999999,VALID,4.387596,VALID,Warning,WARN: High flow rate detected (Flood risk)
2026-03-17 04:00:00+00:00,7390.6848,VALID,4.375404,VALID,Warning,WARN: High flow rate detected (Flood risk)
2026-03-17 05:00:00+00:00,7362.3679999999995,VALID,4.354068,VALID,Warning,WARN: High flow rate detected (Flood risk)
2026-03-17 06:00:00+00:00,7362.3679999999995,VALID,4.341876,VALID,Warning,WARN: High flow rate detected (Flood risk)
2026-03-17 07:00:00+00:00,7334.0512,VALID,4.331208,VALID,Warning,WARN: High flow rate detected (Flood risk)
2026-03-17 08:00:00+00:00,7334.0512,VALID,4.322064,VALID,Warning,WARN: High flow rate detected (Flood risk)
2026-03-17 09:00:00+00:00,7291.576,VALID,4.29768,VALID,Warning,WARN: High flow rate detected (Flood risk)
2026-03-17 10:00:00+00:00,7277.4176,VALID,4.291584,VALID,Warning,WARN: High flow rate detected (Flood risk)
2026-03-17 11:00:00+00:00,7263.2592,VALID,4.268724000000001,VALID,Warning,WARN: High flow rate detected (Flood risk)
2026-03-17 12:00:00+00:00,7249.1008,VALID,4.248912,VALID,Warning,WARN: High flow rate detected (Flood risk)
2026-03-17 13:00:00+00:00,7220.784,VALID,4.23672,VALID,Warning,WARN: High flow rate detected (Flood risk)
2026-03-17 14:00:00+00:00,7192.4672,VALID,4.209288000000001,VALID,Warning,WARN: High flow rate detected (Flood risk)
2026-03-17 15:00:00+00:00,7178.3088,VALID,4.200144,VALID,Warning,WARN: High flow rate detected (Flood risk)
2026-03-17 16:00:00+00:00,7164.1503999999995,VALID,4.186428,VALID,Warning,WARN: High flow rate detected (Flood risk)
2026-03-17 17:00:00+00:00,7135.8336,VALID,4.165092,VALID,Warning,WARN: High flow rate detected (Flood risk)
2026-03-17 18:00:00+00:00,7135.8336,VALID,4.155948,VALID,Warning,WARN: High flow rate detected (Flood risk)
2026-03-17 19:00:00+00:00,7107.5168,VALID,4.139184,VALID,Warning,WARN: High flow rate detected (Flood risk)
2026-03-17 20:00:00+00:00,7079.2,VALID,4.113276000000001,VALID,Warning,WARN: High flow rate detected (Flood risk)
2026-03-17 21:00:00+00:00,7050.8832,VALID,4.090416,VALID,Warning,WARN: High flow rate detected (Flood risk)
2026-03-17 22:00:00+00:00,7036.7248,VALID,4.075176,VALID,Warning,WARN: High flow rate detected (Flood risk)
2026-03-17 23:00:00+00:00,7008.407999999999,VALID,4.05384,VALID,Warning,WARN: High flow rate detected (Flood risk)
2026-03-18 00:00:00+00:00,6994.2496,VALID,4.035552,VALID,Warning,WARN: High flow rate detected (Flood risk)
2026-03-18 01:00:00+00:00,6965.9328,VALID,4.014216,VALID,Warning,WARN: High flow rate detected (Flood risk)
2026-03-18 02:00:00+00:00,6965.9328,VALID,4.014215999999999,VALID,Warning,WARN: High flow rate detected (Flood risk)
2026-03-18 03:00:00+00:00,6937.616,VALID,4.005072,VALID,Warning,WARN: High flow rate detected (Flood risk)
2026-03-18 04:00:00+00:00,6923.4576,VALID,3.9745920000000003,VALID,Warning,WARN: High flow rate detected (Flood risk)
2026-03-18 05:00:00+00:00,6909.2991999999995,VALID,3.9624,VALID,Warning,WARN: High flow rate detected (Flood risk)
2026-03-18 06:00:00+00:00,6880.9824,VALID,3.9547800000000004,VALID,Warning,WARN: High flow rate detected (Flood risk)
2026-03-18 07:00:00+00:00,6880.9824,VALID,3.945636,VALID,Warning,WARN: High flow rate detected (Flood risk)
2026-03-18 08:00:00+00:00,6880.9824,VALID,3.941064,VALID,Warning,WARN: High flow rate detected (Flood risk)
2026-03-18 09:00:00+00:00,6852.6656,VALID,3.9258240000000004,VALID,Warning,WARN: High flow rate detected (Flood risk)
2026-03-18 10:00:00+00:00,6852.6656,VALID,3.921252,VALID,Warning,WARN: High flow rate detected (Flood risk)
2026-03-18 11:00:00+00:00,6824.3488,VALID,3.904488,VALID,Warning,WARN: High flow rate detected (Flood risk)
2026-03-18 12:00:00+00:00,6838.5072,VALID,3.907536,VALID,Warning,WARN: High flow rate detected (Flood risk)
2026-03-18 13:00:00+00:00,6838.5072,VALID,3.9075360000000003,VALID,Warning,WARN: High flow rate detected (Flood risk)
2026-03-18 14:00:00+00:00,6824.3488,VALID,3.8968680000000004,VALID,Warning,WARN: High flow rate detected (Flood risk)
2026-03-18 15:00:00+00:00,6824.3488,VALID,3.8862,VALID,Warning,WARN: High flow rate detected (Flood risk)
2026-03-18 16:00:00+00:00,6810.1903999999995,VALID,3.8785800000000004,VALID,Warning,WARN: High flow rate detected (Flood risk)
2026-03-18 17:00:00+00:00,6796.032,VALID,3.8785800000000004,VALID,Warning,WARN: High flow rate detected (Flood risk)
2026-03-18 18:00:00+00:00,6796.032,VALID,3.866388,VALID,Warning,WARN: High flow rate detected (Flood risk)
2026-03-18 19:00:00+00:00,6781.8736,VALID,3.854196,VALID,Warning,WARN: High flow rate detected (Flood risk)
2026-03-18 20:00:00+00:00,6767.7152,VALID,3.8481000000000005,VALID,Warning,WARN: High flow rate detected (Flood risk)
2026-03-18 21:00:00+00:00,6767.7152,VALID,3.852672,VALID,Warning,WARN: High flow rate detected (Flood risk)
2026-03-18 22:00:00+00:00,6767.7152,VALID,3.8496240000000004,VALID,Warning,WARN: High flow rate detected (Flood risk)
2026-03-18 23:00:00+00:00,6767.7152,VALID,3.843528,VALID,Warning,WARN: High flow rate detected (Flood risk)
2026-03-19 00:00:00+00:00,6767.7152,VALID,3.843528,VALID,Warning,WARN: High flow rate detected (Flood risk)
2026-03-19 01:00:00+00:00,6753.5568,VALID,3.835908,VALID,Warning,WARN: High flow rate detected (Flood risk)
2026-03-19 02:00:00+00:00,6767.7152,VALID,3.838956,VALID,Warning,WARN: High flow rate detected (Flood risk)
2026-03-19 03:00:00+00:00,6739.3984,VALID,3.8313360000000003,VALID,Warning,WARN: High flow rate detected (Flood risk)
2026-03-19 04:00:00+00:00,6739.3984,VALID,3.8298120000000004,VALID,Warning,WARN: High flow rate detected (Flood risk)
2026-03-19 05:00:00+00:00,6739.3984,VALID,3.820668,VALID,Warning,WARN: High flow rate detected (Flood risk)
2026-03-19 06:00:00+00:00,6739.3984,VALID,3.8313360000000003,VALID,Warning,WARN: High flow rate detected (Flood risk)
2026-03-19 07:00:00+00:00,6739.3984,VALID,3.8313360000000003,VALID,Warning,WARN: High flow rate detected (Flood risk)
2026-03-19 08:00:00+00:00,6739.3984,VALID,3.8282879999999997,VALID,Warning,WARN: High flow rate detected (Flood risk)
2026-03-19 09:00:00+00:00,6739.3984,VALID,3.82524,VALID,Warning,WARN: High flow rate detected (Flood risk)
2026-03-19 10:00:00+00:00,6739.3984,VALID,3.8282879999999997,VALID,Warning,WARN: High flow rate detected (Flood risk)
2026-03-19 11:00:00+00:00,6739.3984,VALID,3.8313360000000003,VALID,Warning,WARN: High flow rate detected (Flood risk)
2026-03-19 12:00:00+00:00,6753.5568,VALID,3.829812,VALID,Warning,WARN: High flow rate detected (Flood risk)
2026-03-19 13:00:00+00:00,6739.3984,VALID,3.822192,VALID,Warning,WARN: High flow rate detected (Flood risk)
2026-03-19 14:00:00+00:00,6739.3984,VALID,3.826764,VALID,Warning,WARN: High flow rate detected (Flood risk)
2026-03-19 15:00:00+00:00,6739.3984,VALID,3.8298120000000004,VALID,Warning,WARN: High flow rate detected (Flood risk)
2026-03-19 16:00:00+00:00,6739.3984,VALID,3.8206680000000004,VALID,Warning,WARN: High flow rate detected (Flood risk)
2026-03-19 17:00:00+00:00,6739.3984,VALID,3.81762,VALID,Warning,WARN: High flow rate detected (Flood risk)
2026-03-19 18:00:00+00:00,6739.3984,VALID,3.816096,VALID,Warning,WARN: High flow rate detected (Flood risk)
2026-03-19 19:00:00+00:00,6739.3984,VALID,3.813048,VALID,Warning,WARN: High flow rate detected (Flood risk)
2026-03-19 20:00:00+00:00,6711.0815999999995,VALID,3.8008560000000005,VALID,Warning,WARN: High flow rate detected (Flood risk)
2026-03-19 21:00:00+00:00,6711.0815999999995,VALID,3.79476,VALID,Warning,WARN: High flow rate detected (Flood risk)
2026-03-19 22:00:00+00:00,6711.0815999999995,VALID,3.79476,VALID,Warning,WARN: High flow rate detected (Flood risk)
2026-03-19 23:00:00+00:00,6711.0815999999995,VALID,3.7978080000000003,VALID,Warning,WARN: High flow rate detected (Flood risk)
2026-03-20 00:00:00+00:00,6711.0815999999995,VALID,3.790188,VALID,Warning,WARN: High flow rate detected (Flood risk)
2026-03-20 01:00:00+00:00,6696.923199999999,VALID,3.78714,VALID,Warning,WARN: High flow rate detected (Flood risk)
2026-03-20 02:00:00+00:00,6682.7648,VALID,3.785616,VALID,Warning,WARN: High flow rate detected (Flood risk)
2026-03-20 03:00:00+00:00,6682.7648,VALID,3.7825680000000004,VALID,Warning,WARN: High flow rate detected (Flood risk)
2026-03-20 04:00:00+00:00,6682.7648,VALID,3.7734240000000003,VALID,Warning,WARN: High flow rate detected (Flood risk)
2026-03-20 05:00:00+00:00,6654.448,VALID,3.7581840000000004,VALID,Warning,WARN: High flow rate detected (Flood risk)
2026-03-20 06:00:00+00:00,6654.448,VALID,3.7581840000000004,VALID,Warning,WARN: High flow rate detected (Flood risk)
2026-03-20 07:00:00+00:00,6654.448,VALID,3.7551360000000003,VALID,Warning,WARN: High flow rate detected (Flood risk)
2026-03-20 08:00:00+00:00,6654.448,VALID,3.7520880000000005,VALID,Warning,WARN: High flow rate detected (Flood risk)
2026-03-20 09:00:00+00:00,6654.448,VALID,3.744468,VALID,Warning,WARN: High flow rate detected (Flood risk)
2026-03-20 10:00:00+00:00,6654.448,VALID,3.7490400000000004,VALID,Warning,WARN: High flow rate detected (Flood risk)
2026-03-20 11:00:00+00:00,6654.448,VALID,3.738372,VALID,Warning,WARN: High flow rate detected (Flood risk)
2026-03-20 13:00:00+00:00,6626.1312,VALID,3.727704,VALID,Warning,WARN: High flow rate detected (Flood risk)
2026-03-20 14:00:00+00:00,6626.1312,VALID,3.71856,VALID,Warning,WARN: High flow rate detected (Flood risk)
2026-03-20 15:00:00+00:00,6611.9728,VALID,3.7124639999999998,VALID,Warning,WARN: High flow rate detected (Flood risk)
2026-03-20 16:00:00+00:00,6611.9728,VALID,3.71094,VALID,Warning,WARN: High flow rate detected (Flood risk)
2026-03-20 17:00:00+00:00,6597.8144,VALID,3.7002720000000004,VALID,Warning,WARN: High flow rate detected (Flood risk)
2026-03-20 18:00:00+00:00,6583.656,VALID,3.6865560000000004,VALID,Warning,WARN: High flow rate detected (Flood risk)
2026-03-20 19:00:00+00:00,6583.656,VALID,3.681984,VALID,Warning,WARN: High flow rate detected (Flood risk)
2026-03-20 20:00:00+00:00,6569.4976,VALID,3.6743639999999997,VALID,Warning,WARN: High flow rate detected (Flood risk)
2026-03-20 21:00:00+00:00,6569.4976,VALID,3.6652199999999997,VALID,Warning,WARN: High flow rate detected (Flood risk)
2026-03-20 22:00:00+00:00,6541.1808,VALID,3.6499800000000002,VALID,Warning,WARN: High flow rate detected (Flood risk)
2026-03-20 23:00:00+00:00,6512.864,VALID,3.633216,VALID,Warning,WARN: High flow rate detected (Flood risk)
2026-03-21 00:00:00+00:00,6484.547199999999,VALID,3.6012120000000003,VALID,Warning,WARN: High flow rate detected (Flood risk)
2026-03-21 01:00:00+00:00,6442.072,VALID,3.5539680000000002,VALID,Warning,WARN: High flow rate detected (Flood risk)
2026-03-21 02:00:00+00:00,6413.7552,VALID,3.5341560000000003,VALID,Warning,WARN: High flow rate detected (Flood risk)
2026-03-21 03:00:00+00:00,6399.5968,VALID,3.518916,VALID,Warning,WARN: High flow rate detected (Flood risk)
2026-03-21 04:00:00+00:00,6357.1216,VALID,3.483864,VALID,Warning,WARN: High flow rate detected (Flood risk)
2026-03-21 05:00:00+00:00,6342.9632,VALID,3.4655760000000004,VALID,Warning,WARN: High flow rate detected (Flood risk)
2026-03-21 06:00:00+00:00,6314.6464,VALID,3.448812,VALID,Warning,WARN: High flow rate detected (Flood risk)
2026-03-21 07:00:00+00:00,6286.3296,VALID,3.422904,VALID,Warning,WARN: High flow rate detected (Flood risk)
2026-03-21 08:00:00+00:00,6286.3296,VALID,3.41376,VALID,Warning,WARN: High flow rate detected (Flood risk)
2026-03-21 09:00:00+00:00,6272.1712,VALID,3.4046160000000003,VALID,Warning,WARN: High flow rate detected (Flood risk)
2026-03-21 10:00:00+00:00,6258.0127999999995,VALID,3.38328,VALID,Warning,WARN: High flow rate detected (Flood risk)
2026-03-21 11:00:00+00:00,6229.696,VALID,3.3680400000000006,VALID,Warning,WARN: High flow rate detected (Flood risk)
2026-03-21 12:00:00+00:00,6215.5376,VALID,3.354324,VALID,Warning,WARN: High flow rate detected (Flood risk)
2026-03-21 13:00:00+00:00,6201.3792,VALID,3.340608,VALID,Warning,WARN: High flow rate detected (Flood risk)
2026-03-21 14:00:00+00:00,6173.0624,VALID,3.3223200000000004,VALID,Warning,WARN: High flow rate detected (Flood risk)
2026-03-21 15:00:00+00:00,6173.0624,VALID,3.3223200000000004,VALID,Warning,WARN: High flow rate detected (Flood risk)
2026-03-21 16:00:00+00:00,6158.904,VALID,3.305556,VALID,Warning,WARN: High flow rate detected (Flood risk)
2026-03-21 18:00:00+00:00,6144.7456,VALID,3.2857439999999998,VALID,Warning,WARN: High flow rate detected (Flood risk)
2026-03-21 20:00:00+00:00,6102.270399999999,VALID,3.252216,VALID,Warning,WARN: High flow rate detected (Flood risk)
2026-03-21 21:00:00+00:00,6059.7952,VALID,3.2217360000000004,VALID,Warning,WARN: High flow rate detected (Flood risk)
2026-03-21 22:00:00+00:00,6017.32,VALID,3.183636,VALID,Warning,WARN: High flow rate detected (Flood risk)
2026-03-21 23:00:00+00:00,6003.1616,VALID,3.156204,VALID,Warning,WARN: High flow rate detected (Flood risk)
2026-03-22 00:00:00+00:00,5960.6864000000005,VALID,3.125724,VALID,Warning,WARN: High flow rate detected (Flood risk)
2026-03-22 01:00:00+00:00,5918.2112,VALID,3.0861,VALID,Warning,WARN: High flow rate detected (Flood risk)
2026-03-22 02:00:00+00:00,5904.0527999999995,VALID,3.072384,VALID,Warning,WARN: High flow rate detected (Flood risk)
2026-03-22 03:00:00+00:00,5861.5776,VALID,3.0342840000000004,VALID,Warning,WARN: High flow rate detected (Flood risk)
2026-03-22 04:00:00+00:00,5847.4192,VALID,3.014472,VALID,Warning,WARN: High flow rate detected (Flood risk)
2026-03-22 05:00:00+00:00,5833.2608,VALID,2.99466,VALID,Warning,WARN: High flow rate detected (Flood risk)
2026-03-22 06:00:00+00:00,5790.785599999999,VALID,2.9687520000000003,VALID,Warning,WARN: High flow rate detected (Flood risk)
2026-03-22 07:00:00+00:00,5790.785599999999,VALID,2.9580840000000004,VALID,Warning,WARN: High flow rate detected (Flood risk)
2026-03-22 08:00:00+00:00,5748.3104,VALID,2.927604,VALID,Warning,WARN: High flow rate detected (Flood risk)
2026-03-22 09:00:00+00:00,5762.468800000001,VALID,2.932176,VALID,Warning,WARN: High flow rate detected (Flood risk)
2026-03-22 10:00:00+00:00,5734.152,VALID,2.913888,VALID,Warning,WARN: High flow rate detected (Flood risk)
2026-03-22 11:00:00+00:00,5734.152,VALID,2.9062680000000003,VALID,Warning,WARN: High flow rate detected (Flood risk)
2026-03-22 12:00:00+00:00,5705.8351999999995,VALID,2.8879799999999998,VALID,Warning,WARN: High flow rate detected (Flood risk)
2026-03-22 13:00:00+00:00,5705.8351999999995,VALID,2.88036,VALID,Warning,WARN: High flow rate detected (Flood risk)
2026-03-22 14:00:00+00:00,5691.6768,VALID,2.86512,VALID,Warning,WARN: High flow rate detected (Flood risk)
2026-03-22 15:00:00+00:00,5691.6768,VALID,2.869692,VALID,Warning,WARN: High flow rate detected (Flood risk)
2026-03-22 16:00:00+00:00,5663.36,VALID,2.8529280000000004,VALID,Warning,WARN: High flow rate detected (Flood risk)
2026-03-22 17:00:00+00:00,5663.36,VALID,2.851404,VALID,Warning,WARN: High flow rate detected (Flood risk)
2026-03-22 18:00:00+00:00,5663.36,VALID,2.837688,VALID,Warning,WARN: High flow rate detected (Flood risk)
2026-03-22 19:00:00+00:00,5649.2016,VALID,2.82702,VALID,Warning,WARN: High flow rate detected (Flood risk)
2026-03-22 20:00:00+00:00,5635.0432,VALID,2.817876,VALID,Warning,WARN: High flow rate detected (Flood risk)
2026-03-22 21:00:00+00:00,5620.8848,VALID,2.7934920000000005,VALID,Warning,WARN: High flow rate detected (Flood risk)
2026-03-22 22:00:00+00:00,5592.567999999999,VALID,2.770632,VALID,Warning,WARN: High flow rate detected (Flood risk)
2026-03-22 23:00:00+00:00,5550.0928,VALID,2.7355800000000006,VALID,Warning,WARN: High flow rate detected (Flood risk)
2026-03-23 00:00:00+00:00,5507.6176,VALID,2.6990040000000004,VALID,Warning,WARN: High flow rate detected (Flood risk)
2026-03-23 01:00:00+00:00,5493.4592,VALID,2.6791920000000005,VALID,Warning,WARN: High flow rate detected (Flood risk)
2026-03-23 02:00:00+00:00,5465.1424,VALID,2.6517600000000003,VALID,Warning,WARN: High flow rate detected (Flood risk)
2026-03-23 03:00:00+00:00,5450.984,VALID,2.64414,VALID,Warning,WARN: High flow rate detected (Flood risk)
2026-03-23 04:00:00+00:00,5436.8256,VALID,2.6212799999999996,VALID,Warning,WARN: High flow rate detected (Flood risk)
2026-03-23 05:00:00+00:00,5408.5088,VALID,2.59842,VALID,Warning,WARN: High flow rate detected (Flood risk)
2026-03-23 06:00:00+00:00,5394.350399999999,VALID,2.586228,VALID,Warning,WARN: High flow rate detected (Flood risk)
2026-03-23 07:00:00+00:00,5394.350399999999,VALID,2.586228,VALID,Warning,WARN: High flow rate detected (Flood risk)
2026-03-23 08:00:00+00:00,5380.192,VALID,2.5755600000000003,VALID,Warning,WARN: High flow rate detected (Flood risk)
2026-03-23 09:00:00+00:00,5380.192,VALID,2.558796,VALID,Warning,WARN: High flow rate detected (Flood risk)
2026-03-23 10:00:00+00:00,5351.8751999999995,VALID,2.5527,VALID,Warning,WARN: High flow rate detected (Flood risk)
2026-03-23 11:00:00+00:00,5366.0336,VALID,2.554224,VALID,Warning,WARN: High flow rate detected (Flood risk)
2026-03-23 12:00:00+00:00,5351.8751999999995,VALID,2.543556,VALID,Warning,WARN: High flow rate detected (Flood risk)
2026-03-23 13:00:00+00:00,5351.8751999999995,VALID,2.543556,VALID,Warning,WARN: High flow rate detected (Flood risk)
2026-03-23 14:00:00+00:00,5351.8751999999995,VALID,2.540508,VALID,Warning,WARN: High flow rate detected (Flood risk)
2026-03-23 15:00:00+00:00,5351.8751999999995,VALID,2.531364,VALID,Warning,WARN: High flow rate detected (Flood risk)
2026-03-23 16:00:00+00:00,5351.8751999999995,VALID,2.548128,VALID,Warning,WARN: High flow rate detected (Flood risk)
2026-03-23 17:00:00+00:00,5351.8751999999995,VALID,2.538984,VALID,Warning,WARN: High flow rate detected (Flood risk)
2026-03-23 18:00:00+00:00,5351.8751999999995,VALID,2.549652,VALID,Warning,WARN: High flow rate detected (Flood risk)
2026-03-23 19:00:00+00:00,5351.8751999999995,VALID,2.549652,VALID,Warning,WARN: High flow rate detected (Flood risk)
2026-03-23 20:00:00+00:00,5351.8751999999995,VALID,2.54508,VALID,Warning,WARN: High flow rate detected (Flood risk)
2026-03-23 21:00:00+00:00,5337.7168,VALID,2.5267920000000004,VALID,Warning,WARN: High flow rate detected (Flood risk)
2026-03-23 22:00:00+00:00,5323.5584,VALID,2.5252679999999996,VALID,Warning,WARN: High flow rate detected (Flood risk)
2026-03-23 23:00:00+00:00,5323.5584,VALID,2.52222,VALID,Warning,WARN: High flow rate detected (Flood risk)
2026-03-24 00:00:00+00:00,5309.4,VALID,2.5054560000000006,VALID,Warning,WARN: High flow rate detected (Flood risk)
2026-03-24 01:00:00+00:00,5309.4,VALID,2.500884,VALID,Warning,WARN: High flow rate detected (Flood risk)
2026-03-24 02:00:00+00:00,5309.4,VALID,2.502408,VALID,Warning,WARN: High flow rate detected (Flood risk)
2026-03-24 03:00:00+00:00,5295.2416,VALID,2.494788,VALID,Warning,WARN: High flow rate detected (Flood risk)
2026-03-24 04:00:00+00:00,5295.2416,VALID,2.485644,VALID,Warning,WARN: High flow rate detected (Flood risk)
2026-03-24 05:00:00+00:00,5281.0832,VALID,2.48412,VALID,Warning,WARN: High flow rate detected (Flood risk)
2026-03-24 06:00:00+00:00,5266.9248,VALID,2.4765,VALID,Warning,WARN: High flow rate detected (Flood risk)
2026-03-24 07:00:00+00:00,5281.0832,VALID,2.4795480000000003,VALID,Warning,WARN: High flow rate detected (Flood risk)
2026-03-24 08:00:00+00:00,5266.9248,VALID,2.474976,VALID,Warning,WARN: High flow rate detected (Flood risk)
2026-03-24 09:00:00+00:00,5266.9248,VALID,2.462784,VALID,Warning,WARN: High flow rate detected (Flood risk)
2026-03-24 10:00:00+00:00,5252.7664,VALID,2.455164,VALID,Warning,WARN: High flow rate detected (Flood risk)
2026-03-24 11:00:00+00:00,5266.9248,VALID,2.4597360000000004,VALID,Warning,WARN: High flow rate detected (Flood risk)
2026-03-24 12:00:00+00:00,5238.608,VALID,2.44602,VALID,Warning,WARN: High flow rate detected (Flood risk)
2026-03-24 13:00:00+00:00,5238.608,VALID,2.4384,VALID,Warning,WARN: High flow rate detected (Flood risk)
2026-03-24 14:00:00+00:00,5238.608,VALID,2.4384,VALID,Warning,WARN: High flow rate detected (Flood risk)
2026-03-24 15:00:00+00:00,5224.4496,VALID,2.4323040000000002,VALID,Warning,WARN: High flow rate detected (Flood risk)
2026-03-24 16:00:00+00:00,5210.2912,VALID,2.424684,VALID,Warning,WARN: High flow rate detected (Flood risk)
2026-03-24 17:00:00+00:00,5210.2912,VALID,2.4216360000000003,VALID,Warning,WARN: High flow rate detected (Flood risk)
2026-03-24 18:00:00+00:00,5210.2912,VALID,2.420112,VALID,Warning,WARN: High flow rate detected (Flood risk)
2026-03-24 19:00:00+00:00,5210.2912,VALID,2.420112,VALID,Warning,WARN: High flow rate detected (Flood risk)
2026-03-24 20:00:00+00:00,5210.2912,VALID,2.4216360000000003,VALID,Warning,WARN: High flow rate detected (Flood risk)
2026-03-24 21:00:00+00:00,5196.132799999999,VALID,2.414016,VALID,Warning,WARN: High flow rate detected (Flood risk)
2026-03-24 22:00:00+00:00,5196.132799999999,VALID,2.409444,VALID,Warning,WARN: High flow rate detected (Flood risk)
2026-03-24 23:00:00+00:00,5167.816,VALID,2.388108,VALID,Warning,WARN: High flow rate detected (Flood risk)
2026-03-25 00:00:00+00:00,5125.3408,VALID,2.3545800000000003,VALID,Warning,WARN: High flow rate detected (Flood risk)
2026-03-25 01:00:00+00:00,5082.8656,VALID,2.311908,VALID,Warning,WARN: High flow rate detected (Flood risk)
2026-03-25 02:00:00+00:00,5054.5488000000005,VALID,2.2875240000000003,VALID,Warning,WARN: High flow rate detected (Flood risk)
2026-03-25 03:00:00+00:00,5026.232,VALID,2.252472,VALID,Warning,WARN: High flow rate detected (Flood risk)
2026-03-25 04:00:00+00:00,4997.9151999999995,VALID,2.229612,VALID,Warning,WARN: High flow rate detected (Flood risk)
2026-03-25 05:00:00+00:00,4983.756799999999,VALID,2.208276,VALID,Warning,WARN: High flow rate detected (Flood risk)
2026-03-25 06:00:00+00:00,4941.2816,VALID,2.174748,VALID,Warning,WARN: High flow rate detected (Flood risk)
2026-03-25 07:00:00+00:00,4927.1232,VALID,2.159508,VALID,Warning,WARN: High flow rate detected (Flood risk)
2026-03-25 08:00:00+00:00,4912.9648,VALID,2.144268,VALID,Warning,WARN: High flow rate detected (Flood risk)
2026-03-25 09:00:00+00:00,4898.8063999999995,VALID,2.1351240000000002,VALID,Warning,WARN: High flow rate detected (Flood risk)
2026-03-25 10:00:00+00:00,4884.647999999999,VALID,2.1244560000000003,VALID,Warning,WARN: High flow rate detected (Flood risk)
2026-03-25 11:00:00+00:00,4870.4896,VALID,2.107692,VALID,Warning,WARN: High flow rate detected (Flood risk)
2026-03-25 12:00:00+00:00,4870.4896,VALID,2.10312,VALID,Warning,WARN: High flow rate detected (Flood risk)
2026-03-25 14:00:00+00:00,4842.1728,VALID,2.0909280000000003,VALID,Warning,WARN: High flow rate detected (Flood risk)
2026-03-25 15:00:00+00:00,4842.1728,VALID,2.08026,VALID,Warning,WARN: High flow rate detected (Flood risk)
2026-03-25 16:00:00+00:00,4842.1728,VALID,2.0817840000000003,VALID,Warning,WARN: High flow rate detected (Flood risk)
2026-03-25 17:00:00+00:00,4842.1728,VALID,2.0817840000000003,VALID,Warning,WARN: High flow rate detected (Flood risk)
2026-03-25 18:00:00+00:00,4842.1728,VALID,2.0756880000000004,VALID,Warning,WARN: High flow rate detected (Flood risk)
2026-03-25 19:00:00+00:00,4842.1728,VALID,2.08788,VALID,Warning,WARN: High flow rate detected (Flood risk)
2026-03-25 20:00:00+00:00,4813.856,VALID,2.0665440000000004,VALID,Warning,WARN: High flow rate detected (Flood risk)
2026-03-25 21:00:00+00:00,4828.0144,VALID,2.06502,VALID,Warning,WARN: High flow rate detected (Flood risk)
2026-03-25 23:00:00+00:00,4813.856,VALID,2.0726400000000003,VALID,Warning,WARN: High flow rate detected (Flood risk)
2026-03-26 00:00:00+00:00,4813.856,VALID,2.0665440000000004,VALID,Warning,WARN: High flow rate detected (Flood risk)
2026-03-26 01:00:00+00:00,4813.856,VALID,2.0665440000000004,VALID,Warning,WARN: High flow rate detected (Flood risk)
2026-03-26 02:00:00+00:00,4813.856,VALID,2.060448,VALID,Warning,WARN: High flow rate detected (Flood risk)
2026-03-26 03:00:00+00:00,4813.856,VALID,2.055876,VALID,Warning,WARN: High flow rate detected (Flood risk)
2026-03-26 04:00:00+00:00,4813.856,VALID,2.055876,VALID,Warning,WARN: High flow rate detected (Flood risk)
2026-03-26 05:00:00+00:00,4799.6975999999995,VALID,2.0482560000000003,VALID,Warning,WARN: High flow rate detected (Flood risk)
2026-03-26 06:00:00+00:00,4813.856,VALID,2.0543519999999997,VALID,Warning,WARN: High flow rate detected (Flood risk)
2026-03-26 07:00:00+00:00,4799.6975999999995,VALID,2.0482560000000003,VALID,Warning,WARN: High flow rate detected (Flood risk)
2026-03-26 08:00:00+00:00,4785.5392,VALID,2.04216,VALID,Warning,WARN: High flow rate detected (Flood risk)
2026-03-26 09:00:00+00:00,4813.856,VALID,2.0574,VALID,Warning,WARN: High flow rate detected (Flood risk)
2026-03-26 10:00:00+00:00,4799.6975999999995,VALID,2.04978,VALID,Warning,WARN: High flow rate detected (Flood risk)
2026-03-26 11:00:00+00:00,4799.6975999999995,VALID,2.051304,VALID,Warning,WARN: High flow rate detected (Flood risk)
2026-03-26 12:00:00+00:00,4785.5392,VALID,2.045208,VALID,Warning,WARN: High flow rate detected (Flood risk)
2026-03-26 13:00:00+00:00,4785.5392,VALID,2.04216,VALID,Warning,WARN: High flow rate detected (Flood risk)
2026-03-26 14:00:00+00:00,4785.5392,VALID,2.043684,VALID,Warning,WARN: High flow rate detected (Flood risk)
2026-03-26 15:00:00+00:00,4799.6975999999995,VALID,2.052828,VALID,Warning,WARN: High flow rate detected (Flood risk)
2026-03-26 16:00:00+00:00,4799.6975999999995,VALID,2.0574000000000003,VALID,Warning,WARN: High flow rate detected (Flood risk)
2026-03-26 17:00:00+00:00,4813.856,VALID,2.0574,VALID,Warning,WARN: High flow rate detected (Flood risk)
2026-03-26 18:00:00+00:00,4799.6975999999995,VALID,2.055876,VALID,Warning,WARN: High flow rate detected (Flood risk)
2026-03-26 19:00:00+00:00,4813.856,VALID,2.0756880000000004,VALID,Warning,WARN: High flow rate detected (Flood risk)
2026-03-26 20:00:00+00:00,4813.856,VALID,2.074164,VALID,Warning,WARN: High flow rate detected (Flood risk)
2026-03-26 21:00:00+00:00,4842.1728,VALID,2.0955000000000004,VALID,Warning,WARN: High flow rate detected (Flood risk)
2026-03-26 22:00:00+00:00,4842.1728,VALID,2.100072,VALID,Warning,WARN: High flow rate detected (Flood risk)
2026-03-26 23:00:00+00:00,4842.1728,VALID,2.093976,VALID,Warning,WARN: High flow rate detected (Flood risk)
2026-03-27 01:00:00+00:00,4842.1728,VALID,2.1046440000000004,VALID,Warning,WARN: High flow rate detected (Flood risk)
2026-03-27 02:00:00+00:00,4842.1728,VALID,2.112264,VALID,Warning,WARN: High flow rate detected (Flood risk)
2026-03-27 03:00:00+00:00,4842.1728,VALID,2.109216,VALID,Warning,WARN: High flow rate detected (Flood risk)
2026-03-27 04:00:00+00:00,4856.3312000000005,VALID,2.112264,VALID,Warning,WARN: High flow rate detected (Flood risk)
2026-03-27 05:00:00+00:00,4856.3312000000005,VALID,2.112264,VALID,Warning,WARN: High flow rate detected (Flood risk)
2026-03-27 06:00:00+00:00,4842.1728,VALID,2.1031200000000005,VALID,Warning,WARN: High flow rate detected (Flood risk)
2026-03-27 07:00:00+00:00,4828.0144,VALID,2.089404,VALID,Warning,WARN: High flow rate detected (Flood risk)
2026-03-27 08:00:00+00:00,4842.1728,VALID,2.0939760000000005,VALID,Warning,WARN: High flow rate detected (Flood risk)
2026-03-27 09:00:00+00:00,4842.1728,VALID,2.0955000000000004,VALID,Warning,WARN: High flow rate detected (Flood risk)
2026-03-27 10:00:00+00:00,4842.1728,VALID,2.098548,VALID,Warning,WARN: High flow rate detected (Flood risk)
2026-03-27 11:00:00+00:00,4842.1728,VALID,2.10312,VALID,Warning,WARN: High flow rate detected (Flood risk)
2026-03-27 12:00:00+00:00,4842.1728,VALID,2.0955000000000004,VALID,Warning,WARN: High flow rate detected (Flood risk)
2026-03-27 13:00:00+00:00,4842.1728,VALID,2.1015960000000002,VALID,Warning,WARN: High flow rate detected (Flood risk)
2026-03-27 14:00:00+00:00,4842.1728,VALID,2.100072,VALID,Warning,WARN: High flow rate detected (Flood risk)
2026-03-27 15:00:00+00:00,4828.0144,VALID,2.092452,VALID,Warning,WARN: High flow rate detected (Flood risk)
2026-03-27 16:00:00+00:00,4828.0144,VALID,2.089404,VALID,Warning,WARN: High flow rate detected (Flood risk)
2026-03-27 17:00:00+00:00,4813.856,VALID,2.083308,VALID,Warning,WARN: High flow rate detected (Flood risk)
2026-03-27 18:00:00+00:00,4828.0144,VALID,2.090928,VALID,Warning,WARN: High flow rate detected (Flood risk)
2026-03-27 19:00:00+00:00,4828.0144,VALID,2.090928,VALID,Warning,WARN: High flow rate detected (Flood risk)
2026-03-27 20:00:00+00:00,4813.856,VALID,2.08788,VALID,Warning,WARN: High flow rate detected (Flood risk)
2026-03-27 21:00:00+00:00,4813.856,VALID,2.081784,VALID,Warning,WARN: High flow rate detected (Flood risk)
2026-03-27 22:00:00+00:00,4828.0144,VALID,2.089404,VALID,Warning,WARN: High flow rate detected (Flood risk)
2026-03-27 23:00:00+00:00,4842.1728,VALID,2.109216,VALID,Warning,WARN: High flow rate detected (Flood risk)
2026-03-28 00:00:00+00:00,4884.647999999999,VALID,2.150364,VALID,Warning,WARN: High flow rate detected (Flood risk)
2026-03-28 01:00:00+00:00,4912.9648,VALID,2.1717000000000004,VALID,Warning,WARN: High flow rate detected (Flood risk)
2026-03-28 02:00:00+00:00,4941.2816,VALID,2.2098,VALID,Warning,WARN: High flow rate detected (Flood risk)
2026-03-28 03:00:00+00:00,4969.5984,VALID,2.23266,VALID,Warning,WARN: High flow rate detected (Flood risk)
2026-03-28 04:00:00+00:00,4997.9151999999995,VALID,2.2585680000000004,VALID,Warning,WARN: High flow rate detected (Flood risk)
2026-03-28 05:00:00+00:00,5012.0736,VALID,2.2768560000000004,VALID,Warning,WARN: High flow rate detected (Flood risk)
2026-03-28 06:00:00+00:00,5012.0736,VALID,2.286,VALID,Warning,WARN: High flow rate detected (Flood risk)
2026-03-28 07:00:00+00:00,5040.3904,VALID,2.3073360000000003,VALID,Warning,WARN: High flow rate detected (Flood risk)
2026-03-28 08:00:00+00:00,5054.5488000000005,VALID,2.319528,VALID,Warning,WARN: High flow rate detected (Flood risk)
2026-03-28 09:00:00+00:00,5068.7072,VALID,2.325624,VALID,Warning,WARN: High flow rate detected (Flood risk)
2026-03-28 10:00:00+00:00,5068.7072,VALID,2.333244,VALID,Warning,WARN: High flow rate detected (Flood risk)
2026-03-28 11:00:00+00:00,5068.7072,VALID,2.330196,VALID,Warning,WARN: High flow rate detected (Flood risk)
2026-03-28 12:00:00+00:00,5068.7072,VALID,2.3408640000000003,VALID,Warning,WARN: High flow rate detected (Flood risk)
2026-03-28 13:00:00+00:00,5068.7072,VALID,2.337816,VALID,Warning,WARN: High flow rate detected (Flood risk)
2026-03-28 14:00:00+00:00,5068.7072,VALID,2.33934,VALID,Warning,WARN: High flow rate detected (Flood risk)
2026-03-28 15:00:00+00:00,5068.7072,VALID,2.340864,VALID,Warning,WARN: High flow rate detected (Flood risk)
2026-03-28 16:00:00+00:00,5068.7072,VALID,2.3454360000000003,VALID,Warning,WARN: High flow rate detected (Flood risk)
2026-03-28 17:00:00+00:00,5082.8656,VALID,2.348484,VALID,Warning,WARN: High flow rate detected (Flood risk)
2026-03-28 18:00:00+00:00,5097.024,VALID,2.351532,VALID,Warning,WARN: High flow rate detected (Flood risk)
2026-03-28 19:00:00+00:00,5068.7072,VALID,2.3454360000000003,VALID,Warning,WARN: High flow rate detected (Flood risk)
2026-03-28 20:00:00+00:00,5068.7072,VALID,2.34696,VALID,Warning,WARN: High flow rate detected (Flood risk)
2026-03-28 21:00:00+00:00,5068.7072,VALID,2.3500080000000003,VALID,Warning,WARN: High flow rate detected (Flood risk)
2026-03-28 22:00:00+00:00,5082.8656,VALID,2.3515320000000006,VALID,Warning,WARN: High flow rate detected (Flood risk)
2026-03-28 23:00:00+00:00,5097.024,VALID,2.356104,VALID,Warning,WARN: High flow rate detected (Flood risk)
2026-03-29 00:00:00+00:00,5068.7072,VALID,2.34696,VALID,Warning,WARN: High flow rate detected (Flood risk)
2026-03-29 01:00:00+00:00,5068.7072,VALID,2.351532,VALID,Warning,WARN: High flow rate detected (Flood risk)
2026-03-29 02:00:00+00:00,5097.024,VALID,2.357628,VALID,Warning,WARN: High flow rate detected (Flood risk)
2026-03-29 03:00:00+00:00,5097.024,VALID,2.356104,VALID,Warning,WARN: High flow rate detected (Flood risk)
2026-03-29 04:00:00+00:00,5097.024,VALID,2.3622,VALID,Warning,WARN: High flow rate detected (Flood risk)
2026-03-29 05:00:00+00:00,5097.024,VALID,2.366772,VALID,Warning,WARN: High flow rate detected (Flood risk)
2026-03-29 06:00:00+00:00,5097.024,VALID,2.368296,VALID,Warning,WARN: High flow rate detected (Flood risk)
2026-03-29 07:00:00+00:00,5097.024,VALID,2.3743920000000003,VALID,Warning,WARN: High flow rate detected (Flood risk)
2026-03-29 08:00:00+00:00,5097.024,VALID,2.378964,VALID,Warning,WARN: High flow rate detected (Flood risk)
2026-03-29 09:00:00+00:00,5097.024,VALID,2.375916,VALID,Warning,WARN: High flow rate detected (Flood risk)
2026-03-29 10:00:00+00:00,5097.024,VALID,2.380488,VALID,Warning,WARN: High flow rate detected (Flood risk)
2026-03-29 11:00:00+00:00,5111.1824,VALID,2.388108,VALID,Warning,WARN: High flow rate detected (Flood risk)
2026-03-29 12:00:00+00:00,5125.3408,VALID,2.395728,VALID,Warning,WARN: High flow rate detected (Flood risk)
2026-03-29 13:00:00+00:00,5125.3408,VALID,2.4003,VALID,Warning,WARN: High flow rate detected (Flood risk)
2026-03-29 14:00:00+00:00,5125.3408,VALID,2.3987760000000002,VALID,Warning,WARN: High flow rate detected (Flood risk)
2026-03-29 15:00:00+00:00,5125.3408,VALID,2.401824,VALID,Warning,WARN: High flow rate detected (Flood risk)
2026-03-29 16:00:00+00:00,5139.4992,VALID,2.410968,VALID,Warning,WARN: High flow rate detected (Flood risk)
2026-03-29 17:00:00+00:00,5125.3408,VALID,2.410968,VALID,Warning,WARN: High flow rate detected (Flood risk)
2026-03-29 18:00:00+00:00,5153.6576,VALID,2.420112,VALID,Warning,WARN: High flow rate detected (Flood risk)
2026-03-29 19:00:00+00:00,5125.3408,VALID,2.414016,VALID,Warning,WARN: High flow rate detected (Flood risk)
2026-03-29 20:00:00+00:00,5139.4992,VALID,2.417064,VALID,Warning,WARN: High flow rate detected (Flood risk)
2026-03-29 21:00:00+00:00,5139.4992,VALID,2.417064,VALID,Warning,WARN: High flow rate detected (Flood risk)
2026-03-29 22:00:00+00:00,5153.6576,VALID,2.429256,VALID,Warning,WARN: High flow rate detected (Flood risk)
2026-03-29 23:00:00+00:00,5139.4992,VALID,2.420112,VALID,Warning,WARN: High flow rate detected (Flood risk)
2026-03-30 00:00:00+00:00,5139.4992,VALID,2.420112,VALID,Warning,WARN: High flow rate detected (Flood risk)
2026-03-30 01:00:00+00:00,5125.3408,VALID,2.417064,VALID,Warning,WARN: High flow rate detected (Flood risk)
2026-03-30 02:00:00+00:00,5139.4992,VALID,2.414016,VALID,Warning,WARN: High flow rate detected (Flood risk)
2026-03-30 03:00:00+00:00,5125.3408,VALID,2.409444,VALID,Warning,WARN: High flow rate detected (Flood risk)
2026-03-30 04:00:00+00:00,5139.4992,VALID,2.410968,VALID,Warning,WARN: High flow rate detected (Flood risk)
2026-03-30 05:00:00+00:00,5125.3408,VALID,2.417064,VALID,Warning,WARN: High flow rate detected (Flood risk)
2026-03-30 06:00:00+00:00,5125.3408,VALID,2.41554,VALID,Warning,WARN: High flow rate detected (Flood risk)
2026-03-30 07:00:00+00:00,5125.3408,VALID,2.409444,VALID,Warning,WARN: High flow rate detected (Flood risk)
2026-03-30 08:00:00+00:00,5125.3408,VALID,2.40792,VALID,Warning,WARN: High flow rate detected (Flood risk)
2026-03-30 09:00:00+00:00,5125.3408,VALID,2.406396,VALID,Warning,WARN: High flow rate detected (Flood risk)
2026-03-30 10:00:00+00:00,5125.3408,VALID,2.414016,VALID,Warning,WARN: High flow rate detected (Flood risk)
2026-03-30 11:00:00+00:00,5125.3408,VALID,2.4124920000000003,VALID,Warning,WARN: High flow rate detected (Flood risk)
2026-03-30 12:00:00+00:00,5125.3408,VALID,2.414016,VALID,Warning,WARN: High flow rate detected (Flood risk)
2026-03-30 13:00:00+00:00,5125.3408,VALID,2.414016,VALID,Warning,WARN: High flow rate detected (Flood risk)
2026-03-30 14:00:00+00:00,5125.3408,VALID,2.420112,VALID,Warning,WARN: High flow rate detected (Flood risk)
2026-03-30 15:00:00+00:00,5153.6576,VALID,2.433828,VALID,Warning,WARN: High flow rate detected (Flood risk)
2026-03-30 16:00:00+00:00,5139.4992,VALID,2.4277320000000002,VALID,Warning,WARN: High flow rate detected (Flood risk)
2026-03-30 17:00:00+00:00,5153.6576,VALID,2.4323040000000002,VALID,Warning,WARN: High flow rate detected (Flood risk)
2026-03-30 18:00:00+00:00,5153.6576,VALID,2.429256,VALID,Warning,WARN: High flow rate detected (Flood risk)
2026-03-30 19:00:00+00:00,5153.6576,VALID,2.4353520000000004,VALID,Warning,WARN: High flow rate detected (Flood risk)
2026-03-30 20:00:00+00:00,5139.4992,VALID,2.4277320000000002,VALID,Warning,WARN: High flow rate detected (Flood risk)
2026-03-30 21:00:00+00:00,5125.3408,VALID,2.421636,VALID,Warning,WARN: High flow rate detected (Flood risk)
2026-03-30 22:00:00+00:00,5111.1824,VALID,2.410968,VALID,Warning,WARN: High flow rate detected (Flood risk)
2026-03-30 23:00:00+00:00,5111.1824,VALID,2.397252,VALID,Warning,WARN: High flow rate detected (Flood risk)
2026-03-31 00:00:00+00:00,5097.024,VALID,2.386584,VALID,Warning,WARN: High flow rate detected (Flood risk)
2026-03-31 01:00:00+00:00,5097.024,VALID,2.37744,VALID,Warning,WARN: High flow rate detected (Flood risk)
2026-03-31 02:00:00+00:00,5068.7072,VALID,2.366772,VALID,Warning,WARN: High flow rate detected (Flood risk)
2026-03-31 03:00:00+00:00,5054.5488000000005,VALID,2.356104,VALID,Warning,WARN: High flow rate detected (Flood risk)
2026-03-31 04:00:00+00:00,5054.5488000000005,VALID,2.3500080000000003,VALID,Warning,WARN: High flow rate detected (Flood risk)
2026-03-31 05:00:00+00:00,5054.5488000000005,VALID,2.3500080000000003,VALID,Warning,WARN: High flow rate detected (Flood risk)
2026-03-31 06:00:00+00:00,5040.3904,VALID,2.3439120000000004,VALID,Warning,WARN: High flow rate detected (Flood risk)
2026-03-31 07:00:00+00:00,5040.3904,VALID,2.3362920000000003,VALID,Warning,WARN: High flow rate detected (Flood risk)
2026-03-31 08:00:00+00:00,5040.3904,VALID,2.337816,VALID,Warning,WARN: High flow rate detected (Flood risk)
2026-03-31 09:00:00+00:00,5026.232,VALID,2.327148,VALID,Warning,WARN: High flow rate detected (Flood risk)
2026-03-31 10:00:00+00:00,5012.0736,VALID,2.325624,VALID,Warning,WARN: High flow rate detected (Flood risk)
2026-03-31 11:00:00+00:00,5040.3904,VALID,2.3347680000000004,VALID,Warning,WARN: High flow rate detected (Flood risk)
2026-03-31 12:00:00+00:00,5040.3904,VALID,2.337816,VALID,Warning,WARN: High flow rate detected (Flood risk)
2026-03-31 13:00:00+00:00,5040.3904,VALID,2.3439120000000004,VALID,Warning,WARN: High flow rate detected (Flood risk)
2026-03-31 14:00:00+00:00,5040.3904,VALID,2.34696,VALID,Warning,WARN: High flow rate detected (Flood risk)
2026-03-31 15:00:00+00:00,5040.3904,VALID,2.3500080000000003,VALID,Warning,WARN: High flow rate detected (Flood risk)
2026-03-31 16:00:00+00:00,5040.3904,VALID,2.34696,VALID,Warning,WARN: High flow rate detected (Flood risk)
2026-03-31 17:00:00+00:00,5040.3904,VALID,2.3545800000000003,VALID,Warning,WARN: High flow rate detected (Flood risk)
2026-03-31 18:00:00+00:00,5040.3904,VALID,2.34696,VALID,Warning,WARN: High flow rate detected (Flood risk)
2026-03-31 19:00:00+00:00,5040.3904,VALID,2.353056,VALID,Warning,WARN: High flow rate detected (Flood risk)
2026-03-31 20:00:00+00:00,5040.3904,VALID,2.3454360000000003,VALID,Warning,WARN: High flow rate detected (Flood risk)
2026-03-31 21:00:00+00:00,5040.3904,VALID,2.3530560000000005,VALID,Warning,WARN: High flow rate detected (Flood risk)
2026-03-31 22:00:00+00:00,5040.3904,VALID,2.357628,VALID,Warning,WARN: High flow rate detected (Flood risk)
2026-03-31 23:00:00+00:00,5040.3904,VALID,2.356104,VALID,Warning,WARN: High flow rate detected (Flood risk)
2026-04-01 00:00:00+00:00,5068.7072,VALID,2.3652480000000002,VALID,Warning,WARN: High flow rate detected (Flood risk)
2026-04-01 01:00:00+00:00,5068.7072,VALID,2.37744,VALID,Warning,WARN: High flow rate detected (Flood risk)
2026-04-01 02:00:00+00:00,5068.7072,VALID,2.380488,VALID,Warning,WARN: High flow rate detected (Flood risk)
2026-04-01 03:00:00+00:00,5082.8656,VALID,2.3926800000000004,VALID,Warning,WARN: High flow rate detected (Flood risk)
2026-04-01 04:00:00+00:00,5082.8656,VALID,2.3987760000000002,VALID,Warning,WARN: High flow rate detected (Flood risk)
2026-04-01 05:00:00+00:00,5097.024,VALID,2.406396,VALID,Warning,WARN: High flow rate detected (Flood risk)
2026-04-01 06:00:00+00:00,5125.3408,VALID,2.42316,VALID,Warning,WARN: High flow rate detected (Flood risk)
2026-04-01 07:00:00+00:00,5125.3408,VALID,2.4307800000000004,VALID,Warning,WARN: High flow rate detected (Flood risk)
2026-04-01 08:00:00+00:00,5125.3408,VALID,2.435352,VALID,Warning,WARN: High flow rate detected (Flood risk)
2026-04-01 10:00:00+00:00,5139.4992,VALID,2.444496,VALID,Warning,WARN: High flow rate detected (Flood risk)
2026-04-01 11:00:00+00:00,5153.6576,VALID,2.450592,VALID,Warning,WARN: High flow rate detected (Flood risk)
2026-04-01 12:00:00+00:00,5153.6576,VALID,2.462784,VALID,Warning,WARN: High flow rate detected (Flood risk)
2026-04-01 13:00:00+00:00,5153.6576,VALID,2.4597360000000004,VALID,Warning,WARN: High flow rate detected (Flood risk)
2026-04-01 14:00:00+00:00,5153.6576,VALID,2.471928,VALID,Warning,WARN: High flow rate detected (Flood risk)
2026-04-01 15:00:00+00:00,5181.9744,VALID,2.490216,VALID,Warning,WARN: High flow rate detected (Flood risk)
2026-04-01 16:00:00+00:00,5210.2912,VALID,2.511552,VALID,Warning,WARN: High flow rate detected (Flood risk)
2026-04-01 17:00:00+00:00,5210.2912,VALID,2.519172,VALID,Warning,WARN: High flow rate detected (Flood risk)
2026-04-01 19:00:00+00:00,5238.608,VALID,2.543556,VALID,Warning,WARN: High flow rate detected (Flood risk)
2026-04-01 20:00:00+00:00,5266.9248,VALID,2.5618440000000002,VALID,Warning,WARN: High flow rate detected (Flood risk)
2026-04-01 21:00:00+00:00,5281.0832,VALID,2.577084,VALID,Warning,WARN: High flow rate detected (Flood risk)
2026-04-01 22:00:00+00:00,5295.2416,VALID,2.5908,VALID,Warning,WARN: High flow rate detected (Flood risk)
2026-04-01 23:00:00+00:00,5323.5584,VALID,2.622804,VALID,Warning,WARN: High flow rate detected (Flood risk)
2026-04-02 00:00:00+00:00,5351.8751999999995,VALID,2.650236,VALID,Warning,WARN: High flow rate detected (Flood risk)
2026-04-02 01:00:00+00:00,5380.192,VALID,2.6670000000000003,VALID,Warning,WARN: High flow rate detected (Flood risk)
2026-04-02 02:00:00+00:00,5408.5088,VALID,2.7005280000000003,VALID,Warning,WARN: High flow rate detected (Flood risk)
2026-04-02 03:00:00+00:00,5436.8256,VALID,2.7279600000000004,VALID,Warning,WARN: High flow rate detected (Flood risk)
2026-04-02 04:00:00+00:00,5436.8256,VALID,2.7340560000000007,VALID,Warning,WARN: High flow rate detected (Flood risk)
2026-04-02 05:00:00+00:00,5436.8256,VALID,2.7462480000000005,VALID,Warning,WARN: High flow rate detected (Flood risk)
2026-04-02 06:00:00+00:00,5465.1424,VALID,2.755392,VALID,Warning,WARN: High flow rate detected (Flood risk)
2026-04-02 07:00:00+00:00,5465.1424,VALID,2.770632,VALID,Warning,WARN: High flow rate detected (Flood risk)
2026-04-02 08:00:00+00:00,5465.1424,VALID,2.779776,VALID,Warning,WARN: High flow rate detected (Flood risk)
2026-04-02 09:00:00+00:00,5493.4592,VALID,2.793492,VALID,Warning,WARN: High flow rate detected (Flood risk)
2026-04-02 10:00:00+00:00,5493.4592,VALID,2.7919680000000002,VALID,Warning,WARN: High flow rate detected (Flood risk)
2026-04-02 11:00:00+00:00,5507.6176,VALID,2.8041600000000004,VALID,Warning,WARN: High flow rate detected (Flood risk)
2026-04-02 12:00:00+00:00,5521.776,VALID,2.816352,VALID,Warning,WARN: High flow rate detected (Flood risk)
2026-04-02 13:00:00+00:00,5521.776,VALID,2.82702,VALID,Warning,WARN: High flow rate detected (Flood risk)
2026-04-02 14:00:00+00:00,5535.9344,VALID,2.839212,VALID,Warning,WARN: High flow rate detected (Flood risk)
2026-04-02 15:00:00+00:00,5550.0928,VALID,2.848356,VALID,Warning,WARN: High flow rate detected (Flood risk)
2026-04-02 16:00:00+00:00,5606.7264,VALID,2.912364,VALID,Warning,WARN: High flow rate detected (Flood risk)
2026-04-02 17:00:00+00:00,5620.8848,VALID,2.932176,VALID,Warning,WARN: High flow rate detected (Flood risk)
2026-04-02 18:00:00+00:00,5677.5184,VALID,2.97942,VALID,Warning,WARN: High flow rate detected (Flood risk)
2026-04-02 19:00:00+00:00,5705.8351999999995,VALID,3.011424,VALID,Warning,WARN: High flow rate detected (Flood risk)
2026-04-02 20:00:00+00:00,5748.3104,VALID,3.0434280000000005,VALID,Warning,WARN: High flow rate detected (Flood risk)
2026-04-02 21:00:00+00:00,5776.6272,VALID,3.0739080000000003,VALID,Warning,WARN: High flow rate detected (Flood risk)
2026-04-02 22:00:00+00:00,5819.1024,VALID,3.115056,VALID,Warning,WARN: High flow rate detected (Flood risk)
2026-04-02 23:00:00+00:00,5861.5776,VALID,3.1485840000000005,VALID,Warning,WARN: High flow rate detected (Flood risk)
2026-04-03 00:00:00+00:00,5889.8944,VALID,3.182112,VALID,Warning,WARN: High flow rate detected (Flood risk)
2026-04-03 01:00:00+00:00,5918.2112,VALID,3.2080200000000003,VALID,Warning,WARN: High flow rate detected (Flood risk)
2026-04-03 02:00:00+00:00,5960.6864000000005,VALID,3.240024,VALID,Warning,WARN: High flow rate detected (Flood risk)
2026-04-03 03:00:00+00:00,5989.0032,VALID,3.2735520000000005,VALID,Warning,WARN: High flow rate detected (Flood risk)
2026-04-03 04:00:00+00:00,6017.32,VALID,3.3009840000000006,VALID,Warning,WARN: High flow rate detected (Flood risk)
2026-04-03 05:00:00+00:00,6045.6368,VALID,3.3223200000000004,VALID,Warning,WARN: High flow rate detected (Flood risk)
2026-04-03 06:00:00+00:00,6059.7952,VALID,3.3406080000000005,VALID,Warning,WARN: High flow rate detected (Flood risk)
2026-04-03 07:00:00+00:00,6088.112,VALID,3.358896,VALID,Warning,WARN: High flow rate detected (Flood risk)
2026-04-03 08:00:00+00:00,6102.270399999999,VALID,3.381756,VALID,Warning,WARN: High flow rate detected (Flood risk)
2026-04-03 09:00:00+00:00,6116.4288,VALID,3.396996,VALID,Warning,WARN: High flow rate detected (Flood risk)
2026-04-03 10:00:00+00:00,6130.5872,VALID,3.4046160000000008,VALID,Warning,WARN: High flow rate detected (Flood risk)
2026-04-03 11:00:00+00:00,6144.7456,VALID,3.4198560000000002,VALID,Warning,WARN: High flow rate detected (Flood risk)
2026-04-03 12:00:00+00:00,6173.0624,VALID,3.448812,VALID,Warning,WARN: High flow rate detected (Flood risk)
2026-04-03 13:00:00+00:00,6187.2208,VALID,3.464052,VALID,Warning,WARN: High flow rate detected (Flood risk)
2026-04-03 14:00:00+00:00,6215.5376,VALID,3.4838640000000005,VALID,Warning,WARN: High flow rate detected (Flood risk)
2026-04-03 15:00:00+00:00,6258.0127999999995,VALID,3.526536,VALID,Warning,WARN: High flow rate detected (Flood risk)
2026-04-03 16:00:00+00:00,6314.6464,VALID,3.582924,VALID,Warning,WARN: High flow rate detected (Flood risk)
2026-04-03 17:00:00+00:00,6385.4384,VALID,3.633216,VALID,Warning,WARN: High flow rate detected (Flood risk)
2026-04-03 18:00:00+00:00,6456.2304,VALID,3.70332,VALID,Warning,WARN: High flow rate detected (Flood risk)
2026-04-03 19:00:00+00:00,6527.0224,VALID,3.761232,VALID,Warning,WARN: High flow rate detected (Flood risk)
2026-04-03 20:00:00+00:00,6583.656,VALID,3.814572,VALID,Warning,WARN: High flow rate detected (Flood risk)
2026-04-03 21:00:00+00:00,6640.2896,VALID,3.861816,VALID,Warning,WARN: High flow rate detected (Flood risk)
2026-04-03 22:00:00+00:00,6682.7648,VALID,3.9075360000000003,VALID,Warning,WARN: High flow rate detected (Flood risk)
2026-04-03 23:00:00+00:00,6753.5568,VALID,3.966972,VALID,Warning,WARN: High flow rate detected (Flood risk)
2026-04-04 00:00:00+00:00,6810.1903999999995,VALID,4.014216,VALID,Warning,WARN: High flow rate detected (Flood risk)
2026-04-04 01:00:00+00:00,6852.6656,VALID,4.056888,VALID,Warning,WARN: High flow rate detected (Flood risk)
2026-04-04 02:00:00+00:00,6895.140799999999,VALID,4.094988000000001,VALID,Warning,WARN: High flow rate detected (Flood risk)
2026-04-04 03:00:00+00:00,6937.616,VALID,4.131564,VALID,Warning,WARN: High flow rate detected (Flood risk)
2026-04-04 04:00:00+00:00,7008.407999999999,VALID,4.191000000000001,VALID,Warning,WARN: High flow rate detected (Flood risk)
2026-04-04 05:00:00+00:00,7050.8832,VALID,4.233672,VALID,Warning,WARN: High flow rate detected (Flood risk)
2026-04-04 06:00:00+00:00,7093.3584,VALID,4.271772,VALID,Warning,WARN: High flow rate detected (Flood risk)
2026-04-04 07:00:00+00:00,7135.8336,VALID,4.302252,VALID,Warning,WARN: High flow rate detected (Flood risk)
2026-04-04 08:00:00+00:00,7178.3088,VALID,4.3373040000000005,VALID,Warning,WARN: High flow rate detected (Flood risk)
2026-04-04 09:00:00+00:00,7206.625599999999,VALID,4.361688,VALID,Warning,WARN: High flow rate detected (Flood risk)
2026-04-04 10:00:00+00:00,7249.1008,VALID,4.390644,VALID,Warning,WARN: High flow rate detected (Flood risk)
2026-04-04 11:00:00+00:00,7263.2592,VALID,4.407408,VALID,Warning,WARN: High flow rate detected (Flood risk)
2026-04-04 12:00:00+00:00,7319.8928,VALID,4.453128,VALID,Warning,WARN: High flow rate detected (Flood risk)
2026-04-04 13:00:00+00:00,7362.368,VALID,4.497324000000001,VALID,Warning,WARN: High flow rate detected (Flood risk)
2026-04-04 14:00:00+00:00,7390.6848,VALID,4.520184,VALID,Warning,WARN: High flow rate detected (Flood risk)
2026-04-04 15:00:00+00:00,7461.4768,VALID,4.573524000000001,VALID,Warning,WARN: High flow rate detected (Flood risk)
2026-04-04 16:00:00+00:00,7532.2688,VALID,4.632960000000001,VALID,Warning,WARN: High flow rate detected (Flood risk)
2026-04-04 17:00:00+00:00,7617.2192,VALID,4.703064000000001,VALID,Warning,WARN: High flow rate detected (Flood risk)
2026-04-04 18:00:00+00:00,7716.3279999999995,VALID,4.785360000000001,VALID,Warning,WARN: High flow rate detected (Flood risk)
2026-04-04 19:00:00+00:00,7815.4367999999995,VALID,4.866132,VALID,Warning,WARN: High flow rate detected (Flood risk)
2026-04-04 20:00:00+00:00,7942.8624,VALID,4.965192,VALID,Warning,WARN: High flow rate detected (Flood risk)
2026-04-04 21:00:00+00:00,8041.9712,VALID,5.050536000000001,VALID,Warning,WARN: High flow rate detected (Flood risk)
2026-04-04 22:00:00+00:00,8169.3968,VALID,5.148072000000001,VALID,Warning,WARN: High flow rate detected (Flood risk)
2026-04-04 23:00:00+00:00,8268.5056,VALID,5.231892,VALID,Warning,WARN: High flow rate detected (Flood risk)
2026-04-05 00:00:00+00:00,8410.0896,VALID,5.337048,VALID,Warning,WARN: High flow rate detected (Flood risk)
2026-04-05 01:00:00+00:00,8537.5152,VALID,5.436108000000001,VALID,Warning,WARN: High flow rate detected (Flood risk)
2026-04-05 02:00:00+00:00,8636.624,VALID,5.512308000000001,VALID,Warning,WARN: High flow rate detected (Flood risk)
2026-04-05 03:00:00+00:00,8735.7328,VALID,5.588508,VALID,Warning,WARN: High flow rate detected (Flood risk)
2026-04-05 04:00:00+00:00,8820.6832,VALID,5.65404,VALID,Warning,WARN: High flow rate detected (Flood risk)
2026-04-05 05:00:00+00:00,8891.4752,VALID,5.716524000000001,VALID,Warning,WARN: High flow rate detected (Flood risk)
2026-04-05 06:00:00+00:00,8948.1088,VALID,5.7652920000000005,VALID,Warning,WARN: High flow rate detected (Flood risk)
2026-04-05 07:00:00+00:00,9033.0592,VALID,5.818632000000001,VALID,Warning,WARN: High flow rate detected (Flood risk)
2026-04-05 08:00:00+00:00,9103.851200000001,VALID,5.870448,VALID,Warning,WARN: High flow rate detected (Flood risk)
2026-04-05 09:00:00+00:00,9146.3264,VALID,5.914644000000001,VALID,Warning,WARN: High flow rate detected (Flood risk)
2026-04-05 10:00:00+00:00,9217.1184,VALID,5.9573160000000005,VALID,Warning,WARN: High flow rate detected (Flood risk)
2026-04-05 11:00:00+00:00,9259.5936,VALID,5.9862720000000005,VALID,Warning,WARN: High flow rate detected (Flood risk)
2026-04-05 12:00:00+00:00,9302.068800000001,VALID,6.036564,VALID,Warning,WARN: High flow rate detected (Flood risk)
2026-04-05 13:00:00+00:00,9358.7024,VALID,6.071616000000001,VALID,Warning,WARN: High flow rate detected (Flood risk)
2026-04-05 14:00:00+00:00,9415.336,VALID,6.109716000000001,VALID,Warning,WARN: High flow rate detected (Flood risk)
2026-04-05 15:00:00+00:00,9457.8112,VALID,6.144768000000001,VALID,Warning,WARN: High flow rate detected (Flood risk)
2026-04-05 16:00:00+00:00,9486.128,VALID,6.1722,VALID,Warning,WARN: High flow rate detected (Flood risk)
2026-04-05 17:00:00+00:00,9571.078399999999,VALID,6.230112,VALID,Warning,WARN: High flow rate detected (Flood risk)
2026-04-05 18:00:00+00:00,9641.8704,VALID,6.281928000000001,VALID,Warning,WARN: High flow rate detected (Flood risk)
2026-04-05 19:00:00+00:00,9684.3456,VALID,6.313932,VALID,Warning,WARN: High flow rate detected (Flood risk)
2026-04-05 20:00:00+00:00,9740.9792,VALID,6.353556,VALID,Warning,WARN: High flow rate detected (Flood risk)
2026-04-05 21:00:00+00:00,9769.296,VALID,6.373368000000001,VALID,Warning,WARN: High flow rate detected (Flood risk)
2026-04-05 22:00:00+00:00,9797.612799999999,VALID,6.399276,VALID,Warning,WARN: High flow rate detected (Flood risk)
2026-04-05 23:00:00+00:00,9840.088,VALID,6.422136,VALID,Warning,WARN: High flow rate detected (Flood risk)
2026-04-06 00:00:00+00:00,9840.088,VALID,6.428232,VALID,Warning,WARN: High flow rate detected (Flood risk)
2026-04-06 01:00:00+00:00,9882.5632,VALID,6.4648080000000006,VALID,Warning,WARN: High flow rate detected (Flood risk)
2026-04-06 02:00:00+00:00,9910.88,VALID,6.478524,VALID,Warning,WARN: High flow rate detected (Flood risk)
2026-04-06 03:00:00+00:00,9910.88,VALID,6.480048,VALID,Warning,WARN: High flow rate detected (Flood risk)
2026-04-06 04:00:00+00:00,9925.0384,VALID,6.486144000000001,VALID,Warning,WARN: High flow rate detected (Flood risk)
2026-04-06 05:00:00+00:00,9925.0384,VALID,6.495288,VALID,Warning,WARN: High flow rate detected (Flood risk)
2026-04-06 06:00:00+00:00,9939.1968,VALID,6.496812,VALID,Warning,WARN: High flow rate detected (Flood risk)
2026-04-06 07:00:00+00:00,9939.1968,VALID,6.496812,VALID,Warning,WARN: High flow rate detected (Flood risk)
2026-04-06 08:00:00+00:00,9925.0384,VALID,6.4937640000000005,VALID,Warning,WARN: High flow rate detected (Flood risk)
2026-04-06 09:00:00+00:00,9939.1968,VALID,6.492240000000001,VALID,Warning,WARN: High flow rate detected (Flood risk)
2026-04-06 10:00:00+00:00,9939.1968,VALID,6.4937640000000005,VALID,Warning,WARN: High flow rate detected (Flood risk)
2026-04-06 11:00:00+00:00,9939.1968,VALID,6.49986,VALID,Warning,WARN: High flow rate detected (Flood risk)
2026-04-06 12:00:00+00:00,9939.1968,VALID,6.490716000000001,VALID,Warning,WARN: High flow rate detected (Flood risk)
2026-04-06 13:00:00+00:00,9939.1968,VALID,6.49224,VALID,Warning,WARN: High flow rate detected (Flood risk)
2026-04-06 14:00:00+00:00,9925.0384,VALID,6.489192000000001,VALID,Warning,WARN: High flow rate detected (Flood risk)
2026-04-06 15:00:00+00:00,9896.7216,VALID,6.467856000000001,VALID,Warning,WARN: High flow rate detected (Flood risk)
2026-04-06 16:00:00+00:00,9882.5632,VALID,6.464808,VALID,Warning,WARN: High flow rate detected (Flood risk)
2026-04-06 17:00:00+00:00,9868.4048,VALID,6.448043999999999,VALID,Warning,WARN: High flow rate detected (Flood risk)
2026-04-06 18:00:00+00:00,9868.4048,VALID,6.451092,VALID,Warning,WARN: High flow rate detected (Flood risk)
2026-04-06 19:00:00+00:00,9854.2464,VALID,6.440424,VALID,Warning,WARN: High flow rate detected (Flood risk)
2026-04-06 20:00:00+00:00,9825.9296,VALID,6.420612,VALID,Warning,WARN: High flow rate detected (Flood risk)
2026-04-06 21:00:00+00:00,9797.612799999999,VALID,6.399276,VALID,Warning,WARN: High flow rate detected (Flood risk)
2026-04-06 22:00:00+00:00,9769.296,VALID,6.380988,VALID,Warning,WARN: High flow rate detected (Flood risk)
2026-04-06 23:00:00+00:00,9740.9792,VALID,6.35508,VALID,Warning,WARN: High flow rate detected (Flood risk)
2026-04-07 00:00:00+00:00,9726.8208,VALID,6.348984000000001,VALID,Warning,WARN: High flow rate detected (Flood risk)
2026-04-07 01:00:00+00:00,9698.504,VALID,6.320028000000001,VALID,Warning,WARN: High flow rate detected (Flood risk)
2026-04-07 02:00:00+00:00,9670.1872,VALID,6.298692000000001,VALID,Warning,WARN: High flow rate detected (Flood risk)
2026-04-07 03:00:00+00:00,9627.712,VALID,6.27888,VALID,Warning,WARN: High flow rate detected (Flood risk)
2026-04-07 04:00:00+00:00,9613.5536,VALID,6.265164,VALID,Warning,WARN: High flow rate detected (Flood risk)
2026-04-07 05:00:00+00:00,9613.5536,VALID,6.259068,VALID,Warning,WARN: High flow rate detected (Flood risk)
2026-04-07 06:00:00+00:00,9599.395199999999,VALID,6.254496000000001,VALID,Warning,WARN: High flow rate detected (Flood risk)
2026-04-07 07:00:00+00:00,9599.395199999999,VALID,6.245352,VALID,Warning,WARN: High flow rate detected (Flood risk)
2026-04-07 08:00:00+00:00,9556.92,VALID,6.21792,VALID,Warning,WARN: High flow rate detected (Flood risk)
2026-04-07 09:00:00+00:00,9542.7616,VALID,6.208776,VALID,Warning,WARN: High flow rate detected (Flood risk)
2026-04-07 10:00:00+00:00,9486.128,VALID,6.176772000000001,VALID,Warning,WARN: High flow rate detected (Flood risk)
2026-04-07 11:00:00+00:00,9486.128,VALID,6.173724,VALID,Warning,WARN: High flow rate detected (Flood risk)
2026-04-07 12:00:00+00:00,9471.9696,VALID,6.16458,VALID,Warning,WARN: High flow rate detected (Flood risk)
2026-04-07 13:00:00+00:00,9429.4944,VALID,6.131052,VALID,Warning,WARN: High flow rate detected (Flood risk)
2026-04-07 14:00:00+00:00,9415.336,VALID,6.117336,VALID,Warning,WARN: High flow rate detected (Flood risk)
2026-04-07 15:00:00+00:00,9387.019199999999,VALID,6.096,VALID,Warning,WARN: High flow rate detected (Flood risk)
2026-04-07 16:00:00+00:00,9344.544,VALID,6.076188,VALID,Warning,WARN: High flow rate detected (Flood risk)
2026-04-07 17:00:00+00:00,9287.9104,VALID,6.030468000000001,VALID,Warning,WARN: High flow rate detected (Flood risk)
2026-04-07 18:00:00+00:00,9287.9104,VALID,6.027419999999999,VALID,Warning,WARN: High flow rate detected (Flood risk)
2026-04-07 19:00:00+00:00,9287.9104,VALID,6.022848,VALID,Warning,WARN: High flow rate detected (Flood risk)
2026-04-07 20:00:00+00:00,9245.4352,VALID,6.003036,VALID,Warning,WARN: High flow rate detected (Flood risk)
2026-04-07 21:00:00+00:00,9245.4352,VALID,5.992368000000001,VALID,Warning,WARN: High flow rate detected (Flood risk)
2026-04-07 22:00:00+00:00,9217.1184,VALID,5.969508000000001,VALID,Warning,WARN: High flow rate detected (Flood risk)
2026-04-07 23:00:00+00:00,9160.4848,VALID,5.934456,VALID,Warning,WARN: High flow rate detected (Flood risk)
2026-04-08 00:00:00+00:00,9089.6928,VALID,5.888736,VALID,Warning,WARN: High flow rate detected (Flood risk)
2026-04-08 01:00:00+00:00,9061.376,VALID,5.8613040000000005,VALID,Warning,WARN: High flow rate detected (Flood risk)
2026-04-08 02:00:00+00:00,9033.0592,VALID,5.84454,VALID,Warning,WARN: High flow rate detected (Flood risk)
2026-04-08 03:00:00+00:00,9018.9008,VALID,5.830824,VALID,Warning,WARN: High flow rate detected (Flood risk)
2026-04-08 04:00:00+00:00,8976.4256,VALID,5.807964,VALID,Warning,WARN: High flow rate detected (Flood risk)
2026-04-08 05:00:00+00:00,8990.583999999999,VALID,5.807964,VALID,Warning,WARN: High flow rate detected (Flood risk)
2026-04-08 06:00:00+00:00,8976.4256,VALID,5.800344000000001,VALID,Warning,WARN: High flow rate detected (Flood risk)
2026-04-08 07:00:00+00:00,8976.4256,VALID,5.80644,VALID,Warning,WARN: High flow rate detected (Flood risk)
2026-04-08 08:00:00+00:00,8948.1088,VALID,5.782056000000001,VALID,Warning,WARN: High flow rate detected (Flood risk)
2026-04-08 09:00:00+00:00,8933.9504,VALID,5.772912,VALID,Warning,WARN: High flow rate detected (Flood risk)
2026-04-08 10:00:00+00:00,8948.1088,VALID,5.782056000000001,VALID,Warning,WARN: High flow rate detected (Flood risk)
2026-04-08 11:00:00+00:00,8948.1088,VALID,5.783580000000001,VALID,Warning,WARN: High flow rate detected (Flood risk)
2026-04-08 12:00:00+00:00,8933.9504,VALID,5.7759599999999995,VALID,Warning,WARN: High flow rate detected (Flood risk)
2026-04-08 13:00:00+00:00,8919.792,VALID,5.760720000000001,VALID,Warning,WARN: High flow rate detected (Flood risk)
2026-04-08 14:00:00+00:00,8919.792,VALID,5.7652920000000005,VALID,Warning,WARN: High flow rate detected (Flood risk)
2026-04-08 15:00:00+00:00,8933.9504,VALID,5.77596,VALID,Warning,WARN: High flow rate detected (Flood risk)
2026-04-08 16:00:00+00:00,8948.1088,VALID,5.780532000000001,VALID,Warning,WARN: High flow rate detected (Flood risk)
2026-04-08 17:00:00+00:00,8962.2672,VALID,5.7912,VALID,Warning,WARN: High flow rate detected (Flood risk)
2026-04-08 18:00:00+00:00,8948.1088,VALID,5.7912,VALID,Warning,WARN: High flow rate detected (Flood risk)
2026-04-08 19:00:00+00:00,8948.1088,VALID,5.7912,VALID,Warning,WARN: High flow rate detected (Flood risk)
2026-04-08 20:00:00+00:00,8990.583999999999,VALID,5.817108000000001,VALID,Warning,WARN: High flow rate detected (Flood risk)
2026-04-08 21:00:00+00:00,8990.583999999999,VALID,5.821680000000001,VALID,Warning,WARN: High flow rate detected (Flood risk)
2026-04-08 22:00:00+00:00,9018.9008,VALID,5.836920000000001,VALID,Warning,WARN: High flow rate detected (Flood risk)
2026-04-08 23:00:00+00:00,9004.7424,VALID,5.830824,VALID,Warning,WARN: High flow rate detected (Flood risk)
2026-04-09 00:00:00+00:00,9033.0592,VALID,5.843016,VALID,Warning,WARN: High flow rate detected (Flood risk)
2026-04-09 01:00:00+00:00,9004.7424,VALID,5.830824,VALID,Warning,WARN: High flow rate detected (Flood risk)
2026-04-09 02:00:00+00:00,8990.583999999999,VALID,5.818632,VALID,Warning,WARN: High flow rate detected (Flood risk)
2026-04-09 03:00:00+00:00,9004.7424,VALID,5.830824,VALID,Warning,WARN: High flow rate detected (Flood risk)
2026-04-09 04:00:00+00:00,8976.4256,VALID,5.809488,VALID,Warning,WARN: High flow rate detected (Flood risk)
2026-04-09 05:00:00+00:00,8976.4256,VALID,5.809488,VALID,Warning,WARN: High flow rate detected (Flood risk)
2026-04-09 06:00:00+00:00,8948.1088,VALID,5.786628,VALID,Warning,WARN: High flow rate detected (Flood risk)
2026-04-09 07:00:00+00:00,8948.1088,VALID,5.7912,VALID,Warning,WARN: High flow rate detected (Flood risk)
2026-04-09 08:00:00+00:00,8948.1088,VALID,5.786628,VALID,Warning,WARN: High flow rate detected (Flood risk)
2026-04-09 09:00:00+00:00,8933.9504,VALID,5.779008000000001,VALID,Warning,WARN: High flow rate detected (Flood risk)
2026-04-09 10:00:00+00:00,8919.792,VALID,5.771388,VALID,Warning,WARN: High flow rate detected (Flood risk)
2026-04-09 11:00:00+00:00,8919.792,VALID,5.772912,VALID,Warning,WARN: High flow rate detected (Flood risk)
2026-04-09 12:00:00+00:00,8905.633600000001,VALID,5.763768000000001,VALID,Warning,WARN: High flow rate detected (Flood risk)
2026-04-09 13:00:00+00:00,8891.4752,VALID,5.7470040000000004,VALID,Warning,WARN: High flow rate detected (Flood risk)
2026-04-09 14:00:00+00:00,8891.4752,VALID,5.7576719999999995,VALID,Warning,WARN: High flow rate detected (Flood risk)
2026-04-09 15:00:00+00:00,8877.3168,VALID,5.747004,VALID,Warning,WARN: High flow rate detected (Flood risk)
2026-04-09 16:00:00+00:00,8863.1584,VALID,5.731764,VALID,Warning,WARN: High flow rate detected (Flood risk)
2026-04-09 17:00:00+00:00,8891.4752,VALID,5.748528,VALID,Warning,WARN: High flow rate detected (Flood risk)
2026-04-09 18:00:00+00:00,8863.1584,VALID,5.736336,VALID,Warning,WARN: High flow rate detected (Flood risk)
2026-04-09 19:00:00+00:00,8863.1584,VALID,5.740907999999999,VALID,Warning,WARN: High flow rate detected (Flood risk)
2026-04-09 20:00:00+00:00,8863.1584,VALID,5.733288,VALID,Warning,WARN: High flow rate detected (Flood risk)
2026-04-09 21:00:00+00:00,8863.1584,VALID,5.733288,VALID,Warning,WARN: High flow rate detected (Flood risk)
2026-04-09 22:00:00+00:00,8849.0,VALID,5.725668000000001,VALID,Warning,WARN: High flow rate detected (Flood risk)
2026-04-09 23:00:00+00:00,8820.6832,VALID,5.710428,VALID,Warning,WARN: High flow rate detected (Flood risk)
2026-04-10 00:00:00+00:00,8834.8416,VALID,5.708904,VALID,Warning,WARN: High flow rate detected (Flood risk)
2026-04-10 01:00:00+00:00,8834.8416,VALID,5.710428,VALID,Warning,WARN: High flow rate detected (Flood risk)
2026-04-10 02:00:00+00:00,8820.6832,VALID,5.6997599999999995,VALID,Warning,WARN: High flow rate detected (Flood risk)
2026-04-10 03:00:00+00:00,8806.5248,VALID,5.6890920000000005,VALID,Warning,WARN: High flow rate detected (Flood risk)
2026-04-10 04:00:00+00:00,8792.366399999999,VALID,5.69214,VALID,Warning,WARN: High flow rate detected (Flood risk)
2026-04-10 05:00:00+00:00,8806.5248,VALID,5.69214,VALID,Warning,WARN: High flow rate detected (Flood risk)
2026-04-10 06:00:00+00:00,8792.366399999999,VALID,5.687568000000001,VALID,Warning,WARN: High flow rate detected (Flood risk)
2026-04-10 07:00:00+00:00,8806.5248,VALID,5.6890920000000005,VALID,Warning,WARN: High flow rate detected (Flood risk)
2026-04-10 08:00:00+00:00,8792.366399999999,VALID,5.684520000000001,VALID,Warning,WARN: High flow rate detected (Flood risk)
2026-04-10 09:00:00+00:00,8806.5248,VALID,5.693664,VALID,Warning,WARN: High flow rate detected (Flood risk)
2026-04-10 10:00:00+00:00,8792.366399999999,VALID,5.686044000000001,VALID,Warning,WARN: High flow rate detected (Flood risk)
2026-04-10 11:00:00+00:00,8792.366399999999,VALID,5.687568000000001,VALID,Warning,WARN: High flow rate detected (Flood risk)
2026-04-10 12:00:00+00:00,8778.208,VALID,5.68452,VALID,Warning,WARN: High flow rate detected (Flood risk)
2026-04-10 13:00:00+00:00,8764.0496,VALID,5.6708039999999995,VALID,Warning,WARN: High flow rate detected (Flood risk)
2026-04-10 14:00:00+00:00,8764.0496,VALID,5.666232000000001,VALID,Warning,WARN: High flow rate detected (Flood risk)
2026-04-10 15:00:00+00:00,8749.8912,VALID,5.663184,VALID,Warning,WARN: High flow rate detected (Flood risk)
2026-04-10 16:00:00+00:00,8749.8912,VALID,5.657088,VALID,Warning,WARN: High flow rate detected (Flood risk)
2026-04-10 17:00:00+00:00,8749.8912,VALID,5.660136,VALID,Warning,WARN: High flow rate detected (Flood risk)
2026-04-10 18:00:00+00:00,8735.7328,VALID,5.646420000000001,VALID,Warning,WARN: High flow rate detected (Flood risk)
2026-04-10 19:00:00+00:00,8749.8912,VALID,5.6601360000000005,VALID,Warning,WARN: High flow rate detected (Flood risk)
2026-04-10 20:00:00+00:00,8735.7328,VALID,5.649468000000001,VALID,Warning,WARN: High flow rate detected (Flood risk)
2026-04-10 21:00:00+00:00,8735.7328,VALID,5.657088,VALID,Warning,WARN: High flow rate detected (Flood risk)
2026-04-10 22:00:00+00:00,8735.7328,VALID,5.647944000000001,VALID,Warning,WARN: High flow rate detected (Flood risk)
2026-04-10 23:00:00+00:00,8721.5744,VALID,5.641848,VALID,Warning,WARN: High flow rate detected (Flood risk)
2026-04-11 00:00:00+00:00,8707.416,VALID,5.634228,VALID,Warning,WARN: High flow rate detected (Flood risk)
2026-04-11 01:00:00+00:00,8721.5744,VALID,5.640324,VALID,Warning,WARN: High flow rate detected (Flood risk)
2026-04-11 02:00:00+00:00,8707.416,VALID,5.6311800000000005,VALID,Warning,WARN: High flow rate detected (Flood risk)
2026-04-11 03:00:00+00:00,8721.5744,VALID,5.637276,VALID,Warning,WARN: High flow rate detected (Flood risk)
2026-04-11 04:00:00+00:00,8693.257599999999,VALID,5.62356,VALID,Warning,WARN: High flow rate detected (Flood risk)
2026-04-11 05:00:00+00:00,8664.9408,VALID,5.611368000000001,VALID,Warning,WARN: High flow rate detected (Flood risk)
2026-04-11 06:00:00+00:00,8693.257599999999,VALID,5.6220360000000005,VALID,Warning,WARN: High flow rate detected (Flood risk)
2026-04-11 07:00:00+00:00,8679.0992,VALID,5.614416,VALID,Warning,WARN: High flow rate detected (Flood risk)
2026-04-11 08:00:00+00:00,8693.257599999999,VALID,5.623560000000001,VALID,Warning,WARN: High flow rate detected (Flood risk)
2026-04-11 09:00:00+00:00,8679.0992,VALID,5.612892,VALID,Warning,WARN: High flow rate detected (Flood risk)
2026-04-11 10:00:00+00:00,8650.7824,VALID,5.6007,VALID,Warning,WARN: High flow rate detected (Flood risk)
2026-04-11 11:00:00+00:00,8650.7824,VALID,5.594604,VALID,Warning,WARN: High flow rate detected (Flood risk)
2026-04-11 12:00:00+00:00,8664.9408,VALID,5.608320000000001,VALID,Warning,WARN: High flow rate detected (Flood risk)
2026-04-11 13:00:00+00:00,8664.9408,VALID,5.599176000000001,VALID,Warning,WARN: High flow rate detected (Flood risk)
2026-04-11 14:00:00+00:00,8636.624,VALID,5.5930800000000005,VALID,Warning,WARN: High flow rate detected (Flood risk)
2026-04-11 15:00:00+00:00,8636.624,VALID,5.586984,VALID,Warning,WARN: High flow rate detected (Flood risk)
2026-04-11 16:00:00+00:00,8636.624,VALID,5.590032,VALID,Warning,WARN: High flow rate detected (Flood risk)
2026-04-11 17:00:00+00:00,8636.624,VALID,5.588508,VALID,Warning,WARN: High flow rate detected (Flood risk)
2026-04-11 18:00:00+00:00,8650.7824,VALID,5.596128,VALID,Warning,WARN: High flow rate detected (Flood risk)
2026-04-11 19:00:00+00:00,8636.624,VALID,5.588508000000001,VALID,Warning,WARN: High flow rate detected (Flood risk)
2026-04-11 20:00:00+00:00,8636.624,VALID,5.586984,VALID,Warning,WARN: High flow rate detected (Flood risk)
2026-04-11 21:00:00+00:00,8636.624,VALID,5.585459999999999,VALID,Warning,WARN: High flow rate detected (Flood risk)
2026-04-11 22:00:00+00:00,8636.624,VALID,5.588508000000001,VALID,Warning,WARN: High flow rate detected (Flood risk)
2026-04-11 23:00:00+00:00,8636.624,VALID,5.594604,VALID,Warning,WARN: High flow rate detected (Flood risk)
2026-04-12 00:00:00+00:00,8622.4656,VALID,5.582412,VALID,Warning,WARN: High flow rate detected (Flood risk)
2026-04-12 01:00:00+00:00,8636.624,VALID,5.586984,VALID,Warning,WARN: High flow rate detected (Flood risk)
2026-04-12 02:00:00+00:00,8608.3072,VALID,5.574792,VALID,Warning,WARN: High flow rate detected (Flood risk)
2026-04-12 03:00:00+00:00,8636.624,VALID,5.580888,VALID,Warning,WARN: High flow rate detected (Flood risk)
2026-04-12 04:00:00+00:00,8608.3072,VALID,5.574792,VALID,Warning,WARN: High flow rate detected (Flood risk)
2026-04-12 05:00:00+00:00,8636.624,VALID,5.5930800000000005,VALID,Warning,WARN: High flow rate detected (Flood risk)
2026-04-12 06:00:00+00:00,8608.3072,VALID,5.5732680000000006,VALID,Warning,WARN: High flow rate detected (Flood risk)
2026-04-12 07:00:00+00:00,8608.3072,VALID,5.571744000000001,VALID,Warning,WARN: High flow rate detected (Flood risk)
2026-04-12 08:00:00+00:00,8608.3072,VALID,5.5641240000000005,VALID,Warning,WARN: High flow rate detected (Flood risk)
2026-04-12 09:00:00+00:00,8594.148799999999,VALID,5.5626,VALID,Warning,WARN: High flow rate detected (Flood risk)
2026-04-12 10:00:00+00:00,8579.9904,VALID,5.559552,VALID,Warning,WARN: High flow rate detected (Flood risk)
2026-04-12 11:00:00+00:00,8594.148799999999,VALID,5.5641240000000005,VALID,Warning,WARN: High flow rate detected (Flood risk)
2026-04-12 12:00:00+00:00,8579.9904,VALID,5.553456000000001,VALID,Warning,WARN: High flow rate detected (Flood risk)
2026-04-12 13:00:00+00:00,8579.9904,VALID,5.545836,VALID,Warning,WARN: High flow rate detected (Flood risk)
2026-04-12 14:00:00+00:00,8579.9904,VALID,5.545836,VALID,Warning,WARN: High flow rate detected (Flood risk)
2026-04-12 15:00:00+00:00,8565.832,VALID,5.544312,VALID,Warning,WARN: High flow rate detected (Flood risk)
2026-04-12 16:00:00+00:00,8579.9904,VALID,5.550408000000001,VALID,Warning,WARN: High flow rate detected (Flood risk)
2026-04-12 17:00:00+00:00,8579.9904,VALID,5.551932000000001,VALID,Warning,WARN: High flow rate detected (Flood risk)
2026-04-12 18:00:00+00:00,8551.6736,VALID,5.542788,VALID,Warning,WARN: High flow rate detected (Flood risk)
2026-04-12 19:00:00+00:00,8579.9904,VALID,5.553456000000001,VALID,Warning,WARN: High flow rate detected (Flood risk)
2026-04-12 20:00:00+00:00,8551.6736,VALID,5.538216000000001,VALID,Warning,WARN: High flow rate detected (Flood risk)
2026-04-12 21:00:00+00:00,8551.6736,VALID,5.533644000000001,VALID,Warning,WARN: High flow rate detected (Flood risk)
2026-04-12 22:00:00+00:00,8551.6736,VALID,5.5351680000000005,VALID,Warning,WARN: High flow rate detected (Flood risk)
2026-04-12 23:00:00+00:00,8537.5152,VALID,5.532120000000001,VALID,Warning,WARN: High flow rate detected (Flood risk)
2026-04-13 00:00:00+00:00,8537.5152,VALID,5.532120000000001,VALID,Warning,WARN: High flow rate detected (Flood risk)
2026-04-13 01:00:00+00:00,8537.5152,VALID,5.529072000000001,VALID,Warning,WARN: High flow rate detected (Flood risk)
2026-04-13 02:00:00+00:00,8523.3568,VALID,5.513832,VALID,Warning,WARN: High flow rate detected (Flood risk)
2026-04-13 03:00:00+00:00,8509.1984,VALID,5.515356000000001,VALID,Warning,WARN: High flow rate detected (Flood risk)
2026-04-13 04:00:00+00:00,8495.039999999999,VALID,5.50164,VALID,Warning,WARN: High flow rate detected (Flood risk)
2026-04-13 05:00:00+00:00,8495.039999999999,VALID,5.50164,VALID,Warning,WARN: High flow rate detected (Flood risk)
2026-04-13 06:00:00+00:00,8495.039999999999,VALID,5.492496,VALID,Warning,WARN: High flow rate detected (Flood risk)
2026-04-13 07:00:00+00:00,8495.039999999999,VALID,5.495544000000001,VALID,Warning,WARN: High flow rate detected (Flood risk)
2026-04-13 08:00:00+00:00,8480.8816,VALID,5.490972000000001,VALID,Warning,WARN: High flow rate detected (Flood risk)
2026-04-13 09:00:00+00:00,8466.7232,VALID,5.483352,VALID,Warning,WARN: High flow rate detected (Flood risk)
2026-04-13 10:00:00+00:00,8466.7232,VALID,5.4879240000000005,VALID,Warning,WARN: High flow rate detected (Flood risk)
2026-04-13 11:00:00+00:00,8466.7232,VALID,5.47878,VALID,Warning,WARN: High flow rate detected (Flood risk)
2026-04-13 12:00:00+00:00,8452.5648,VALID,5.474208000000001,VALID,Warning,WARN: High flow rate detected (Flood risk)
2026-04-13 13:00:00+00:00,8438.4064,VALID,5.469636,VALID,Warning,WARN: High flow rate detected (Flood risk)
2026-04-13 14:00:00+00:00,8452.5648,VALID,5.469636,VALID,Warning,WARN: High flow rate detected (Flood risk)
2026-04-13 15:00:00+00:00,8452.5648,VALID,5.471160000000001,VALID,Warning,WARN: High flow rate detected (Flood risk)
2026-04-13 16:00:00+00:00,8452.5648,VALID,5.471159999999999,VALID,Warning,WARN: High flow rate detected (Flood risk)
2026-04-13 17:00:00+00:00,8438.4064,VALID,5.457444000000001,VALID,Warning,WARN: High flow rate detected (Flood risk)
2026-04-13 18:00:00+00:00,8424.248,VALID,5.454396,VALID,Warning,WARN: High flow rate detected (Flood risk)
2026-04-13 19:00:00+00:00,8438.4064,VALID,5.462016000000001,VALID,Warning,WARN: High flow rate detected (Flood risk)
2026-04-13 20:00:00+00:00,8438.4064,VALID,5.46354,VALID,Warning,WARN: High flow rate detected (Flood risk)
2026-04-13 21:00:00+00:00,8438.4064,VALID,5.46354,VALID,Warning,WARN: High flow rate detected (Flood risk)
2026-04-13 22:00:00+00:00,8452.5648,VALID,5.475732000000001,VALID,Warning,WARN: High flow rate detected (Flood risk)
2026-04-13 23:00:00+00:00,8452.5648,VALID,5.481828,VALID,Warning,WARN: High flow rate detected (Flood risk)
2026-04-14 00:00:00+00:00,8438.4064,VALID,5.475732000000001,VALID,Warning,WARN: High flow rate detected (Flood risk)
2026-04-14 01:00:00+00:00,8438.4064,VALID,5.475732000000001,VALID,Warning,WARN: High flow rate detected (Flood risk)
2026-04-14 02:00:00+00:00,8466.7232,VALID,5.489448,VALID,Warning,WARN: High flow rate detected (Flood risk)
2026-04-14 03:00:00+00:00,8438.4064,VALID,5.475732000000001,VALID,Warning,WARN: High flow rate detected (Flood risk)
2026-04-14 04:00:00+00:00,8466.7232,VALID,5.492496,VALID,Warning,WARN: High flow rate detected (Flood risk)
2026-04-14 05:00:00+00:00,8452.5648,VALID,5.483352,VALID,Warning,WARN: High flow rate detected (Flood risk)
2026-04-14 06:00:00+00:00,8466.7232,VALID,5.490972,VALID,Warning,WARN: High flow rate detected (Flood risk)
2026-04-14 07:00:00+00:00,8480.8816,VALID,5.503164,VALID,Warning,WARN: High flow rate detected (Flood risk)
2026-04-14 08:00:00+00:00,8495.039999999999,VALID,5.50926,VALID,Warning,WARN: High flow rate detected (Flood risk)
2026-04-14 09:00:00+00:00,8495.039999999999,VALID,5.512308000000001,VALID,Warning,WARN: High flow rate detected (Flood risk)
2026-04-14 10:00:00+00:00,8495.039999999999,VALID,5.5168800000000005,VALID,Warning,WARN: High flow rate detected (Flood risk)
2026-04-14 11:00:00+00:00,8509.1984,VALID,5.521452,VALID,Warning,WARN: High flow rate detected (Flood risk)
2026-04-14 12:00:00+00:00,8523.3568,VALID,5.53212,VALID,Warning,WARN: High flow rate detected (Flood risk)
2026-04-14 13:00:00+00:00,8523.3568,VALID,5.533644000000001,VALID,Warning,WARN: High flow rate detected (Flood risk)
2026-04-14 14:00:00+00:00,8523.3568,VALID,5.541264000000001,VALID,Warning,WARN: High flow rate detected (Flood risk)
2026-04-14 15:00:00+00:00,8551.6736,VALID,5.550408000000001,VALID,Warning,WARN: High flow rate detected (Flood risk)
2026-04-14 16:00:00+00:00,8565.832,VALID,5.5626,VALID,Warning,WARN: High flow rate detected (Flood risk)
2026-04-14 17:00:00+00:00,8565.832,VALID,5.565648,VALID,Warning,WARN: High flow rate detected (Flood risk)
2026-04-14 18:00:00+00:00,8565.832,VALID,5.565648,VALID,Warning,WARN: High flow rate detected (Flood risk)
2026-04-14 19:00:00+00:00,8594.148799999999,VALID,5.590032000000001,VALID,Warning,WARN: High flow rate detected (Flood risk)
2026-04-14 20:00:00+00:00,8608.3072,VALID,5.594604,VALID,Warning,WARN: High flow rate detected (Flood risk)
2026-04-14 21:00:00+00:00,8622.4656,VALID,5.606796,VALID,Warning,WARN: High flow rate detected (Flood risk)
2026-04-14 22:00:00+00:00,8650.7824,VALID,5.6220360000000005,VALID,Warning,WARN: High flow rate detected (Flood risk)
2026-04-14 23:00:00+00:00,8664.9408,VALID,5.637276,VALID,Warning,WARN: High flow rate detected (Flood risk)
2026-04-15 00:00:00+00:00,8679.0992,VALID,5.6509920000000005,VALID,Warning,WARN: High flow rate detected (Flood risk)
2026-04-15 01:00:00+00:00,8664.9408,VALID,5.641848,VALID,Warning,WARN: High flow rate detected (Flood risk)
2026-04-15 02:00:00+00:00,8679.0992,VALID,5.652516,VALID,Warning,WARN: High flow rate detected (Flood risk)
2026-04-15 03:00:00+00:00,8679.0992,VALID,5.655564,VALID,Warning,WARN: High flow rate detected (Flood risk)
2026-04-15 04:00:00+00:00,8693.257599999999,VALID,5.6616599999999995,VALID,Warning,WARN: High flow rate detected (Flood risk)
2026-04-15 05:00:00+00:00,8721.5744,VALID,5.6769,VALID,Warning,WARN: High flow rate detected (Flood risk)
2026-04-15 06:00:00+00:00,8721.5744,VALID,5.678424000000001,VALID,Warning,WARN: High flow rate detected (Flood risk)
2026-04-15 07:00:00+00:00,8721.5744,VALID,5.68452,VALID,Warning,WARN: High flow rate detected (Flood risk)
2026-04-15 08:00:00+00:00,8749.8912,VALID,5.69214,VALID,Warning,WARN: High flow rate detected (Flood risk)
2026-04-15 09:00:00+00:00,8735.7328,VALID,5.684520000000001,VALID,Warning,WARN: High flow rate detected (Flood risk)
2026-04-15 10:00:00+00:00,8749.8912,VALID,5.690616000000001,VALID,Warning,WARN: High flow rate detected (Flood risk)
2026-04-15 11:00:00+00:00,8749.8912,VALID,5.702808,VALID,Warning,WARN: High flow rate detected (Flood risk)
2026-04-15 12:00:00+00:00,8764.0496,VALID,5.704332,VALID,Warning,WARN: High flow rate detected (Flood risk)
2026-04-15 13:00:00+00:00,8778.208,VALID,5.716524,VALID,Warning,WARN: High flow rate detected (Flood risk)
2026-04-15 14:00:00+00:00,8778.208,VALID,5.725668000000001,VALID,Warning,WARN: High flow rate detected (Flood risk)
2026-04-15 15:00:00+00:00,8792.366399999999,VALID,5.733288,VALID,Warning,WARN: High flow rate detected (Flood risk)
2026-04-15 16:00:00+00:00,8834.8416,VALID,5.757672000000001,VALID,Warning,WARN: High flow rate detected (Flood risk)
2026-04-15 17:00:00+00:00,8863.1584,VALID,5.774436000000001,VALID,Warning,WARN: High flow rate detected (Flood risk)
2026-04-15 18:00:00+00:00,8863.1584,VALID,5.77596,VALID,Warning,WARN: High flow rate detected (Flood risk)
2026-04-15 19:00:00+00:00,8891.4752,VALID,5.798820000000001,VALID,Warning,WARN: High flow rate detected (Flood risk)
2026-04-15 20:00:00+00:00,8919.792,VALID,5.820156,VALID,Warning,WARN: High flow rate detected (Flood risk)
2026-04-15 21:00:00+00:00,8948.1088,VALID,5.839968000000001,VALID,Warning,WARN: High flow rate detected (Flood risk)
2026-04-15 22:00:00+00:00,8976.4256,VALID,5.8613040000000005,VALID,Warning,WARN: High flow rate detected (Flood risk)
2026-04-15 23:00:00+00:00,9018.9008,VALID,5.890260000000001,VALID,Warning,WARN: High flow rate detected (Flood risk)
2026-04-16 00:00:00+00:00,9075.5344,VALID,5.9192160000000005,VALID,Warning,WARN: High flow rate detected (Flood risk)
2026-04-16 01:00:00+00:00,9089.6928,VALID,5.929884,VALID,Warning,WARN: High flow rate detected (Flood risk)
2026-04-16 02:00:00+00:00,9132.168,VALID,5.9573160000000005,VALID,Warning,WARN: High flow rate detected (Flood risk)
2026-04-16 03:00:00+00:00,9146.3264,VALID,5.972556000000001,VALID,Warning,WARN: High flow rate detected (Flood risk)
2026-04-16 04:00:00+00:00,9231.2768,VALID,6.030468000000001,VALID,Warning,WARN: High flow rate detected (Flood risk)
2026-04-16 05:00:00+00:00,9287.9104,VALID,6.067044000000001,VALID,Warning,WARN: High flow rate detected (Flood risk)
2026-04-16 06:00:00+00:00,9344.544,VALID,6.1005720000000005,VALID,Warning,WARN: High flow rate detected (Flood risk)
2026-04-16 07:00:00+00:00,9387.019199999999,VALID,6.131052,VALID,Warning,WARN: High flow rate detected (Flood risk)
2026-04-16 08:00:00+00:00,9429.4944,VALID,6.161532,VALID,Warning,WARN: High flow rate detected (Flood risk)
2026-04-16 09:00:00+00:00,9486.128,VALID,6.196584,VALID,Warning,WARN: High flow rate detected (Flood risk)
2026-04-16 10:00:00+00:00,9528.6032,VALID,6.222492000000001,VALID,Warning,WARN: High flow rate detected (Flood risk)
2026-04-16 11:00:00+00:00,9585.236799999999,VALID,6.252972000000001,VALID,Warning,WARN: High flow rate detected (Flood risk)
2026-04-16 12:00:00+00:00,9613.5536,VALID,6.2743079999999996,VALID,Warning,WARN: High flow rate detected (Flood risk)
2026-04-16 13:00:00+00:00,9684.3456,VALID,6.3215520000000005,VALID,Warning,WARN: High flow rate detected (Flood risk)
2026-04-16 14:00:00+00:00,9712.662400000001,VALID,6.3413640000000004,VALID,Warning,WARN: High flow rate detected (Flood risk)
2026-04-16 15:00:00+00:00,9783.454399999999,VALID,6.390132,VALID,Warning,WARN: High flow rate detected (Flood risk)
2026-04-16 16:00:00+00:00,9825.9296,VALID,6.4175640000000005,VALID,Warning,WARN: High flow rate detected (Flood risk)
2026-04-16 17:00:00+00:00,9882.5632,VALID,6.4465200000000005,VALID,Warning,WARN: High flow rate detected (Flood risk)
2026-04-16 18:00:00+00:00,9896.7216,VALID,6.463284000000001,VALID,Warning,WARN: High flow rate detected (Flood risk)
2026-04-16 19:00:00+00:00,9967.5136,VALID,6.502908,VALID,Warning,WARN: High flow rate detected (Flood risk)
2026-04-16 20:00:00+00:00,9995.830399999999,VALID,6.52272,VALID,Warning,WARN: High flow rate detected (Flood risk)
2026-04-16 21:00:00+00:00,10024.1472,VALID,6.536436,VALID,Warning,WARN: High flow rate detected (Flood risk)
2026-04-16 22:00:00+00:00,10080.7808,VALID,6.56844,VALID,Warning,WARN: High flow rate detected (Flood risk)
2026-04-16 23:00:00+00:00,10080.7808,VALID,6.56844,VALID,Warning,WARN: High flow rate detected (Flood risk)
2026-04-17 00:00:00+00:00,10137.4144,VALID,6.601968,VALID,Warning,WARN: High flow rate detected (Flood risk)
2026-04-17 01:00:00+00:00,10137.4144,VALID,6.605016000000001,VALID,Warning,WARN: High flow rate detected (Flood risk)
2026-04-17 02:00:00+00:00,10151.5728,VALID,6.62178,VALID,Warning,WARN: High flow rate detected (Flood risk)
2026-04-17 03:00:00+00:00,10165.7312,VALID,6.626352,VALID,Warning,WARN: High flow rate detected (Flood risk)
2026-04-17 04:00:00+00:00,10194.048,VALID,6.641592000000001,VALID,Warning,WARN: High flow rate detected (Flood risk)
2026-04-17 05:00:00+00:00,10179.8896,VALID,6.6278760000000005,VALID,Warning,WARN: High flow rate detected (Flood risk)
2026-04-17 06:00:00+00:00,10179.8896,VALID,6.638544000000001,VALID,Warning,WARN: High flow rate detected (Flood risk)
2026-04-17 07:00:00+00:00,10179.8896,VALID,6.635496000000001,VALID,Warning,WARN: High flow rate detected (Flood risk)
2026-04-17 08:00:00+00:00,10222.3648,VALID,6.655308,VALID,Warning,WARN: High flow rate detected (Flood risk)
2026-04-17 09:00:00+00:00,10179.8896,VALID,6.638544,VALID,Warning,WARN: High flow rate detected (Flood risk)
2026-04-17 10:00:00+00:00,10208.2064,VALID,6.653784,VALID,Warning,WARN: High flow rate detected (Flood risk)
2026-04-17 11:00:00+00:00,10208.2064,VALID,6.656832,VALID,Warning,WARN: High flow rate detected (Flood risk)
2026-04-17 12:00:00+00:00,10208.2064,VALID,6.649212,VALID,Warning,WARN: High flow rate detected (Flood risk)
2026-04-17 13:00:00+00:00,10208.2064,VALID,6.650736,VALID,Warning,WARN: High flow rate detected (Flood risk)
2026-04-17 14:00:00+00:00,10222.3648,VALID,6.653784,VALID,Warning,WARN: High flow rate detected (Flood risk)
2026-04-17 15:00:00+00:00,10222.3648,VALID,6.665976000000001,VALID,Warning,WARN: High flow rate detected (Flood risk)
2026-04-17 16:00:00+00:00,10222.3648,VALID,6.661404000000001,VALID,Warning,WARN: High flow rate detected (Flood risk)
2026-04-17 17:00:00+00:00,10236.5232,VALID,6.65988,VALID,Warning,WARN: High flow rate detected (Flood risk)
2026-04-17 18:00:00+00:00,10222.3648,VALID,6.662928000000001,VALID,Warning,WARN: High flow rate detected (Flood risk)
2026-04-17 19:00:00+00:00,10236.5232,VALID,6.665976000000001,VALID,Warning,WARN: High flow rate detected (Flood risk)
2026-04-17 20:00:00+00:00,10194.048,VALID,6.647688,VALID,Warning,WARN: High flow rate detected (Flood risk)
2026-04-17 21:00:00+00:00,10222.3648,VALID,6.6583559999999995,VALID,Warning,WARN: High flow rate detected (Flood risk)
2026-04-17 22:00:00+00:00,10236.5232,VALID,6.65988,VALID,Warning,WARN: High flow rate detected (Flood risk)
2026-04-17 23:00:00+00:00,10222.3648,VALID,6.653784,VALID,Warning,WARN: High flow rate detected (Flood risk)
2026-04-18 00:00:00+00:00,10208.2064,VALID,6.6476880000000005,VALID,Warning,WARN: High flow rate detected (Flood risk)
2026-04-18 01:00:00+00:00,10208.2064,VALID,6.6476880000000005,VALID,Warning,WARN: High flow rate detected (Flood risk)
2026-04-18 02:00:00+00:00,10194.048,VALID,6.640068,VALID,Warning,WARN: High flow rate detected (Flood risk)
2026-04-18 03:00:00+00:00,10194.048,VALID,6.633972,VALID,Warning,WARN: High flow rate detected (Flood risk)
2026-04-18 04:00:00+00:00,10194.048,VALID,6.635496000000001,VALID,Warning,WARN: High flow rate detected (Flood risk)
2026-04-18 05:00:00+00:00,10165.7312,VALID,6.620256,VALID,Warning,WARN: High flow rate detected (Flood risk)
2026-04-18 06:00:00+00:00,10165.7312,VALID,6.620256,VALID,Warning,WARN: High flow rate detected (Flood risk)
2026-04-18 07:00:00+00:00,10165.7312,VALID,6.624828,VALID,Warning,WARN: High flow rate detected (Flood risk)
2026-04-18 08:00:00+00:00,10165.7312,VALID,6.617208000000001,VALID,Warning,WARN: High flow rate detected (Flood risk)
2026-04-18 09:00:00+00:00,10179.8896,VALID,6.630924,VALID,Warning,WARN: High flow rate detected (Flood risk)
2026-04-18 10:00:00+00:00,10194.048,VALID,6.6385440000000004,VALID,Warning,WARN: High flow rate detected (Flood risk)
2026-04-18 11:00:00+00:00,10208.2064,VALID,6.643116,VALID,Warning,WARN: High flow rate detected (Flood risk)
2026-04-18 12:00:00+00:00,10194.048,VALID,6.646164000000001,VALID,Warning,WARN: High flow rate detected (Flood risk)
2026-04-18 13:00:00+00:00,10194.048,VALID,6.641592,VALID,Warning,WARN: High flow rate detected (Flood risk)
2026-04-18 14:00:00+00:00,10222.3648,VALID,6.6568320000000005,VALID,Warning,WARN: High flow rate detected (Flood risk)
2026-04-18 15:00:00+00:00,10236.5232,VALID,6.656832,VALID,Warning,WARN: High flow rate detected (Flood risk)
2026-04-18 16:00:00+00:00,10250.6816,VALID,6.6675,VALID,Warning,WARN: High flow rate detected (Flood risk)
2026-04-18 17:00:00+00:00,10250.6816,VALID,6.6675,VALID,Warning,WARN: High flow rate detected (Flood risk)
2026-04-18 18:00:00+00:00,10250.6816,VALID,6.669024,VALID,Warning,WARN: High flow rate detected (Flood risk)
2026-04-18 19:00:00+00:00,10264.84,VALID,6.684264000000001,VALID,Warning,WARN: High flow rate detected (Flood risk)
2026-04-18 20:00:00+00:00,10293.1568,VALID,6.69798,VALID,Warning,WARN: High flow rate detected (Flood risk)
2026-04-18 21:00:00+00:00,10278.9984,VALID,6.691884,VALID,Warning,WARN: High flow rate detected (Flood risk)
2026-04-18 22:00:00+00:00,10335.632,VALID,6.717792,VALID,Warning,WARN: High flow rate detected (Flood risk)
2026-04-18 23:00:00+00:00,10293.1568,VALID,6.699504000000001,VALID,Warning,WARN: High flow rate detected (Flood risk)
2026-04-19 00:00:00+00:00,10363.9488,VALID,6.737604000000001,VALID,Warning,WARN: High flow rate detected (Flood risk)
2026-04-19 01:00:00+00:00,10378.1072,VALID,6.751320000000001,VALID,Warning,WARN: High flow rate detected (Flood risk)
2026-04-19 02:00:00+00:00,10406.423999999999,VALID,6.7619880000000006,VALID,Warning,WARN: High flow rate detected (Flood risk)
2026-04-19 03:00:00+00:00,10420.5824,VALID,6.771132,VALID,Warning,WARN: High flow rate detected (Flood risk)
2026-04-19 04:00:00+00:00,10463.0576,VALID,6.793992,VALID,Warning,WARN: High flow rate detected (Flood risk)
2026-04-19 05:00:00+00:00,10491.3744,VALID,6.818376000000001,VALID,Warning,WARN: High flow rate detected (Flood risk)
2026-04-19 06:00:00+00:00,10548.008,VALID,6.84276,VALID,Warning,WARN: High flow rate detected (Flood risk)
2026-04-19 07:00:00+00:00,10576.3248,VALID,6.870191999999999,VALID,Warning,WARN: High flow rate detected (Flood risk)
2026-04-19 08:00:00+00:00,10647.1168,VALID,6.900672,VALID,Warning,WARN: High flow rate detected (Flood risk)
2026-04-19 09:00:00+00:00,10703.7504,VALID,6.940296,VALID,Warning,WARN: High flow rate detected (Flood risk)
2026-04-19 10:00:00+00:00,10760.384,VALID,6.976872,VALID,Warning,WARN: High flow rate detected (Flood risk)
2026-04-19 11:00:00+00:00,10817.0176,VALID,7.010400000000001,VALID,Warning,WARN: High flow rate detected (Flood risk)
2026-04-19 12:00:00+00:00,10901.968,VALID,7.054596,VALID,Warning,WARN: High flow rate detected (Flood risk)
2026-04-19 13:00:00+00:00,10958.6016,VALID,7.086600000000001,VALID,Warning,WARN: High flow rate detected (Flood risk)
2026-04-19 14:00:00+00:00,11029.3936,VALID,7.127748,VALID,Warning,WARN: High flow rate detected (Flood risk)
2026-04-19 15:00:00+00:00,11128.5024,VALID,7.18566,VALID,Warning,WARN: High flow rate detected (Flood risk)
2026-04-19 16:00:00+00:00,11156.8192,VALID,7.2039480000000005,VALID,Warning,WARN: High flow rate detected (Flood risk)
2026-04-19 17:00:00+00:00,11255.928,VALID,7.254239999999999,VALID,Warning,WARN: High flow rate detected (Flood risk)
2026-04-19 18:00:00+00:00,11340.878400000001,VALID,7.298436000000001,VALID,Warning,WARN: High flow rate detected (Flood risk)
2026-04-19 19:00:00+00:00,11411.670399999999,VALID,7.333488000000001,VALID,Warning,WARN: High flow rate detected (Flood risk)
2026-04-19 20:00:00+00:00,11468.304,VALID,7.365492000000001,VALID,Warning,WARN: High flow rate detected (Flood risk)
2026-04-19 21:00:00+00:00,11539.096,VALID,7.400544,VALID,Warning,WARN: High flow rate detected (Flood risk)
2026-04-19 22:00:00+00:00,11624.0464,VALID,7.440168,VALID,Warning,WARN: High flow rate detected (Flood risk)
2026-04-19 23:00:00+00:00,11666.5216,VALID,7.456932,VALID,Warning,WARN: High flow rate detected (Flood risk)
2026-04-20 00:00:00+00:00,11723.155200000001,VALID,7.484364,VALID,Warning,WARN: High flow rate detected (Flood risk)
2026-04-20 01:00:00+00:00,11723.155200000001,VALID,7.48284,VALID,Warning,WARN: High flow rate detected (Flood risk)
2026-04-20 02:00:00+00:00,11779.7888,VALID,7.51332,VALID,Warning,WARN: High flow rate detected (Flood risk)
2026-04-20 03:00:00+00:00,11793.947199999999,VALID,7.511796,VALID,Warning,WARN: High flow rate detected (Flood risk)
2026-04-20 04:00:00+00:00,11878.8976,VALID,7.5590399999999995,VALID,Warning,WARN: High flow rate detected (Flood risk)
2026-04-20 05:00:00+00:00,11893.056,VALID,7.562088000000001,VALID,Warning,WARN: High flow rate detected (Flood risk)
2026-04-20 06:00:00+00:00,11921.3728,VALID,7.577328000000001,VALID,Warning,WARN: High flow rate detected (Flood risk)
2026-04-20 07:00:00+00:00,11949.6896,VALID,7.584948000000001,VALID,Warning,WARN: High flow rate detected (Flood risk)
2026-04-20 08:00:00+00:00,11963.848,VALID,7.5971400000000004,VALID,Warning,WARN: High flow rate detected (Flood risk)
2026-04-20 09:00:00+00:00,12020.4816,VALID,7.618475999999999,VALID,Warning,WARN: High flow rate detected (Flood risk)
2026-04-20 10:00:00+00:00,11992.1648,VALID,7.607808,VALID,Warning,WARN: High flow rate detected (Flood risk)
2026-04-20 11:00:00+00:00,12034.64,VALID,7.621524000000001,VALID,Warning,WARN: High flow rate detected (Flood risk)
2026-04-20 12:00:00+00:00,12020.4816,VALID,7.618476000000001,VALID,Warning,WARN: High flow rate detected (Flood risk)
2026-04-20 13:00:00+00:00,12048.7984,VALID,7.62762,VALID,Warning,WARN: High flow rate detected (Flood risk)
2026-04-20 14:00:00+00:00,12020.4816,VALID,7.616952,VALID,Warning,WARN: High flow rate detected (Flood risk)
2026-04-20 15:00:00+00:00,12034.64,VALID,7.623048000000001,VALID,Warning,WARN: High flow rate detected (Flood risk)
2026-04-20 16:00:00+00:00,12062.9568,VALID,7.639812000000001,VALID,Warning,WARN: High flow rate detected (Flood risk)
2026-04-20 17:00:00+00:00,12048.7984,VALID,7.630668,VALID,Warning,WARN: High flow rate detected (Flood risk)
2026-04-20 18:00:00+00:00,12119.5904,VALID,7.659624000000001,VALID,Warning,WARN: High flow rate detected (Flood risk)
2026-04-20 19:00:00+00:00,12105.432,VALID,7.652004,VALID,Warning,WARN: High flow rate detected (Flood risk)
2026-04-20 20:00:00+00:00,12034.64,VALID,7.623048000000001,VALID,Warning,WARN: High flow rate detected (Flood risk)
2026-04-20 21:00:00+00:00,12062.9568,VALID,7.632192000000001,VALID,Warning,WARN: High flow rate detected (Flood risk)
2026-04-20 22:00:00+00:00,12105.432,VALID,7.655052,VALID,Warning,WARN: High flow rate detected (Flood risk)
2026-04-20 23:00:00+00:00,12147.9072,VALID,7.67334,VALID,Warning,WARN: High flow rate detected (Flood risk)
2026-04-21 00:00:00+00:00,12147.9072,VALID,7.674864,VALID,Warning,WARN: High flow rate detected (Flood risk)
2026-04-21 01:00:00+00:00,12190.3824,VALID,7.687056,VALID,Warning,WARN: High flow rate detected (Flood risk)
2026-04-21 02:00:00+00:00,12204.5408,VALID,7.697724,VALID,Warning,WARN: High flow rate detected (Flood risk)
2026-04-21 03:00:00+00:00,12204.540799999999,VALID,7.697724,VALID,Warning,WARN: High flow rate detected (Flood risk)
2026-04-21 04:00:00+00:00,12204.5408,VALID,7.697724000000001,VALID,Warning,WARN: High flow rate detected (Flood risk)
2026-04-21 05:00:00+00:00,12218.6992,VALID,7.706868,VALID,Warning,WARN: High flow rate detected (Flood risk)
2026-04-21 06:00:00+00:00,12261.1744,VALID,7.717536000000001,VALID,Warning,WARN: High flow rate detected (Flood risk)
2026-04-21 07:00:00+00:00,12247.016,VALID,7.714488000000001,VALID,Warning,WARN: High flow rate detected (Flood risk)
2026-04-21 08:00:00+00:00,12275.3328,VALID,7.726680000000001,VALID,Warning,WARN: High flow rate detected (Flood risk)
2026-04-21 09:00:00+00:00,12275.3328,VALID,7.725156,VALID,Warning,WARN: High flow rate detected (Flood risk)
2026-04-21 10:00:00+00:00,12303.6496,VALID,7.7403960000000005,VALID,Warning,WARN: High flow rate detected (Flood risk)
2026-04-21 11:00:00+00:00,12289.4912,VALID,7.732775999999999,VALID,Warning,WARN: High flow rate detected (Flood risk)
2026-04-21 12:00:00+00:00,12303.6496,VALID,7.7403960000000005,VALID,Warning,WARN: High flow rate detected (Flood risk)
2026-04-21 13:00:00+00:00,12289.4912,VALID,7.735824000000001,VALID,Warning,WARN: High flow rate detected (Flood risk)
2026-04-21 14:00:00+00:00,12346.1248,VALID,7.751064,VALID,Warning,WARN: High flow rate detected (Flood risk)
2026-04-21 15:00:00+00:00,12346.1248,VALID,7.751064,VALID,Warning,WARN: High flow rate detected (Flood risk)
2026-04-21 16:00:00+00:00,12388.6,VALID,7.773924,VALID,Warning,WARN: High flow rate detected (Flood risk)
2026-04-21 17:00:00+00:00,12402.7584,VALID,7.7784960000000005,VALID,Warning,WARN: High flow rate detected (Flood risk)
2026-04-21 18:00:00+00:00,12374.4416,VALID,7.7693520000000005,VALID,Warning,WARN: High flow rate detected (Flood risk)
2026-04-21 19:00:00+00:00,12388.6,VALID,7.776972000000001,VALID,Warning,WARN: High flow rate detected (Flood risk)
2026-04-21 20:00:00+00:00,12416.916799999999,VALID,7.781544,VALID,Warning,WARN: High flow rate detected (Flood risk)
2026-04-21 21:00:00+00:00,12416.916799999999,VALID,7.784592000000001,VALID,Warning,WARN: High flow rate detected (Flood risk)
2026-04-21 22:00:00+00:00,12374.4416,VALID,7.767828,VALID,Warning,WARN: High flow rate detected (Flood risk)
2026-04-21 23:00:00+00:00,12374.4416,VALID,7.766304,VALID,Warning,WARN: High flow rate detected (Flood risk)
2026-04-22 00:00:00+00:00,12374.4416,VALID,7.767828,VALID,Warning,WARN: High flow rate detected (Flood risk)
2026-04-22 01:00:00+00:00,12360.2832,VALID,7.760208,VALID,Warning,WARN: High flow rate detected (Flood risk)
2026-04-22 02:00:00+00:00,12303.6496,VALID,7.735824000000001,VALID,Warning,WARN: High flow rate detected (Flood risk)
2026-04-22 03:00:00+00:00,12275.3328,VALID,7.725156,VALID,Warning,WARN: High flow rate detected (Flood risk)
2026-04-22 04:00:00+00:00,12261.1744,VALID,7.714488000000001,VALID,Warning,WARN: High flow rate detected (Flood risk)
2026-04-22 05:00:00+00:00,12261.1744,VALID,7.719060000000001,VALID,Warning,WARN: High flow rate detected (Flood risk)
2026-04-22 06:00:00+00:00,12247.016,VALID,7.706868,VALID,Warning,WARN: High flow rate detected (Flood risk)
2026-04-22 07:00:00+00:00,12190.3824,VALID,7.680960000000001,VALID,Warning,WARN: High flow rate detected (Flood risk)
2026-04-22 08:00:00+00:00,12204.540799999999,VALID,7.693152,VALID,Warning,WARN: High flow rate detected (Flood risk)
2026-04-22 09:00:00+00:00,12176.224,VALID,7.677912,VALID,Warning,WARN: High flow rate detected (Flood risk)
2026-04-22 10:00:00+00:00,12147.9072,VALID,7.668768,VALID,Warning,WARN: High flow rate detected (Flood risk)
2026-04-22 11:00:00+00:00,12119.590400000001,VALID,7.65048,VALID,Warning,WARN: High flow rate detected (Flood risk)
2026-04-22 12:00:00+00:00,12105.432,VALID,7.642860000000001,VALID,Warning,WARN: High flow rate detected (Flood risk)
2026-04-22 13:00:00+00:00,12048.7984,VALID,7.620000000000001,VALID,Warning,WARN: High flow rate detected (Flood risk)
2026-04-22 14:00:00+00:00,12034.64,VALID,7.613904,VALID,Warning,WARN: High flow rate detected (Flood risk)
2026-04-22 15:00:00+00:00,12048.7984,VALID,7.62,VALID,Warning,WARN: High flow rate detected (Flood risk)
2026-04-22 16:00:00+00:00,12006.3232,VALID,7.598664,VALID,Warning,WARN: High flow rate detected (Flood risk)
2026-04-22 17:00:00+00:00,11978.0064,VALID,7.583424000000001,VALID,Warning,WARN: High flow rate detected (Flood risk)
2026-04-22 18:00:00+00:00,11949.6896,VALID,7.571232,VALID,Warning,WARN: High flow rate detected (Flood risk)
2026-04-22 19:00:00+00:00,11921.372800000001,VALID,7.560564,VALID,Warning,WARN: High flow rate detected (Flood risk)
2026-04-22 20:00:00+00:00,11935.5312,VALID,7.566660000000001,VALID,Warning,WARN: High flow rate detected (Flood risk)
2026-04-22 21:00:00+00:00,11907.2144,VALID,7.549896,VALID,Warning,WARN: High flow rate detected (Flood risk)
2026-04-22 22:00:00+00:00,11878.8976,VALID,7.542276,VALID,Warning,WARN: High flow rate detected (Flood risk)
2026-04-22 23:00:00+00:00,11836.4224,VALID,7.52094,VALID,Warning,WARN: High flow rate detected (Flood risk)
2026-04-23 00:00:00+00:00,11850.5808,VALID,7.5194160000000005,VALID,Warning,WARN: High flow rate detected (Flood risk)
2026-04-23 01:00:00+00:00,11822.264,VALID,7.514844,VALID,Warning,WARN: High flow rate detected (Flood risk)
2026-04-23 02:00:00+00:00,11779.7888,VALID,7.491984,VALID,Warning,WARN: High flow rate detected (Flood risk)
2026-04-23 03:00:00+00:00,11737.3136,VALID,7.476744,VALID,Warning,WARN: High flow rate detected (Flood risk)
2026-04-23 04:00:00+00:00,11723.1552,VALID,7.463028,VALID,Warning,WARN: High flow rate detected (Flood risk)
2026-04-23 05:00:00+00:00,11708.9968,VALID,7.455408,VALID,Warning,WARN: High flow rate detected (Flood risk)
2026-04-23 06:00:00+00:00,11694.8384,VALID,7.447788000000001,VALID,Warning,WARN: High flow rate detected (Flood risk)
2026-04-23 07:00:00+00:00,11652.3632,VALID,7.4340720000000005,VALID,Warning,WARN: High flow rate detected (Flood risk)
2026-04-23 08:00:00+00:00,11638.2048,VALID,7.427976000000001,VALID,Warning,WARN: High flow rate detected (Flood risk)
2026-04-23 09:00:00+00:00,11624.0464,VALID,7.418832,VALID,Warning,WARN: High flow rate detected (Flood risk)
2026-04-23 10:00:00+00:00,11595.729599999999,VALID,7.402068,VALID,Warning,WARN: High flow rate detected (Flood risk)
2026-04-23 11:00:00+00:00,11567.4128,VALID,7.388352,VALID,Warning,WARN: High flow rate detected (Flood risk)
2026-04-23 12:00:00+00:00,11553.2544,VALID,7.38378,VALID,Warning,WARN: High flow rate detected (Flood risk)
2026-04-23 13:00:00+00:00,11510.7792,VALID,7.365492000000001,VALID,Warning,WARN: High flow rate detected (Flood risk)
2026-04-23 14:00:00+00:00,11510.7792,VALID,7.36092,VALID,Warning,WARN: High flow rate detected (Flood risk)
2026-04-23 15:00:00+00:00,11439.9872,VALID,7.335012000000001,VALID,Warning,WARN: High flow rate detected (Flood risk)
2026-04-23 16:00:00+00:00,11425.8288,VALID,7.324344,VALID,Warning,WARN: High flow rate detected (Flood risk)
2026-04-23 17:00:00+00:00,11439.9872,VALID,7.3289159999999995,VALID,Warning,WARN: High flow rate detected (Flood risk)
2026-04-23 18:00:00+00:00,11397.511999999999,VALID,7.309104,VALID,Warning,WARN: High flow rate detected (Flood risk)
2026-04-23 19:00:00+00:00,11397.511999999999,VALID,7.313676000000001,VALID,Warning,WARN: High flow rate detected (Flood risk)
2026-04-23 20:00:00+00:00,11397.511999999999,VALID,7.307580000000001,VALID,Warning,WARN: High flow rate detected (Flood risk)
2026-04-23 21:00:00+00:00,11383.3536,VALID,7.30758,VALID,Warning,WARN: High flow rate detected (Flood risk)
2026-04-23 22:00:00+00:00,11326.72,VALID,7.281672,VALID,Warning,WARN: High flow rate detected (Flood risk)
2026-04-23 23:00:00+00:00,11326.72,VALID,7.2801480000000005,VALID,Warning,WARN: High flow rate detected (Flood risk)
2026-04-24 00:00:00+00:00,11298.4032,VALID,7.26186,VALID,Warning,WARN: High flow rate detected (Flood risk)
2026-04-24 01:00:00+00:00,11298.4032,VALID,7.258812000000001,VALID,Warning,WARN: High flow rate detected (Flood risk)
2026-04-24 02:00:00+00:00,11284.2448,VALID,7.251192,VALID,Warning,WARN: High flow rate detected (Flood risk)
2026-04-24 03:00:00+00:00,11284.2448,VALID,7.2511920000000005,VALID,Warning,WARN: High flow rate detected (Flood risk)
2026-04-24 04:00:00+00:00,11255.928,VALID,7.237476000000001,VALID,Warning,WARN: High flow rate detected (Flood risk)
2026-04-24 05:00:00+00:00,11241.7696,VALID,7.22376,VALID,Warning,WARN: High flow rate detected (Flood risk)
2026-04-24 06:00:00+00:00,11227.6112,VALID,7.220712000000001,VALID,Warning,WARN: High flow rate detected (Flood risk)
2026-04-24 07:00:00+00:00,11199.294399999999,VALID,7.2039480000000005,VALID,Warning,WARN: High flow rate detected (Flood risk)
2026-04-24 08:00:00+00:00,11128.502400000001,VALID,7.17042,VALID,Warning,WARN: High flow rate detected (Flood risk)
2026-04-24 09:00:00+00:00,11170.9776,VALID,7.188708,VALID,Warning,WARN: High flow rate detected (Flood risk)
2026-04-24 10:00:00+00:00,11156.8192,VALID,7.181088,VALID,Warning,WARN: High flow rate detected (Flood risk)
2026-04-24 11:00:00+00:00,11156.8192,VALID,7.18566,VALID,Warning,WARN: High flow rate detected (Flood risk)
2026-04-24 12:00:00+00:00,11142.6608,VALID,7.168896,VALID,Warning,WARN: High flow rate detected (Flood risk)
2026-04-24 13:00:00+00:00,11142.6608,VALID,7.17042,VALID,Warning,WARN: High flow rate detected (Flood risk)
2026-04-24 14:00:00+00:00,11142.6608,VALID,7.17042,VALID,Warning,WARN: High flow rate detected (Flood risk)
2026-04-24 15:00:00+00:00,11142.6608,VALID,7.171944,VALID,Warning,WARN: High flow rate detected (Flood risk)
2026-04-24 16:00:00+00:00,11128.5024,VALID,7.165848,VALID,Warning,WARN: High flow rate detected (Flood risk)
2026-04-24 17:00:00+00:00,11142.6608,VALID,7.17042,VALID,Warning,WARN: High flow rate detected (Flood risk)
2026-04-24 18:00:00+00:00,11100.1856,VALID,7.149084,VALID,Warning,WARN: High flow rate detected (Flood risk)
2026-04-24 19:00:00+00:00,11086.0272,VALID,7.1368920000000005,VALID,Warning,WARN: High flow rate detected (Flood risk)
2026-04-24 20:00:00+00:00,11100.1856,VALID,7.14756,VALID,Warning,WARN: High flow rate detected (Flood risk)
2026-04-24 21:00:00+00:00,11100.1856,VALID,7.152132,VALID,Warning,WARN: High flow rate detected (Flood risk)
2026-04-24 22:00:00+00:00,11071.8688,VALID,7.13232,VALID,Warning,WARN: High flow rate detected (Flood risk)
2026-04-24 23:00:00+00:00,11071.8688,VALID,7.129272,VALID,Warning,WARN: High flow rate detected (Flood risk)
2026-04-25 00:00:00+00:00,11057.7104,VALID,7.124700000000001,VALID,Warning,WARN: High flow rate detected (Flood risk)
2026-04-25 01:00:00+00:00,11043.552,VALID,7.118604,VALID,Warning,WARN: High flow rate detected (Flood risk)
2026-04-25 02:00:00+00:00,11015.2352,VALID,7.104888,VALID,Warning,WARN: High flow rate detected (Flood risk)
2026-04-25 03:00:00+00:00,11001.076799999999,VALID,7.100316,VALID,Warning,WARN: High flow rate detected (Flood risk)
2026-04-25 04:00:00+00:00,10972.76,VALID,7.07898,VALID,Warning,WARN: High flow rate detected (Flood risk)
2026-04-25 05:00:00+00:00,10986.9184,VALID,7.085076000000001,VALID,Warning,WARN: High flow rate detected (Flood risk)
2026-04-25 06:00:00+00:00,10972.76,VALID,7.077456,VALID,Warning,WARN: High flow rate detected (Flood risk)
2026-04-25 07:00:00+00:00,10958.6016,VALID,7.072884,VALID,Warning,WARN: High flow rate detected (Flood risk)
2026-04-25 08:00:00+00:00,10972.76,VALID,7.075932,VALID,Warning,WARN: High flow rate detected (Flood risk)
2026-04-25 09:00:00+00:00,10944.4432,VALID,7.059168,VALID,Warning,WARN: High flow rate detected (Flood risk)
2026-04-25 10:00:00+00:00,10930.2848,VALID,7.054596,VALID,Warning,WARN: High flow rate detected (Flood risk)
2026-04-25 11:00:00+00:00,10916.126400000001,VALID,7.046976,VALID,Warning,WARN: High flow rate detected (Flood risk)
2026-04-25 12:00:00+00:00,10887.8096,VALID,7.030212000000001,VALID,Warning,WARN: High flow rate detected (Flood risk)
2026-04-25 13:00:00+00:00,10859.4928,VALID,7.013448,VALID,Warning,WARN: High flow rate detected (Flood risk)
2026-04-25 14:00:00+00:00,10859.4928,VALID,7.016496000000001,VALID,Warning,WARN: High flow rate detected (Flood risk)
2026-04-25 15:00:00+00:00,10859.4928,VALID,7.014972,VALID,Warning,WARN: High flow rate detected (Flood risk)
2026-04-25 16:00:00+00:00,10817.0176,VALID,6.9921120000000005,VALID,Warning,WARN: High flow rate detected (Flood risk)
2026-04-25 17:00:00+00:00,10831.176,VALID,6.996684,VALID,Warning,WARN: High flow rate detected (Flood risk)
2026-04-25 18:00:00+00:00,10802.859199999999,VALID,6.981444000000001,VALID,Warning,WARN: High flow rate detected (Flood risk)
2026-04-25 19:00:00+00:00,10817.0176,VALID,6.9921120000000005,VALID,Warning,WARN: High flow rate detected (Flood risk)
2026-04-25 20:00:00+00:00,10802.859199999999,VALID,6.97992,VALID,Warning,WARN: High flow rate detected (Flood risk)
2026-04-25 21:00:00+00:00,10774.5424,VALID,6.967728000000001,VALID,Warning,WARN: High flow rate detected (Flood risk)
2026-04-25 22:00:00+00:00,10788.7008,VALID,6.972300000000001,VALID,Warning,WARN: High flow rate detected (Flood risk)
2026-04-25 23:00:00+00:00,10774.5424,VALID,6.967728000000001,VALID,Warning,WARN: High flow rate detected (Flood risk)
2026-04-26 00:00:00+00:00,10760.384,VALID,6.950964000000001,VALID,Warning,WARN: High flow rate detected (Flood risk)
2026-04-26 01:00:00+00:00,10732.0672,VALID,6.943344,VALID,Warning,WARN: High flow rate detected (Flood risk)
2026-04-26 02:00:00+00:00,10717.9088,VALID,6.937248,VALID,Warning,WARN: High flow rate detected (Flood risk)
2026-04-26 03:00:00+00:00,10717.9088,VALID,6.934200000000001,VALID,Warning,WARN: High flow rate detected (Flood risk)
2026-04-26 04:00:00+00:00,10703.750399999999,VALID,6.920484,VALID,Warning,WARN: High flow rate detected (Flood risk)
2026-04-26 05:00:00+00:00,10675.4336,VALID,6.908292000000001,VALID,Warning,WARN: High flow rate detected (Flood risk)
2026-04-26 06:00:00+00:00,10675.4336,VALID,6.909816000000001,VALID,Warning,WARN: High flow rate detected (Flood risk)
2026-04-26 07:00:00+00:00,10675.4336,VALID,6.908292000000001,VALID,Warning,WARN: High flow rate detected (Flood risk)
2026-04-26 08:00:00+00:00,10647.1168,VALID,6.896100000000001,VALID,Warning,WARN: High flow rate detected (Flood risk)
2026-04-26 09:00:00+00:00,10647.1168,VALID,6.88848,VALID,Warning,WARN: High flow rate detected (Flood risk)
2026-04-26 10:00:00+00:00,10632.9584,VALID,6.879336,VALID,Warning,WARN: High flow rate detected (Flood risk)
2026-04-26 11:00:00+00:00,10618.8,VALID,6.88086,VALID,Warning,WARN: High flow rate detected (Flood risk)
2026-04-26 12:00:00+00:00,10590.483199999999,VALID,6.859524,VALID,Warning,WARN: High flow rate detected (Flood risk)
2026-04-26 13:00:00+00:00,10590.483199999999,VALID,6.862572,VALID,Warning,WARN: High flow rate detected (Flood risk)
2026-04-26 14:00:00+00:00,10576.3248,VALID,6.854952000000001,VALID,Warning,WARN: High flow rate detected (Flood risk)
2026-04-26 15:00:00+00:00,10562.1664,VALID,6.8503799999999995,VALID,Warning,WARN: High flow rate detected (Flood risk)
2026-04-26 16:00:00+00:00,10590.4832,VALID,6.8580000000000005,VALID,Warning,WARN: High flow rate detected (Flood risk)
2026-04-26 17:00:00+00:00,10576.3248,VALID,6.853428,VALID,Warning,WARN: High flow rate detected (Flood risk)
2026-04-26 18:00:00+00:00,10562.1664,VALID,6.845808,VALID,Warning,WARN: High flow rate detected (Flood risk)
2026-04-26 19:00:00+00:00,10562.1664,VALID,6.8397120000000005,VALID,Warning,WARN: High flow rate detected (Flood risk)
2026-04-26 20:00:00+00:00,10533.8496,VALID,6.829044,VALID,Warning,WARN: High flow rate detected (Flood risk)
2026-04-26 21:00:00+00:00,10533.8496,VALID,6.830568,VALID,Warning,WARN: High flow rate detected (Flood risk)
2026-04-26 22:00:00+00:00,10533.8496,VALID,6.822948,VALID,Warning,WARN: High flow rate detected (Flood risk)
2026-04-26 23:00:00+00:00,10505.532799999999,VALID,6.806184,VALID,Warning,WARN: High flow rate detected (Flood risk)
2026-04-27 00:00:00+00:00,10505.532799999999,VALID,6.81228,VALID,Warning,WARN: High flow rate detected (Flood risk)
2026-04-27 01:00:00+00:00,10491.3744,VALID,6.803136,VALID,Warning,WARN: High flow rate detected (Flood risk)
2026-04-27 02:00:00+00:00,10477.216,VALID,6.793992,VALID,Warning,WARN: High flow rate detected (Flood risk)
2026-04-27 03:00:00+00:00,10477.216,VALID,6.79704,VALID,Warning,WARN: High flow rate detected (Flood risk)
2026-04-27 04:00:00+00:00,10477.216,VALID,6.790944,VALID,Warning,WARN: High flow rate detected (Flood risk)
2026-04-27 05:00:00+00:00,10463.0576,VALID,6.786372,VALID,Warning,WARN: High flow rate detected (Flood risk)
2026-04-27 06:00:00+00:00,10463.0576,VALID,6.787896,VALID,Warning,WARN: High flow rate detected (Flood risk)
2026-04-27 07:00:00+00:00,10463.0576,VALID,6.783324,VALID,Warning,WARN: High flow rate detected (Flood risk)
2026-04-27 08:00:00+00:00,10463.0576,VALID,6.786372,VALID,Warning,WARN: High flow rate detected (Flood risk)
2026-04-27 09:00:00+00:00,10448.8992,VALID,6.784848000000001,VALID,Warning,WARN: High flow rate detected (Flood risk)
2026-04-27 10:00:00+00:00,10477.216,VALID,6.79704,VALID,Warning,WARN: High flow rate detected (Flood risk)
2026-04-27 11:00:00+00:00,10491.3744,VALID,6.801612,VALID,Warning,WARN: High flow rate detected (Flood risk)
2026-04-27 12:00:00+00:00,10477.216,VALID,6.798564000000001,VALID,Warning,WARN: High flow rate detected (Flood risk)
2026-04-27 13:00:00+00:00,10519.6912,VALID,6.816852000000001,VALID,Warning,WARN: High flow rate detected (Flood risk)
2026-04-27 14:00:00+00:00,10519.6912,VALID,6.822948,VALID,Warning,WARN: High flow rate detected (Flood risk)
2026-04-27 15:00:00+00:00,10562.1664,VALID,6.8397120000000005,VALID,Warning,WARN: High flow rate detected (Flood risk)
2026-04-27 16:00:00+00:00,10548.008,VALID,6.835140000000001,VALID,Warning,WARN: High flow rate detected (Flood risk)
2026-04-27 17:00:00+00:00,10562.1664,VALID,6.847332,VALID,Warning,WARN: High flow rate detected (Flood risk)
2026-04-27 18:00:00+00:00,10590.4832,VALID,6.856476000000001,VALID,Warning,WARN: High flow rate detected (Flood risk)
2026-04-27 19:00:00+00:00,10604.641599999999,VALID,6.865620000000001,VALID,Warning,WARN: High flow rate detected (Flood risk)
2026-04-27 20:00:00+00:00,10604.641599999999,VALID,6.870192000000001,VALID,Warning,WARN: High flow rate detected (Flood risk)
2026-04-27 21:00:00+00:00,10661.2752,VALID,6.897624,VALID,Warning,WARN: High flow rate detected (Flood risk)
2026-04-27 22:00:00+00:00,10689.592,VALID,6.9159120000000005,VALID,Warning,WARN: High flow rate detected (Flood risk)
2026-04-27 23:00:00+00:00,10732.0672,VALID,6.938772,VALID,Warning,WARN: High flow rate detected (Flood risk)
2026-04-28 00:00:00+00:00,10774.5424,VALID,6.9646799999999995,VALID,Warning,WARN: High flow rate detected (Flood risk)
2026-04-28 01:00:00+00:00,10859.4928,VALID,7.016496,VALID,Warning,WARN: High flow rate detected (Flood risk)
2026-04-28 02:00:00+00:00,10916.126400000001,VALID,7.048500000000001,VALID,Warning,WARN: High flow rate detected (Flood risk)
2026-04-28 03:00:00+00:00,10972.76,VALID,7.074408,VALID,Warning,WARN: High flow rate detected (Flood risk)
2026-04-28 04:00:00+00:00,11100.1856,VALID,7.142988,VALID,Warning,WARN: High flow rate detected (Flood risk)
2026-04-28 05:00:00+00:00,11128.502400000001,VALID,7.168896,VALID,Warning,WARN: High flow rate detected (Flood risk)
2026-04-28 06:00:00+00:00,11185.135999999999,VALID,7.202424000000001,VALID,Warning,WARN: High flow rate detected (Flood risk)
2026-04-28 07:00:00+00:00,11255.928,VALID,7.232904000000001,VALID,Warning,WARN: High flow rate detected (Flood risk)
2026-04-28 08:00:00+00:00,11312.5616,VALID,7.274052,VALID,Warning,WARN: High flow rate detected (Flood risk)
2026-04-28 09:00:00+00:00,11397.511999999999,VALID,7.307580000000001,VALID,Warning,WARN: High flow rate detected (Flood risk)
2026-04-28 10:00:00+00:00,11468.304,VALID,7.341108,VALID,Warning,WARN: High flow rate detected (Flood risk)
2026-04-28 11:00:00+00:00,11553.2544,VALID,7.382256,VALID,Warning,WARN: High flow rate detected (Flood risk)
2026-04-28 12:00:00+00:00,11595.729599999999,VALID,7.408164,VALID,Warning,WARN: High flow rate detected (Flood risk)
2026-04-28 13:00:00+00:00,11638.2048,VALID,7.426452000000001,VALID,Warning,WARN: High flow rate detected (Flood risk)
2026-04-28 14:00:00+00:00,11751.472,VALID,7.473696,VALID,Warning,WARN: High flow rate detected (Flood risk)
2026-04-28 15:00:00+00:00,11779.788799999998,VALID,7.493508,VALID,Warning,WARN: High flow rate detected (Flood risk)
2026-04-28 16:00:00+00:00,11864.7392,VALID,7.530084,VALID,Warning,WARN: High flow rate detected (Flood risk)
2026-04-28 17:00:00+00:00,11893.056,VALID,7.5483720000000005,VALID,Warning,WARN: High flow rate detected (Flood risk)
2026-04-28 18:00:00+00:00,11978.0064,VALID,7.583424,VALID,Warning,WARN: High flow rate detected (Flood risk)
2026-04-28 19:00:00+00:00,12062.9568,VALID,7.62762,VALID,Warning,WARN: High flow rate detected (Flood risk)
2026-04-28 20:00:00+00:00,12147.9072,VALID,7.66572,VALID,Warning,WARN: High flow rate detected (Flood risk)
2026-04-28 21:00:00+00:00,12275.3328,VALID,7.717536000000001,VALID,Warning,WARN: High flow rate detected (Flood risk)
2026-04-28 22:00:00+00:00,12303.6496,VALID,7.7312520000000005,VALID,Warning,WARN: High flow rate detected (Flood risk)
2026-04-28 23:00:00+00:00,12431.0752,VALID,7.793736000000001,VALID,Warning,WARN: High flow rate detected (Flood risk)
2026-04-29 00:00:00+00:00,12516.025599999999,VALID,7.833360000000001,VALID,Warning,WARN: High flow rate detected (Flood risk)
2026-04-29 01:00:00+00:00,12586.8176,VALID,7.8745080000000005,VALID,Warning,WARN: High flow rate detected (Flood risk)
2026-04-29 02:00:00+00:00,12643.4512,VALID,7.909560000000001,VALID,Warning,WARN: High flow rate detected (Flood risk)
2026-04-29 03:00:00+00:00,12728.4016,VALID,7.961376,VALID,Warning,WARN: High flow rate detected (Flood risk)
2026-04-29 04:00:00+00:00,12799.193599999999,VALID,8.001000000000001,VALID,Warning,WARN: High flow rate detected (Flood risk)
2026-04-29 05:00:00+00:00,12855.8272,VALID,8.037576000000001,VALID,Warning,WARN: High flow rate detected (Flood risk)
2026-04-29 06:00:00+00:00,12969.0944,VALID,8.101583999999999,VALID,Warning,WARN: High flow rate detected (Flood risk)
2026-04-29 07:00:00+00:00,12997.4112,VALID,8.118348000000001,VALID,Warning,WARN: High flow rate detected (Flood risk)
2026-04-29 08:00:00+00:00,13082.3616,VALID,8.170164,VALID,Warning,WARN: High flow rate detected (Flood risk)
2026-04-29 09:00:00+00:00,13153.1536,VALID,8.203692,VALID,Warning,WARN: High flow rate detected (Flood risk)
2026-04-29 10:00:00+00:00,13195.6288,VALID,8.229600000000001,VALID,Warning,WARN: High flow rate detected (Flood risk)
2026-04-29 11:00:00+00:00,13280.5792,VALID,8.278368,VALID,Warning,WARN: High flow rate detected (Flood risk)
2026-04-29 12:00:00+00:00,13308.896,VALID,8.299704,VALID,Warning,WARN: High flow rate detected (Flood risk)
2026-04-29 13:00:00+00:00,13379.688,VALID,8.342376000000002,VALID,Warning,WARN: High flow rate detected (Flood risk)
2026-04-29 14:00:00+00:00,13408.004799999999,VALID,8.356092,VALID,Warning,WARN: High flow rate detected (Flood risk)
2026-04-29 15:00:00+00:00,13492.9552,VALID,8.401812,VALID,Warning,WARN: High flow rate detected (Flood risk)
2026-04-29 16:00:00+00:00,13563.7472,VALID,8.442960000000001,VALID,Warning,WARN: High flow rate detected (Flood risk)
2026-04-29 17:00:00+00:00,13620.380799999999,VALID,8.476488,VALID,Warning,WARN: High flow rate detected (Flood risk)
2026-04-29 18:00:00+00:00,13648.6976,VALID,8.48868,VALID,Warning,WARN: High flow rate detected (Flood risk)
2026-04-29 19:00:00+00:00,13677.0144,VALID,8.508492,VALID,Warning,WARN: High flow rate detected (Flood risk)
2026-04-29 20:00:00+00:00,13747.8064,VALID,8.54202,VALID,Warning,WARN: High flow rate detected (Flood risk)
2026-04-29 21:00:00+00:00,13776.1232,VALID,8.570976000000002,VALID,Warning,WARN: High flow rate detected (Flood risk)
2026-04-29 22:00:00+00:00,13790.2816,VALID,8.575548000000001,VALID,Warning,WARN: High flow rate detected (Flood risk)
2026-04-29 23:00:00+00:00,13861.0736,VALID,8.613648000000001,VALID,Warning,WARN: High flow rate detected (Flood risk)
2026-04-30 00:00:00+00:00,13889.3904,VALID,8.624316,VALID,Warning,WARN: High flow rate detected (Flood risk)
2026-04-30 01:00:00+00:00,13903.5488,VALID,8.636508,VALID,Warning,WARN: High flow rate detected (Flood risk)
2026-04-30 02:00:00+00:00,13960.1824,VALID,8.666988,VALID,Warning,WARN: High flow rate detected (Flood risk)
2026-04-30 03:00:00+00:00,13988.4992,VALID,8.688324000000001,VALID,Warning,WARN: High flow rate detected (Flood risk)
2026-04-30 04:00:00+00:00,13974.3408,VALID,8.682228,VALID,Warning,WARN: High flow rate detected (Flood risk)
2026-04-30 05:00:00+00:00,14059.2912,VALID,8.723376,VALID,Warning,WARN: High flow rate detected (Flood risk)
2026-04-30 06:00:00+00:00,14073.4496,VALID,8.732520000000001,VALID,Warning,WARN: High flow rate detected (Flood risk)
2026-04-30 07:00:00+00:00,14101.7664,VALID,8.753856,VALID,Warning,WARN: High flow rate detected (Flood risk)
2026-04-30 08:00:00+00:00,14158.4,VALID,8.779764,VALID,Warning,WARN: High flow rate detected (Flood risk)
2026-04-30 09:00:00+00:00,14186.7168,VALID,8.79348,VALID,Warning,WARN: High flow rate detected (Flood risk)
2026-04-30 10:00:00+00:00,14229.192,VALID,8.81634,VALID,Warning,WARN: High flow rate detected (Flood risk)
2026-04-30 11:00:00+00:00,14257.5088,VALID,8.828532000000001,VALID,Warning,WARN: High flow rate detected (Flood risk)
2026-04-30 12:00:00+00:00,14257.5088,VALID,8.840724000000002,VALID,Warning,WARN: High flow rate detected (Flood risk)
2026-04-30 13:00:00+00:00,14299.984,VALID,8.860536,VALID,Warning,WARN: High flow rate detected (Flood risk)
2026-04-30 14:00:00+00:00,14299.984,VALID,8.855964,VALID,Warning,WARN: High flow rate detected (Flood risk)
2026-04-30 15:00:00+00:00,14356.6176,VALID,8.886444000000001,VALID,Warning,WARN: High flow rate detected (Flood risk)
2026-04-30 16:00:00+00:00,14356.6176,VALID,8.891016,VALID,Warning,WARN: High flow rate detected (Flood risk)
2026-04-30 17:00:00+00:00,14427.409599999999,VALID,8.923020000000001,VALID,Warning,WARN: High flow rate detected (Flood risk)
2026-04-30 18:00:00+00:00,14427.409599999999,VALID,8.924544000000001,VALID,Warning,WARN: High flow rate detected (Flood risk)
2026-04-30 19:00:00+00:00,14455.7264,VALID,8.94588,VALID,Warning,WARN: High flow rate detected (Flood risk)
2026-04-30 20:00:00+00:00,14455.7264,VALID,8.94588,VALID,Warning,WARN: High flow rate detected (Flood risk)
2026-04-30 21:00:00+00:00,14498.2016,VALID,8.971788,VALID,Warning,WARN: High flow rate detected (Flood risk)
2026-04-30 22:00:00+00:00,14498.2016,VALID,8.962644000000001,VALID,Warning,WARN: High flow rate detected (Flood risk)
2026-04-30 23:00:00+00:00,14554.8352,VALID,8.994648000000002,VALID,Warning,WARN: High flow rate detected (Flood risk)
2026-05-01 00:00:00+00:00,14554.8352,VALID,8.997696000000001,VALID,Warning,WARN: High flow rate detected (Flood risk)
2026-05-01 01:00:00+00:00,14554.8352,VALID,9.002268,VALID,Warning,WARN: High flow rate detected (Flood risk)
2026-05-01 02:00:00+00:00,14554.8352,VALID,8.999220000000001,VALID,Warning,WARN: High flow rate detected (Flood risk)
2026-05-01 03:00:00+00:00,14568.9936,VALID,9.005316,VALID,Warning,WARN: High flow rate detected (Flood risk)
2026-05-01 04:00:00+00:00,14568.9936,VALID,9.00684,VALID,Warning,WARN: High flow rate detected (Flood risk)
2026-05-01 05:00:00+00:00,14583.152,VALID,9.009888,VALID,Warning,WARN: High flow rate detected (Flood risk)
2026-05-01 06:00:00+00:00,14611.4688,VALID,9.028176000000002,VALID,Warning,WARN: High flow rate detected (Flood risk)
2026-05-01 07:00:00+00:00,14597.3104,VALID,9.025128,VALID,Warning,WARN: High flow rate detected (Flood risk)
2026-05-01 08:00:00+00:00,14597.3104,VALID,9.019032,VALID,Warning,WARN: High flow rate detected (Flood risk)
2026-05-01 09:00:00+00:00,14597.3104,VALID,9.023604,VALID,Warning,WARN: High flow rate detected (Flood risk)
2026-05-01 10:00:00+00:00,14611.468799999999,VALID,9.031224,VALID,Warning,WARN: High flow rate detected (Flood risk)
2026-05-01 11:00:00+00:00,14611.4688,VALID,9.032748,VALID,Warning,WARN: High flow rate detected (Flood risk)
2026-05-01 12:00:00+00:00,14611.4688,VALID,9.031224,VALID,Warning,WARN: High flow rate detected (Flood risk)
2026-05-01 13:00:00+00:00,14597.3104,VALID,9.019032,VALID,Warning,WARN: High flow rate detected (Flood risk)
2026-05-01 14:00:00+00:00,14583.152,VALID,9.015984,VALID,Warning,WARN: High flow rate detected (Flood risk)
2026-05-01 15:00:00+00:00,14554.8352,VALID,9.002268,VALID,Warning,WARN: High flow rate detected (Flood risk)
2026-05-01 16:00:00+00:00,14540.6768,VALID,8.996172000000001,VALID,Warning,WARN: High flow rate detected (Flood risk)
2026-05-01 17:00:00+00:00,14540.6768,VALID,8.991600000000002,VALID,Warning,WARN: High flow rate detected (Flood risk)
2026-05-01 18:00:00+00:00,14526.518399999999,VALID,8.990076000000002,VALID,Warning,WARN: High flow rate detected (Flood risk)
2026-05-01 19:00:00+00:00,14498.2016,VALID,8.97636,VALID,Warning,WARN: High flow rate detected (Flood risk)
2026-05-01 20:00:00+00:00,14512.36,VALID,8.979408,VALID,Warning,WARN: High flow rate detected (Flood risk)
2026-05-01 21:00:00+00:00,14469.8848,VALID,8.965692,VALID,Warning,WARN: High flow rate detected (Flood risk)
2026-05-01 22:00:00+00:00,14427.409599999999,VALID,8.939784000000001,VALID,Warning,WARN: High flow rate detected (Flood risk)
2026-05-01 23:00:00+00:00,14441.568,VALID,8.94588,VALID,Warning,WARN: High flow rate detected (Flood risk)
2026-05-02 00:00:00+00:00,14384.9344,VALID,8.919972,VALID,Warning,WARN: High flow rate detected (Flood risk)
2026-05-02 01:00:00+00:00,14413.2512,VALID,8.932164,VALID,Warning,WARN: High flow rate detected (Flood risk)
2026-05-02 02:00:00+00:00,14356.6176,VALID,8.904732000000001,VALID,Warning,WARN: High flow rate detected (Flood risk)
2026-05-02 03:00:00+00:00,14356.6176,VALID,8.903208,VALID,Warning,WARN: High flow rate detected (Flood risk)
2026-05-02 04:00:00+00:00,14299.984,VALID,8.8773,VALID,Warning,WARN: High flow rate detected (Flood risk)
2026-05-02 05:00:00+00:00,14271.6672,VALID,8.857488,VALID,Warning,WARN: High flow rate detected (Flood risk)
2026-05-02 06:00:00+00:00,14243.3504,VALID,8.846820000000001,VALID,Warning,WARN: High flow rate detected (Flood risk)
2026-05-02 07:00:00+00:00,14229.192,VALID,8.836152,VALID,Warning,WARN: High flow rate detected (Flood risk)
2026-05-02 08:00:00+00:00,14172.5584,VALID,8.808720000000001,VALID,Warning,WARN: High flow rate detected (Flood risk)
2026-05-02 09:00:00+00:00,14158.4,VALID,8.805672000000001,VALID,Warning,WARN: High flow rate detected (Flood risk)
2026-05-02 10:00:00+00:00,14101.7664,VALID,8.775192,VALID,Warning,WARN: High flow rate detected (Flood risk)
2026-05-02 11:00:00+00:00,14059.2912,VALID,8.752332000000001,VALID,Warning,WARN: High flow rate detected (Flood risk)
2026-05-02 12:00:00+00:00,14016.816,VALID,8.727948000000001,VALID,Warning,WARN: High flow rate detected (Flood risk)
2026-05-02 13:00:00+00:00,14002.6576,VALID,8.720328,VALID,Warning,WARN: High flow rate detected (Flood risk)
2026-05-02 14:00:00+00:00,13946.024,VALID,8.692896000000001,VALID,Warning,WARN: High flow rate detected (Flood risk)
2026-05-02 15:00:00+00:00,13917.7072,VALID,8.673084,VALID,Warning,WARN: High flow rate detected (Flood risk)
2026-05-02 16:00:00+00:00,13889.3904,VALID,8.660892,VALID,Warning,WARN: High flow rate detected (Flood risk)
2026-05-02 17:00:00+00:00,13846.9152,VALID,8.634984,VALID,Warning,WARN: High flow rate detected (Flood risk)
2026-05-02 18:00:00+00:00,13818.598399999999,VALID,8.616696000000001,VALID,Warning,WARN: High flow rate detected (Flood risk)
2026-05-02 19:00:00+00:00,13761.9648,VALID,8.589264,VALID,Warning,WARN: High flow rate detected (Flood risk)
2026-05-02 20:00:00+00:00,13719.4896,VALID,8.56488,VALID,Warning,WARN: High flow rate detected (Flood risk)
2026-05-02 21:00:00+00:00,13648.6976,VALID,8.531352000000002,VALID,Warning,WARN: High flow rate detected (Flood risk)
2026-05-02 22:00:00+00:00,13606.222399999999,VALID,8.505444,VALID,Warning,WARN: High flow rate detected (Flood risk)
2026-05-02 23:00:00+00:00,13535.4304,VALID,8.464296000000001,VALID,Warning,WARN: High flow rate detected (Flood risk)
2026-05-03 00:00:00+00:00,13507.1136,VALID,8.456676000000002,VALID,Warning,WARN: High flow rate detected (Flood risk)
2026-05-03 01:00:00+00:00,13507.1136,VALID,8.455152,VALID,Warning,WARN: High flow rate detected (Flood risk)
2026-05-03 02:00:00+00:00,13436.3216,VALID,8.407907999999999,VALID,Warning,WARN: High flow rate detected (Flood risk)
2026-05-03 03:00:00+00:00,13393.846399999999,VALID,8.391144,VALID,Warning,WARN: High flow rate detected (Flood risk)
2026-05-03 04:00:00+00:00,13351.3712,VALID,8.369808,VALID,Warning,WARN: High flow rate detected (Flood risk)
2026-05-03 05:00:00+00:00,13294.7376,VALID,8.33628,VALID,Warning,WARN: High flow rate detected (Flood risk)
2026-05-03 06:00:00+00:00,13252.2624,VALID,8.314944,VALID,Warning,WARN: High flow rate detected (Flood risk)
2026-05-03 07:00:00+00:00,13195.628799999999,VALID,8.285988,VALID,Warning,WARN: High flow rate detected (Flood risk)
2026-05-03 08:00:00+00:00,13209.787199999999,VALID,8.285988,VALID,Warning,WARN: High flow rate detected (Flood risk)
2026-05-03 09:00:00+00:00,13138.9952,VALID,8.247888,VALID,Warning,WARN: High flow rate detected (Flood risk)
2026-05-03 10:00:00+00:00,13110.6784,VALID,8.229600000000001,VALID,Warning,WARN: High flow rate detected (Flood risk)
2026-05-03 11:00:00+00:00,13054.0448,VALID,8.203692,VALID,Warning,WARN: High flow rate detected (Flood risk)
2026-05-03 12:00:00+00:00,13025.728,VALID,8.191500000000001,VALID,Warning,WARN: High flow rate detected (Flood risk)
2026-05-03 13:00:00+00:00,12969.0944,VALID,8.159496,VALID,Warning,WARN: High flow rate detected (Flood risk)
2026-05-03 14:00:00+00:00,12926.6192,VALID,8.133588000000001,VALID,Warning,WARN: High flow rate detected (Flood risk)
2026-05-03 15:00:00+00:00,12884.144,VALID,8.110728000000002,VALID,Warning,WARN: High flow rate detected (Flood risk)
2026-05-03 16:00:00+00:00,12841.6688,VALID,8.08482,VALID,Warning,WARN: High flow rate detected (Flood risk)
2026-05-03 17:00:00+00:00,12799.193599999999,VALID,8.065008,VALID,Warning,WARN: High flow rate detected (Flood risk)
2026-05-03 18:00:00+00:00,12770.8768,VALID,8.048244,VALID,Warning,WARN: High flow rate detected (Flood risk)
2026-05-03 19:00:00+00:00,12714.243199999999,VALID,8.011668,VALID,Warning,WARN: High flow rate detected (Flood risk)
2026-05-03 20:00:00+00:00,12671.768,VALID,7.993380000000001,VALID,Warning,WARN: High flow rate detected (Flood risk)
2026-05-03 21:00:00+00:00,12615.134399999999,VALID,7.961376,VALID,Warning,WARN: High flow rate detected (Flood risk)
2026-05-03 22:00:00+00:00,12586.8176,VALID,7.941564,VALID,Warning,WARN: High flow rate detected (Flood risk)
2026-05-03 23:00:00+00:00,12544.3424,VALID,7.920228,VALID,Warning,WARN: High flow rate detected (Flood risk)
2026-05-04 00:00:00+00:00,12487.7088,VALID,7.889748000000001,VALID,Warning,WARN: High flow rate detected (Flood risk)
2026-05-04 01:00:00+00:00,12431.0752,VALID,7.857744000000001,VALID,Warning,WARN: High flow rate detected (Flood risk)
2026-05-04 02:00:00+00:00,12402.7584,VALID,7.837932,VALID,Warning,WARN: High flow rate detected (Flood risk)
2026-05-04 03:00:00+00:00,12331.9664,VALID,7.804404000000001,VALID,Warning,WARN: High flow rate detected (Flood risk)
2026-05-04 04:00:00+00:00,12261.1744,VALID,7.7724,VALID,Warning,WARN: High flow rate detected (Flood risk)
2026-05-04 05:00:00+00:00,12218.6992,VALID,7.751064,VALID,Warning,WARN: High flow rate detected (Flood risk)
2026-05-04 06:00:00+00:00,12147.9072,VALID,7.722108,VALID,Warning,WARN: High flow rate detected (Flood risk)
2026-05-04 07:00:00+00:00,12091.2736,VALID,7.694676000000001,VALID,Warning,WARN: High flow rate detected (Flood risk)
2026-05-04 08:00:00+00:00,12006.3232,VALID,7.659624000000001,VALID,Warning,WARN: High flow rate detected (Flood risk)
2026-05-04 09:00:00+00:00,11963.848,VALID,7.632192,VALID,Warning,WARN: High flow rate detected (Flood risk)
2026-05-04 10:00:00+00:00,11878.8976,VALID,7.594092000000001,VALID,Warning,WARN: High flow rate detected (Flood risk)
2026-05-04 11:00:00+00:00,11822.264,VALID,7.5681840000000005,VALID,Warning,WARN: High flow rate detected (Flood risk)
2026-05-04 12:00:00+00:00,11765.6304,VALID,7.542276,VALID,Warning,WARN: High flow rate detected (Flood risk)
2026-05-04 13:00:00+00:00,11708.9968,VALID,7.52094,VALID,Warning,WARN: High flow rate detected (Flood risk)
2026-05-04 14:00:00+00:00,11652.3632,VALID,7.490460000000001,VALID,Warning,WARN: High flow rate detected (Flood risk)
2026-05-04 15:00:00+00:00,11595.729599999999,VALID,7.461504,VALID,Warning,WARN: High flow rate detected (Flood risk)
2026-05-04 16:00:00+00:00,11510.7792,VALID,7.427976000000001,VALID,Warning,WARN: High flow rate detected (Flood risk)
2026-05-04 17:00:00+00:00,11454.1456,VALID,7.395972,VALID,Warning,WARN: High flow rate detected (Flood risk)
2026-05-04 18:00:00+00:00,11397.511999999999,VALID,7.36854,VALID,Warning,WARN: High flow rate detected (Flood risk)
2026-05-04 19:00:00+00:00,11340.8784,VALID,7.3380600000000005,VALID,Warning,WARN: High flow rate detected (Flood risk)
2026-05-04 20:00:00+00:00,11298.4032,VALID,7.32282,VALID,Warning,WARN: High flow rate detected (Flood risk)
2026-05-04 21:00:00+00:00,11255.928,VALID,7.295388000000001,VALID,Warning,WARN: High flow rate detected (Flood risk)
2026-05-04 22:00:00+00:00,11199.294399999999,VALID,7.26186,VALID,Warning,WARN: High flow rate detected (Flood risk)
2026-05-04 23:00:00+00:00,11142.6608,VALID,7.231380000000001,VALID,Warning,WARN: High flow rate detected (Flood risk)
2026-05-05 00:00:00+00:00,11100.1856,VALID,7.2039480000000005,VALID,Warning,WARN: High flow rate detected (Flood risk)
2026-05-05 01:00:00+00:00,11043.552,VALID,7.173468,VALID,Warning,WARN: High flow rate detected (Flood risk)
2026-05-05 02:00:00+00:00,10972.76,VALID,7.13994,VALID,Warning,WARN: High flow rate detected (Flood risk)
2026-05-05 03:00:00+00:00,10930.2848,VALID,7.1079360000000005,VALID,Warning,WARN: High flow rate detected (Flood risk)
2026-05-05 04:00:00+00:00,10887.8096,VALID,7.077456,VALID,Warning,WARN: High flow rate detected (Flood risk)
2026-05-05 05:00:00+00:00,10831.176,VALID,7.0500240000000005,VALID,Warning,WARN: High flow rate detected (Flood risk)
2026-05-05 06:00:00+00:00,10774.5424,VALID,7.019544,VALID,Warning,WARN: High flow rate detected (Flood risk)
2026-05-05 07:00:00+00:00,10732.0672,VALID,6.990588000000001,VALID,Warning,WARN: High flow rate detected (Flood risk)
2026-05-05 08:00:00+00:00,10661.2752,VALID,6.9540120000000005,VALID,Warning,WARN: High flow rate detected (Flood risk)
2026-05-05 09:00:00+00:00,10604.641599999999,VALID,6.9159120000000005,VALID,Warning,WARN: High flow rate detected (Flood risk)
2026-05-05 10:00:00+00:00,10533.8496,VALID,6.882384,VALID,Warning,WARN: High flow rate detected (Flood risk)
2026-05-05 11:00:00+00:00,10519.6912,VALID,6.859524,VALID,Warning,WARN: High flow rate detected (Flood risk)
2026-05-05 12:00:00+00:00,10463.0576,VALID,6.830568,VALID,Warning,WARN: High flow rate detected (Flood risk)
2026-05-05 13:00:00+00:00,10420.5824,VALID,6.801612,VALID,Warning,WARN: High flow rate detected (Flood risk)
2026-05-05 14:00:00+00:00,10378.1072,VALID,6.783324,VALID,Warning,WARN: High flow rate detected (Flood risk)
2026-05-05 15:00:00+00:00,10335.632,VALID,6.751320000000001,VALID,Warning,WARN: High flow rate detected (Flood risk)
2026-05-05 16:00:00+00:00,10264.84,VALID,6.716268,VALID,Warning,WARN: High flow rate detected (Flood risk)
2026-05-05 17:00:00+00:00,10236.5232,VALID,6.69036,VALID,Warning,WARN: High flow rate detected (Flood risk)
2026-05-05 18:00:00+00:00,10179.8896,VALID,6.665976000000001,VALID,Warning,WARN: High flow rate detected (Flood risk)
2026-05-05 19:00:00+00:00,10137.4144,VALID,6.637020000000001,VALID,Warning,WARN: High flow rate detected (Flood risk)
2026-05-05 20:00:00+00:00,10109.097600000001,VALID,6.61416,VALID,Warning,WARN: High flow rate detected (Flood risk)
2026-05-05 21:00:00+00:00,10052.464,VALID,6.592824,VALID,Warning,WARN: High flow rate detected (Flood risk)
2026-05-05 22:00:00+00:00,10038.3056,VALID,6.573012,VALID,Warning,WARN: High flow rate detected (Flood risk)
2026-05-05 23:00:00+00:00,9981.672,VALID,6.534912,VALID,Warning,WARN: High flow rate detected (Flood risk)
2026-05-06 00:00:00+00:00,9939.1968,VALID,6.516624,VALID,Warning,WARN: High flow rate detected (Flood risk)
2026-05-06 01:00:00+00:00,9910.88,VALID,6.501384,VALID,Warning,WARN: High flow rate detected (Flood risk)
2026-05-06 02:00:00+00:00,9896.7216,VALID,6.487668,VALID,Warning,WARN: High flow rate detected (Flood risk)
2026-05-06 03:00:00+00:00,9854.2464,VALID,6.458712000000001,VALID,Warning,WARN: High flow rate detected (Flood risk)
2026-05-06 04:00:00+00:00,9840.088,VALID,6.449568000000001,VALID,Warning,WARN: High flow rate detected (Flood risk)
2026-05-06 05:00:00+00:00,9811.7712,VALID,6.435852000000001,VALID,Warning,WARN: High flow rate detected (Flood risk)
2026-05-06 06:00:00+00:00,9783.454399999999,VALID,6.420612,VALID,Warning,WARN: High flow rate detected (Flood risk)
2026-05-06 07:00:00+00:00,9740.9792,VALID,6.396228000000001,VALID,Warning,WARN: High flow rate detected (Flood risk)
2026-05-06 08:00:00+00:00,9726.8208,VALID,6.377940000000001,VALID,Warning,WARN: High flow rate detected (Flood risk)
2026-05-06 09:00:00+00:00,9712.6624,VALID,6.367272000000001,VALID,Warning,WARN: High flow rate detected (Flood risk)
2026-05-06 10:00:00+00:00,9670.1872,VALID,6.3505080000000005,VALID,Warning,WARN: High flow rate detected (Flood risk)
2026-05-06 11:00:00+00:00,9670.1872,VALID,6.34746,VALID,Warning,WARN: High flow rate detected (Flood risk)
2026-05-06 12:00:00+00:00,9656.0288,VALID,6.344412,VALID,Warning,WARN: High flow rate detected (Flood risk)
2026-05-06 13:00:00+00:00,9656.0288,VALID,6.333744,VALID,Warning,WARN: High flow rate detected (Flood risk)
2026-05-06 14:00:00+00:00,9641.8704,VALID,6.327648,VALID,Warning,WARN: High flow rate detected (Flood risk)
2026-05-06 15:00:00+00:00,9613.5536,VALID,6.310884000000001,VALID,Warning,WARN: High flow rate detected (Flood risk)
2026-05-06 16:00:00+00:00,9613.5536,VALID,6.304788,VALID,Warning,WARN: High flow rate detected (Flood risk)
2026-05-06 17:00:00+00:00,9599.395199999999,VALID,6.303264,VALID,Warning,WARN: High flow rate detected (Flood risk)
2026-05-06 18:00:00+00:00,9599.395199999999,VALID,6.297168,VALID,Warning,WARN: High flow rate detected (Flood risk)
2026-05-06 19:00:00+00:00,9585.236799999999,VALID,6.291072,VALID,Warning,WARN: High flow rate detected (Flood risk)
2026-05-06 20:00:00+00:00,9599.395199999999,VALID,6.297168,VALID,Warning,WARN: High flow rate detected (Flood risk)
2026-05-06 21:00:00+00:00,9556.92,VALID,6.275832,VALID,Warning,WARN: High flow rate detected (Flood risk)
2026-05-06 22:00:00+00:00,9556.92,VALID,6.277356000000001,VALID,Warning,WARN: High flow rate detected (Flood risk)
2026-05-06 23:00:00+00:00,9528.6032,VALID,6.265164,VALID,Warning,WARN: High flow rate detected (Flood risk)
2026-05-07 00:00:00+00:00,9542.7616,VALID,6.2636400000000005,VALID,Warning,WARN: High flow rate detected (Flood risk)
2026-05-07 01:00:00+00:00,9528.6032,VALID,6.257544,VALID,Warning,WARN: High flow rate detected (Flood risk)
2026-05-07 02:00:00+00:00,9528.6032,VALID,6.25602,VALID,Warning,WARN: High flow rate detected (Flood risk)
2026-05-07 03:00:00+00:00,9514.4448,VALID,6.2453520000000005,VALID,Warning,WARN: High flow rate detected (Flood risk)
2026-05-07 04:00:00+00:00,9500.2864,VALID,6.239256000000001,VALID,Warning,WARN: High flow rate detected (Flood risk)
2026-05-07 05:00:00+00:00,9500.2864,VALID,6.2362079999999995,VALID,Warning,WARN: High flow rate detected (Flood risk)
2026-05-07 06:00:00+00:00,9486.128,VALID,6.233160000000001,VALID,Warning,WARN: High flow rate detected (Flood risk)
2026-05-07 07:00:00+00:00,9457.8112,VALID,6.216396,VALID,Warning,WARN: High flow rate detected (Flood risk)
2026-05-07 08:00:00+00:00,9471.9696,VALID,6.222492000000001,VALID,Warning,WARN: High flow rate detected (Flood risk)
2026-05-07 09:00:00+00:00,9443.6528,VALID,6.2103,VALID,Warning,WARN: High flow rate detected (Flood risk)
2026-05-07 10:00:00+00:00,9457.8112,VALID,6.208776,VALID,Warning,WARN: High flow rate detected (Flood risk)
2026-05-07 11:00:00+00:00,9457.8112,VALID,6.214872,VALID,Warning,WARN: High flow rate detected (Flood risk)
2026-05-07 12:00:00+00:00,9457.8112,VALID,6.211824,VALID,Warning,WARN: High flow rate detected (Flood risk)
2026-05-07 13:00:00+00:00,9457.8112,VALID,6.2103,VALID,Warning,WARN: High flow rate detected (Flood risk)
2026-05-07 14:00:00+00:00,9415.336,VALID,6.184392000000001,VALID,Warning,WARN: High flow rate detected (Flood risk)
2026-05-07 15:00:00+00:00,9401.177599999999,VALID,6.176772000000001,VALID,Warning,WARN: High flow rate detected (Flood risk)
2026-05-07 16:00:00+00:00,9401.177599999999,VALID,6.170676,VALID,Warning,WARN: High flow rate detected (Flood risk)
2026-05-07 17:00:00+00:00,9387.019199999999,VALID,6.16458,VALID,Warning,WARN: High flow rate detected (Flood risk)
2026-05-07 18:00:00+00:00,9372.8608,VALID,6.1600079999999995,VALID,Warning,WARN: High flow rate detected (Flood risk)
2026-05-07 19:00:00+00:00,9372.8608,VALID,6.153912000000001,VALID,Warning,WARN: High flow rate detected (Flood risk)
2026-05-07 20:00:00+00:00,9372.8608,VALID,6.155436,VALID,Warning,WARN: High flow rate detected (Flood risk)
2026-05-07 21:00:00+00:00,9358.7024,VALID,6.144768000000001,VALID,Warning,WARN: High flow rate detected (Flood risk)
2026-05-07 22:00:00+00:00,9344.544,VALID,6.140196,VALID,Warning,WARN: High flow rate detected (Flood risk)
2026-05-07 23:00:00+00:00,9316.2272,VALID,6.11886,VALID,Warning,WARN: High flow rate detected (Flood risk)
2026-05-08 00:00:00+00:00,9287.9104,VALID,6.108192,VALID,Warning,WARN: High flow rate detected (Flood risk)
2026-05-08 01:00:00+00:00,9287.9104,VALID,6.105144,VALID,Warning,WARN: High flow rate detected (Flood risk)
2026-05-08 02:00:00+00:00,9259.5936,VALID,6.086855999999999,VALID,Warning,WARN: High flow rate detected (Flood risk)
2026-05-08 03:00:00+00:00,9259.5936,VALID,6.083808,VALID,Warning,WARN: High flow rate detected (Flood risk)
2026-05-08 04:00:00+00:00,9259.5936,VALID,6.0822840000000005,VALID,Warning,WARN: High flow rate detected (Flood risk)
2026-05-08 05:00:00+00:00,9231.2768,VALID,6.071616000000001,VALID,Warning,WARN: High flow rate detected (Flood risk)
2026-05-08 06:00:00+00:00,9231.2768,VALID,6.068568000000001,VALID,Warning,WARN: High flow rate detected (Flood risk)
2026-05-08 07:00:00+00:00,9217.1184,VALID,6.059424,VALID,Warning,WARN: High flow rate detected (Flood risk)
2026-05-08 08:00:00+00:00,9202.96,VALID,6.045708000000001,VALID,Warning,WARN: High flow rate detected (Flood risk)
2026-05-08 09:00:00+00:00,9202.96,VALID,6.041136,VALID,Warning,WARN: High flow rate detected (Flood risk)
2026-05-08 10:00:00+00:00,9174.6432,VALID,6.03504,VALID,Warning,WARN: High flow rate detected (Flood risk)
2026-05-08 11:00:00+00:00,9174.6432,VALID,6.031992,VALID,Warning,WARN: High flow rate detected (Flood risk)
2026-05-08 12:00:00+00:00,9174.6432,VALID,6.030468000000001,VALID,Warning,WARN: High flow rate detected (Flood risk)
2026-05-08 13:00:00+00:00,9146.3264,VALID,6.0152280000000005,VALID,Warning,WARN: High flow rate detected (Flood risk)
2026-05-08 14:00:00+00:00,9160.4848,VALID,6.018276,VALID,Warning,WARN: High flow rate detected (Flood risk)
2026-05-08 15:00:00+00:00,9103.851200000001,VALID,5.989320000000001,VALID,Warning,WARN: High flow rate detected (Flood risk)
2026-05-08 16:00:00+00:00,9061.376,VALID,5.948172,VALID,Warning,WARN: High flow rate detected (Flood risk)
2026-05-08 17:00:00+00:00,8976.425599999999,VALID,5.891784,VALID,Warning,WARN: High flow rate detected (Flood risk)
2026-05-08 18:00:00+00:00,8905.633600000001,VALID,5.849112,VALID,Warning,WARN: High flow rate detected (Flood risk)
2026-05-08 19:00:00+00:00,8891.4752,VALID,5.843016,VALID,Warning,WARN: High flow rate detected (Flood risk)
2026-05-08 20:00:00+00:00,8933.9504,VALID,5.8613040000000005,VALID,Warning,WARN: High flow rate detected (Flood risk)
2026-05-08 21:00:00+00:00,8962.2672,VALID,5.887212,VALID,Warning,WARN: High flow rate detected (Flood risk)
2026-05-08 22:00:00+00:00,8990.583999999999,VALID,5.900928,VALID,Warning,WARN: High flow rate detected (Flood risk)
2026-05-08 23:00:00+00:00,8976.4256,VALID,5.897880000000001,VALID,Warning,WARN: High flow rate detected (Flood risk)
2026-05-09 00:00:00+00:00,8976.4256,VALID,5.893308000000001,VALID,Warning,WARN: High flow rate detected (Flood risk)
2026-05-09 01:00:00+00:00,8976.4256,VALID,5.885688,VALID,Warning,WARN: High flow rate detected (Flood risk)
2026-05-09 02:00:00+00:00,8948.1088,VALID,5.879592,VALID,Warning,WARN: High flow rate detected (Flood risk)
2026-05-09 03:00:00+00:00,8948.1088,VALID,5.871972,VALID,Warning,WARN: High flow rate detected (Flood risk)
2026-05-09 04:00:00+00:00,8948.1088,VALID,5.873496,VALID,Warning,WARN: High flow rate detected (Flood risk)
2026-05-09 05:00:00+00:00,8948.1088,VALID,5.876544,VALID,Warning,WARN: High flow rate detected (Flood risk)
2026-05-09 06:00:00+00:00,8933.9504,VALID,5.864352,VALID,Warning,WARN: High flow rate detected (Flood risk)
2026-05-09 07:00:00+00:00,8933.9504,VALID,5.8674,VALID,Warning,WARN: High flow rate detected (Flood risk)
2026-05-09 08:00:00+00:00,8919.792,VALID,5.862828,VALID,Warning,WARN: High flow rate detected (Flood risk)
2026-05-09 09:00:00+00:00,8919.792,VALID,5.858256000000001,VALID,Warning,WARN: High flow rate detected (Flood risk)
2026-05-09 10:00:00+00:00,8905.633600000001,VALID,5.84454,VALID,Warning,WARN: High flow rate detected (Flood risk)
2026-05-09 11:00:00+00:00,8891.4752,VALID,5.838444000000001,VALID,Warning,WARN: High flow rate detected (Flood risk)
2026-05-09 12:00:00+00:00,8891.4752,VALID,5.830824000000001,VALID,Warning,WARN: High flow rate detected (Flood risk)
2026-05-09 13:00:00+00:00,8877.3168,VALID,5.823204,VALID,Warning,WARN: High flow rate detected (Flood risk)
2026-05-09 14:00:00+00:00,8820.6832,VALID,5.794248,VALID,Warning,WARN: High flow rate detected (Flood risk)
2026-05-09 15:00:00+00:00,8806.5248,VALID,5.780532000000001,VALID,Warning,WARN: High flow rate detected (Flood risk)
2026-05-09 16:00:00+00:00,8806.5248,VALID,5.77596,VALID,Warning,WARN: High flow rate detected (Flood risk)
2026-05-09 17:00:00+00:00,8778.208,VALID,5.759196,VALID,Warning,WARN: High flow rate detected (Flood risk)
2026-05-09 18:00:00+00:00,8778.208,VALID,5.7470040000000004,VALID,Warning,WARN: High flow rate detected (Flood risk)
2026-05-09 19:00:00+00:00,8749.8912,VALID,5.742432,VALID,Warning,WARN: High flow rate detected (Flood risk)
2026-05-09 20:00:00+00:00,8749.8912,VALID,5.731764,VALID,Warning,WARN: High flow rate detected (Flood risk)
2026-05-09 21:00:00+00:00,8735.7328,VALID,5.728716,VALID,Warning,WARN: High flow rate detected (Flood risk)
2026-05-09 22:00:00+00:00,8721.5744,VALID,5.721096000000001,VALID,Warning,WARN: High flow rate detected (Flood risk)
2026-05-09 23:00:00+00:00,8721.5744,VALID,5.713476,VALID,Warning,WARN: High flow rate detected (Flood risk)
2026-05-10 00:00:00+00:00,8664.9408,VALID,5.681472,VALID,Warning,WARN: High flow rate detected (Flood risk)
2026-05-10 01:00:00+00:00,8664.9408,VALID,5.6769,VALID,Warning,WARN: High flow rate detected (Flood risk)
2026-05-10 02:00:00+00:00,8650.7824,VALID,5.664708000000001,VALID,Warning,WARN: High flow rate detected (Flood risk)
2026-05-10 03:00:00+00:00,8636.624,VALID,5.652516,VALID,Warning,WARN: High flow rate detected (Flood risk)
2026-05-10 04:00:00+00:00,8622.4656,VALID,5.643371999999999,VALID,Warning,WARN: High flow rate detected (Flood risk)
2026-05-10 05:00:00+00:00,8608.3072,VALID,5.626608000000001,VALID,Warning,WARN: High flow rate detected (Flood risk)
2026-05-10 06:00:00+00:00,8608.3072,VALID,5.626608000000001,VALID,Warning,WARN: High flow rate detected (Flood risk)
2026-05-10 07:00:00+00:00,8579.9904,VALID,5.617464000000001,VALID,Warning,WARN: High flow rate detected (Flood risk)
2026-05-10 08:00:00+00:00,8579.9904,VALID,5.612892,VALID,Warning,WARN: High flow rate detected (Flood risk)
2026-05-10 09:00:00+00:00,8551.6736,VALID,5.599176,VALID,Warning,WARN: High flow rate detected (Flood risk)
2026-05-10 10:00:00+00:00,8551.6736,VALID,5.6007,VALID,Warning,WARN: High flow rate detected (Flood risk)
2026-05-10 11:00:00+00:00,8551.6736,VALID,5.5839360000000005,VALID,Warning,WARN: High flow rate detected (Flood risk)
2026-05-10 12:00:00+00:00,8551.6736,VALID,5.588508,VALID,Warning,WARN: High flow rate detected (Flood risk)
2026-05-10 13:00:00+00:00,8537.5152,VALID,5.585459999999999,VALID,Warning,WARN: High flow rate detected (Flood risk)
2026-05-10 14:00:00+00:00,8509.1984,VALID,5.562600000000001,VALID,Warning,WARN: High flow rate detected (Flood risk)
2026-05-10 15:00:00+00:00,8509.1984,VALID,5.564124,VALID,Warning,WARN: High flow rate detected (Flood risk)
2026-05-10 16:00:00+00:00,8495.039999999999,VALID,5.5549800000000005,VALID,Warning,WARN: High flow rate detected (Flood risk)
2026-05-10 17:00:00+00:00,8480.8816,VALID,5.538216,VALID,Warning,WARN: High flow rate detected (Flood risk)
2026-05-10 18:00:00+00:00,8452.5648,VALID,5.521452,VALID,Warning,WARN: High flow rate detected (Flood risk)
2026-05-10 19:00:00+00:00,8466.7232,VALID,5.521452,VALID,Warning,WARN: High flow rate detected (Flood risk)
2026-05-10 20:00:00+00:00,8438.4064,VALID,5.50164,VALID,Warning,WARN: High flow rate detected (Flood risk)
2026-05-10 21:00:00+00:00,8424.248,VALID,5.492496000000001,VALID,Warning,WARN: High flow rate detected (Flood risk)
2026-05-10 22:00:00+00:00,8381.7728,VALID,5.469636,VALID,Warning,WARN: High flow rate detected (Flood risk)
2026-05-10 23:00:00+00:00,8381.7728,VALID,5.457444000000001,VALID,Warning,WARN: High flow rate detected (Flood risk)
2026-05-11 00:00:00+00:00,8353.456,VALID,5.4498240000000004,VALID,Warning,WARN: High flow rate detected (Flood risk)
2026-05-11 01:00:00+00:00,8325.1392,VALID,5.425440000000001,VALID,Warning,WARN: High flow rate detected (Flood risk)
2026-05-11 02:00:00+00:00,8339.2976,VALID,5.42544,VALID,Warning,WARN: High flow rate detected (Flood risk)
2026-05-11 03:00:00+00:00,8296.8224,VALID,5.399532000000001,VALID,Warning,WARN: High flow rate detected (Flood risk)
2026-05-11 04:00:00+00:00,8282.664,VALID,5.390388000000001,VALID,Warning,WARN: High flow rate detected (Flood risk)
2026-05-11 05:00:00+00:00,8268.5056,VALID,5.382768,VALID,Warning,WARN: High flow rate detected (Flood risk)
2026-05-11 06:00:00+00:00,8254.3472,VALID,5.366004,VALID,Warning,WARN: High flow rate detected (Flood risk)
2026-05-11 07:00:00+00:00,8240.1888,VALID,5.347716,VALID,Warning,WARN: High flow rate detected (Flood risk)
2026-05-11 08:00:00+00:00,8240.1888,VALID,5.344668,VALID,Warning,WARN: High flow rate detected (Flood risk)
2026-05-11 09:00:00+00:00,8211.872,VALID,5.332476,VALID,Warning,WARN: High flow rate detected (Flood risk)
2026-05-11 10:00:00+00:00,8197.7136,VALID,5.320284000000001,VALID,Warning,WARN: High flow rate detected (Flood risk)
2026-05-11 11:00:00+00:00,8183.5552,VALID,5.308092,VALID,Warning,WARN: High flow rate detected (Flood risk)
2026-05-11 12:00:00+00:00,8169.3968,VALID,5.294376,VALID,Warning,WARN: High flow rate detected (Flood risk)
2026-05-11 13:00:00+00:00,8141.08,VALID,5.2669440000000005,VALID,Warning,WARN: High flow rate detected (Flood risk)
2026-05-11 14:00:00+00:00,8126.9216,VALID,5.254752,VALID,Warning,WARN: High flow rate detected (Flood risk)
2026-05-11 15:00:00+00:00,8084.4464,VALID,5.231892,VALID,Warning,WARN: High flow rate detected (Flood risk)
2026-05-11 16:00:00+00:00,8070.288,VALID,5.222748,VALID,Warning,WARN: High flow rate detected (Flood risk)
2026-05-11 17:00:00+00:00,8041.9712,VALID,5.202935999999999,VALID,Warning,WARN: High flow rate detected (Flood risk)
2026-05-11 18:00:00+00:00,8041.9712,VALID,5.199888,VALID,Warning,WARN: High flow rate detected (Flood risk)
2026-05-11 19:00:00+00:00,8041.9712,VALID,5.1907440000000005,VALID,Warning,WARN: High flow rate detected (Flood risk)
2026-05-11 20:00:00+00:00,8013.654399999999,VALID,5.175504,VALID,Warning,WARN: High flow rate detected (Flood risk)
2026-05-11 21:00:00+00:00,7999.495999999999,VALID,5.1617880000000005,VALID,Warning,WARN: High flow rate detected (Flood risk)
2026-05-11 22:00:00+00:00,7985.3376,VALID,5.148072,VALID,Warning,WARN: High flow rate detected (Flood risk)
2026-05-11 23:00:00+00:00,7942.8624,VALID,5.119116,VALID,Warning,WARN: High flow rate detected (Flood risk)
2026-05-12 00:00:00+00:00,7914.5455999999995,VALID,5.091684000000001,VALID,Warning,WARN: High flow rate detected (Flood risk)
2026-05-12 01:00:00+00:00,7886.2288,VALID,5.076444,VALID,Warning,WARN: High flow rate detected (Flood risk)
2026-05-12 02:00:00+00:00,7872.0704,VALID,5.055108000000001,VALID,Warning,WARN: High flow rate detected (Flood risk)
2026-05-12 03:00:00+00:00,7857.912,VALID,5.04444,VALID,Warning,WARN: High flow rate detected (Flood risk)
2026-05-12 04:00:00+00:00,7815.4367999999995,VALID,5.023104,VALID,Warning,WARN: High flow rate detected (Flood risk)
2026-05-12 05:00:00+00:00,7815.4367999999995,VALID,5.017008000000001,VALID,Warning,WARN: High flow rate detected (Flood risk)
2026-05-12 06:00:00+00:00,7815.4367999999995,VALID,5.007864,VALID,Warning,WARN: High flow rate detected (Flood risk)
2026-05-12 07:00:00+00:00,7787.12,VALID,4.992624000000001,VALID,Warning,WARN: High flow rate detected (Flood risk)
2026-05-12 08:00:00+00:00,7787.12,VALID,4.988052,VALID,Warning,WARN: High flow rate detected (Flood risk)
2026-05-12 09:00:00+00:00,7772.9616000000005,VALID,4.980432,VALID,Warning,WARN: High flow rate detected (Flood risk)
2026-05-12 10:00:00+00:00,7758.8032,VALID,4.971288,VALID,Warning,WARN: High flow rate detected (Flood risk)
2026-05-12 11:00:00+00:00,7744.6448,VALID,4.9606200000000005,VALID,Warning,WARN: High flow rate detected (Flood risk)
2026-05-12 12:00:00+00:00,7730.4864,VALID,4.948428,VALID,Warning,WARN: High flow rate detected (Flood risk)
2026-05-12 13:00:00+00:00,7730.4864,VALID,4.943856,VALID,Warning,WARN: High flow rate detected (Flood risk)
2026-05-12 14:00:00+00:00,7702.1696,VALID,4.920996000000001,VALID,Warning,WARN: High flow rate detected (Flood risk)
2026-05-12 15:00:00+00:00,7688.0112,VALID,4.898136000000001,VALID,Warning,WARN: High flow rate detected (Flood risk)
2026-05-12 16:00:00+00:00,7645.536,VALID,4.876800000000001,VALID,Warning,WARN: High flow rate detected (Flood risk)
2026-05-12 17:00:00+00:00,7631.3776,VALID,4.856987999999999,VALID,Warning,WARN: High flow rate detected (Flood risk)
2026-05-12 18:00:00+00:00,7617.2192,VALID,4.837176,VALID,Warning,WARN: High flow rate detected (Flood risk)
2026-05-12 19:00:00+00:00,7574.744000000001,VALID,4.81584,VALID,Warning,WARN: High flow rate detected (Flood risk)
2026-05-12 20:00:00+00:00,7532.2688,VALID,4.782312,VALID,Warning,WARN: High flow rate detected (Flood risk)
2026-05-12 21:00:00+00:00,7503.952,VALID,4.756404,VALID,Warning,WARN: High flow rate detected (Flood risk)
2026-05-12 22:00:00+00:00,7489.7936,VALID,4.744212,VALID,Warning,WARN: High flow rate detected (Flood risk)
2026-05-12 23:00:00+00:00,7447.3184,VALID,4.7030639999999995,VALID,Warning,WARN: High flow rate detected (Flood risk)
2026-05-13 00:00:00+00:00,7390.6848,VALID,4.658868,VALID,Warning,WARN: High flow rate detected (Flood risk)
2026-05-13 01:00:00+00:00,7348.2096,VALID,4.628388,VALID,Warning,WARN: High flow rate detected (Flood risk)
2026-05-13 02:00:00+00:00,7319.8928,VALID,4.600956,VALID,Warning,WARN: High flow rate detected (Flood risk)
2026-05-13 03:00:00+00:00,7291.576,VALID,4.57962,VALID,Warning,WARN: High flow rate detected (Flood risk)
2026-05-13 04:00:00+00:00,7277.4176,VALID,4.56438,VALID,Warning,WARN: High flow rate detected (Flood risk)
2026-05-13 05:00:00+00:00,7249.1008,VALID,4.552188,VALID,Warning,WARN: High flow rate detected (Flood risk)
2026-05-13 06:00:00+00:00,7249.1008,VALID,4.544568,VALID,Warning,WARN: High flow rate detected (Flood risk)
2026-05-13 07:00:00+00:00,7234.9424,VALID,4.530852,VALID,Warning,WARN: High flow rate detected (Flood risk)
2026-05-13 08:00:00+00:00,7234.9424,VALID,4.529328,VALID,Warning,WARN: High flow rate detected (Flood risk)
2026-05-13 09:00:00+00:00,7249.1008,VALID,4.535424000000001,VALID,Warning,WARN: High flow rate detected (Flood risk)
2026-05-13 10:00:00+00:00,7220.784,VALID,4.527804,VALID,Warning,WARN: High flow rate detected (Flood risk)
2026-05-13 11:00:00+00:00,7234.9424,VALID,4.527804,VALID,Warning,WARN: High flow rate detected (Flood risk)
2026-05-13 12:00:00+00:00,7220.784,VALID,4.523232,VALID,Warning,WARN: High flow rate detected (Flood risk)
2026-05-13 13:00:00+00:00,7234.9424,VALID,4.52628,VALID,Warning,WARN: High flow rate detected (Flood risk)
2026-05-13 14:00:00+00:00,7234.9424,VALID,4.530852,VALID,Warning,WARN: High flow rate detected (Flood risk)
2026-05-13 15:00:00+00:00,7249.1008,VALID,4.5293280000000005,VALID,Warning,WARN: High flow rate detected (Flood risk)
2026-05-13 16:00:00+00:00,7249.1008,VALID,4.539996,VALID,Warning,WARN: High flow rate detected (Flood risk)
2026-05-13 17:00:00+00:00,7249.1008,VALID,4.5384720000000005,VALID,Warning,WARN: High flow rate detected (Flood risk)
2026-05-13 18:00:00+00:00,7249.1008,VALID,4.5293280000000005,VALID,Warning,WARN: High flow rate detected (Flood risk)
2026-05-13 19:00:00+00:00,7249.1008,VALID,4.535424000000001,VALID,Warning,WARN: High flow rate detected (Flood risk)
2026-05-13 20:00:00+00:00,7263.2592,VALID,4.550664,VALID,Warning,WARN: High flow rate detected (Flood risk)
2026-05-13 21:00:00+00:00,7249.1008,VALID,4.543044,VALID,Warning,WARN: High flow rate detected (Flood risk)
2026-05-13 22:00:00+00:00,7249.1008,VALID,4.544568,VALID,Warning,WARN: High flow rate detected (Flood risk)
2026-05-13 23:00:00+00:00,7249.1008,VALID,4.539996,VALID,Warning,WARN: High flow rate detected (Flood risk)
2026-05-14 00:00:00+00:00,7220.784,VALID,4.523232,VALID,Warning,WARN: High flow rate detected (Flood risk)
2026-05-14 01:00:00+00:00,7249.1008,VALID,4.530852,VALID,Warning,WARN: High flow rate detected (Flood risk)
2026-05-14 02:00:00+00:00,7234.9424,VALID,4.527804,VALID,Warning,WARN: High flow rate detected (Flood risk)
2026-05-14 03:00:00+00:00,7234.9424,VALID,4.52628,VALID,Warning,WARN: High flow rate detected (Flood risk)
2026-05-14 04:00:00+00:00,7249.1008,VALID,4.530852,VALID,Warning,WARN: High flow rate detected (Flood risk)
2026-05-14 05:00:00+00:00,7234.9424,VALID,4.5293280000000005,VALID,Warning,WARN: High flow rate detected (Flood risk)
2026-05-14 06:00:00+00:00,7249.1008,VALID,4.527804,VALID,Warning,WARN: High flow rate detected (Flood risk)
2026-05-14 07:00:00+00:00,7249.1008,VALID,4.529328,VALID,Warning,WARN: High flow rate detected (Flood risk)
2026-05-14 08:00:00+00:00,7220.784,VALID,4.517136000000001,VALID,Warning,WARN: High flow rate detected (Flood risk)
2026-05-14 09:00:00+00:00,7206.625599999999,VALID,4.50342,VALID,Warning,WARN: High flow rate detected (Flood risk)
2026-05-14 10:00:00+00:00,7234.9424,VALID,4.521708,VALID,Warning,WARN: High flow rate detected (Flood risk)
2026-05-14 11:00:00+00:00,7220.784,VALID,4.520184,VALID,Warning,WARN: High flow rate detected (Flood risk)
2026-05-14 12:00:00+00:00,7234.9424,VALID,4.517136,VALID,Warning,WARN: High flow rate detected (Flood risk)
2026-05-14 13:00:00+00:00,7220.784,VALID,4.509516,VALID,Warning,WARN: High flow rate detected (Flood risk)
2026-05-14 14:00:00+00:00,7220.784,VALID,4.512564,VALID,Warning,WARN: High flow rate detected (Flood risk)
2026-05-14 15:00:00+00:00,7192.4672,VALID,4.494276,VALID,Warning,WARN: High flow rate detected (Flood risk)
2026-05-14 16:00:00+00:00,7178.3088,VALID,4.479036000000001,VALID,Warning,WARN: High flow rate detected (Flood risk)
2026-05-14 17:00:00+00:00,7192.4672,VALID,4.477512,VALID,Warning,WARN: High flow rate detected (Flood risk)
2026-05-14 18:00:00+00:00,7164.1503999999995,VALID,4.463796,VALID,Warning,WARN: High flow rate detected (Flood risk)
2026-05-14 19:00:00+00:00,7164.1503999999995,VALID,4.460748000000001,VALID,Warning,WARN: High flow rate detected (Flood risk)
2026-05-14 20:00:00+00:00,7135.8336,VALID,4.433316,VALID,Warning,WARN: High flow rate detected (Flood risk)
2026-05-14 21:00:00+00:00,7135.8336,VALID,4.440936,VALID,Warning,WARN: High flow rate detected (Flood risk)
2026-05-14 22:00:00+00:00,7121.6752,VALID,4.425696,VALID,Warning,WARN: High flow rate detected (Flood risk)
2026-05-14 23:00:00+00:00,7107.5168,VALID,4.408932,VALID,Warning,WARN: High flow rate detected (Flood risk)
2026-05-15 00:00:00+00:00,7079.2,VALID,4.390644,VALID,Warning,WARN: High flow rate detected (Flood risk)
2026-05-15 01:00:00+00:00,7065.0416000000005,VALID,4.378452,VALID,Warning,WARN: High flow rate detected (Flood risk)
2026-05-15 02:00:00+00:00,7050.8832,VALID,4.363212000000001,VALID,Warning,WARN: High flow rate detected (Flood risk)
2026-05-15 03:00:00+00:00,7022.5664,VALID,4.334256,VALID,Warning,WARN: High flow rate detected (Flood risk)
2026-05-15 04:00:00+00:00,7008.407999999999,VALID,4.329684,VALID,Warning,WARN: High flow rate detected (Flood risk)
2026-05-15 05:00:00+00:00,7022.5664,VALID,4.338828,VALID,Warning,WARN: High flow rate detected (Flood risk)
2026-05-15 06:00:00+00:00,7008.407999999999,VALID,4.331208,VALID,Warning,WARN: High flow rate detected (Flood risk)
2026-05-15 07:00:00+00:00,7022.5664,VALID,4.32816,VALID,Warning,WARN: High flow rate detected (Flood risk)
2026-05-15 08:00:00+00:00,6994.2496,VALID,4.322064,VALID,Warning,WARN: High flow rate detected (Flood risk)
2026-05-15 09:00:00+00:00,6994.2496,VALID,4.315968,VALID,Warning,WARN: High flow rate detected (Flood risk)
2026-05-15 10:00:00+00:00,6980.0912,VALID,4.300728,VALID,Warning,WARN: High flow rate detected (Flood risk)
2026-05-15 11:00:00+00:00,6965.9328,VALID,4.283964,VALID,Warning,WARN: High flow rate detected (Flood risk)
2026-05-15 12:00:00+00:00,6965.9328,VALID,4.2809159999999995,VALID,Warning,WARN: High flow rate detected (Flood risk)
2026-05-15 13:00:00+00:00,6951.7744,VALID,4.277868,VALID,Warning,WARN: High flow rate detected (Flood risk)
2026-05-15 14:00:00+00:00,6951.7744,VALID,4.27482,VALID,Warning,WARN: High flow rate detected (Flood risk)
2026-05-15 15:00:00+00:00,6937.616,VALID,4.267200000000001,VALID,Warning,WARN: High flow rate detected (Flood risk)
2026-05-15 16:00:00+00:00,6951.7744,VALID,4.2702480000000005,VALID,Warning,WARN: High flow rate detected (Flood risk)
2026-05-15 17:00:00+00:00,6951.7744,VALID,4.2702480000000005,VALID,Warning,WARN: High flow rate detected (Flood risk)
2026-05-15 18:00:00+00:00,6909.2991999999995,VALID,4.25196,VALID,Warning,WARN: High flow rate detected (Flood risk)
2026-05-15 19:00:00+00:00,6909.2991999999995,VALID,4.2428159999999995,VALID,Warning,WARN: High flow rate detected (Flood risk)
2026-05-15 20:00:00+00:00,6909.2991999999995,VALID,4.239768,VALID,Warning,WARN: High flow rate detected (Flood risk)
2026-05-15 21:00:00+00:00,6909.2991999999995,VALID,4.241292,VALID,Warning,WARN: High flow rate detected (Flood risk)
2026-05-15 22:00:00+00:00,6866.8240000000005,VALID,4.212336,VALID,Warning,WARN: High flow rate detected (Flood risk)
2026-05-15 23:00:00+00:00,6880.9824,VALID,4.20624,VALID,Warning,WARN: High flow rate detected (Flood risk)
2026-05-16 00:00:00+00:00,6852.6656,VALID,4.194048,VALID,Warning,WARN: High flow rate detected (Flood risk)
2026-05-16 01:00:00+00:00,6866.8240000000005,VALID,4.195572,VALID,Warning,WARN: High flow rate detected (Flood risk)
2026-05-16 02:00:00+00:00,6824.3488,VALID,4.16814,VALID,Warning,WARN: High flow rate detected (Flood risk)
2026-05-16 03:00:00+00:00,6824.3488,VALID,4.158996,VALID,Warning,WARN: High flow rate detected (Flood risk)
2026-05-16 04:00:00+00:00,6796.032,VALID,4.143756,VALID,Warning,WARN: High flow rate detected (Flood risk)
2026-05-16 05:00:00+00:00,6796.032,VALID,4.131564000000001,VALID,Warning,WARN: High flow rate detected (Flood risk)
2026-05-16 06:00:00+00:00,6767.7152,VALID,4.114800000000001,VALID,Warning,WARN: High flow rate detected (Flood risk)
2026-05-16 07:00:00+00:00,6767.7152,VALID,4.1148,VALID,Warning,WARN: High flow rate detected (Flood risk)
2026-05-16 08:00:00+00:00,6753.5568,VALID,4.108704,VALID,Warning,WARN: High flow rate detected (Flood risk)
2026-05-16 09:00:00+00:00,6739.3984,VALID,4.094988,VALID,Warning,WARN: High flow rate detected (Flood risk)
2026-05-16 10:00:00+00:00,6739.3984,VALID,4.087368,VALID,Warning,WARN: High flow rate detected (Flood risk)
2026-05-16 11:00:00+00:00,6711.0815999999995,VALID,4.070604,VALID,Warning,WARN: High flow rate detected (Flood risk)
2026-05-16 12:00:00+00:00,6711.0815999999995,VALID,4.06146,VALID,Warning,WARN: High flow rate detected (Flood risk)
2026-05-16 13:00:00+00:00,6682.7648,VALID,4.049268,VALID,Warning,WARN: High flow rate detected (Flood risk)
2026-05-16 14:00:00+00:00,6682.7648,VALID,4.038600000000001,VALID,Warning,WARN: High flow rate detected (Flood risk)
2026-05-16 15:00:00+00:00,6682.7648,VALID,4.0309800000000005,VALID,Warning,WARN: High flow rate detected (Flood risk)
2026-05-16 16:00:00+00:00,6654.448,VALID,4.02336,VALID,Warning,WARN: High flow rate detected (Flood risk)
2026-05-16 17:00:00+00:00,6654.448,VALID,4.01574,VALID,Warning,WARN: High flow rate detected (Flood risk)
2026-05-16 18:00:00+00:00,6654.448,VALID,4.006596,VALID,Warning,WARN: High flow rate detected (Flood risk)
2026-05-16 19:00:00+00:00,6626.1312,VALID,3.991356,VALID,Warning,WARN: High flow rate detected (Flood risk)
2026-05-16 20:00:00+00:00,6611.9728,VALID,3.9730680000000005,VALID,Warning,WARN: High flow rate detected (Flood risk)
2026-05-16 21:00:00+00:00,6597.8144,VALID,3.9654480000000003,VALID,Warning,WARN: High flow rate detected (Flood risk)
2026-05-16 22:00:00+00:00,6555.3392,VALID,3.9349680000000005,VALID,Warning,WARN: High flow rate detected (Flood risk)
2026-05-16 23:00:00+00:00,6527.0224,VALID,3.912108,VALID,Warning,WARN: High flow rate detected (Flood risk)
2026-05-17 00:00:00+00:00,6512.864,VALID,3.8770560000000005,VALID,Warning,WARN: High flow rate detected (Flood risk)
2026-05-17 01:00:00+00:00,6470.3888,VALID,3.8496240000000004,VALID,Warning,WARN: High flow rate detected (Flood risk)
2026-05-17 02:00:00+00:00,6442.072,VALID,3.823716,VALID,Warning,WARN: High flow rate detected (Flood risk)
2026-05-17 03:00:00+00:00,6427.9136,VALID,3.81,VALID,Warning,WARN: High flow rate detected (Flood risk)
2026-05-17 04:00:00+00:00,6385.4384,VALID,3.7810440000000005,VALID,Warning,WARN: High flow rate detected (Flood risk)
2026-05-17 05:00:00+00:00,6385.4384,VALID,3.7734240000000003,VALID,Warning,WARN: High flow rate detected (Flood risk)
2026-05-17 06:00:00+00:00,6371.28,VALID,3.7597080000000003,VALID,Warning,WARN: High flow rate detected (Flood risk)
2026-05-17 07:00:00+00:00,6342.9632,VALID,3.739896,VALID,Warning,WARN: High flow rate detected (Flood risk)
2026-05-17 08:00:00+00:00,6357.1216,VALID,3.7444680000000004,VALID,Warning,WARN: High flow rate detected (Flood risk)
2026-05-17 09:00:00+00:00,6342.9632,VALID,3.7261800000000003,VALID,Warning,WARN: High flow rate detected (Flood risk)
2026-05-17 10:00:00+00:00,6314.6464,VALID,3.71856,VALID,Warning,WARN: High flow rate detected (Flood risk)
2026-05-17 11:00:00+00:00,6314.6464,VALID,3.7124639999999998,VALID,Warning,WARN: High flow rate detected (Flood risk)
2026-05-17 12:00:00+00:00,6314.6464,VALID,3.7063680000000003,VALID,Warning,WARN: High flow rate detected (Flood risk)
2026-05-17 13:00:00+00:00,6300.487999999999,VALID,3.701796,VALID,Warning,WARN: High flow rate detected (Flood risk)
2026-05-17 14:00:00+00:00,6300.487999999999,VALID,3.6957000000000004,VALID,Warning,WARN: High flow rate detected (Flood risk)
2026-05-17 15:00:00+00:00,6314.6464,VALID,3.7063680000000003,VALID,Warning,WARN: High flow rate detected (Flood risk)
2026-05-17 16:00:00+00:00,6258.0127999999995,VALID,3.660648,VALID,Warning,WARN: High flow rate detected (Flood risk)
2026-05-17 17:00:00+00:00,6243.8544,VALID,3.645408,VALID,Warning,WARN: High flow rate detected (Flood risk)
2026-05-17 18:00:00+00:00,6229.696,VALID,3.636264,VALID,Warning,WARN: High flow rate detected (Flood risk)
2026-05-17 19:00:00+00:00,6201.3792,VALID,3.605784,VALID,Warning,WARN: High flow rate detected (Flood risk)
2026-05-17 20:00:00+00:00,6173.062400000001,VALID,3.5722560000000003,VALID,Warning,WARN: High flow rate detected (Flood risk)
2026-05-17 21:00:00+00:00,6130.5872,VALID,3.544824,VALID,Warning,WARN: High flow rate detected (Flood risk)
2026-05-17 22:00:00+00:00,6102.270399999999,VALID,3.515868,VALID,Warning,WARN: High flow rate detected (Flood risk)
2026-05-17 23:00:00+00:00,6088.112,VALID,3.4930080000000006,VALID,Warning,WARN: High flow rate detected (Flood risk)
2026-05-18 00:00:00+00:00,6031.4784,VALID,3.441192,VALID,Warning,WARN: High flow rate detected (Flood risk)
2026-05-18 01:00:00+00:00,5989.0032,VALID,3.4076640000000005,VALID,Warning,WARN: High flow rate detected (Flood risk)
2026-05-18 02:00:00+00:00,5960.6864000000005,VALID,3.3848040000000004,VALID,Warning,WARN: High flow rate detected (Flood risk)
2026-05-18 03:00:00+00:00,5946.528,VALID,3.36042,VALID,Warning,WARN: High flow rate detected (Flood risk)
2026-05-18 04:00:00+00:00,5918.2112,VALID,3.336036,VALID,Warning,WARN: High flow rate detected (Flood risk)
2026-05-18 05:00:00+00:00,5889.8944,VALID,3.3147,VALID,Warning,WARN: High flow rate detected (Flood risk)
2026-05-18 06:00:00+00:00,5875.736,VALID,3.3009839999999997,VALID,Warning,WARN: High flow rate detected (Flood risk)
2026-05-18 07:00:00+00:00,5847.4192,VALID,3.2826960000000005,VALID,Warning,WARN: High flow rate detected (Flood risk)
2026-05-18 08:00:00+00:00,5847.4192,VALID,3.2750760000000003,VALID,Warning,WARN: High flow rate detected (Flood risk)
2026-05-18 09:00:00+00:00,5833.2608,VALID,3.26136,VALID,Warning,WARN: High flow rate detected (Flood risk)
2026-05-18 10:00:00+00:00,5833.2608,VALID,3.259836,VALID,Warning,WARN: High flow rate detected (Flood risk)
2026-05-18 11:00:00+00:00,5804.9439999999995,VALID,3.240024,VALID,Warning,WARN: High flow rate detected (Flood risk)
2026-05-18 12:00:00+00:00,5804.9439999999995,VALID,3.2232600000000002,VALID,Warning,WARN: High flow rate detected (Flood risk)
2026-05-18 13:00:00+00:00,5804.9439999999995,VALID,3.2232600000000002,VALID,Warning,WARN: High flow rate detected (Flood risk)
2026-05-18 14:00:00+00:00,5804.9439999999995,VALID,3.233928,VALID,Warning,WARN: High flow rate detected (Flood risk)
2026-05-18 15:00:00+00:00,5776.6272,VALID,3.214116,VALID,Warning,WARN: High flow rate detected (Flood risk)
2026-05-18 16:00:00+00:00,5804.9439999999995,VALID,3.2278320000000003,VALID,Warning,WARN: High flow rate detected (Flood risk)
2026-05-18 17:00:00+00:00,5833.2608,VALID,3.26136,VALID,Warning,WARN: High flow rate detected (Flood risk)
2026-05-18 18:00:00+00:00,5804.9439999999995,VALID,3.2415480000000003,VALID,Warning,WARN: High flow rate detected (Flood risk)
2026-05-18 19:00:00+00:00,5847.4192,VALID,3.2766,VALID,Warning,WARN: High flow rate detected (Flood risk)
2026-05-18 20:00:00+00:00,5861.5776,VALID,3.2918400000000005,VALID,Warning,WARN: High flow rate detected (Flood risk)
2026-05-18 21:00:00+00:00,5889.8944,VALID,3.3131760000000003,VALID,Warning,WARN: High flow rate detected (Flood risk)
2026-05-18 22:00:00+00:00,5889.8944,VALID,3.316224,VALID,Warning,WARN: High flow rate detected (Flood risk)
2026-05-18 23:00:00+00:00,5904.0527999999995,VALID,3.3284160000000007,VALID,Warning,WARN: High flow rate detected (Flood risk)
2026-05-19 00:00:00+00:00,5932.3696,VALID,3.343656,VALID,Warning,WARN: High flow rate detected (Flood risk)
2026-05-19 01:00:00+00:00,5932.3696,VALID,3.355848,VALID,Warning,WARN: High flow rate detected (Flood risk)
2026-05-19 02:00:00+00:00,5946.528,VALID,3.377184,VALID,Warning,WARN: High flow rate detected (Flood risk)
2026-05-19 03:00:00+00:00,5974.8448,VALID,3.3878519999999996,VALID,Warning,WARN: High flow rate detected (Flood risk)
2026-05-19 04:00:00+00:00,5974.8448,VALID,3.3893760000000004,VALID,Warning,WARN: High flow rate detected (Flood risk)
2026-05-19 05:00:00+00:00,5960.6864000000005,VALID,3.38328,VALID,Warning,WARN: High flow rate detected (Flood risk)
2026-05-19 06:00:00+00:00,5974.8448,VALID,3.381756,VALID,Warning,WARN: High flow rate detected (Flood risk)
2026-05-19 07:00:00+00:00,5974.8448,VALID,3.3893760000000004,VALID,Warning,WARN: High flow rate detected (Flood risk)
2026-05-19 08:00:00+00:00,5974.844800000001,VALID,3.3969960000000006,VALID,Warning,WARN: High flow rate detected (Flood risk)
2026-05-19 09:00:00+00:00,5974.8448,VALID,3.381756,VALID,Warning,WARN: High flow rate detected (Flood risk)
2026-05-19 10:00:00+00:00,5974.8448,VALID,3.3802320000000003,VALID,Warning,WARN: High flow rate detected (Flood risk)
2026-05-19 11:00:00+00:00,5946.528,VALID,3.3756600000000003,VALID,Warning,WARN: High flow rate detected (Flood risk)
2026-05-19 12:00:00+00:00,5946.528,VALID,3.372612,VALID,Warning,WARN: High flow rate detected (Flood risk)
2026-05-19 13:00:00+00:00,5989.0032,VALID,3.401568,VALID,Warning,WARN: High flow rate detected (Flood risk)
2026-05-19 14:00:00+00:00,6045.6368,VALID,3.448812,VALID,Warning,WARN: High flow rate detected (Flood risk)
2026-05-19 15:00:00+00:00,6088.111999999999,VALID,3.4960560000000003,VALID,Warning,WARN: High flow rate detected (Flood risk)
2026-05-19 16:00:00+00:00,6173.062400000001,VALID,3.576828,VALID,Warning,WARN: High flow rate detected (Flood risk)
2026-05-19 17:00:00+00:00,6258.0128,VALID,3.6560760000000005,VALID,Warning,WARN: High flow rate detected (Flood risk)
2026-05-19 18:00:00+00:00,6357.1216,VALID,3.7444680000000004,VALID,Warning,WARN: High flow rate detected (Flood risk)
2026-05-19 19:00:00+00:00,6442.072,VALID,3.8221920000000003,VALID,Warning,WARN: High flow rate detected (Flood risk)
2026-05-19 20:00:00+00:00,6527.0224,VALID,3.8968680000000004,VALID,Warning,WARN: High flow rate detected (Flood risk)
2026-05-19 21:00:00+00:00,6611.9728,VALID,3.9654480000000003,VALID,Warning,WARN: High flow rate detected (Flood risk)
2026-05-19 22:00:00+00:00,6696.923199999999,VALID,4.043172,VALID,Warning,WARN: High flow rate detected (Flood risk)
2026-05-19 23:00:00+00:00,6796.031999999999,VALID,4.133088000000001,VALID,Warning,WARN: High flow rate detected (Flood risk)
2026-05-20 00:00:00+00:00,6880.9824,VALID,4.200144,VALID,Warning,WARN: High flow rate detected (Flood risk)
2026-05-20 01:00:00+00:00,6951.7744,VALID,4.273296,VALID,Warning,WARN: High flow rate detected (Flood risk)
2026-05-20 02:00:00+00:00,7036.7248,VALID,4.332732,VALID,Warning,WARN: High flow rate detected (Flood risk)
2026-05-20 03:00:00+00:00,7107.516799999999,VALID,4.390644,VALID,Warning,WARN: High flow rate detected (Flood risk)
2026-05-20 04:00:00+00:00,7149.992,VALID,4.440936000000001,VALID,Warning,WARN: High flow rate detected (Flood risk)
2026-05-20 05:00:00+00:00,7234.9424,VALID,4.4912279999999996,VALID,Warning,WARN: High flow rate detected (Flood risk)
2026-05-20 06:00:00+00:00,7277.417600000001,VALID,4.530851999999999,VALID,Warning,WARN: High flow rate detected (Flood risk)
2026-05-20 07:00:00+00:00,7348.2096,VALID,4.591812,VALID,Warning,WARN: High flow rate detected (Flood risk)
2026-05-20 08:00:00+00:00,7404.843199999999,VALID,4.651248000000001,VALID,Warning,WARN: High flow rate detected (Flood risk)
2026-05-20 09:00:00+00:00,7503.951999999999,VALID,4.71678,VALID,Warning,WARN: High flow rate detected (Flood risk)
2026-05-20 10:00:00+00:00,7560.5856,VALID,4.776216,VALID,Warning,WARN: High flow rate detected (Flood risk)
2026-05-20 11:00:00+00:00,7659.6944,VALID,4.860036000000001,VALID,Warning,WARN: High flow rate detected (Flood risk)
2026-05-20 12:00:00+00:00,7772.9616000000005,VALID,4.9408080000000005,VALID,Warning,WARN: High flow rate detected (Flood risk)
2026-05-20 13:00:00+00:00,7857.912,VALID,5.012436,VALID,Warning,WARN: High flow rate detected (Flood risk)
2026-05-20 14:00:00+00:00,7971.1792,VALID,5.100828,VALID,Warning,WARN: High flow rate detected (Flood risk)
2026-05-20 15:00:00+00:00,8098.6048,VALID,5.210556,VALID,Warning,WARN: High flow rate detected (Flood risk)
2026-05-20 16:00:00+00:00,8240.1888,VALID,5.314188,VALID,Warning,WARN: High flow rate detected (Flood risk)
2026-05-20 17:00:00+00:00,8339.2976,VALID,5.391912,VALID,Warning,WARN: High flow rate detected (Flood risk)
2026-05-20 18:00:00+00:00,8438.4064,VALID,5.4696359999999995,VALID,Warning,WARN: High flow rate detected (Flood risk)
2026-05-20 19:00:00+00:00,8537.5152,VALID,5.544312,VALID,Warning,WARN: High flow rate detected (Flood risk)
2026-05-20 20:00:00+00:00,8622.4656,VALID,5.614416,VALID,Warning,WARN: High flow rate detected (Flood risk)
2026-05-20 21:00:00+00:00,8693.2576,VALID,5.675376000000001,VALID,Warning,WARN: High flow rate detected (Flood risk)
2026-05-20 22:00:00+00:00,8778.207999999999,VALID,5.743956,VALID,Warning,WARN: High flow rate detected (Flood risk)
2026-05-20 23:00:00+00:00,8849.0,VALID,5.79882,VALID,Warning,WARN: High flow rate detected (Flood risk)
2026-05-21 00:00:00+00:00,8905.633600000001,VALID,5.839968000000001,VALID,Warning,WARN: High flow rate detected (Flood risk)
2026-05-21 01:00:00+00:00,8976.425599999999,VALID,5.897880000000001,VALID,Warning,WARN: High flow rate detected (Flood risk)
2026-05-21 02:00:00+00:00,9033.0592,VALID,5.946648000000001,VALID,Warning,WARN: High flow rate detected (Flood risk)
2026-05-21 03:00:00+00:00,9075.5344,VALID,5.9817,VALID,Warning,WARN: High flow rate detected (Flood risk)
2026-05-21 04:00:00+00:00,9146.3264,VALID,6.031992,VALID,Warning,WARN: High flow rate detected (Flood risk)
2026-05-21 05:00:00+00:00,9202.96,VALID,6.070092000000001,VALID,Warning,WARN: High flow rate detected (Flood risk)
2026-05-21 06:00:00+00:00,9245.4352,VALID,6.106668000000001,VALID,Warning,WARN: High flow rate detected (Flood risk)
2026-05-21 07:00:00+00:00,9302.068800000001,VALID,6.144768,VALID,Warning,WARN: High flow rate detected (Flood risk)
2026-05-21 08:00:00+00:00,9316.2272,VALID,6.169152,VALID,Warning,WARN: High flow rate detected (Flood risk)
2026-05-21 09:00:00+00:00,9358.7024,VALID,6.198108,VALID,Warning,WARN: High flow rate detected (Flood risk)
2026-05-21 10:00:00+00:00,9401.177599999999,VALID,6.2179199999999994,VALID,Warning,WARN: High flow rate detected (Flood risk)
2026-05-21 11:00:00+00:00,9415.336,VALID,6.242304000000001,VALID,Warning,WARN: High flow rate detected (Flood risk)
2026-05-21 12:00:00+00:00,9443.6528,VALID,6.269736,VALID,Warning,WARN: High flow rate detected (Flood risk)
2026-05-21 13:00:00+00:00,9486.128,VALID,6.289548,VALID,Warning,WARN: High flow rate detected (Flood risk)
2026-05-21 14:00:00+00:00,9514.4448,VALID,6.318504,VALID,Warning,WARN: High flow rate detected (Flood risk)
2026-05-21 15:00:00+00:00,9542.7616,VALID,6.329172000000001,VALID,Warning,WARN: High flow rate detected (Flood risk)
2026-05-21 16:00:00+00:00,9571.078399999999,VALID,6.355080000000001,VALID,Warning,WARN: High flow rate detected (Flood risk)
2026-05-21 17:00:00+00:00,9613.5536,VALID,6.391656000000001,VALID,Warning,WARN: High flow rate detected (Flood risk)
2026-05-21 18:00:00+00:00,9641.8704,VALID,6.411468000000001,VALID,Warning,WARN: High flow rate detected (Flood risk)
2026-05-21 19:00:00+00:00,9670.1872,VALID,6.432804,VALID,Warning,WARN: High flow rate detected (Flood risk)
2026-05-21 20:00:00+00:00,9726.8208,VALID,6.470904000000001,VALID,Warning,WARN: High flow rate detected (Flood risk)
2026-05-21 21:00:00+00:00,9755.1376,VALID,6.495288,VALID,Warning,WARN: High flow rate detected (Flood risk)
2026-05-21 22:00:00+00:00,9783.454399999999,VALID,6.521196000000001,VALID,Warning,WARN: High flow rate detected (Flood risk)
2026-05-21 23:00:00+00:00,9825.9296,VALID,6.550152000000001,VALID,Warning,WARN: High flow rate detected (Flood risk)
2026-05-22 00:00:00+00:00,9854.2464,VALID,6.577584,VALID,Warning,WARN: High flow rate detected (Flood risk)
2026-05-22 01:00:00+00:00,9882.5632,VALID,6.586728000000001,VALID,Warning,WARN: High flow rate detected (Flood risk)
2026-05-22 02:00:00+00:00,9896.7216,VALID,6.597396000000001,VALID,Warning,WARN: High flow rate detected (Flood risk)
2026-05-22 03:00:00+00:00,9910.88,VALID,6.617208,VALID,Warning,WARN: High flow rate detected (Flood risk)
2026-05-22 04:00:00+00:00,9939.1968,VALID,6.638544,VALID,Warning,WARN: High flow rate detected (Flood risk)
2026-05-22 05:00:00+00:00,9967.5136,VALID,6.655308,VALID,Warning,WARN: High flow rate detected (Flood risk)
2026-05-22 06:00:00+00:00,9995.8304,VALID,6.679692,VALID,Warning,WARN: High flow rate detected (Flood risk)
2026-05-22 07:00:00+00:00,9995.8304,VALID,6.681216000000001,VALID,Warning,WARN: High flow rate detected (Flood risk)
2026-05-22 08:00:00+00:00,10038.3056,VALID,6.7056000000000004,VALID,Warning,WARN: High flow rate detected (Flood risk)
2026-05-22 09:00:00+00:00,10052.464,VALID,6.719316000000001,VALID,Warning,WARN: High flow rate detected (Flood risk)
2026-05-22 10:00:00+00:00,10080.7808,VALID,6.7345559999999995,VALID,Warning,WARN: High flow rate detected (Flood risk)
2026-05-22 11:00:00+00:00,10094.9392,VALID,6.748272,VALID,Warning,WARN: High flow rate detected (Flood risk)
2026-05-22 12:00:00+00:00,10109.0976,VALID,6.765036,VALID,Warning,WARN: High flow rate detected (Flood risk)
2026-05-22 13:00:00+00:00,10137.4144,VALID,6.783324,VALID,Warning,WARN: High flow rate detected (Flood risk)
2026-05-22 14:00:00+00:00,10137.4144,VALID,6.786372,VALID,Warning,WARN: High flow rate detected (Flood risk)
2026-05-22 15:00:00+00:00,10179.8896,VALID,6.806184,VALID,Warning,WARN: High flow rate detected (Flood risk)
2026-05-22 16:00:00+00:00,10179.8896,VALID,6.815328000000001,VALID,Warning,WARN: High flow rate detected (Flood risk)
2026-05-22 17:00:00+00:00,10222.3648,VALID,6.838188000000001,VALID,Warning,WARN: High flow rate detected (Flood risk)
2026-05-22 18:00:00+00:00,10250.6816,VALID,6.8580000000000005,VALID,Warning,WARN: High flow rate detected (Flood risk)
2026-05-22 19:00:00+00:00,10250.6816,VALID,6.871716000000001,VALID,Warning,WARN: High flow rate detected (Flood risk)
2026-05-22 20:00:00+00:00,10278.9984,VALID,6.890004,VALID,Warning,WARN: High flow rate detected (Flood risk)
2026-05-22 21:00:00+00:00,10307.3152,VALID,6.899148,VALID,Warning,WARN: High flow rate detected (Flood risk)
2026-05-22 22:00:00+00:00,10307.3152,VALID,6.905244,VALID,Warning,WARN: High flow rate detected (Flood risk)
2026-05-22 23:00:00+00:00,10321.4736,VALID,6.912864000000001,VALID,Warning,WARN: High flow rate detected (Flood risk)
2026-05-23 00:00:00+00:00,10307.3152,VALID,6.9159120000000005,VALID,Warning,WARN: High flow rate detected (Flood risk)
2026-05-23 01:00:00+00:00,10335.632,VALID,6.922008000000001,VALID,Warning,WARN: High flow rate detected (Flood risk)
2026-05-23 02:00:00+00:00,10335.632,VALID,6.922008,VALID,Warning,WARN: High flow rate detected (Flood risk)
2026-05-23 03:00:00+00:00,10293.1568,VALID,6.90372,VALID,Warning,WARN: High flow rate detected (Flood risk)
2026-05-23 04:00:00+00:00,10335.632,VALID,6.925056,VALID,Warning,WARN: High flow rate detected (Flood risk)
2026-05-23 05:00:00+00:00,10335.632,VALID,6.928103999999999,VALID,Warning,WARN: High flow rate detected (Flood risk)
2026-05-23 06:00:00+00:00,10335.632,VALID,6.9250560000000005,VALID,Warning,WARN: High flow rate detected (Flood risk)
2026-05-23 07:00:00+00:00,10335.632,VALID,6.9250560000000005,VALID,Warning,WARN: High flow rate detected (Flood risk)
2026-05-23 08:00:00+00:00,10335.632,VALID,6.91896,VALID,Warning,WARN: High flow rate detected (Flood risk)
2026-05-23 09:00:00+00:00,10321.4736,VALID,6.9159120000000005,VALID,Warning,WARN: High flow rate detected (Flood risk)
2026-05-23 10:00:00+00:00,10307.3152,VALID,6.911340000000001,VALID,Warning,WARN: High flow rate detected (Flood risk)
2026-05-23 11:00:00+00:00,10307.3152,VALID,6.908292000000001,VALID,Warning,WARN: High flow rate detected (Flood risk)
2026-05-23 12:00:00+00:00,10307.3152,VALID,6.897624,VALID,Warning,WARN: High flow rate detected (Flood risk)
2026-05-23 13:00:00+00:00,10278.9984,VALID,6.893052000000001,VALID,Warning,WARN: High flow rate detected (Flood risk)
2026-05-23 14:00:00+00:00,10278.9984,VALID,6.88086,VALID,Warning,WARN: High flow rate detected (Flood risk)
2026-05-23 15:00:00+00:00,10250.6816,VALID,6.864096,VALID,Warning,WARN: High flow rate detected (Flood risk)
2026-05-23 16:00:00+00:00,10250.6816,VALID,6.868668,VALID,Warning,WARN: High flow rate detected (Flood risk)
2026-05-23 17:00:00+00:00,10250.6816,VALID,6.859524,VALID,Warning,WARN: High flow rate detected (Flood risk)
2026-05-23 18:00:00+00:00,10222.3648,VALID,6.838188000000001,VALID,Warning,WARN: High flow rate detected (Flood risk)
2026-05-23 19:00:00+00:00,10208.2064,VALID,6.8397120000000005,VALID,Warning,WARN: High flow rate detected (Flood risk)
2026-05-23 20:00:00+00:00,10194.048,VALID,6.829044,VALID,Warning,WARN: High flow rate detected (Flood risk)
2026-05-23 21:00:00+00:00,10194.048,VALID,6.821424,VALID,Warning,WARN: High flow rate detected (Flood risk)
2026-05-23 22:00:00+00:00,10151.5728,VALID,6.800088000000001,VALID,Warning,WARN: High flow rate detected (Flood risk)
2026-05-23 23:00:00+00:00,10151.5728,VALID,6.784848,VALID,Warning,WARN: High flow rate detected (Flood risk)
2026-05-24 00:00:00+00:00,10137.4144,VALID,6.775704,VALID,Warning,WARN: High flow rate detected (Flood risk)
2026-05-24 01:00:00+00:00,10094.9392,VALID,6.749796,VALID,Warning,WARN: High flow rate detected (Flood risk)
2026-05-24 02:00:00+00:00,10080.7808,VALID,6.737604000000001,VALID,Warning,WARN: High flow rate detected (Flood risk)
2026-05-24 03:00:00+00:00,10066.6224,VALID,6.729984,VALID,Warning,WARN: High flow rate detected (Flood risk)
2026-05-24 04:00:00+00:00,10024.1472,VALID,6.704076000000001,VALID,Warning,WARN: High flow rate detected (Flood risk)
2026-05-24 05:00:00+00:00,10009.9888,VALID,6.691884,VALID,Warning,WARN: High flow rate detected (Flood risk)
2026-05-24 06:00:00+00:00,10009.9888,VALID,6.69036,VALID,Warning,WARN: High flow rate detected (Flood risk)
2026-05-24 07:00:00+00:00,9995.8304,VALID,6.678168,VALID,Warning,WARN: High flow rate detected (Flood risk)
2026-05-24 08:00:00+00:00,9981.672,VALID,6.665976000000001,VALID,Warning,WARN: High flow rate detected (Flood risk)
2026-05-24 09:00:00+00:00,9967.5136,VALID,6.65226,VALID,Warning,WARN: High flow rate detected (Flood risk)
2026-05-24 10:00:00+00:00,9925.0384,VALID,6.630924,VALID,Warning,WARN: High flow rate detected (Flood risk)
2026-05-24 11:00:00+00:00,9925.0384,VALID,6.6202559999999995,VALID,Warning,WARN: High flow rate detected (Flood risk)
2026-05-24 12:00:00+00:00,9896.7216,VALID,6.6095880000000005,VALID,Warning,WARN: High flow rate detected (Flood risk)
2026-05-24 13:00:00+00:00,9868.4048,VALID,6.588252000000001,VALID,Warning,WARN: High flow rate detected (Flood risk)
2026-05-24 14:00:00+00:00,9854.2464,VALID,6.571488,VALID,Warning,WARN: High flow rate detected (Flood risk)
2026-05-24 15:00:00+00:00,9825.9296,VALID,6.5532,VALID,Warning,WARN: High flow rate detected (Flood risk)
2026-05-24 16:00:00+00:00,9811.7712,VALID,6.533388,VALID,Warning,WARN: High flow rate detected (Flood risk)
2026-05-24 17:00:00+00:00,9769.296,VALID,6.5151,VALID,Warning,WARN: High flow rate detected (Flood risk)
2026-05-24 18:00:00+00:00,9726.8208,VALID,6.480048,VALID,Warning,WARN: High flow rate detected (Flood risk)
2026-05-24 19:00:00+00:00,9670.1872,VALID,6.43128,VALID,Warning,WARN: High flow rate detected (Flood risk)
2026-05-24 20:00:00+00:00,9613.5536,VALID,6.387084000000001,VALID,Warning,WARN: High flow rate detected (Flood risk)
2026-05-24 21:00:00+00:00,9571.0784,VALID,6.358128000000001,VALID,Warning,WARN: High flow rate detected (Flood risk)
2026-05-24 22:00:00+00:00,9514.4448,VALID,6.320028000000001,VALID,Warning,WARN: High flow rate detected (Flood risk)
2026-05-24 23:00:00+00:00,9500.2864,VALID,6.295644000000001,VALID,Warning,WARN: High flow rate detected (Flood risk)
2026-05-25 00:00:00+00:00,9457.8112,VALID,6.272784,VALID,Warning,WARN: High flow rate detected (Flood risk)
2026-05-25 01:00:00+00:00,9429.4944,VALID,6.249924000000001,VALID,Warning,WARN: High flow rate detected (Flood risk)
2026-05-25 02:00:00+00:00,9415.336,VALID,6.230112,VALID,Warning,WARN: High flow rate detected (Flood risk)
2026-05-25 03:00:00+00:00,9387.019199999999,VALID,6.214872,VALID,Warning,WARN: High flow rate detected (Flood risk)
2026-05-25 04:00:00+00:00,9358.7024,VALID,6.1874400000000005,VALID,Warning,WARN: High flow rate detected (Flood risk)
2026-05-25 05:00:00+00:00,9316.2272,VALID,6.1691519999999995,VALID,Warning,WARN: High flow rate detected (Flood risk)
2026-05-25 06:00:00+00:00,9302.068800000001,VALID,6.150864,VALID,Warning,WARN: High flow rate detected (Flood risk)
2026-05-25 07:00:00+00:00,9245.4352,VALID,6.117336000000001,VALID,Warning,WARN: High flow rate detected (Flood risk)
2026-05-25 08:00:00+00:00,9259.5936,VALID,6.11886,VALID,Warning,WARN: High flow rate detected (Flood risk)
2026-05-25 09:00:00+00:00,9231.2768,VALID,6.089904000000001,VALID,Warning,WARN: High flow rate detected (Flood risk)
2026-05-25 10:00:00+00:00,9217.1184,VALID,6.085332,VALID,Warning,WARN: High flow rate detected (Flood risk)
2026-05-25 11:00:00+00:00,9188.801599999999,VALID,6.067044000000001,VALID,Warning,WARN: High flow rate detected (Flood risk)
2026-05-25 12:00:00+00:00,9174.6432,VALID,6.0533280000000005,VALID,Warning,WARN: High flow rate detected (Flood risk)
2026-05-25 13:00:00+00:00,9132.168,VALID,6.0152280000000005,VALID,Warning,WARN: High flow rate detected (Flood risk)
2026-05-25 14:00:00+00:00,9118.0096,VALID,6.01218,VALID,Warning,WARN: High flow rate detected (Flood risk)
2026-05-25 15:00:00+00:00,9103.851200000001,VALID,5.989320000000001,VALID,Warning,WARN: High flow rate detected (Flood risk)
2026-05-25 16:00:00+00:00,9075.5344,VALID,5.983224,VALID,Warning,WARN: High flow rate detected (Flood risk)
2026-05-25 17:00:00+00:00,9047.2176,VALID,5.960364,VALID,Warning,WARN: High flow rate detected (Flood risk)
2026-05-25 18:00:00+00:00,9004.7424,VALID,5.914644000000001,VALID,Warning,WARN: High flow rate detected (Flood risk)
2026-05-25 19:00:00+00:00,8919.792000000001,VALID,5.8521600000000005,VALID,Warning,WARN: High flow rate detected (Flood risk)
2026-05-25 20:00:00+00:00,8849.0,VALID,5.797295999999999,VALID,Warning,WARN: High flow rate detected (Flood risk)
2026-05-25 21:00:00+00:00,8792.366399999999,VALID,5.760720000000001,VALID,Warning,WARN: High flow rate detected (Flood risk)
2026-05-25 22:00:00+00:00,8764.0496,VALID,5.72262,VALID,Warning,WARN: High flow rate detected (Flood risk)
2026-05-25 23:00:00+00:00,8693.2576,VALID,5.670804,VALID,Warning,WARN: High flow rate detected (Flood risk)
2026-05-26 00:00:00+00:00,8679.0992,VALID,5.658612,VALID,Warning,WARN: High flow rate detected (Flood risk)
2026-05-26 01:00:00+00:00,8636.624,VALID,5.6311800000000005,VALID,Warning,WARN: High flow rate detected (Flood risk)
2026-05-26 02:00:00+00:00,8594.148799999999,VALID,5.596128,VALID,Warning,WARN: High flow rate detected (Flood risk)
2026-05-26 03:00:00+00:00,8579.9904,VALID,5.583936,VALID,Warning,WARN: High flow rate detected (Flood risk)
2026-05-26 04:00:00+00:00,8537.5152,VALID,5.553456000000001,VALID,Warning,WARN: High flow rate detected (Flood risk)
2026-05-26 05:00:00+00:00,8509.1984,VALID,5.530596000000001,VALID,Warning,WARN: High flow rate detected (Flood risk)
2026-05-26 06:00:00+00:00,8495.039999999999,VALID,5.515356000000001,VALID,Warning,WARN: High flow rate detected (Flood risk)
2026-05-26 07:00:00+00:00,8466.7232,VALID,5.495544000000001,VALID,Warning,WARN: High flow rate detected (Flood risk)
2026-05-26 08:00:00+00:00,8438.4064,VALID,5.471159999999999,VALID,Warning,WARN: High flow rate detected (Flood risk)
2026-05-26 09:00:00+00:00,8438.4064,VALID,5.46354,VALID,Warning,WARN: High flow rate detected (Flood risk)
2026-05-26 10:00:00+00:00,8395.931199999999,VALID,5.433060000000001,VALID,Warning,WARN: High flow rate detected (Flood risk)
2026-05-26 11:00:00+00:00,8367.6144,VALID,5.414772,VALID,Warning,WARN: High flow rate detected (Flood risk)
2026-05-26 12:00:00+00:00,8339.2976,VALID,5.398008000000001,VALID,Warning,WARN: High flow rate detected (Flood risk)
2026-05-26 13:00:00+00:00,8325.1392,VALID,5.373624,VALID,Warning,WARN: High flow rate detected (Flood risk)
2026-05-26 14:00:00+00:00,8310.9808,VALID,5.366004,VALID,Warning,WARN: High flow rate detected (Flood risk)
2026-05-26 15:00:00+00:00,8282.664,VALID,5.355336,VALID,Warning,WARN: High flow rate detected (Flood risk)
2026-05-26 16:00:00+00:00,8268.5056,VALID,5.334,VALID,Warning,WARN: High flow rate detected (Flood risk)
2026-05-26 17:00:00+00:00,8268.5056,VALID,5.337048,VALID,Warning,WARN: High flow rate detected (Flood risk)
2026-05-26 18:00:00+00:00,8211.872,VALID,5.294376,VALID,Warning,WARN: High flow rate detected (Flood risk)
2026-05-26 19:00:00+00:00,8183.5552,VALID,5.27304,VALID,Warning,WARN: High flow rate detected (Flood risk)
2026-05-26 20:00:00+00:00,8155.2384,VALID,5.253228,VALID,Warning,WARN: High flow rate detected (Flood risk)
2026-05-26 21:00:00+00:00,8155.2384,VALID,5.244084,VALID,Warning,WARN: High flow rate detected (Flood risk)
2026-05-26 22:00:00+00:00,8112.763199999999,VALID,5.21208,VALID,Warning,WARN: High flow rate detected (Flood risk)
2026-05-26 23:00:00+00:00,8084.4464,VALID,5.1907440000000005,VALID,Warning,WARN: High flow rate detected (Flood risk)
2026-05-27 00:00:00+00:00,8041.9712,VALID,5.160264,VALID,Warning,WARN: High flow rate detected (Flood risk)
2026-05-27 01:00:00+00:00,8013.654399999999,VALID,5.141976,VALID,Warning,WARN: High flow rate detected (Flood risk)
2026-05-27 02:00:00+00:00,7985.3376,VALID,5.114544,VALID,Warning,WARN: High flow rate detected (Flood risk)
2026-05-27 03:00:00+00:00,7957.0208,VALID,5.096256,VALID,Warning,WARN: High flow rate detected (Flood risk)
2026-05-27 04:00:00+00:00,7942.8624,VALID,5.073396000000001,VALID,Warning,WARN: High flow rate detected (Flood risk)
2026-05-27 05:00:00+00:00,7914.5455999999995,VALID,5.0566320000000005,VALID,Warning,WARN: High flow rate detected (Flood risk)
2026-05-27 06:00:00+00:00,7900.3872,VALID,5.038344,VALID,Warning,WARN: High flow rate detected (Flood risk)
2026-05-27 07:00:00+00:00,7872.0704,VALID,5.023104,VALID,Warning,WARN: High flow rate detected (Flood risk)
2026-05-27 08:00:00+00:00,7843.7536,VALID,4.995672000000001,VALID,Warning,WARN: High flow rate detected (Flood risk)
2026-05-27 09:00:00+00:00,7815.4367999999995,VALID,4.980432,VALID,Warning,WARN: High flow rate detected (Flood risk)
2026-05-27 10:00:00+00:00,7787.12,VALID,4.962144,VALID,Warning,WARN: High flow rate detected (Flood risk)
2026-05-27 11:00:00+00:00,7772.9616000000005,VALID,4.942332,VALID,Warning,WARN: High flow rate detected (Flood risk)
2026-05-27 12:00:00+00:00,7758.8032,VALID,4.93014,VALID,Warning,WARN: High flow rate detected (Flood risk)
2026-05-27 13:00:00+00:00,7730.4864,VALID,4.905756,VALID,Warning,WARN: High flow rate detected (Flood risk)
2026-05-27 14:00:00+00:00,7702.1696,VALID,4.892040000000001,VALID,Warning,WARN: High flow rate detected (Flood risk)
2026-05-27 15:00:00+00:00,7688.0112,VALID,4.8752759999999995,VALID,Warning,WARN: High flow rate detected (Flood risk)
2026-05-27 16:00:00+00:00,7673.8528,VALID,4.8737520000000005,VALID,Warning,WARN: High flow rate detected (Flood risk)
2026-05-27 17:00:00+00:00,7673.8528,VALID,4.863084000000001,VALID,Warning,WARN: High flow rate detected (Flood risk)
2026-05-27 18:00:00+00:00,7631.3776,VALID,4.829556,VALID,Warning,WARN: High flow rate detected (Flood risk)
2026-05-27 19:00:00+00:00,7574.744000000001,VALID,4.788408,VALID,Warning,WARN: High flow rate detected (Flood risk)
2026-05-27 20:00:00+00:00,7546.4272,VALID,4.7625,VALID,Warning,WARN: High flow rate detected (Flood risk)
2026-05-27 21:00:00+00:00,7503.952,VALID,4.73202,VALID,Warning,WARN: High flow rate detected (Flood risk)
2026-05-27 22:00:00+00:00,7475.6352,VALID,4.707636,VALID,Warning,WARN: High flow rate detected (Flood risk)
2026-05-27 23:00:00+00:00,7447.3184,VALID,4.684776,VALID,Warning,WARN: High flow rate detected (Flood risk)
2026-05-28 00:00:00+00:00,7419.0016,VALID,4.652772000000001,VALID,Warning,WARN: High flow rate detected (Flood risk)
2026-05-28 01:00:00+00:00,7376.5264,VALID,4.623816,VALID,Warning,WARN: High flow rate detected (Flood risk)
2026-05-28 02:00:00+00:00,7362.3679999999995,VALID,4.5963840000000005,VALID,Warning,WARN: High flow rate detected (Flood risk)
2026-05-28 03:00:00+00:00,7334.0512,VALID,4.578096,VALID,Warning,WARN: High flow rate detected (Flood risk)
2026-05-28 04:00:00+00:00,7305.7344,VALID,4.561332,VALID,Warning,WARN: High flow rate detected (Flood risk)
2026-05-28 05:00:00+00:00,7277.4176,VALID,4.536948000000001,VALID,Warning,WARN: High flow rate detected (Flood risk)
2026-05-28 06:00:00+00:00,7249.1008,VALID,4.520184,VALID,Warning,WARN: High flow rate detected (Flood risk)
2026-05-28 07:00:00+00:00,7234.9424,VALID,4.501896,VALID,Warning,WARN: High flow rate detected (Flood risk)
2026-05-28 08:00:00+00:00,7206.625599999999,VALID,4.479036,VALID,Warning,WARN: High flow rate detected (Flood risk)
2026-05-28 09:00:00+00:00,7192.4672,VALID,4.471416,VALID,Warning,WARN: High flow rate detected (Flood risk)
2026-05-28 10:00:00+00:00,7178.3088,VALID,4.4531279999999995,VALID,Warning,WARN: High flow rate detected (Flood risk)
2026-05-28 11:00:00+00:00,7149.992,VALID,4.436364,VALID,Warning,WARN: High flow rate detected (Flood risk)
2026-05-28 12:00:00+00:00,7135.8336,VALID,4.416552,VALID,Warning,WARN: High flow rate detected (Flood risk)
2026-05-28 13:00:00+00:00,7135.8336,VALID,4.415028,VALID,Warning,WARN: High flow rate detected (Flood risk)
2026-05-28 14:00:00+00:00,7107.5168,VALID,4.398264,VALID,Warning,WARN: High flow rate detected (Flood risk)
2026-05-28 15:00:00+00:00,7093.3584,VALID,4.3815,VALID,Warning,WARN: High flow rate detected (Flood risk)
2026-05-28 16:00:00+00:00,7079.2,VALID,4.370832,VALID,Warning,WARN: High flow rate detected (Flood risk)
2026-05-28 17:00:00+00:00,7065.0416000000005,VALID,4.363212,VALID,Warning,WARN: High flow rate detected (Flood risk)
2026-05-28 18:00:00+00:00,7050.8832,VALID,4.35102,VALID,Warning,WARN: High flow rate detected (Flood risk)
2026-05-28 19:00:00+00:00,7036.7248,VALID,4.340352000000001,VALID,Warning,WARN: High flow rate detected (Flood risk)
2026-05-28 20:00:00+00:00,7022.5664,VALID,4.331208,VALID,Warning,WARN: High flow rate detected (Flood risk)
2026-05-28 21:00:00+00:00,6994.2496,VALID,4.302252,VALID,Warning,WARN: High flow rate detected (Flood risk)
2026-05-28 22:00:00+00:00,6951.7744,VALID,4.265676,VALID,Warning,WARN: High flow rate detected (Flood risk)
2026-05-28 23:00:00+00:00,6923.4576,VALID,4.238244,VALID,Warning,WARN: High flow rate detected (Flood risk)
2026-05-29 00:00:00+00:00,6880.9824,VALID,4.20624,VALID,Warning,WARN: High flow rate detected (Flood risk)
2026-05-29 01:00:00+00:00,6866.8240000000005,VALID,4.191000000000001,VALID,Warning,WARN: High flow rate detected (Flood risk)
2026-05-29 02:00:00+00:00,6852.6656,VALID,4.16814,VALID,Warning,WARN: High flow rate detected (Flood risk)
2026-05-29 03:00:00+00:00,6810.1903999999995,VALID,4.143756,VALID,Warning,WARN: High flow rate detected (Flood risk)
2026-05-29 04:00:00+00:00,6796.032,VALID,4.125468,VALID,Warning,WARN: High flow rate detected (Flood risk)
2026-05-29 05:00:00+00:00,6767.7152,VALID,4.110228,VALID,Warning,WARN: High flow rate detected (Flood risk)
2026-05-29 06:00:00+00:00,6767.7152,VALID,4.101084,VALID,Warning,WARN: High flow rate detected (Flood risk)
2026-05-29 07:00:00+00:00,6753.5568,VALID,4.094988000000001,VALID,Warning,WARN: High flow rate detected (Flood risk)
2026-05-29 08:00:00+00:00,6739.3984,VALID,4.0782240000000005,VALID,Warning,WARN: High flow rate detected (Flood risk)
2026-05-29 09:00:00+00:00,6711.0815999999995,VALID,4.058412000000001,VALID,Warning,WARN: High flow rate detected (Flood risk)
2026-05-29 10:00:00+00:00,6711.0815999999995,VALID,4.0507919999999995,VALID,Warning,WARN: High flow rate detected (Flood risk)
2026-05-29 11:00:00+00:00,6682.7648,VALID,4.034028000000001,VALID,Warning,WARN: High flow rate detected (Flood risk)
2026-05-29 12:00:00+00:00,6682.7648,VALID,4.032504,VALID,Warning,WARN: High flow rate detected (Flood risk)
2026-05-29 13:00:00+00:00,6668.606400000001,VALID,4.017264000000001,VALID,Warning,WARN: High flow rate detected (Flood risk)
2026-05-29 14:00:00+00:00,6654.448,VALID,4.005072,VALID,Warning,WARN: High flow rate detected (Flood risk)
2026-05-29 15:00:00+00:00,6654.448,VALID,3.9944040000000003,VALID,Warning,WARN: High flow rate detected (Flood risk)
2026-05-29 16:00:00+00:00,6654.448,VALID,4.000500000000001,VALID,Warning,WARN: High flow rate detected (Flood risk)
2026-05-29 17:00:00+00:00,6626.1312,VALID,3.9852600000000002,VALID,Warning,WARN: High flow rate detected (Flood risk)
2026-05-29 18:00:00+00:00,6626.1312,VALID,3.9776400000000005,VALID,Warning,WARN: High flow rate detected (Flood risk)
2026-05-29 19:00:00+00:00,6597.8144,VALID,3.959352,VALID,Warning,WARN: High flow rate detected (Flood risk)
2026-05-29 20:00:00+00:00,6569.4976,VALID,3.9258240000000004,VALID,Warning,WARN: High flow rate detected (Flood risk)
2026-05-29 21:00:00+00:00,6527.0224,VALID,3.8983920000000003,VALID,Warning,WARN: High flow rate detected (Flood risk)
2026-05-29 22:00:00+00:00,6527.0224,VALID,3.8846760000000002,VALID,Warning,WARN: High flow rate detected (Flood risk)
2026-05-29 23:00:00+00:00,6498.705599999999,VALID,3.87096,VALID,Warning,WARN: High flow rate detected (Flood risk)
2026-05-30 00:00:00+00:00,6470.3888,VALID,3.845052,VALID,Warning,WARN: High flow rate detected (Flood risk)
2026-05-30 01:00:00+00:00,6456.2303999999995,VALID,3.820668,VALID,Warning,WARN: High flow rate detected (Flood risk)
2026-05-30 02:00:00+00:00,6442.072,VALID,3.816096,VALID,Warning,WARN: High flow rate detected (Flood risk)
2026-05-30 03:00:00+00:00,6427.9136,VALID,3.7932360000000003,VALID,Warning,WARN: High flow rate detected (Flood risk)
2026-05-30 04:00:00+00:00,6399.5968,VALID,3.78714,VALID,Warning,WARN: High flow rate detected (Flood risk)
2026-05-30 05:00:00+00:00,6399.5968,VALID,3.7779960000000004,VALID,Warning,WARN: High flow rate detected (Flood risk)
2026-05-30 06:00:00+00:00,6399.5968,VALID,3.768852,VALID,Warning,WARN: High flow rate detected (Flood risk)
2026-05-30 07:00:00+00:00,6371.28,VALID,3.7642800000000003,VALID,Warning,WARN: High flow rate detected (Flood risk)
2026-05-30 08:00:00+00:00,6385.4384,VALID,3.7627560000000004,VALID,Warning,WARN: High flow rate detected (Flood risk)
2026-05-30 09:00:00+00:00,6371.28,VALID,3.7551360000000003,VALID,Warning,WARN: High flow rate detected (Flood risk)
2026-05-30 10:00:00+00:00,6371.28,VALID,3.7459919999999998,VALID,Warning,WARN: High flow rate detected (Flood risk)
2026-05-30 11:00:00+00:00,6371.28,VALID,3.742944,VALID,Warning,WARN: High flow rate detected (Flood risk)
2026-05-30 12:00:00+00:00,6342.9632,VALID,3.7353240000000003,VALID,Warning,WARN: High flow rate detected (Flood risk)
2026-05-30 13:00:00+00:00,6357.1216,VALID,3.739896,VALID,Warning,WARN: High flow rate detected (Flood risk)
2026-05-30 14:00:00+00:00,6342.9632,VALID,3.736848,VALID,Warning,WARN: High flow rate detected (Flood risk)
2026-05-30 15:00:00+00:00,6342.9632,VALID,3.7261800000000003,VALID,Warning,WARN: High flow rate detected (Flood risk)
2026-05-30 16:00:00+00:00,6342.9632,VALID,3.7261800000000003,VALID,Warning,WARN: High flow rate detected (Flood risk)
2026-05-30 17:00:00+00:00,6342.9632,VALID,3.727704,VALID,Warning,WARN: High flow rate detected (Flood risk)
2026-05-30 18:00:00+00:00,6342.9632,VALID,3.7246560000000004,VALID,Warning,WARN: High flow rate detected (Flood risk)
2026-05-30 19:00:00+00:00,6342.9632,VALID,3.7338,VALID,Warning,WARN: High flow rate detected (Flood risk)
2026-05-30 20:00:00+00:00,6342.9632,VALID,3.7307520000000003,VALID,Warning,WARN: High flow rate detected (Flood risk)
2026-05-30 21:00:00+00:00,6357.1216,VALID,3.74142,VALID,Warning,WARN: High flow rate detected (Flood risk)
2026-05-30 22:00:00+00:00,6371.28,VALID,3.7459919999999998,VALID,Warning,WARN: High flow rate detected (Flood risk)
2026-05-30 23:00:00+00:00,6371.28,VALID,3.742944,VALID,Warning,WARN: High flow rate detected (Flood risk)
2026-05-31 00:00:00+00:00,6357.1216,VALID,3.739896,VALID,Warning,WARN: High flow rate detected (Flood risk)
2026-05-31 01:00:00+00:00,6371.28,VALID,3.7597080000000003,VALID,Warning,WARN: High flow rate detected (Flood risk)
2026-05-31 02:00:00+00:00,6385.4384,VALID,3.767328,VALID,Warning,WARN: High flow rate detected (Flood risk)
2026-05-31 03:00:00+00:00,6399.5968,VALID,3.774948,VALID,Warning,WARN: High flow rate detected (Flood risk)
2026-05-31 04:00:00+00:00,6399.5968,VALID,3.7825680000000004,VALID,Warning,WARN: High flow rate detected (Flood risk)
2026-05-31 05:00:00+00:00,6427.9136,VALID,3.7978080000000003,VALID,Warning,WARN: High flow rate detected (Flood risk)
2026-05-31 06:00:00+00:00,6427.9136,VALID,3.799332,VALID,Warning,WARN: High flow rate detected (Flood risk)
2026-05-31 07:00:00+00:00,6442.072,VALID,3.8176200000000002,VALID,Warning,WARN: High flow rate detected (Flood risk)
2026-05-31 08:00:00+00:00,6442.072,VALID,3.8282879999999997,VALID,Warning,WARN: High flow rate detected (Flood risk)
2026-05-31 09:00:00+00:00,6456.2303999999995,VALID,3.834384,VALID,Warning,WARN: High flow rate detected (Flood risk)
2026-05-31 10:00:00+00:00,6484.5472,VALID,3.8496240000000004,VALID,Warning,WARN: High flow rate detected (Flood risk)
2026-05-31 11:00:00+00:00,6484.5472,VALID,3.8541960000000004,VALID,Warning,WARN: High flow rate detected (Flood risk)
2026-05-31 12:00:00+00:00,6512.864,VALID,3.867912,VALID,Warning,WARN: High flow rate detected (Flood risk)
2026-05-31 13:00:00+00:00,6512.864,VALID,3.8785800000000004,VALID,Warning,WARN: High flow rate detected (Flood risk)
2026-05-31 14:00:00+00:00,6512.864,VALID,3.8846760000000002,VALID,Warning,WARN: High flow rate detected (Flood risk)
2026-05-31 15:00:00+00:00,6541.1808,VALID,3.902964,VALID,Warning,WARN: High flow rate detected (Flood risk)
2026-05-31 16:00:00+00:00,6541.1808,VALID,3.9060120000000005,VALID,Warning,WARN: High flow rate detected (Flood risk)
2026-05-31 17:00:00+00:00,6569.4976,VALID,3.9243,VALID,Warning,WARN: High flow rate detected (Flood risk)
2026-05-31 18:00:00+00:00,6555.3392,VALID,3.9243,VALID,Warning,WARN: High flow rate detected (Flood risk)
2026-05-31 19:00:00+00:00,6569.4976,VALID,3.9303960000000004,VALID,Warning,WARN: High flow rate detected (Flood risk)
2026-05-31 20:00:00+00:00,6583.656,VALID,3.948684,VALID,Warning,WARN: High flow rate detected (Flood risk)
2026-05-31 21:00:00+00:00,6597.8144,VALID,3.9563040000000003,VALID,Warning,WARN: High flow rate detected (Flood risk)
2026-05-31 22:00:00+00:00,6611.9728,VALID,3.9654480000000003,VALID,Warning,WARN: High flow rate detected (Flood risk)
2026-05-31 23:00:00+00:00,6626.1312,VALID,3.9776400000000005,VALID,Warning,WARN: High flow rate detected (Flood risk)
2026-06-01 00:00:00+00:00,6640.2896,VALID,3.991356,VALID,Warning,WARN: High flow rate detected (Flood risk)
2026-06-01 01:00:00+00:00,6654.448,VALID,3.9989760000000003,VALID,Warning,WARN: High flow rate detected (Flood risk)
2026-06-01 02:00:00+00:00,6682.7648,VALID,4.017264,VALID,Warning,WARN: High flow rate detected (Flood risk)
2026-06-01 03:00:00+00:00,6682.7648,VALID,4.024884,VALID,Warning,WARN: High flow rate detected (Flood risk)
2026-06-01 04:00:00+00:00,6682.7648,VALID,4.038600000000001,VALID,Warning,WARN: High flow rate detected (Flood risk)
2026-06-01 05:00:00+00:00,6711.0815999999995,VALID,4.0507919999999995,VALID,Warning,WARN: High flow rate detected (Flood risk)
2026-06-01 06:00:00+00:00,6711.0815999999995,VALID,4.06146,VALID,Warning,WARN: High flow rate detected (Flood risk)
2026-06-01 07:00:00+00:00,6739.3984,VALID,4.075176,VALID,Warning,WARN: High flow rate detected (Flood risk)
2026-06-01 08:00:00+00:00,6739.3984,VALID,4.082796,VALID,Warning,WARN: High flow rate detected (Flood risk)
2026-06-01 09:00:00+00:00,6767.7152,VALID,4.09956,VALID,Warning,WARN: High flow rate detected (Flood risk)
2026-06-01 10:00:00+00:00,6781.8736,VALID,4.12242,VALID,Warning,WARN: High flow rate detected (Flood risk)
2026-06-01 11:00:00+00:00,6810.1903999999995,VALID,4.143756000000001,VALID,Warning,WARN: High flow rate detected (Flood risk)
2026-06-01 12:00:00+00:00,6880.9824,VALID,4.194048,VALID,Warning,WARN: High flow rate detected (Flood risk)
2026-06-01 13:00:00+00:00,6909.2991999999995,VALID,4.230624000000001,VALID,Warning,WARN: High flow rate detected (Flood risk)
2026-06-01 14:00:00+00:00,6937.616,VALID,4.2611040000000004,VALID,Warning,WARN: High flow rate detected (Flood risk)
2026-06-01 15:00:00+00:00,6965.9328,VALID,4.282439999999999,VALID,Warning,WARN: High flow rate detected (Flood risk)
2026-06-01 16:00:00+00:00,6994.2496,VALID,4.300728,VALID,Warning,WARN: High flow rate detected (Flood risk)
2026-06-01 17:00:00+00:00,7008.407999999999,VALID,4.314444,VALID,Warning,WARN: High flow rate detected (Flood risk)
2026-06-01 18:00:00+00:00,7022.5664,VALID,4.319016,VALID,Warning,WARN: High flow rate detected (Flood risk)
2026-06-01 19:00:00+00:00,7022.5664,VALID,4.331208,VALID,Warning,WARN: High flow rate detected (Flood risk)
2026-06-01 20:00:00+00:00,7050.8832,VALID,4.340352,VALID,Warning,WARN: High flow rate detected (Flood risk)
2026-06-01 21:00:00+00:00,7050.8832,VALID,4.352544,VALID,Warning,WARN: High flow rate detected (Flood risk)
2026-06-01 22:00:00+00:00,7079.2,VALID,4.363212000000001,VALID,Warning,WARN: High flow rate detected (Flood risk)
2026-06-01 23:00:00+00:00,7079.2,VALID,4.361688000000001,VALID,Warning,WARN: High flow rate detected (Flood risk)
2026-06-02 00:00:00+00:00,7079.2,VALID,4.367784,VALID,Warning,WARN: High flow rate detected (Flood risk)
2026-06-02 01:00:00+00:00,7065.0416000000005,VALID,4.355592,VALID,Warning,WARN: High flow rate detected (Flood risk)
2026-06-02 02:00:00+00:00,7079.2,VALID,4.372356,VALID,Warning,WARN: High flow rate detected (Flood risk)
2026-06-02 03:00:00+00:00,7079.2,VALID,4.367784,VALID,Warning,WARN: High flow rate detected (Flood risk)
2026-06-02 04:00:00+00:00,7093.3584,VALID,4.379976000000001,VALID,Warning,WARN: High flow rate detected (Flood risk)
2026-06-02 05:00:00+00:00,7093.3584,VALID,4.378452,VALID,Warning,WARN: High flow rate detected (Flood risk)
2026-06-02 06:00:00+00:00,7107.5168,VALID,4.38912,VALID,Warning,WARN: High flow rate detected (Flood risk)
2026-06-02 07:00:00+00:00,7107.5168,VALID,4.392168,VALID,Warning,WARN: High flow rate detected (Flood risk)
2026-06-02 08:00:00+00:00,7107.5168,VALID,4.401312,VALID,Warning,WARN: High flow rate detected (Flood risk)
2026-06-02 09:00:00+00:00,7121.6752,VALID,4.410456,VALID,Warning,WARN: High flow rate detected (Flood risk)
2026-06-02 10:00:00+00:00,7135.8336,VALID,4.419600000000001,VALID,Warning,WARN: High flow rate detected (Flood risk)
2026-06-02 11:00:00+00:00,7149.992,VALID,4.436364,VALID,Warning,WARN: High flow rate detected (Flood risk)
2026-06-02 12:00:00+00:00,7178.3088,VALID,4.457700000000001,VALID,Warning,WARN: High flow rate detected (Flood risk)
2026-06-02 13:00:00+00:00,7192.4672,VALID,4.466844,VALID,Warning,WARN: High flow rate detected (Flood risk)
2026-06-02 14:00:00+00:00,7220.784,VALID,4.48818,VALID,Warning,WARN: High flow rate detected (Flood risk)
2026-06-02 15:00:00+00:00,7249.1008,VALID,4.507992,VALID,Warning,WARN: High flow rate detected (Flood risk)
2026-06-02 16:00:00+00:00,7249.1008,VALID,4.521708,VALID,Warning,WARN: High flow rate detected (Flood risk)
2026-06-02 17:00:00+00:00,7305.7344,VALID,4.550664,VALID,Warning,WARN: High flow rate detected (Flood risk)
2026-06-02 18:00:00+00:00,7319.8928,VALID,4.570476,VALID,Warning,WARN: High flow rate detected (Flood risk)
2026-06-02 19:00:00+00:00,7348.2096,VALID,4.590288,VALID,Warning,WARN: High flow rate detected (Flood risk)
2026-06-02 20:00:00+00:00,7376.5264,VALID,4.626864,VALID,Warning,WARN: High flow rate detected (Flood risk)
2026-06-02 21:00:00+00:00,7390.6848,VALID,4.636008,VALID,Warning,WARN: High flow rate detected (Flood risk)
2026-06-02 22:00:00+00:00,7433.16,VALID,4.674108,VALID,Warning,WARN: High flow rate detected (Flood risk)
2026-06-02 23:00:00+00:00,7461.4768,VALID,4.687824,VALID,Warning,WARN: High flow rate detected (Flood risk)
2026-06-03 00:00:00+00:00,7475.6352,VALID,4.703064,VALID,Warning,WARN: High flow rate detected (Flood risk)
2026-06-03 01:00:00+00:00,7503.952,VALID,4.7244,VALID,Warning,WARN: High flow rate detected (Flood risk)
2026-06-03 02:00:00+00:00,7518.1104,VALID,4.738116,VALID,Warning,WARN: High flow rate detected (Flood risk)
2026-06-03 03:00:00+00:00,7532.2688,VALID,4.753356,VALID,Warning,WARN: High flow rate detected (Flood risk)
2026-06-03 04:00:00+00:00,7546.4272,VALID,4.75488,VALID,Warning,WARN: High flow rate detected (Flood risk)
2026-06-03 05:00:00+00:00,7560.5856,VALID,4.771644,VALID,Warning,WARN: High flow rate detected (Flood risk)
2026-06-03 06:00:00+00:00,7560.5856,VALID,4.773168,VALID,Warning,WARN: High flow rate detected (Flood risk)
2026-06-03 07:00:00+00:00,7588.9024,VALID,4.786884000000001,VALID,Warning,WARN: High flow rate detected (Flood risk)
2026-06-03 08:00:00+00:00,7588.9024,VALID,4.794504000000001,VALID,Warning,WARN: High flow rate detected (Flood risk)
2026-06-03 09:00:00+00:00,7588.9024,VALID,4.796028,VALID,Warning,WARN: High flow rate detected (Flood risk)
2026-06-03 10:00:00+00:00,7603.060799999999,VALID,4.803648000000001,VALID,Warning,WARN: High flow rate detected (Flood risk)
2026-06-03 11:00:00+00:00,7603.060799999999,VALID,4.814316,VALID,Warning,WARN: High flow rate detected (Flood risk)
2026-06-03 12:00:00+00:00,7617.2192,VALID,4.818888,VALID,Warning,WARN: High flow rate detected (Flood risk)
2026-06-03 13:00:00+00:00,7603.060799999999,VALID,4.8066960000000005,VALID,Warning,WARN: High flow rate detected (Flood risk)
2026-06-03 14:00:00+00:00,7603.060799999999,VALID,4.812792,VALID,Warning,WARN: High flow rate detected (Flood risk)
2026-06-03 15:00:00+00:00,7617.2192,VALID,4.81584,VALID,Warning,WARN: High flow rate detected (Flood risk)
2026-06-03 16:00:00+00:00,7617.2192,VALID,4.8066960000000005,VALID,Warning,WARN: High flow rate detected (Flood risk)
2026-06-03 17:00:00+00:00,7617.2192,VALID,4.809744,VALID,Warning,WARN: High flow rate detected (Flood risk)
2026-06-03 18:00:00+00:00,7588.9024,VALID,4.8006,VALID,Warning,WARN: High flow rate detected (Flood risk)
2026-06-03 19:00:00+00:00,7588.9024,VALID,4.79298,VALID,Warning,WARN: High flow rate detected (Flood risk)
2026-06-03 20:00:00+00:00,7532.2688,VALID,4.750308,VALID,Warning,WARN: High flow rate detected (Flood risk)
2026-06-03 21:00:00+00:00,7532.2688,VALID,4.738116,VALID,Warning,WARN: High flow rate detected (Flood risk)
2026-06-03 22:00:00+00:00,7503.952,VALID,4.725924000000001,VALID,Warning,WARN: High flow rate detected (Flood risk)
2026-06-03 23:00:00+00:00,7475.6352,VALID,4.698492,VALID,Warning,WARN: High flow rate detected (Flood risk)
2026-06-04 00:00:00+00:00,7447.3184,VALID,4.67868,VALID,Warning,WARN: High flow rate detected (Flood risk)
2026-06-04 01:00:00+00:00,7433.16,VALID,4.669536000000001,VALID,Warning,WARN: High flow rate detected (Flood risk)
2026-06-04 02:00:00+00:00,7404.843199999999,VALID,4.6451519999999995,VALID,Warning,WARN: High flow rate detected (Flood risk)
2026-06-04 03:00:00+00:00,7376.5264,VALID,4.622292,VALID,Warning,WARN: High flow rate detected (Flood risk)
2026-06-04 04:00:00+00:00,7362.3679999999995,VALID,4.611624000000001,VALID,Warning,WARN: High flow rate detected (Flood risk)
2026-06-04 05:00:00+00:00,7334.0512,VALID,4.591812000000001,VALID,Warning,WARN: High flow rate detected (Flood risk)
2026-06-04 06:00:00+00:00,7319.8928,VALID,4.575048000000001,VALID,Warning,WARN: High flow rate detected (Flood risk)
2026-06-04 07:00:00+00:00,7305.7344,VALID,4.556760000000001,VALID,Warning,WARN: High flow rate detected (Flood risk)
2026-06-04 08:00:00+00:00,7291.576,VALID,4.552188,VALID,Warning,WARN: High flow rate detected (Flood risk)
2026-06-04 09:00:00+00:00,7277.4176,VALID,4.544568,VALID,Warning,WARN: High flow rate detected (Flood risk)
2026-06-04 10:00:00+00:00,7277.4176,VALID,4.532376000000001,VALID,Warning,WARN: High flow rate detected (Flood risk)
2026-06-04 11:00:00+00:00,7263.2592,VALID,4.52628,VALID,Warning,WARN: High flow rate detected (Flood risk)
2026-06-04 12:00:00+00:00,7249.1008,VALID,4.515612,VALID,Warning,WARN: High flow rate detected (Flood risk)
2026-06-04 13:00:00+00:00,7234.9424,VALID,4.5003720000000005,VALID,Warning,WARN: High flow rate detected (Flood risk)
2026-06-04 14:00:00+00:00,7220.784,VALID,4.4912279999999996,VALID,Warning,WARN: High flow rate detected (Flood risk)
2026-06-04 15:00:00+00:00,7192.4672,VALID,4.469892,VALID,Warning,WARN: High flow rate detected (Flood risk)
2026-06-04 16:00:00+00:00,7178.3088,VALID,4.457700000000001,VALID,Warning,WARN: High flow rate detected (Flood risk)
2026-06-04 17:00:00+00:00,7164.1503999999995,VALID,4.447032,VALID,Warning,WARN: High flow rate detected (Flood risk)
2026-06-04 18:00:00+00:00,7164.1503999999995,VALID,4.439412000000001,VALID,Warning,WARN: High flow rate detected (Flood risk)
2026-06-04 19:00:00+00:00,7149.992,VALID,4.430268,VALID,Warning,WARN: High flow rate detected (Flood risk)
2026-06-04 20:00:00+00:00,7121.6752,VALID,4.408932,VALID,Warning,WARN: High flow rate detected (Flood risk)
2026-06-04 21:00:00+00:00,7107.5168,VALID,4.401312,VALID,Warning,WARN: High flow rate detected (Flood risk)
2026-06-04 22:00:00+00:00,7093.3584,VALID,4.383024000000001,VALID,Warning,WARN: High flow rate detected (Flood risk)
2026-06-04 23:00:00+00:00,7079.2,VALID,4.369308,VALID,Warning,WARN: High flow rate detected (Flood risk)
2026-06-05 00:00:00+00:00,7050.8832,VALID,4.341876,VALID,Warning,WARN: High flow rate detected (Flood risk)
2026-06-05 01:00:00+00:00,7008.407999999999,VALID,4.306824000000001,VALID,Warning,WARN: High flow rate detected (Flood risk)
2026-06-05 02:00:00+00:00,6980.0912,VALID,4.285488,VALID,Warning,WARN: High flow rate detected (Flood risk)
2026-06-05 03:00:00+00:00,6937.616,VALID,4.2611040000000004,VALID,Warning,WARN: High flow rate detected (Flood risk)
2026-06-05 04:00:00+00:00,6923.4576,VALID,4.23672,VALID,Warning,WARN: High flow rate detected (Flood risk)
2026-06-05 05:00:00+00:00,6895.140799999999,VALID,4.218432,VALID,Warning,WARN: High flow rate detected (Flood risk)
2026-06-05 06:00:00+00:00,6866.8240000000005,VALID,4.195572,VALID,Warning,WARN: High flow rate detected (Flood risk)
2026-06-05 07:00:00+00:00,6852.6656,VALID,4.1742360000000005,VALID,Warning,WARN: High flow rate detected (Flood risk)
2026-06-05 08:00:00+00:00,6824.3488,VALID,4.152900000000001,VALID,Warning,WARN: High flow rate detected (Flood risk)
2026-06-05 09:00:00+00:00,6796.032,VALID,4.13766,VALID,Warning,WARN: High flow rate detected (Flood risk)
2026-06-05 10:00:00+00:00,6781.8736,VALID,4.119372,VALID,Warning,WARN: High flow rate detected (Flood risk)
2026-06-05 11:00:00+00:00,6753.5568,VALID,4.090416,VALID,Warning,WARN: High flow rate detected (Flood risk)
2026-06-05 12:00:00+00:00,6753.5568,VALID,4.087368,VALID,Warning,WARN: High flow rate detected (Flood risk)
2026-06-05 13:00:00+00:00,6739.3984,VALID,4.073652000000001,VALID,Warning,WARN: High flow rate detected (Flood risk)
2026-06-05 14:00:00+00:00,6711.0815999999995,VALID,4.059936,VALID,Warning,WARN: High flow rate detected (Flood risk)
2026-06-05 15:00:00+00:00,6668.606400000001,VALID,4.012692,VALID,Warning,WARN: High flow rate detected (Flood risk)
2026-06-05 16:00:00+00:00,6611.9728,VALID,3.976116,VALID,Warning,WARN: High flow rate detected (Flood risk)
2026-06-05 17:00:00+00:00,6597.814399999999,VALID,3.953256,VALID,Warning,WARN: High flow rate detected (Flood risk)
2026-06-05 18:00:00+00:00,6555.3392,VALID,3.915156,VALID,Warning,WARN: High flow rate detected (Flood risk)
2026-06-05 19:00:00+00:00,6527.0224,VALID,3.8968680000000004,VALID,Warning,WARN: High flow rate detected (Flood risk)
2026-06-05 20:00:00+00:00,6484.5472,VALID,3.861816,VALID,Warning,WARN: High flow rate detected (Flood risk)
2026-06-05 21:00:00+00:00,6470.3888,VALID,3.8481000000000005,VALID,Warning,WARN: High flow rate detected (Flood risk)
2026-06-05 22:00:00+00:00,6427.9136,VALID,3.8069520000000003,VALID,Warning,WARN: High flow rate detected (Flood risk)
2026-06-05 23:00:00+00:00,6385.4384,VALID,3.7688520000000003,VALID,Warning,WARN: High flow rate detected (Flood risk)
2026-06-06 00:00:00+00:00,6371.280000000001,VALID,3.7505640000000002,VALID,Warning,WARN: High flow rate detected (Flood risk)
2026-06-06 01:00:00+00:00,6342.9632,VALID,3.721608,VALID,Warning,WARN: High flow rate detected (Flood risk)
2026-06-06 02:00:00+00:00,6272.1712,VALID,3.6682680000000003,VALID,Warning,WARN: High flow rate detected (Flood risk)
2026-06-06 03:00:00+00:00,6243.8544,VALID,3.6393120000000003,VALID,Warning,WARN: High flow rate detected (Flood risk)
2026-06-06 04:00:00+00:00,6215.5376,VALID,3.616452,VALID,Warning,WARN: High flow rate detected (Flood risk)
2026-06-06 05:00:00+00:00,6187.2208,VALID,3.5920680000000003,VALID,Warning,WARN: High flow rate detected (Flood risk)
2026-06-06 06:00:00+00:00,6173.062400000001,VALID,3.578352,VALID,Warning,WARN: High flow rate detected (Flood risk)
2026-06-06 07:00:00+00:00,6144.7456,VALID,3.5433000000000003,VALID,Warning,WARN: High flow rate detected (Flood risk)
2026-06-06 08:00:00+00:00,6130.5872,VALID,3.5326320000000004,VALID,Warning,WARN: High flow rate detected (Flood risk)
2026-06-06 09:00:00+00:00,6102.270399999999,VALID,3.5052000000000003,VALID,Warning,WARN: High flow rate detected (Flood risk)
2026-06-06 10:00:00+00:00,6073.9536,VALID,3.4853880000000004,VALID,Warning,WARN: High flow rate detected (Flood risk)
2026-06-06 11:00:00+00:00,6059.7952,VALID,3.4731960000000006,VALID,Warning,WARN: High flow rate detected (Flood risk)
2026-06-06 12:00:00+00:00,6045.6368,VALID,3.4564320000000004,VALID,Warning,WARN: High flow rate detected (Flood risk)
2026-06-06 13:00:00+00:00,6031.4784,VALID,3.4350959999999997,VALID,Warning,WARN: High flow rate detected (Flood risk)
2026-06-06 14:00:00+00:00,6003.1616,VALID,3.4244280000000002,VALID,Warning,WARN: High flow rate detected (Flood risk)
2026-06-06 15:00:00+00:00,5989.0032,VALID,3.4137600000000003,VALID,Warning,WARN: High flow rate detected (Flood risk)
2026-06-06 16:00:00+00:00,5989.0032,VALID,3.401568,VALID,Warning,WARN: High flow rate detected (Flood risk)
2026-06-06 17:00:00+00:00,5974.8448,VALID,3.386328,VALID,Warning,WARN: High flow rate detected (Flood risk)
2026-06-06 18:00:00+00:00,5974.8448,VALID,3.386328,VALID,Warning,WARN: High flow rate detected (Flood risk)
2026-06-06 19:00:00+00:00,5946.528,VALID,3.372612,VALID,Warning,WARN: High flow rate detected (Flood risk)
2026-06-06 20:00:00+00:00,5932.3696,VALID,3.3497520000000005,VALID,Warning,WARN: High flow rate detected (Flood risk)
2026-06-06 21:00:00+00:00,5918.2112,VALID,3.33756,VALID,Warning,WARN: High flow rate detected (Flood risk)
2026-06-06 22:00:00+00:00,5904.0527999999995,VALID,3.3284160000000003,VALID,Warning,WARN: High flow rate detected (Flood risk)
2026-06-06 23:00:00+00:00,5889.8944,VALID,3.317748,VALID,Warning,WARN: High flow rate detected (Flood risk)
2026-06-07 00:00:00+00:00,5875.736,VALID,3.3040320000000003,VALID,Warning,WARN: High flow rate detected (Flood risk)
2026-06-07 01:00:00+00:00,5861.5776,VALID,3.2948880000000003,VALID,Warning,WARN: High flow rate detected (Flood risk)
2026-06-07 02:00:00+00:00,5861.5776,VALID,3.278124,VALID,Warning,WARN: High flow rate detected (Flood risk)
2026-06-07 03:00:00+00:00,5833.2608,VALID,3.2659320000000003,VALID,Warning,WARN: High flow rate detected (Flood risk)
2026-06-07 04:00:00+00:00,5833.2608,VALID,3.25374,VALID,Warning,WARN: High flow rate detected (Flood risk)
2026-06-07 05:00:00+00:00,5804.9439999999995,VALID,3.240024,VALID,Warning,WARN: High flow rate detected (Flood risk)
2026-06-07 06:00:00+00:00,5819.1024,VALID,3.2430719999999997,VALID,Warning,WARN: High flow rate detected (Flood risk)
2026-06-07 07:00:00+00:00,5790.785599999999,VALID,3.22326,VALID,Warning,WARN: High flow rate detected (Flood risk)
2026-06-07 08:00:00+00:00,5776.6272,VALID,3.204972,VALID,Warning,WARN: High flow rate detected (Flood risk)
2026-06-07 09:00:00+00:00,5762.468800000001,VALID,3.1927800000000004,VALID,Warning,WARN: High flow rate detected (Flood risk)
2026-06-07 10:00:00+00:00,5748.3104,VALID,3.1851599999999998,VALID,Warning,WARN: High flow rate detected (Flood risk)
2026-06-07 11:00:00+00:00,5734.152,VALID,3.171444,VALID,Warning,WARN: High flow rate detected (Flood risk)
2026-06-07 12:00:00+00:00,5734.152,VALID,3.1699200000000003,VALID,Warning,WARN: High flow rate detected (Flood risk)
2026-06-07 13:00:00+00:00,5719.9936,VALID,3.1623,VALID,Warning,WARN: High flow rate detected (Flood risk)
2026-06-07 14:00:00+00:00,5719.9936,VALID,3.1455360000000003,VALID,Warning,WARN: High flow rate detected (Flood risk)
2026-06-07 15:00:00+00:00,5705.8351999999995,VALID,3.134868,VALID,Warning,WARN: High flow rate detected (Flood risk)
2026-06-07 16:00:00+00:00,5705.8351999999995,VALID,3.1363920000000003,VALID,Warning,WARN: High flow rate detected (Flood risk)
2026-06-07 17:00:00+00:00,5677.5184,VALID,3.105912,VALID,Warning,WARN: High flow rate detected (Flood risk)
2026-06-07 18:00:00+00:00,5677.5184,VALID,3.115056,VALID,Warning,WARN: High flow rate detected (Flood risk)
2026-06-07 19:00:00+00:00,5663.36,VALID,3.105912,VALID,Warning,WARN: High flow rate detected (Flood risk)
2026-06-07 20:00:00+00:00,5663.36,VALID,3.1028640000000003,VALID,Warning,WARN: High flow rate detected (Flood risk)
2026-06-07 21:00:00+00:00,5663.36,VALID,3.0921960000000004,VALID,Warning,WARN: High flow rate detected (Flood risk)
2026-06-07 22:00:00+00:00,5649.2016,VALID,3.0861,VALID,Warning,WARN: High flow rate detected (Flood risk)
2026-06-07 23:00:00+00:00,5635.0432,VALID,3.0739080000000003,VALID,Warning,WARN: High flow rate detected (Flood risk)
2026-06-08 00:00:00+00:00,5635.0432,VALID,3.083052,VALID,Warning,WARN: High flow rate detected (Flood risk)
2026-06-08 01:00:00+00:00,5635.0432,VALID,3.0815279999999996,VALID,Warning,WARN: High flow rate detected (Flood risk)
2026-06-08 02:00:00+00:00,5649.2016,VALID,3.087624,VALID,Warning,WARN: High flow rate detected (Flood risk)
2026-06-08 03:00:00+00:00,5649.2016,VALID,3.090672,VALID,Warning,WARN: High flow rate detected (Flood risk)
2026-06-08 04:00:00+00:00,5663.36,VALID,3.0876240000000004,VALID,Warning,WARN: High flow rate detected (Flood risk)
2026-06-08 05:00:00+00:00,5663.36,VALID,3.0937200000000002,VALID,Warning,WARN: High flow rate detected (Flood risk)
2026-06-08 06:00:00+00:00,5663.36,VALID,3.0937200000000002,VALID,Warning,WARN: High flow rate detected (Flood risk)
2026-06-08 07:00:00+00:00,5649.2016,VALID,3.084576,VALID,Warning,WARN: High flow rate detected (Flood risk)
2026-06-08 08:00:00+00:00,5649.2016,VALID,3.080004,VALID,Warning,WARN: High flow rate detected (Flood risk)
2026-06-08 09:00:00+00:00,5635.0432,VALID,3.0815279999999996,VALID,Warning,WARN: High flow rate detected (Flood risk)
2026-06-08 10:00:00+00:00,5635.0432,VALID,3.067812,VALID,Warning,WARN: High flow rate detected (Flood risk)
2026-06-08 11:00:00+00:00,5635.0432,VALID,3.0693360000000003,VALID,Warning,WARN: High flow rate detected (Flood risk)
2026-06-08 12:00:00+00:00,5635.0432,VALID,3.067812,VALID,Warning,WARN: High flow rate detected (Flood risk)
2026-06-08 13:00:00+00:00,5635.0432,VALID,3.0723840000000004,VALID,Warning,WARN: High flow rate detected (Flood risk)
2026-06-08 14:00:00+00:00,5635.0432,VALID,3.075432,VALID,Warning,WARN: High flow rate detected (Flood risk)
2026-06-08 15:00:00+00:00,5677.5184,VALID,3.121152,VALID,Warning,WARN: High flow rate detected (Flood risk)
2026-06-08 16:00:00+00:00,5734.152,VALID,3.1623,VALID,Warning,WARN: High flow rate detected (Flood risk)
2026-06-08 17:00:00+00:00,5776.6272,VALID,3.2049719999999997,VALID,Warning,WARN: High flow rate detected (Flood risk)
2026-06-08 18:00:00+00:00,5833.2608,VALID,3.259836,VALID,Warning,WARN: High flow rate detected (Flood risk)
2026-06-08 19:00:00+00:00,5875.736,VALID,3.297936,VALID,Warning,WARN: High flow rate detected (Flood risk)
2026-06-08 20:00:00+00:00,5932.3696,VALID,3.3573720000000007,VALID,Warning,WARN: High flow rate detected (Flood risk)
2026-06-08 21:00:00+00:00,6045.6368,VALID,3.4533840000000002,VALID,Warning,WARN: High flow rate detected (Flood risk)
2026-06-08 22:00:00+00:00,6130.5872,VALID,3.5295840000000003,VALID,Warning,WARN: High flow rate detected (Flood risk)
2026-06-08 23:00:00+00:00,6258.0128,VALID,3.6545520000000002,VALID,Warning,WARN: High flow rate detected (Flood risk)
2026-06-09 00:00:00+00:00,6413.7552,VALID,3.796284,VALID,Warning,WARN: High flow rate detected (Flood risk)
2026-06-09 01:00:00+00:00,6583.656,VALID,3.941064,VALID,Warning,WARN: High flow rate detected (Flood risk)
2026-06-09 02:00:00+00:00,6725.24,VALID,4.066032,VALID,Warning,WARN: High flow rate detected (Flood risk)
2026-06-09 03:00:00+00:00,6895.1408,VALID,4.20624,VALID,Warning,WARN: High flow rate detected (Flood risk)
2026-06-09 04:00:00+00:00,7036.7248,VALID,4.3373040000000005,VALID,Warning,WARN: High flow rate detected (Flood risk)
2026-06-09 05:00:00+00:00,7234.9424,VALID,4.501896,VALID,Warning,WARN: High flow rate detected (Flood risk)
2026-06-09 06:00:00+00:00,7376.5264,VALID,4.62534,VALID,Warning,WARN: High flow rate detected (Flood risk)
2026-06-09 07:00:00+00:00,7546.4272,VALID,4.762500000000001,VALID,Warning,WARN: High flow rate detected (Flood risk)
2026-06-09 08:00:00+00:00,7702.169599999999,VALID,4.882896000000001,VALID,Warning,WARN: High flow rate detected (Flood risk)
2026-06-09 09:00:00+00:00,7843.7536,VALID,5.004816,VALID,Warning,WARN: High flow rate detected (Flood risk)
2026-06-09 10:00:00+00:00,7999.496,VALID,5.126736,VALID,Warning,WARN: High flow rate detected (Flood risk)
2026-06-09 11:00:00+00:00,8126.9216,VALID,5.231892,VALID,Warning,WARN: High flow rate detected (Flood risk)
2026-06-09 12:00:00+00:00,8268.5056,VALID,5.346192,VALID,Warning,WARN: High flow rate detected (Flood risk)
2026-06-09 13:00:00+00:00,8410.0896,VALID,5.449824,VALID,Warning,WARN: High flow rate detected (Flood risk)
2026-06-09 14:00:00+00:00,8523.3568,VALID,5.5351680000000005,VALID,Warning,WARN: High flow rate detected (Flood risk)
2026-06-09 15:00:00+00:00,8650.7824,VALID,5.637276,VALID,Warning,WARN: High flow rate detected (Flood risk)
2026-06-09 16:00:00+00:00,8806.5248,VALID,5.763768000000001,VALID,Warning,WARN: High flow rate detected (Flood risk)
2026-06-09 17:00:00+00:00,8962.267199999998,VALID,5.887212,VALID,Warning,WARN: High flow rate detected (Flood risk)
2026-06-09 18:00:00+00:00,9146.3264,VALID,6.030468000000001,VALID,Warning,WARN: High flow rate detected (Flood risk)
2026-06-09 19:00:00+00:00,9330.385600000001,VALID,6.176772,VALID,Warning,WARN: High flow rate detected (Flood risk)
2026-06-09 20:00:00+00:00,9500.2864,VALID,6.310884,VALID,Warning,WARN: High flow rate detected (Flood risk)
2026-06-09 21:00:00+00:00,9670.1872,VALID,6.428232,VALID,Warning,WARN: High flow rate detected (Flood risk)
2026-06-09 22:00:00+00:00,9868.4048,VALID,6.580632,VALID,Warning,WARN: High flow rate detected (Flood risk)
2026-06-09 23:00:00+00:00,10009.9888,VALID,6.6857880000000005,VALID,Warning,WARN: High flow rate detected (Flood risk)
2026-06-10 00:00:00+00:00,10137.4144,VALID,6.7818000000000005,VALID,Warning,WARN: High flow rate detected (Flood risk)
2026-06-10 01:00:00+00:00,10236.5232,VALID,6.854952000000001,VALID,Warning,WARN: High flow rate detected (Flood risk)
2026-06-10 02:00:00+00:00,10307.3152,VALID,6.911340000000001,VALID,Warning,WARN: High flow rate detected (Flood risk)
2026-06-10 03:00:00+00:00,10378.1072,VALID,6.950964000000001,VALID,Warning,WARN: High flow rate detected (Flood risk)
2026-06-10 04:00:00+00:00,10420.5824,VALID,6.987540000000001,VALID,Warning,WARN: High flow rate detected (Flood risk)
2026-06-10 05:00:00+00:00,10463.0576,VALID,7.016496,VALID,Warning,WARN: High flow rate detected (Flood risk)
2026-06-10 06:00:00+00:00,10491.3744,VALID,7.034784,VALID,Warning,WARN: High flow rate detected (Flood risk)
2026-06-10 07:00:00+00:00,10519.6912,VALID,7.0591680000000006,VALID,Warning,WARN: High flow rate detected (Flood risk)
2026-06-10 08:00:00+00:00,10548.008,VALID,7.085076000000001,VALID,Warning,WARN: High flow rate detected (Flood risk)
2026-06-10 09:00:00+00:00,10562.1664,VALID,7.09422,VALID,Warning,WARN: High flow rate detected (Flood risk)
2026-06-10 10:00:00+00:00,10548.008,VALID,7.085076000000001,VALID,Warning,WARN: High flow rate detected (Flood risk)
2026-06-10 11:00:00+00:00,10576.3248,VALID,7.104888000000001,VALID,Warning,WARN: High flow rate detected (Flood risk)
2026-06-10 12:00:00+00:00,10548.008,VALID,7.082028000000001,VALID,Warning,WARN: High flow rate detected (Flood risk)
2026-06-10 13:00:00+00:00,10562.1664,VALID,7.098792,VALID,Warning,WARN: High flow rate detected (Flood risk)
2026-06-10 14:00:00+00:00,10548.008,VALID,7.086600000000001,VALID,Warning,WARN: High flow rate detected (Flood risk)
2026-06-10 15:00:00+00:00,10533.8496,VALID,7.0698360000000005,VALID,Warning,WARN: High flow rate detected (Flood risk)
2026-06-10 16:00:00+00:00,10533.8496,VALID,7.065264000000001,VALID,Warning,WARN: High flow rate detected (Flood risk)
2026-06-10 17:00:00+00:00,10519.6912,VALID,7.05612,VALID,Warning,WARN: High flow rate detected (Flood risk)
2026-06-10 18:00:00+00:00,10505.532799999999,VALID,7.045452,VALID,Warning,WARN: High flow rate detected (Flood risk)
2026-06-10 19:00:00+00:00,10463.0576,VALID,7.013448,VALID,Warning,WARN: High flow rate detected (Flood risk)
2026-06-10 20:00:00+00:00,10420.5824,VALID,6.989064000000001,VALID,Warning,WARN: High flow rate detected (Flood risk)
2026-06-10 21:00:00+00:00,10392.2656,VALID,6.972300000000001,VALID,Warning,WARN: High flow rate detected (Flood risk)
2026-06-10 22:00:00+00:00,10378.1072,VALID,6.95706,VALID,Warning,WARN: High flow rate detected (Flood risk)
2026-06-10 23:00:00+00:00,10335.632,VALID,6.925056,VALID,Warning,WARN: High flow rate detected (Flood risk)
2026-06-11 00:00:00+00:00,10293.1568,VALID,6.894576000000001,VALID,Warning,WARN: High flow rate detected (Flood risk)
2026-06-11 01:00:00+00:00,10264.84,VALID,6.874764000000001,VALID,Warning,WARN: High flow rate detected (Flood risk)
2026-06-11 02:00:00+00:00,10222.3648,VALID,6.841236,VALID,Warning,WARN: High flow rate detected (Flood risk)
2026-06-11 03:00:00+00:00,10208.2064,VALID,6.832092,VALID,Warning,WARN: High flow rate detected (Flood risk)
2026-06-11 04:00:00+00:00,10137.4144,VALID,6.784848,VALID,Warning,WARN: High flow rate detected (Flood risk)
2026-06-11 05:00:00+00:00,10109.0976,VALID,6.765036,VALID,Warning,WARN: High flow rate detected (Flood risk)
2026-06-11 06:00:00+00:00,10080.7808,VALID,6.739128000000001,VALID,Warning,WARN: High flow rate detected (Flood risk)
2026-06-11 07:00:00+00:00,10038.3056,VALID,6.708648,VALID,Warning,WARN: High flow rate detected (Flood risk)
2026-06-11 08:00:00+00:00,10009.9888,VALID,6.681216000000001,VALID,Warning,WARN: High flow rate detected (Flood risk)
2026-06-11 09:00:00+00:00,9953.3552,VALID,6.6476880000000005,VALID,Warning,WARN: High flow rate detected (Flood risk)
2026-06-11 10:00:00+00:00,9910.88,VALID,6.615684,VALID,Warning,WARN: High flow rate detected (Flood risk)
2026-06-11 11:00:00+00:00,9868.4048,VALID,6.577584,VALID,Warning,WARN: High flow rate detected (Flood risk)
2026-06-11 12:00:00+00:00,9854.2464,VALID,6.566916000000001,VALID,Warning,WARN: High flow rate detected (Flood risk)
2026-06-11 13:00:00+00:00,9797.612799999999,VALID,6.534912,VALID,Warning,WARN: High flow rate detected (Flood risk)
2026-06-11 14:00:00+00:00,9755.1376,VALID,6.501384,VALID,Warning,WARN: High flow rate detected (Flood risk)
2026-06-11 15:00:00+00:00,9726.8208,VALID,6.478524,VALID,Warning,WARN: High flow rate detected (Flood risk)
2026-06-11 16:00:00+00:00,9684.3456,VALID,6.452616000000001,VALID,Warning,WARN: High flow rate detected (Flood risk)
2026-06-11 17:00:00+00:00,9684.3456,VALID,6.4389,VALID,Warning,WARN: High flow rate detected (Flood risk)
2026-06-11 18:00:00+00:00,9641.8704,VALID,6.409944,VALID,Warning,WARN: High flow rate detected (Flood risk)
2026-06-11 19:00:00+00:00,9613.5536,VALID,6.387084000000001,VALID,Warning,WARN: High flow rate detected (Flood risk)
2026-06-11 20:00:00+00:00,9585.236799999999,VALID,6.361176,VALID,Warning,WARN: High flow rate detected (Flood risk)
2026-06-11 21:00:00+00:00,9528.6032,VALID,6.327648,VALID,Warning,WARN: High flow rate detected (Flood risk)
2026-06-11 22:00:00+00:00,9542.7616,VALID,6.335268000000001,VALID,Warning,WARN: High flow rate detected (Flood risk)
2026-06-11 23:00:00+00:00,9514.4448,VALID,6.3215520000000005,VALID,Warning,WARN: High flow rate detected (Flood risk)
2026-06-12 00:00:00+00:00,9528.6032,VALID,6.327648,VALID,Warning,WARN: High flow rate detected (Flood risk)
2026-06-12 01:00:00+00:00,9556.92,VALID,6.345936,VALID,Warning,WARN: High flow rate detected (Flood risk)
2026-06-12 02:00:00+00:00,9556.92,VALID,6.34746,VALID,Warning,WARN: High flow rate detected (Flood risk)
2026-06-12 03:00:00+00:00,9613.5536,VALID,6.390132000000001,VALID,Warning,WARN: High flow rate detected (Flood risk)
2026-06-12 04:00:00+00:00,9656.0288,VALID,6.4282319999999995,VALID,Warning,WARN: High flow rate detected (Flood risk)
2026-06-12 05:00:00+00:00,9698.504,VALID,6.454140000000001,VALID,Warning,WARN: High flow rate detected (Flood risk)
2026-06-12 06:00:00+00:00,9712.6624,VALID,6.472428000000001,VALID,Warning,WARN: High flow rate detected (Flood risk)
2026-06-12 07:00:00+00:00,9726.8208,VALID,6.473952000000001,VALID,Warning,WARN: High flow rate detected (Flood risk)
2026-06-12 08:00:00+00:00,9769.296,VALID,6.49986,VALID,Warning,WARN: High flow rate detected (Flood risk)
2026-06-12 09:00:00+00:00,9769.296,VALID,6.498336,VALID,Warning,WARN: High flow rate detected (Flood risk)
2026-06-12 10:00:00+00:00,9769.296,VALID,6.5135760000000005,VALID,Warning,WARN: High flow rate detected (Flood risk)
2026-06-12 11:00:00+00:00,9783.454399999999,VALID,6.524244,VALID,Warning,WARN: High flow rate detected (Flood risk)
2026-06-12 12:00:00+00:00,9797.612799999999,VALID,6.527292000000001,VALID,Warning,WARN: High flow rate detected (Flood risk)
2026-06-12 13:00:00+00:00,9825.9296,VALID,6.547104,VALID,Warning,WARN: High flow rate detected (Flood risk)
2026-06-12 14:00:00+00:00,9854.2464,VALID,6.571488,VALID,Warning,WARN: High flow rate detected (Flood risk)
2026-06-12 15:00:00+00:00,9910.88,VALID,6.61416,VALID,Warning,WARN: High flow rate detected (Flood risk)
2026-06-12 16:00:00+00:00,9953.3552,VALID,6.650736,VALID,Warning,WARN: High flow rate detected (Flood risk)
2026-06-12 17:00:00+00:00,10009.9888,VALID,6.694932,VALID,Warning,WARN: High flow rate detected (Flood risk)
2026-06-12 18:00:00+00:00,10052.464,VALID,6.720840000000001,VALID,Warning,WARN: High flow rate detected (Flood risk)
2026-06-12 19:00:00+00:00,10052.464,VALID,6.726936,VALID,Warning,WARN: High flow rate detected (Flood risk)
2026-06-12 20:00:00+00:00,10094.9392,VALID,6.740652,VALID,Warning,WARN: High flow rate detected (Flood risk)
2026-06-12 21:00:00+00:00,10094.9392,VALID,6.751320000000001,VALID,Warning,WARN: High flow rate detected (Flood risk)
2026-06-12 22:00:00+00:00,10137.4144,VALID,6.774179999999999,VALID,Warning,WARN: High flow rate detected (Flood risk)
2026-06-12 23:00:00+00:00,10137.4144,VALID,6.780276000000001,VALID,Warning,WARN: High flow rate detected (Flood risk)
2026-06-13 00:00:00+00:00,10137.4144,VALID,6.787896000000001,VALID,Warning,WARN: High flow rate detected (Flood risk)
2026-06-13 01:00:00+00:00,10137.4144,VALID,6.78942,VALID,Warning,WARN: High flow rate detected (Flood risk)
2026-06-13 02:00:00+00:00,10165.7312,VALID,6.803136,VALID,Warning,WARN: High flow rate detected (Flood risk)
2026-06-13 03:00:00+00:00,10194.048,VALID,6.821424,VALID,Warning,WARN: High flow rate detected (Flood risk)
2026-06-13 04:00:00+00:00,10194.048,VALID,6.829044,VALID,Warning,WARN: High flow rate detected (Flood risk)
2026-06-13 05:00:00+00:00,10208.2064,VALID,6.844284,VALID,Warning,WARN: High flow rate detected (Flood risk)
2026-06-13 06:00:00+00:00,10250.6816,VALID,6.864096,VALID,Warning,WARN: High flow rate detected (Flood risk)
2026-06-13 07:00:00+00:00,10264.84,VALID,6.8778120000000005,VALID,Warning,WARN: High flow rate detected (Flood risk)
2026-06-13 08:00:00+00:00,10307.315200000001,VALID,6.905244,VALID,Warning,WARN: High flow rate detected (Flood risk)
2026-06-13 09:00:00+00:00,10335.632,VALID,6.920484,VALID,Warning,WARN: High flow rate detected (Flood risk)
2026-06-13 10:00:00+00:00,10349.7904,VALID,6.94182,VALID,Warning,WARN: High flow rate detected (Flood risk)
2026-06-13 11:00:00+00:00,10392.2656,VALID,6.958584,VALID,Warning,WARN: High flow rate detected (Flood risk)
2026-06-13 12:00:00+00:00,10406.423999999999,VALID,6.982968,VALID,Warning,WARN: High flow rate detected (Flood risk)
2026-06-13 13:00:00+00:00,10448.8992,VALID,7.010400000000001,VALID,Warning,WARN: High flow rate detected (Flood risk)
2026-06-13 14:00:00+00:00,10477.216,VALID,7.027164000000001,VALID,Warning,WARN: High flow rate detected (Flood risk)
2026-06-13 15:00:00+00:00,10548.008,VALID,7.07898,VALID,Warning,WARN: High flow rate detected (Flood risk)
2026-06-13 16:00:00+00:00,10604.641599999999,VALID,7.124700000000001,VALID,Warning,WARN: High flow rate detected (Flood risk)
2026-06-13 17:00:00+00:00,10661.2752,VALID,7.164324000000001,VALID,Warning,WARN: High flow rate detected (Flood risk)
2026-06-13 18:00:00+00:00,10703.750399999999,VALID,7.196328000000001,VALID,Warning,WARN: High flow rate detected (Flood risk)
2026-06-13 19:00:00+00:00,10746.2256,VALID,7.217664000000001,VALID,Warning,WARN: High flow rate detected (Flood risk)
2026-06-13 20:00:00+00:00,10774.5424,VALID,7.243572,VALID,Warning,WARN: High flow rate detected (Flood risk)
2026-06-13 21:00:00+00:00,10802.859199999999,VALID,7.258812000000001,VALID,Warning,WARN: High flow rate detected (Flood risk)
2026-06-13 22:00:00+00:00,10845.3344,VALID,7.29234,VALID,Warning,WARN: High flow rate detected (Flood risk)
2026-06-13 23:00:00+00:00,10887.8096,VALID,7.315200000000001,VALID,Warning,WARN: High flow rate detected (Flood risk)
2026-06-14 00:00:00+00:00,10901.968,VALID,7.331964,VALID,Warning,WARN: High flow rate detected (Flood risk)
2026-06-14 01:00:00+00:00,10944.4432,VALID,7.3563480000000006,VALID,Warning,WARN: High flow rate detected (Flood risk)
2026-06-14 02:00:00+00:00,10986.918399999999,VALID,7.386828,VALID,Warning,WARN: High flow rate detected (Flood risk)
2026-06-14 03:00:00+00:00,11015.2352,VALID,7.400544000000001,VALID,Warning,WARN: High flow rate detected (Flood risk)
2026-06-14 04:00:00+00:00,11043.552,VALID,7.431024000000001,VALID,Warning,WARN: High flow rate detected (Flood risk)
2026-06-14 05:00:00+00:00,11071.8688,VALID,7.440168000000001,VALID,Warning,WARN: High flow rate detected (Flood risk)
2026-06-14 06:00:00+00:00,11114.344000000001,VALID,7.467600000000001,VALID,Warning,WARN: High flow rate detected (Flood risk)
2026-06-14 07:00:00+00:00,11142.6608,VALID,7.487412,VALID,Warning,WARN: High flow rate detected (Flood risk)
2026-06-14 08:00:00+00:00,11156.8192,VALID,7.495032,VALID,Warning,WARN: High flow rate detected (Flood risk)
2026-06-14 09:00:00+00:00,11170.9776,VALID,7.5102720000000005,VALID,Warning,WARN: High flow rate detected (Flood risk)
2026-06-14 10:00:00+00:00,11199.294399999999,VALID,7.534656,VALID,Warning,WARN: High flow rate detected (Flood risk)
2026-06-14 11:00:00+00:00,11255.928,VALID,7.565136000000001,VALID,Warning,WARN: High flow rate detected (Flood risk)
2026-06-14 12:00:00+00:00,11284.2448,VALID,7.5788519999999995,VALID,Warning,WARN: High flow rate detected (Flood risk)
2026-06-14 13:00:00+00:00,11284.2448,VALID,7.58952,VALID,Warning,WARN: High flow rate detected (Flood risk)
2026-06-14 14:00:00+00:00,11326.720000000001,VALID,7.610856,VALID,Warning,WARN: High flow rate detected (Flood risk)
2026-06-14 15:00:00+00:00,11340.8784,VALID,7.618476000000001,VALID,Warning,WARN: High flow rate detected (Flood risk)
2026-06-14 16:00:00+00:00,11355.0368,VALID,7.632192,VALID,Warning,WARN: High flow rate detected (Flood risk)
2026-06-14 17:00:00+00:00,11369.1952,VALID,7.636764,VALID,Warning,WARN: High flow rate detected (Flood risk)
2026-06-14 18:00:00+00:00,11383.3536,VALID,7.647432,VALID,Warning,WARN: High flow rate detected (Flood risk)
2026-06-14 19:00:00+00:00,11397.511999999999,VALID,7.658100000000001,VALID,Warning,WARN: High flow rate detected (Flood risk)
2026-06-14 20:00:00+00:00,11411.670399999999,VALID,7.6581,VALID,Warning,WARN: High flow rate detected (Flood risk)
2026-06-14 21:00:00+00:00,11468.304,VALID,7.68858,VALID,Warning,WARN: High flow rate detected (Flood risk)
2026-06-14 22:00:00+00:00,11468.304,VALID,7.693152,VALID,Warning,WARN: High flow rate detected (Flood risk)
2026-06-14 23:00:00+00:00,11468.304,VALID,7.691628,VALID,Warning,WARN: High flow rate detected (Flood risk)
2026-06-15 00:00:00+00:00,11482.4624,VALID,7.696200000000001,VALID,Warning,WARN: High flow rate detected (Flood risk)
2026-06-15 01:00:00+00:00,11468.304,VALID,7.691628,VALID,Warning,WARN: High flow rate detected (Flood risk)
2026-06-15 02:00:00+00:00,11496.6208,VALID,7.70382,VALID,Warning,WARN: High flow rate detected (Flood risk)
2026-06-15 03:00:00+00:00,11482.4624,VALID,7.706868,VALID,Warning,WARN: High flow rate detected (Flood risk)
2026-06-15 04:00:00+00:00,11496.6208,VALID,7.705344,VALID,Warning,WARN: High flow rate detected (Flood risk)
2026-06-15 05:00:00+00:00,11496.6208,VALID,7.7114400000000005,VALID,Warning,WARN: High flow rate detected (Flood risk)
2026-06-15 06:00:00+00:00,11553.2544,VALID,7.738872000000001,VALID,Warning,WARN: High flow rate detected (Flood risk)
2026-06-15 07:00:00+00:00,11539.096,VALID,7.738872000000001,VALID,Warning,WARN: High flow rate detected (Flood risk)
2026-06-15 08:00:00+00:00,11539.096,VALID,7.735824000000001,VALID,Warning,WARN: High flow rate detected (Flood risk)
2026-06-15 09:00:00+00:00,11567.4128,VALID,7.748016000000001,VALID,Warning,WARN: High flow rate detected (Flood risk)
2026-06-15 10:00:00+00:00,11567.4128,VALID,7.746492,VALID,Warning,WARN: High flow rate detected (Flood risk)
2026-06-15 11:00:00+00:00,11595.729599999999,VALID,7.761732,VALID,Warning,WARN: High flow rate detected (Flood risk)
2026-06-15 12:00:00+00:00,11581.5712,VALID,7.760208,VALID,Warning,WARN: High flow rate detected (Flood risk)
2026-06-15 13:00:00+00:00,11595.729599999999,VALID,7.766304,VALID,Warning,WARN: High flow rate detected (Flood risk)
2026-06-15 14:00:00+00:00,11609.887999999999,VALID,7.773924000000001,VALID,Warning,WARN: High flow rate detected (Flood risk)
2026-06-15 15:00:00+00:00,11624.0464,VALID,7.78002,VALID,Warning,WARN: High flow rate detected (Flood risk)
2026-06-15 16:00:00+00:00,11638.2048,VALID,7.789164,VALID,Warning,WARN: High flow rate detected (Flood risk)
2026-06-15 17:00:00+00:00,11652.3632,VALID,7.796784000000001,VALID,Warning,WARN: High flow rate detected (Flood risk)
2026-06-15 18:00:00+00:00,11652.3632,VALID,7.796784000000001,VALID,Warning,WARN: High flow rate detected (Flood risk)
2026-06-15 19:00:00+00:00,11680.68,VALID,7.812024000000001,VALID,Warning,WARN: High flow rate detected (Flood risk)
2026-06-15 20:00:00+00:00,11708.9968,VALID,7.831836000000001,VALID,Warning,WARN: High flow rate detected (Flood risk)
2026-06-15 21:00:00+00:00,11708.9968,VALID,7.831836000000001,VALID,Warning,WARN: High flow rate detected (Flood risk)
2026-06-15 22:00:00+00:00,11737.3136,VALID,7.844028,VALID,Warning,WARN: High flow rate detected (Flood risk)
2026-06-15 23:00:00+00:00,11737.3136,VALID,7.847076000000001,VALID,Warning,WARN: High flow rate detected (Flood risk)
2026-06-16 00:00:00+00:00,11751.472,VALID,7.8486,VALID,Warning,WARN: High flow rate detected (Flood risk)
2026-06-16 01:00:00+00:00,11765.6304,VALID,7.85622,VALID,Warning,WARN: High flow rate detected (Flood risk)
2026-06-16 02:00:00+00:00,11779.7888,VALID,7.872984,VALID,Warning,WARN: High flow rate detected (Flood risk)
2026-06-16 03:00:00+00:00,11808.105599999999,VALID,7.883652,VALID,Warning,WARN: High flow rate detected (Flood risk)
2026-06-16 04:00:00+00:00,11836.4224,VALID,7.898892,VALID,Warning,WARN: High flow rate detected (Flood risk)
2026-06-16 05:00:00+00:00,11836.4224,VALID,7.898892,VALID,Warning,WARN: High flow rate detected (Flood risk)
2026-06-16 06:00:00+00:00,11864.7392,VALID,7.918704,VALID,Warning,WARN: High flow rate detected (Flood risk)
2026-06-16 07:00:00+00:00,11878.8976,VALID,7.920228000000001,VALID,Warning,WARN: High flow rate detected (Flood risk)
2026-06-16 08:00:00+00:00,11907.2144,VALID,7.94004,VALID,Warning,WARN: High flow rate detected (Flood risk)
2026-06-16 09:00:00+00:00,11921.3728,VALID,7.9507080000000006,VALID,Warning,WARN: High flow rate detected (Flood risk)
2026-06-16 10:00:00+00:00,11921.372800000001,VALID,7.95528,VALID,Warning,WARN: High flow rate detected (Flood risk)
2026-06-16 11:00:00+00:00,11949.6896,VALID,7.964424,VALID,Warning,WARN: High flow rate detected (Flood risk)
2026-06-16 12:00:00+00:00,11963.848,VALID,7.972044,VALID,Warning,WARN: High flow rate detected (Flood risk)
2026-06-16 13:00:00+00:00,11978.0064,VALID,7.978140000000001,VALID,Warning,WARN: High flow rate detected (Flood risk)
2026-06-16 14:00:00+00:00,11978.0064,VALID,7.976616,VALID,Warning,WARN: High flow rate detected (Flood risk)
2026-06-16 15:00:00+00:00,11992.164799999999,VALID,7.991856,VALID,Warning,WARN: High flow rate detected (Flood risk)
2026-06-16 16:00:00+00:00,12048.7984,VALID,8.014716,VALID,Warning,WARN: High flow rate detected (Flood risk)
2026-06-16 17:00:00+00:00,12077.1152,VALID,8.033004000000002,VALID,Warning,WARN: High flow rate detected (Flood risk)
2026-06-16 18:00:00+00:00,12048.7984,VALID,8.022336,VALID,Warning,WARN: High flow rate detected (Flood risk)
2026-06-16 19:00:00+00:00,12091.2736,VALID,8.042148000000001,VALID,Warning,WARN: High flow rate detected (Flood risk)
2026-06-16 20:00:00+00:00,12105.432,VALID,8.055864,VALID,Warning,WARN: High flow rate detected (Flood risk)
2026-06-16 21:00:00+00:00,12119.5904,VALID,8.05434,VALID,Warning,WARN: High flow rate detected (Flood risk)
2026-06-16 22:00:00+00:00,12147.9072,VALID,8.074152000000002,VALID,Warning,WARN: High flow rate detected (Flood risk)
2026-06-16 23:00:00+00:00,12162.0656,VALID,8.080248000000001,VALID,Warning,WARN: High flow rate detected (Flood risk)
2026-06-17 00:00:00+00:00,12133.7488,VALID,8.068056,VALID,Warning,WARN: High flow rate detected (Flood risk)
2026-06-17 01:00:00+00:00,12190.3824,VALID,8.098536,VALID,Warning,WARN: High flow rate detected (Flood risk)
2026-06-17 02:00:00+00:00,12204.5408,VALID,8.101584,VALID,Warning,WARN: High flow rate detected (Flood risk)
2026-06-17 03:00:00+00:00,12176.224,VALID,8.087868,VALID,Warning,WARN: High flow rate detected (Flood risk)
2026-06-17 04:00:00+00:00,12218.6992,VALID,8.110728,VALID,Warning,WARN: High flow rate detected (Flood risk)
2026-06-17 05:00:00+00:00,12218.6992,VALID,8.112252000000002,VALID,Warning,WARN: High flow rate detected (Flood risk)
2026-06-17 06:00:00+00:00,12247.016,VALID,8.127492,VALID,Warning,WARN: High flow rate detected (Flood risk)
2026-06-17 07:00:00+00:00,12218.6992,VALID,8.112252000000002,VALID,Warning,WARN: High flow rate detected (Flood risk)
2026-06-17 08:00:00+00:00,12247.016,VALID,8.127492,VALID,Warning,WARN: High flow rate detected (Flood risk)
2026-06-17 09:00:00+00:00,12261.1744,VALID,8.135112000000001,VALID,Warning,WARN: High flow rate detected (Flood risk)
2026-06-17 10:00:00+00:00,12261.1744,VALID,8.133588,VALID,Warning,WARN: High flow rate detected (Flood risk)
2026-06-17 11:00:00+00:00,12247.016,VALID,8.129016,VALID,Warning,WARN: High flow rate detected (Flood risk)
2026-06-17 12:00:00+00:00,12275.3328,VALID,8.139684,VALID,Warning,WARN: High flow rate detected (Flood risk)
2026-06-17 13:00:00+00:00,12275.3328,VALID,8.144256,VALID,Warning,WARN: High flow rate detected (Flood risk)
2026-06-17 14:00:00+00:00,12317.807999999999,VALID,8.165592,VALID,Warning,WARN: High flow rate detected (Flood risk)
2026-06-17 15:00:00+00:00,12317.807999999999,VALID,8.16864,VALID,Warning,WARN: High flow rate detected (Flood risk)
2026-06-17 16:00:00+00:00,12331.9664,VALID,8.173212,VALID,Warning,WARN: High flow rate detected (Flood risk)
2026-06-17 17:00:00+00:00,12331.9664,VALID,8.177783999999999,VALID,Warning,WARN: High flow rate detected (Flood risk)
2026-06-17 18:00:00+00:00,12388.6,VALID,8.203692,VALID,Warning,WARN: High flow rate detected (Flood risk)
2026-06-17 19:00:00+00:00,12374.4416,VALID,8.200644,VALID,Warning,WARN: High flow rate detected (Flood risk)
2026-06-17 20:00:00+00:00,12388.6,VALID,8.20674,VALID,Warning,WARN: High flow rate detected (Flood risk)
2026-06-17 21:00:00+00:00,12388.6,VALID,8.205216,VALID,Warning,WARN: High flow rate detected (Flood risk)
2026-06-17 22:00:00+00:00,12416.916799999999,VALID,8.218932,VALID,Warning,WARN: High flow rate detected (Flood risk)
2026-06-17 23:00:00+00:00,12416.916799999999,VALID,8.212836,VALID,Warning,WARN: High flow rate detected (Flood risk)
2026-06-18 00:00:00+00:00,12416.916799999999,VALID,8.212836,VALID,Warning,WARN: High flow rate detected (Flood risk)
2026-06-18 01:00:00+00:00,12374.4416,VALID,8.200644,VALID,Warning,WARN: High flow rate detected (Flood risk)
2026-06-18 02:00:00+00:00,12360.2832,VALID,8.191500000000001,VALID,Warning,WARN: High flow rate detected (Flood risk)
2026-06-18 03:00:00+00:00,12346.1248,VALID,8.185404,VALID,Warning,WARN: High flow rate detected (Flood risk)
2026-06-18 04:00:00+00:00,12346.1248,VALID,8.182355999999999,VALID,Warning,WARN: High flow rate detected (Flood risk)
2026-06-18 05:00:00+00:00,12331.9664,VALID,8.171688,VALID,Warning,WARN: High flow rate detected (Flood risk)
2026-06-18 06:00:00+00:00,12346.1248,VALID,8.186928,VALID,Warning,WARN: High flow rate detected (Flood risk)
2026-06-18 07:00:00+00:00,12331.9664,VALID,8.17626,VALID,Warning,WARN: High flow rate detected (Flood risk)
2026-06-18 08:00:00+00:00,12331.9664,VALID,8.171688,VALID,Warning,WARN: High flow rate detected (Flood risk)
2026-06-18 09:00:00+00:00,12289.4912,VALID,8.151876000000001,VALID,Warning,WARN: High flow rate detected (Flood risk)
2026-06-18 10:00:00+00:00,12261.1744,VALID,8.136636,VALID,Warning,WARN: High flow rate detected (Flood risk)
2026-06-18 11:00:00+00:00,12289.4912,VALID,8.150352,VALID,Warning,WARN: High flow rate detected (Flood risk)
2026-06-18 12:00:00+00:00,12261.1744,VALID,8.136636000000001,VALID,Warning,WARN: High flow rate detected (Flood risk)
2026-06-18 13:00:00+00:00,12232.8576,VALID,8.116824000000001,VALID,Warning,WARN: High flow rate detected (Flood risk)
2026-06-18 14:00:00+00:00,12218.6992,VALID,8.113776000000001,VALID,Warning,WARN: High flow rate detected (Flood risk)
2026-06-18 15:00:00+00:00,12204.5408,VALID,8.101584,VALID,Warning,WARN: High flow rate detected (Flood risk)
2026-06-18 16:00:00+00:00,12176.224,VALID,8.090916,VALID,Warning,WARN: High flow rate detected (Flood risk)
2026-06-18 17:00:00+00:00,12147.9072,VALID,8.077200000000001,VALID,Warning,WARN: High flow rate detected (Flood risk)
2026-06-18 18:00:00+00:00,12133.7488,VALID,8.065008,VALID,Warning,WARN: High flow rate detected (Flood risk)
2026-06-18 19:00:00+00:00,12105.432,VALID,8.051292,VALID,Warning,WARN: High flow rate detected (Flood risk)
2026-06-18 20:00:00+00:00,12062.9568,VALID,8.03148,VALID,Warning,WARN: High flow rate detected (Flood risk)
2026-06-18 21:00:00+00:00,12062.9568,VALID,8.029956,VALID,Warning,WARN: High flow rate detected (Flood risk)
2026-06-18 22:00:00+00:00,12034.64,VALID,8.013192,VALID,Warning,WARN: High flow rate detected (Flood risk)
2026-06-18 23:00:00+00:00,11992.1648,VALID,7.987284000000001,VALID,Warning,WARN: High flow rate detected (Flood risk)
2026-06-19 00:00:00+00:00,11978.0064,VALID,7.981188000000001,VALID,Warning,WARN: High flow rate detected (Flood risk)
2026-06-19 01:00:00+00:00,11963.848,VALID,7.9705200000000005,VALID,Warning,WARN: High flow rate detected (Flood risk)
2026-06-19 02:00:00+00:00,11935.5312,VALID,7.953756,VALID,Warning,WARN: High flow rate detected (Flood risk)
2026-06-19 03:00:00+00:00,11921.3728,VALID,7.944612,VALID,Warning,WARN: High flow rate detected (Flood risk)
2026-06-19 04:00:00+00:00,11878.8976,VALID,7.921752000000001,VALID,Warning,WARN: High flow rate detected (Flood risk)
2026-06-19 05:00:00+00:00,11850.5808,VALID,7.906512,VALID,Warning,WARN: High flow rate detected (Flood risk)
2026-06-19 06:00:00+00:00,11836.4224,VALID,7.897368,VALID,Warning,WARN: High flow rate detected (Flood risk)
2026-06-19 07:00:00+00:00,11793.947199999999,VALID,7.877556,VALID,Warning,WARN: High flow rate detected (Flood risk)
2026-06-19 08:00:00+00:00,11779.788799999998,VALID,7.866888000000001,VALID,Warning,WARN: High flow rate detected (Flood risk)
2026-06-19 09:00:00+00:00,11723.155200000001,VALID,7.8364080000000005,VALID,Warning,WARN: High flow rate detected (Flood risk)
2026-06-19 10:00:00+00:00,11694.8384,VALID,7.822692,VALID,Warning,WARN: High flow rate detected (Flood risk)
2026-06-19 11:00:00+00:00,11680.68,VALID,7.813548000000001,VALID,Warning,WARN: High flow rate detected (Flood risk)
2026-06-19 12:00:00+00:00,11652.3632,VALID,7.801356,VALID,Warning,WARN: High flow rate detected (Flood risk)
2026-06-19 13:00:00+00:00,11609.887999999999,VALID,7.767828,VALID,Warning,WARN: High flow rate detected (Flood risk)
2026-06-19 14:00:00+00:00,11609.887999999999,VALID,7.7693520000000005,VALID,Warning,WARN: High flow rate detected (Flood risk)
2026-06-19 15:00:00+00:00,11553.2544,VALID,7.738872000000001,VALID,Warning,WARN: High flow rate detected (Flood risk)
2026-06-19 16:00:00+00:00,11510.7792,VALID,7.720584000000001,VALID,Warning,WARN: High flow rate detected (Flood risk)
2026-06-19 17:00:00+00:00,11482.4624,VALID,7.7022960000000005,VALID,Warning,WARN: High flow rate detected (Flood risk)
2026-06-19 18:00:00+00:00,11439.9872,VALID,7.679436000000001,VALID,Warning,WARN: High flow rate detected (Flood risk)
2026-06-19 19:00:00+00:00,11397.511999999999,VALID,7.658100000000001,VALID,Warning,WARN: High flow rate detected (Flood risk)
2026-06-19 20:00:00+00:00,11369.1952,VALID,7.642860000000001,VALID,Warning,WARN: High flow rate detected (Flood risk)
2026-06-19 21:00:00+00:00,11340.8784,VALID,7.623048000000001,VALID,Warning,WARN: High flow rate detected (Flood risk)
2026-06-19 22:00:00+00:00,11312.5616,VALID,7.609332,VALID,Warning,WARN: High flow rate detected (Flood risk)
2026-06-19 23:00:00+00:00,11270.0864,VALID,7.57428,VALID,Warning,WARN: High flow rate detected (Flood risk)
2026-06-20 00:00:00+00:00,11255.928,VALID,7.560564,VALID,Warning,WARN: High flow rate detected (Flood risk)
2026-06-20 01:00:00+00:00,11213.4528,VALID,7.533132,VALID,Warning,WARN: High flow rate detected (Flood risk)
2026-06-20 02:00:00+00:00,11185.136,VALID,7.514844,VALID,Warning,WARN: High flow rate detected (Flood risk)
2026-06-20 03:00:00+00:00,11156.8192,VALID,7.499604000000001,VALID,Warning,WARN: High flow rate detected (Flood risk)
2026-06-20 04:00:00+00:00,11128.502400000001,VALID,7.481316,VALID,Warning,WARN: High flow rate detected (Flood risk)
2026-06-20 05:00:00+00:00,11100.1856,VALID,7.45998,VALID,Warning,WARN: High flow rate detected (Flood risk)
2026-06-20 06:00:00+00:00,11071.8688,VALID,7.440168,VALID,Warning,WARN: High flow rate detected (Flood risk)
2026-06-20 07:00:00+00:00,11029.3936,VALID,7.420356,VALID,Warning,WARN: High flow rate detected (Flood risk)
2026-06-20 08:00:00+00:00,11015.2352,VALID,7.411212000000001,VALID,Warning,WARN: High flow rate detected (Flood risk)
2026-06-20 09:00:00+00:00,11001.076799999999,VALID,7.389876000000001,VALID,Warning,WARN: High flow rate detected (Flood risk)
2026-06-20 10:00:00+00:00,10958.6016,VALID,7.374636000000001,VALID,Warning,WARN: High flow rate detected (Flood risk)
2026-06-20 11:00:00+00:00,10944.4432,VALID,7.3563480000000006,VALID,Warning,WARN: High flow rate detected (Flood risk)
2026-06-20 12:00:00+00:00,10916.126400000001,VALID,7.342632,VALID,Warning,WARN: High flow rate detected (Flood risk)
2026-06-20 13:00:00+00:00,10901.968,VALID,7.32282,VALID,Warning,WARN: High flow rate detected (Flood risk)
2026-06-20 14:00:00+00:00,10873.6512,VALID,7.313676000000001,VALID,Warning,WARN: High flow rate detected (Flood risk)
2026-06-20 15:00:00+00:00,10845.3344,VALID,7.292340000000001,VALID,Warning,WARN: High flow rate detected (Flood risk)
2026-06-20 16:00:00+00:00,10817.0176,VALID,7.277100000000001,VALID,Warning,WARN: High flow rate detected (Flood risk)
2026-06-20 17:00:00+00:00,10802.859199999999,VALID,7.26186,VALID,Warning,WARN: High flow rate detected (Flood risk)
2026-06-20 18:00:00+00:00,10774.5424,VALID,7.243572,VALID,Warning,WARN: High flow rate detected (Flood risk)
2026-06-20 19:00:00+00:00,10760.384,VALID,7.235952,VALID,Warning,WARN: High flow rate detected (Flood risk)
2026-06-20 20:00:00+00:00,10746.2256,VALID,7.225284,VALID,Warning,WARN: High flow rate detected (Flood risk)
2026-06-20 21:00:00+00:00,10717.9088,VALID,7.2039480000000005,VALID,Warning,WARN: High flow rate detected (Flood risk)
2026-06-20 22:00:00+00:00,10717.9088,VALID,7.197852,VALID,Warning,WARN: High flow rate detected (Flood risk)
2026-06-20 23:00:00+00:00,10661.2752,VALID,7.164324000000001,VALID,Warning,WARN: High flow rate detected (Flood risk)
2026-06-21 00:00:00+00:00,10661.2752,VALID,7.164324000000001,VALID,Warning,WARN: High flow rate detected (Flood risk)
2026-06-21 01:00:00+00:00,10647.1168,VALID,7.153656,VALID,Warning,WARN: High flow rate detected (Flood risk)
2026-06-21 02:00:00+00:00,10618.8,VALID,7.129272,VALID,Warning,WARN: High flow rate detected (Flood risk)
2026-06-21 03:00:00+00:00,10590.483199999999,VALID,7.104888,VALID,Warning,WARN: High flow rate detected (Flood risk)
2026-06-21 04:00:00+00:00,10576.3248,VALID,7.10184,VALID,Warning,WARN: High flow rate detected (Flood risk)
2026-06-21 05:00:00+00:00,10548.008,VALID,7.080504000000001,VALID,Warning,WARN: High flow rate detected (Flood risk)
2026-06-21 06:00:00+00:00,10533.8496,VALID,7.074408000000001,VALID,Warning,WARN: High flow rate detected (Flood risk)
2026-06-21 07:00:00+00:00,10519.6912,VALID,7.062216,VALID,Warning,WARN: High flow rate detected (Flood risk)
2026-06-21 08:00:00+00:00,10477.216,VALID,7.036308,VALID,Warning,WARN: High flow rate detected (Flood risk)
2026-06-21 09:00:00+00:00,10491.3744,VALID,7.036308,VALID,Warning,WARN: High flow rate detected (Flood risk)
2026-06-21 10:00:00+00:00,10477.216,VALID,7.028688000000001,VALID,Warning,WARN: High flow rate detected (Flood risk)
2026-06-21 11:00:00+00:00,10477.216,VALID,7.027164000000001,VALID,Warning,WARN: High flow rate detected (Flood risk)
2026-06-21 12:00:00+00:00,10420.5824,VALID,6.993636,VALID,Warning,WARN: High flow rate detected (Flood risk)
2026-06-21 13:00:00+00:00,10406.423999999999,VALID,6.97992,VALID,Warning,WARN: High flow rate detected (Flood risk)
2026-06-21 14:00:00+00:00,10406.423999999999,VALID,6.975348,VALID,Warning,WARN: High flow rate detected (Flood risk)
2026-06-21 15:00:00+00:00,10363.9488,VALID,6.952488000000001,VALID,Warning,WARN: High flow rate detected (Flood risk)
2026-06-21 16:00:00+00:00,10378.1072,VALID,6.958584,VALID,Warning,WARN: High flow rate detected (Flood risk)
2026-06-21 17:00:00+00:00,10363.9488,VALID,6.949440000000001,VALID,Warning,WARN: High flow rate detected (Flood risk)
2026-06-21 18:00:00+00:00,10363.9488,VALID,6.946392,VALID,Warning,WARN: High flow rate detected (Flood risk)
2026-06-21 19:00:00+00:00,10363.9488,VALID,6.946392000000001,VALID,Warning,WARN: High flow rate detected (Flood risk)
2026-06-21 20:00:00+00:00,10392.2656,VALID,6.969252000000001,VALID,Warning,WARN: High flow rate detected (Flood risk)
2026-06-21 21:00:00+00:00,10392.2656,VALID,6.9738240000000005,VALID,Warning,WARN: High flow rate detected (Flood risk)
2026-06-21 22:00:00+00:00,10406.423999999999,VALID,6.9738240000000005,VALID,Warning,WARN: High flow rate detected (Flood risk)
2026-06-21 23:00:00+00:00,10392.2656,VALID,6.975348,VALID,Warning,WARN: High flow rate detected (Flood risk)
2026-06-22 00:00:00+00:00,10392.2656,VALID,6.966204,VALID,Warning,WARN: High flow rate detected (Flood risk)
2026-06-22 01:00:00+00:00,10392.2656,VALID,6.961632,VALID,Warning,WARN: High flow rate detected (Flood risk)
2026-06-22 02:00:00+00:00,10363.9488,VALID,6.947916000000001,VALID,Warning,WARN: High flow rate detected (Flood risk)
2026-06-22 03:00:00+00:00,10378.1072,VALID,6.95706,VALID,Warning,WARN: High flow rate detected (Flood risk)
2026-06-22 04:00:00+00:00,10392.2656,VALID,6.96468,VALID,Warning,WARN: High flow rate detected (Flood risk)
2026-06-22 05:00:00+00:00,10363.9488,VALID,6.952488000000001,VALID,Warning,WARN: High flow rate detected (Flood risk)
2026-06-22 06:00:00+00:00,10378.1072,VALID,6.94944,VALID,Warning,WARN: High flow rate detected (Flood risk)
2026-06-22 07:00:00+00:00,10363.9488,VALID,6.946392,VALID,Warning,WARN: High flow rate detected (Flood risk)
2026-06-22 08:00:00+00:00,10349.7904,VALID,6.940296000000001,VALID,Warning,WARN: High flow rate detected (Flood risk)
2026-06-22 09:00:00+00:00,10335.632,VALID,6.931152,VALID,Warning,WARN: High flow rate detected (Flood risk)
2026-06-22 10:00:00+00:00,10321.4736,VALID,6.914388000000001,VALID,Warning,WARN: High flow rate detected (Flood risk)
2026-06-22 11:00:00+00:00,10307.3152,VALID,6.914388000000001,VALID,Warning,WARN: High flow rate detected (Flood risk)
2026-06-22 12:00:00+00:00,10307.3152,VALID,6.905244,VALID,Warning,WARN: High flow rate detected (Flood risk)
2026-06-22 13:00:00+00:00,10293.1568,VALID,6.900672,VALID,Warning,WARN: High flow rate detected (Flood risk)
2026-06-22 14:00:00+00:00,10278.9984,VALID,6.891528,VALID,Warning,WARN: High flow rate detected (Flood risk)
2026-06-22 15:00:00+00:00,10278.9984,VALID,6.88848,VALID,Warning,WARN: High flow rate detected (Flood risk)
2026-06-22 16:00:00+00:00,10264.84,VALID,6.87324,VALID,Warning,WARN: High flow rate detected (Flood risk)
2026-06-22 17:00:00+00:00,10264.84,VALID,6.876288000000001,VALID,Warning,WARN: High flow rate detected (Flood risk)
2026-06-22 18:00:00+00:00,10250.6816,VALID,6.865620000000001,VALID,Warning,WARN: High flow rate detected (Flood risk)
2026-06-22 19:00:00+00:00,10250.6816,VALID,6.861048000000001,VALID,Warning,WARN: High flow rate detected (Flood risk)
2026-06-22 20:00:00+00:00,10236.5232,VALID,6.859524,VALID,Warning,WARN: High flow rate detected (Flood risk)
2026-06-22 21:00:00+00:00,10250.6816,VALID,6.8580000000000005,VALID,Warning,WARN: High flow rate detected (Flood risk)
2026-06-22 22:00:00+00:00,10236.5232,VALID,6.854952000000001,VALID,Warning,WARN: High flow rate detected (Flood risk)
2026-06-22 23:00:00+00:00,10236.5232,VALID,6.853428,VALID,Warning,WARN: High flow rate detected (Flood risk)
2026-06-23 00:00:00+00:00,10236.5232,VALID,6.853428,VALID,Warning,WARN: High flow rate detected (Flood risk)
2026-06-23 02:00:00+00:00,10250.6816,VALID,6.868668,VALID,Warning,WARN: High flow rate detected (Flood risk)
2026-06-23 03:00:00+00:00,10250.6816,VALID,6.867144,VALID,Warning,WARN: High flow rate detected (Flood risk)
2026-06-23 04:00:00+00:00,10250.6816,VALID,6.864096,VALID,Warning,WARN: High flow rate detected (Flood risk)
2026-06-23 05:00:00+00:00,10250.6816,VALID,6.864096,VALID,Warning,WARN: High flow rate detected (Flood risk)
2026-06-23 06:00:00+00:00,10250.6816,VALID,6.864096,VALID,Warning,WARN: High flow rate detected (Flood risk)
2026-06-23 07:00:00+00:00,10250.6816,VALID,6.868668,VALID,Warning,WARN: High flow rate detected (Flood risk)
2026-06-23 08:00:00+00:00,10250.6816,VALID,6.867144000000001,VALID,Warning,WARN: High flow rate detected (Flood risk)
2026-06-23 09:00:00+00:00,10278.9984,VALID,6.88086,VALID,Warning,WARN: High flow rate detected (Flood risk)
2026-06-23 10:00:00+00:00,10264.84,VALID,6.876288000000001,VALID,Warning,WARN: High flow rate detected (Flood risk)
2026-06-23 11:00:00+00:00,10278.9984,VALID,6.883908,VALID,Warning,WARN: High flow rate detected (Flood risk)
2026-06-23 12:00:00+00:00,10278.9984,VALID,6.883908,VALID,Warning,WARN: High flow rate detected (Flood risk)
2026-06-23 13:00:00+00:00,10293.1568,VALID,6.894576000000001,VALID,Warning,WARN: High flow rate detected (Flood risk)
2026-06-23 14:00:00+00:00,10307.3152,VALID,6.9067680000000005,VALID,Warning,WARN: High flow rate detected (Flood risk)
2026-06-23 15:00:00+00:00,10307.3152,VALID,6.9067680000000005,VALID,Warning,WARN: High flow rate detected (Flood risk)
2026-06-23 16:00:00+00:00,10307.3152,VALID,6.905244000000001,VALID,Warning,WARN: High flow rate detected (Flood risk)
2026-06-23 17:00:00+00:00,10321.4736,VALID,6.920484,VALID,Warning,WARN: High flow rate detected (Flood risk)
2026-06-23 18:00:00+00:00,10321.4736,VALID,6.9159120000000005,VALID,Warning,WARN: High flow rate detected (Flood risk)
2026-06-23 20:00:00+00:00,10335.632,VALID,6.925056,VALID,Warning,WARN: High flow rate detected (Flood risk)
2026-06-23 21:00:00+00:00,10335.632,VALID,6.9250560000000005,VALID,Warning,WARN: High flow rate detected (Flood risk)
2026-06-23 22:00:00+00:00,10335.632,VALID,6.937248000000001,VALID,Warning,WARN: High flow rate detected (Flood risk)
2026-06-23 23:00:00+00:00,10349.7904,VALID,6.940296,VALID,Warning,WARN: High flow rate detected (Flood risk)
2026-06-24 00:00:00+00:00,10363.9488,VALID,6.940296,VALID,Warning,WARN: High flow rate detected (Flood risk)
2026-06-24 01:00:00+00:00,10335.632,VALID,6.934200000000001,VALID,Warning,WARN: High flow rate detected (Flood risk)
2026-06-24 02:00:00+00:00,10363.9488,VALID,6.940296,VALID,Warning,WARN: High flow rate detected (Flood risk)
2026-06-24 03:00:00+00:00,10349.7904,VALID,6.941820000000001,VALID,Warning,WARN: High flow rate detected (Flood risk)
2026-06-24 04:00:00+00:00,10349.7904,VALID,6.938772,VALID,Warning,WARN: High flow rate detected (Flood risk)
2026-06-24 05:00:00+00:00,10363.9488,VALID,6.946392,VALID,Warning,WARN: High flow rate detected (Flood risk)
2026-06-24 06:00:00+00:00,10363.9488,VALID,6.946392,VALID,Warning,WARN: High flow rate detected (Flood risk)
2026-06-24 07:00:00+00:00,10363.9488,VALID,6.952488,VALID,Warning,WARN: High flow rate detected (Flood risk)
2026-06-24 08:00:00+00:00,10378.1072,VALID,6.9540120000000005,VALID,Warning,WARN: High flow rate detected (Flood risk)
2026-06-24 09:00:00+00:00,10363.9488,VALID,6.9448680000000005,VALID,Warning,WARN: High flow rate detected (Flood risk)
2026-06-24 10:00:00+00:00,10363.9488,VALID,6.943344000000001,VALID,Warning,WARN: High flow rate detected (Flood risk)
2026-06-24 11:00:00+00:00,10363.9488,VALID,6.9540120000000005,VALID,Warning,WARN: High flow rate detected (Flood risk)
2026-06-24 12:00:00+00:00,10378.1072,VALID,6.960108,VALID,Warning,WARN: High flow rate detected (Flood risk)
2026-06-24 13:00:00+00:00,10378.1072,VALID,6.952488000000001,VALID,Warning,WARN: High flow rate detected (Flood risk)
2026-06-24 14:00:00+00:00,10392.2656,VALID,6.96468,VALID,Warning,WARN: High flow rate detected (Flood risk)
2026-06-24 15:00:00+00:00,10378.1072,VALID,6.958584,VALID,Warning,WARN: High flow rate detected (Flood risk)
2026-06-24 16:00:00+00:00,10420.5824,VALID,6.984492000000001,VALID,Warning,WARN: High flow rate detected (Flood risk)
2026-06-24 17:00:00+00:00,10406.423999999999,VALID,6.978396,VALID,Warning,WARN: High flow rate detected (Flood risk)
2026-06-24 18:00:00+00:00,10420.5824,VALID,6.993636,VALID,Warning,WARN: High flow rate detected (Flood risk)
2026-06-24 19:00:00+00:00,10448.8992,VALID,7.004303999999999,VALID,Warning,WARN: High flow rate detected (Flood risk)
2026-06-24 20:00:00+00:00,10434.7408,VALID,6.999732000000002,VALID,Warning,WARN: High flow rate detected (Flood risk)
2026-06-24 21:00:00+00:00,10448.8992,VALID,7.016496000000001,VALID,Warning,WARN: High flow rate detected (Flood risk)
2026-06-24 22:00:00+00:00,10448.8992,VALID,7.008876000000001,VALID,Warning,WARN: High flow rate detected (Flood risk)
2026-06-24 23:00:00+00:00,10477.216,VALID,7.034784,VALID,Warning,WARN: High flow rate detected (Flood risk)
2026-06-25 00:00:00+00:00,10491.3744,VALID,7.039356,VALID,Warning,WARN: High flow rate detected (Flood risk)
2026-06-25 01:00:00+00:00,10533.8496,VALID,7.063740000000001,VALID,Warning,WARN: High flow rate detected (Flood risk)
2026-06-25 02:00:00+00:00,10519.6912,VALID,7.065264000000001,VALID,Warning,WARN: High flow rate detected (Flood risk)
2026-06-25 03:00:00+00:00,10519.6912,VALID,7.059168,VALID,Warning,WARN: High flow rate detected (Flood risk)
2026-06-25 04:00:00+00:00,10533.8496,VALID,7.07898,VALID,Warning,WARN: High flow rate detected (Flood risk)
2026-06-25 05:00:00+00:00,10533.8496,VALID,7.066788000000001,VALID,Warning,WARN: High flow rate detected (Flood risk)
2026-06-25 06:00:00+00:00,10562.1664,VALID,7.086600000000001,VALID,Warning,WARN: High flow rate detected (Flood risk)
2026-06-25 07:00:00+00:00,10548.008,VALID,7.085076,VALID,Warning,WARN: High flow rate detected (Flood risk)
2026-06-25 08:00:00+00:00,10562.1664,VALID,7.091172,VALID,Warning,WARN: High flow rate detected (Flood risk)
2026-06-25 09:00:00+00:00,10576.3248,VALID,7.106412000000001,VALID,Warning,WARN: High flow rate detected (Flood risk)
2026-06-25 10:00:00+00:00,10562.1664,VALID,7.09422,VALID,Warning,WARN: High flow rate detected (Flood risk)
2026-06-25 11:00:00+00:00,10604.641599999999,VALID,7.118604,VALID,Warning,WARN: High flow rate detected (Flood risk)
2026-06-25 12:00:00+00:00,10618.8,VALID,7.129272,VALID,Warning,WARN: High flow rate detected (Flood risk)
2026-06-25 13:00:00+00:00,10618.8,VALID,7.133844,VALID,Warning,WARN: High flow rate detected (Flood risk)
2026-06-25 14:00:00+00:00,10632.9584,VALID,7.144512000000001,VALID,Warning,WARN: High flow rate detected (Flood risk)
2026-06-25 15:00:00+00:00,10632.9584,VALID,7.138416,VALID,Warning,WARN: High flow rate detected (Flood risk)
2026-06-25 16:00:00+00:00,10618.8,VALID,7.139940000000001,VALID,Warning,WARN: High flow rate detected (Flood risk)
2026-06-25 17:00:00+00:00,10647.1168,VALID,7.149084,VALID,Warning,WARN: High flow rate detected (Flood risk)
2026-06-25 18:00:00+00:00,10647.1168,VALID,7.153656000000001,VALID,Warning,WARN: High flow rate detected (Flood risk)
2026-06-25 19:00:00+00:00,10632.9584,VALID,7.1460360000000005,VALID,Warning,WARN: High flow rate detected (Flood risk)
2026-06-25 20:00:00+00:00,10661.2752,VALID,7.159752,VALID,Warning,WARN: High flow rate detected (Flood risk)
2026-06-25 21:00:00+00:00,10647.1168,VALID,7.156704000000001,VALID,Warning,WARN: High flow rate detected (Flood risk)
2026-06-25 22:00:00+00:00,10661.2752,VALID,7.161276,VALID,Warning,WARN: High flow rate detected (Flood risk)
2026-06-25 23:00:00+00:00,10647.1168,VALID,7.159752,VALID,Warning,WARN: High flow rate detected (Flood risk)
2026-06-26 00:00:00+00:00,10661.2752,VALID,7.161276,VALID,Warning,WARN: High flow rate detected (Flood risk)
2026-06-26 01:00:00+00:00,10661.2752,VALID,7.158228000000001,VALID,Warning,WARN: High flow rate detected (Flood risk)
2026-06-26 02:00:00+00:00,10675.4336,VALID,7.167372,VALID,Warning,WARN: High flow rate detected (Flood risk)
2026-06-26 03:00:00+00:00,10675.4336,VALID,7.173468,VALID,Warning,WARN: High flow rate detected (Flood risk)
2026-06-26 04:00:00+00:00,10689.592,VALID,7.182612000000001,VALID,Warning,WARN: High flow rate detected (Flood risk)
2026-06-26 05:00:00+00:00,10703.750399999999,VALID,7.197852000000001,VALID,Warning,WARN: High flow rate detected (Flood risk)
2026-06-26 06:00:00+00:00,10717.9088,VALID,7.2039480000000005,VALID,Warning,WARN: High flow rate detected (Flood risk)
2026-06-26 07:00:00+00:00,10732.0672,VALID,7.210044,VALID,Warning,WARN: High flow rate detected (Flood risk)
2026-06-26 08:00:00+00:00,10732.0672,VALID,7.211568,VALID,Warning,WARN: High flow rate detected (Flood risk)
2026-06-26 09:00:00+00:00,10732.0672,VALID,7.20852,VALID,Warning,WARN: High flow rate detected (Flood risk)
2026-06-26 10:00:00+00:00,10717.9088,VALID,7.2039480000000005,VALID,Warning,WARN: High flow rate detected (Flood risk)
2026-06-26 11:00:00+00:00,10717.9088,VALID,7.2039480000000005,VALID,Warning,WARN: High flow rate detected (Flood risk)
2026-06-26 12:00:00+00:00,10732.0672,VALID,7.214616,VALID,Warning,WARN: High flow rate detected (Flood risk)
2026-06-26 13:00:00+00:00,10732.0672,VALID,7.217664,VALID,Warning,WARN: High flow rate detected (Flood risk)
2026-06-26 14:00:00+00:00,10732.0672,VALID,7.206996,VALID,Warning,WARN: High flow rate detected (Flood risk)
2026-06-26 15:00:00+00:00,10689.592,VALID,7.18566,VALID,Warning,WARN: High flow rate detected (Flood risk)
2026-06-26 16:00:00+00:00,10717.9088,VALID,7.205472,VALID,Warning,WARN: High flow rate detected (Flood risk)
2026-06-26 17:00:00+00:00,10703.750399999999,VALID,7.199376,VALID,Warning,WARN: High flow rate detected (Flood risk)
2026-06-26 18:00:00+00:00,10703.750399999999,VALID,7.194804,VALID,Warning,WARN: High flow rate detected (Flood risk)
2026-06-26 19:00:00+00:00,10689.592,VALID,7.181088000000001,VALID,Warning,WARN: High flow rate detected (Flood risk)
2026-06-26 20:00:00+00:00,10689.592,VALID,7.179564000000001,VALID,Warning,WARN: High flow rate detected (Flood risk)
2026-06-26 21:00:00+00:00,10689.592,VALID,7.178040000000001,VALID,Warning,WARN: High flow rate detected (Flood risk)
2026-06-26 22:00:00+00:00,10675.4336,VALID,7.165848,VALID,Warning,WARN: High flow rate detected (Flood risk)
2026-06-26 23:00:00+00:00,10661.2752,VALID,7.161276000000001,VALID,Warning,WARN: High flow rate detected (Flood risk)
2026-06-27 00:00:00+00:00,10647.1168,VALID,7.158228,VALID,Warning,WARN: High flow rate detected (Flood risk)
2026-06-27 01:00:00+00:00,10604.641599999999,VALID,7.126224000000001,VALID,Warning,WARN: High flow rate detected (Flood risk)
2026-06-27 02:00:00+00:00,10604.641599999999,VALID,7.124700000000001,VALID,Warning,WARN: High flow rate detected (Flood risk)
2026-06-27 03:00:00+00:00,10576.3248,VALID,7.103364000000001,VALID,Warning,WARN: High flow rate detected (Flood risk)
2026-06-27 04:00:00+00:00,10562.1664,VALID,7.092696,VALID,Warning,WARN: High flow rate detected (Flood risk)
2026-06-27 05:00:00+00:00,10562.1664,VALID,7.089648,VALID,Warning,WARN: High flow rate detected (Flood risk)
2026-06-27 06:00:00+00:00,10505.5328,VALID,7.054596,VALID,Warning,WARN: High flow rate detected (Flood risk)
2026-06-27 07:00:00+00:00,10505.532799999999,VALID,7.048500000000001,VALID,Warning,WARN: High flow rate detected (Flood risk)
2026-06-27 08:00:00+00:00,10463.0576,VALID,7.022592,VALID,Warning,WARN: High flow rate detected (Flood risk)
2026-06-27 09:00:00+00:00,10448.8992,VALID,7.008876000000001,VALID,Warning,WARN: High flow rate detected (Flood risk)
2026-06-27 10:00:00+00:00,10434.7408,VALID,6.996684,VALID,Warning,WARN: High flow rate detected (Flood risk)
2026-06-27 11:00:00+00:00,10406.423999999999,VALID,6.976872,VALID,Warning,WARN: High flow rate detected (Flood risk)
2026-06-27 12:00:00+00:00,10363.9488,VALID,6.952488000000001,VALID,Warning,WARN: High flow rate detected (Flood risk)
2026-06-27 13:00:00+00:00,10335.632,VALID,6.931152,VALID,Warning,WARN: High flow rate detected (Flood risk)
2026-06-27 14:00:00+00:00,10321.4736,VALID,6.912864000000001,VALID,Warning,WARN: High flow rate detected (Flood risk)
2026-06-27 15:00:00+00:00,10264.84,VALID,6.874764000000001,VALID,Warning,WARN: High flow rate detected (Flood risk)
2026-06-27 16:00:00+00:00,10222.3648,VALID,6.8488560000000005,VALID,Warning,WARN: High flow rate detected (Flood risk)
2026-06-27 17:00:00+00:00,10208.2064,VALID,6.836664000000001,VALID,Warning,WARN: High flow rate detected (Flood risk)
2026-06-27 18:00:00+00:00,10194.048,VALID,6.822948,VALID,Warning,WARN: High flow rate detected (Flood risk)
2026-06-27 19:00:00+00:00,10151.5728,VALID,6.78942,VALID,Warning,WARN: High flow rate detected (Flood risk)
2026-06-27 20:00:00+00:00,10109.0976,VALID,6.763512,VALID,Warning,WARN: High flow rate detected (Flood risk)
2026-06-27 21:00:00+00:00,10080.7808,VALID,6.739128,VALID,Warning,WARN: High flow rate detected (Flood risk)
2026-06-27 22:00:00+00:00,10066.6224,VALID,6.7238880000000005,VALID,Warning,WARN: High flow rate detected (Flood risk)
2026-06-27 23:00:00+00:00,10066.6224,VALID,6.72846,VALID,Warning,WARN: High flow rate detected (Flood risk)
2026-06-28 00:00:00+00:00,10052.464,VALID,6.719316,VALID,Warning,WARN: High flow rate detected (Flood risk)
2026-06-28 01:00:00+00:00,10052.464,VALID,6.714744,VALID,Warning,WARN: High flow rate detected (Flood risk)
2026-06-28 02:00:00+00:00,10038.3056,VALID,6.711696,VALID,Warning,WARN: High flow rate detected (Flood risk)
2026-06-28 03:00:00+00:00,10009.9888,VALID,6.688836,VALID,Warning,WARN: High flow rate detected (Flood risk)
2026-06-28 04:00:00+00:00,9995.8304,VALID,6.6766440000000005,VALID,Warning,WARN: High flow rate detected (Flood risk)
2026-06-28 05:00:00+00:00,9995.8304,VALID,6.675120000000001,VALID,Warning,WARN: High flow rate detected (Flood risk)
2026-06-28 06:00:00+00:00,9967.5136,VALID,6.65988,VALID,Warning,WARN: High flow rate detected (Flood risk)
2026-06-28 07:00:00+00:00,9953.3552,VALID,6.640068,VALID,Warning,WARN: High flow rate detected (Flood risk)
2026-06-28 08:00:00+00:00,9925.0384,VALID,6.623304000000001,VALID,Warning,WARN: High flow rate detected (Flood risk)
2026-06-28 09:00:00+00:00,9925.0384,VALID,6.615684,VALID,Warning,WARN: High flow rate detected (Flood risk)
2026-06-28 10:00:00+00:00,9896.7216,VALID,6.605016,VALID,Warning,WARN: High flow rate detected (Flood risk)
2026-06-28 11:00:00+00:00,9882.5632,VALID,6.586728000000001,VALID,Warning,WARN: High flow rate detected (Flood risk)
2026-06-28 12:00:00+00:00,9854.2464,VALID,6.569964000000001,VALID,Warning,WARN: High flow rate detected (Flood risk)
2026-06-28 13:00:00+00:00,9811.7712,VALID,6.542532,VALID,Warning,WARN: High flow rate detected (Flood risk)
2026-06-28 14:00:00+00:00,9797.612799999999,VALID,6.530340000000001,VALID,Warning,WARN: High flow rate detected (Flood risk)
2026-06-28 15:00:00+00:00,9797.612799999999,VALID,6.528816000000001,VALID,Warning,WARN: High flow rate detected (Flood risk)
2026-06-28 16:00:00+00:00,9769.296,VALID,6.509004000000001,VALID,Warning,WARN: High flow rate detected (Flood risk)
2026-06-28 17:00:00+00:00,9740.9792,VALID,6.487668,VALID,Warning,WARN: High flow rate detected (Flood risk)
2026-06-28 18:00:00+00:00,9712.6624,VALID,6.470904,VALID,Warning,WARN: High flow rate detected (Flood risk)
2026-06-28 19:00:00+00:00,9684.3456,VALID,6.4389,VALID,Warning,WARN: High flow rate detected (Flood risk)
2026-06-28 20:00:00+00:00,9656.0288,VALID,6.426708,VALID,Warning,WARN: High flow rate detected (Flood risk)
2026-06-28 21:00:00+00:00,9627.712,VALID,6.403848,VALID,Warning,WARN: High flow rate detected (Flood risk)
2026-06-28 22:00:00+00:00,9627.712,VALID,6.396228000000001,VALID,Warning,WARN: High flow rate detected (Flood risk)
2026-06-28 23:00:00+00:00,9585.236799999999,VALID,6.368796,VALID,Warning,WARN: High flow rate detected (Flood risk)
2026-06-29 00:00:00+00:00,9542.7616,VALID,6.333744,VALID,Warning,WARN: High flow rate detected (Flood risk)
2026-06-29 01:00:00+00:00,9500.2864,VALID,6.307836,VALID,Warning,WARN: High flow rate detected (Flood risk)
2026-06-29 02:00:00+00:00,9471.9696,VALID,6.277356000000001,VALID,Warning,WARN: High flow rate detected (Flood risk)
2026-06-29 03:00:00+00:00,9443.6528,VALID,6.2636400000000005,VALID,Warning,WARN: High flow rate detected (Flood risk)
2026-06-29 04:00:00+00:00,9429.4944,VALID,6.246876,VALID,Warning,WARN: High flow rate detected (Flood risk)
2026-06-29 05:00:00+00:00,9415.336,VALID,6.236208000000001,VALID,Warning,WARN: High flow rate detected (Flood risk)
2026-06-29 06:00:00+00:00,9401.177599999999,VALID,6.228588,VALID,Warning,WARN: High flow rate detected (Flood risk)
2026-06-29 07:00:00+00:00,9387.019199999999,VALID,6.219444,VALID,Warning,WARN: High flow rate detected (Flood risk)
2026-06-29 08:00:00+00:00,9372.8608,VALID,6.201156000000001,VALID,Warning,WARN: High flow rate detected (Flood risk)
2026-06-29 09:00:00+00:00,9358.7024,VALID,6.1874400000000005,VALID,Warning,WARN: High flow rate detected (Flood risk)
2026-06-29 10:00:00+00:00,9330.3856,VALID,6.173724,VALID,Warning,WARN: High flow rate detected (Flood risk)
2026-06-29 11:00:00+00:00,9330.3856,VALID,6.170676,VALID,Warning,WARN: High flow rate detected (Flood risk)
2026-06-29 12:00:00+00:00,9287.9104,VALID,6.1493400000000005,VALID,Warning,WARN: High flow rate detected (Flood risk)
2026-06-29 13:00:00+00:00,9287.9104,VALID,6.144768,VALID,Warning,WARN: High flow rate detected (Flood risk)
2026-06-29 14:00:00+00:00,9287.9104,VALID,6.1341,VALID,Warning,WARN: High flow rate detected (Flood risk)
2026-06-29 15:00:00+00:00,9259.5936,VALID,6.1219079999999995,VALID,Warning,WARN: High flow rate detected (Flood risk)
2026-06-29 16:00:00+00:00,9259.5936,VALID,6.114288,VALID,Warning,WARN: High flow rate detected (Flood risk)
2026-06-29 17:00:00+00:00,9231.2768,VALID,6.099048000000001,VALID,Warning,WARN: High flow rate detected (Flood risk)
2026-06-29 18:00:00+00:00,9202.96,VALID,6.077712000000001,VALID,Warning,WARN: High flow rate detected (Flood risk)
2026-06-29 19:00:00+00:00,9146.3264,VALID,6.038088,VALID,Warning,WARN: High flow rate detected (Flood risk)
2026-06-29 20:00:00+00:00,9089.6928,VALID,5.992368000000001,VALID,Warning,WARN: High flow rate detected (Flood risk)
2026-06-29 21:00:00+00:00,9061.376,VALID,5.96646,VALID,Warning,WARN: High flow rate detected (Flood risk)
2026-06-29 22:00:00+00:00,9047.2176,VALID,5.954267999999999,VALID,Warning,WARN: High flow rate detected (Flood risk)
2026-06-29 23:00:00+00:00,9018.9008,VALID,5.934456,VALID,Warning,WARN: High flow rate detected (Flood risk)
2026-06-30 00:00:00+00:00,9004.7424,VALID,5.913120000000001,VALID,Warning,WARN: High flow rate detected (Flood risk)
2026-06-30 01:00:00+00:00,8990.583999999999,VALID,5.9100719999999995,VALID,Warning,WARN: High flow rate detected (Flood risk)
2026-06-30 02:00:00+00:00,8976.4256,VALID,5.891784,VALID,Warning,WARN: High flow rate detected (Flood risk)
2026-06-30 03:00:00+00:00,8962.2672,VALID,5.89026,VALID,Warning,WARN: High flow rate detected (Flood risk)
2026-06-30 04:00:00+00:00,8948.1088,VALID,5.87502,VALID,Warning,WARN: High flow rate detected (Flood risk)
2026-06-30 05:00:00+00:00,8933.9504,VALID,5.868924,VALID,Warning,WARN: High flow rate detected (Flood risk)
2026-06-30 06:00:00+00:00,8948.1088,VALID,5.8674,VALID,Warning,WARN: High flow rate detected (Flood risk)
2026-06-30 07:00:00+00:00,8933.9504,VALID,5.864352,VALID,Warning,WARN: High flow rate detected (Flood risk)
2026-06-30 08:00:00+00:00,8933.9504,VALID,5.859780000000001,VALID,Warning,WARN: High flow rate detected (Flood risk)
2026-06-30 09:00:00+00:00,8919.792,VALID,5.856732000000001,VALID,Warning,WARN: High flow rate detected (Flood risk)
2026-06-30 10:00:00+00:00,8919.792,VALID,5.84454,VALID,Warning,WARN: High flow rate detected (Flood risk)
2026-06-30 11:00:00+00:00,8891.4752,VALID,5.833872000000001,VALID,Warning,WARN: High flow rate detected (Flood risk)
2026-06-30 12:00:00+00:00,8891.4752,VALID,5.8293,VALID,Warning,WARN: High flow rate detected (Flood risk)
2026-06-30 13:00:00+00:00,8891.4752,VALID,5.826252,VALID,Warning,WARN: High flow rate detected (Flood risk)
2026-06-30 14:00:00+00:00,8891.4752,VALID,5.824728,VALID,Warning,WARN: High flow rate detected (Flood risk)
2026-06-30 15:00:00+00:00,8877.3168,VALID,5.818632000000001,VALID,Warning,WARN: High flow rate detected (Flood risk)
2026-06-30 16:00:00+00:00,8863.1584,VALID,5.804916,VALID,Warning,WARN: High flow rate detected (Flood risk)
2026-06-30 17:00:00+00:00,8863.1584,VALID,5.80644,VALID,Warning,WARN: High flow rate detected (Flood risk)
2026-06-30 18:00:00+00:00,8849.0,VALID,5.800344000000001,VALID,Warning,WARN: High flow rate detected (Flood risk)
2026-06-30 19:00:00+00:00,8834.8416,VALID,5.780532,VALID,Warning,WARN: High flow rate detected (Flood risk)
2026-06-30 20:00:00+00:00,8778.207999999999,VALID,5.743956000000001,VALID,Warning,WARN: High flow rate detected (Flood risk)
2026-06-30 21:00:00+00:00,8764.0496,VALID,5.7271920000000005,VALID,Warning,WARN: High flow rate detected (Flood risk)
2026-06-30 22:00:00+00:00,8721.5744,VALID,5.690616,VALID,Warning,WARN: High flow rate detected (Flood risk)
2026-06-30 23:00:00+00:00,8693.257599999999,VALID,5.6799479999999996,VALID,Warning,WARN: High flow rate detected (Flood risk)
2026-07-01 00:00:00+00:00,8664.9408,VALID,5.6601360000000005,VALID,Warning,WARN: High flow rate detected (Flood risk)
2026-07-01 01:00:00+00:00,8664.9408,VALID,5.652516,VALID,Warning,WARN: High flow rate detected (Flood risk)
2026-07-01 02:00:00+00:00,8679.0992,VALID,5.658612,VALID,Warning,WARN: High flow rate detected (Flood risk)
2026-07-01 03:00:00+00:00,8650.7824,VALID,5.6388,VALID,Warning,WARN: High flow rate detected (Flood risk)
2026-07-01 04:00:00+00:00,8636.624,VALID,5.6311800000000005,VALID,Warning,WARN: High flow rate detected (Flood risk)
2026-07-01 05:00:00+00:00,8636.624,VALID,5.628132000000001,VALID,Warning,WARN: High flow rate detected (Flood risk)
2026-07-01 06:00:00+00:00,8636.624,VALID,5.620512,VALID,Warning,WARN: High flow rate detected (Flood risk)
2026-07-01 07:00:00+00:00,8622.4656,VALID,5.617464,VALID,Warning,WARN: High flow rate detected (Flood risk)
2026-07-01 08:00:00+00:00,8608.3072,VALID,5.608320000000001,VALID,Warning,WARN: High flow rate detected (Flood risk)
2026-07-01 09:00:00+00:00,8594.148799999999,VALID,5.6022240000000005,VALID,Warning,WARN: High flow rate detected (Flood risk)
2026-07-01 10:00:00+00:00,8579.9904,VALID,5.579364,VALID,Warning,WARN: High flow rate detected (Flood risk)
2026-07-01 11:00:00+00:00,8579.9904,VALID,5.590032000000001,VALID,Warning,WARN: High flow rate detected (Flood risk)
2026-07-01 12:00:00+00:00,8565.832,VALID,5.574792,VALID,Warning,WARN: High flow rate detected (Flood risk)
2026-07-01 13:00:00+00:00,8565.832,VALID,5.570220000000001,VALID,Warning,WARN: High flow rate detected (Flood risk)
2026-07-01 14:00:00+00:00,8565.832,VALID,5.574792,VALID,Warning,WARN: High flow rate detected (Flood risk)
2026-07-01 15:00:00+00:00,8551.6736,VALID,5.561076,VALID,Warning,WARN: High flow rate detected (Flood risk)
2026-07-01 16:00:00+00:00,8594.148799999999,VALID,5.594604,VALID,Warning,WARN: High flow rate detected (Flood risk)
2026-07-01 17:00:00+00:00,8622.4656,VALID,5.614416,VALID,Warning,WARN: High flow rate detected (Flood risk)
2026-07-01 18:00:00+00:00,8608.3072,VALID,5.599176000000001,VALID,Warning,WARN: High flow rate detected (Flood risk)
2026-07-01 19:00:00+00:00,8537.5152,VALID,5.551932000000001,VALID,Warning,WARN: High flow rate detected (Flood risk)
2026-07-01 20:00:00+00:00,8438.4064,VALID,5.477256000000001,VALID,Warning,WARN: High flow rate detected (Flood risk)
2026-07-01 21:00:00+00:00,8339.2976,VALID,5.396484,VALID,Warning,WARN: High flow rate detected (Flood risk)
2026-07-01 22:00:00+00:00,8339.2976,VALID,5.38734,VALID,Warning,WARN: High flow rate detected (Flood risk)
2026-07-01 23:00:00+00:00,8325.1392,VALID,5.379720000000001,VALID,Warning,WARN: High flow rate detected (Flood risk)
2026-07-02 00:00:00+00:00,8296.8224,VALID,5.358384,VALID,Warning,WARN: High flow rate detected (Flood risk)
2026-07-02 01:00:00+00:00,8282.664,VALID,5.34924,VALID,Warning,WARN: High flow rate detected (Flood risk)
2026-07-02 02:00:00+00:00,8268.5056,VALID,5.337048,VALID,Warning,WARN: High flow rate detected (Flood risk)
2026-07-02 03:00:00+00:00,8268.5056,VALID,5.334,VALID,Warning,WARN: High flow rate detected (Flood risk)
2026-07-02 04:00:00+00:00,8268.5056,VALID,5.337048,VALID,Warning,WARN: High flow rate detected (Flood risk)
2026-07-02 05:00:00+00:00,8254.3472,VALID,5.327904,VALID,Warning,WARN: High flow rate detected (Flood risk)
2026-07-02 06:00:00+00:00,8240.1888,VALID,5.317236,VALID,Warning,WARN: High flow rate detected (Flood risk)
2026-07-02 07:00:00+00:00,8226.0304,VALID,5.2959,VALID,Warning,WARN: High flow rate detected (Flood risk)
2026-07-02 08:00:00+00:00,8240.1888,VALID,5.306568,VALID,Warning,WARN: High flow rate detected (Flood risk)
2026-07-02 09:00:00+00:00,8211.872,VALID,5.298948,VALID,Warning,WARN: High flow rate detected (Flood risk)
2026-07-02 10:00:00+00:00,8211.872,VALID,5.292852,VALID,Warning,WARN: High flow rate detected (Flood risk)
2026-07-02 11:00:00+00:00,8197.7136,VALID,5.282184000000001,VALID,Warning,WARN: High flow rate detected (Flood risk)
2026-07-02 12:00:00+00:00,8169.3968,VALID,5.260848,VALID,Warning,WARN: High flow rate detected (Flood risk)
2026-07-02 13:00:00+00:00,8183.5552,VALID,5.27304,VALID,Warning,WARN: High flow rate detected (Flood risk)
2026-07-02 14:00:00+00:00,8197.7136,VALID,5.2867560000000005,VALID,Warning,WARN: High flow rate detected (Flood risk)
2026-07-02 15:00:00+00:00,8226.0304,VALID,5.2959,VALID,Warning,WARN: High flow rate detected (Flood risk)
2026-07-02 16:00:00+00:00,8183.5552,VALID,5.269992,VALID,Warning,WARN: High flow rate detected (Flood risk)
2026-07-02 17:00:00+00:00,8169.3968,VALID,5.2578,VALID,Warning,WARN: High flow rate detected (Flood risk)
2026-07-02 18:00:00+00:00,8155.2384,VALID,5.247132000000001,VALID,Warning,WARN: High flow rate detected (Flood risk)
2026-07-02 19:00:00+00:00,8141.08,VALID,5.23494,VALID,Warning,WARN: High flow rate detected (Flood risk)
2026-07-02 20:00:00+00:00,8126.9216,VALID,5.224272000000001,VALID,Warning,WARN: High flow rate detected (Flood risk)
2026-07-02 21:00:00+00:00,8112.763199999999,VALID,5.213604,VALID,Warning,WARN: High flow rate detected (Flood risk)
2026-07-02 22:00:00+00:00,8070.288,VALID,5.178552,VALID,Warning,WARN: High flow rate detected (Flood risk)
2026-07-02 23:00:00+00:00,8027.8128,VALID,5.154168,VALID,Warning,WARN: High flow rate detected (Flood risk)
2026-07-03 00:00:00+00:00,7999.495999999999,VALID,5.12064,VALID,Warning,WARN: High flow rate detected (Flood risk)
2026-07-03 01:00:00+00:00,7942.8624,VALID,5.085588,VALID,Warning,WARN: High flow rate detected (Flood risk)
2026-07-03 02:00:00+00:00,7928.704,VALID,5.061204,VALID,Warning,WARN: High flow rate detected (Flood risk)
2026-07-03 03:00:00+00:00,7900.3872,VALID,5.041392,VALID,Warning,WARN: High flow rate detected (Flood risk)
2026-07-03 04:00:00+00:00,7872.0704,VALID,5.024628,VALID,Warning,WARN: High flow rate detected (Flood risk)
2026-07-03 05:00:00+00:00,7872.0704,VALID,5.015484000000001,VALID,Warning,WARN: High flow rate detected (Flood risk)
2026-07-03 06:00:00+00:00,7843.7536,VALID,5.003292,VALID,Warning,WARN: High flow rate detected (Flood risk)
2026-07-03 07:00:00+00:00,7829.5952,VALID,4.9911,VALID,Warning,WARN: High flow rate detected (Flood risk)
2026-07-03 08:00:00+00:00,7815.4367999999995,VALID,4.9789080000000006,VALID,Warning,WARN: High flow rate detected (Flood risk)
2026-07-03 09:00:00+00:00,7801.278399999999,VALID,4.963668,VALID,Warning,WARN: High flow rate detected (Flood risk)
2026-07-03 10:00:00+00:00,7787.12,VALID,4.953,VALID,Warning,WARN: High flow rate detected (Flood risk)
2026-07-03 11:00:00+00:00,7772.9616000000005,VALID,4.942332,VALID,Warning,WARN: High flow rate detected (Flood risk)
2026-07-03 12:00:00+00:00,7758.8032,VALID,4.928616,VALID,Warning,WARN: High flow rate detected (Flood risk)
2026-07-03 13:00:00+00:00,7758.8032,VALID,4.924044,VALID,Warning,WARN: High flow rate detected (Flood risk)
2026-07-03 14:00:00+00:00,7730.4864,VALID,4.911852,VALID,Warning,WARN: High flow rate detected (Flood risk)
2026-07-03 15:00:00+00:00,7730.4864,VALID,4.908804,VALID,Warning,WARN: High flow rate detected (Flood risk)
2026-07-03 16:00:00+00:00,7702.1696,VALID,4.885944,VALID,Warning,WARN: High flow rate detected (Flood risk)
2026-07-03 17:00:00+00:00,7673.8528,VALID,4.867656,VALID,Warning,WARN: High flow rate detected (Flood risk)
2026-07-03 18:00:00+00:00,7673.8528,VALID,4.8554640000000004,VALID,Warning,WARN: High flow rate detected (Flood risk)
2026-07-03 19:00:00+00:00,7617.2192,VALID,4.8265080000000005,VALID,Warning,WARN: High flow rate detected (Flood risk)
2026-07-03 20:00:00+00:00,7617.2192,VALID,4.817364,VALID,Warning,WARN: High flow rate detected (Flood risk)
2026-07-03 21:00:00+00:00,7588.9024,VALID,4.796028,VALID,Warning,WARN: High flow rate detected (Flood risk)
2026-07-03 22:00:00+00:00,7574.744000000001,VALID,4.782312,VALID,Warning,WARN: High flow rate detected (Flood risk)
2026-07-03 23:00:00+00:00,7560.5856,VALID,4.77012,VALID,Warning,WARN: High flow rate detected (Flood risk)
2026-07-04 00:00:00+00:00,7532.2688,VALID,4.757928,VALID,Warning,WARN: High flow rate detected (Flood risk)
2026-07-04 01:00:00+00:00,7532.2688,VALID,4.748784000000001,VALID,Warning,WARN: High flow rate detected (Flood risk)
2026-07-04 02:00:00+00:00,7518.1104,VALID,4.735068,VALID,Warning,WARN: High flow rate detected (Flood risk)
2026-07-04 03:00:00+00:00,7503.952,VALID,4.725924000000001,VALID,Warning,WARN: High flow rate detected (Flood risk)
2026-07-04 04:00:00+00:00,7503.952,VALID,4.715256,VALID,Warning,WARN: High flow rate detected (Flood risk)
2026-07-04 05:00:00+00:00,7489.7936,VALID,4.713732,VALID,Warning,WARN: High flow rate detected (Flood risk)
2026-07-04 06:00:00+00:00,7503.952,VALID,4.715256,VALID,Warning,WARN: High flow rate detected (Flood risk)
2026-07-04 07:00:00+00:00,7503.952,VALID,4.719828,VALID,Warning,WARN: High flow rate detected (Flood risk)
2026-07-04 08:00:00+00:00,7475.6352,VALID,4.70154,VALID,Warning,WARN: High flow rate detected (Flood risk)
2026-07-04 09:00:00+00:00,7475.6352,VALID,4.690872000000001,VALID,Warning,WARN: High flow rate detected (Flood risk)
2026-07-04 10:00:00+00:00,7447.3184,VALID,4.680204,VALID,Warning,WARN: High flow rate detected (Flood risk)
2026-07-04 11:00:00+00:00,7447.3184,VALID,4.669536,VALID,Warning,WARN: High flow rate detected (Flood risk)
2026-07-04 12:00:00+00:00,7419.0016,VALID,4.666488,VALID,Warning,WARN: High flow rate detected (Flood risk)
2026-07-04 13:00:00+00:00,7419.0016,VALID,4.661916,VALID,Warning,WARN: High flow rate detected (Flood risk)
2026-07-04 14:00:00+00:00,7433.16,VALID,4.668012,VALID,Warning,WARN: High flow rate detected (Flood risk)
2026-07-04 15:00:00+00:00,7447.3184,VALID,4.671060000000001,VALID,Warning,WARN: High flow rate detected (Flood risk)
2026-07-04 16:00:00+00:00,7433.16,VALID,4.6649639999999994,VALID,Warning,WARN: High flow rate detected (Flood risk)
2026-07-04 17:00:00+00:00,7447.3184,VALID,4.6725840000000005,VALID,Warning,WARN: High flow rate detected (Flood risk)
2026-07-04 18:00:00+00:00,7419.0016,VALID,4.66344,VALID,Warning,WARN: High flow rate detected (Flood risk)
2026-07-04 19:00:00+00:00,7419.0016,VALID,4.666488,VALID,Warning,WARN: High flow rate detected (Flood risk)
2026-07-04 20:00:00+00:00,7447.3184,VALID,4.67868,VALID,Warning,WARN: High flow rate detected (Flood risk)
2026-07-04 21:00:00+00:00,7447.3184,VALID,4.681728,VALID,Warning,WARN: High flow rate detected (Flood risk)
2026-07-04 22:00:00+00:00,7447.3184,VALID,4.67868,VALID,Warning,WARN: High flow rate detected (Flood risk)
2026-07-04 23:00:00+00:00,7447.3184,VALID,4.67868,VALID,Warning,WARN: High flow rate detected (Flood risk)
2026-07-05 00:00:00+00:00,7433.16,VALID,4.668012,VALID,Warning,WARN: High flow rate detected (Flood risk)
2026-07-05 01:00:00+00:00,7433.16,VALID,4.668012,VALID,Warning,WARN: High flow rate detected (Flood risk)
2026-07-05 02:00:00+00:00,7404.843199999999,VALID,4.651248000000001,VALID,Warning,WARN: High flow rate detected (Flood risk)
2026-07-05 03:00:00+00:00,7404.843199999999,VALID,4.642104,VALID,Warning,WARN: High flow rate detected (Flood risk)
2026-07-05 04:00:00+00:00,7390.6848,VALID,4.6253400000000005,VALID,Warning,WARN: High flow rate detected (Flood risk)
2026-07-05 05:00:00+00:00,7362.3679999999995,VALID,4.613148000000001,VALID,Warning,WARN: High flow rate detected (Flood risk)
2026-07-05 06:00:00+00:00,7362.3679999999995,VALID,4.600956,VALID,Warning,WARN: High flow rate detected (Flood risk)
2026-07-05 07:00:00+00:00,7334.0512,VALID,4.584192,VALID,Warning,WARN: High flow rate detected (Flood risk)
2026-07-05 08:00:00+00:00,7334.0512,VALID,4.584192,VALID,Warning,WARN: High flow rate detected (Flood risk)
2026-07-05 09:00:00+00:00,7305.7344,VALID,4.562856,VALID,Warning,WARN: High flow rate detected (Flood risk)
2026-07-05 10:00:00+00:00,7305.7344,VALID,4.550664,VALID,Warning,WARN: High flow rate detected (Flood risk)
2026-07-05 11:00:00+00:00,7277.4176,VALID,4.543044,VALID,Warning,WARN: High flow rate detected (Flood risk)
2026-07-05 12:00:00+00:00,7277.4176,VALID,4.527804,VALID,Warning,WARN: High flow rate detected (Flood risk)
2026-07-05 13:00:00+00:00,7263.2592,VALID,4.518660000000001,VALID,Warning,WARN: High flow rate detected (Flood risk)
2026-07-05 14:00:00+00:00,7234.9424,VALID,4.501896,VALID,Warning,WARN: High flow rate detected (Flood risk)
2026-07-05 15:00:00+00:00,7220.784,VALID,4.494276,VALID,Warning,WARN: High flow rate detected (Flood risk)
2026-07-05 16:00:00+00:00,7220.784,VALID,4.486656,VALID,Warning,WARN: High flow rate detected (Flood risk)
2026-07-05 17:00:00+00:00,7192.4672,VALID,4.474464,VALID,Warning,WARN: High flow rate detected (Flood risk)
2026-07-05 18:00:00+00:00,7192.4672,VALID,4.46532,VALID,Warning,WARN: High flow rate detected (Flood risk)
2026-07-05 19:00:00+00:00,7178.3088,VALID,4.463796,VALID,Warning,WARN: High flow rate detected (Flood risk)
2026-07-05 20:00:00+00:00,7164.1503999999995,VALID,4.447032,VALID,Warning,WARN: High flow rate detected (Flood risk)
2026-07-05 21:00:00+00:00,7164.1503999999995,VALID,4.4424600000000005,VALID,Warning,WARN: High flow rate detected (Flood risk)
2026-07-05 22:00:00+00:00,7164.1503999999995,VALID,4.433316,VALID,Warning,WARN: High flow rate detected (Flood risk)
2026-07-05 23:00:00+00:00,7149.992,VALID,4.428744,VALID,Warning,WARN: High flow rate detected (Flood risk)
2026-07-06 00:00:00+00:00,7135.8336,VALID,4.416552,VALID,Warning,WARN: High flow rate detected (Flood risk)
2026-07-06 01:00:00+00:00,7135.8336,VALID,4.422648000000001,VALID,Warning,WARN: High flow rate detected (Flood risk)
2026-07-06 02:00:00+00:00,7178.3088,VALID,4.457700000000001,VALID,Warning,WARN: High flow rate detected (Flood risk)
2026-07-06 03:00:00+00:00,7234.9424,VALID,4.497324,VALID,Warning,WARN: High flow rate detected (Flood risk)
2026-07-06 04:00:00+00:00,7291.576,VALID,4.550664,VALID,Warning,WARN: High flow rate detected (Flood risk)
2026-07-06 05:00:00+00:00,7334.0512,VALID,4.588764,VALID,Warning,WARN: High flow rate detected (Flood risk)
2026-07-06 06:00:00+00:00,7376.5264,VALID,4.620768,VALID,Warning,WARN: High flow rate detected (Flood risk)
2026-07-06 07:00:00+00:00,7390.6848,VALID,4.626864,VALID,Warning,WARN: High flow rate detected (Flood risk)
2026-07-06 08:00:00+00:00,7419.0016,VALID,4.654296,VALID,Warning,WARN: High flow rate detected (Flood risk)
2026-07-06 09:00:00+00:00,7419.0016,VALID,4.649724000000001,VALID,Warning,WARN: High flow rate detected (Flood risk)
2026-07-06 10:00:00+00:00,7419.0016,VALID,4.654296,VALID,Warning,WARN: High flow rate detected (Flood risk)
2026-07-06 11:00:00+00:00,7419.0016,VALID,4.649724,VALID,Warning,WARN: High flow rate detected (Flood risk)
2026-07-06 12:00:00+00:00,7419.0016,VALID,4.654296,VALID,Warning,WARN: High flow rate detected (Flood risk)
2026-07-06 13:00:00+00:00,7419.0016,VALID,4.652772000000001,VALID,Warning,WARN: High flow rate detected (Flood risk)
2026-07-06 14:00:00+00:00,7404.843199999999,VALID,4.648200000000001,VALID,Warning,WARN: High flow rate detected (Flood risk)
2026-07-06 15:00:00+00:00,7390.6848,VALID,4.639056,VALID,Warning,WARN: High flow rate detected (Flood risk)
2026-07-06 16:00:00+00:00,7390.6848,VALID,4.639056,VALID,Warning,WARN: High flow rate detected (Flood risk)
2026-07-06 17:00:00+00:00,7390.6848,VALID,4.63296,VALID,Warning,WARN: High flow rate detected (Flood risk)
2026-07-06 18:00:00+00:00,7390.6848,VALID,4.631436,VALID,Warning,WARN: High flow rate detected (Flood risk)
2026-07-06 19:00:00+00:00,7390.6848,VALID,4.623816000000001,VALID,Warning,WARN: High flow rate detected (Flood risk)
2026-07-06 20:00:00+00:00,7362.3679999999995,VALID,4.6146720000000006,VALID,Warning,WARN: High flow rate detected (Flood risk)
2026-07-06 21:00:00+00:00,7362.3679999999995,VALID,4.607052,VALID,Warning,WARN: High flow rate detected (Flood risk)
2026-07-06 22:00:00+00:00,7348.2096,VALID,4.5963840000000005,VALID,Warning,WARN: High flow rate detected (Flood risk)
2026-07-06 23:00:00+00:00,7362.3679999999995,VALID,4.600956,VALID,Warning,WARN: High flow rate detected (Flood risk)
2026-07-07 00:00:00+00:00,7362.3679999999995,VALID,4.600956,VALID,Warning,WARN: High flow rate detected (Flood risk)
2026-07-07 01:00:00+00:00,7334.0512,VALID,4.588764,VALID,Warning,WARN: High flow rate detected (Flood risk)
2026-07-07 02:00:00+00:00,7334.0512,VALID,4.585716,VALID,Warning,WARN: High flow rate detected (Flood risk)
2026-07-07 03:00:00+00:00,7334.0512,VALID,4.582668,VALID,Warning,WARN: High flow rate detected (Flood risk)
2026-07-07 04:00:00+00:00,7334.0512,VALID,4.588764,VALID,Warning,WARN: High flow rate detected (Flood risk)
2026-07-07 05:00:00+00:00,7334.0512,VALID,4.581144,VALID,Warning,WARN: High flow rate detected (Flood risk)
2026-07-07 06:00:00+00:00,7334.0512,VALID,4.582668,VALID,Warning,WARN: High flow rate detected (Flood risk)
2026-07-07 07:00:00+00:00,7334.0512,VALID,4.58724,VALID,Warning,WARN: High flow rate detected (Flood risk)
2026-07-07 08:00:00+00:00,7334.0512,VALID,4.581144,VALID,Warning,WARN: High flow rate detected (Flood risk)
2026-07-07 09:00:00+00:00,7334.0512,VALID,4.582668,VALID,Warning,WARN: High flow rate detected (Flood risk)
2026-07-07 10:00:00+00:00,7334.0512,VALID,4.5765720000000005,VALID,Warning,WARN: High flow rate detected (Flood risk)
2026-07-07 11:00:00+00:00,7319.8928,VALID,4.570476,VALID,Warning,WARN: High flow rate detected (Flood risk)
2026-07-07 12:00:00+00:00,7319.8928,VALID,4.572,VALID,Warning,WARN: High flow rate detected (Flood risk)
2026-07-07 13:00:00+00:00,7348.2096,VALID,4.590288,VALID,Warning,WARN: High flow rate detected (Flood risk)
2026-07-07 14:00:00+00:00,7334.0512,VALID,4.585716,VALID,Warning,WARN: High flow rate detected (Flood risk)
2026-07-07 15:00:00+00:00,7362.3679999999995,VALID,4.608576,VALID,Warning,WARN: High flow rate detected (Flood risk)
2026-07-07 16:00:00+00:00,7390.6848,VALID,4.6253400000000005,VALID,Warning,WARN: High flow rate detected (Flood risk)
2026-07-07 17:00:00+00:00,7433.16,VALID,4.668012,VALID,Warning,WARN: High flow rate detected (Flood risk)
2026-07-07 18:00:00+00:00,7461.4768,VALID,4.696968,VALID,Warning,WARN: High flow rate detected (Flood risk)
2026-07-07 19:00:00+00:00,7489.7936,VALID,4.71678,VALID,Warning,WARN: High flow rate detected (Flood risk)
2026-07-07 20:00:00+00:00,7532.2688,VALID,4.744212,VALID,Warning,WARN: High flow rate detected (Flood risk)
2026-07-07 21:00:00+00:00,7532.2688,VALID,4.748784000000001,VALID,Warning,WARN: High flow rate detected (Flood risk)
2026-07-07 22:00:00+00:00,7560.5856,VALID,4.7792639999999995,VALID,Warning,WARN: High flow rate detected (Flood risk)
2026-07-07 23:00:00+00:00,7588.9024,VALID,4.8006,VALID,Warning,WARN: High flow rate detected (Flood risk)
2026-07-08 00:00:00+00:00,7617.2192,VALID,4.80822,VALID,Warning,WARN: High flow rate detected (Flood risk)
2026-07-08 01:00:00+00:00,7617.2192,VALID,4.8173639999999995,VALID,Warning,WARN: High flow rate detected (Flood risk)
2026-07-08 02:00:00+00:00,7631.3776,VALID,4.823460000000001,VALID,Warning,WARN: High flow rate detected (Flood risk)
2026-07-08 03:00:00+00:00,7631.3776,VALID,4.832604,VALID,Warning,WARN: High flow rate detected (Flood risk)
2026-07-08 04:00:00+00:00,7631.3776,VALID,4.837176,VALID,Warning,WARN: High flow rate detected (Flood risk)
2026-07-08 05:00:00+00:00,7645.536,VALID,4.840224,VALID,Warning,WARN: High flow rate detected (Flood risk)
2026-07-08 06:00:00+00:00,7645.536,VALID,4.8387,VALID,Warning,WARN: High flow rate detected (Flood risk)
2026-07-08 07:00:00+00:00,7659.6944,VALID,4.84632,VALID,Warning,WARN: High flow rate detected (Flood risk)
2026-07-08 08:00:00+00:00,7659.6944,VALID,4.852416,VALID,Warning,WARN: High flow rate detected (Flood risk)
2026-07-08 09:00:00+00:00,7659.6944,VALID,4.847844,VALID,Warning,WARN: High flow rate detected (Flood risk)
2026-07-08 10:00:00+00:00,7645.536,VALID,4.847844,VALID,Warning,WARN: High flow rate detected (Flood risk)
2026-07-08 11:00:00+00:00,7673.8528,VALID,4.860036,VALID,Warning,WARN: High flow rate detected (Flood risk)
2026-07-08 12:00:00+00:00,7673.8528,VALID,4.856987999999999,VALID,Warning,WARN: High flow rate detected (Flood risk)
2026-07-08 13:00:00+00:00,7673.8528,VALID,4.86156,VALID,Warning,WARN: High flow rate detected (Flood risk)
2026-07-08 14:00:00+00:00,7673.8528,VALID,4.856987999999999,VALID,Warning,WARN: High flow rate detected (Flood risk)
2026-07-08 15:00:00+00:00,7673.8528,VALID,4.86918,VALID,Warning,WARN: High flow rate detected (Flood risk)
2026-07-08 16:00:00+00:00,7688.0112,VALID,4.8737520000000005,VALID,Warning,WARN: High flow rate detected (Flood risk)
2026-07-08 17:00:00+00:00,7688.0112,VALID,4.875276,VALID,Warning,WARN: High flow rate detected (Flood risk)
2026-07-08 18:00:00+00:00,7688.0112,VALID,4.8768,VALID,Warning,WARN: High flow rate detected (Flood risk)
2026-07-08 19:00:00+00:00,7702.1696,VALID,4.879848000000001,VALID,Warning,WARN: High flow rate detected (Flood risk)
2026-07-08 20:00:00+00:00,7730.4864,VALID,4.898136,VALID,Warning,WARN: High flow rate detected (Flood risk)
2026-07-08 21:00:00+00:00,7787.12,VALID,4.948428,VALID,Warning,WARN: High flow rate detected (Flood risk)
2026-07-08 22:00:00+00:00,7801.278399999999,VALID,4.974336000000001,VALID,Warning,WARN: High flow rate detected (Flood risk)
2026-07-08 23:00:00+00:00,7843.7536,VALID,4.997196000000001,VALID,Warning,WARN: High flow rate detected (Flood risk)
2026-07-09 00:00:00+00:00,7843.7536,VALID,5.004816,VALID,Warning,WARN: High flow rate detected (Flood risk)
2026-07-09 01:00:00+00:00,7843.7536,VALID,5.004816,VALID,Warning,WARN: High flow rate detected (Flood risk)
2026-07-09 02:00:00+00:00,7857.912,VALID,5.007864,VALID,Warning,WARN: High flow rate detected (Flood risk)
2026-07-09 03:00:00+00:00,7843.7536,VALID,5.0078640000000005,VALID,Warning,WARN: High flow rate detected (Flood risk)
2026-07-09 04:00:00+00:00,7872.0704,VALID,5.017008000000001,VALID,Warning,WARN: High flow rate detected (Flood risk)
2026-07-09 05:00:00+00:00,7843.7536,VALID,5.0078640000000005,VALID,Warning,WARN: High flow rate detected (Flood risk)
2026-07-09 06:00:00+00:00,7843.7536,VALID,5.010912,VALID,Warning,WARN: High flow rate detected (Flood risk)
2026-07-09 07:00:00+00:00,7843.7536,VALID,5.009388,VALID,Warning,WARN: High flow rate detected (Flood risk)
2026-07-09 08:00:00+00:00,7843.7536,VALID,5.0078640000000005,VALID,Warning,WARN: High flow rate detected (Flood risk)
2026-07-09 09:00:00+00:00,7843.7536,VALID,5.0078640000000005,VALID,Warning,WARN: High flow rate detected (Flood risk)
2026-07-09 10:00:00+00:00,7843.7536,VALID,5.006340000000001,VALID,Warning,WARN: High flow rate detected (Flood risk)
2026-07-09 11:00:00+00:00,7843.7536,VALID,5.003292,VALID,Warning,WARN: High flow rate detected (Flood risk)
2026-07-09 12:00:00+00:00,7843.7536,VALID,5.010912,VALID,Warning,WARN: High flow rate detected (Flood risk)
2026-07-09 13:00:00+00:00,7843.7536,VALID,5.000244,VALID,Warning,WARN: High flow rate detected (Flood risk)
2026-07-09 14:00:00+00:00,7843.7536,VALID,5.001768,VALID,Warning,WARN: High flow rate detected (Flood risk)
2026-07-09 15:00:00+00:00,7843.7536,VALID,5.001768,VALID,Warning,WARN: High flow rate detected (Flood risk)
2026-07-09 16:00:00+00:00,7872.0704,VALID,5.017008000000001,VALID,Warning,WARN: High flow rate detected (Flood risk)
2026-07-09 17:00:00+00:00,7857.912,VALID,5.007864,VALID,Warning,WARN: High flow rate detected (Flood risk)
2026-07-09 18:00:00+00:00,7872.0704,VALID,5.018532,VALID,Warning,WARN: High flow rate detected (Flood risk)
2026-07-09 19:00:00+00:00,7872.0704,VALID,5.023104,VALID,Warning,WARN: High flow rate detected (Flood risk)
2026-07-09 20:00:00+00:00,7886.2288,VALID,5.039868,VALID,Warning,WARN: High flow rate detected (Flood risk)
2026-07-09 21:00:00+00:00,7914.5455999999995,VALID,5.055108000000001,VALID,Warning,WARN: High flow rate detected (Flood risk)
2026-07-09 22:00:00+00:00,7900.3872,VALID,5.050536,VALID,Warning,WARN: High flow rate detected (Flood risk)
2026-07-09 23:00:00+00:00,7900.3872,VALID,5.045964,VALID,Warning,WARN: High flow rate detected (Flood risk)
2026-07-10 00:00:00+00:00,7928.704,VALID,5.07492,VALID,Warning,WARN: High flow rate detected (Flood risk)
2026-07-10 01:00:00+00:00,7942.8624,VALID,5.073396000000001,VALID,Warning,WARN: High flow rate detected (Flood risk)
2026-07-10 02:00:00+00:00,7942.8624,VALID,5.085588,VALID,Warning,WARN: High flow rate detected (Flood risk)
2026-07-10 03:00:00+00:00,7957.0208,VALID,5.093208000000001,VALID,Warning,WARN: High flow rate detected (Flood risk)
2026-07-10 04:00:00+00:00,7957.0208,VALID,5.088636000000001,VALID,Warning,WARN: High flow rate detected (Flood risk)
2026-07-10 05:00:00+00:00,7971.1792000000005,VALID,5.100828,VALID,Warning,WARN: High flow rate detected (Flood risk)
2026-07-10 06:00:00+00:00,7971.1792000000005,VALID,5.106923999999999,VALID,Warning,WARN: High flow rate detected (Flood risk)
2026-07-10 07:00:00+00:00,7999.495999999999,VALID,5.122164,VALID,Warning,WARN: High flow rate detected (Flood risk)
2026-07-10 08:00:00+00:00,7999.495999999999,VALID,5.123688,VALID,Warning,WARN: High flow rate detected (Flood risk)
2026-07-10 09:00:00+00:00,7985.3376,VALID,5.120640000000001,VALID,Warning,WARN: High flow rate detected (Flood risk)
2026-07-10 10:00:00+00:00,8013.654399999999,VALID,5.1328320000000005,VALID,Warning,WARN: High flow rate detected (Flood risk)
2026-07-10 11:00:00+00:00,8027.8128,VALID,5.145024000000001,VALID,Warning,WARN: High flow rate detected (Flood risk)
2026-07-10 12:00:00+00:00,8027.8128,VALID,5.146548000000001,VALID,Warning,WARN: High flow rate detected (Flood risk)
2026-07-10 13:00:00+00:00,7999.495999999999,VALID,5.126736000000001,VALID,Warning,WARN: High flow rate detected (Flood risk)
2026-07-10 14:00:00+00:00,8027.8128,VALID,5.151120000000001,VALID,Warning,WARN: High flow rate detected (Flood risk)
2026-07-10 15:00:00+00:00,8056.1296,VALID,5.167884000000001,VALID,Warning,WARN: High flow rate detected (Flood risk)
2026-07-10 16:00:00+00:00,8041.9712,VALID,5.164836,VALID,Warning,WARN: High flow rate detected (Flood risk)
2026-07-10 17:00:00+00:00,8041.9712,VALID,5.16636,VALID,Warning,WARN: High flow rate detected (Flood risk)
2026-07-10 18:00:00+00:00,8056.1296,VALID,5.167884,VALID,Warning,WARN: High flow rate detected (Flood risk)
2026-07-10 19:00:00+00:00,8084.4464,VALID,5.189220000000001,VALID,Warning,WARN: High flow rate detected (Flood risk)
2026-07-10 20:00:00+00:00,8070.288,VALID,5.183124000000001,VALID,Warning,WARN: High flow rate detected (Flood risk)
2026-07-10 21:00:00+00:00,8084.4464,VALID,5.1907440000000005,VALID,Warning,WARN: High flow rate detected (Flood risk)
2026-07-10 22:00:00+00:00,8084.4464,VALID,5.201412,VALID,Warning,WARN: High flow rate detected (Flood risk)
2026-07-10 23:00:00+00:00,8112.763199999999,VALID,5.215128,VALID,Warning,WARN: High flow rate detected (Flood risk)
2026-07-11 00:00:00+00:00,8126.9216,VALID,5.216652,VALID,Warning,WARN: High flow rate detected (Flood risk)
2026-07-11 01:00:00+00:00,8112.763199999999,VALID,5.215128,VALID,Warning,WARN: High flow rate detected (Flood risk)
2026-07-11 02:00:00+00:00,8155.2384,VALID,5.253228,VALID,Warning,WARN: High flow rate detected (Flood risk)
2026-07-11 03:00:00+00:00,8211.872,VALID,5.292852,VALID,Warning,WARN: High flow rate detected (Flood risk)
2026-07-11 04:00:00+00:00,8211.872,VALID,5.297424,VALID,Warning,WARN: High flow rate detected (Flood risk)
2026-07-11 05:00:00+00:00,8240.1888,VALID,5.314188,VALID,Warning,WARN: High flow rate detected (Flood risk)
2026-07-11 06:00:00+00:00,8254.3472,VALID,5.323332000000001,VALID,Warning,WARN: High flow rate detected (Flood risk)
2026-07-11 07:00:00+00:00,8268.5056,VALID,5.330952,VALID,Warning,WARN: High flow rate detected (Flood risk)
2026-07-11 08:00:00+00:00,8268.5056,VALID,5.337048,VALID,Warning,WARN: High flow rate detected (Flood risk)
2026-07-11 09:00:00+00:00,8296.822400000001,VALID,5.359908000000001,VALID,Warning,WARN: High flow rate detected (Flood risk)
2026-07-11 10:00:00+00:00,8310.9808,VALID,5.3721,VALID,Warning,WARN: High flow rate detected (Flood risk)
2026-07-11 11:00:00+00:00,8325.1392,VALID,5.3721000000000005,VALID,Warning,WARN: High flow rate detected (Flood risk)
2026-07-11 12:00:00+00:00,8325.1392,VALID,5.376672,VALID,Warning,WARN: High flow rate detected (Flood risk)
2026-07-11 13:00:00+00:00,8339.2976,VALID,5.38734,VALID,Warning,WARN: High flow rate detected (Flood risk)
2026-07-11 14:00:00+00:00,8339.2976,VALID,5.396484,VALID,Warning,WARN: High flow rate detected (Flood risk)
2026-07-11 15:00:00+00:00,8367.6144,VALID,5.414772000000001,VALID,Warning,WARN: High flow rate detected (Flood risk)
2026-07-11 16:00:00+00:00,8395.931199999999,VALID,5.434584,VALID,Warning,WARN: High flow rate detected (Flood risk)
2026-07-11 17:00:00+00:00,8410.0896,VALID,5.446776000000001,VALID,Warning,WARN: High flow rate detected (Flood risk)
2026-07-11 18:00:00+00:00,8410.0896,VALID,5.445252,VALID,Warning,WARN: High flow rate detected (Flood risk)
2026-07-11 19:00:00+00:00,8424.248,VALID,5.460492,VALID,Warning,WARN: High flow rate detected (Flood risk)
2026-07-11 20:00:00+00:00,8424.248,VALID,5.4498240000000004,VALID,Warning,WARN: High flow rate detected (Flood risk)
2026-07-11 21:00:00+00:00,8410.0896,VALID,5.445252,VALID,Warning,WARN: High flow rate detected (Flood risk)
2026-07-11 22:00:00+00:00,8395.931199999999,VALID,5.439156,VALID,Warning,WARN: High flow rate detected (Flood risk)
2026-07-11 23:00:00+00:00,8410.0896,VALID,5.442204,VALID,Warning,WARN: High flow rate detected (Flood risk)
2026-07-12 00:00:00+00:00,8395.931199999999,VALID,5.436108,VALID,Warning,WARN: High flow rate detected (Flood risk)
2026-07-12 01:00:00+00:00,8381.7728,VALID,5.426964,VALID,Warning,WARN: High flow rate detected (Flood risk)
2026-07-12 02:00:00+00:00,8367.6144,VALID,5.416296000000001,VALID,Warning,WARN: High flow rate detected (Flood risk)
2026-07-12 03:00:00+00:00,8367.6144,VALID,5.411724,VALID,Warning,WARN: High flow rate detected (Flood risk)
2026-07-12 04:00:00+00:00,8353.456,VALID,5.405628,VALID,Warning,WARN: High flow rate detected (Flood risk)
2026-07-12 05:00:00+00:00,8339.2976,VALID,5.393436,VALID,Warning,WARN: High flow rate detected (Flood risk)
2026-07-12 06:00:00+00:00,8339.2976,VALID,5.391912,VALID,Warning,WARN: High flow rate detected (Flood risk)
2026-07-12 07:00:00+00:00,8325.1392,VALID,5.38734,VALID,Warning,WARN: High flow rate detected (Flood risk)
2026-07-12 08:00:00+00:00,8325.1392,VALID,5.38734,VALID,Warning,WARN: High flow rate detected (Flood risk)
2026-07-12 09:00:00+00:00,8325.1392,VALID,5.37972,VALID,Warning,WARN: High flow rate detected (Flood risk)
2026-07-12 10:00:00+00:00,8325.1392,VALID,5.379720000000001,VALID,Warning,WARN: High flow rate detected (Flood risk)
2026-07-12 11:00:00+00:00,8325.1392,VALID,5.384292,VALID,Warning,WARN: High flow rate detected (Flood risk)
2026-07-12 12:00:00+00:00,8325.1392,VALID,5.376672,VALID,Warning,WARN: High flow rate detected (Flood risk)
2026-07-12 13:00:00+00:00,8325.1392,VALID,5.381244000000001,VALID,Warning,WARN: High flow rate detected (Flood risk)
2026-07-12 14:00:00+00:00,8325.1392,VALID,5.379720000000001,VALID,Warning,WARN: High flow rate detected (Flood risk)
2026-07-12 15:00:00+00:00,8339.2976,VALID,5.388864000000001,VALID,Warning,WARN: High flow rate detected (Flood risk)
2026-07-12 16:00:00+00:00,8325.1392,VALID,5.382768,VALID,Warning,WARN: High flow rate detected (Flood risk)
2026-07-12 17:00:00+00:00,8325.1392,VALID,5.381244000000001,VALID,Warning,WARN: High flow rate detected (Flood risk)
2026-07-12 18:00:00+00:00,8325.1392,VALID,5.375148,VALID,Warning,WARN: High flow rate detected (Flood risk)
2026-07-12 19:00:00+00:00,8310.9808,VALID,5.369052,VALID,Warning,WARN: High flow rate detected (Flood risk)
2026-07-12 20:00:00+00:00,8296.822400000001,VALID,5.358384000000001,VALID,Warning,WARN: High flow rate detected (Flood risk)
2026-07-12 21:00:00+00:00,8296.8224,VALID,5.361432000000001,VALID,Warning,WARN: High flow rate detected (Flood risk)
2026-07-12 22:00:00+00:00,8296.8224,VALID,5.359908000000001,VALID,Warning,WARN: High flow rate detected (Flood risk)
2026-07-12 23:00:00+00:00,8296.8224,VALID,5.358384,VALID,Warning,WARN: High flow rate detected (Flood risk)
2026-07-13 00:00:00+00:00,8296.8224,VALID,5.361432000000001,VALID,Warning,WARN: High flow rate detected (Flood risk)
2026-07-13 01:00:00+00:00,8310.9808,VALID,5.370576,VALID,Warning,WARN: High flow rate detected (Flood risk)
2026-07-13 02:00:00+00:00,8310.9808,VALID,5.366004,VALID,Warning,WARN: High flow rate detected (Flood risk)
2026-07-13 03:00:00+00:00,8296.8224,VALID,5.366004,VALID,Warning,WARN: High flow rate detected (Flood risk)
2026-07-13 04:00:00+00:00,8296.8224,VALID,5.36448,VALID,Warning,WARN: High flow rate detected (Flood risk)
2026-07-13 05:00:00+00:00,8310.9808,VALID,5.36448,VALID,Warning,WARN: High flow rate detected (Flood risk)
2026-07-13 06:00:00+00:00,8310.9808,VALID,5.373624,VALID,Warning,WARN: High flow rate detected (Flood risk)
2026-07-13 07:00:00+00:00,8310.9808,VALID,5.359908000000001,VALID,Warning,WARN: High flow rate detected (Flood risk)
2026-07-13 08:00:00+00:00,8296.8224,VALID,5.36448,VALID,Warning,WARN: High flow rate detected (Flood risk)
2026-07-13 09:00:00+00:00,8310.9808,VALID,5.366004,VALID,Warning,WARN: High flow rate detected (Flood risk)
2026-07-13 10:00:00+00:00,8325.1392,VALID,5.3721000000000005,VALID,Warning,WARN: High flow rate detected (Flood risk)
2026-07-13 11:00:00+00:00,8296.8224,VALID,5.359908000000001,VALID,Warning,WARN: High flow rate detected (Flood risk)
2026-07-13 12:00:00+00:00,8310.9808,VALID,5.369052,VALID,Warning,WARN: High flow rate detected (Flood risk)
2026-07-13 13:00:00+00:00,8310.9808,VALID,5.36448,VALID,Warning,WARN: High flow rate detected (Flood risk)
2026-07-13 14:00:00+00:00,8339.2976,VALID,5.381244000000001,VALID,Warning,WARN: High flow rate detected (Flood risk)
2026-07-13 15:00:00+00:00,8296.8224,VALID,5.3629560000000005,VALID,Warning,WARN: High flow rate detected (Flood risk)
2026-07-13 16:00:00+00:00,8296.8224,VALID,5.352288000000001,VALID,Warning,WARN: High flow rate detected (Flood risk)
2026-07-13 17:00:00+00:00,8282.664,VALID,5.347716,VALID,Warning,WARN: High flow rate detected (Flood risk)
2026-07-13 18:00:00+00:00,8226.0304,VALID,5.306568,VALID,Warning,WARN: High flow rate detected (Flood risk)
2026-07-13 19:00:00+00:00,8183.5552,VALID,5.269992,VALID,Warning,WARN: High flow rate detected (Flood risk)
2026-07-13 20:00:00+00:00,8169.3968,VALID,5.25018,VALID,Warning,WARN: High flow rate detected (Flood risk)
2026-07-13 21:00:00+00:00,8141.08,VALID,5.227320000000001,VALID,Warning,WARN: High flow rate detected (Flood risk)
2026-07-13 22:00:00+00:00,8098.6048,VALID,5.205984000000001,VALID,Warning,WARN: High flow rate detected (Flood risk)
2026-07-13 23:00:00+00:00,8084.4464,VALID,5.195316,VALID,Warning,WARN: High flow rate detected (Flood risk)
2026-07-14 00:00:00+00:00,8070.288,VALID,5.17398,VALID,Warning,WARN: High flow rate detected (Flood risk)
2026-07-14 01:00:00+00:00,8070.288,VALID,5.1724559999999995,VALID,Warning,WARN: High flow rate detected (Flood risk)
2026-07-14 02:00:00+00:00,8041.9712,VALID,5.151120000000001,VALID,Warning,WARN: High flow rate detected (Flood risk)
2026-07-14 03:00:00+00:00,8027.8128,VALID,5.148072,VALID,Warning,WARN: High flow rate detected (Flood risk)
2026-07-14 04:00:00+00:00,8013.654399999999,VALID,5.138928,VALID,Warning,WARN: High flow rate detected (Flood risk)
2026-07-14 05:00:00+00:00,7985.3376,VALID,5.123688,VALID,Warning,WARN: High flow rate detected (Flood risk)
2026-07-14 06:00:00+00:00,7985.3376,VALID,5.117592,VALID,Warning,WARN: High flow rate detected (Flood risk)
2026-07-14 07:00:00+00:00,7985.3376,VALID,5.111496000000001,VALID,Warning,WARN: High flow rate detected (Flood risk)
2026-07-14 08:00:00+00:00,7985.3376,VALID,5.103876,VALID,Warning,WARN: High flow rate detected (Flood risk)
2026-07-14 09:00:00+00:00,7957.0208,VALID,5.091684000000001,VALID,Warning,WARN: High flow rate detected (Flood risk)
2026-07-14 10:00:00+00:00,7928.704,VALID,5.077968,VALID,Warning,WARN: High flow rate detected (Flood risk)
2026-07-14 11:00:00+00:00,7928.704,VALID,5.0749200000000005,VALID,Warning,WARN: High flow rate detected (Flood risk)
2026-07-14 12:00:00+00:00,7900.3872,VALID,5.0566320000000005,VALID,Warning,WARN: High flow rate detected (Flood risk)
2026-07-14 13:00:00+00:00,7900.3872,VALID,5.049012,VALID,Warning,WARN: High flow rate detected (Flood risk)
2026-07-14 14:00:00+00:00,7914.5455999999995,VALID,5.0566320000000005,VALID,Warning,WARN: High flow rate detected (Flood risk)
2026-07-14 15:00:00+00:00,7914.5455999999995,VALID,5.055108,VALID,Warning,WARN: High flow rate detected (Flood risk)
2026-07-14 16:00:00+00:00,7900.3872,VALID,5.039868,VALID,Warning,WARN: High flow rate detected (Flood risk)
2026-07-14 17:00:00+00:00,7872.0704,VALID,5.02158,VALID,Warning,WARN: High flow rate detected (Flood risk)
2026-07-14 18:00:00+00:00,7829.5952,VALID,4.985004,VALID,Warning,WARN: High flow rate detected (Flood risk)
2026-07-14 19:00:00+00:00,7801.278399999999,VALID,4.9606200000000005,VALID,Warning,WARN: High flow rate detected (Flood risk)
2026-07-14 20:00:00+00:00,7772.9616000000005,VALID,4.9331879999999995,VALID,Warning,WARN: High flow rate detected (Flood risk)
2026-07-14 21:00:00+00:00,7744.6448,VALID,4.919472000000001,VALID,Warning,WARN: High flow rate detected (Flood risk)
2026-07-14 22:00:00+00:00,7716.3279999999995,VALID,4.893564,VALID,Warning,WARN: High flow rate detected (Flood risk)
2026-07-14 23:00:00+00:00,7688.0112,VALID,4.8737520000000005,VALID,Warning,WARN: High flow rate detected (Flood risk)
2026-07-15 00:00:00+00:00,7673.8528,VALID,4.860036000000001,VALID,Warning,WARN: High flow rate detected (Flood risk)
2026-07-15 01:00:00+00:00,7645.536,VALID,4.840224,VALID,Warning,WARN: High flow rate detected (Flood risk)
2026-07-15 02:00:00+00:00,7645.536,VALID,4.8387,VALID,Warning,WARN: High flow rate detected (Flood risk)
2026-07-15 03:00:00+00:00,7617.2192,VALID,4.818888,VALID,Warning,WARN: High flow rate detected (Flood risk)
2026-07-15 04:00:00+00:00,7617.2192,VALID,4.80822,VALID,Warning,WARN: High flow rate detected (Flood risk)
2026-07-15 05:00:00+00:00,7603.060799999999,VALID,4.796028,VALID,Warning,WARN: High flow rate detected (Flood risk)
2026-07-15 06:00:00+00:00,7560.5856,VALID,4.77774,VALID,Warning,WARN: High flow rate detected (Flood risk)
2026-07-15 07:00:00+00:00,7560.5856,VALID,4.767072000000001,VALID,Warning,WARN: High flow rate detected (Flood risk)
2026-07-15 08:00:00+00:00,7532.2688,VALID,4.7396400000000005,VALID,Warning,WARN: High flow rate detected (Flood risk)
2026-07-15 09:00:00+00:00,7518.1104,VALID,4.73202,VALID,Warning,WARN: High flow rate detected (Flood risk)
2026-07-15 10:00:00+00:00,7503.952,VALID,4.725924000000001,VALID,Warning,WARN: High flow rate detected (Flood risk)
2026-07-15 11:00:00+00:00,7489.7936,VALID,4.715256,VALID,Warning,WARN: High flow rate detected (Flood risk)
2026-07-15 12:00:00+00:00,7461.4768,VALID,4.6923960000000005,VALID,Warning,WARN: High flow rate detected (Flood risk)
2026-07-15 13:00:00+00:00,7461.4768,VALID,4.690872000000001,VALID,Warning,WARN: High flow rate detected (Flood risk)
2026-07-15 14:00:00+00:00,7433.16,VALID,4.6649639999999994,VALID,Warning,WARN: High flow rate detected (Flood risk)
2026-07-15 15:00:00+00:00,7390.6848,VALID,4.626864,VALID,Warning,WARN: High flow rate detected (Flood risk)
2026-07-15 16:00:00+00:00,7348.2096,VALID,4.604004000000001,VALID,Warning,WARN: High flow rate detected (Flood risk)
2026-07-15 17:00:00+00:00,7348.2096,VALID,4.588764,VALID,Warning,WARN: High flow rate detected (Flood risk)
2026-07-15 18:00:00+00:00,7291.576,VALID,4.552188,VALID,Warning,WARN: High flow rate detected (Flood risk)
2026-07-15 19:00:00+00:00,7206.625599999999,VALID,4.4805600000000005,VALID,Warning,WARN: High flow rate detected (Flood risk)
2026-07-15 20:00:00+00:00,7220.784,VALID,4.483608,VALID,Warning,WARN: High flow rate detected (Flood risk)
2026-07-16 13:00:00+00:00,7079.2,VALID,4.379976,VALID,Warning,WARN: High flow rate detected (Flood risk)
2026-07-16 14:00:00+00:00,7107.5168,VALID,4.38912,VALID,Warning,WARN: High flow rate detected (Flood risk)
2026-07-16 15:00:00+00:00,7107.5168,VALID,4.393692,VALID,Warning,WARN: High flow rate detected (Flood risk)
2026-07-16 16:00:00+00:00,7107.5168,VALID,4.390644,VALID,Warning,WARN: High flow rate detected (Flood risk)
2026-07-16 17:00:00+00:00,7107.5168,VALID,4.399788,VALID,Warning,WARN: High flow rate detected (Flood risk)
2026-07-16 18:00:00+00:00,7121.6752,VALID,4.401312000000001,VALID,Warning,WARN: High flow rate detected (Flood risk)
2026-07-16 19:00:00+00:00,7164.1503999999995,VALID,4.436364,VALID,Warning,WARN: High flow rate detected (Flood risk)
2026-07-16 20:00:00+00:00,7135.8336,VALID,4.421124000000001,VALID,Warning,WARN: High flow rate detected (Flood risk)
2026-07-16 21:00:00+00:00,7107.5168,VALID,4.401312,VALID,Warning,WARN: High flow rate detected (Flood risk)
2026-07-16 22:00:00+00:00,7107.5168,VALID,4.387596,VALID,Warning,WARN: High flow rate detected (Flood risk)
2026-07-16 23:00:00+00:00,7050.8832,VALID,4.3434,VALID,Warning,WARN: High flow rate detected (Flood risk)
2026-07-17 00:00:00+00:00,7050.8832,VALID,4.3464480000000005,VALID,Warning,WARN: High flow rate detected (Flood risk)
2026-07-17 01:00:00+00:00,7050.8832,VALID,4.3434,VALID,Warning,WARN: High flow rate detected (Flood risk)
2026-07-17 02:00:00+00:00,7022.5664,VALID,4.329684,VALID,Warning,WARN: High flow rate detected (Flood risk)
2026-07-17 03:00:00+00:00,7022.5664,VALID,4.3281600000000005,VALID,Warning,WARN: High flow rate detected (Flood risk)
2026-07-17 04:00:00+00:00,7022.5664,VALID,4.326636,VALID,Warning,WARN: High flow rate detected (Flood risk)
2026-07-17 05:00:00+00:00,7022.5664,VALID,4.32054,VALID,Warning,WARN: High flow rate detected (Flood risk)
2026-07-17 06:00:00+00:00,7008.407999999999,VALID,4.314444,VALID,Warning,WARN: High flow rate detected (Flood risk)
2026-07-17 07:00:00+00:00,6994.2496,VALID,4.306824000000001,VALID,Warning,WARN: High flow rate detected (Flood risk)
2026-07-17 08:00:00+00:00,6994.2496,VALID,4.293108,VALID,Warning,WARN: High flow rate detected (Flood risk)
2026-07-17 09:00:00+00:00,6980.0912,VALID,4.287012,VALID,Warning,WARN: High flow rate detected (Flood risk)
2026-07-17 10:00:00+00:00,6994.2496,VALID,4.296156,VALID,Warning,WARN: High flow rate detected (Flood risk)
2026-07-17 11:00:00+00:00,6965.9328,VALID,4.276344,VALID,Warning,WARN: High flow rate detected (Flood risk)
2026-07-17 12:00:00+00:00,6980.0912,VALID,4.28244,VALID,Warning,WARN: High flow rate detected (Flood risk)
2026-07-17 13:00:00+00:00,6965.9328,VALID,4.28244,VALID,Warning,WARN: High flow rate detected (Flood risk)
2026-07-17 14:00:00+00:00,6965.9328,VALID,4.2809159999999995,VALID,Warning,WARN: High flow rate detected (Flood risk)
2026-07-17 15:00:00+00:00,6965.9328,VALID,4.279392,VALID,Warning,WARN: High flow rate detected (Flood risk)
2026-07-17 16:00:00+00:00,6994.2496,VALID,4.29006,VALID,Warning,WARN: High flow rate detected (Flood risk)
2026-07-17 17:00:00+00:00,6965.9328,VALID,4.27482,VALID,Warning,WARN: High flow rate detected (Flood risk)
2026-07-17 18:00:00+00:00,6965.9328,VALID,4.285488,VALID,Warning,WARN: High flow rate detected (Flood risk)
2026-07-17 19:00:00+00:00,6965.9328,VALID,4.273296,VALID,Warning,WARN: High flow rate detected (Flood risk)
2026-07-17 20:00:00+00:00,6965.9328,VALID,4.277868,VALID,Warning,WARN: High flow rate detected (Flood risk)
2026-07-17 21:00:00+00:00,6965.9328,VALID,4.2809159999999995,VALID,Warning,WARN: High flow rate detected (Flood risk)
2026-07-17 22:00:00+00:00,6980.0912,VALID,4.287012000000001,VALID,Warning,WARN: High flow rate detected (Flood risk)
2026-07-17 23:00:00+00:00,6965.9328,VALID,4.279392,VALID,Warning,WARN: High flow rate detected (Flood risk)
2026-07-18 00:00:00+00:00,6980.0912,VALID,4.287012000000001,VALID,Warning,WARN: High flow rate detected (Flood risk)
2026-07-18 01:00:00+00:00,6994.2496,VALID,4.293108,VALID,Warning,WARN: High flow rate detected (Flood risk)
2026-07-18 02:00:00+00:00,6994.2496,VALID,4.291584,VALID,Warning,WARN: High flow rate detected (Flood risk)
2026-07-18 03:00:00+00:00,6994.2496,VALID,4.2992040000000005,VALID,Warning,WARN: High flow rate detected (Flood risk)
2026-07-18 04:00:00+00:00,6994.2496,VALID,4.293108,VALID,Warning,WARN: High flow rate detected (Flood risk)
2026-07-18 05:00:00+00:00,6980.0912,VALID,4.29006,VALID,Warning,WARN: High flow rate detected (Flood risk)
2026-07-18 06:00:00+00:00,6980.0912,VALID,4.285488000000001,VALID,Warning,WARN: High flow rate detected (Flood risk)
2026-07-18 07:00:00+00:00,6980.0912,VALID,4.287012,VALID,Warning,WARN: High flow rate detected (Flood risk)
2026-07-18 08:00:00+00:00,6965.9328,VALID,4.27482,VALID,Warning,WARN: High flow rate detected (Flood risk)
2026-07-18 09:00:00+00:00,6980.0912,VALID,4.285488,VALID,Warning,WARN: High flow rate detected (Flood risk)
2026-07-18 10:00:00+00:00,6980.0912,VALID,4.287012000000001,VALID,Warning,WARN: High flow rate detected (Flood risk)
2026-07-18 11:00:00+00:00,6965.9328,VALID,4.279392,VALID,Warning,WARN: High flow rate detected (Flood risk)
2026-07-18 12:00:00+00:00,6965.9328,VALID,4.273296,VALID,Warning,WARN: High flow rate detected (Flood risk)
2026-07-18 13:00:00+00:00,6965.9328,VALID,4.277868,VALID,Warning,WARN: High flow rate detected (Flood risk)
2026-07-18 14:00:00+00:00,6965.9328,VALID,4.2702480000000005,VALID,Warning,WARN: High flow rate detected (Flood risk)
2026-07-18 15:00:00+00:00,6965.9328,VALID,4.276344,VALID,Warning,WARN: High flow rate detected (Flood risk)
2026-07-18 16:00:00+00:00,6965.9328,VALID,4.264152,VALID,Warning,WARN: High flow rate detected (Flood risk)
2026-07-18 17:00:00+00:00,6980.0912,VALID,4.279392,VALID,Warning,WARN: High flow rate detected (Flood risk)
2026-07-18 18:00:00+00:00,6965.9328,VALID,4.2702480000000005,VALID,Warning,WARN: High flow rate detected (Flood risk)
2026-07-18 19:00:00+00:00,6951.7744,VALID,4.25958,VALID,Warning,WARN: High flow rate detected (Flood risk)
2026-07-18 20:00:00+00:00,6965.9328,VALID,4.2702480000000005,VALID,Warning,WARN: High flow rate detected (Flood risk)
2026-07-18 21:00:00+00:00,6937.616,VALID,4.255008,VALID,Warning,WARN: High flow rate detected (Flood risk)
2026-07-18 22:00:00+00:00,6937.616,VALID,4.25196,VALID,Warning,WARN: High flow rate detected (Flood risk)
2026-07-18 23:00:00+00:00,6951.7744,VALID,4.256532,VALID,Warning,WARN: High flow rate detected (Flood risk)
2026-07-19 00:00:00+00:00,6923.4576,VALID,4.239768,VALID,Warning,WARN: High flow rate detected (Flood risk)
2026-07-19 01:00:00+00:00,6923.4576,VALID,4.241292,VALID,Warning,WARN: High flow rate detected (Flood risk)
2026-07-19 02:00:00+00:00,6923.4576,VALID,4.23672,VALID,Warning,WARN: High flow rate detected (Flood risk)
2026-07-19 03:00:00+00:00,6923.4576,VALID,4.235196,VALID,Warning,WARN: High flow rate detected (Flood risk)
2026-07-19 04:00:00+00:00,6923.4576,VALID,4.238244,VALID,Warning,WARN: High flow rate detected (Flood risk)
2026-07-19 05:00:00+00:00,6895.140799999999,VALID,4.215384,VALID,Warning,WARN: High flow rate detected (Flood risk)
2026-07-19 06:00:00+00:00,6909.2991999999995,VALID,4.22148,VALID,Warning,WARN: High flow rate detected (Flood risk)
2026-07-19 07:00:00+00:00,6895.140799999999,VALID,4.207764,VALID,Warning,WARN: High flow rate detected (Flood risk)
2026-07-19 08:00:00+00:00,6866.8240000000005,VALID,4.189476,VALID,Warning,WARN: High flow rate detected (Flood risk)
2026-07-19 09:00:00+00:00,6866.8240000000005,VALID,4.191000000000001,VALID,Warning,WARN: High flow rate detected (Flood risk)
2026-07-19 10:00:00+00:00,6852.6656,VALID,4.180332,VALID,Warning,WARN: High flow rate detected (Flood risk)
2026-07-19 11:00:00+00:00,6866.8240000000005,VALID,4.189476000000001,VALID,Warning,WARN: High flow rate detected (Flood risk)
2026-07-19 12:00:00+00:00,6852.6656,VALID,4.177284,VALID,Warning,WARN: High flow rate detected (Flood risk)
2026-07-19 13:00:00+00:00,6838.5072,VALID,4.169664000000001,VALID,Warning,WARN: High flow rate detected (Flood risk)
2026-07-19 14:00:00+00:00,6838.5072,VALID,4.166615999999999,VALID,Warning,WARN: High flow rate detected (Flood risk)
2026-07-19 15:00:00+00:00,6824.3488,VALID,4.16052,VALID,Warning,WARN: High flow rate detected (Flood risk)
2026-07-19 16:00:00+00:00,6810.1903999999995,VALID,4.142232,VALID,Warning,WARN: High flow rate detected (Flood risk)
2026-07-19 17:00:00+00:00,6810.1903999999995,VALID,4.133088000000001,VALID,Warning,WARN: High flow rate detected (Flood risk)
2026-07-19 18:00:00+00:00,6767.7152,VALID,4.10718,VALID,Warning,WARN: High flow rate detected (Flood risk)
2026-07-19 19:00:00+00:00,6725.24,VALID,4.076700000000001,VALID,Warning,WARN: High flow rate detected (Flood risk)
2026-07-19 20:00:00+00:00,6682.7648,VALID,4.035552000000001,VALID,Warning,WARN: High flow rate detected (Flood risk)
2026-07-19 21:00:00+00:00,6668.606400000001,VALID,4.011168,VALID,Warning,WARN: High flow rate detected (Flood risk)
2026-07-19 22:00:00+00:00,6640.2896,VALID,3.9928800000000004,VALID,Warning,WARN: High flow rate detected (Flood risk)
2026-07-19 23:00:00+00:00,6611.9728,VALID,3.97764,VALID,Warning,WARN: High flow rate detected (Flood risk)
2026-07-20 00:00:00+00:00,6597.8144,VALID,3.9517320000000002,VALID,Warning,WARN: High flow rate detected (Flood risk)
2026-07-20 01:00:00+00:00,6555.3392,VALID,3.9182040000000002,VALID,Warning,WARN: High flow rate detected (Flood risk)
2026-07-20 02:00:00+00:00,6512.864,VALID,3.880104,VALID,Warning,WARN: High flow rate detected (Flood risk)
2026-07-20 03:00:00+00:00,6484.5472,VALID,3.8511480000000002,VALID,Warning,WARN: High flow rate detected (Flood risk)
2026-07-20 04:00:00+00:00,6456.2303999999995,VALID,3.8298120000000004,VALID,Warning,WARN: High flow rate detected (Flood risk)
2026-07-20 05:00:00+00:00,6427.9136,VALID,3.8069520000000003,VALID,Warning,WARN: High flow rate detected (Flood risk)
2026-07-20 06:00:00+00:00,6413.7552,VALID,3.7901880000000006,VALID,Warning,WARN: High flow rate detected (Flood risk)
2026-07-20 07:00:00+00:00,6399.5968,VALID,3.776472,VALID,Warning,WARN: High flow rate detected (Flood risk)
2026-07-20 08:00:00+00:00,6385.4384,VALID,3.7627560000000004,VALID,Warning,WARN: High flow rate detected (Flood risk)
2026-07-20 09:00:00+00:00,6371.28,VALID,3.744468,VALID,Warning,WARN: High flow rate detected (Flood risk)
2026-07-20 10:00:00+00:00,6342.9632,VALID,3.736848,VALID,Warning,WARN: High flow rate detected (Flood risk)
2026-07-20 11:00:00+00:00,6342.9632,VALID,3.7261800000000003,VALID,Warning,WARN: High flow rate detected (Flood risk)
2026-07-20 12:00:00+00:00,6328.8048,VALID,3.7170360000000002,VALID,Warning,WARN: High flow rate detected (Flood risk)
2026-07-20 13:00:00+00:00,6300.487999999999,VALID,3.6972240000000003,VALID,Warning,WARN: High flow rate detected (Flood risk)
2026-07-20 14:00:00+00:00,6314.6464,VALID,3.698748,VALID,Warning,WARN: High flow rate detected (Flood risk)
2026-07-20 15:00:00+00:00,6314.6464,VALID,3.700272,VALID,Warning,WARN: High flow rate detected (Flood risk)
2026-07-20 16:00:00+00:00,6286.3296,VALID,3.6850320000000005,VALID,Warning,WARN: High flow rate detected (Flood risk)
2026-07-20 17:00:00+00:00,6286.3296,VALID,3.6819840000000004,VALID,Warning,WARN: High flow rate detected (Flood risk)
2026-07-20 18:00:00+00:00,6272.1712,VALID,3.6636960000000003,VALID,Warning,WARN: High flow rate detected (Flood risk)
2026-07-20 19:00:00+00:00,6243.8544,VALID,3.631692,VALID,Warning,WARN: High flow rate detected (Flood risk)
2026-07-20 20:00:00+00:00,6187.2208,VALID,3.5920680000000003,VALID,Warning,WARN: High flow rate detected (Flood risk)
2026-07-20 21:00:00+00:00,6144.7456,VALID,3.557016,VALID,Warning,WARN: High flow rate detected (Flood risk)
2026-07-20 22:00:00+00:00,6116.4288,VALID,3.517392,VALID,Warning,WARN: High flow rate detected (Flood risk)
2026-07-20 23:00:00+00:00,6045.6368,VALID,3.450336,VALID,Warning,WARN: High flow rate detected (Flood risk)
2026-07-21 00:00:00+00:00,5960.6864000000005,VALID,3.377184,VALID,Warning,WARN: High flow rate detected (Flood risk)
2026-07-21 01:00:00+00:00,5889.894399999999,VALID,3.311652,VALID,Warning,WARN: High flow rate detected (Flood risk)
2026-07-21 02:00:00+00:00,5833.2608,VALID,3.258312,VALID,Warning,WARN: High flow rate detected (Flood risk)
2026-07-21 03:00:00+00:00,5762.468800000001,VALID,3.2004,VALID,Warning,WARN: High flow rate detected (Flood risk)
2026-07-21 04:00:00+00:00,5719.9936,VALID,3.153156,VALID,Warning,WARN: High flow rate detected (Flood risk)
2026-07-21 05:00:00+00:00,5677.5184,VALID,3.10896,VALID,Warning,WARN: High flow rate detected (Flood risk)
2026-07-21 06:00:00+00:00,5635.0432,VALID,3.0632400000000004,VALID,Warning,WARN: High flow rate detected (Flood risk)
2026-07-21 07:00:00+00:00,5606.7264,VALID,3.0449520000000003,VALID,Warning,WARN: High flow rate detected (Flood risk)
2026-07-21 08:00:00+00:00,5564.251200000001,VALID,3.014472,VALID,Warning,WARN: High flow rate detected (Flood risk)
2026-07-21 09:00:00+00:00,5550.0928,VALID,2.9855160000000005,VALID,Warning,WARN: High flow rate detected (Flood risk)
2026-07-21 10:00:00+00:00,5521.776,VALID,2.970276,VALID,Warning,WARN: High flow rate detected (Flood risk)
2026-07-21 11:00:00+00:00,5493.4592,VALID,2.944368,VALID,Warning,WARN: High flow rate detected (Flood risk)
2026-07-21 12:00:00+00:00,5479.3008,VALID,2.921508,VALID,Warning,WARN: High flow rate detected (Flood risk)
2026-07-21 13:00:00+00:00,5465.1424,VALID,2.904744,VALID,Warning,WARN: High flow rate detected (Flood risk)
2026-07-21 14:00:00+00:00,5436.8256,VALID,2.889504,VALID,Warning,WARN: High flow rate detected (Flood risk)
2026-07-21 15:00:00+00:00,5436.8256,VALID,2.8727400000000003,VALID,Warning,WARN: High flow rate detected (Flood risk)
2026-07-21 16:00:00+00:00,5408.5088,VALID,2.855976,VALID,Warning,WARN: High flow rate detected (Flood risk)
2026-07-21 17:00:00+00:00,5408.5088,VALID,2.8422600000000005,VALID,Warning,WARN: High flow rate detected (Flood risk)
2026-07-21 18:00:00+00:00,5366.0336,VALID,2.813304,VALID,Warning,WARN: High flow rate detected (Flood risk)
2026-07-21 19:00:00+00:00,5351.8751999999995,VALID,2.798064,VALID,Warning,WARN: High flow rate detected (Flood risk)
2026-07-21 20:00:00+00:00,5337.7168,VALID,2.779776,VALID,Warning,WARN: High flow rate detected (Flood risk)
2026-07-21 21:00:00+00:00,5323.5584,VALID,2.7630120000000002,VALID,Warning,WARN: High flow rate detected (Flood risk)
2026-07-21 22:00:00+00:00,5295.2416,VALID,2.744724,VALID,Warning,WARN: High flow rate detected (Flood risk)
2026-07-21 23:00:00+00:00,5295.2416,VALID,2.741676,VALID,Warning,WARN: High flow rate detected (Flood risk)
2026-07-22 00:00:00+00:00,5266.9248,VALID,2.723388,VALID,Warning,WARN: High flow rate detected (Flood risk)
2026-07-22 01:00:00+00:00,5266.9248,VALID,2.7127200000000005,VALID,Warning,WARN: High flow rate detected (Flood risk)
2026-07-22 02:00:00+00:00,5238.608,VALID,2.699004,VALID,Warning,WARN: High flow rate detected (Flood risk)
2026-07-22 03:00:00+00:00,5238.608,VALID,2.686812,VALID,Warning,WARN: High flow rate detected (Flood risk)
2026-07-22 04:00:00+00:00,5210.2912,VALID,2.670048,VALID,Warning,WARN: High flow rate detected (Flood risk)
2026-07-22 05:00:00+00:00,5210.2912,VALID,2.6624280000000002,VALID,Warning,WARN: High flow rate detected (Flood risk)
2026-07-22 06:00:00+00:00,5210.2912,VALID,2.657856,VALID,Warning,WARN: High flow rate detected (Flood risk)
2026-07-22 07:00:00+00:00,5181.9744,VALID,2.648712,VALID,Warning,WARN: High flow rate detected (Flood risk)
2026-07-22 08:00:00+00:00,5181.9744,VALID,2.6365200000000004,VALID,Warning,WARN: High flow rate detected (Flood risk)
2026-07-22 09:00:00+00:00,5153.6576,VALID,2.62128,VALID,Warning,WARN: High flow rate detected (Flood risk)
2026-07-22 10:00:00+00:00,5153.6576,VALID,2.618232,VALID,Warning,WARN: High flow rate detected (Flood risk)
2026-07-22 11:00:00+00:00,5153.6576,VALID,2.6121360000000005,VALID,Warning,WARN: High flow rate detected (Flood risk)
2026-07-22 12:00:00+00:00,5153.6576,VALID,2.610612,VALID,Warning,WARN: High flow rate detected (Flood risk)
2026-07-22 13:00:00+00:00,5139.4992,VALID,2.5953720000000002,VALID,Warning,WARN: High flow rate detected (Flood risk)
2026-07-22 14:00:00+00:00,5125.3408,VALID,2.5908,VALID,Warning,WARN: High flow rate detected (Flood risk)
2026-07-22 15:00:00+00:00,5125.3408,VALID,2.577084,VALID,Warning,WARN: High flow rate detected (Flood risk)
2026-07-22 16:00:00+00:00,5111.1824,VALID,2.5725120000000006,VALID,Warning,WARN: High flow rate detected (Flood risk)
2026-07-22 17:00:00+00:00,5097.024,VALID,2.5664160000000003,VALID,Warning,WARN: High flow rate detected (Flood risk)
2026-07-22 18:00:00+00:00,5111.1824,VALID,2.569464,VALID,Warning,WARN: High flow rate detected (Flood risk)
2026-07-22 19:00:00+00:00,5097.024,VALID,2.563368,VALID,Warning,WARN: High flow rate detected (Flood risk)
2026-07-22 20:00:00+00:00,5097.024,VALID,2.5633680000000005,VALID,Warning,WARN: High flow rate detected (Flood risk)
2026-07-22 21:00:00+00:00,5097.024,VALID,2.557272,VALID,Warning,WARN: High flow rate detected (Flood risk)
2026-07-22 23:00:00+00:00,5097.024,VALID,2.548128,VALID,Warning,WARN: High flow rate detected (Flood risk)
2026-07-23 00:00:00+00:00,5082.8656,VALID,2.548128,VALID,Warning,WARN: High flow rate detected (Flood risk)
2026-07-23 01:00:00+00:00,5068.7072,VALID,2.5359360000000004,VALID,Warning,WARN: High flow rate detected (Flood risk)
2026-07-23 02:00:00+00:00,5068.7072,VALID,2.5298400000000005,VALID,Warning,WARN: High flow rate detected (Flood risk)
2026-07-23 03:00:00+00:00,5054.5488000000005,VALID,2.523744,VALID,Warning,WARN: High flow rate detected (Flood risk)
2026-07-23 04:00:00+00:00,5054.5488000000005,VALID,2.5222200000000004,VALID,Warning,WARN: High flow rate detected (Flood risk)
2026-07-23 05:00:00+00:00,5068.7072,VALID,2.52984,VALID,Warning,WARN: High flow rate detected (Flood risk)
2026-07-23 06:00:00+00:00,5068.7072,VALID,2.5298400000000005,VALID,Warning,WARN: High flow rate detected (Flood risk)
2026-07-23 07:00:00+00:00,5040.3904,VALID,2.513076,VALID,Warning,WARN: High flow rate detected (Flood risk)
2026-07-23 08:00:00+00:00,5040.3904,VALID,2.511552,VALID,Warning,WARN: High flow rate detected (Flood risk)
2026-07-23 09:00:00+00:00,5068.7072,VALID,2.5237439999999998,VALID,Warning,WARN: High flow rate detected (Flood risk)
2026-07-23 10:00:00+00:00,5068.7072,VALID,2.5283160000000002,VALID,Warning,WARN: High flow rate detected (Flood risk)
2026-07-23 11:00:00+00:00,5068.7072,VALID,2.5298400000000005,VALID,Warning,WARN: High flow rate detected (Flood risk)
2026-07-23 12:00:00+00:00,5054.5488000000005,VALID,2.519172,VALID,Warning,WARN: High flow rate detected (Flood risk)
2026-07-23 13:00:00+00:00,5040.3904,VALID,2.517648,VALID,Warning,WARN: High flow rate detected (Flood risk)
2026-07-23 14:00:00+00:00,5068.7072,VALID,2.5313640000000004,VALID,Warning,WARN: High flow rate detected (Flood risk)
2026-07-23 15:00:00+00:00,5082.8656,VALID,2.5466040000000003,VALID,Warning,WARN: High flow rate detected (Flood risk)
2026-07-23 16:00:00+00:00,5068.7072,VALID,2.54508,VALID,Warning,WARN: High flow rate detected (Flood risk)
2026-07-23 17:00:00+00:00,5097.024,VALID,2.5603200000000004,VALID,Warning,WARN: High flow rate detected (Flood risk)
2026-07-23 18:00:00+00:00,5111.1824,VALID,2.577084,VALID,Warning,WARN: High flow rate detected (Flood risk)
2026-07-23 19:00:00+00:00,5125.3408,VALID,2.57556,VALID,Warning,WARN: High flow rate detected (Flood risk)
2026-07-23 20:00:00+00:00,5125.3408,VALID,2.5831800000000005,VALID,Warning,WARN: High flow rate detected (Flood risk)
2026-07-23 21:00:00+00:00,5097.024,VALID,2.5633680000000005,VALID,Warning,WARN: High flow rate detected (Flood risk)
2026-07-23 22:00:00+00:00,5097.024,VALID,2.548128,VALID,Warning,WARN: High flow rate detected (Flood risk)
2026-07-23 23:00:00+00:00,5068.7072,VALID,2.5359360000000004,VALID,Warning,WARN: High flow rate detected (Flood risk)
2026-07-24 00:00:00+00:00,5068.7072,VALID,2.5344120000000006,VALID,Warning,WARN: High flow rate detected (Flood risk)
2026-07-24 01:00:00+00:00,5054.5488000000005,VALID,2.5267920000000004,VALID,Warning,WARN: High flow rate detected (Flood risk)
2026-07-24 02:00:00+00:00,5068.7072,VALID,2.526792,VALID,Warning,WARN: High flow rate detected (Flood risk)
2026-07-24 03:00:00+00:00,5040.3904,VALID,2.5085040000000003,VALID,Warning,WARN: High flow rate detected (Flood risk)
2026-07-24 04:00:00+00:00,5040.3904,VALID,2.517648,VALID,Warning,WARN: High flow rate detected (Flood risk)
2026-07-24 05:00:00+00:00,5040.3904,VALID,2.5039320000000003,VALID,Warning,WARN: High flow rate detected (Flood risk)
2026-07-24 06:00:00+00:00,5012.0736,VALID,2.490216,VALID,Warning,WARN: High flow rate detected (Flood risk)
2026-07-24 07:00:00+00:00,5012.0736,VALID,2.481072,VALID,Warning,WARN: High flow rate detected (Flood risk)
2026-07-24 09:00:00+00:00,5012.0736,VALID,2.485644,VALID,Warning,WARN: High flow rate detected (Flood risk)
2026-07-24 10:00:00+00:00,5012.0736,VALID,2.4704040000000003,VALID,Warning,WARN: High flow rate detected (Flood risk)
2026-07-24 11:00:00+00:00,4983.7568,VALID,2.462784,VALID,Warning,WARN: High flow rate detected (Flood risk)
2026-07-24 12:00:00+00:00,4983.7568,VALID,2.462784,VALID,Warning,WARN: High flow rate detected (Flood risk)
2026-07-24 13:00:00+00:00,5012.0736,VALID,2.467356,VALID,Warning,WARN: High flow rate detected (Flood risk)
2026-07-24 14:00:00+00:00,4983.7568,VALID,2.449068,VALID,Warning,WARN: High flow rate detected (Flood risk)
2026-07-24 15:00:00+00:00,4969.5984,VALID,2.427732,VALID,Warning,WARN: High flow rate detected (Flood risk)
2026-07-24 16:00:00+00:00,4941.2816,VALID,2.404872,VALID,Warning,WARN: High flow rate detected (Flood risk)
2026-07-24 17:00:00+00:00,4912.9648,VALID,2.382012,VALID,Warning,WARN: High flow rate detected (Flood risk)
2026-07-24 18:00:00+00:00,4870.4896,VALID,2.348484,VALID,Warning,WARN: High flow rate detected (Flood risk)
2026-07-24 19:00:00+00:00,4842.1728,VALID,2.3149560000000005,VALID,Warning,WARN: High flow rate detected (Flood risk)
2026-07-24 20:00:00+00:00,4771.3808,VALID,2.25552,VALID,Warning,WARN: High flow rate detected (Flood risk)
2026-07-24 21:00:00+00:00,4714.7472,VALID,2.1793199999999997,VALID,Warning,WARN: High flow rate detected (Flood risk)
2026-07-24 22:00:00+00:00,4629.7968,VALID,2.1137880000000004,VALID,Warning,WARN: High flow rate detected (Flood risk)
2026-07-24 23:00:00+00:00,4573.1632,VALID,2.0482560000000003,VALID,Warning,WARN: High flow rate detected (Flood risk)
2026-07-25 00:00:00+00:00,4530.688,VALID,1.99644,VALID,Warning,WARN: High flow rate detected (Flood risk)
2026-07-25 01:00:00+00:00,4459.896000000001,VALID,1.9278600000000001,VALID,Warning,WARN: High flow rate detected (Flood risk)
2026-07-25 02:00:00+00:00,4403.2624,VALID,1.888236,VALID,Warning,WARN: High flow rate detected (Flood risk)
2026-07-25 03:00:00+00:00,4374.9456,VALID,1.85166,VALID,Warning,WARN: High flow rate detected (Flood risk)
2026-07-25 04:00:00+00:00,4346.6288,VALID,1.8089880000000003,VALID,Warning,WARN: High flow rate detected (Flood risk)
2026-07-25 05:00:00+00:00,4304.1536,VALID,1.787652,VALID,Warning,WARN: High flow rate detected (Flood risk)
2026-07-25 06:00:00+00:00,4275.8368,VALID,1.7495520000000002,VALID,Warning,WARN: High flow rate detected (Flood risk)
2026-07-25 07:00:00+00:00,4247.5199999999995,VALID,1.7327880000000002,VALID,Warning,WARN: High flow rate detected (Flood risk)
2026-07-25 08:00:00+00:00,4233.3616,VALID,1.702308,VALID,Warning,WARN: High flow rate detected (Flood risk)
2026-07-25 09:00:00+00:00,4219.2032,VALID,1.6901160000000002,VALID,Warning,WARN: High flow rate detected (Flood risk)
2026-07-25 10:00:00+00:00,4219.2032,VALID,1.6931640000000001,VALID,Warning,WARN: High flow rate detected (Flood risk)
2026-07-25 11:00:00+00:00,4219.2032,VALID,1.6764000000000001,VALID,Warning,WARN: High flow rate detected (Flood risk)
2026-07-25 12:00:00+00:00,4205.0448,VALID,1.6748760000000003,VALID,Warning,WARN: High flow rate detected (Flood risk)
2026-07-25 13:00:00+00:00,4219.2032,VALID,1.679448,VALID,Warning,WARN: High flow rate detected (Flood risk)
2026-07-25 14:00:00+00:00,4219.2032,VALID,1.682496,VALID,Warning,WARN: High flow rate detected (Flood risk)
2026-07-25 15:00:00+00:00,4219.2032,VALID,1.6855440000000002,VALID,Warning,WARN: High flow rate detected (Flood risk)
2026-07-25 16:00:00+00:00,4219.2032,VALID,1.682496,VALID,Warning,WARN: High flow rate detected (Flood risk)
2026-07-25 17:00:00+00:00,4219.2032,VALID,1.687068,VALID,Warning,WARN: High flow rate detected (Flood risk)
2026-07-25 18:00:00+00:00,4219.2032,VALID,1.687068,VALID,Warning,WARN: High flow rate detected (Flood risk)
2026-07-25 19:00:00+00:00,4219.2032,VALID,1.6931640000000001,VALID,Warning,WARN: High flow rate detected (Flood risk)
2026-07-25 20:00:00+00:00,4219.2032,VALID,1.6977360000000001,VALID,Warning,WARN: High flow rate detected (Flood risk)
2026-07-25 21:00:00+00:00,4219.2032,VALID,1.703832,VALID,Warning,WARN: High flow rate detected (Flood risk)
2026-07-25 22:00:00+00:00,4247.5199999999995,VALID,1.7099280000000001,VALID,Warning,WARN: High flow rate detected (Flood risk)
2026-07-25 23:00:00+00:00,4247.5199999999995,VALID,1.70688,VALID,Warning,WARN: High flow rate detected (Flood risk)
2026-07-26 00:00:00+00:00,4233.3616,VALID,1.7038320000000002,VALID,Warning,WARN: High flow rate detected (Flood risk)
2026-07-26 02:00:00+00:00,4219.2032,VALID,1.688592,VALID,Warning,WARN: High flow rate detected (Flood risk)
2026-07-26 03:00:00+00:00,4219.2032,VALID,1.6764000000000001,VALID,Warning,WARN: High flow rate detected (Flood risk)
2026-07-26 04:00:00+00:00,4190.8864,VALID,1.6611600000000002,VALID,Warning,WARN: High flow rate detected (Flood risk)
2026-07-26 05:00:00+00:00,4176.728,VALID,1.6474440000000001,VALID,Warning,WARN: High flow rate detected (Flood risk)
2026-07-26 06:00:00+00:00,4162.5696,VALID,1.629156,VALID,Warning,WARN: High flow rate detected (Flood risk)
2026-07-26 07:00:00+00:00,4148.4112000000005,VALID,1.616964,VALID,Warning,WARN: High flow rate detected (Flood risk)
2026-07-26 08:00:00+00:00,4134.2528,VALID,1.6032480000000002,VALID,Warning,WARN: High flow rate detected (Flood risk)
2026-07-26 09:00:00+00:00,4120.0944,VALID,1.581912,VALID,Warning,WARN: High flow rate detected (Flood risk)
2026-07-26 10:00:00+00:00,4091.7776,VALID,1.563624,VALID,Warning,WARN: High flow rate detected (Flood risk)
2026-07-26 11:00:00+00:00,4077.6192,VALID,1.5468600000000001,VALID,Warning,WARN: High flow rate detected (Flood risk)
2026-07-26 12:00:00+00:00,4077.6192,VALID,1.533144,VALID,Warning,WARN: High flow rate detected (Flood risk)
2026-07-26 13:00:00+00:00,4063.4608,VALID,1.5224760000000002,VALID,Warning,WARN: High flow rate detected (Flood risk)
2026-07-26 14:00:00+00:00,4049.3024,VALID,1.50114,VALID,Warning,WARN: High flow rate detected (Flood risk)
2026-07-26 15:00:00+00:00,4035.1440000000002,VALID,1.5026640000000002,VALID,Warning,WARN: High flow rate detected (Flood risk)
2026-07-26 16:00:00+00:00,4049.3024,VALID,1.50876,VALID,Warning,WARN: High flow rate detected (Flood risk)
2026-07-26 17:00:00+00:00,4035.1440000000002,VALID,1.4965680000000001,VALID,Warning,WARN: High flow rate detected (Flood risk)
2026-07-26 18:00:00+00:00,4020.9856,VALID,1.487424,VALID,Warning,WARN: High flow rate detected (Flood risk)
2026-07-26 19:00:00+00:00,4020.9856,VALID,1.4721840000000002,VALID,Warning,WARN: High flow rate detected (Flood risk)
2026-07-26 20:00:00+00:00,3992.6688,VALID,1.4554200000000002,VALID,Warning,WARN: High flow rate detected (Flood risk)
2026-07-26 21:00:00+00:00,3964.352,VALID,1.43256,VALID,Warning,WARN: High flow rate detected (Flood risk)
2026-07-26 22:00:00+00:00,3964.352,VALID,1.43256,VALID,Warning,WARN: High flow rate detected (Flood risk)
2026-07-26 23:00:00+00:00,3964.352,VALID,1.411224,VALID,Warning,WARN: High flow rate detected (Flood risk)
2026-07-27 00:00:00+00:00,3950.1935999999996,VALID,1.406652,VALID,Warning,WARN: High flow rate detected (Flood risk)
2026-07-27 01:00:00+00:00,3936.0352,VALID,1.389888,VALID,Warning,WARN: High flow rate detected (Flood risk)
2026-07-27 02:00:00+00:00,3936.0352,VALID,1.385316,VALID,Warning,WARN: High flow rate detected (Flood risk)
2026-07-27 03:00:00+00:00,3907.7183999999997,VALID,1.3639800000000002,VALID,Warning,WARN: High flow rate detected (Flood risk)
2026-07-27 04:00:00+00:00,3907.7183999999997,VALID,1.351788,VALID,Warning,WARN: High flow rate detected (Flood risk)
2026-07-27 05:00:00+00:00,3893.56,VALID,1.34112,VALID,Warning,WARN: High flow rate detected (Flood risk)
2026-07-27 06:00:00+00:00,3879.4016,VALID,1.3304520000000002,VALID,Warning,WARN: High flow rate detected (Flood risk)
2026-07-27 07:00:00+00:00,3879.4016,VALID,1.322832,VALID,Warning,WARN: High flow rate detected (Flood risk)
2026-07-27 08:00:00+00:00,3879.4016,VALID,1.3167360000000001,VALID,Warning,WARN: High flow rate detected (Flood risk)
2026-07-27 09:00:00+00:00,3851.0848,VALID,1.30302,VALID,Warning,WARN: High flow rate detected (Flood risk)
2026-07-27 10:00:00+00:00,3851.0848,VALID,1.2969240000000002,VALID,Warning,WARN: High flow rate detected (Flood risk)
2026-07-27 11:00:00+00:00,3851.0848,VALID,1.2816840000000003,VALID,Warning,WARN: High flow rate detected (Flood risk)
2026-07-27 12:00:00+00:00,3836.9264000000003,VALID,1.274064,VALID,Warning,WARN: High flow rate detected (Flood risk)
2026-07-27 13:00:00+00:00,3822.768,VALID,1.258824,VALID,Warning,WARN: High flow rate detected (Flood risk)
2026-07-27 14:00:00+00:00,3822.768,VALID,1.2618719999999999,VALID,Warning,WARN: High flow rate detected (Flood risk)
2026-07-27 15:00:00+00:00,3822.768,VALID,1.2542520000000001,VALID,Warning,WARN: High flow rate detected (Flood risk)
2026-07-27 16:00:00+00:00,3822.768,VALID,1.258824,VALID,Warning,WARN: High flow rate detected (Flood risk)
2026-07-27 17:00:00+00:00,3808.6096,VALID,1.246632,VALID,Warning,WARN: High flow rate detected (Flood risk)
2026-07-27 18:00:00+00:00,3794.4512,VALID,1.240536,VALID,Warning,WARN: High flow rate detected (Flood risk)
2026-07-27 19:00:00+00:00,3780.2928,VALID,1.228344,VALID,Warning,WARN: High flow rate detected (Flood risk)
2026-07-27 20:00:00+00:00,3794.4512,VALID,1.232916,VALID,Warning,WARN: High flow rate detected (Flood risk)
2026-07-27 21:00:00+00:00,3794.4512,VALID,1.23444,VALID,Warning,WARN: High flow rate detected (Flood risk)
2026-07-27 22:00:00+00:00,3794.4512,VALID,1.229868,VALID,Warning,WARN: High flow rate detected (Flood risk)
2026-07-27 23:00:00+00:00,3780.2928,VALID,1.2191999999999998,VALID,Warning,WARN: High flow rate detected (Flood risk)
2026-07-28 00:00:00+00:00,3780.2928,VALID,1.217676,VALID,Warning,WARN: High flow rate detected (Flood risk)
2026-07-28 01:00:00+00:00,3794.4512,VALID,1.2192,VALID,Warning,WARN: High flow rate detected (Flood risk)
2026-07-28 02:00:00+00:00,3766.1344,VALID,1.21158,VALID,Warning,WARN: High flow rate detected (Flood risk)
2026-07-28 03:00:00+00:00,3766.1344,VALID,1.210056,VALID,Warning,WARN: High flow rate detected (Flood risk)
2026-07-28 04:00:00+00:00,3766.1344,VALID,1.20396,VALID,Warning,WARN: High flow rate detected (Flood risk)
2026-07-28 05:00:00+00:00,3766.1344,VALID,1.193292,VALID,Warning,WARN: High flow rate detected (Flood risk)
2026-07-28 06:00:00+00:00,3766.1344,VALID,1.1917680000000002,VALID,Warning,WARN: High flow rate detected (Flood risk)
2026-07-28 07:00:00+00:00,3737.8176,VALID,1.170432,VALID,Warning,WARN: High flow rate detected (Flood risk)
2026-07-28 08:00:00+00:00,3737.8176,VALID,1.178052,VALID,Warning,WARN: High flow rate detected (Flood risk)
2026-07-28 09:00:00+00:00,3737.8176,VALID,1.1826240000000001,VALID,Warning,WARN: High flow rate detected (Flood risk)
2026-07-28 10:00:00+00:00,3737.8176,VALID,1.164336,VALID,Warning,WARN: High flow rate detected (Flood risk)
2026-07-28 11:00:00+00:00,3737.8176,VALID,1.1612879999999999,VALID,Warning,WARN: High flow rate detected (Flood risk)
2026-07-28 12:00:00+00:00,3709.5008,VALID,1.1490960000000001,VALID,Warning,WARN: High flow rate detected (Flood risk)
2026-07-28 13:00:00+00:00,3737.8176,VALID,1.1612879999999999,VALID,Warning,WARN: High flow rate detected (Flood risk)
2026-07-28 14:00:00+00:00,3709.5008,VALID,1.152144,VALID,Warning,WARN: High flow rate detected (Flood risk)
2026-07-28 15:00:00+00:00,3709.5008,VALID,1.130808,VALID,Warning,WARN: High flow rate detected (Flood risk)
2026-07-28 16:00:00+00:00,3709.5008,VALID,1.13538,VALID,Warning,WARN: High flow rate detected (Flood risk)
2026-07-28 17:00:00+00:00,3709.5008,VALID,1.141476,VALID,Warning,WARN: High flow rate detected (Flood risk)
2026-07-28 18:00:00+00:00,3709.5008,VALID,1.136904,VALID,Warning,WARN: High flow rate detected (Flood risk)
2026-07-28 19:00:00+00:00,3709.5008,VALID,1.1292840000000002,VALID,Warning,WARN: High flow rate detected (Flood risk)
2026-07-28 20:00:00+00:00,3681.1839999999997,VALID,1.1033760000000001,VALID,Warning,WARN: High flow rate detected (Flood risk)
2026-07-28 21:00:00+00:00,3667.0256,VALID,1.0850880000000003,VALID,Warning,WARN: High flow rate detected (Flood risk)
2026-07-28 22:00:00+00:00,3652.8672,VALID,1.077468,VALID,Warning,WARN: High flow rate detected (Flood risk)
2026-07-28 23:00:00+00:00,3652.8672,VALID,1.0668,VALID,Warning,WARN: High flow rate detected (Flood risk)
2026-07-29 00:00:00+00:00,3624.5504,VALID,1.048512,VALID,Warning,WARN: High flow rate detected (Flood risk)
2026-07-29 01:00:00+00:00,3596.2336,VALID,1.024128,VALID,Warning,WARN: High flow rate detected (Flood risk)
2026-07-29 02:00:00+00:00,3596.2336,VALID,1.02108,VALID,Warning,WARN: High flow rate detected (Flood risk)
2026-07-29 03:00:00+00:00,3596.2336,VALID,1.018032,VALID,Warning,WARN: High flow rate detected (Flood risk)
2026-07-29 04:00:00+00:00,3596.2336,VALID,1.007364,VALID,Warning,WARN: High flow rate detected (Flood risk)
2026-07-29 05:00:00+00:00,3596.2336,VALID,1.008888,VALID,Warning,WARN: High flow rate detected (Flood risk)
2026-07-29 06:00:00+00:00,3567.9168,VALID,0.9906,VALID,Warning,WARN: High flow rate detected (Flood risk)
2026-07-29 07:00:00+00:00,3567.9168,VALID,0.9906,VALID,Warning,WARN: High flow rate detected (Flood risk)
2026-07-29 08:00:00+00:00,3567.9168,VALID,0.9875520000000001,VALID,Warning,WARN: High flow rate detected (Flood risk)
2026-07-29 09:00:00+00:00,3567.9168,VALID,0.9723120000000001,VALID,Warning,WARN: High flow rate detected (Flood risk)
2026-07-29 10:00:00+00:00,3567.9168,VALID,0.9707880000000001,VALID,Warning,WARN: High flow rate detected (Flood risk)
2026-07-29 11:00:00+00:00,3567.9168,VALID,0.9662160000000001,VALID,Warning,WARN: High flow rate detected (Flood risk)
2026-07-29 12:00:00+00:00,3567.9168,VALID,0.9662160000000002,VALID,Warning,WARN: High flow rate detected (Flood risk)
2026-07-29 13:00:00+00:00,3567.9168,VALID,0.9707880000000001,VALID,Warning,WARN: High flow rate detected (Flood risk)
2026-07-29 14:00:00+00:00,3567.9168,VALID,0.9631680000000001,VALID,Warning,WARN: High flow rate detected (Flood risk)
2026-07-29 15:00:00+00:00,3539.6,VALID,0.957072,VALID,Warning,WARN: High flow rate detected (Flood risk)
2026-07-29 16:00:00+00:00,3553.7583999999997,VALID,0.958596,VALID,Warning,WARN: High flow rate detected (Flood risk)
2026-07-29 17:00:00+00:00,3567.9168,VALID,0.9692640000000001,VALID,Warning,WARN: High flow rate detected (Flood risk)
2026-07-29 18:00:00+00:00,3567.9168,VALID,0.96012,VALID,Warning,WARN: High flow rate detected (Flood risk)
2026-07-29 19:00:00+00:00,3553.7583999999997,VALID,0.961644,VALID,Warning,WARN: High flow rate detected (Flood risk)
2026-07-29 20:00:00+00:00,3553.7583999999997,VALID,0.961644,VALID,Warning,WARN: High flow rate detected (Flood risk)
2026-07-29 21:00:00+00:00,3553.7583999999997,VALID,0.9570719999999999,VALID,Warning,WARN: High flow rate detected (Flood risk)
2026-07-29 22:00:00+00:00,3539.6,VALID,0.9387840000000001,VALID,Warning,WARN: High flow rate detected (Flood risk)
2026-07-29 23:00:00+00:00,3497.1247999999996,VALID,0.9052560000000001,VALID,Warning,WARN: High flow rate detected (Flood risk)
2026-07-30 00:00:00+00:00,3482.9664,VALID,0.8747760000000001,VALID,Warning,WARN: High flow rate detected (Flood risk)
2026-07-30 01:00:00+00:00,3440.4912,VALID,0.8305800000000001,VALID,Warning,WARN: High flow rate detected (Flood risk)
2026-07-30 02:00:00+00:00,3412.1744,VALID,0.7985760000000001,VALID,Warning,WARN: High flow rate detected (Flood risk)
2026-07-30 03:00:00+00:00,3398.016,VALID,0.7711439999999999,VALID,Warning,WARN: High flow rate detected (Flood risk)
2026-07-30 04:00:00+00:00,3369.6992,VALID,0.7467600000000001,VALID,Warning,WARN: High flow rate detected (Flood risk)
2026-07-30 05:00:00+00:00,3355.5407999999998,VALID,0.7239,VALID,Warning,WARN: High flow rate detected (Flood risk)
2026-07-30 06:00:00+00:00,3313.0656,VALID,0.688848,VALID,Warning,WARN: High flow rate detected (Flood risk)
2026-07-30 07:00:00+00:00,3313.0656,VALID,0.690372,VALID,Warning,WARN: High flow rate detected (Flood risk)
2026-07-30 08:00:00+00:00,3313.0656,VALID,0.687324,VALID,Warning,WARN: High flow rate detected (Flood risk)
2026-07-30 09:00:00+00:00,3313.0656,VALID,0.6766560000000001,VALID,Warning,WARN: High flow rate detected (Flood risk)
2026-07-30 10:00:00+00:00,3313.0656,VALID,0.6888480000000001,VALID,Warning,WARN: High flow rate detected (Flood risk)
2026-07-30 11:00:00+00:00,3313.0656,VALID,0.6842760000000001,VALID,Warning,WARN: High flow rate detected (Flood risk)
2026-07-30 12:00:00+00:00,3313.0656,VALID,0.690372,VALID,Warning,WARN: High flow rate detected (Flood risk)
2026-07-30 13:00:00+00:00,3327.224,VALID,0.69342,VALID,Warning,WARN: High flow rate detected (Flood risk)
2026-07-30 14:00:00+00:00,3341.3824,VALID,0.707136,VALID,Warning,WARN: High flow rate detected (Flood risk)
2026-07-30 15:00:00+00:00,3341.3824,VALID,0.71628,VALID,Warning,WARN: High flow rate detected (Flood risk)
2026-07-30 16:00:00+00:00,3341.3824,VALID,0.719328,VALID,Warning,WARN: High flow rate detected (Flood risk)
2026-07-30 18:00:00+00:00,3369.6992,VALID,0.737616,VALID,Warning,WARN: High flow rate detected (Flood risk)
2026-07-30 20:00:00+00:00,3369.6992,VALID,0.7467600000000001,VALID,Warning,WARN: High flow rate detected (Flood risk)
2026-07-30 21:00:00+00:00,3369.6992,VALID,0.755904,VALID,Warning,WARN: High flow rate detected (Flood risk)
2026-07-30 22:00:00+00:00,3398.016,VALID,0.7726679999999999,VALID,Warning,WARN: High flow rate detected (Flood risk)
2026-07-30 23:00:00+00:00,3398.016,VALID,0.783336,VALID,Warning,WARN: High flow rate detected (Flood risk)
2026-07-31 01:00:00+00:00,3398.016,VALID,0.7894320000000001,VALID,Warning,WARN: High flow rate detected (Flood risk)
2026-07-31 02:00:00+00:00,3426.3328,VALID,0.7985760000000001,VALID,Warning,WARN: High flow rate detected (Flood risk)
2026-07-31 03:00:00+00:00,3426.3328,VALID,0.803148,VALID,Warning,WARN: High flow rate detected (Flood risk)
2026-07-31 04:00:00+00:00,3426.3328,VALID,0.8092440000000001,VALID,Warning,WARN: High flow rate detected (Flood risk)
2026-07-31 05:00:00+00:00,3426.3328,VALID,0.819912,VALID,Warning,WARN: High flow rate detected (Flood risk)
2026-07-31 06:00:00+00:00,3426.3328,VALID,0.8229600000000001,VALID,Warning,WARN: High flow rate detected (Flood risk)
2026-07-31 07:00:00+00:00,3426.3328,VALID,0.816864,VALID,Warning,WARN: High flow rate detected (Flood risk)
2026-07-31 08:00:00+00:00,3454.6495999999997,VALID,0.8290560000000001,VALID,Warning,WARN: High flow rate detected (Flood risk)
2026-07-31 09:00:00+00:00,3454.6495999999997,VALID,0.833628,VALID,Warning,WARN: High flow rate detected (Flood risk)
2026-07-31 10:00:00+00:00,3454.6495999999997,VALID,0.84582,VALID,Warning,WARN: High flow rate detected (Flood risk)
2026-07-31 11:00:00+00:00,3454.6495999999997,VALID,0.8427720000000001,VALID,Warning,WARN: High flow rate detected (Flood risk)
2026-07-31 12:00:00+00:00,3454.6495999999997,VALID,0.848868,VALID,Warning,WARN: High flow rate detected (Flood risk)
2026-07-31 13:00:00+00:00,3468.808,VALID,0.8610599999999999,VALID,Warning,WARN: High flow rate detected (Flood risk)
2026-07-31 14:00:00+00:00,3482.9664,VALID,0.867156,VALID,Warning,WARN: High flow rate detected (Flood risk)
2026-07-31 15:00:00+00:00,3567.9168,VALID,0.976884,VALID,Warning,WARN: High flow rate detected (Flood risk)
2026-07-31 16:00:00+00:00,3638.7088000000003,VALID,1.045464,VALID,Warning,WARN: High flow rate detected (Flood risk)
2026-07-31 17:00:00+00:00,3667.0256,VALID,1.08966,VALID,Warning,WARN: High flow rate detected (Flood risk)
2026-07-31 18:00:00+00:00,3709.5008,VALID,1.13538,VALID,Warning,WARN: High flow rate detected (Flood risk)
2026-07-31 19:00:00+00:00,3709.5008,VALID,1.147572,VALID,Warning,WARN: High flow rate detected (Flood risk)
2026-07-31 20:00:00+00:00,3723.6592,VALID,1.155192,VALID,Warning,WARN: High flow rate detected (Flood risk)
2026-07-31 21:00:00+00:00,3737.8176,VALID,1.171956,VALID,Warning,WARN: High flow rate detected (Flood risk)
2026-07-31 22:00:00+00:00,3737.8176,VALID,1.171956,VALID,Warning,WARN: High flow rate detected (Flood risk)
2026-07-31 23:00:00+00:00,3737.8176,VALID,1.175004,VALID,Warning,WARN: High flow rate detected (Flood risk)
2026-08-01 00:00:00+00:00,3737.8176,VALID,1.179576,VALID,Warning,WARN: High flow rate detected (Flood risk)
2026-08-01 01:00:00+00:00,3751.9759999999997,VALID,1.1856720000000003,VALID,Warning,WARN: High flow rate detected (Flood risk)
2026-08-01 02:00:00+00:00,3766.1344,VALID,1.1871960000000001,VALID,Warning,WARN: High flow rate detected (Flood risk)
2026-08-01 03:00:00+00:00,3737.8176,VALID,1.179576,VALID,Warning,WARN: High flow rate detected (Flood risk)
2026-08-01 04:00:00+00:00,3737.8176,VALID,1.175004,VALID,Warning,WARN: High flow rate detected (Flood risk)
2026-08-01 05:00:00+00:00,3737.8176,VALID,1.1582400000000002,VALID,Warning,WARN: High flow rate detected (Flood risk)
2026-08-01 06:00:00+00:00,3723.6592,VALID,1.1521439999999998,VALID,Warning,WARN: High flow rate detected (Flood risk)
2026-08-01 07:00:00+00:00,3709.5008,VALID,1.1490960000000001,VALID,Warning,WARN: High flow rate detected (Flood risk)
2026-08-01 08:00:00+00:00,3709.5008,VALID,1.132332,VALID,Warning,WARN: High flow rate detected (Flood risk)
2026-08-01 09:00:00+00:00,3695.3423999999995,VALID,1.121664,VALID,Warning,WARN: High flow rate detected (Flood risk)
2026-08-01 10:00:00+00:00,3681.1839999999997,VALID,1.117092,VALID,Warning,WARN: High flow rate detected (Flood risk)
2026-08-01 11:00:00+00:00,3681.1839999999997,VALID,1.098804,VALID,Warning,WARN: High flow rate detected (Flood risk)
2026-08-01 12:00:00+00:00,3681.1839999999997,VALID,1.0957560000000002,VALID,Warning,WARN: High flow rate detected (Flood risk)
2026-08-01 13:00:00+00:00,3652.8672,VALID,1.085088,VALID,Warning,WARN: High flow rate detected (Flood risk)
2026-08-01 14:00:00+00:00,3652.8672,VALID,1.0820400000000001,VALID,Warning,WARN: High flow rate detected (Flood risk)
2026-08-01 15:00:00+00:00,3652.8672,VALID,1.0668,VALID,Warning,WARN: High flow rate detected (Flood risk)
2026-08-01 16:00:00+00:00,3652.8672,VALID,1.0576560000000002,VALID,Warning,WARN: High flow rate detected (Flood risk)
2026-08-01 17:00:00+00:00,3624.5504,VALID,1.048512,VALID,Warning,WARN: High flow rate detected (Flood risk)
2026-08-01 18:00:00+00:00,3624.5504,VALID,1.048512,VALID,Warning,WARN: High flow rate detected (Flood risk)
2026-08-01 19:00:00+00:00,3624.5504,VALID,1.0378440000000002,VALID,Warning,WARN: High flow rate detected (Flood risk)
2026-08-01 20:00:00+00:00,3610.392,VALID,1.0271759999999999,VALID,Warning,WARN: High flow rate detected (Flood risk)
2026-08-01 21:00:00+00:00,3596.2336,VALID,1.008888,VALID,Warning,WARN: High flow rate detected (Flood risk)
2026-08-01 22:00:00+00:00,3596.2336,VALID,1.008888,VALID,Warning,WARN: High flow rate detected (Flood risk)
2026-08-01 23:00:00+00:00,3596.2336,VALID,0.993648,VALID,Warning,WARN: High flow rate detected (Flood risk)
2026-08-02 00:00:00+00:00,3567.9168,VALID,0.984504,VALID,Warning,WARN: High flow rate detected (Flood risk)
2026-08-02 01:00:00+00:00,3567.9168,VALID,0.9723120000000001,VALID,Warning,WARN: High flow rate detected (Flood risk)
2026-08-02 02:00:00+00:00,3567.9168,VALID,0.9723120000000001,VALID,Warning,WARN: High flow rate detected (Flood risk)
2026-08-02 03:00:00+00:00,3539.6,VALID,0.954024,VALID,Warning,WARN: High flow rate detected (Flood risk)
2026-08-02 04:00:00+00:00,3539.6,VALID,0.9448799999999999,VALID,Warning,WARN: High flow rate detected (Flood risk)
2026-08-02 05:00:00+00:00,3539.6,VALID,0.9387840000000001,VALID,Warning,WARN: High flow rate detected (Flood risk)
2026-08-02 06:00:00+00:00,3539.6,VALID,0.9326880000000001,VALID,Warning,WARN: High flow rate detected (Flood risk)
2026-08-02 07:00:00+00:00,3539.6,VALID,0.93726,VALID,Warning,WARN: High flow rate detected (Flood risk)
2026-08-02 08:00:00+00:00,3539.6,VALID,0.9326880000000001,VALID,Warning,WARN: High flow rate detected (Flood risk)
2026-08-02 09:00:00+00:00,3539.6,VALID,0.92964,VALID,Warning,WARN: High flow rate detected (Flood risk)
2026-08-02 11:00:00+00:00,3539.6,VALID,0.935736,VALID,Warning,WARN: High flow rate detected (Flood risk)
2026-08-02 12:00:00+00:00,3525.4416,VALID,0.9311640000000001,VALID,Warning,WARN: High flow rate detected (Flood risk)
2026-08-02 13:00:00+00:00,3539.6,VALID,0.9326880000000001,VALID,Warning,WARN: High flow rate detected (Flood risk)
2026-08-02 14:00:00+00:00,3511.2832,VALID,0.925068,VALID,Warning,WARN: High flow rate detected (Flood risk)
2026-08-02 15:00:00+00:00,3539.6,VALID,0.92964,VALID,Warning,WARN: High flow rate detected (Flood risk)
2026-08-02 16:00:00+00:00,3511.2832,VALID,0.923544,VALID,Warning,WARN: High flow rate detected (Flood risk)
2026-08-02 17:00:00+00:00,3525.4416,VALID,0.9265920000000001,VALID,Warning,WARN: High flow rate detected (Flood risk)
2026-08-02 18:00:00+00:00,3511.2832,VALID,0.9265920000000001,VALID,Warning,WARN: High flow rate detected (Flood risk)
2026-08-02 19:00:00+00:00,3525.4416,VALID,0.925068,VALID,Warning,WARN: High flow rate detected (Flood risk)
2026-08-02 20:00:00+00:00,3511.2832,VALID,0.9235440000000001,VALID,Warning,WARN: High flow rate detected (Flood risk)
2026-08-02 22:00:00+00:00,3539.6,VALID,0.92964,VALID,Warning,WARN: High flow rate detected (Flood risk)
2026-08-03 00:00:00+00:00,3511.2832,VALID,0.9189720000000001,VALID,Warning,WARN: High flow rate detected (Flood risk)
2026-08-03 01:00:00+00:00,3511.2832,VALID,0.9113519999999999,VALID,Warning,WARN: High flow rate detected (Flood risk)
2026-08-03 02:00:00+00:00,3511.2832,VALID,0.9052560000000001,VALID,Warning,WARN: High flow rate detected (Flood risk)
2026-08-03 03:00:00+00:00,3511.2832,VALID,0.90678,VALID,Warning,WARN: High flow rate detected (Flood risk)
2026-08-03 04:00:00+00:00,3511.2832,VALID,0.9052560000000001,VALID,Warning,WARN: High flow rate detected (Flood risk)
2026-08-03 05:00:00+00:00,3511.2832,VALID,0.8976360000000001,VALID,Warning,WARN: High flow rate detected (Flood risk)
2026-08-03 06:00:00+00:00,3511.2832,VALID,0.902208,VALID,Warning,WARN: High flow rate detected (Flood risk)
2026-08-03 07:00:00+00:00,3511.2832,VALID,0.902208,VALID,Warning,WARN: High flow rate detected (Flood risk)
2026-08-03 08:00:00+00:00,3482.9664,VALID,0.8930640000000001,VALID,Warning,WARN: High flow rate detected (Flood risk)
2026-08-03 09:00:00+00:00,3482.9664,VALID,0.8869680000000001,VALID,Warning,WARN: High flow rate detected (Flood risk)
2026-08-03 10:00:00+00:00,3482.9664,VALID,0.877824,VALID,Warning,WARN: High flow rate detected (Flood risk)
2026-08-03 11:00:00+00:00,3482.9664,VALID,0.8763000000000001,VALID,Warning,WARN: High flow rate detected (Flood risk)
2026-08-03 12:00:00+00:00,3482.9664,VALID,0.8686800000000001,VALID,Warning,WARN: High flow rate detected (Flood risk)
2026-08-03 13:00:00+00:00,3482.9664,VALID,0.8717280000000001,VALID,Warning,WARN: High flow rate detected (Flood risk)
2026-08-03 14:00:00+00:00,3454.6495999999997,VALID,0.859536,VALID,Warning,WARN: High flow rate detected (Flood risk)
2026-08-03 15:00:00+00:00,3482.9664,VALID,0.867156,VALID,Warning,WARN: High flow rate detected (Flood risk)
2026-08-03 16:00:00+00:00,3482.9664,VALID,0.8686800000000001,VALID,Warning,WARN: High flow rate detected (Flood risk)
2026-08-03 17:00:00+00:00,3482.9664,VALID,0.874776,VALID,Warning,WARN: High flow rate detected (Flood risk)
2026-08-03 18:00:00+00:00,3511.2832,VALID,0.9067800000000001,VALID,Warning,WARN: High flow rate detected (Flood risk)
2026-08-03 19:00:00+00:00,3539.6,VALID,0.9479280000000001,VALID,Warning,WARN: High flow rate detected (Flood risk)
2026-08-03 20:00:00+00:00,3567.9168,VALID,0.984504,VALID,Warning,WARN: High flow rate detected (Flood risk)
2026-08-03 21:00:00+00:00,3596.2336,VALID,1.00584,VALID,Warning,WARN: High flow rate detected (Flood risk)
2026-08-03 22:00:00+00:00,3624.5504,VALID,1.039368,VALID,Warning,WARN: High flow rate detected (Flood risk)
2026-08-03 23:00:00+00:00,3652.8672,VALID,1.060704,VALID,Warning,WARN: High flow rate detected (Flood risk)
2026-08-04 00:00:00+00:00,3681.1839999999997,VALID,1.09728,VALID,Warning,WARN: High flow rate detected (Flood risk)
2026-08-04 01:00:00+00:00,3681.1839999999997,VALID,1.100328,VALID,Warning,WARN: High flow rate detected (Flood risk)
2026-08-04 02:00:00+00:00,3695.3423999999995,VALID,1.121664,VALID,Warning,WARN: High flow rate detected (Flood risk)
2026-08-04 03:00:00+00:00,3709.5008,VALID,1.139952,VALID,Warning,WARN: High flow rate detected (Flood risk)
2026-08-04 04:00:00+00:00,3709.5008,VALID,1.139952,VALID,Warning,WARN: High flow rate detected (Flood risk)
2026-08-04 05:00:00+00:00,3723.6592,VALID,1.15062,VALID,Warning,WARN: High flow rate detected (Flood risk)
2026-08-04 06:00:00+00:00,3737.8176,VALID,1.155192,VALID,Warning,WARN: High flow rate detected (Flood risk)
2026-08-04 07:00:00+00:00,3737.8176,VALID,1.15824,VALID,Warning,WARN: High flow rate detected (Flood risk)
2026-08-04 08:00:00+00:00,3737.8176,VALID,1.167384,VALID,Warning,WARN: High flow rate detected (Flood risk)
2026-08-04 09:00:00+00:00,3737.8176,VALID,1.16586,VALID,Warning,WARN: High flow rate detected (Flood risk)
2026-08-04 11:00:00+00:00,3737.8176,VALID,1.176528,VALID,Warning,WARN: High flow rate detected (Flood risk)
2026-08-04 12:00:00+00:00,3737.8176,VALID,1.179576,VALID,Warning,WARN: High flow rate detected (Flood risk)
2026-08-04 13:00:00+00:00,3737.8176,VALID,1.17348,VALID,Warning,WARN: High flow rate detected (Flood risk)
2026-08-04 15:00:00+00:00,3737.8176,VALID,1.170432,VALID,Warning,WARN: High flow rate detected (Flood risk)
2026-08-04 17:00:00+00:00,3737.8176,VALID,1.164336,VALID,Warning,WARN: High flow rate detected (Flood risk)
2026-08-04 18:00:00+00:00,3737.8176,VALID,1.164336,VALID,Warning,WARN: High flow rate detected (Flood risk)
2026-08-04 19:00:00+00:00,3751.9759999999997,VALID,1.185672,VALID,Warning,WARN: High flow rate detected (Flood risk)
2026-08-04 20:00:00+00:00,3794.4512,VALID,1.2192,VALID,Warning,WARN: High flow rate detected (Flood risk)
2026-08-04 21:00:00+00:00,3794.4512,VALID,1.235964,VALID,Warning,WARN: High flow rate detected (Flood risk)
2026-08-04 22:00:00+00:00,3836.9264000000003,VALID,1.2832080000000001,VALID,Warning,WARN: High flow rate detected (Flood risk)
2026-08-04 23:00:00+00:00,3879.4016,VALID,1.313688,VALID,Warning,WARN: High flow rate detected (Flood risk)
2026-08-05 00:00:00+00:00,3907.7183999999997,VALID,1.351788,VALID,Warning,WARN: High flow rate detected (Flood risk)
2026-08-05 01:00:00+00:00,3950.1935999999996,VALID,1.39446,VALID,Warning,WARN: High flow rate detected (Flood risk)
2026-08-05 02:00:00+00:00,3964.352,VALID,1.423416,VALID,Warning,WARN: High flow rate detected (Flood risk)
2026-08-05 03:00:00+00:00,3992.6688,VALID,1.444752,VALID,Warning,WARN: High flow rate detected (Flood risk)
2026-08-05 04:00:00+00:00,4020.9856,VALID,1.4721840000000002,VALID,Warning,WARN: High flow rate detected (Flood risk)
2026-08-05 05:00:00+00:00,4020.9856,VALID,1.4859,VALID,Warning,WARN: High flow rate detected (Flood risk)
2026-08-05 06:00:00+00:00,4035.1440000000002,VALID,1.495044,VALID,Warning,WARN: High flow rate detected (Flood risk)
2026-08-05 07:00:00+00:00,4049.3024,VALID,1.5133320000000001,VALID,Warning,WARN: High flow rate detected (Flood risk)
2026-08-05 08:00:00+00:00,4077.6192,VALID,1.530096,VALID,Warning,WARN: High flow rate detected (Flood risk)
2026-08-05 09:00:00+00:00,4063.4608,VALID,1.527048,VALID,Warning,WARN: High flow rate detected (Flood risk)
2026-08-05 10:00:00+00:00,4077.6192,VALID,1.53162,VALID,Warning,WARN: High flow rate detected (Flood risk)
2026-08-05 11:00:00+00:00,4077.6192,VALID,1.537716,VALID,Warning,WARN: High flow rate detected (Flood risk)
2026-08-05 12:00:00+00:00,4077.6192,VALID,1.5483840000000002,VALID,Warning,WARN: High flow rate detected (Flood risk)
2026-08-05 13:00:00+00:00,4077.6192,VALID,1.5514320000000001,VALID,Warning,WARN: High flow rate detected (Flood risk)
2026-08-05 14:00:00+00:00,4091.7776,VALID,1.5529560000000002,VALID,Warning,WARN: High flow rate detected (Flood risk)
2026-08-05 15:00:00+00:00,4105.936,VALID,1.5636240000000001,VALID,Warning,WARN: High flow rate detected (Flood risk)
2026-08-05 16:00:00+00:00,4105.936,VALID,1.5636240000000001,VALID,Warning,WARN: High flow rate detected (Flood risk)
2026-08-05 17:00:00+00:00,4134.2528,VALID,1.591056,VALID,Warning,WARN: High flow rate detected (Flood risk)
2026-08-05 18:00:00+00:00,4134.2528,VALID,1.5941040000000002,VALID,Warning,WARN: High flow rate detected (Flood risk)
2026-08-05 19:00:00+00:00,4148.4112000000005,VALID,1.621536,VALID,Warning,WARN: High flow rate detected (Flood risk)
2026-08-05 20:00:00+00:00,4190.8864,VALID,1.6596360000000001,VALID,Warning,WARN: High flow rate detected (Flood risk)
2026-08-05 21:00:00+00:00,4233.3616,VALID,1.705356,VALID,Warning,WARN: High flow rate detected (Flood risk)
2026-08-05 22:00:00+00:00,4261.6784,VALID,1.7327880000000002,VALID,Warning,WARN: High flow rate detected (Flood risk)
2026-08-05 23:00:00+00:00,4289.995199999999,VALID,1.7693640000000002,VALID,Warning,WARN: High flow rate detected (Flood risk)
2026-08-06 00:00:00+00:00,4332.4704,VALID,1.807464,VALID,Warning,WARN: High flow rate detected (Flood risk)
2026-08-06 01:00:00+00:00,4360.7872,VALID,1.830324,VALID,Warning,WARN: High flow rate detected (Flood risk)
2026-08-06 02:00:00+00:00,4389.104,VALID,1.8531840000000002,VALID,Warning,WARN: High flow rate detected (Flood risk)
2026-08-06 03:00:00+00:00,4417.4208,VALID,1.883664,VALID,Warning,WARN: High flow rate detected (Flood risk)
2026-08-06 04:00:00+00:00,4417.4208,VALID,1.903476,VALID,Warning,WARN: High flow rate detected (Flood risk)
2026-08-06 05:00:00+00:00,4445.7376,VALID,1.9141439999999998,VALID,Warning,WARN: High flow rate detected (Flood risk)
2026-08-06 06:00:00+00:00,4445.7376,VALID,1.92786,VALID,Warning,WARN: High flow rate detected (Flood risk)
2026-08-06 08:00:00+00:00,4474.0544,VALID,1.9431000000000003,VALID,Warning,WARN: High flow rate detected (Flood risk)
2026-08-06 09:00:00+00:00,4474.0544,VALID,1.947672,VALID,Warning,WARN: High flow rate detected (Flood risk)
2026-08-06 10:00:00+00:00,4488.212799999999,VALID,1.9659600000000002,VALID,Warning,WARN: High flow rate detected (Flood risk)
2026-08-06 11:00:00+00:00,4516.5296,VALID,1.9918680000000002,VALID,Warning,WARN: High flow rate detected (Flood risk)
2026-08-06 12:00:00+00:00,4559.0048,VALID,2.045208,VALID,Warning,WARN: High flow rate detected (Flood risk)
2026-08-06 13:00:00+00:00,4573.1632,VALID,2.052828,VALID,Warning,WARN: High flow rate detected (Flood risk)
2026-08-06 14:00:00+00:00,4587.3216,VALID,2.074164,VALID,Warning,WARN: High flow rate detected (Flood risk)
2026-08-06 15:00:00+00:00,4601.48,VALID,2.08026,VALID,Warning,WARN: High flow rate detected (Flood risk)
2026-08-06 16:00:00+00:00,4615.6384,VALID,2.100072,VALID,Warning,WARN: High flow rate detected (Flood risk)
2026-08-06 17:00:00+00:00,4615.6384,VALID,2.101596,VALID,Warning,WARN: High flow rate detected (Flood risk)
2026-08-06 18:00:00+00:00,4643.9552,VALID,2.121408,VALID,Warning,WARN: High flow rate detected (Flood risk)
2026-08-06 19:00:00+00:00,4643.9552,VALID,2.124456,VALID,Warning,WARN: High flow rate detected (Flood risk)
2026-08-06 20:00:00+00:00,4672.272,VALID,2.136648,VALID,Warning,WARN: High flow rate detected (Flood risk)
2026-08-06 21:00:00+00:00,4672.272,VALID,2.154936,VALID,Warning,WARN: High flow rate detected (Flood risk)
2026-08-06 22:00:00+00:00,4700.5887999999995,VALID,2.16408,VALID,Warning,WARN: High flow rate detected (Flood risk)
2026-08-06 23:00:00+00:00,4700.5887999999995,VALID,2.176272,VALID,Warning,WARN: High flow rate detected (Flood risk)
2026-08-07 00:00:00+00:00,4700.5887999999995,VALID,2.1899880000000005,VALID,Warning,WARN: High flow rate detected (Flood risk)
2026-08-07 01:00:00+00:00,4700.5887999999995,VALID,2.1869400000000003,VALID,Warning,WARN: High flow rate detected (Flood risk)
2026-08-07 02:00:00+00:00,4728.9056,VALID,2.1976080000000002,VALID,Warning,WARN: High flow rate detected (Flood risk)
2026-08-07 03:00:00+00:00,4714.7472,VALID,2.189988,VALID,Warning,WARN: High flow rate detected (Flood risk)
2026-08-07 04:00:00+00:00,4728.9056,VALID,2.214372,VALID,Warning,WARN: High flow rate detected (Flood risk)
2026-08-07 05:00:00+00:00,4757.2224,VALID,2.221992,VALID,Warning,WARN: High flow rate detected (Flood risk)
2026-08-07 06:00:00+00:00,4743.064,VALID,2.2204680000000003,VALID,Warning,WARN: High flow rate detected (Flood risk)
2026-08-07 07:00:00+00:00,4743.064,VALID,2.223516,VALID,Warning,WARN: High flow rate detected (Flood risk)
2026-08-07 08:00:00+00:00,4757.2224,VALID,2.229612,VALID,Warning,WARN: High flow rate detected (Flood risk)
2026-08-07 09:00:00+00:00,4757.2224,VALID,2.238756,VALID,Warning,WARN: High flow rate detected (Flood risk)
2026-08-07 10:00:00+00:00,4757.2224,VALID,2.246376,VALID,Warning,WARN: High flow rate detected (Flood risk)
2026-08-07 11:00:00+00:00,4771.3808,VALID,2.250948,VALID,Warning,WARN: High flow rate detected (Flood risk)
2026-08-07 12:00:00+00:00,4785.5392,VALID,2.261616,VALID,Warning,WARN: High flow rate detected (Flood risk)
2026-08-07 13:00:00+00:00,4785.5392,VALID,2.2677120000000004,VALID,Warning,WARN: High flow rate detected (Flood risk)
2026-08-07 14:00:00+00:00,4813.856,VALID,2.276856,VALID,Warning,WARN: High flow rate detected (Flood risk)
2026-08-07 15:00:00+00:00,4813.856,VALID,2.286,VALID,Warning,WARN: High flow rate detected (Flood risk)
2026-08-07 16:00:00+00:00,4828.0144,VALID,2.302764,VALID,Warning,WARN: High flow rate detected (Flood risk)
2026-08-07 17:00:00+00:00,4842.1728,VALID,2.319528,VALID,Warning,WARN: High flow rate detected (Flood risk)
2026-08-07 18:00:00+00:00,4842.1728,VALID,2.322576,VALID,Warning,WARN: High flow rate detected (Flood risk)
2026-08-07 19:00:00+00:00,4842.1728,VALID,2.313432,VALID,Warning,WARN: High flow rate detected (Flood risk)
2026-08-07 20:00:00+00:00,4813.856,VALID,2.2981920000000002,VALID,Warning,WARN: High flow rate detected (Flood risk)
2026-08-07 21:00:00+00:00,4813.856,VALID,2.284476,VALID,Warning,WARN: High flow rate detected (Flood risk)
2026-08-07 22:00:00+00:00,4813.856,VALID,2.2875240000000003,VALID,Warning,WARN: High flow rate detected (Flood risk)
2026-08-07 23:00:00+00:00,4799.6975999999995,VALID,2.281428,VALID,Warning,WARN: High flow rate detected (Flood risk)
2026-08-08 00:00:00+00:00,4785.5392,VALID,2.2677120000000004,VALID,Warning,WARN: High flow rate detected (Flood risk)
2026-08-08 01:00:00+00:00,4799.6975999999995,VALID,2.272284,VALID,Warning,WARN: High flow rate detected (Flood risk)
2026-08-08 02:00:00+00:00,4813.856,VALID,2.2844759999999997,VALID,Warning,WARN: High flow rate detected (Flood risk)
2026-08-08 03:00:00+00:00,4813.856,VALID,2.279904,VALID,Warning,WARN: High flow rate detected (Flood risk)
2026-08-08 04:00:00+00:00,4813.856,VALID,2.2936199999999998,VALID,Warning,WARN: High flow rate detected (Flood risk)
2026-08-08 05:00:00+00:00,4842.1728,VALID,2.3073360000000003,VALID,Warning,WARN: High flow rate detected (Flood risk)
2026-08-08 06:00:00+00:00,4842.1728,VALID,2.3241,VALID,Warning,WARN: High flow rate detected (Flood risk)
2026-08-08 07:00:00+00:00,4856.3312000000005,VALID,2.33934,VALID,Warning,WARN: High flow rate detected (Flood risk)
2026-08-08 08:00:00+00:00,4884.647999999999,VALID,2.357628,VALID,Warning,WARN: High flow rate detected (Flood risk)
2026-08-08 09:00:00+00:00,4912.9648,VALID,2.37744,VALID,Warning,WARN: High flow rate detected (Flood risk)
2026-08-08 10:00:00+00:00,4927.1232,VALID,2.398776,VALID,Warning,WARN: High flow rate detected (Flood risk)
2026-08-08 11:00:00+00:00,4955.44,VALID,2.42316,VALID,Warning,WARN: High flow rate detected (Flood risk)
2026-08-08 12:00:00+00:00,4983.7568,VALID,2.456688,VALID,Warning,WARN: High flow rate detected (Flood risk)
2026-08-08 13:00:00+00:00,4983.7568,VALID,2.4551640000000003,VALID,Warning,WARN: High flow rate detected (Flood risk)
2026-08-08 14:00:00+00:00,5012.0736,VALID,2.4886920000000003,VALID,Warning,WARN: High flow rate detected (Flood risk)
2026-08-08 15:00:00+00:00,5040.3904,VALID,2.510028,VALID,Warning,WARN: High flow rate detected (Flood risk)
2026-08-08 16:00:00+00:00,5054.5488000000005,VALID,2.520696,VALID,Warning,WARN: High flow rate detected (Flood risk)
2026-08-08 17:00:00+00:00,5068.7072,VALID,2.5374600000000003,VALID,Warning,WARN: High flow rate detected (Flood risk)
2026-08-08 18:00:00+00:00,5068.7072,VALID,2.532888,VALID,Warning,WARN: High flow rate detected (Flood risk)
2026-08-08 19:00:00+00:00,5082.8656,VALID,2.5450800000000005,VALID,Warning,WARN: High flow rate detected (Flood risk)
2026-08-08 20:00:00+00:00,5097.024,VALID,2.548128,VALID,Warning,WARN: High flow rate detected (Flood risk)
2026-08-08 21:00:00+00:00,5040.3904,VALID,2.513076,VALID,Warning,WARN: High flow rate detected (Flood risk)
2026-08-08 22:00:00+00:00,5040.3904,VALID,2.4963119999999996,VALID,Warning,WARN: High flow rate detected (Flood risk)
2026-08-08 23:00:00+00:00,5012.0736,VALID,2.485644,VALID,Warning,WARN: High flow rate detected (Flood risk)
2026-08-09 00:00:00+00:00,5012.0736,VALID,2.473452,VALID,Warning,WARN: High flow rate detected (Flood risk)
2026-08-09 01:00:00+00:00,4997.9151999999995,VALID,2.4597360000000004,VALID,Warning,WARN: High flow rate detected (Flood risk)
2026-08-09 02:00:00+00:00,4983.7568,VALID,2.450592,VALID,Warning,WARN: High flow rate detected (Flood risk)
2026-08-09 03:00:00+00:00,4969.5984,VALID,2.4414480000000003,VALID,Warning,WARN: High flow rate detected (Flood risk)
2026-08-09 04:00:00+00:00,4969.5984,VALID,2.435352,VALID,Warning,WARN: High flow rate detected (Flood risk)
2026-08-09 05:00:00+00:00,4969.5984,VALID,2.4307800000000004,VALID,Warning,WARN: High flow rate detected (Flood risk)
2026-08-09 06:00:00+00:00,4955.44,VALID,2.4307800000000004,VALID,Warning,WARN: High flow rate detected (Flood risk)
2026-08-09 07:00:00+00:00,4955.44,VALID,2.4307800000000004,VALID,Warning,WARN: High flow rate detected (Flood risk)
2026-08-09 08:00:00+00:00,4941.2816,VALID,2.417064,VALID,Warning,WARN: High flow rate detected (Flood risk)
2026-08-09 09:00:00+00:00,4927.1232,VALID,2.410968,VALID,Warning,WARN: High flow rate detected (Flood risk)
2026-08-09 10:00:00+00:00,4927.1232,VALID,2.401824,VALID,Warning,WARN: High flow rate detected (Flood risk)
2026-08-09 11:00:00+00:00,4927.1232,VALID,2.406396,VALID,Warning,WARN: High flow rate detected (Flood risk)
2026-08-09 12:00:00+00:00,4927.1232,VALID,2.395728,VALID,Warning,WARN: High flow rate detected (Flood risk)
2026-08-09 13:00:00+00:00,4927.1232,VALID,2.3926800000000004,VALID,Warning,WARN: High flow rate detected (Flood risk)
2026-08-09 14:00:00+00:00,4898.8063999999995,VALID,2.375916,VALID,Warning,WARN: High flow rate detected (Flood risk)
2026-08-09 15:00:00+00:00,4898.8063999999995,VALID,2.3622000000000005,VALID,Warning,WARN: High flow rate detected (Flood risk)
2026-08-09 16:00:00+00:00,4898.8063999999995,VALID,2.3652480000000002,VALID,Warning,WARN: High flow rate detected (Flood risk)
2026-08-09 17:00:00+00:00,4870.4896,VALID,2.34696,VALID,Warning,WARN: High flow rate detected (Flood risk)
2026-08-09 18:00:00+00:00,4856.3312000000005,VALID,2.3241,VALID,Warning,WARN: High flow rate detected (Flood risk)
2026-08-09 19:00:00+00:00,4842.1728,VALID,2.310384,VALID,Warning,WARN: High flow rate detected (Flood risk)
2026-08-09 20:00:00+00:00,4813.856,VALID,2.289048,VALID,Warning,WARN: High flow rate detected (Flood risk)
2026-08-09 21:00:00+00:00,4771.3808,VALID,2.2494240000000003,VALID,Warning,WARN: High flow rate detected (Flood risk)
2026-08-09 22:00:00+00:00,4743.064,VALID,2.2311360000000002,VALID,Warning,WARN: High flow rate detected (Flood risk)
2026-08-09 23:00:00+00:00,4728.9056,VALID,2.2098000000000004,VALID,Warning,WARN: High flow rate detected (Flood risk)
2026-08-10 00:00:00+00:00,4700.5887999999995,VALID,2.1717000000000004,VALID,Warning,WARN: High flow rate detected (Flood risk)
2026-08-10 01:00:00+00:00,4672.272,VALID,2.151888,VALID,Warning,WARN: High flow rate detected (Flood risk)
2026-08-10 02:00:00+00:00,4658.113600000001,VALID,2.132076,VALID,Warning,WARN: High flow rate detected (Flood risk)
2026-08-10 03:00:00+00:00,4615.6384,VALID,2.1061680000000003,VALID,Warning,WARN: High flow rate detected (Flood risk)
2026-08-10 04:00:00+00:00,4601.48,VALID,2.081784,VALID,Warning,WARN: High flow rate detected (Flood risk)
2026-08-10 05:00:00+00:00,4587.3216,VALID,2.0665440000000004,VALID,Warning,WARN: High flow rate detected (Flood risk)
2026-08-10 06:00:00+00:00,4573.1632,VALID,2.055876,VALID,Warning,WARN: High flow rate detected (Flood risk)
2026-08-10 07:00:00+00:00,4559.0048,VALID,2.031492,VALID,Warning,WARN: High flow rate detected (Flood risk)
2026-08-10 08:00:00+00:00,4530.688,VALID,2.013204,VALID,Warning,WARN: High flow rate detected (Flood risk)
2026-08-10 09:00:00+00:00,4516.5296,VALID,1.990344,VALID,Warning,WARN: High flow rate detected (Flood risk)
2026-08-10 10:00:00+00:00,4502.3712,VALID,1.98882,VALID,Warning,WARN: High flow rate detected (Flood risk)
2026-08-10 11:00:00+00:00,4474.0544,VALID,1.956816,VALID,Warning,WARN: High flow rate detected (Flood risk)
2026-08-10 12:00:00+00:00,4474.0544,VALID,1.9461480000000002,VALID,Warning,WARN: High flow rate detected (Flood risk)
2026-08-10 13:00:00+00:00,4459.896000000001,VALID,1.9370040000000002,VALID,Warning,WARN: High flow rate detected (Flood risk)
2026-08-10 14:00:00+00:00,4445.7376,VALID,1.930908,VALID,Warning,WARN: High flow rate detected (Flood risk)
2026-08-10 15:00:00+00:00,4417.4208,VALID,1.908048,VALID,Warning,WARN: High flow rate detected (Flood risk)
2026-08-10 16:00:00+00:00,4417.4208,VALID,1.908048,VALID,Warning,WARN: High flow rate detected (Flood risk)
2026-08-10 17:00:00+00:00,4417.4208,VALID,1.8912840000000002,VALID,Warning,WARN: High flow rate detected (Flood risk)
2026-08-10 18:00:00+00:00,4389.104,VALID,1.872996,VALID,Warning,WARN: High flow rate detected (Flood risk)
2026-08-10 19:00:00+00:00,4360.7872,VALID,1.8379440000000002,VALID,Warning,WARN: High flow rate detected (Flood risk)
2026-08-10 20:00:00+00:00,4318.312,VALID,1.792224,VALID,Warning,WARN: High flow rate detected (Flood risk)
2026-08-10 21:00:00+00:00,4261.6784,VALID,1.746504,VALID,Warning,WARN: High flow rate detected (Flood risk)
2026-08-10 22:00:00+00:00,4219.2032,VALID,1.69164,VALID,Warning,WARN: High flow rate detected (Flood risk)
2026-08-10 23:00:00+00:00,4176.728,VALID,1.644396,VALID,Warning,WARN: High flow rate detected (Flood risk)
2026-08-11 00:00:00+00:00,4134.2528,VALID,1.597152,VALID,Warning,WARN: High flow rate detected (Flood risk)
2026-08-11 01:00:00+00:00,4105.936,VALID,1.5742920000000002,VALID,Warning,WARN: High flow rate detected (Flood risk)
2026-08-11 02:00:00+00:00,4077.6192,VALID,1.543812,VALID,Warning,WARN: High flow rate detected (Flood risk)
2026-08-11 03:00:00+00:00,4049.3024,VALID,1.514856,VALID,Warning,WARN: High flow rate detected (Flood risk)
2026-08-11 04:00:00+00:00,4035.1440000000002,VALID,1.490472,VALID,Warning,WARN: High flow rate detected (Flood risk)
2026-08-11 05:00:00+00:00,4020.9856,VALID,1.472184,VALID,Warning,WARN: High flow rate detected (Flood risk)
2026-08-11 06:00:00+00:00,3992.6688,VALID,1.456944,VALID,Warning,WARN: High flow rate detected (Flood risk)
2026-08-11 07:00:00+00:00,3978.5104,VALID,1.435608,VALID,Warning,WARN: High flow rate detected (Flood risk)
2026-08-11 08:00:00+00:00,3964.352,VALID,1.4310360000000002,VALID,Warning,WARN: High flow rate detected (Flood risk)
2026-08-11 09:00:00+00:00,3978.5104,VALID,1.43256,VALID,Warning,WARN: High flow rate detected (Flood risk)
2026-08-11 10:00:00+00:00,3964.352,VALID,1.415796,VALID,Warning,WARN: High flow rate detected (Flood risk)
2026-08-11 11:00:00+00:00,3950.1935999999996,VALID,1.3975080000000002,VALID,Warning,WARN: High flow rate detected (Flood risk)
2026-08-11 12:00:00+00:00,3936.0352,VALID,1.39446,VALID,Warning,WARN: High flow rate detected (Flood risk)
2026-08-11 13:00:00+00:00,3936.0352,VALID,1.3929360000000002,VALID,Warning,WARN: High flow rate detected (Flood risk)
2026-08-11 14:00:00+00:00,3936.0352,VALID,1.3837920000000001,VALID,Warning,WARN: High flow rate detected (Flood risk)
2026-08-11 15:00:00+00:00,3921.8768,VALID,1.374648,VALID,Warning,WARN: High flow rate detected (Flood risk)
2026-08-11 16:00:00+00:00,3921.8768,VALID,1.374648,VALID,Warning,WARN: High flow rate detected (Flood risk)
2026-08-11 17:00:00+00:00,3921.8768,VALID,1.3731240000000002,VALID,Warning,WARN: High flow rate detected (Flood risk)
2026-08-11 18:00:00+00:00,3907.7183999999997,VALID,1.357884,VALID,Warning,WARN: High flow rate detected (Flood risk)
2026-08-11 19:00:00+00:00,3921.8768,VALID,1.374648,VALID,Warning,WARN: High flow rate detected (Flood risk)
2026-08-11 20:00:00+00:00,3950.1935999999996,VALID,1.4097,VALID,Warning,WARN: High flow rate detected (Flood risk)
2026-08-11 21:00:00+00:00,4006.8271999999997,VALID,1.4691360000000002,VALID,Warning,WARN: High flow rate detected (Flood risk)
2026-08-11 22:00:00+00:00,4063.4608,VALID,1.519428,VALID,Warning,WARN: High flow rate detected (Flood risk)
2026-08-11 23:00:00+00:00,4105.936,VALID,1.5819120000000002,VALID,Warning,WARN: High flow rate detected (Flood risk)
2026-08-12 00:00:00+00:00,4148.4112000000005,VALID,1.616964,VALID,Warning,WARN: High flow rate detected (Flood risk)
2026-08-12 02:00:00+00:00,4219.2032,VALID,1.679448,VALID,Warning,WARN: High flow rate detected (Flood risk)
2026-08-12 03:00:00+00:00,4219.2032,VALID,1.6946880000000002,VALID,Warning,WARN: High flow rate detected (Flood risk)
2026-08-12 04:00:00+00:00,4247.5199999999995,VALID,1.716024,VALID,Warning,WARN: High flow rate detected (Flood risk)
2026-08-12 06:00:00+00:00,4275.8368,VALID,1.7404080000000002,VALID,Warning,WARN: High flow rate detected (Flood risk)
2026-08-12 07:00:00+00:00,4275.8368,VALID,1.755648,VALID,Warning,WARN: High flow rate detected (Flood risk)
2026-08-12 08:00:00+00:00,4275.8368,VALID,1.7617440000000002,VALID,Warning,WARN: High flow rate detected (Flood risk)
2026-08-12 09:00:00+00:00,4275.8368,VALID,1.7617440000000002,VALID,Warning,WARN: High flow rate detected (Flood risk)
2026-08-12 10:00:00+00:00,4304.1536,VALID,1.7663160000000002,VALID,Warning,WARN: High flow rate detected (Flood risk)
2026-08-12 11:00:00+00:00,4304.1536,VALID,1.7647920000000001,VALID,Warning,WARN: High flow rate detected (Flood risk)
2026-08-12 12:00:00+00:00,4304.1536,VALID,1.76784,VALID,Warning,WARN: High flow rate detected (Flood risk)
2026-08-12 13:00:00+00:00,4275.8368,VALID,1.7617440000000002,VALID,Warning,WARN: High flow rate detected (Flood risk)
2026-08-12 14:00:00+00:00,4275.8368,VALID,1.7526000000000002,VALID,Warning,WARN: High flow rate detected (Flood risk)
2026-08-12 15:00:00+00:00,4275.8368,VALID,1.7465040000000003,VALID,Warning,WARN: High flow rate detected (Flood risk)
2026-08-12 16:00:00+00:00,4275.8368,VALID,1.7495520000000002,VALID,Warning,WARN: High flow rate detected (Flood risk)
2026-08-12 17:00:00+00:00,4275.8368,VALID,1.7480280000000001,VALID,Warning,WARN: High flow rate detected (Flood risk)
2026-08-12 18:00:00+00:00,4275.8368,VALID,1.7404080000000002,VALID,Warning,WARN: High flow rate detected (Flood risk)
2026-08-12 20:00:00+00:00,4275.8368,VALID,1.7373600000000002,VALID,Warning,WARN: High flow rate detected (Flood risk)
2026-08-12 21:00:00+00:00,4275.8368,VALID,1.7434560000000001,VALID,Warning,WARN: High flow rate detected (Flood risk)
2026-08-12 22:00:00+00:00,4275.8368,VALID,1.738884,VALID,Warning,WARN: High flow rate detected (Flood risk)
2026-08-12 23:00:00+00:00,4275.8368,VALID,1.7373600000000002,VALID,Warning,WARN: High flow rate detected (Flood risk)
2026-08-13 00:00:00+00:00,4275.8368,VALID,1.7373600000000002,VALID,Warning,WARN: High flow rate detected (Flood risk)
2026-08-13 02:00:00+00:00,4275.8368,VALID,1.7434560000000001,VALID,Warning,WARN: High flow rate detected (Flood risk)
2026-08-13 03:00:00+00:00,4275.8368,VALID,1.7373600000000002,VALID,Warning,WARN: High flow rate detected (Flood risk)
2026-08-13 04:00:00+00:00,4275.8368,VALID,1.7465040000000003,VALID,Warning,WARN: High flow rate detected (Flood risk)
2026-08-13 05:00:00+00:00,4275.8368,VALID,1.7434560000000001,VALID,Warning,WARN: High flow rate detected (Flood risk)
2026-08-13 06:00:00+00:00,4275.8368,VALID,1.7526000000000002,VALID,Warning,WARN: High flow rate detected (Flood risk)
2026-08-13 07:00:00+00:00,4275.8368,VALID,1.755648,VALID,Warning,WARN: High flow rate detected (Flood risk)
2026-08-13 08:00:00+00:00,4275.8368,VALID,1.754124,VALID,Warning,WARN: High flow rate detected (Flood risk)
2026-08-13 10:00:00+00:00,4275.8368,VALID,1.7602200000000001,VALID,Warning,WARN: High flow rate detected (Flood risk)
2026-08-13 11:00:00+00:00,4304.1536,VALID,1.769364,VALID,Warning,WARN: High flow rate detected (Flood risk)
2026-08-13 12:00:00+00:00,4304.1536,VALID,1.772412,VALID,Warning,WARN: High flow rate detected (Flood risk)
2026-08-13 13:00:00+00:00,4304.1536,VALID,1.7769840000000001,VALID,Warning,WARN: High flow rate detected (Flood risk)
2026-08-13 14:00:00+00:00,4304.1536,VALID,1.780032,VALID,Warning,WARN: High flow rate detected (Flood risk)
2026-08-13 15:00:00+00:00,4304.1536,VALID,1.773936,VALID,Warning,WARN: High flow rate detected (Flood risk)
2026-08-13 16:00:00+00:00,4304.1536,VALID,1.778508,VALID,Warning,WARN: High flow rate detected (Flood risk)
2026-08-13 17:00:00+00:00,4304.1536,VALID,1.773936,VALID,Warning,WARN: High flow rate detected (Flood risk)
2026-08-13 18:00:00+00:00,4304.1536,VALID,1.784604,VALID,Warning,WARN: High flow rate detected (Flood risk)
2026-08-13 19:00:00+00:00,4318.312,VALID,1.7861280000000002,VALID,Warning,WARN: High flow rate detected (Flood risk)
2026-08-13 20:00:00+00:00,4304.1536,VALID,1.778508,VALID,Warning,WARN: High flow rate detected (Flood risk)
2026-08-13 21:00:00+00:00,4318.312,VALID,1.78308,VALID,Warning,WARN: High flow rate detected (Flood risk)
2026-08-13 22:00:00+00:00,4289.995199999999,VALID,1.763268,VALID,Warning,WARN: High flow rate detected (Flood risk)
2026-08-13 23:00:00+00:00,4304.1536,VALID,1.769364,VALID,Warning,WARN: High flow rate detected (Flood risk)
2026-08-14 00:00:00+00:00,4289.995199999999,VALID,1.7617440000000002,VALID,Warning,WARN: High flow rate detected (Flood risk)
2026-08-14 01:00:00+00:00,4304.1536,VALID,1.7693640000000002,VALID,Warning,WARN: High flow rate detected (Flood risk)
2026-08-14 02:00:00+00:00,4304.1536,VALID,1.769364,VALID,Warning,WARN: High flow rate detected (Flood risk)
2026-08-14 03:00:00+00:00,4289.995199999999,VALID,1.764792,VALID,Warning,WARN: High flow rate detected (Flood risk)
2026-08-14 04:00:00+00:00,4275.8368,VALID,1.7571720000000002,VALID,Warning,WARN: High flow rate detected (Flood risk)
2026-08-14 05:00:00+00:00,4304.1536,VALID,1.7739360000000002,VALID,Warning,WARN: High flow rate detected (Flood risk)
2026-08-14 06:00:00+00:00,4275.8368,VALID,1.7571720000000002,VALID,Warning,WARN: High flow rate detected (Flood risk)
2026-08-14 07:00:00+00:00,4289.995199999999,VALID,1.7663160000000002,VALID,Warning,WARN: High flow rate detected (Flood risk)
2026-08-14 08:00:00+00:00,4275.8368,VALID,1.7541240000000002,VALID,Warning,WARN: High flow rate detected (Flood risk)
2026-08-14 09:00:00+00:00,4275.8368,VALID,1.758696,VALID,Warning,WARN: High flow rate detected (Flood risk)
2026-08-14 10:00:00+00:00,4289.995199999999,VALID,1.7571720000000002,VALID,Warning,WARN: High flow rate detected (Flood risk)
2026-08-14 11:00:00+00:00,4275.8368,VALID,1.7495520000000002,VALID,Warning,WARN: High flow rate detected (Flood risk)
2026-08-14 12:00:00+00:00,4275.8368,VALID,1.7449800000000002,VALID,Warning,WARN: High flow rate detected (Flood risk)
2026-08-14 13:00:00+00:00,4261.6784,VALID,1.738884,VALID,Warning,WARN: High flow rate detected (Flood risk)
2026-08-14 14:00:00+00:00,4261.6784,VALID,1.734312,VALID,Warning,WARN: High flow rate detected (Flood risk)
2026-08-14 15:00:00+00:00,4261.6784,VALID,1.7434560000000001,VALID,Warning,WARN: High flow rate detected (Flood risk)
2026-08-14 16:00:00+00:00,4247.5199999999995,VALID,1.7221199999999999,VALID,Warning,WARN: High flow rate detected (Flood risk)
2026-08-14 17:00:00+00:00,4247.5199999999995,VALID,1.7221199999999999,VALID,Warning,WARN: High flow rate detected (Flood risk)
2026-08-14 18:00:00+00:00,4247.5199999999995,VALID,1.712976,VALID,Warning,WARN: High flow rate detected (Flood risk)
2026-08-14 19:00:00+00:00,4233.3616,VALID,1.7145000000000001,VALID,Warning,WARN: High flow rate detected (Flood risk)
2026-08-14 20:00:00+00:00,4261.6784,VALID,1.7327880000000002,VALID,Warning,WARN: High flow rate detected (Flood risk)
2026-08-14 21:00:00+00:00,4289.995199999999,VALID,1.763268,VALID,Warning,WARN: High flow rate detected (Flood risk)
2026-08-14 22:00:00+00:00,4318.312,VALID,1.787652,VALID,Warning,WARN: High flow rate detected (Flood risk)
2026-08-14 23:00:00+00:00,4346.6288,VALID,1.8227039999999999,VALID,Warning,WARN: High flow rate detected (Flood risk)
2026-08-15 00:00:00+00:00,4346.6288,VALID,1.8288000000000002,VALID,Warning,WARN: High flow rate detected (Flood risk)
2026-08-15 01:00:00+00:00,4374.9456,VALID,1.85166,VALID,Warning,WARN: High flow rate detected (Flood risk)
2026-08-15 02:00:00+00:00,4360.7872,VALID,1.8455640000000002,VALID,Warning,WARN: High flow rate detected (Flood risk)
2026-08-15 03:00:00+00:00,4389.104,VALID,1.868424,VALID,Warning,WARN: High flow rate detected (Flood risk)
2026-08-15 04:00:00+00:00,4403.2624,VALID,1.883664,VALID,Warning,WARN: High flow rate detected (Flood risk)
2026-08-15 05:00:00+00:00,4403.2624,VALID,1.8867120000000002,VALID,Warning,WARN: High flow rate detected (Flood risk)
2026-08-15 06:00:00+00:00,4417.4208,VALID,1.8912840000000002,VALID,Warning,WARN: High flow rate detected (Flood risk)
2026-08-15 07:00:00+00:00,4417.4208,VALID,1.8943320000000001,VALID,Warning,WARN: High flow rate detected (Flood risk)
2026-08-15 08:00:00+00:00,4417.4208,VALID,1.900428,VALID,Warning,WARN: High flow rate detected (Flood risk)
2026-08-15 09:00:00+00:00,4431.5792,VALID,1.908048,VALID,Warning,WARN: High flow rate detected (Flood risk)
2026-08-15 10:00:00+00:00,4417.4208,VALID,1.901952,VALID,Warning,WARN: High flow rate detected (Flood risk)
2026-08-15 11:00:00+00:00,4431.5792,VALID,1.9110960000000001,VALID,Warning,WARN: High flow rate detected (Flood risk)
2026-08-15 12:00:00+00:00,4417.4208,VALID,1.903476,VALID,Warning,WARN: High flow rate detected (Flood risk)
2026-08-15 13:00:00+00:00,4417.4208,VALID,1.903476,VALID,Warning,WARN: High flow rate detected (Flood risk)
2026-08-15 14:00:00+00:00,4459.896000000001,VALID,1.930908,VALID,Warning,WARN: High flow rate detected (Flood risk)
2026-08-15 15:00:00+00:00,4502.3712,VALID,1.9766280000000003,VALID,Warning,WARN: High flow rate detected (Flood risk)
2026-08-15 16:00:00+00:00,4544.8464,VALID,2.029968,VALID,Warning,WARN: High flow rate detected (Flood risk)
2026-08-15 17:00:00+00:00,4615.6384,VALID,2.093976,VALID,Warning,WARN: High flow rate detected (Flood risk)
2026-08-15 18:00:00+00:00,4658.113600000001,VALID,2.1442680000000003,VALID,Warning,WARN: High flow rate detected (Flood risk)
2026-08-15 19:00:00+00:00,4700.5887999999995,VALID,2.1823680000000003,VALID,Warning,WARN: High flow rate detected (Flood risk)
2026-08-15 20:00:00+00:00,4771.3808,VALID,2.243328,VALID,Warning,WARN: High flow rate detected (Flood risk)
2026-08-15 21:00:00+00:00,4842.1728,VALID,2.3241,VALID,Warning,WARN: High flow rate detected (Flood risk)
2026-08-15 22:00:00+00:00,4955.4400000000005,VALID,2.4201119999999996,VALID,Warning,WARN: High flow rate detected (Flood risk)
2026-08-15 23:00:00+00:00,5040.3904,VALID,2.511552,VALID,Warning,WARN: High flow rate detected (Flood risk)
2026-08-16 00:00:00+00:00,5139.4992,VALID,2.59842,VALID,Warning,WARN: High flow rate detected (Flood risk)
2026-08-16 01:00:00+00:00,5224.4496,VALID,2.677668,VALID,Warning,WARN: High flow rate detected (Flood risk)
2026-08-16 02:00:00+00:00,5295.241599999999,VALID,2.7386280000000003,VALID,Warning,WARN: High flow rate detected (Flood risk)
2026-08-16 03:00:00+00:00,5337.7168,VALID,2.787396,VALID,Warning,WARN: High flow rate detected (Flood risk)
2026-08-16 04:00:00+00:00,5394.350399999999,VALID,2.8392120000000003,VALID,Warning,WARN: High flow rate detected (Flood risk)
2026-08-16 05:00:00+00:00,5408.5088,VALID,2.859024,VALID,Warning,WARN: High flow rate detected (Flood risk)
2026-08-16 06:00:00+00:00,5450.984,VALID,2.889504,VALID,Warning,WARN: High flow rate detected (Flood risk)
2026-08-16 07:00:00+00:00,5465.1424,VALID,2.9016960000000003,VALID,Warning,WARN: High flow rate detected (Flood risk)
2026-08-16 08:00:00+00:00,5479.3008,VALID,2.9199840000000004,VALID,Warning,WARN: High flow rate detected (Flood risk)
2026-08-16 09:00:00+00:00,5479.3008,VALID,2.919984,VALID,Warning,WARN: High flow rate detected (Flood risk)
2026-08-16 10:00:00+00:00,5493.4592,VALID,2.94132,VALID,Warning,WARN: High flow rate detected (Flood risk)
2026-08-16 11:00:00+00:00,5493.4592,VALID,2.944368,VALID,Warning,WARN: High flow rate detected (Flood risk)
2026-08-16 12:00:00+00:00,5521.776,VALID,2.951988,VALID,Warning,WARN: High flow rate detected (Flood risk)
2026-08-16 13:00:00+00:00,5521.776,VALID,2.9687520000000003,VALID,Warning,WARN: High flow rate detected (Flood risk)
2026-08-16 14:00:00+00:00,5507.6176,VALID,2.95656,VALID,Warning,WARN: High flow rate detected (Flood risk)
2026-08-16 15:00:00+00:00,5550.0928,VALID,2.980944,VALID,Warning,WARN: High flow rate detected (Flood risk)
2026-08-16 16:00:00+00:00,5550.0928,VALID,2.9961840000000004,VALID,Warning,WARN: High flow rate detected (Flood risk)
2026-08-16 17:00:00+00:00,5550.0928,VALID,2.9931360000000002,VALID,Warning,WARN: High flow rate detected (Flood risk)
2026-08-16 18:00:00+00:00,5564.251200000001,VALID,3.0099,VALID,Warning,WARN: High flow rate detected (Flood risk)
2026-08-16 19:00:00+00:00,5592.567999999999,VALID,3.041904,VALID,Warning,WARN: High flow rate detected (Flood risk)
2026-08-16 20:00:00+00:00,5719.9936,VALID,3.14706,VALID,Warning,WARN: High flow rate detected (Flood risk)
2026-08-16 21:00:00+00:00,5819.1024,VALID,3.2461200000000003,VALID,Warning,WARN: High flow rate detected (Flood risk)
2026-08-16 22:00:00+00:00,5932.3696,VALID,3.34518,VALID,Warning,WARN: High flow rate detected (Flood risk)
2026-08-16 23:00:00+00:00,6031.4784,VALID,3.448812,VALID,Warning,WARN: High flow rate detected (Flood risk)
2026-08-17 00:00:00+00:00,6088.111999999999,VALID,3.493008,VALID,Warning,WARN: High flow rate detected (Flood risk)
2026-08-17 01:00:00+00:00,6158.904,VALID,3.5600640000000006,VALID,Warning,WARN: High flow rate detected (Flood risk)
2026-08-17 02:00:00+00:00,6173.0624,VALID,3.5753040000000005,VALID,Warning,WARN: High flow rate detected (Flood risk)
2026-08-17 03:00:00+00:00,6229.696,VALID,3.624072,VALID,Warning,WARN: High flow rate detected (Flood risk)
2026-08-17 04:00:00+00:00,6286.329599999999,VALID,3.678936,VALID,Warning,WARN: High flow rate detected (Flood risk)
2026-08-17 05:00:00+00:00,6342.9632,VALID,3.7338,VALID,Warning,WARN: High flow rate detected (Flood risk)
2026-08-17 06:00:00+00:00,6413.7552,VALID,3.7795199999999998,VALID,Warning,WARN: High flow rate detected (Flood risk)
2026-08-17 07:00:00+00:00,6427.9136,VALID,3.813048,VALID,Warning,WARN: High flow rate detected (Flood risk)
2026-08-17 08:00:00+00:00,6442.072,VALID,3.8206680000000004,VALID,Warning,WARN: High flow rate detected (Flood risk)
2026-08-17 09:00:00+00:00,6470.3888,VALID,3.843528,VALID,Warning,WARN: High flow rate detected (Flood risk)
2026-08-17 10:00:00+00:00,6470.3888,VALID,3.838956,VALID,Warning,WARN: High flow rate detected (Flood risk)
2026-08-17 11:00:00+00:00,6484.5472,VALID,3.8496240000000004,VALID,Warning,WARN: High flow rate detected (Flood risk)
2026-08-17 12:00:00+00:00,6498.705599999999,VALID,3.86334,VALID,Warning,WARN: High flow rate detected (Flood risk)
2026-08-17 13:00:00+00:00,6498.705599999999,VALID,3.8648640000000003,VALID,Warning,WARN: High flow rate detected (Flood risk)
2026-08-17 14:00:00+00:00,6512.864,VALID,3.8755320000000006,VALID,Warning,WARN: High flow rate detected (Flood risk)
2026-08-17 15:00:00+00:00,6512.864,VALID,3.880104,VALID,Warning,WARN: High flow rate detected (Flood risk)
2026-08-17 16:00:00+00:00,6527.0224,VALID,3.8953439999999997,VALID,Warning,WARN: High flow rate detected (Flood risk)
2026-08-17 17:00:00+00:00,6541.1808,VALID,3.906012,VALID,Warning,WARN: High flow rate detected (Flood risk)
2026-08-17 18:00:00+00:00,6541.1808,VALID,3.9060120000000005,VALID,Warning,WARN: High flow rate detected (Flood risk)
2026-08-17 19:00:00+00:00,6583.656,VALID,3.93954,VALID,Warning,WARN: High flow rate detected (Flood risk)
2026-08-17 20:00:00+00:00,6569.497600000001,VALID,3.9364920000000003,VALID,Warning,WARN: High flow rate detected (Flood risk)
2026-08-17 21:00:00+00:00,6611.9728,VALID,3.976116,VALID,Warning,WARN: High flow rate detected (Flood risk)
2026-08-17 22:00:00+00:00,6640.2896,VALID,3.997452,VALID,Warning,WARN: High flow rate detected (Flood risk)
2026-08-17 23:00:00+00:00,6668.606400000001,VALID,4.014216000000001,VALID,Warning,WARN: High flow rate detected (Flood risk)
2026-08-18 00:00:00+00:00,6711.0815999999995,VALID,4.052316,VALID,Warning,WARN: High flow rate detected (Flood risk)
2026-08-18 01:00:00+00:00,6725.24,VALID,4.06146,VALID,Warning,WARN: High flow rate detected (Flood risk)
2026-08-18 02:00:00+00:00,6711.0815999999995,VALID,4.052315999999999,VALID,Warning,WARN: High flow rate detected (Flood risk)
2026-08-18 03:00:00+00:00,6711.0815999999995,VALID,4.056888,VALID,Warning,WARN: High flow rate detected (Flood risk)
2026-08-18 04:00:00+00:00,6725.24,VALID,4.064508,VALID,Warning,WARN: High flow rate detected (Flood risk)
2026-08-18 05:00:00+00:00,6711.0815999999995,VALID,4.066032,VALID,Warning,WARN: High flow rate detected (Flood risk)
2026-08-18 06:00:00+00:00,6725.24,VALID,4.070604,VALID,Warning,WARN: High flow rate detected (Flood risk)
2026-08-18 07:00:00+00:00,6725.24,VALID,4.066032,VALID,Warning,WARN: High flow rate detected (Flood risk)
2026-08-18 08:00:00+00:00,6725.24,VALID,4.076700000000001,VALID,Warning,WARN: High flow rate detected (Flood risk)
2026-08-18 09:00:00+00:00,6739.3984,VALID,4.0782240000000005,VALID,Warning,WARN: High flow rate detected (Flood risk)
2026-08-18 10:00:00+00:00,6739.3984,VALID,4.075176000000001,VALID,Warning,WARN: High flow rate detected (Flood risk)
2026-08-18 11:00:00+00:00,6739.3984,VALID,4.073652,VALID,Warning,WARN: High flow rate detected (Flood risk)
2026-08-18 12:00:00+00:00,6739.3984,VALID,4.075176,VALID,Warning,WARN: High flow rate detected (Flood risk)
2026-08-18 13:00:00+00:00,6739.3984,VALID,4.076700000000001,VALID,Warning,WARN: High flow rate detected (Flood risk)
2026-08-18 14:00:00+00:00,6725.24,VALID,4.066032,VALID,Warning,WARN: High flow rate detected (Flood risk)
2026-08-18 15:00:00+00:00,6711.0815999999995,VALID,4.064508,VALID,Warning,WARN: High flow rate detected (Flood risk)
2026-08-18 16:00:00+00:00,6696.923199999999,VALID,4.04622,VALID,Warning,WARN: High flow rate detected (Flood risk)
2026-08-18 17:00:00+00:00,6711.0815999999995,VALID,4.059936,VALID,Warning,WARN: High flow rate detected (Flood risk)
2026-08-18 18:00:00+00:00,6725.24,VALID,4.06146,VALID,Warning,WARN: High flow rate detected (Flood risk)
2026-08-18 19:00:00+00:00,6711.0815999999995,VALID,4.05384,VALID,Warning,WARN: High flow rate detected (Flood risk)
2026-08-18 20:00:00+00:00,6711.0815999999995,VALID,4.049268,VALID,Warning,WARN: High flow rate detected (Flood risk)
2026-08-18 21:00:00+00:00,6696.923199999999,VALID,4.047744,VALID,Warning,WARN: High flow rate detected (Flood risk)
2026-08-18 22:00:00+00:00,6711.0815999999995,VALID,4.049268,VALID,Warning,WARN: High flow rate detected (Flood risk)
2026-08-18 23:00:00+00:00,6682.7648,VALID,4.037076000000001,VALID,Warning,WARN: High flow rate detected (Flood risk)
2026-08-19 00:00:00+00:00,6682.7648,VALID,4.02336,VALID,Warning,WARN: High flow rate detected (Flood risk)
2026-08-19 01:00:00+00:00,6682.7648,VALID,4.018788,VALID,Warning,WARN: High flow rate detected (Flood risk)
2026-08-19 02:00:00+00:00,6682.7648,VALID,4.0203120000000006,VALID,Warning,WARN: High flow rate detected (Flood risk)
2026-08-19 03:00:00+00:00,6654.448,VALID,4.0005,VALID,Warning,WARN: High flow rate detected (Flood risk)
2026-08-19 04:00:00+00:00,6654.448,VALID,3.995928,VALID,Warning,WARN: High flow rate detected (Flood risk)
2026-08-19 05:00:00+00:00,6640.2896,VALID,3.9944040000000003,VALID,Warning,WARN: High flow rate detected (Flood risk)
2026-08-19 06:00:00+00:00,6654.448,VALID,4.0005,VALID,Warning,WARN: High flow rate detected (Flood risk)
2026-08-19 07:00:00+00:00,6640.2896,VALID,4.000500000000001,VALID,Warning,WARN: High flow rate detected (Flood risk)
2026-08-19 08:00:00+00:00,6626.1312,VALID,3.976116,VALID,Warning,WARN: High flow rate detected (Flood risk)
2026-08-19 09:00:00+00:00,6597.8144,VALID,3.953256,VALID,Warning,WARN: High flow rate detected (Flood risk)
2026-08-19 10:00:00+00:00,6611.9728,VALID,3.968496,VALID,Warning,WARN: High flow rate detected (Flood risk)
2026-08-19 11:00:00+00:00,6583.656,VALID,3.950208,VALID,Warning,WARN: High flow rate detected (Flood risk)
2026-08-19 12:00:00+00:00,6611.9728,VALID,3.966972,VALID,Warning,WARN: High flow rate detected (Flood risk)
2026-08-19 13:00:00+00:00,6611.9728,VALID,3.9624,VALID,Warning,WARN: High flow rate detected (Flood risk)
2026-08-19 14:00:00+00:00,6597.8144,VALID,3.950208,VALID,Warning,WARN: High flow rate detected (Flood risk)
2026-08-19 15:00:00+00:00,6597.8144,VALID,3.9563040000000003,VALID,Warning,WARN: High flow rate detected (Flood risk)
2026-08-19 16:00:00+00:00,6597.8144,VALID,3.950208,VALID,Warning,WARN: High flow rate detected (Flood risk)
2026-08-19 17:00:00+00:00,6597.8144,VALID,3.9517320000000007,VALID,Warning,WARN: High flow rate detected (Flood risk)
2026-08-19 18:00:00+00:00,6611.9728,VALID,3.963924,VALID,Warning,WARN: High flow rate detected (Flood risk)
2026-08-19 19:00:00+00:00,6583.656,VALID,3.9425879999999998,VALID,Warning,WARN: High flow rate detected (Flood risk)
2026-08-19 20:00:00+00:00,6541.1808,VALID,3.9044880000000006,VALID,Warning,WARN: High flow rate detected (Flood risk)
2026-08-19 21:00:00+00:00,6470.3888,VALID,3.8404800000000003,VALID,Warning,WARN: High flow rate detected (Flood risk)
2026-08-19 22:00:00+00:00,6399.596799999999,VALID,3.7719000000000005,VALID,Warning,WARN: High flow rate detected (Flood risk)
2026-08-19 23:00:00+00:00,6314.6464,VALID,3.698748,VALID,Warning,WARN: High flow rate detected (Flood risk)
2026-08-20 00:00:00+00:00,6229.696,VALID,3.622548,VALID,Warning,WARN: High flow rate detected (Flood risk)
2026-08-20 01:00:00+00:00,6144.7456,VALID,3.5539680000000002,VALID,Warning,WARN: High flow rate detected (Flood risk)
2026-08-20 02:00:00+00:00,6102.270399999999,VALID,3.5082480000000005,VALID,Warning,WARN: High flow rate detected (Flood risk)
2026-08-20 03:00:00+00:00,6045.6368,VALID,3.45948,VALID,Warning,WARN: High flow rate detected (Flood risk)
2026-08-20 04:00:00+00:00,6017.32,VALID,3.42138,VALID,Warning,WARN: High flow rate detected (Flood risk)
2026-08-20 05:00:00+00:00,5974.8448,VALID,3.3939480000000004,VALID,Warning,WARN: High flow rate detected (Flood risk)
2026-08-20 06:00:00+00:00,5946.528,VALID,3.3619440000000003,VALID,Warning,WARN: High flow rate detected (Flood risk)
2026-08-20 07:00:00+00:00,5904.0527999999995,VALID,3.334512,VALID,Warning,WARN: High flow rate detected (Flood risk)
2026-08-20 08:00:00+00:00,5889.8944,VALID,3.3162240000000005,VALID,Warning,WARN: High flow rate detected (Flood risk)
2026-08-20 09:00:00+00:00,5889.8944,VALID,3.3131760000000003,VALID,Warning,WARN: High flow rate detected (Flood risk)
2026-08-20 10:00:00+00:00,5875.736,VALID,3.300984,VALID,Warning,WARN: High flow rate detected (Flood risk)
2026-08-20 11:00:00+00:00,5861.5776,VALID,3.287268,VALID,Warning,WARN: High flow rate detected (Flood risk)
2026-08-20 12:00:00+00:00,5861.5776,VALID,3.285744,VALID,Warning,WARN: High flow rate detected (Flood risk)
2026-08-20 13:00:00+00:00,5861.5776,VALID,3.285744,VALID,Warning,WARN: High flow rate detected (Flood risk)
2026-08-20 14:00:00+00:00,5833.2608,VALID,3.26136,VALID,Warning,WARN: High flow rate detected (Flood risk)
2026-08-20 15:00:00+00:00,5847.4192,VALID,3.272028,VALID,Warning,WARN: High flow rate detected (Flood risk)
2026-08-20 16:00:00+00:00,5847.4192,VALID,3.270504,VALID,Warning,WARN: High flow rate detected (Flood risk)
2026-08-20 17:00:00+00:00,5833.2608,VALID,3.267456,VALID,Warning,WARN: High flow rate detected (Flood risk)
2026-08-20 18:00:00+00:00,5833.2608,VALID,3.26136,VALID,Warning,WARN: High flow rate detected (Flood risk)
2026-08-20 19:00:00+00:00,5819.1024,VALID,3.2430719999999997,VALID,Warning,WARN: High flow rate detected (Flood risk)
2026-08-20 20:00:00+00:00,5819.1024,VALID,3.249168,VALID,Warning,WARN: High flow rate detected (Flood risk)
2026-08-20 21:00:00+00:00,5833.2608,VALID,3.25374,VALID,Warning,WARN: High flow rate detected (Flood risk)
2026-08-20 22:00:00+00:00,5819.1024,VALID,3.2567880000000002,VALID,Warning,WARN: High flow rate detected (Flood risk)
2026-08-20 23:00:00+00:00,5833.2608,VALID,3.259836,VALID,Warning,WARN: High flow rate detected (Flood risk)
2026-08-21 00:00:00+00:00,5819.1024,VALID,3.247644,VALID,Warning,WARN: High flow rate detected (Flood risk)
2026-08-21 01:00:00+00:00,5833.2608,VALID,3.25374,VALID,Warning,WARN: High flow rate detected (Flood risk)
2026-08-21 02:00:00+00:00,5819.1024,VALID,3.249168,VALID,Warning,WARN: High flow rate detected (Flood risk)
2026-08-21 03:00:00+00:00,5819.1024,VALID,3.249168,VALID,Warning,WARN: High flow rate detected (Flood risk)
2026-08-21 04:00:00+00:00,5804.9439999999995,VALID,3.240024,VALID,Warning,WARN: High flow rate detected (Flood risk)
2026-08-21 05:00:00+00:00,5833.2608,VALID,3.250692,VALID,Warning,WARN: High flow rate detected (Flood risk)
2026-08-21 06:00:00+00:00,5804.9439999999995,VALID,3.2339279999999997,VALID,Warning,WARN: High flow rate detected (Flood risk)
2026-08-21 07:00:00+00:00,5804.9439999999995,VALID,3.2415480000000003,VALID,Warning,WARN: High flow rate detected (Flood risk)
2026-08-21 08:00:00+00:00,5804.9439999999995,VALID,3.232404,VALID,Warning,WARN: High flow rate detected (Flood risk)
2026-08-21 09:00:00+00:00,5790.785599999999,VALID,3.220212,VALID,Warning,WARN: High flow rate detected (Flood risk)
2026-08-21 10:00:00+00:00,5804.9439999999995,VALID,3.2232600000000002,VALID,Warning,WARN: High flow rate detected (Flood risk)
2026-08-21 11:00:00+00:00,5804.9439999999995,VALID,3.224784,VALID,Warning,WARN: High flow rate detected (Flood risk)
