,Streamflow,Streamflow_qa_flag,Gage height,Gage height_qa_flag,DCP battery voltage,DCP battery voltage_qa_flag,Station_State,Active_Alarms
2026-04-23 07:00:00+00:00,0.79711792,VALID,0.619506,VALID,12.9,VALID,Warning,WARN: Low flow rate detected
2026-04-23 08:00:00+00:00,0.7928704,VALID,0.618744,VALID,12.9,VALID,Warning,WARN: Low flow rate detected
2026-04-23 09:00:00+00:00,0.80136544,VALID,0.620268,VALID,12.9,VALID,Warning,WARN: Low flow rate detected
2026-04-23 10:00:00+00:00,0.80136544,VALID,0.620268,VALID,12.9,VALID,Warning,WARN: Low flow rate detected
2026-04-23 11:00:00+00:00,0.79711792,VALID,0.619506,VALID,12.8,VALID,Warning,WARN: Low flow rate detected
2026-04-23 12:00:00+00:00,0.7928704,VALID,0.618744,VALID,12.8,VALID,Warning,WARN: Low flow rate detected
2026-04-23 13:00:00+00:00,0.7879149599999999,VALID,0.617982,VALID,12.7,VALID,Warning,WARN: Low flow rate detected
2026-04-23 14:00:00+00:00,0.7879149599999999,VALID,0.617982,VALID,12.7,VALID,Warning,WARN: Low flow rate detected
2026-04-23 15:00:00+00:00,0.7879149599999999,VALID,0.617982,VALID,12.9,VALID,Warning,WARN: Low flow rate detected
2026-04-23 16:00:00+00:00,0.78295952,VALID,0.61722,VALID,14.1,VALID,Warning,WARN: Low flow rate detected
2026-04-23 17:00:00+00:00,0.78154368,VALID,0.61722,VALID,13.9,VALID,Warning,WARN: Low flow rate detected
2026-04-23 18:00:00+00:00,0.79003872,VALID,0.618744,VALID,14.2,VALID,Warning,WARN: Low flow rate detected
2026-04-23 19:00:00+00:00,0.79003872,VALID,0.618744,VALID,14.2,VALID,Warning,WARN: Low flow rate detected
2026-04-23 20:00:00+00:00,0.78154368,VALID,0.61722,VALID,14.1,VALID,Warning,WARN: Low flow rate detected
2026-04-23 21:00:00+00:00,0.77729616,VALID,0.616458,VALID,14.1,VALID,Warning,WARN: Low flow rate detected
2026-04-23 22:00:00+00:00,0.79003872,VALID,0.618744,VALID,14.0,VALID,Warning,WARN: Low flow rate detected
2026-04-23 23:00:00+00:00,0.79853376,VALID,0.620268,VALID,14.0,VALID,Warning,WARN: Low flow rate detected
2026-04-24 00:00:00+00:00,0.7857912,VALID,0.617982,VALID,13.9,VALID,Warning,WARN: Low flow rate detected
2026-04-24 01:00:00+00:00,0.79003872,VALID,0.618744,VALID,13.9,VALID,Warning,WARN: Low flow rate detected
2026-04-24 02:00:00+00:00,0.7857912,VALID,0.617982,VALID,13.9,VALID,Warning,WARN: Low flow rate detected
2026-04-24 03:00:00+00:00,0.7942862399999999,VALID,0.619506,VALID,13.3,VALID,Warning,WARN: Low flow rate detected
2026-04-24 04:00:00+00:00,0.7942862399999999,VALID,0.619506,VALID,13.0,VALID,Warning,WARN: Low flow rate detected
2026-04-24 05:00:00+00:00,0.80278128,VALID,0.62103,VALID,13.0,VALID,Warning,WARN: Low flow rate detected
2026-04-24 06:00:00+00:00,0.79853376,VALID,0.620268,VALID,13.0,VALID,Warning,WARN: Low flow rate detected
2026-04-24 07:00:00+00:00,0.7942862399999999,VALID,0.619506,VALID,12.9,VALID,Warning,WARN: Low flow rate detected
2026-04-24 08:00:00+00:00,0.79003872,VALID,0.618744,VALID,12.9,VALID,Warning,WARN: Low flow rate detected
2026-04-24 09:00:00+00:00,0.78366744,VALID,0.617982,VALID,12.9,VALID,Warning,WARN: Low flow rate detected
2026-04-24 10:00:00+00:00,0.77021696,VALID,0.615696,VALID,12.8,VALID,Warning,WARN: Low flow rate detected
2026-04-24 11:00:00+00:00,0.77021696,VALID,0.615696,VALID,12.8,VALID,Warning,WARN: Low flow rate detected
2026-04-24 12:00:00+00:00,0.7574744,VALID,0.61341,VALID,12.8,VALID,Warning,WARN: Low flow rate detected
2026-04-24 13:00:00+00:00,0.75322688,VALID,0.612648,VALID,12.7,VALID,Warning,WARN: Low flow rate detected
2026-04-24 14:00:00+00:00,0.75322688,VALID,0.612648,VALID,12.7,VALID,Warning,WARN: Low flow rate detected
2026-04-24 15:00:00+00:00,0.7489793600000001,VALID,0.6118859999999999,VALID,12.8,VALID,Warning,WARN: Low flow rate detected
2026-04-24 16:00:00+00:00,0.74473184,VALID,0.611124,VALID,14.2,VALID,Warning,WARN: Low flow rate detected
2026-04-24 17:00:00+00:00,0.74473184,VALID,0.611124,VALID,14.2,VALID,Warning,WARN: Low flow rate detected
2026-04-24 18:00:00+00:00,0.7489793600000001,VALID,0.6118859999999999,VALID,14.2,VALID,Warning,WARN: Low flow rate detected
2026-04-24 19:00:00+00:00,0.7489793600000001,VALID,0.6118859999999999,VALID,14.2,VALID,Warning,WARN: Low flow rate detected
2026-04-24 20:00:00+00:00,0.7489793600000001,VALID,0.6118859999999999,VALID,14.1,VALID,Warning,WARN: Low flow rate detected
2026-04-24 21:00:00+00:00,0.74048432,VALID,0.6103620000000001,VALID,14.0,VALID,Warning,WARN: Low flow rate detected
2026-04-24 22:00:00+00:00,0.7227863199999999,VALID,0.607314,VALID,14.0,VALID,Warning,WARN: Low flow rate detected
2026-04-24 23:00:00+00:00,0.7263259199999998,VALID,0.6080760000000001,VALID,14.0,VALID,Warning,WARN: Low flow rate detected
2026-04-25 00:00:00+00:00,0.71712296,VALID,0.606552,VALID,13.9,VALID,Warning,WARN: Low flow rate detected
2026-04-25 01:00:00+00:00,0.71641504,VALID,0.606552,VALID,13.9,VALID,Warning,WARN: Low flow rate detected
2026-04-25 02:00:00+00:00,0.71641504,VALID,0.606552,VALID,13.8,VALID,Warning,WARN: Low flow rate detected
2026-04-25 03:00:00+00:00,0.71641504,VALID,0.606552,VALID,13.4,VALID,Warning,WARN: Low flow rate detected
2026-04-25 04:00:00+00:00,0.72066256,VALID,0.607314,VALID,13.0,VALID,Warning,WARN: Low flow rate detected
2026-04-25 05:00:00+00:00,0.7249100799999999,VALID,0.6080760000000001,VALID,13.0,VALID,Warning,WARN: Low flow rate detected
2026-04-25 06:00:00+00:00,0.7249100799999999,VALID,0.6080760000000001,VALID,13.0,VALID,Warning,WARN: Low flow rate detected
2026-04-25 07:00:00+00:00,0.7291576,VALID,0.608838,VALID,12.9,VALID,Warning,WARN: Low flow rate detected
2026-04-25 08:00:00+00:00,0.7334051199999999,VALID,0.6096,VALID,12.9,VALID,Warning,WARN: Low flow rate detected
2026-04-25 09:00:00+00:00,0.7334051199999999,VALID,0.6096,VALID,12.9,VALID,Warning,WARN: Low flow rate detected
2026-04-25 10:00:00+00:00,0.7334051199999999,VALID,0.6096,VALID,12.9,VALID,Warning,WARN: Low flow rate detected
2026-04-25 11:00:00+00:00,0.7334051199999999,VALID,0.6096,VALID,12.8,VALID,Warning,WARN: Low flow rate detected
2026-04-25 12:00:00+00:00,0.74614768,VALID,0.6118859999999999,VALID,12.8,VALID,Warning,WARN: Low flow rate detected
2026-04-25 13:00:00+00:00,0.7334051199999999,VALID,0.6096,VALID,12.8,VALID,Warning,WARN: Low flow rate detected
2026-04-25 14:00:00+00:00,0.74543976,VALID,0.6118859999999999,VALID,12.7,VALID,Warning,WARN: Low flow rate detected
2026-04-25 15:00:00+00:00,0.743316,VALID,0.6118859999999999,VALID,13.4,VALID,Warning,WARN: Low flow rate detected
2026-04-25 16:00:00+00:00,0.743316,VALID,0.6118859999999999,VALID,14.3,VALID,Warning,WARN: Low flow rate detected
2026-04-25 17:00:00+00:00,0.73906848,VALID,0.611124,VALID,14.2,VALID,Warning,WARN: Low flow rate detected
2026-04-25 18:00:00+00:00,0.73057344,VALID,0.6096,VALID,14.1,VALID,Warning,WARN: Low flow rate detected
2026-04-25 19:00:00+00:00,0.73057344,VALID,0.6096,VALID,14.1,VALID,Warning,WARN: Low flow rate detected
2026-04-25 20:00:00+00:00,0.73906848,VALID,0.611124,VALID,14.1,VALID,Warning,WARN: Low flow rate detected
2026-04-25 21:00:00+00:00,0.72632592,VALID,0.608838,VALID,14.0,VALID,Warning,WARN: Low flow rate detected
2026-04-25 22:00:00+00:00,0.7220784,VALID,0.6080760000000001,VALID,14.0,VALID,Warning,WARN: Low flow rate detected
2026-04-25 23:00:00+00:00,0.7263259200000001,VALID,0.608838,VALID,14.0,VALID,Warning,WARN: Low flow rate detected
2026-04-26 00:00:00+00:00,0.73057344,VALID,0.6096,VALID,14.0,VALID,Warning,WARN: Low flow rate detected
2026-04-26 01:00:00+00:00,0.73057344,VALID,0.6096,VALID,14.0,VALID,Warning,WARN: Low flow rate detected
2026-04-26 02:00:00+00:00,0.73057344,VALID,0.6096,VALID,13.7,VALID,Warning,WARN: Low flow rate detected
2026-04-26 03:00:00+00:00,0.73057344,VALID,0.6096,VALID,13.1,VALID,Warning,WARN: Low flow rate detected
2026-04-26 04:00:00+00:00,0.73057344,VALID,0.6096,VALID,13.0,VALID,Warning,WARN: Low flow rate detected
2026-04-26 05:00:00+00:00,0.743316,VALID,0.6118859999999999,VALID,13.0,VALID,Warning,WARN: Low flow rate detected
2026-04-26 06:00:00+00:00,0.73906848,VALID,0.611124,VALID,13.0,VALID,Warning,WARN: Low flow rate detected
2026-04-26 07:00:00+00:00,0.73906848,VALID,0.611124,VALID,12.9,VALID,Warning,WARN: Low flow rate detected
2026-04-26 08:00:00+00:00,0.74473184,VALID,0.612648,VALID,12.9,VALID,Warning,WARN: Low flow rate detected
2026-04-26 09:00:00+00:00,0.74473184,VALID,0.612648,VALID,12.9,VALID,Warning,WARN: Low flow rate detected
2026-04-26 10:00:00+00:00,0.74048432,VALID,0.6118859999999999,VALID,12.9,VALID,Warning,WARN: Low flow rate detected
2026-04-26 11:00:00+00:00,0.74473184,VALID,0.612648,VALID,12.9,VALID,Warning,WARN: Low flow rate detected
2026-04-26 12:00:00+00:00,0.74048432,VALID,0.6118859999999999,VALID,12.8,VALID,Warning,WARN: Low flow rate detected
2026-04-26 13:00:00+00:00,0.74897936,VALID,0.61341,VALID,12.8,VALID,Warning,WARN: Low flow rate detected
2026-04-26 14:00:00+00:00,0.7532268799999999,VALID,0.6141719999999999,VALID,12.8,VALID,Warning,WARN: Low flow rate detected
2026-04-26 15:00:00+00:00,0.7574744,VALID,0.614934,VALID,12.8,VALID,Warning,WARN: Low flow rate detected
2026-04-26 16:00:00+00:00,0.7617219199999999,VALID,0.615696,VALID,13.8,VALID,Warning,WARN: Low flow rate detected
2026-04-26 17:00:00+00:00,0.7617219199999999,VALID,0.615696,VALID,13.6,VALID,Warning,WARN: Low flow rate detected
2026-04-26 18:00:00+00:00,0.7574744,VALID,0.614934,VALID,14.2,VALID,Warning,WARN: Low flow rate detected
2026-04-26 19:00:00+00:00,0.7617219199999999,VALID,0.615696,VALID,14.1,VALID,Warning,WARN: Low flow rate detected
2026-04-26 20:00:00+00:00,0.7659694399999999,VALID,0.616458,VALID,14.1,VALID,Warning,WARN: Low flow rate detected
2026-04-26 21:00:00+00:00,0.7659694399999999,VALID,0.616458,VALID,14.1,VALID,Warning,WARN: Low flow rate detected
2026-04-26 22:00:00+00:00,0.7617219199999999,VALID,0.615696,VALID,14.1,VALID,Warning,WARN: Low flow rate detected
2026-04-26 23:00:00+00:00,0.7574744,VALID,0.614934,VALID,14.0,VALID,Warning,WARN: Low flow rate detected
2026-04-27 00:00:00+00:00,0.7440239200000001,VALID,0.612648,VALID,14.0,VALID,Warning,WARN: Low flow rate detected
2026-04-27 01:00:00+00:00,0.7468556,VALID,0.61341,VALID,13.8,VALID,Warning,WARN: Low flow rate detected
2026-04-27 02:00:00+00:00,0.74614768,VALID,0.61341,VALID,14.0,VALID,Warning,WARN: Low flow rate detected
2026-04-27 03:00:00+00:00,0.7503952,VALID,0.6141719999999999,VALID,13.2,VALID,Warning,WARN: Low flow rate detected
2026-04-27 04:00:00+00:00,0.75464272,VALID,0.614934,VALID,13.0,VALID,Warning,WARN: Low flow rate detected
2026-04-27 05:00:00+00:00,0.75889024,VALID,0.615696,VALID,13.0,VALID,Warning,WARN: Low flow rate detected
2026-04-27 06:00:00+00:00,0.75889024,VALID,0.615696,VALID,13.0,VALID,Warning,WARN: Low flow rate detected
2026-04-27 07:00:00+00:00,0.7673852800000001,VALID,0.61722,VALID,12.9,VALID,Warning,WARN: Low flow rate detected
2026-04-27 08:00:00+00:00,0.76313776,VALID,0.616458,VALID,12.9,VALID,Warning,WARN: Low flow rate detected
2026-04-27 09:00:00+00:00,0.7673852800000001,VALID,0.61722,VALID,12.9,VALID,Warning,WARN: Low flow rate detected
2026-04-27 10:00:00+00:00,0.76313776,VALID,0.616458,VALID,12.9,VALID,Warning,WARN: Low flow rate detected
2026-04-27 11:00:00+00:00,0.77588032,VALID,0.618744,VALID,12.8,VALID,Warning,WARN: Low flow rate detected
2026-04-27 12:00:00+00:00,0.7716328,VALID,0.617982,VALID,12.8,VALID,Warning,WARN: Low flow rate detected
2026-04-27 13:00:00+00:00,0.7716328,VALID,0.617982,VALID,12.8,VALID,Warning,WARN: Low flow rate detected
2026-04-27 14:00:00+00:00,0.77588032,VALID,0.618744,VALID,12.7,VALID,Warning,WARN: Low flow rate detected
2026-04-27 15:00:00+00:00,0.78012784,VALID,0.619506,VALID,13.0,VALID,Warning,WARN: Low flow rate detected
2026-04-27 16:00:00+00:00,0.78012784,VALID,0.619506,VALID,14.2,VALID,Warning,WARN: Low flow rate detected
2026-04-27 17:00:00+00:00,0.78012784,VALID,0.619506,VALID,14.2,VALID,Warning,WARN: Low flow rate detected
2026-04-27 18:00:00+00:00,0.7659694399999999,VALID,0.61722,VALID,14.2,VALID,Warning,WARN: Low flow rate detected
2026-04-27 19:00:00+00:00,0.7928704,VALID,0.621792,VALID,14.2,VALID,Warning,WARN: Low flow rate detected
2026-04-27 20:00:00+00:00,0.7730486400000001,VALID,0.618744,VALID,14.1,VALID,Warning,WARN: Low flow rate detected
2026-04-27 21:00:00+00:00,0.7730486400000001,VALID,0.618744,VALID,14.1,VALID,Warning,WARN: Low flow rate detected
2026-04-27 22:00:00+00:00,0.7780040800000001,VALID,0.619506,VALID,14.1,VALID,Warning,WARN: Low flow rate detected
2026-04-27 23:00:00+00:00,0.7822516,VALID,0.620268,VALID,14.0,VALID,Warning,WARN: Low flow rate detected
2026-04-28 00:00:00+00:00,0.7857912,VALID,0.62103,VALID,14.0,VALID,Warning,WARN: Low flow rate detected
2026-04-28 01:00:00+00:00,0.76880112,VALID,0.617982,VALID,14.0,VALID,Warning,WARN: Low flow rate detected
2026-04-28 02:00:00+00:00,0.7730486400000001,VALID,0.618744,VALID,14.0,VALID,Warning,WARN: Low flow rate detected
2026-04-28 03:00:00+00:00,0.77729616,VALID,0.619506,VALID,13.4,VALID,Warning,WARN: Low flow rate detected
2026-04-28 04:00:00+00:00,0.78154368,VALID,0.620268,VALID,13.0,VALID,Warning,WARN: Low flow rate detected
2026-04-28 05:00:00+00:00,0.77729616,VALID,0.619506,VALID,13.0,VALID,Warning,WARN: Low flow rate detected
2026-04-28 06:00:00+00:00,0.78154368,VALID,0.617982,VALID,13.0,VALID,Warning,WARN: Low flow rate detected
2026-04-28 07:00:00+00:00,0.7857912,VALID,0.617982,VALID,12.9,VALID,Warning,WARN: Low flow rate detected
2026-04-28 08:00:00+00:00,0.7730486400000001,VALID,0.615696,VALID,12.9,VALID,Warning,WARN: Low flow rate detected
2026-04-28 09:00:00+00:00,0.77729616,VALID,0.616458,VALID,12.9,VALID,Warning,WARN: Low flow rate detected
2026-04-28 10:00:00+00:00,0.7730486400000001,VALID,0.615696,VALID,12.8,VALID,Warning,WARN: Low flow rate detected
2026-04-28 11:00:00+00:00,0.7730486400000001,VALID,0.615696,VALID,12.8,VALID,Warning,WARN: Low flow rate detected
2026-04-28 12:00:00+00:00,0.7723407200000001,VALID,0.615696,VALID,12.8,VALID,Warning,WARN: Low flow rate detected
2026-04-28 13:00:00+00:00,0.77021696,VALID,0.615696,VALID,12.7,VALID,Warning,WARN: Low flow rate detected
2026-04-28 14:00:00+00:00,0.7751724,VALID,0.616458,VALID,12.7,VALID,Warning,WARN: Low flow rate detected
2026-04-28 15:00:00+00:00,0.77021696,VALID,0.615696,VALID,13.0,VALID,Warning,WARN: Low flow rate detected
2026-04-28 16:00:00+00:00,0.77021696,VALID,0.615696,VALID,14.3,VALID,Warning,WARN: Low flow rate detected
2026-04-28 17:00:00+00:00,0.76596944,VALID,0.614934,VALID,14.3,VALID,Warning,WARN: Low flow rate detected
2026-04-28 18:00:00+00:00,0.76596944,VALID,0.614934,VALID,14.2,VALID,Warning,WARN: Low flow rate detected
2026-04-28 19:00:00+00:00,0.75322688,VALID,0.612648,VALID,14.2,VALID,Warning,WARN: Low flow rate detected
2026-04-28 20:00:00+00:00,0.75322688,VALID,0.612648,VALID,14.1,VALID,Warning,WARN: Low flow rate detected
2026-04-28 21:00:00+00:00,0.74473184,VALID,0.611124,VALID,14.1,VALID,Warning,WARN: Low flow rate detected
2026-04-28 22:00:00+00:00,0.7489793600000001,VALID,0.6118859999999999,VALID,14.1,VALID,Warning,WARN: Low flow rate detected
2026-04-28 23:00:00+00:00,0.7489793600000001,VALID,0.6118859999999999,VALID,14.0,VALID,Warning,WARN: Low flow rate detected
2026-04-29 00:00:00+00:00,0.74473184,VALID,0.611124,VALID,13.9,VALID,Warning,WARN: Low flow rate detected
2026-04-29 01:00:00+00:00,0.74048432,VALID,0.6103620000000001,VALID,13.9,VALID,Warning,WARN: Low flow rate detected
2026-04-29 02:00:00+00:00,0.74048432,VALID,0.6103620000000001,VALID,13.9,VALID,Warning,WARN: Low flow rate detected
2026-04-29 03:00:00+00:00,0.74048432,VALID,0.6103620000000001,VALID,13.4,VALID,Warning,WARN: Low flow rate detected
2026-04-29 04:00:00+00:00,0.75110312,VALID,0.612648,VALID,13.0,VALID,Warning,WARN: Low flow rate detected
2026-04-29 05:00:00+00:00,0.7546427200000001,VALID,0.61341,VALID,13.0,VALID,Warning,WARN: Low flow rate detected
2026-04-29 06:00:00+00:00,0.75889024,VALID,0.6141719999999999,VALID,13.0,VALID,Warning,WARN: Low flow rate detected
2026-04-29 07:00:00+00:00,0.76313776,VALID,0.614934,VALID,12.9,VALID,Warning,WARN: Low flow rate detected
2026-04-29 08:00:00+00:00,0.76313776,VALID,0.614934,VALID,12.9,VALID,Warning,WARN: Low flow rate detected
2026-04-29 09:00:00+00:00,0.7673852800000001,VALID,0.615696,VALID,12.9,VALID,Warning,WARN: Low flow rate detected
2026-04-29 10:00:00+00:00,0.7673852800000001,VALID,0.615696,VALID,12.9,VALID,Warning,WARN: Low flow rate detected
2026-04-29 11:00:00+00:00,0.7673852800000001,VALID,0.615696,VALID,12.8,VALID,Warning,WARN: Low flow rate detected
2026-04-29 12:00:00+00:00,0.7673852800000001,VALID,0.615696,VALID,12.8,VALID,Warning,WARN: Low flow rate detected
2026-04-29 13:00:00+00:00,0.7673852800000001,VALID,0.615696,VALID,12.8,VALID,Warning,WARN: Low flow rate detected
2026-04-29 14:00:00+00:00,0.7673852800000001,VALID,0.615696,VALID,12.7,VALID,Warning,WARN: Low flow rate detected
2026-04-29 15:00:00+00:00,0.7673852800000001,VALID,0.615696,VALID,13.0,VALID,Warning,WARN: Low flow rate detected
2026-04-29 16:00:00+00:00,0.7673852800000001,VALID,0.615696,VALID,14.2,VALID,Warning,WARN: Low flow rate detected
2026-04-29 17:00:00+00:00,0.76313776,VALID,0.614934,VALID,13.8,VALID,Warning,WARN: Low flow rate detected
2026-04-29 18:00:00+00:00,0.7716328,VALID,0.616458,VALID,14.2,VALID,Warning,WARN: Low flow rate detected
2026-04-29 19:00:00+00:00,0.76313776,VALID,0.614934,VALID,14.1,VALID,Warning,WARN: Low flow rate detected
2026-04-29 20:00:00+00:00,0.7673852800000001,VALID,0.615696,VALID,14.1,VALID,Warning,WARN: Low flow rate detected
2026-04-29 21:00:00+00:00,0.75251896,VALID,0.61341,VALID,14.0,VALID,Warning,WARN: Low flow rate detected
2026-04-29 22:00:00+00:00,0.7475635199999999,VALID,0.612648,VALID,14.0,VALID,Warning,WARN: Low flow rate detected
2026-04-29 23:00:00+00:00,0.7475635199999999,VALID,0.612648,VALID,14.0,VALID,Warning,WARN: Low flow rate detected
2026-04-30 00:00:00+00:00,0.73482096,VALID,0.6103620000000001,VALID,13.9,VALID,Warning,WARN: Low flow rate detected
2026-04-30 01:00:00+00:00,0.73482096,VALID,0.6103620000000001,VALID,13.8,VALID,Warning,WARN: Low flow rate detected
2026-04-30 02:00:00+00:00,0.73482096,VALID,0.6103620000000001,VALID,13.8,VALID,Warning,WARN: Low flow rate detected
2026-04-30 03:00:00+00:00,0.7475635199999999,VALID,0.612648,VALID,13.4,VALID,Warning,WARN: Low flow rate detected
2026-04-30 04:00:00+00:00,0.743316,VALID,0.6118859999999999,VALID,13.0,VALID,Warning,WARN: Low flow rate detected
2026-04-30 05:00:00+00:00,0.743316,VALID,0.6118859999999999,VALID,13.0,VALID,Warning,WARN: Low flow rate detected
2026-04-30 06:00:00+00:00,0.743316,VALID,0.6118859999999999,VALID,13.0,VALID,Warning,WARN: Low flow rate detected
2026-04-30 07:00:00+00:00,0.7475635199999999,VALID,0.612648,VALID,12.9,VALID,Warning,WARN: Low flow rate detected
2026-04-30 08:00:00+00:00,0.7475635199999999,VALID,0.612648,VALID,12.9,VALID,Warning,WARN: Low flow rate detected
2026-04-30 09:00:00+00:00,0.75181104,VALID,0.61341,VALID,12.9,VALID,Warning,WARN: Low flow rate detected
2026-04-30 10:00:00+00:00,0.75181104,VALID,0.61341,VALID,12.9,VALID,Warning,WARN: Low flow rate detected
2026-04-30 11:00:00+00:00,0.7603060799999999,VALID,0.614934,VALID,12.8,VALID,Warning,WARN: Low flow rate detected
2026-04-30 12:00:00+00:00,0.7645535999999999,VALID,0.615696,VALID,12.8,VALID,Warning,WARN: Low flow rate detected
2026-04-30 13:00:00+00:00,0.7560585599999999,VALID,0.6141719999999999,VALID,12.8,VALID,Warning,WARN: Low flow rate detected
2026-04-30 14:00:00+00:00,0.75535064,VALID,0.6141719999999999,VALID,12.7,VALID,Warning,WARN: Low flow rate detected
2026-04-30 15:00:00+00:00,0.7574744,VALID,0.614934,VALID,13.0,VALID,Warning,WARN: Low flow rate detected
2026-04-30 16:00:00+00:00,0.74473184,VALID,0.612648,VALID,14.2,VALID,Warning,WARN: Low flow rate detected
2026-04-30 17:00:00+00:00,0.74897936,VALID,0.61341,VALID,14.2,VALID,Warning,WARN: Low flow rate detected
2026-04-30 18:00:00+00:00,0.74473184,VALID,0.612648,VALID,14.1,VALID,Warning,WARN: Low flow rate detected
2026-04-30 19:00:00+00:00,0.74473184,VALID,0.612648,VALID,14.1,VALID,Warning,WARN: Low flow rate detected
2026-04-30 20:00:00+00:00,0.7319892800000001,VALID,0.6103620000000001,VALID,14.1,VALID,Warning,WARN: Low flow rate detected
2026-04-30 21:00:00+00:00,0.7319892800000001,VALID,0.6103620000000001,VALID,14.0,VALID,Warning,WARN: Low flow rate detected
2026-04-30 22:00:00+00:00,0.72774176,VALID,0.6096,VALID,14.0,VALID,Warning,WARN: Low flow rate detected
2026-04-30 23:00:00+00:00,0.72349424,VALID,0.608838,VALID,14.0,VALID,Warning,WARN: Low flow rate detected
2026-05-01 00:00:00+00:00,0.7362368,VALID,0.611124,VALID,13.9,VALID,Warning,WARN: Low flow rate detected
2026-05-01 01:00:00+00:00,0.7319892800000001,VALID,0.6103620000000001,VALID,13.8,VALID,Warning,WARN: Low flow rate detected
2026-05-01 02:00:00+00:00,0.74048432,VALID,0.6118859999999999,VALID,13.8,VALID,Warning,WARN: Low flow rate detected
2026-05-01 03:00:00+00:00,0.74048432,VALID,0.6118859999999999,VALID,13.2,VALID,Warning,WARN: Low flow rate detected
2026-05-01 04:00:00+00:00,0.74048432,VALID,0.6118859999999999,VALID,13.0,VALID,Warning,WARN: Low flow rate detected
2026-05-01 05:00:00+00:00,0.74048432,VALID,0.6118859999999999,VALID,13.0,VALID,Warning,WARN: Low flow rate detected
2026-05-01 06:00:00+00:00,0.74048432,VALID,0.6118859999999999,VALID,13.0,VALID,Warning,WARN: Low flow rate detected
2026-05-01 07:00:00+00:00,0.73482096,VALID,0.611124,VALID,12.9,VALID,Warning,WARN: Low flow rate detected
2026-05-01 08:00:00+00:00,0.7419001599999999,VALID,0.612648,VALID,12.9,VALID,Warning,WARN: Low flow rate detected
2026-05-01 09:00:00+00:00,0.7419001599999999,VALID,0.612648,VALID,12.9,VALID,Warning,WARN: Low flow rate detected
2026-05-01 10:00:00+00:00,0.7419001599999999,VALID,0.612648,VALID,12.9,VALID,Warning,WARN: Low flow rate detected
2026-05-01 11:00:00+00:00,0.7419001599999999,VALID,0.612648,VALID,12.8,VALID,Warning,WARN: Low flow rate detected
2026-05-01 12:00:00+00:00,0.7419001599999999,VALID,0.612648,VALID,12.8,VALID,Warning,WARN: Low flow rate detected
2026-05-01 13:00:00+00:00,0.7419001599999999,VALID,0.612648,VALID,12.8,VALID,Warning,WARN: Low flow rate detected
2026-05-01 14:00:00+00:00,0.73765264,VALID,0.6118859999999999,VALID,12.7,VALID,Warning,WARN: Low flow rate detected
2026-05-01 15:00:00+00:00,0.7419001599999999,VALID,0.612648,VALID,13.0,VALID,Warning,WARN: Low flow rate detected
2026-05-01 16:00:00+00:00,0.7419001599999999,VALID,0.612648,VALID,14.2,VALID,Warning,WARN: Low flow rate detected
2026-05-01 17:00:00+00:00,0.71641504,VALID,0.608076,VALID,14.2,VALID,Warning,WARN: Low flow rate detected
2026-05-01 18:00:00+00:00,0.72491008,VALID,0.6096,VALID,14.1,VALID,Warning,WARN: Low flow rate detected
2026-05-01 19:00:00+00:00,0.7291576,VALID,0.6103620000000001,VALID,14.1,VALID,Warning,WARN: Low flow rate detected
2026-05-01 20:00:00+00:00,0.72491008,VALID,0.6096,VALID,14.0,VALID,Warning,WARN: Low flow rate detected
2026-05-01 21:00:00+00:00,0.7291576,VALID,0.6103620000000001,VALID,14.0,VALID,Warning,WARN: Low flow rate detected
2026-05-01 22:00:00+00:00,0.7206625600000001,VALID,0.608838,VALID,14.0,VALID,Warning,WARN: Low flow rate detected
2026-05-01 23:00:00+00:00,0.73765264,VALID,0.611886,VALID,14.0,VALID,Warning,WARN: Low flow rate detected
2026-05-02 00:00:00+00:00,0.7291576,VALID,0.6103620000000001,VALID,13.9,VALID,Warning,WARN: Low flow rate detected
2026-05-02 01:00:00+00:00,0.72491008,VALID,0.6096,VALID,13.8,VALID,Warning,WARN: Low flow rate detected
2026-05-02 02:00:00+00:00,0.72349424,VALID,0.6096,VALID,13.7,VALID,Warning,WARN: Low flow rate detected
2026-05-02 03:00:00+00:00,0.73482096,VALID,0.6118859999999999,VALID,13.1,VALID,Warning,WARN: Low flow rate detected
2026-05-02 04:00:00+00:00,0.73906848,VALID,0.612648,VALID,13.0,VALID,Warning,WARN: Low flow rate detected
2026-05-02 05:00:00+00:00,0.73906848,VALID,0.612648,VALID,13.0,VALID,Warning,WARN: Low flow rate detected
2026-05-02 06:00:00+00:00,0.73906848,VALID,0.612648,VALID,13.0,VALID,Warning,WARN: Low flow rate detected
2026-05-02 07:00:00+00:00,0.7475635199999999,VALID,0.6141719999999999,VALID,13.0,VALID,Warning,WARN: Low flow rate detected
2026-05-02 08:00:00+00:00,0.75181104,VALID,0.614934,VALID,12.9,VALID,Warning,WARN: Low flow rate detected
2026-05-02 09:00:00+00:00,0.75181104,VALID,0.614934,VALID,12.9,VALID,Warning,WARN: Low flow rate detected
2026-05-02 10:00:00+00:00,0.7560585599999999,VALID,0.615696,VALID,12.9,VALID,Warning,WARN: Low flow rate detected
2026-05-02 11:00:00+00:00,0.7560585599999999,VALID,0.615696,VALID,12.9,VALID,Warning,WARN: Low flow rate detected
2026-05-02 12:00:00+00:00,0.76030608,VALID,0.616458,VALID,12.8,VALID,Warning,WARN: Low flow rate detected
2026-05-02 13:00:00+00:00,0.7560585599999999,VALID,0.615696,VALID,12.8,VALID,Warning,WARN: Low flow rate detected
2026-05-02 14:00:00+00:00,0.76030608,VALID,0.616458,VALID,12.7,VALID,Warning,WARN: Low flow rate detected
2026-05-02 15:00:00+00:00,0.7560585599999999,VALID,0.615696,VALID,13.1,VALID,Warning,WARN: Low flow rate detected
2026-05-02 16:00:00+00:00,0.7475635199999999,VALID,0.6141719999999999,VALID,14.2,VALID,Warning,WARN: Low flow rate detected
2026-05-02 17:00:00+00:00,0.7475635199999999,VALID,0.6141719999999999,VALID,13.6,VALID,Warning,WARN: Low flow rate detected
2026-05-02 18:00:00+00:00,0.7489793600000001,VALID,0.614934,VALID,14.1,VALID,Warning,WARN: Low flow rate detected
2026-05-02 19:00:00+00:00,0.7362368,VALID,0.612648,VALID,14.1,VALID,Warning,WARN: Low flow rate detected
2026-05-02 20:00:00+00:00,0.7489793600000001,VALID,0.614934,VALID,14.0,VALID,Warning,WARN: Low flow rate detected
2026-05-02 21:00:00+00:00,0.7362368,VALID,0.612648,VALID,14.0,VALID,Warning,WARN: Low flow rate detected
2026-05-02 22:00:00+00:00,0.72774176,VALID,0.611124,VALID,14.0,VALID,Warning,WARN: Low flow rate detected
2026-05-02 23:00:00+00:00,0.7362368,VALID,0.612648,VALID,13.9,VALID,Warning,WARN: Low flow rate detected
2026-05-03 00:00:00+00:00,0.72774176,VALID,0.611124,VALID,13.8,VALID,Warning,WARN: Low flow rate detected
2026-05-03 01:00:00+00:00,0.72774176,VALID,0.611124,VALID,13.8,VALID,Warning,WARN: Low flow rate detected
2026-05-03 02:00:00+00:00,0.72774176,VALID,0.611124,VALID,13.8,VALID,Warning,WARN: Low flow rate detected
2026-05-03 03:00:00+00:00,0.7362368,VALID,0.612648,VALID,13.2,VALID,Warning,WARN: Low flow rate detected
2026-05-03 04:00:00+00:00,0.73198928,VALID,0.6118859999999999,VALID,13.0,VALID,Warning,WARN: Low flow rate detected
2026-05-03 05:00:00+00:00,0.7362368,VALID,0.612648,VALID,13.0,VALID,Warning,WARN: Low flow rate detected
2026-05-03 06:00:00+00:00,0.74048432,VALID,0.61341,VALID,13.0,VALID,Warning,WARN: Low flow rate detected
2026-05-03 07:00:00+00:00,0.74048432,VALID,0.61341,VALID,12.9,VALID,Warning,WARN: Low flow rate detected
2026-05-03 08:00:00+00:00,0.7489793600000001,VALID,0.614934,VALID,12.9,VALID,Warning,WARN: Low flow rate detected
2026-05-03 09:00:00+00:00,0.75322688,VALID,0.615696,VALID,12.9,VALID,Warning,WARN: Low flow rate detected
2026-05-03 10:00:00+00:00,0.7489793600000001,VALID,0.614934,VALID,12.9,VALID,Warning,WARN: Low flow rate detected
2026-05-03 11:00:00+00:00,0.7503952,VALID,0.615696,VALID,12.9,VALID,Warning,WARN: Low flow rate detected
2026-05-03 12:00:00+00:00,0.74614768,VALID,0.614934,VALID,12.8,VALID,Warning,WARN: Low flow rate detected
2026-05-03 13:00:00+00:00,0.74614768,VALID,0.614934,VALID,12.8,VALID,Warning,WARN: Low flow rate detected
2026-05-03 14:00:00+00:00,0.7503952,VALID,0.615696,VALID,12.7,VALID,Warning,WARN: Low flow rate detected
2026-05-03 15:00:00+00:00,0.74614768,VALID,0.614934,VALID,13.2,VALID,Warning,WARN: Low flow rate detected
2026-05-03 16:00:00+00:00,0.74614768,VALID,0.614934,VALID,14.2,VALID,Warning,WARN: Low flow rate detected
2026-05-03 17:00:00+00:00,0.7419001599999999,VALID,0.6141719999999999,VALID,14.1,VALID,Warning,WARN: Low flow rate detected
2026-05-03 18:00:00+00:00,0.73765264,VALID,0.61341,VALID,14.1,VALID,Warning,WARN: Low flow rate detected
2026-05-03 19:00:00+00:00,0.7334051199999999,VALID,0.612648,VALID,14.0,VALID,Warning,WARN: Low flow rate detected
2026-05-03 20:00:00+00:00,0.7291576,VALID,0.6118859999999999,VALID,14.0,VALID,Warning,WARN: Low flow rate detected
2026-05-03 21:00:00+00:00,0.7334051199999999,VALID,0.612648,VALID,14.0,VALID,Warning,WARN: Low flow rate detected
2026-05-03 22:00:00+00:00,0.72066256,VALID,0.6103620000000001,VALID,13.9,VALID,Warning,WARN: Low flow rate detected
2026-05-03 23:00:00+00:00,0.7249100799999999,VALID,0.611124,VALID,13.9,VALID,Warning,WARN: Low flow rate detected
2026-05-04 00:00:00+00:00,0.7334051199999999,VALID,0.612648,VALID,13.8,VALID,Warning,WARN: Low flow rate detected
2026-05-04 01:00:00+00:00,0.7249100799999999,VALID,0.611124,VALID,13.8,VALID,Warning,WARN: Low flow rate detected
2026-05-04 02:00:00+00:00,0.7291576,VALID,0.6118859999999999,VALID,13.7,VALID,Warning,WARN: Low flow rate detected
2026-05-04 03:00:00+00:00,0.7291576,VALID,0.6118859999999999,VALID,13.3,VALID,Warning,WARN: Low flow rate detected
2026-05-04 04:00:00+00:00,0.7326971999999999,VALID,0.612648,VALID,13.0,VALID,Warning,WARN: Low flow rate detected
2026-05-04 05:00:00+00:00,0.73482096,VALID,0.61341,VALID,13.0,VALID,Warning,WARN: Low flow rate detected
2026-05-04 06:00:00+00:00,0.73482096,VALID,0.61341,VALID,13.0,VALID,Warning,WARN: Low flow rate detected
2026-05-04 07:00:00+00:00,0.73482096,VALID,0.61341,VALID,12.9,VALID,Warning,WARN: Low flow rate detected
2026-05-04 08:00:00+00:00,0.73906848,VALID,0.6141719999999999,VALID,12.9,VALID,Warning,WARN: Low flow rate detected
2026-05-04 09:00:00+00:00,0.7475635199999999,VALID,0.615696,VALID,12.9,VALID,Warning,WARN: Low flow rate detected
2026-05-04 10:00:00+00:00,0.7475635199999999,VALID,0.615696,VALID,12.9,VALID,Warning,WARN: Low flow rate detected
2026-05-04 11:00:00+00:00,0.75181104,VALID,0.616458,VALID,12.9,VALID,Warning,WARN: Low flow rate detected
2026-05-04 12:00:00+00:00,0.75181104,VALID,0.616458,VALID,12.9,VALID,Warning,WARN: Low flow rate detected
2026-05-04 13:00:00+00:00,0.75181104,VALID,0.616458,VALID,12.8,VALID,Warning,WARN: Low flow rate detected
2026-05-04 14:00:00+00:00,0.7560585599999999,VALID,0.61722,VALID,12.8,VALID,Warning,WARN: Low flow rate detected
2026-05-04 15:00:00+00:00,0.7475635199999999,VALID,0.615696,VALID,13.1,VALID,Warning,WARN: Low flow rate detected
2026-05-04 16:00:00+00:00,0.7645535999999999,VALID,0.618744,VALID,13.9,VALID,Warning,WARN: Low flow rate detected
2026-05-04 17:00:00+00:00,0.7645535999999999,VALID,0.618744,VALID,14.2,VALID,Warning,WARN: Low flow rate detected
2026-05-04 18:00:00+00:00,0.7560585599999999,VALID,0.61722,VALID,14.1,VALID,Warning,WARN: Low flow rate detected
2026-05-04 19:00:00+00:00,0.7603060799999999,VALID,0.617982,VALID,14.1,VALID,Warning,WARN: Low flow rate detected
2026-05-04 20:00:00+00:00,0.7603060799999999,VALID,0.617982,VALID,14.1,VALID,Warning,WARN: Low flow rate detected
2026-05-04 21:00:00+00:00,0.7645535999999999,VALID,0.618744,VALID,14.0,VALID,Warning,WARN: Low flow rate detected
2026-05-04 22:00:00+00:00,0.7532268799999999,VALID,0.61722,VALID,14.0,VALID,Warning,WARN: Low flow rate detected
2026-05-04 23:00:00+00:00,0.74897936,VALID,0.616458,VALID,14.0,VALID,Warning,WARN: Low flow rate detected
2026-05-05 00:00:00+00:00,0.7532268799999999,VALID,0.61722,VALID,14.0,VALID,Warning,WARN: Low flow rate detected
2026-05-05 01:00:00+00:00,0.7574744,VALID,0.617982,VALID,14.0,VALID,Warning,WARN: Low flow rate detected
2026-05-05 02:00:00+00:00,0.7532268799999999,VALID,0.61722,VALID,13.8,VALID,Warning,WARN: Low flow rate detected
2026-05-05 03:00:00+00:00,0.7532268799999999,VALID,0.61722,VALID,13.2,VALID,Warning,WARN: Low flow rate detected
2026-05-05 04:00:00+00:00,0.7617219199999999,VALID,0.618744,VALID,13.0,VALID,Warning,WARN: Low flow rate detected
2026-05-05 05:00:00+00:00,0.7617219199999999,VALID,0.618744,VALID,13.0,VALID,Warning,WARN: Low flow rate detected
2026-05-05 06:00:00+00:00,0.7659694399999999,VALID,0.619506,VALID,13.0,VALID,Warning,WARN: Low flow rate detected
2026-05-05 07:00:00+00:00,0.7617219199999999,VALID,0.618744,VALID,12.9,VALID,Warning,WARN: Low flow rate detected
2026-05-05 08:00:00+00:00,0.7617219199999999,VALID,0.618744,VALID,12.9,VALID,Warning,WARN: Low flow rate detected
2026-05-05 09:00:00+00:00,0.7659694399999999,VALID,0.619506,VALID,12.9,VALID,Warning,WARN: Low flow rate detected
2026-05-05 10:00:00+00:00,0.7617219199999999,VALID,0.618744,VALID,12.9,VALID,Warning,WARN: Low flow rate detected
2026-05-05 11:00:00+00:00,0.7659694399999999,VALID,0.619506,VALID,12.9,VALID,Warning,WARN: Low flow rate detected
2026-05-05 12:00:00+00:00,0.7617219199999999,VALID,0.618744,VALID,12.8,VALID,Warning,WARN: Low flow rate detected
2026-05-05 13:00:00+00:00,0.77021696,VALID,0.620268,VALID,12.8,VALID,Warning,WARN: Low flow rate detected
2026-05-05 14:00:00+00:00,0.77446448,VALID,0.62103,VALID,12.8,VALID,Warning,WARN: Low flow rate detected
2026-05-05 15:00:00+00:00,0.778712,VALID,0.621792,VALID,13.5,VALID,Warning,WARN: Low flow rate detected
2026-05-05 16:00:00+00:00,0.7511031199999999,VALID,0.61722,VALID,13.8,VALID,Warning,WARN: Low flow rate detected
2026-05-05 17:00:00+00:00,0.74614768,VALID,0.616458,VALID,13.7,VALID,Warning,WARN: Low flow rate detected
2026-05-05 18:00:00+00:00,0.7419001599999999,VALID,0.615696,VALID,14.2,VALID,Warning,WARN: Low flow rate detected
2026-05-05 19:00:00+00:00,0.7419001599999999,VALID,0.615696,VALID,13.6,VALID,Warning,WARN: Low flow rate detected
2026-05-05 20:00:00+00:00,0.73765264,VALID,0.614934,VALID,14.1,VALID,Warning,WARN: Low flow rate detected
2026-05-05 21:00:00+00:00,0.7291576,VALID,0.61341,VALID,14.1,VALID,Warning,WARN: Low flow rate detected
2026-05-05 22:00:00+00:00,0.7291576,VALID,0.61341,VALID,14.1,VALID,Warning,WARN: Low flow rate detected
2026-05-05 23:00:00+00:00,0.7291576,VALID,0.61341,VALID,14.0,VALID,Warning,WARN: Low flow rate detected
2026-05-06 00:00:00+00:00,0.7291576,VALID,0.61341,VALID,14.0,VALID,Warning,WARN: Low flow rate detected
2026-05-06 01:00:00+00:00,0.72491008,VALID,0.612648,VALID,14.0,VALID,Warning,WARN: Low flow rate detected
2026-05-06 02:00:00+00:00,0.72491008,VALID,0.612648,VALID,13.9,VALID,Warning,WARN: Low flow rate detected
2026-05-06 03:00:00+00:00,0.72491008,VALID,0.612648,VALID,13.3,VALID,Warning,WARN: Low flow rate detected
2026-05-06 04:00:00+00:00,0.7291576,VALID,0.61341,VALID,13.0,VALID,Warning,WARN: Low flow rate detected
2026-05-06 05:00:00+00:00,0.7419001599999999,VALID,0.615696,VALID,13.0,VALID,Warning,WARN: Low flow rate detected
2026-05-06 06:00:00+00:00,0.74614768,VALID,0.616458,VALID,13.0,VALID,Warning,WARN: Low flow rate detected
2026-05-06 07:00:00+00:00,0.74614768,VALID,0.616458,VALID,12.9,VALID,Warning,WARN: Low flow rate detected
2026-05-06 08:00:00+00:00,0.75464272,VALID,0.617982,VALID,12.9,VALID,Warning,WARN: Low flow rate detected
2026-05-06 09:00:00+00:00,0.75464272,VALID,0.617982,VALID,12.9,VALID,Warning,WARN: Low flow rate detected
2026-05-06 10:00:00+00:00,0.75464272,VALID,0.617982,VALID,12.9,VALID,Warning,WARN: Low flow rate detected
2026-05-06 11:00:00+00:00,0.7503952,VALID,0.61722,VALID,12.8,VALID,Warning,WARN: Low flow rate detected
2026-05-06 12:00:00+00:00,0.7503952,VALID,0.61722,VALID,12.8,VALID,Warning,WARN: Low flow rate detected
2026-05-06 13:00:00+00:00,0.75464272,VALID,0.617982,VALID,12.8,VALID,Warning,WARN: Low flow rate detected
2026-05-06 14:00:00+00:00,0.7503952,VALID,0.61722,VALID,12.7,VALID,Warning,WARN: Low flow rate detected
2026-05-06 15:00:00+00:00,0.74614768,VALID,0.616458,VALID,13.2,VALID,Warning,WARN: Low flow rate detected
2026-05-06 16:00:00+00:00,0.75464272,VALID,0.617982,VALID,14.3,VALID,Warning,WARN: Low flow rate detected
2026-05-06 17:00:00+00:00,0.76313776,VALID,0.619506,VALID,14.0,VALID,Warning,WARN: Low flow rate detected
2026-05-06 18:00:00+00:00,0.7588902399999999,VALID,0.618744,VALID,14.2,VALID,Warning,WARN: Low flow rate detected
2026-05-06 19:00:00+00:00,0.75464272,VALID,0.617982,VALID,14.2,VALID,Warning,WARN: Low flow rate detected
2026-05-06 20:00:00+00:00,0.74614768,VALID,0.616458,VALID,14.1,VALID,Warning,WARN: Low flow rate detected
2026-05-06 21:00:00+00:00,0.7419001599999999,VALID,0.615696,VALID,14.1,VALID,Warning,WARN: Low flow rate detected
2026-05-06 22:00:00+00:00,0.73340512,VALID,0.6141719999999999,VALID,14.0,VALID,Warning,WARN: Low flow rate detected
2026-05-06 23:00:00+00:00,0.73340512,VALID,0.6141719999999999,VALID,14.0,VALID,Warning,WARN: Low flow rate detected
2026-05-07 00:00:00+00:00,0.7291576,VALID,0.61341,VALID,13.9,VALID,Warning,WARN: Low flow rate detected
2026-05-07 01:00:00+00:00,0.72491008,VALID,0.612648,VALID,13.9,VALID,Warning,WARN: Low flow rate detected
2026-05-07 02:00:00+00:00,0.73340512,VALID,0.6141719999999999,VALID,13.9,VALID,Warning,WARN: Low flow rate detected
2026-05-07 03:00:00+00:00,0.73765264,VALID,0.614934,VALID,13.4,VALID,Warning,WARN: Low flow rate detected
2026-05-07 04:00:00+00:00,0.7419001599999999,VALID,0.615696,VALID,13.0,VALID,Warning,WARN: Low flow rate detected
2026-05-07 05:00:00+00:00,0.73765264,VALID,0.614934,VALID,13.0,VALID,Warning,WARN: Low flow rate detected
2026-05-07 06:00:00+00:00,0.7419001599999999,VALID,0.615696,VALID,13.0,VALID,Warning,WARN: Low flow rate detected
2026-05-07 07:00:00+00:00,0.7419001599999999,VALID,0.615696,VALID,13.0,VALID,Warning,WARN: Low flow rate detected
2026-05-07 08:00:00+00:00,0.7419001599999999,VALID,0.615696,VALID,12.9,VALID,Warning,WARN: Low flow rate detected
2026-05-07 09:00:00+00:00,0.74614768,VALID,0.616458,VALID,12.9,VALID,Warning,WARN: Low flow rate detected
2026-05-07 10:00:00+00:00,0.7503952,VALID,0.61722,VALID,12.9,VALID,Warning,WARN: Low flow rate detected
2026-05-07 11:00:00+00:00,0.74614768,VALID,0.616458,VALID,12.9,VALID,Warning,WARN: Low flow rate detected
2026-05-07 12:00:00+00:00,0.74614768,VALID,0.616458,VALID,12.8,VALID,Warning,WARN: Low flow rate detected
2026-05-07 13:00:00+00:00,0.75464272,VALID,0.617982,VALID,12.8,VALID,Warning,WARN: Low flow rate detected
2026-05-07 14:00:00+00:00,0.75889024,VALID,0.618744,VALID,12.7,VALID,Warning,WARN: Low flow rate detected
2026-05-07 15:00:00+00:00,0.7503952,VALID,0.61722,VALID,13.3,VALID,Warning,WARN: Low flow rate detected
2026-05-07 16:00:00+00:00,0.75464272,VALID,0.617982,VALID,14.2,VALID,Warning,WARN: Low flow rate detected
2026-05-07 17:00:00+00:00,0.74614768,VALID,0.616458,VALID,14.0,VALID,Warning,WARN: Low flow rate detected
2026-05-07 18:00:00+00:00,0.7503952,VALID,0.61722,VALID,14.1,VALID,Warning,WARN: Low flow rate detected
2026-05-07 19:00:00+00:00,0.7419001599999999,VALID,0.615696,VALID,14.1,VALID,Warning,WARN: Low flow rate detected
2026-05-07 20:00:00+00:00,0.73340512,VALID,0.6141719999999999,VALID,14.0,VALID,Warning,WARN: Low flow rate detected
2026-05-07 21:00:00+00:00,0.73765264,VALID,0.614934,VALID,14.0,VALID,Warning,WARN: Low flow rate detected
2026-05-07 22:00:00+00:00,0.73765264,VALID,0.614934,VALID,13.9,VALID,Warning,WARN: Low flow rate detected
2026-05-07 23:00:00+00:00,0.73340512,VALID,0.6141719999999999,VALID,13.9,VALID,Warning,WARN: Low flow rate detected
2026-05-08 00:00:00+00:00,0.73340512,VALID,0.6141719999999999,VALID,13.8,VALID,Warning,WARN: Low flow rate detected
2026-05-08 01:00:00+00:00,0.72491008,VALID,0.612648,VALID,13.8,VALID,Warning,WARN: Low flow rate detected
2026-05-08 02:00:00+00:00,0.7291576,VALID,0.61341,VALID,13.8,VALID,Warning,WARN: Low flow rate detected
2026-05-08 03:00:00+00:00,0.7291576,VALID,0.61341,VALID,13.3,VALID,Warning,WARN: Low flow rate detected
2026-05-08 04:00:00+00:00,0.7291576,VALID,0.61341,VALID,13.0,VALID,Warning,WARN: Low flow rate detected
2026-05-08 05:00:00+00:00,0.7291576,VALID,0.61341,VALID,13.0,VALID,Warning,WARN: Low flow rate detected
2026-05-08 06:00:00+00:00,0.73340512,VALID,0.6141719999999999,VALID,13.0,VALID,Warning,WARN: Low flow rate detected
2026-05-08 07:00:00+00:00,0.73765264,VALID,0.614934,VALID,13.0,VALID,Warning,WARN: Low flow rate detected
2026-05-08 08:00:00+00:00,0.73340512,VALID,0.6141719999999999,VALID,12.9,VALID,Warning,WARN: Low flow rate detected
2026-05-08 09:00:00+00:00,0.7291576,VALID,0.61341,VALID,12.9,VALID,Warning,WARN: Low flow rate detected
2026-05-08 10:00:00+00:00,0.73340512,VALID,0.6141719999999999,VALID,12.9,VALID,Warning,WARN: Low flow rate detected
2026-05-08 11:00:00+00:00,0.72491008,VALID,0.612648,VALID,12.8,VALID,Warning,WARN: Low flow rate detected
2026-05-08 12:00:00+00:00,0.72491008,VALID,0.612648,VALID,12.8,VALID,Warning,WARN: Low flow rate detected
2026-05-08 13:00:00+00:00,0.72491008,VALID,0.612648,VALID,12.8,VALID,Warning,WARN: Low flow rate detected
2026-05-08 14:00:00+00:00,0.7291576,VALID,0.61341,VALID,12.8,VALID,Warning,WARN: Low flow rate detected
2026-05-08 15:00:00+00:00,0.72137048,VALID,0.6118859999999999,VALID,13.3,VALID,Warning,WARN: Low flow rate detected
2026-05-08 16:00:00+00:00,0.72491008,VALID,0.612648,VALID,14.2,VALID,Warning,WARN: Low flow rate detected
2026-05-08 17:00:00+00:00,0.72491008,VALID,0.612648,VALID,13.4,VALID,Warning,WARN: Low flow rate detected
2026-05-08 18:00:00+00:00,0.71783088,VALID,0.611124,VALID,14.1,VALID,Warning,WARN: Low flow rate detected
2026-05-08 19:00:00+00:00,0.71429128,VALID,0.6103620000000001,VALID,14.1,VALID,Warning,WARN: Low flow rate detected
2026-05-08 20:00:00+00:00,0.71075168,VALID,0.6096,VALID,14.0,VALID,Warning,WARN: Low flow rate detected
2026-05-08 21:00:00+00:00,0.7065041599999999,VALID,0.608838,VALID,14.0,VALID,Warning,WARN: Low flow rate detected
2026-05-08 22:00:00+00:00,0.7065041599999999,VALID,0.608838,VALID,13.9,VALID,Warning,WARN: Low flow rate detected
2026-05-08 23:00:00+00:00,0.71075168,VALID,0.6096,VALID,13.9,VALID,Warning,WARN: Low flow rate detected
2026-05-09 00:00:00+00:00,0.71075168,VALID,0.6096,VALID,13.7,VALID,Warning,WARN: Low flow rate detected
2026-05-09 01:00:00+00:00,0.71075168,VALID,0.6096,VALID,13.8,VALID,Warning,WARN: Low flow rate detected
2026-05-09 02:00:00+00:00,0.71075168,VALID,0.6096,VALID,13.8,VALID,Warning,WARN: Low flow rate detected
2026-05-09 03:00:00+00:00,0.71429128,VALID,0.6103620000000001,VALID,13.3,VALID,Warning,WARN: Low flow rate detected
2026-05-09 04:00:00+00:00,0.71783088,VALID,0.611124,VALID,13.0,VALID,Warning,WARN: Low flow rate detected
2026-05-09 05:00:00+00:00,0.72137048,VALID,0.6118859999999999,VALID,13.0,VALID,Warning,WARN: Low flow rate detected
2026-05-09 06:00:00+00:00,0.72491008,VALID,0.612648,VALID,13.0,VALID,Warning,WARN: Low flow rate detected
2026-05-09 07:00:00+00:00,0.72137048,VALID,0.6118859999999999,VALID,13.0,VALID,Warning,WARN: Low flow rate detected
2026-05-09 08:00:00+00:00,0.72137048,VALID,0.6118859999999999,VALID,12.9,VALID,Warning,WARN: Low flow rate detected
2026-05-09 09:00:00+00:00,0.71783088,VALID,0.611124,VALID,12.9,VALID,Warning,WARN: Low flow rate detected
2026-05-09 10:00:00+00:00,0.71783088,VALID,0.611124,VALID,12.9,VALID,Warning,WARN: Low flow rate detected
2026-05-09 11:00:00+00:00,0.72491008,VALID,0.612648,VALID,12.9,VALID,Warning,WARN: Low flow rate detected
2026-05-09 12:00:00+00:00,0.72137048,VALID,0.6118859999999999,VALID,12.8,VALID,Warning,WARN: Low flow rate detected
2026-05-09 13:00:00+00:00,0.72491008,VALID,0.612648,VALID,12.8,VALID,Warning,WARN: Low flow rate detected
2026-05-09 14:00:00+00:00,0.72491008,VALID,0.612648,VALID,12.8,VALID,Warning,WARN: Low flow rate detected
2026-05-09 15:00:00+00:00,0.72137048,VALID,0.6118859999999999,VALID,13.4,VALID,Warning,WARN: Low flow rate detected
2026-05-09 16:00:00+00:00,0.72491008,VALID,0.612648,VALID,14.2,VALID,Warning,WARN: Low flow rate detected
2026-05-09 17:00:00+00:00,0.72137048,VALID,0.6118859999999999,VALID,13.9,VALID,Warning,WARN: Low flow rate detected
2026-05-09 18:00:00+00:00,0.71783088,VALID,0.611124,VALID,14.0,VALID,Warning,WARN: Low flow rate detected
2026-05-09 19:00:00+00:00,0.72137048,VALID,0.6118859999999999,VALID,14.0,VALID,Warning,WARN: Low flow rate detected
2026-05-09 20:00:00+00:00,0.72137048,VALID,0.6118859999999999,VALID,14.0,VALID,Warning,WARN: Low flow rate detected
2026-05-09 21:00:00+00:00,0.71429128,VALID,0.6103620000000001,VALID,13.9,VALID,Warning,WARN: Low flow rate detected
2026-05-09 22:00:00+00:00,0.71429128,VALID,0.6103620000000001,VALID,13.9,VALID,Warning,WARN: Low flow rate detected
2026-05-09 23:00:00+00:00,0.71075168,VALID,0.6096,VALID,13.8,VALID,Warning,WARN: Low flow rate detected
2026-05-10 00:00:00+00:00,0.7065041599999999,VALID,0.608838,VALID,13.7,VALID,Warning,WARN: Low flow rate detected
2026-05-10 01:00:00+00:00,0.71075168,VALID,0.6096,VALID,13.8,VALID,Warning,WARN: Low flow rate detected
2026-05-10 02:00:00+00:00,0.71075168,VALID,0.6096,VALID,13.8,VALID,Warning,WARN: Low flow rate detected
2026-05-10 03:00:00+00:00,0.71075168,VALID,0.6096,VALID,13.4,VALID,Warning,WARN: Low flow rate detected
2026-05-10 04:00:00+00:00,0.71075168,VALID,0.6096,VALID,13.0,VALID,Warning,WARN: Low flow rate detected
2026-05-10 05:00:00+00:00,0.71783088,VALID,0.611124,VALID,13.0,VALID,Warning,WARN: Low flow rate detected
2026-05-10 06:00:00+00:00,0.72137048,VALID,0.6118859999999999,VALID,13.0,VALID,Warning,WARN: Low flow rate detected
2026-05-10 07:00:00+00:00,0.71783088,VALID,0.611124,VALID,13.0,VALID,Warning,WARN: Low flow rate detected
2026-05-10 08:00:00+00:00,0.71783088,VALID,0.611124,VALID,12.9,VALID,Warning,WARN: Low flow rate detected
2026-05-10 09:00:00+00:00,0.71429128,VALID,0.6103620000000001,VALID,12.9,VALID,Warning,WARN: Low flow rate detected
2026-05-10 10:00:00+00:00,0.71429128,VALID,0.6103620000000001,VALID,12.9,VALID,Warning,WARN: Low flow rate detected
2026-05-10 11:00:00+00:00,0.72137048,VALID,0.6118859999999999,VALID,12.9,VALID,Warning,WARN: Low flow rate detected
2026-05-10 12:00:00+00:00,0.71783088,VALID,0.611124,VALID,12.8,VALID,Warning,WARN: Low flow rate detected
2026-05-10 13:00:00+00:00,0.72137048,VALID,0.6118859999999999,VALID,12.8,VALID,Warning,WARN: Low flow rate detected
2026-05-10 14:00:00+00:00,0.71429128,VALID,0.6103620000000001,VALID,12.8,VALID,Warning,WARN: Low flow rate detected
2026-05-10 15:00:00+00:00,0.71075168,VALID,0.6096,VALID,13.5,VALID,Warning,WARN: Low flow rate detected
2026-05-10 16:00:00+00:00,0.71429128,VALID,0.6103620000000001,VALID,14.2,VALID,Warning,WARN: Low flow rate detected
2026-05-10 17:00:00+00:00,0.71429128,VALID,0.6103620000000001,VALID,14.0,VALID,Warning,WARN: Low flow rate detected
2026-05-10 18:00:00+00:00,0.71429128,VALID,0.6103620000000001,VALID,14.0,VALID,Warning,WARN: Low flow rate detected
2026-05-10 19:00:00+00:00,0.7065041599999999,VALID,0.608838,VALID,14.0,VALID,Warning,WARN: Low flow rate detected
2026-05-10 20:00:00+00:00,0.71075168,VALID,0.6096,VALID,14.0,VALID,Warning,WARN: Low flow rate detected
2026-05-10 21:00:00+00:00,0.71075168,VALID,0.6096,VALID,13.9,VALID,Warning,WARN: Low flow rate detected
2026-05-10 22:00:00+00:00,0.70225664,VALID,0.6080760000000001,VALID,13.8,VALID,Warning,WARN: Low flow rate detected
2026-05-10 23:00:00+00:00,0.69800912,VALID,0.607314,VALID,13.8,VALID,Warning,WARN: Low flow rate detected
2026-05-11 00:00:00+00:00,0.6895140799999999,VALID,0.60579,VALID,13.7,VALID,Warning,WARN: Low flow rate detected
2026-05-11 01:00:00+00:00,0.68526656,VALID,0.605028,VALID,13.7,VALID,Warning,WARN: Low flow rate detected
2026-05-11 02:00:00+00:00,0.6895140799999999,VALID,0.60579,VALID,13.7,VALID,Warning,WARN: Low flow rate detected
2026-05-11 03:00:00+00:00,0.6895140799999999,VALID,0.60579,VALID,13.3,VALID,Warning,WARN: Low flow rate detected
2026-05-11 04:00:00+00:00,0.69800912,VALID,0.607314,VALID,13.1,VALID,Warning,WARN: Low flow rate detected
2026-05-11 05:00:00+00:00,0.7065041599999999,VALID,0.608838,VALID,13.0,VALID,Warning,WARN: Low flow rate detected
2026-05-11 06:00:00+00:00,0.71075168,VALID,0.6096,VALID,13.0,VALID,Warning,WARN: Low flow rate detected
2026-05-11 07:00:00+00:00,0.71429128,VALID,0.6103620000000001,VALID,13.0,VALID,Warning,WARN: Low flow rate detected
2026-05-11 08:00:00+00:00,0.71075168,VALID,0.6096,VALID,12.9,VALID,Warning,WARN: Low flow rate detected
2026-05-11 09:00:00+00:00,0.71075168,VALID,0.6096,VALID,12.9,VALID,Warning,WARN: Low flow rate detected
2026-05-11 10:00:00+00:00,0.71429128,VALID,0.6103620000000001,VALID,12.9,VALID,Warning,WARN: Low flow rate detected
2026-05-11 11:00:00+00:00,0.71075168,VALID,0.6096,VALID,12.9,VALID,Warning,WARN: Low flow rate detected
2026-05-11 12:00:00+00:00,0.71075168,VALID,0.6096,VALID,12.8,VALID,Warning,WARN: Low flow rate detected
2026-05-11 13:00:00+00:00,0.71075168,VALID,0.6096,VALID,12.8,VALID,Warning,WARN: Low flow rate detected
2026-05-11 14:00:00+00:00,0.71429128,VALID,0.6103620000000001,VALID,12.8,VALID,Warning,WARN: Low flow rate detected
2026-05-11 15:00:00+00:00,0.71783088,VALID,0.611124,VALID,13.5,VALID,Warning,WARN: Low flow rate detected
2026-05-11 16:00:00+00:00,0.71075168,VALID,0.6096,VALID,14.2,VALID,Warning,WARN: Low flow rate detected
2026-05-11 17:00:00+00:00,0.70225664,VALID,0.6080760000000001,VALID,13.4,VALID,Warning,WARN: Low flow rate detected
2026-05-11 18:00:00+00:00,0.69800912,VALID,0.607314,VALID,14.0,VALID,Warning,WARN: Low flow rate detected
2026-05-11 19:00:00+00:00,0.6895140799999999,VALID,0.60579,VALID,14.0,VALID,Warning,WARN: Low flow rate detected
2026-05-11 20:00:00+00:00,0.6937616,VALID,0.606552,VALID,14.0,VALID,Warning,WARN: Low flow rate detected
2026-05-11 21:00:00+00:00,0.70225664,VALID,0.6080760000000001,VALID,13.9,VALID,Warning,WARN: Low flow rate detected
2026-05-11 22:00:00+00:00,0.71429128,VALID,0.6103620000000001,VALID,13.8,VALID,Warning,WARN: Low flow rate detected
2026-05-11 23:00:00+00:00,0.6937616,VALID,0.606552,VALID,13.8,VALID,Warning,WARN: Low flow rate detected
2026-05-12 00:00:00+00:00,0.6937616,VALID,0.606552,VALID,13.7,VALID,Warning,WARN: Low flow rate detected
2026-05-12 01:00:00+00:00,0.6937616,VALID,0.606552,VALID,13.6,VALID,Warning,WARN: Low flow rate detected
2026-05-12 02:00:00+00:00,0.6895140799999999,VALID,0.60579,VALID,13.7,VALID,Warning,WARN: Low flow rate detected
2026-05-12 03:00:00+00:00,0.68526656,VALID,0.605028,VALID,13.3,VALID,Warning,WARN: Low flow rate detected
2026-05-12 04:00:00+00:00,0.6937616,VALID,0.606552,VALID,13.1,VALID,Warning,WARN: Low flow rate detected
2026-05-12 05:00:00+00:00,0.6937616,VALID,0.606552,VALID,13.0,VALID,Warning,WARN: Low flow rate detected
2026-05-12 06:00:00+00:00,0.6895140799999999,VALID,0.60579,VALID,13.0,VALID,Warning,WARN: Low flow rate detected
2026-05-12 07:00:00+00:00,0.6937616,VALID,0.606552,VALID,13.0,VALID,Warning,WARN: Low flow rate detected
2026-05-12 08:00:00+00:00,0.6937616,VALID,0.606552,VALID,12.9,VALID,Warning,WARN: Low flow rate detected
2026-05-12 09:00:00+00:00,0.6937616,VALID,0.606552,VALID,12.9,VALID,Warning,WARN: Low flow rate detected
2026-05-12 10:00:00+00:00,0.6937616,VALID,0.606552,VALID,12.9,VALID,Warning,WARN: Low flow rate detected
2026-05-12 11:00:00+00:00,0.6937616,VALID,0.606552,VALID,12.9,VALID,Warning,WARN: Low flow rate detected
2026-05-12 12:00:00+00:00,0.69800912,VALID,0.607314,VALID,12.8,VALID,Warning,WARN: Low flow rate detected
2026-05-12 13:00:00+00:00,0.6937616,VALID,0.606552,VALID,12.8,VALID,Warning,WARN: Low flow rate detected
2026-05-12 14:00:00+00:00,0.69800912,VALID,0.607314,VALID,12.8,VALID,Warning,WARN: Low flow rate detected
2026-05-12 15:00:00+00:00,0.7065041599999999,VALID,0.608838,VALID,13.5,VALID,Warning,WARN: Low flow rate detected
2026-05-12 16:00:00+00:00,0.69800912,VALID,0.607314,VALID,14.2,VALID,Warning,WARN: Low flow rate detected
2026-05-12 17:00:00+00:00,0.68101904,VALID,0.604266,VALID,14.0,VALID,Warning,WARN: Low flow rate detected
2026-05-12 18:00:00+00:00,0.67323192,VALID,0.602742,VALID,14.0,VALID,Warning,WARN: Low flow rate detected
2026-05-12 19:00:00+00:00,0.67393984,VALID,0.602742,VALID,14.0,VALID,Warning,WARN: Low flow rate detected
2026-05-12 20:00:00+00:00,0.67677152,VALID,0.603504,VALID,13.9,VALID,Warning,WARN: Low flow rate detected
2026-05-12 21:00:00+00:00,0.68101904,VALID,0.604266,VALID,13.9,VALID,Warning,WARN: Low flow rate detected
2026-05-12 22:00:00+00:00,0.6661527199999999,VALID,0.601218,VALID,13.8,VALID,Warning,WARN: Low flow rate detected
2026-05-12 23:00:00+00:00,0.66969232,VALID,0.60198,VALID,13.8,VALID,Warning,WARN: Low flow rate detected
2026-05-13 00:00:00+00:00,0.6626131199999999,VALID,0.600456,VALID,13.7,VALID,Warning,WARN: Low flow rate detected
2026-05-13 01:00:00+00:00,0.6661527199999999,VALID,0.601218,VALID,13.6,VALID,Warning,WARN: Low flow rate detected
2026-05-13 02:00:00+00:00,0.6661527199999999,VALID,0.601218,VALID,13.7,VALID,Warning,WARN: Low flow rate detected
2026-05-13 03:00:00+00:00,0.6774794399999999,VALID,0.603504,VALID,13.3,VALID,Warning,WARN: Low flow rate detected
2026-05-13 04:00:00+00:00,0.67323192,VALID,0.602742,VALID,13.1,VALID,Warning,WARN: Low flow rate detected
2026-05-13 05:00:00+00:00,0.68101904,VALID,0.604266,VALID,13.0,VALID,Warning,WARN: Low flow rate detected
2026-05-13 06:00:00+00:00,0.68101904,VALID,0.604266,VALID,13.0,VALID,Warning,WARN: Low flow rate detected
2026-05-13 07:00:00+00:00,0.6895140799999999,VALID,0.60579,VALID,13.0,VALID,Warning,WARN: Low flow rate detected
2026-05-13 08:00:00+00:00,0.6937616,VALID,0.606552,VALID,12.9,VALID,Warning,WARN: Low flow rate detected
2026-05-13 09:00:00+00:00,0.68526656,VALID,0.605028,VALID,12.9,VALID,Warning,WARN: Low flow rate detected
2026-05-13 10:00:00+00:00,0.68101904,VALID,0.604266,VALID,12.9,VALID,Warning,WARN: Low flow rate detected
2026-05-13 11:00:00+00:00,0.67677152,VALID,0.603504,VALID,12.9,VALID,Warning,WARN: Low flow rate detected
2026-05-13 12:00:00+00:00,0.68101904,VALID,0.604266,VALID,12.8,VALID,Warning,WARN: Low flow rate detected
2026-05-13 13:00:00+00:00,0.67677152,VALID,0.603504,VALID,12.8,VALID,Warning,WARN: Low flow rate detected
2026-05-13 14:00:00+00:00,0.68101904,VALID,0.604266,VALID,12.8,VALID,Warning,WARN: Low flow rate detected
2026-05-13 15:00:00+00:00,0.69800912,VALID,0.607314,VALID,13.4,VALID,Warning,WARN: Low flow rate detected
2026-05-13 16:00:00+00:00,0.69800912,VALID,0.607314,VALID,14.2,VALID,Warning,WARN: Low flow rate detected
2026-05-13 17:00:00+00:00,0.6895140799999999,VALID,0.60579,VALID,14.0,VALID,Warning,WARN: Low flow rate detected
2026-05-13 18:00:00+00:00,0.6774794399999999,VALID,0.603504,VALID,14.0,VALID,Warning,WARN: Low flow rate detected
2026-05-13 19:00:00+00:00,0.67323192,VALID,0.602742,VALID,14.0,VALID,Warning,WARN: Low flow rate detected
2026-05-13 20:00:00+00:00,0.66969232,VALID,0.60198,VALID,13.9,VALID,Warning,WARN: Low flow rate detected
2026-05-13 21:00:00+00:00,0.6626131199999999,VALID,0.600456,VALID,13.9,VALID,Warning,WARN: Low flow rate detected
2026-05-13 22:00:00+00:00,0.6626131199999999,VALID,0.600456,VALID,13.9,VALID,Warning,WARN: Low flow rate detected
2026-05-13 23:00:00+00:00,0.6541180799999999,VALID,0.598932,VALID,13.8,VALID,Warning,WARN: Low flow rate detected
2026-05-14 00:00:00+00:00,0.64562304,VALID,0.597408,VALID,13.8,VALID,Warning,WARN: Low flow rate detected
2026-05-14 01:00:00+00:00,0.64562304,VALID,0.597408,VALID,13.8,VALID,Warning,WARN: Low flow rate detected
2026-05-14 02:00:00+00:00,0.64562304,VALID,0.597408,VALID,13.7,VALID,Warning,WARN: Low flow rate detected
2026-05-14 03:00:00+00:00,0.64987056,VALID,0.5981700000000001,VALID,13.4,VALID,Warning,WARN: Low flow rate detected
2026-05-14 04:00:00+00:00,0.6541180799999999,VALID,0.598932,VALID,13.0,VALID,Warning,WARN: Low flow rate detected
2026-05-14 05:00:00+00:00,0.6626131199999999,VALID,0.600456,VALID,13.0,VALID,Warning,WARN: Low flow rate detected
2026-05-14 06:00:00+00:00,0.6626131199999999,VALID,0.600456,VALID,13.0,VALID,Warning,WARN: Low flow rate detected
2026-05-14 07:00:00+00:00,0.6661527199999999,VALID,0.601218,VALID,13.0,VALID,Warning,WARN: Low flow rate detected
2026-05-14 08:00:00+00:00,0.6661527199999999,VALID,0.601218,VALID,12.9,VALID,Warning,WARN: Low flow rate detected
2026-05-14 09:00:00+00:00,0.66969232,VALID,0.60198,VALID,12.9,VALID,Warning,WARN: Low flow rate detected
2026-05-14 10:00:00+00:00,0.6661527199999999,VALID,0.601218,VALID,12.9,VALID,Warning,WARN: Low flow rate detected
2026-05-14 11:00:00+00:00,0.67323192,VALID,0.602742,VALID,12.8,VALID,Warning,WARN: Low flow rate detected
2026-05-14 12:00:00+00:00,0.66969232,VALID,0.60198,VALID,12.8,VALID,Warning,WARN: Low flow rate detected
2026-05-14 13:00:00+00:00,0.66969232,VALID,0.60198,VALID,12.8,VALID,Warning,WARN: Low flow rate detected
2026-05-14 14:00:00+00:00,0.66969232,VALID,0.60198,VALID,12.7,VALID,Warning,WARN: Low flow rate detected
2026-05-14 15:00:00+00:00,0.66969232,VALID,0.60198,VALID,13.6,VALID,Warning,WARN: Low flow rate detected
2026-05-14 16:00:00+00:00,0.67677152,VALID,0.603504,VALID,14.2,VALID,Warning,WARN: Low flow rate detected
2026-05-14 17:00:00+00:00,0.67323192,VALID,0.602742,VALID,13.5,VALID,Warning,WARN: Low flow rate detected
2026-05-14 18:00:00+00:00,0.6661527199999999,VALID,0.601218,VALID,14.0,VALID,Warning,WARN: Low flow rate detected
2026-05-14 19:00:00+00:00,0.6626131199999999,VALID,0.600456,VALID,14.0,VALID,Warning,WARN: Low flow rate detected
2026-05-14 20:00:00+00:00,0.6661527199999999,VALID,0.601218,VALID,14.0,VALID,Warning,WARN: Low flow rate detected
2026-05-14 21:00:00+00:00,0.6626131199999999,VALID,0.600456,VALID,14.0,VALID,Warning,WARN: Low flow rate detected
2026-05-14 22:00:00+00:00,0.6583656,VALID,0.599694,VALID,13.9,VALID,Warning,WARN: Low flow rate detected
2026-05-14 23:00:00+00:00,0.6583656,VALID,0.599694,VALID,13.9,VALID,Warning,WARN: Low flow rate detected
2026-05-15 00:00:00+00:00,0.6541180799999999,VALID,0.598932,VALID,13.8,VALID,Warning,WARN: Low flow rate detected
2026-05-15 01:00:00+00:00,0.6541180799999999,VALID,0.598932,VALID,13.8,VALID,Warning,WARN: Low flow rate detected
2026-05-15 02:00:00+00:00,0.64562304,VALID,0.597408,VALID,13.8,VALID,Warning,WARN: Low flow rate detected
2026-05-15 03:00:00+00:00,0.64562304,VALID,0.597408,VALID,13.4,VALID,Warning,WARN: Low flow rate detected
2026-05-15 04:00:00+00:00,0.6541180799999999,VALID,0.598932,VALID,13.1,VALID,Warning,WARN: Low flow rate detected
2026-05-15 05:00:00+00:00,0.6541180799999999,VALID,0.598932,VALID,13.0,VALID,Warning,WARN: Low flow rate detected
2026-05-15 06:00:00+00:00,0.64987056,VALID,0.5981700000000001,VALID,13.0,VALID,Warning,WARN: Low flow rate detected
2026-05-15 07:00:00+00:00,0.6626131199999999,VALID,0.600456,VALID,13.0,VALID,Warning,WARN: Low flow rate detected
2026-05-15 08:00:00+00:00,0.6626131199999999,VALID,0.600456,VALID,12.9,VALID,Warning,WARN: Low flow rate detected
2026-05-15 09:00:00+00:00,0.6626131199999999,VALID,0.600456,VALID,12.9,VALID,Warning,WARN: Low flow rate detected
2026-05-15 10:00:00+00:00,0.67323192,VALID,0.602742,VALID,12.9,VALID,Warning,WARN: Low flow rate detected
2026-05-15 11:00:00+00:00,0.66969232,VALID,0.60198,VALID,12.8,VALID,Warning,WARN: Low flow rate detected
2026-05-15 12:00:00+00:00,0.67323192,VALID,0.602742,VALID,12.8,VALID,Warning,WARN: Low flow rate detected
2026-05-15 13:00:00+00:00,0.67323192,VALID,0.602742,VALID,12.8,VALID,Warning,WARN: Low flow rate detected
2026-05-15 14:00:00+00:00,0.66969232,VALID,0.60198,VALID,12.7,VALID,Warning,WARN: Low flow rate detected
2026-05-15 15:00:00+00:00,0.67323192,VALID,0.602742,VALID,13.6,VALID,Warning,WARN: Low flow rate detected
2026-05-15 16:00:00+00:00,0.6937616,VALID,0.606552,VALID,14.2,VALID,Warning,WARN: Low flow rate detected
2026-05-15 17:00:00+00:00,0.67323192,VALID,0.602742,VALID,14.0,VALID,Warning,WARN: Low flow rate detected
2026-05-15 18:00:00+00:00,0.66969232,VALID,0.60198,VALID,14.0,VALID,Warning,WARN: Low flow rate detected
2026-05-15 19:00:00+00:00,0.6626131199999999,VALID,0.600456,VALID,14.0,VALID,Warning,WARN: Low flow rate detected
2026-05-15 20:00:00+00:00,0.6626131199999999,VALID,0.600456,VALID,14.0,VALID,Warning,WARN: Low flow rate detected
2026-05-15 21:00:00+00:00,0.6626131199999999,VALID,0.600456,VALID,14.0,VALID,Warning,WARN: Low flow rate detected
2026-05-15 22:00:00+00:00,0.6626131199999999,VALID,0.600456,VALID,13.9,VALID,Warning,WARN: Low flow rate detected
2026-05-15 23:00:00+00:00,0.6626131199999999,VALID,0.600456,VALID,13.9,VALID,Warning,WARN: Low flow rate detected
2026-05-16 00:00:00+00:00,0.6583656,VALID,0.599694,VALID,13.8,VALID,Warning,WARN: Low flow rate detected
2026-05-16 01:00:00+00:00,0.64987056,VALID,0.5981700000000001,VALID,13.8,VALID,Warning,WARN: Low flow rate detected
2026-05-16 02:00:00+00:00,0.6541180799999999,VALID,0.598932,VALID,13.8,VALID,Warning,WARN: Low flow rate detected
2026-05-16 03:00:00+00:00,0.6583656,VALID,0.599694,VALID,13.4,VALID,Warning,WARN: Low flow rate detected
2026-05-16 04:00:00+00:00,0.6626131199999999,VALID,0.600456,VALID,13.1,VALID,Warning,WARN: Low flow rate detected
2026-05-16 05:00:00+00:00,0.6661527199999999,VALID,0.601218,VALID,13.0,VALID,Warning,WARN: Low flow rate detected
2026-05-16 06:00:00+00:00,0.6661527199999999,VALID,0.601218,VALID,13.0,VALID,Warning,WARN: Low flow rate detected
2026-05-16 07:00:00+00:00,0.6626131199999999,VALID,0.600456,VALID,-999.0,VALID,Warning,WARN: Low flow rate detected
2026-05-16 08:00:00+00:00,0.6626131199999999,VALID,0.600456,VALID,12.9,VALID,Warning,WARN: Low flow rate detected
2026-05-16 09:00:00+00:00,0.6626131199999999,VALID,0.600456,VALID,12.9,VALID,Warning,WARN: Low flow rate detected
2026-05-16 10:00:00+00:00,0.6626131199999999,VALID,0.600456,VALID,12.9,VALID,Warning,WARN: Low flow rate detected
2026-05-16 11:00:00+00:00,0.6626131199999999,VALID,0.600456,VALID,12.9,VALID,Warning,WARN: Low flow rate detected
2026-05-16 12:00:00+00:00,0.6626131199999999,VALID,0.600456,VALID,12.8,VALID,Warning,WARN: Low flow rate detected
2026-05-16 13:00:00+00:00,0.6661527199999999,VALID,0.601218,VALID,12.8,VALID,Warning,WARN: Low flow rate detected
2026-05-16 14:00:00+00:00,0.6661527199999999,VALID,0.601218,VALID,12.8,VALID,Warning,WARN: Low flow rate detected
2026-05-16 15:00:00+00:00,0.6661527199999999,VALID,0.601218,VALID,13.6,VALID,Warning,WARN: Low flow rate detected
2026-05-16 16:00:00+00:00,0.67323192,VALID,0.602742,VALID,14.2,VALID,Warning,WARN: Low flow rate detected
2026-05-16 17:00:00+00:00,0.68101904,VALID,0.604266,VALID,14.0,VALID,Warning,WARN: Low flow rate detected
2026-05-16 18:00:00+00:00,0.66969232,VALID,0.60198,VALID,14.0,VALID,Warning,WARN: Low flow rate detected
2026-05-16 19:00:00+00:00,0.66969232,VALID,0.60198,VALID,14.0,VALID,Warning,WARN: Low flow rate detected
2026-05-16 20:00:00+00:00,0.6661527199999999,VALID,0.601218,VALID,14.0,VALID,Warning,WARN: Low flow rate detected
2026-05-16 21:00:00+00:00,0.6583656,VALID,0.599694,VALID,14.0,VALID,Warning,WARN: Low flow rate detected
2026-05-16 22:00:00+00:00,0.6541180799999999,VALID,0.598932,VALID,13.9,VALID,Warning,WARN: Low flow rate detected
2026-05-16 23:00:00+00:00,0.6583656,VALID,0.599694,VALID,13.9,VALID,Warning,WARN: Low flow rate detected
2026-05-17 00:00:00+00:00,0.64987056,VALID,0.5981700000000001,VALID,13.8,VALID,Warning,WARN: Low flow rate detected
2026-05-17 01:00:00+00:00,0.64562304,VALID,0.597408,VALID,13.8,VALID,Warning,WARN: Low flow rate detected
2026-05-17 02:00:00+00:00,0.64562304,VALID,0.597408,VALID,13.8,VALID,Warning,WARN: Low flow rate detected
2026-05-17 03:00:00+00:00,0.64562304,VALID,0.597408,VALID,13.5,VALID,Warning,WARN: Low flow rate detected
2026-05-17 04:00:00+00:00,0.6541180799999999,VALID,0.598932,VALID,13.0,VALID,Warning,WARN: Low flow rate detected
2026-05-17 05:00:00+00:00,0.6541180799999999,VALID,0.598932,VALID,13.0,VALID,Warning,WARN: Low flow rate detected
2026-05-17 06:00:00+00:00,0.6626131199999999,VALID,0.600456,VALID,13.0,VALID,Warning,WARN: Low flow rate detected
2026-05-17 07:00:00+00:00,0.6626131199999999,VALID,0.600456,VALID,13.0,VALID,Warning,WARN: Low flow rate detected
2026-05-17 08:00:00+00:00,0.6626131199999999,VALID,0.600456,VALID,12.9,VALID,Warning,WARN: Low flow rate detected
2026-05-17 09:00:00+00:00,0.6626131199999999,VALID,0.600456,VALID,12.9,VALID,Warning,WARN: Low flow rate detected
2026-05-17 10:00:00+00:00,0.6626131199999999,VALID,0.600456,VALID,12.9,VALID,Warning,WARN: Low flow rate detected
2026-05-17 11:00:00+00:00,0.6626131199999999,VALID,0.600456,VALID,12.8,VALID,Warning,WARN: Low flow rate detected
2026-05-17 12:00:00+00:00,0.6626131199999999,VALID,0.600456,VALID,12.8,VALID,Warning,WARN: Low flow rate detected
2026-05-17 13:00:00+00:00,0.6626131199999999,VALID,0.600456,VALID,12.8,VALID,Warning,WARN: Low flow rate detected
2026-05-17 14:00:00+00:00,0.6661527199999999,VALID,0.601218,VALID,12.8,VALID,Warning,WARN: Low flow rate detected
2026-05-17 15:00:00+00:00,0.6626131199999999,VALID,0.600456,VALID,13.6,VALID,Warning,WARN: Low flow rate detected
2026-05-17 16:00:00+00:00,0.6626131199999999,VALID,0.600456,VALID,14.2,VALID,Warning,WARN: Low flow rate detected
2026-05-17 17:00:00+00:00,0.6626131199999999,VALID,0.600456,VALID,13.6,VALID,Warning,WARN: Low flow rate detected
2026-05-17 18:00:00+00:00,0.6661527199999999,VALID,0.601218,VALID,14.1,VALID,Warning,WARN: Low flow rate detected
2026-05-17 19:00:00+00:00,0.6583656,VALID,0.599694,VALID,14.1,VALID,Warning,WARN: Low flow rate detected
2026-05-17 20:00:00+00:00,0.6626131199999999,VALID,0.600456,VALID,14.0,VALID,Warning,WARN: Low flow rate detected
2026-05-17 21:00:00+00:00,0.6541180799999999,VALID,0.598932,VALID,14.0,VALID,Warning,WARN: Low flow rate detected
2026-05-17 22:00:00+00:00,0.64987056,VALID,0.5981700000000001,VALID,14.0,VALID,Warning,WARN: Low flow rate detected
2026-05-17 23:00:00+00:00,0.6583656,VALID,0.599694,VALID,14.0,VALID,Warning,WARN: Low flow rate detected
2026-05-18 00:00:00+00:00,0.64562304,VALID,0.597408,VALID,13.9,VALID,Warning,WARN: Low flow rate detected
2026-05-18 01:00:00+00:00,0.64279136,VALID,0.596646,VALID,13.8,VALID,Warning,WARN: Low flow rate detected
2026-05-18 02:00:00+00:00,0.63995968,VALID,0.5958840000000001,VALID,13.9,VALID,Warning,WARN: Low flow rate detected
2026-05-18 03:00:00+00:00,0.64562304,VALID,0.597408,VALID,13.6,VALID,Warning,WARN: Low flow rate detected
2026-05-18 04:00:00+00:00,0.64987056,VALID,0.5981700000000001,VALID,13.0,VALID,Warning,WARN: Low flow rate detected
2026-05-18 05:00:00+00:00,0.64562304,VALID,0.597408,VALID,13.0,VALID,Warning,WARN: Low flow rate detected
2026-05-18 06:00:00+00:00,0.6583656,VALID,0.599694,VALID,13.0,VALID,Warning,WARN: Low flow rate detected
2026-05-18 07:00:00+00:00,0.6583656,VALID,0.599694,VALID,13.0,VALID,Warning,WARN: Low flow rate detected
2026-05-18 08:00:00+00:00,0.6626131199999999,VALID,0.600456,VALID,12.9,VALID,Warning,WARN: Low flow rate detected
2026-05-18 09:00:00+00:00,0.6626131199999999,VALID,0.600456,VALID,12.9,VALID,Warning,WARN: Low flow rate detected
2026-05-18 10:00:00+00:00,0.6626131199999999,VALID,0.600456,VALID,12.9,VALID,Warning,WARN: Low flow rate detected
2026-05-18 11:00:00+00:00,0.6626131199999999,VALID,0.600456,VALID,12.9,VALID,Warning,WARN: Low flow rate detected
2026-05-18 12:00:00+00:00,0.6626131199999999,VALID,0.600456,VALID,12.8,VALID,Warning,WARN: Low flow rate detected
2026-05-18 13:00:00+00:00,0.6626131199999999,VALID,0.600456,VALID,12.8,VALID,Warning,WARN: Low flow rate detected
2026-05-18 14:00:00+00:00,0.6661527199999999,VALID,0.601218,VALID,12.8,VALID,Warning,WARN: Low flow rate detected
2026-05-18 15:00:00+00:00,0.66969232,VALID,0.60198,VALID,13.2,VALID,Warning,WARN: Low flow rate detected
2026-05-18 16:00:00+00:00,0.6661527199999999,VALID,0.601218,VALID,14.2,VALID,Warning,WARN: Low flow rate detected
2026-05-18 17:00:00+00:00,0.6661527199999999,VALID,0.601218,VALID,14.1,VALID,Warning,WARN: Low flow rate detected
2026-05-18 18:00:00+00:00,0.66969232,VALID,0.60198,VALID,14.1,VALID,Warning,WARN: Low flow rate detected
2026-05-18 19:00:00+00:00,0.6626131199999999,VALID,0.600456,VALID,14.1,VALID,Warning,WARN: Low flow rate detected
2026-05-18 20:00:00+00:00,0.6541180799999999,VALID,0.598932,VALID,14.0,VALID,Warning,WARN: Low flow rate detected
2026-05-18 21:00:00+00:00,0.6626131199999999,VALID,0.600456,VALID,14.0,VALID,Warning,WARN: Low flow rate detected
2026-05-18 22:00:00+00:00,0.6626131199999999,VALID,0.600456,VALID,14.0,VALID,Warning,WARN: Low flow rate detected
2026-05-18 23:00:00+00:00,0.67323192,VALID,0.602742,VALID,14.0,VALID,Warning,WARN: Low flow rate detected
2026-05-19 00:00:00+00:00,0.6583656,VALID,0.599694,VALID,13.9,VALID,Warning,WARN: Low flow rate detected
2026-05-19 01:00:00+00:00,0.6541180799999999,VALID,0.598932,VALID,13.9,VALID,Warning,WARN: Low flow rate detected
2026-05-19 02:00:00+00:00,0.6541180799999999,VALID,0.598932,VALID,13.9,VALID,Warning,WARN: Low flow rate detected
2026-05-19 03:00:00+00:00,0.6583656,VALID,0.599694,VALID,13.6,VALID,Warning,WARN: Low flow rate detected
2026-05-19 04:00:00+00:00,0.6626131199999999,VALID,0.600456,VALID,13.0,VALID,Warning,WARN: Low flow rate detected
2026-05-19 05:00:00+00:00,0.6661527199999999,VALID,0.601218,VALID,13.0,VALID,Warning,WARN: Low flow rate detected
2026-05-19 06:00:00+00:00,0.6661527199999999,VALID,0.601218,VALID,13.0,VALID,Warning,WARN: Low flow rate detected
2026-05-19 07:00:00+00:00,0.66969232,VALID,0.60198,VALID,12.9,VALID,Warning,WARN: Low flow rate detected
2026-05-19 08:00:00+00:00,0.66969232,VALID,0.60198,VALID,12.9,VALID,Warning,WARN: Low flow rate detected
2026-05-19 09:00:00+00:00,0.67323192,VALID,0.602742,VALID,12.9,VALID,Warning,WARN: Low flow rate detected
2026-05-19 10:00:00+00:00,0.67677152,VALID,0.603504,VALID,12.9,VALID,Warning,WARN: Low flow rate detected
2026-05-19 11:00:00+00:00,0.68101904,VALID,0.604266,VALID,12.9,VALID,Warning,WARN: Low flow rate detected
2026-05-19 12:00:00+00:00,0.68101904,VALID,0.604266,VALID,12.8,VALID,Warning,WARN: Low flow rate detected
2026-05-19 13:00:00+00:00,0.6895140799999999,VALID,0.60579,VALID,12.8,VALID,Warning,WARN: Low flow rate detected
2026-05-19 14:00:00+00:00,0.68526656,VALID,0.605028,VALID,12.8,VALID,Warning,WARN: Low flow rate detected
2026-05-19 15:00:00+00:00,0.6895140799999999,VALID,0.60579,VALID,13.6,VALID,Warning,WARN: Low flow rate detected
2026-05-19 16:00:00+00:00,0.7065041599999999,VALID,0.608838,VALID,14.3,VALID,Warning,WARN: Low flow rate detected
2026-05-19 17:00:00+00:00,0.6895140799999999,VALID,0.60579,VALID,14.1,VALID,Warning,WARN: Low flow rate detected
2026-05-19 18:00:00+00:00,0.69800912,VALID,0.607314,VALID,14.1,VALID,Warning,WARN: Low flow rate detected
2026-05-19 19:00:00+00:00,0.68526656,VALID,0.605028,VALID,14.1,VALID,Warning,WARN: Low flow rate detected
2026-05-19 20:00:00+00:00,0.6661527199999999,VALID,0.601218,VALID,14.1,VALID,Warning,WARN: Low flow rate detected
2026-05-19 21:00:00+00:00,0.6626131199999999,VALID,0.600456,VALID,14.0,VALID,Warning,WARN: Low flow rate detected
2026-05-19 22:00:00+00:00,0.6661527199999999,VALID,0.601218,VALID,14.0,VALID,Warning,WARN: Low flow rate detected
2026-05-19 23:00:00+00:00,0.67393984,VALID,0.602742,VALID,14.0,VALID,Warning,WARN: Low flow rate detected
2026-05-20 00:00:00+00:00,0.6626131199999999,VALID,0.600456,VALID,13.9,VALID,Warning,WARN: Low flow rate detected
2026-05-20 01:00:00+00:00,0.6626131199999999,VALID,0.600456,VALID,13.9,VALID,Warning,WARN: Low flow rate detected
2026-05-20 02:00:00+00:00,0.6626131199999999,VALID,0.600456,VALID,13.9,VALID,Warning,WARN: Low flow rate detected
2026-05-20 03:00:00+00:00,0.6626131199999999,VALID,0.600456,VALID,13.6,VALID,Warning,WARN: Low flow rate detected
2026-05-20 04:00:00+00:00,0.66969232,VALID,0.60198,VALID,13.0,VALID,Warning,WARN: Low flow rate detected
2026-05-20 05:00:00+00:00,0.67677152,VALID,0.603504,VALID,13.0,VALID,Warning,WARN: Low flow rate detected
2026-05-20 06:00:00+00:00,0.67323192,VALID,0.602742,VALID,13.0,VALID,Warning,WARN: Low flow rate detected
2026-05-20 07:00:00+00:00,0.67323192,VALID,0.602742,VALID,13.0,VALID,Warning,WARN: Low flow rate detected
2026-05-20 08:00:00+00:00,0.67677152,VALID,0.603504,VALID,12.9,VALID,Warning,WARN: Low flow rate detected
2026-05-20 09:00:00+00:00,0.67677152,VALID,0.603504,VALID,12.9,VALID,Warning,WARN: Low flow rate detected
2026-05-20 10:00:00+00:00,0.67677152,VALID,0.603504,VALID,12.9,VALID,Warning,WARN: Low flow rate detected
2026-05-20 11:00:00+00:00,0.67677152,VALID,0.603504,VALID,12.8,VALID,Warning,WARN: Low flow rate detected
2026-05-20 12:00:00+00:00,0.67677152,VALID,0.603504,VALID,12.8,VALID,Warning,WARN: Low flow rate detected
2026-05-20 13:00:00+00:00,0.67677152,VALID,0.603504,VALID,12.7,VALID,Warning,WARN: Low flow rate detected
2026-05-20 14:00:00+00:00,0.67677152,VALID,0.603504,VALID,12.7,VALID,Warning,WARN: Low flow rate detected
2026-05-20 15:00:00+00:00,0.68101904,VALID,0.604266,VALID,13.6,VALID,Warning,WARN: Low flow rate detected
2026-05-20 16:00:00+00:00,0.70225664,VALID,0.6080760000000001,VALID,14.3,VALID,Warning,WARN: Low flow rate detected
2026-05-20 17:00:00+00:00,0.68526656,VALID,0.605028,VALID,13.6,VALID,Warning,WARN: Low flow rate detected
2026-05-20 18:00:00+00:00,0.6937616,VALID,0.606552,VALID,14.1,VALID,Warning,WARN: Low flow rate detected
2026-05-20 19:00:00+00:00,0.68526656,VALID,0.605028,VALID,14.1,VALID,Warning,WARN: Low flow rate detected
2026-05-20 20:00:00+00:00,0.68101904,VALID,0.604266,VALID,14.0,VALID,Warning,WARN: Low flow rate detected
2026-05-20 21:00:00+00:00,0.66969232,VALID,0.60198,VALID,14.0,VALID,Warning,WARN: Low flow rate detected
2026-05-20 22:00:00+00:00,0.68101904,VALID,0.604266,VALID,14.0,VALID,Warning,WARN: Low flow rate detected
2026-05-20 23:00:00+00:00,0.6774794399999999,VALID,0.603504,VALID,13.9,VALID,Warning,WARN: Low flow rate detected
2026-05-21 00:00:00+00:00,0.6661527199999999,VALID,0.601218,VALID,13.8,VALID,Warning,WARN: Low flow rate detected
2026-05-21 01:00:00+00:00,0.66969232,VALID,0.60198,VALID,13.8,VALID,Warning,WARN: Low flow rate detected
2026-05-21 02:00:00+00:00,0.6661527199999999,VALID,0.601218,VALID,13.8,VALID,Warning,WARN: Low flow rate detected
2026-05-21 03:00:00+00:00,0.6626131199999999,VALID,0.600456,VALID,13.6,VALID,Warning,WARN: Low flow rate detected
2026-05-21 04:00:00+00:00,0.6661527199999999,VALID,0.601218,VALID,13.0,VALID,Warning,WARN: Low flow rate detected
2026-05-21 05:00:00+00:00,0.6661527199999999,VALID,0.601218,VALID,13.0,VALID,Warning,WARN: Low flow rate detected
2026-05-21 06:00:00+00:00,0.6661527199999999,VALID,0.601218,VALID,13.0,VALID,Warning,WARN: Low flow rate detected
2026-05-21 07:00:00+00:00,0.66969232,VALID,0.60198,VALID,12.9,VALID,Warning,WARN: Low flow rate detected
2026-05-21 08:00:00+00:00,0.66969232,VALID,0.60198,VALID,12.9,VALID,Warning,WARN: Low flow rate detected
2026-05-21 09:00:00+00:00,0.67677152,VALID,0.603504,VALID,12.9,VALID,Warning,WARN: Low flow rate detected
2026-05-21 10:00:00+00:00,0.68101904,VALID,0.604266,VALID,12.9,VALID,Warning,WARN: Low flow rate detected
2026-05-21 11:00:00+00:00,0.67677152,VALID,0.603504,VALID,12.8,VALID,Warning,WARN: Low flow rate detected
2026-05-21 12:00:00+00:00,0.68526656,VALID,0.605028,VALID,12.8,VALID,Warning,WARN: Low flow rate detected
2026-05-21 13:00:00+00:00,0.68101904,VALID,0.604266,VALID,12.7,VALID,Warning,WARN: Low flow rate detected
2026-05-21 14:00:00+00:00,0.68101904,VALID,0.604266,VALID,12.7,VALID,Warning,WARN: Low flow rate detected
2026-05-21 15:00:00+00:00,0.68101904,VALID,0.604266,VALID,13.7,VALID,Warning,WARN: Low flow rate detected
2026-05-21 16:00:00+00:00,0.68101904,VALID,0.604266,VALID,14.3,VALID,Warning,WARN: Low flow rate detected
2026-05-21 17:00:00+00:00,0.67677152,VALID,0.603504,VALID,14.0,VALID,Warning,WARN: Low flow rate detected
2026-05-21 18:00:00+00:00,0.66969232,VALID,0.60198,VALID,14.1,VALID,Warning,WARN: Low flow rate detected
2026-05-21 19:00:00+00:00,0.67323192,VALID,0.602742,VALID,14.1,VALID,Warning,WARN: Low flow rate detected
2026-05-21 20:00:00+00:00,0.6626131199999999,VALID,0.600456,VALID,14.0,VALID,Warning,WARN: Low flow rate detected
2026-05-21 21:00:00+00:00,0.6626131199999999,VALID,0.600456,VALID,14.0,VALID,Warning,WARN: Low flow rate detected
2026-05-21 22:00:00+00:00,0.6626131199999999,VALID,0.600456,VALID,14.0,VALID,Warning,WARN: Low flow rate detected
2026-05-21 23:00:00+00:00,0.66969232,VALID,0.60198,VALID,13.9,VALID,Warning,WARN: Low flow rate detected
2026-05-22 00:00:00+00:00,0.66969232,VALID,0.60198,VALID,13.8,VALID,Warning,WARN: Low flow rate detected
2026-05-22 01:00:00+00:00,0.6661527199999999,VALID,0.601218,VALID,13.8,VALID,Warning,WARN: Low flow rate detected
2026-05-22 02:00:00+00:00,0.6626131199999999,VALID,0.600456,VALID,13.8,VALID,Warning,WARN: Low flow rate detected
2026-05-22 03:00:00+00:00,0.6661527199999999,VALID,0.601218,VALID,13.5,VALID,Warning,WARN: Low flow rate detected
2026-05-22 04:00:00+00:00,0.6626131199999999,VALID,0.600456,VALID,13.0,VALID,Warning,WARN: Low flow rate detected
2026-05-22 05:00:00+00:00,0.66969232,VALID,0.60198,VALID,13.0,VALID,Warning,WARN: Low flow rate detected
2026-05-22 06:00:00+00:00,0.6661527199999999,VALID,0.601218,VALID,13.0,VALID,Warning,WARN: Low flow rate detected
2026-05-22 07:00:00+00:00,0.66969232,VALID,0.60198,VALID,12.9,VALID,Warning,WARN: Low flow rate detected
2026-05-22 08:00:00+00:00,0.67677152,VALID,0.603504,VALID,12.9,VALID,Warning,WARN: Low flow rate detected
2026-05-22 09:00:00+00:00,0.67677152,VALID,0.603504,VALID,12.9,VALID,Warning,WARN: Low flow rate detected
2026-05-22 10:00:00+00:00,0.67677152,VALID,0.603504,VALID,12.9,VALID,Warning,WARN: Low flow rate detected
2026-05-22 11:00:00+00:00,0.67677152,VALID,0.603504,VALID,12.8,VALID,Warning,WARN: Low flow rate detected
2026-05-22 12:00:00+00:00,0.68101904,VALID,0.604266,VALID,12.8,VALID,Warning,WARN: Low flow rate detected
2026-05-22 13:00:00+00:00,0.68101904,VALID,0.604266,VALID,12.8,VALID,Warning,WARN: Low flow rate detected
2026-05-22 14:00:00+00:00,0.6937616,VALID,0.606552,VALID,12.7,VALID,Warning,WARN: Low flow rate detected
2026-05-22 15:00:00+00:00,0.6937616,VALID,0.606552,VALID,13.6,VALID,Warning,WARN: Low flow rate detected
2026-05-22 16:00:00+00:00,0.67393984,VALID,0.602742,VALID,14.3,VALID,Warning,WARN: Low flow rate detected
2026-05-22 17:00:00+00:00,0.68101904,VALID,0.604266,VALID,14.0,VALID,Warning,WARN: Low flow rate detected
2026-05-22 18:00:00+00:00,0.67323192,VALID,0.602742,VALID,14.1,VALID,Warning,WARN: Low flow rate detected
2026-05-22 19:00:00+00:00,0.67677152,VALID,0.603504,VALID,14.1,VALID,Warning,WARN: Low flow rate detected
2026-05-22 20:00:00+00:00,0.67323192,VALID,0.602742,VALID,14.0,VALID,Warning,WARN: Low flow rate detected
2026-05-22 21:00:00+00:00,0.67323192,VALID,0.602742,VALID,14.0,VALID,Warning,WARN: Low flow rate detected
2026-05-22 22:00:00+00:00,0.6661527199999999,VALID,0.601218,VALID,14.0,VALID,Warning,WARN: Low flow rate detected
2026-05-22 23:00:00+00:00,0.6626131199999999,VALID,0.600456,VALID,13.9,VALID,Warning,WARN: Low flow rate detected
2026-05-23 00:00:00+00:00,0.6661527199999999,VALID,0.601218,VALID,13.8,VALID,Warning,WARN: Low flow rate detected
2026-05-23 01:00:00+00:00,0.6626131199999999,VALID,0.600456,VALID,13.8,VALID,Warning,WARN: Low flow rate detected
2026-05-23 02:00:00+00:00,0.6626131199999999,VALID,0.600456,VALID,13.8,VALID,Warning,WARN: Low flow rate detected
2026-05-23 03:00:00+00:00,0.6626131199999999,VALID,0.600456,VALID,13.6,VALID,Warning,WARN: Low flow rate detected
2026-05-23 04:00:00+00:00,0.6626131199999999,VALID,0.600456,VALID,13.0,VALID,Warning,WARN: Low flow rate detected
2026-05-23 05:00:00+00:00,0.6626131199999999,VALID,0.600456,VALID,13.0,VALID,Warning,WARN: Low flow rate detected
2026-05-23 06:00:00+00:00,0.6626131199999999,VALID,0.600456,VALID,13.0,VALID,Warning,WARN: Low flow rate detected
2026-05-23 07:00:00+00:00,0.67323192,VALID,0.602742,VALID,12.9,VALID,Warning,WARN: Low flow rate detected
2026-05-23 08:00:00+00:00,0.67323192,VALID,0.602742,VALID,12.9,VALID,Warning,WARN: Low flow rate detected
2026-05-23 09:00:00+00:00,0.67323192,VALID,0.602742,VALID,12.9,VALID,Warning,WARN: Low flow rate detected
2026-05-23 10:00:00+00:00,0.67677152,VALID,0.603504,VALID,12.9,VALID,Warning,WARN: Low flow rate detected
2026-05-23 11:00:00+00:00,0.68101904,VALID,0.604266,VALID,12.9,VALID,Warning,WARN: Low flow rate detected
2026-05-23 12:00:00+00:00,0.67677152,VALID,0.603504,VALID,12.8,VALID,Warning,WARN: Low flow rate detected
2026-05-23 13:00:00+00:00,0.67677152,VALID,0.603504,VALID,12.8,VALID,Warning,WARN: Low flow rate detected
2026-05-23 14:00:00+00:00,0.67677152,VALID,0.603504,VALID,12.8,VALID,Warning,WARN: Low flow rate detected
2026-05-23 15:00:00+00:00,0.67677152,VALID,0.603504,VALID,13.6,VALID,Warning,WARN: Low flow rate detected
2026-05-23 16:00:00+00:00,0.67677152,VALID,0.603504,VALID,14.2,VALID,Warning,WARN: Low flow rate detected
2026-05-23 17:00:00+00:00,0.67323192,VALID,0.602742,VALID,13.5,VALID,Warning,WARN: Low flow rate detected
2026-05-23 18:00:00+00:00,0.67677152,VALID,0.603504,VALID,14.0,VALID,Warning,WARN: Low flow rate detected
2026-05-23 19:00:00+00:00,0.6661527199999999,VALID,0.601218,VALID,14.0,VALID,Warning,WARN: Low flow rate detected
2026-05-23 20:00:00+00:00,0.67323192,VALID,0.602742,VALID,14.0,VALID,Warning,WARN: Low flow rate detected
2026-05-23 21:00:00+00:00,0.6661527199999999,VALID,0.601218,VALID,14.0,VALID,Warning,WARN: Low flow rate detected
2026-05-23 22:00:00+00:00,0.67677152,VALID,0.603504,VALID,13.9,VALID,Warning,WARN: Low flow rate detected
2026-05-23 23:00:00+00:00,0.67323192,VALID,0.602742,VALID,13.8,VALID,Warning,WARN: Low flow rate detected
2026-05-24 00:00:00+00:00,0.67323192,VALID,0.602742,VALID,13.8,VALID,Warning,WARN: Low flow rate detected
2026-05-24 01:00:00+00:00,0.6661527199999999,VALID,0.601218,VALID,13.7,VALID,Warning,WARN: Low flow rate detected
2026-05-24 02:00:00+00:00,0.6626131199999999,VALID,0.600456,VALID,13.8,VALID,Warning,WARN: Low flow rate detected
2026-05-24 03:00:00+00:00,0.6583656,VALID,0.599694,VALID,13.5,VALID,Warning,WARN: Low flow rate detected
2026-05-24 04:00:00+00:00,0.64987056,VALID,0.5981700000000001,VALID,13.1,VALID,Warning,WARN: Low flow rate detected
2026-05-24 05:00:00+00:00,0.6541180799999999,VALID,0.598932,VALID,13.0,VALID,Warning,WARN: Low flow rate detected
2026-05-24 06:00:00+00:00,0.6626131199999999,VALID,0.600456,VALID,13.0,VALID,Warning,WARN: Low flow rate detected
2026-05-24 07:00:00+00:00,0.6626131199999999,VALID,0.600456,VALID,13.0,VALID,Warning,WARN: Low flow rate detected
2026-05-24 08:00:00+00:00,0.6626131199999999,VALID,0.600456,VALID,12.9,VALID,Warning,WARN: Low flow rate detected
2026-05-24 09:00:00+00:00,0.66969232,VALID,0.60198,VALID,12.9,VALID,Warning,WARN: Low flow rate detected
2026-05-24 10:00:00+00:00,0.67677152,VALID,0.603504,VALID,12.9,VALID,Warning,WARN: Low flow rate detected
2026-05-24 11:00:00+00:00,0.68526656,VALID,0.605028,VALID,12.8,VALID,Warning,WARN: Low flow rate detected
2026-05-24 12:00:00+00:00,0.6895140799999999,VALID,0.60579,VALID,12.8,VALID,Warning,WARN: Low flow rate detected
2026-05-24 13:00:00+00:00,0.6937616,VALID,0.606552,VALID,12.8,VALID,Warning,WARN: Low flow rate detected
2026-05-24 14:00:00+00:00,0.6895140799999999,VALID,0.60579,VALID,12.8,VALID,Warning,WARN: Low flow rate detected
2026-05-24 15:00:00+00:00,0.6895140799999999,VALID,0.60579,VALID,13.6,VALID,Warning,WARN: Low flow rate detected
2026-05-24 16:00:00+00:00,0.68526656,VALID,0.605028,VALID,14.2,VALID,Warning,WARN: Low flow rate detected
2026-05-24 17:00:00+00:00,0.68101904,VALID,0.604266,VALID,14.0,VALID,Warning,WARN: Low flow rate detected
2026-05-24 18:00:00+00:00,0.68101904,VALID,0.604266,VALID,14.0,VALID,Warning,WARN: Low flow rate detected
2026-05-24 19:00:00+00:00,0.66969232,VALID,0.60198,VALID,14.0,VALID,Warning,WARN: Low flow rate detected
2026-05-24 20:00:00+00:00,0.6661527199999999,VALID,0.601218,VALID,14.0,VALID,Warning,WARN: Low flow rate detected
2026-05-24 21:00:00+00:00,0.6661527199999999,VALID,0.601218,VALID,14.0,VALID,Warning,WARN: Low flow rate detected
2026-05-24 22:00:00+00:00,0.6661527199999999,VALID,0.601218,VALID,13.9,VALID,Warning,WARN: Low flow rate detected
2026-05-24 23:00:00+00:00,0.6626131199999999,VALID,0.600456,VALID,13.9,VALID,Warning,WARN: Low flow rate detected
2026-05-25 00:00:00+00:00,0.6626131199999999,VALID,0.600456,VALID,13.8,VALID,Warning,WARN: Low flow rate detected
2026-05-25 01:00:00+00:00,0.6541180799999999,VALID,0.598932,VALID,13.8,VALID,Warning,WARN: Low flow rate detected
2026-05-25 02:00:00+00:00,0.6626131199999999,VALID,0.600456,VALID,13.8,VALID,Warning,WARN: Low flow rate detected
2026-05-25 03:00:00+00:00,0.6583656,VALID,0.599694,VALID,13.5,VALID,Warning,WARN: Low flow rate detected
2026-05-25 04:00:00+00:00,0.6626131199999999,VALID,0.600456,VALID,13.1,VALID,Warning,WARN: Low flow rate detected
2026-05-25 05:00:00+00:00,0.6626131199999999,VALID,0.600456,VALID,13.0,VALID,Warning,WARN: Low flow rate detected
2026-05-25 06:00:00+00:00,0.6626131199999999,VALID,0.600456,VALID,13.0,VALID,Warning,WARN: Low flow rate detected
2026-05-25 07:00:00+00:00,0.6626131199999999,VALID,0.600456,VALID,13.0,VALID,Warning,WARN: Low flow rate detected
2026-05-25 08:00:00+00:00,0.6661527199999999,VALID,0.601218,VALID,12.9,VALID,Warning,WARN: Low flow rate detected
2026-05-25 09:00:00+00:00,0.67677152,VALID,0.603504,VALID,12.9,VALID,Warning,WARN: Low flow rate detected
2026-05-25 10:00:00+00:00,0.67677152,VALID,0.603504,VALID,12.9,VALID,Warning,WARN: Low flow rate detected
2026-05-25 11:00:00+00:00,0.68526656,VALID,0.605028,VALID,12.9,VALID,Warning,WARN: Low flow rate detected
2026-05-25 12:00:00+00:00,0.68101904,VALID,0.604266,VALID,12.8,VALID,Warning,WARN: Low flow rate detected
2026-05-25 13:00:00+00:00,0.67677152,VALID,0.603504,VALID,12.8,VALID,Warning,WARN: Low flow rate detected
2026-05-25 14:00:00+00:00,0.67323192,VALID,0.602742,VALID,12.8,VALID,Warning,WARN: Low flow rate detected
2026-05-25 15:00:00+00:00,0.68101904,VALID,0.604266,VALID,13.6,VALID,Warning,WARN: Low flow rate detected
2026-05-25 16:00:00+00:00,0.68526656,VALID,0.605028,VALID,14.2,VALID,Warning,WARN: Low flow rate detected
2026-05-25 17:00:00+00:00,0.68526656,VALID,0.605028,VALID,14.0,VALID,Warning,WARN: Low flow rate detected
2026-05-25 18:00:00+00:00,0.68101904,VALID,0.604266,VALID,14.0,VALID,Warning,WARN: Low flow rate detected
2026-05-25 19:00:00+00:00,0.67677152,VALID,0.603504,VALID,14.0,VALID,Warning,WARN: Low flow rate detected
2026-05-25 20:00:00+00:00,0.66969232,VALID,0.60198,VALID,14.0,VALID,Warning,WARN: Low flow rate detected
2026-05-25 21:00:00+00:00,0.6866824,VALID,0.605028,VALID,14.0,VALID,Warning,WARN: Low flow rate detected
2026-05-25 22:00:00+00:00,0.72137048,VALID,0.6118859999999999,VALID,13.3,VALID,Warning,WARN: Low flow rate detected
2026-05-25 23:00:00+00:00,0.71783088,VALID,0.611124,VALID,13.0,VALID,Warning,WARN: Low flow rate detected
2026-05-26 00:00:00+00:00,0.71783088,VALID,0.611124,VALID,13.0,VALID,Warning,WARN: Low flow rate detected
2026-05-26 01:00:00+00:00,0.89056336,VALID,0.630174,VALID,13.5,VALID,Warning,WARN: Low flow rate detected
2026-05-26 02:00:00+00:00,15.602556799999999,VALID,1.213104,VALID,13.8,VALID,Online,Resolved: Operating normally
2026-05-26 03:00:00+00:00,16.8201792,VALID,1.251204,VALID,13.4,VALID,Online,Resolved: Operating normally
2026-05-26 04:00:00+00:00,12.4664712,VALID,1.130808,VALID,12.9,VALID,Online,Resolved: Operating normally
2026-05-26 05:00:00+00:00,8.5799904,VALID,1.012698,VALID,12.9,VALID,Warning,WARN: Low flow rate detected
2026-05-26 06:00:00+00:00,6.2721712,VALID,0.9288780000000001,VALID,12.9,VALID,Warning,WARN: Low flow rate detected
2026-05-26 07:00:00+00:00,4.920044,VALID,0.8686800000000001,VALID,12.9,VALID,Warning,WARN: Low flow rate detected
2026-05-26 08:00:00+00:00,4.0280648,VALID,0.822198,VALID,12.9,VALID,Warning,WARN: Low flow rate detected
2026-05-26 09:00:00+00:00,3.256432,VALID,0.78867,VALID,12.8,VALID,Warning,WARN: Low flow rate detected
2026-05-26 10:00:00+00:00,2.6872643199999997,VALID,0.762,VALID,12.8,VALID,Warning,WARN: Low flow rate detected
2026-05-26 11:00:00+00:00,2.30711128,VALID,0.741426,VALID,12.8,VALID,Warning,WARN: Low flow rate detected
2026-05-26 12:00:00+00:00,1.9906710399999998,VALID,0.722376,VALID,12.8,VALID,Warning,WARN: Low flow rate detected
2026-05-26 13:00:00+00:00,1.7450228,VALID,0.7086600000000001,VALID,12.7,VALID,Warning,WARN: Low flow rate detected
2026-05-26 14:00:00+00:00,1.53689432,VALID,0.6964680000000001,VALID,12.8,VALID,Warning,WARN: Low flow rate detected
2026-05-26 15:00:00+00:00,1.38256776,VALID,0.6865620000000001,VALID,13.6,VALID,Warning,WARN: Low flow rate detected
2026-05-26 16:00:00+00:00,1.26505304,VALID,0.67818,VALID,14.3,VALID,Warning,WARN: Low flow rate detected
2026-05-26 17:00:00+00:00,1.16382048,VALID,0.67056,VALID,13.5,VALID,Warning,WARN: Low flow rate detected
2026-05-26 18:00:00+00:00,1.09656808,VALID,0.6652260000000001,VALID,14.0,VALID,Warning,WARN: Low flow rate detected
2026-05-26 19:00:00+00:00,1.02506816,VALID,0.65913,VALID,14.1,VALID,Warning,WARN: Low flow rate detected
2026-05-26 20:00:00+00:00,0.9939196799999999,VALID,0.65532,VALID,14.1,VALID,Warning,WARN: Low flow rate detected
2026-05-26 21:00:00+00:00,0.96135536,VALID,0.6507480000000001,VALID,14.0,VALID,Warning,WARN: Low flow rate detected
2026-05-26 22:00:00+00:00,0.9344543999999999,VALID,0.646938,VALID,14.0,VALID,Warning,WARN: Low flow rate detected
2026-05-26 23:00:00+00:00,0.91888016,VALID,0.644652,VALID,14.0,VALID,Warning,WARN: Low flow rate detected
2026-05-27 00:00:00+00:00,0.89410296,VALID,0.6408420000000001,VALID,13.9,VALID,Warning,WARN: Low flow rate detected
2026-05-27 01:00:00+00:00,0.8841920799999999,VALID,0.639318,VALID,13.9,VALID,Warning,WARN: Low flow rate detected
2026-05-27 02:00:00+00:00,0.86932576,VALID,0.637032,VALID,13.9,VALID,Warning,WARN: Low flow rate detected
2026-05-27 03:00:00+00:00,0.8544594400000001,VALID,0.634746,VALID,13.7,VALID,Warning,WARN: Low flow rate detected
2026-05-27 04:00:00+00:00,0.8544594400000001,VALID,0.634746,VALID,13.1,VALID,Warning,WARN: Low flow rate detected
2026-05-27 05:00:00+00:00,0.849504,VALID,0.6339840000000001,VALID,13.0,VALID,Warning,WARN: Low flow rate detected
2026-05-27 06:00:00+00:00,0.84454856,VALID,0.6332220000000001,VALID,13.0,VALID,Warning,WARN: Low flow rate detected
2026-05-27 07:00:00+00:00,0.83463768,VALID,0.631698,VALID,13.0,VALID,Warning,WARN: Low flow rate detected
2026-05-27 08:00:00+00:00,0.8254347200000001,VALID,0.630174,VALID,12.9,VALID,Warning,WARN: Low flow rate detected
2026-05-27 09:00:00+00:00,0.8254347200000001,VALID,0.630174,VALID,12.9,VALID,Warning,WARN: Low flow rate detected
2026-05-27 10:00:00+00:00,0.82968224,VALID,0.6309359999999999,VALID,12.9,VALID,Warning,WARN: Low flow rate detected
2026-05-27 11:00:00+00:00,0.8211872,VALID,0.629412,VALID,12.9,VALID,Warning,WARN: Low flow rate detected
2026-05-27 12:00:00+00:00,0.81269216,VALID,0.627888,VALID,12.8,VALID,Warning,WARN: Low flow rate detected
2026-05-27 13:00:00+00:00,0.80844464,VALID,0.627126,VALID,12.8,VALID,Warning,WARN: Low flow rate detected
2026-05-27 14:00:00+00:00,0.81269216,VALID,0.627888,VALID,12.8,VALID,Warning,WARN: Low flow rate detected
2026-05-27 15:00:00+00:00,0.80419712,VALID,0.6263639999999999,VALID,13.7,VALID,Warning,WARN: Low flow rate detected
2026-05-27 16:00:00+00:00,0.80844464,VALID,0.627126,VALID,14.3,VALID,Warning,WARN: Low flow rate detected
2026-05-27 17:00:00+00:00,0.7999495999999999,VALID,0.625602,VALID,14.0,VALID,Warning,WARN: Low flow rate detected
2026-05-27 18:00:00+00:00,0.7999495999999999,VALID,0.625602,VALID,14.1,VALID,Warning,WARN: Low flow rate detected
2026-05-27 19:00:00+00:00,0.78083576,VALID,0.622554,VALID,14.1,VALID,Warning,WARN: Low flow rate detected
2026-05-27 20:00:00+00:00,0.77588032,VALID,0.621792,VALID,14.0,VALID,Warning,WARN: Low flow rate detected
2026-05-27 21:00:00+00:00,0.77588032,VALID,0.621792,VALID,14.0,VALID,Warning,WARN: Low flow rate detected
2026-05-27 22:00:00+00:00,0.77588032,VALID,0.621792,VALID,14.0,VALID,Warning,WARN: Low flow rate detected
2026-05-27 23:00:00+00:00,0.7716328,VALID,0.62103,VALID,14.0,VALID,Warning,WARN: Low flow rate detected
2026-05-28 00:00:00+00:00,0.75464272,VALID,0.617982,VALID,13.9,VALID,Warning,WARN: Low flow rate detected
2026-05-28 01:00:00+00:00,0.75464272,VALID,0.617982,VALID,13.9,VALID,Warning,WARN: Low flow rate detected
2026-05-28 02:00:00+00:00,0.7503952,VALID,0.61722,VALID,13.9,VALID,Warning,WARN: Low flow rate detected
2026-05-28 03:00:00+00:00,0.7503952,VALID,0.61722,VALID,13.6,VALID,Warning,WARN: Low flow rate detected
2026-05-28 04:00:00+00:00,0.75464272,VALID,0.617982,VALID,13.0,VALID,Warning,WARN: Low flow rate detected
2026-05-28 05:00:00+00:00,0.75464272,VALID,0.617982,VALID,13.0,VALID,Warning,WARN: Low flow rate detected
2026-05-28 06:00:00+00:00,0.7503952,VALID,0.61722,VALID,13.0,VALID,Warning,WARN: Low flow rate detected
2026-05-28 07:00:00+00:00,0.7503952,VALID,0.61722,VALID,13.0,VALID,Warning,WARN: Low flow rate detected
2026-05-28 08:00:00+00:00,0.74614768,VALID,0.616458,VALID,12.9,VALID,Warning,WARN: Low flow rate detected
2026-05-28 09:00:00+00:00,0.7503952,VALID,0.61722,VALID,12.9,VALID,Warning,WARN: Low flow rate detected
2026-05-28 10:00:00+00:00,0.7503952,VALID,0.61722,VALID,12.9,VALID,Warning,WARN: Low flow rate detected
2026-05-28 11:00:00+00:00,0.7503952,VALID,0.61722,VALID,12.9,VALID,Warning,WARN: Low flow rate detected
2026-05-28 12:00:00+00:00,0.7503952,VALID,0.61722,VALID,12.8,VALID,Warning,WARN: Low flow rate detected
2026-05-28 13:00:00+00:00,0.75889024,VALID,0.618744,VALID,12.8,VALID,Warning,WARN: Low flow rate detected
2026-05-28 14:00:00+00:00,0.75889024,VALID,0.618744,VALID,12.8,VALID,Warning,WARN: Low flow rate detected
2026-05-28 15:00:00+00:00,0.75464272,VALID,0.617982,VALID,13.7,VALID,Warning,WARN: Low flow rate detected
2026-05-28 16:00:00+00:00,0.7503952,VALID,0.61722,VALID,14.2,VALID,Warning,WARN: Low flow rate detected
2026-05-28 17:00:00+00:00,0.75464272,VALID,0.617982,VALID,14.0,VALID,Warning,WARN: Low flow rate detected
2026-05-28 18:00:00+00:00,0.7503952,VALID,0.61722,VALID,14.1,VALID,Warning,WARN: Low flow rate detected
2026-05-28 19:00:00+00:00,0.73765264,VALID,0.614934,VALID,14.1,VALID,Warning,WARN: Low flow rate detected
2026-05-28 20:00:00+00:00,0.73340512,VALID,0.6141719999999999,VALID,14.0,VALID,Warning,WARN: Low flow rate detected
2026-05-28 21:00:00+00:00,0.725618,VALID,0.612648,VALID,14.0,VALID,Warning,WARN: Low flow rate detected
2026-05-28 22:00:00+00:00,0.725618,VALID,0.612648,VALID,14.0,VALID,Warning,WARN: Low flow rate detected
2026-05-28 23:00:00+00:00,0.72137048,VALID,0.6118859999999999,VALID,14.0,VALID,Warning,WARN: Low flow rate detected
2026-05-29 00:00:00+00:00,0.72137048,VALID,0.6118859999999999,VALID,13.9,VALID,Warning,WARN: Low flow rate detected
2026-05-29 01:00:00+00:00,0.72137048,VALID,0.6118859999999999,VALID,13.9,VALID,Warning,WARN: Low flow rate detected
2026-05-29 02:00:00+00:00,0.72491008,VALID,0.612648,VALID,13.9,VALID,Warning,WARN: Low flow rate detected
2026-05-29 03:00:00+00:00,0.72491008,VALID,0.612648,VALID,13.7,VALID,Warning,WARN: Low flow rate detected
2026-05-29 04:00:00+00:00,0.72491008,VALID,0.612648,VALID,13.1,VALID,Warning,WARN: Low flow rate detected
2026-05-29 05:00:00+00:00,0.7291576,VALID,0.61341,VALID,13.0,VALID,Warning,WARN: Low flow rate detected
2026-05-29 06:00:00+00:00,0.72491008,VALID,0.612648,VALID,13.0,VALID,Warning,WARN: Low flow rate detected
2026-05-29 07:00:00+00:00,0.7291576,VALID,0.61341,VALID,13.0,VALID,Warning,WARN: Low flow rate detected
2026-05-29 08:00:00+00:00,0.73340512,VALID,0.6141719999999999,VALID,12.9,VALID,Warning,WARN: Low flow rate detected
2026-05-29 09:00:00+00:00,0.73765264,VALID,0.614934,VALID,12.9,VALID,Warning,WARN: Low flow rate detected
2026-05-29 10:00:00+00:00,0.73765264,VALID,0.614934,VALID,12.9,VALID,Warning,WARN: Low flow rate detected
2026-05-29 11:00:00+00:00,0.73765264,VALID,0.614934,VALID,12.9,VALID,Warning,WARN: Low flow rate detected
2026-05-29 12:00:00+00:00,0.73765264,VALID,0.614934,VALID,12.9,VALID,Warning,WARN: Low flow rate detected
2026-05-29 13:00:00+00:00,0.7419001599999999,VALID,0.615696,VALID,12.8,VALID,Warning,WARN: Low flow rate detected
2026-05-29 14:00:00+00:00,0.7419001599999999,VALID,0.615696,VALID,12.8,VALID,Warning,WARN: Low flow rate detected
2026-05-29 15:00:00+00:00,0.7419001599999999,VALID,0.615696,VALID,13.7,VALID,Warning,WARN: Low flow rate detected
2026-05-29 16:00:00+00:00,0.73765264,VALID,0.614934,VALID,14.2,VALID,Warning,WARN: Low flow rate detected
2026-05-29 17:00:00+00:00,0.73765264,VALID,0.614934,VALID,13.5,VALID,Warning,WARN: Low flow rate detected
2026-05-29 18:00:00+00:00,0.73765264,VALID,0.614934,VALID,14.1,VALID,Warning,WARN: Low flow rate detected
2026-05-29 19:00:00+00:00,0.73340512,VALID,0.6141719999999999,VALID,14.0,VALID,Warning,WARN: Low flow rate detected
2026-05-29 20:00:00+00:00,0.72491008,VALID,0.612648,VALID,14.0,VALID,Warning,WARN: Low flow rate detected
2026-05-29 21:00:00+00:00,0.73340512,VALID,0.6141719999999999,VALID,14.0,VALID,Warning,WARN: Low flow rate detected
2026-05-29 22:00:00+00:00,0.7291576,VALID,0.61341,VALID,14.0,VALID,Warning,WARN: Low flow rate detected
2026-05-29 23:00:00+00:00,0.71429128,VALID,0.6103620000000001,VALID,14.0,VALID,Warning,WARN: Low flow rate detected
2026-05-30 00:00:00+00:00,0.71783088,VALID,0.611124,VALID,13.9,VALID,Warning,WARN: Low flow rate detected
2026-05-30 01:00:00+00:00,0.71429128,VALID,0.6103620000000001,VALID,13.9,VALID,Warning,WARN: Low flow rate detected
2026-05-30 02:00:00+00:00,0.71429128,VALID,0.6103620000000001,VALID,13.9,VALID,Warning,WARN: Low flow rate detected
2026-05-30 03:00:00+00:00,0.71783088,VALID,0.611124,VALID,13.7,VALID,Warning,WARN: Low flow rate detected
2026-05-30 04:00:00+00:00,0.71783088,VALID,0.611124,VALID,13.0,VALID,Warning,WARN: Low flow rate detected
2026-05-30 05:00:00+00:00,0.72137048,VALID,0.6118859999999999,VALID,13.0,VALID,Warning,WARN: Low flow rate detected
2026-05-30 06:00:00+00:00,0.72137048,VALID,0.6118859999999999,VALID,13.0,VALID,Warning,WARN: Low flow rate detected
2026-05-30 07:00:00+00:00,0.72137048,VALID,0.6118859999999999,VALID,13.0,VALID,Warning,WARN: Low flow rate detected
2026-05-30 08:00:00+00:00,0.72491008,VALID,0.612648,VALID,12.9,VALID,Warning,WARN: Low flow rate detected
2026-05-30 09:00:00+00:00,0.71783088,VALID,0.611124,VALID,12.9,VALID,Warning,WARN: Low flow rate detected
2026-05-30 10:00:00+00:00,0.71783088,VALID,0.611124,VALID,12.9,VALID,Warning,WARN: Low flow rate detected
2026-05-30 11:00:00+00:00,0.71783088,VALID,0.611124,VALID,12.8,VALID,Warning,WARN: Low flow rate detected
2026-05-30 12:00:00+00:00,0.71429128,VALID,0.6103620000000001,VALID,12.8,VALID,Warning,WARN: Low flow rate detected
2026-05-30 13:00:00+00:00,0.71783088,VALID,0.611124,VALID,12.8,VALID,Warning,WARN: Low flow rate detected
2026-05-30 14:00:00+00:00,0.71429128,VALID,0.6103620000000001,VALID,12.7,VALID,Warning,WARN: Low flow rate detected
2026-05-30 15:00:00+00:00,0.71429128,VALID,0.6103620000000001,VALID,13.7,VALID,Warning,WARN: Low flow rate detected
2026-05-30 16:00:00+00:00,0.71075168,VALID,0.6096,VALID,14.3,VALID,Warning,WARN: Low flow rate detected
2026-05-30 17:00:00+00:00,0.7065041599999999,VALID,0.608838,VALID,14.1,VALID,Warning,WARN: Low flow rate detected
2026-05-30 18:00:00+00:00,0.71075168,VALID,0.6096,VALID,14.1,VALID,Warning,WARN: Low flow rate detected
2026-05-30 19:00:00+00:00,0.70225664,VALID,0.6080760000000001,VALID,14.1,VALID,Warning,WARN: Low flow rate detected
2026-05-30 20:00:00+00:00,0.71075168,VALID,0.6096,VALID,14.1,VALID,Warning,WARN: Low flow rate detected
2026-05-30 21:00:00+00:00,0.71004376,VALID,0.6096,VALID,14.0,VALID,Warning,WARN: Low flow rate detected
2026-05-30 22:00:00+00:00,0.7065041599999999,VALID,0.608838,VALID,14.0,VALID,Warning,WARN: Low flow rate detected
2026-05-30 23:00:00+00:00,0.71075168,VALID,0.6096,VALID,14.0,VALID,Warning,WARN: Low flow rate detected
2026-05-31 00:00:00+00:00,0.7065041599999999,VALID,0.608838,VALID,13.9,VALID,Warning,WARN: Low flow rate detected
2026-05-31 01:00:00+00:00,0.7065041599999999,VALID,0.608838,VALID,13.8,VALID,Warning,WARN: Low flow rate detected
2026-05-31 02:00:00+00:00,0.71075168,VALID,0.6096,VALID,13.8,VALID,Warning,WARN: Low flow rate detected
2026-05-31 03:00:00+00:00,0.71075168,VALID,0.6096,VALID,13.6,VALID,Warning,WARN: Low flow rate detected
2026-05-31 04:00:00+00:00,0.70225664,VALID,0.6080760000000001,VALID,13.1,VALID,Warning,WARN: Low flow rate detected
2026-05-31 05:00:00+00:00,0.71075168,VALID,0.6096,VALID,13.0,VALID,Warning,WARN: Low flow rate detected
2026-05-31 06:00:00+00:00,0.71075168,VALID,0.6096,VALID,13.0,VALID,Warning,WARN: Low flow rate detected
2026-05-31 07:00:00+00:00,0.71429128,VALID,0.6103620000000001,VALID,13.0,VALID,Warning,WARN: Low flow rate detected
2026-05-31 08:00:00+00:00,0.71075168,VALID,0.6096,VALID,12.9,VALID,Warning,WARN: Low flow rate detected
2026-05-31 09:00:00+00:00,0.71075168,VALID,0.6096,VALID,12.9,VALID,Warning,WARN: Low flow rate detected
2026-05-31 10:00:00+00:00,0.71075168,VALID,0.6096,VALID,12.9,VALID,Warning,WARN: Low flow rate detected
2026-05-31 11:00:00+00:00,0.71075168,VALID,0.6096,VALID,12.8,VALID,Warning,WARN: Low flow rate detected
2026-05-31 12:00:00+00:00,0.71429128,VALID,0.6103620000000001,VALID,12.8,VALID,Warning,WARN: Low flow rate detected
2026-05-31 13:00:00+00:00,0.71429128,VALID,0.6103620000000001,VALID,12.8,VALID,Warning,WARN: Low flow rate detected
2026-05-31 14:00:00+00:00,0.73411304,VALID,0.6141719999999999,VALID,12.8,VALID,Warning,WARN: Low flow rate detected
2026-05-31 15:00:00+00:00,0.71075168,VALID,0.6096,VALID,13.7,VALID,Warning,WARN: Low flow rate detected
2026-05-31 16:00:00+00:00,0.71075168,VALID,0.6096,VALID,14.2,VALID,Warning,WARN: Low flow rate detected
2026-05-31 17:00:00+00:00,0.71075168,VALID,0.6096,VALID,14.0,VALID,Warning,WARN: Low flow rate detected
2026-05-31 18:00:00+00:00,0.7065041599999999,VALID,0.608838,VALID,14.0,VALID,Warning,WARN: Low flow rate detected
2026-05-31 19:00:00+00:00,0.7065041599999999,VALID,0.608838,VALID,14.0,VALID,Warning,WARN: Low flow rate detected
2026-05-31 20:00:00+00:00,0.6937616,VALID,0.606552,VALID,14.0,VALID,Warning,WARN: Low flow rate detected
2026-05-31 21:00:00+00:00,0.69800912,VALID,0.607314,VALID,14.0,VALID,Warning,WARN: Low flow rate detected
2026-05-31 22:00:00+00:00,0.69800912,VALID,0.607314,VALID,13.9,VALID,Warning,WARN: Low flow rate detected
2026-05-31 23:00:00+00:00,0.68526656,VALID,0.605028,VALID,13.9,VALID,Warning,WARN: Low flow rate detected
2026-06-01 00:00:00+00:00,0.68101904,VALID,0.604266,VALID,13.8,VALID,Warning,WARN: Low flow rate detected
2026-06-01 01:00:00+00:00,0.68101904,VALID,0.604266,VALID,13.7,VALID,Warning,WARN: Low flow rate detected
2026-06-01 02:00:00+00:00,0.67677152,VALID,0.603504,VALID,13.8,VALID,Warning,WARN: Low flow rate detected
2026-06-01 03:00:00+00:00,0.67677152,VALID,0.603504,VALID,13.6,VALID,Warning,WARN: Low flow rate detected
2026-06-01 04:00:00+00:00,0.67677152,VALID,0.603504,VALID,13.1,VALID,Warning,WARN: Low flow rate detected
2026-06-01 05:00:00+00:00,0.68526656,VALID,0.605028,VALID,13.0,VALID,Warning,WARN: Low flow rate detected
2026-06-01 06:00:00+00:00,0.68526656,VALID,0.605028,VALID,13.0,VALID,Warning,WARN: Low flow rate detected
2026-06-01 07:00:00+00:00,0.6937616,VALID,0.606552,VALID,13.0,VALID,Warning,WARN: Low flow rate detected
2026-06-01 08:00:00+00:00,0.6937616,VALID,0.606552,VALID,12.9,VALID,Warning,WARN: Low flow rate detected
2026-06-01 09:00:00+00:00,0.6937616,VALID,0.606552,VALID,12.9,VALID,Warning,WARN: Low flow rate detected
2026-06-01 10:00:00+00:00,0.6937616,VALID,0.606552,VALID,12.9,VALID,Warning,WARN: Low flow rate detected
2026-06-01 11:00:00+00:00,0.6937616,VALID,0.606552,VALID,12.9,VALID,Warning,WARN: Low flow rate detected
2026-06-01 12:00:00+00:00,0.6937616,VALID,0.606552,VALID,12.8,VALID,Warning,WARN: Low flow rate detected
2026-06-01 13:00:00+00:00,0.6937616,VALID,0.606552,VALID,12.8,VALID,Warning,WARN: Low flow rate detected
2026-06-01 14:00:00+00:00,0.6937616,VALID,0.606552,VALID,12.8,VALID,Warning,WARN: Low flow rate detected
2026-06-01 15:00:00+00:00,0.70225664,VALID,0.6080760000000001,VALID,13.6,VALID,Warning,WARN: Low flow rate detected
2026-06-01 16:00:00+00:00,0.71075168,VALID,0.6096,VALID,14.2,VALID,Warning,WARN: Low flow rate detected
2026-06-01 17:00:00+00:00,0.70225664,VALID,0.6080760000000001,VALID,13.5,VALID,Warning,WARN: Low flow rate detected
2026-06-01 18:00:00+00:00,0.6937616,VALID,0.606552,VALID,14.0,VALID,Warning,WARN: Low flow rate detected
2026-06-01 19:00:00+00:00,0.68101904,VALID,0.604266,VALID,14.0,VALID,Warning,WARN: Low flow rate detected
2026-06-01 20:00:00+00:00,0.68101904,VALID,0.604266,VALID,14.0,VALID,Warning,WARN: Low flow rate detected
2026-06-01 21:00:00+00:00,0.67677152,VALID,0.603504,VALID,13.9,VALID,Warning,WARN: Low flow rate detected
2026-06-01 22:00:00+00:00,0.67677152,VALID,0.603504,VALID,13.9,VALID,Warning,WARN: Low flow rate detected
2026-06-01 23:00:00+00:00,0.67323192,VALID,0.602742,VALID,13.8,VALID,Warning,WARN: Low flow rate detected
2026-06-02 00:00:00+00:00,0.6661527199999999,VALID,0.601218,VALID,13.8,VALID,Warning,WARN: Low flow rate detected
2026-06-02 01:00:00+00:00,0.6626131199999999,VALID,0.600456,VALID,13.7,VALID,Warning,WARN: Low flow rate detected
2026-06-02 02:00:00+00:00,0.6626131199999999,VALID,0.600456,VALID,13.8,VALID,Warning,WARN: Low flow rate detected
2026-06-02 03:00:00+00:00,0.6626131199999999,VALID,0.600456,VALID,13.6,VALID,Warning,WARN: Low flow rate detected
2026-06-02 04:00:00+00:00,0.6626131199999999,VALID,0.600456,VALID,13.1,VALID,Warning,WARN: Low flow rate detected
2026-06-02 05:00:00+00:00,0.6626131199999999,VALID,0.600456,VALID,13.0,VALID,Warning,WARN: Low flow rate detected
2026-06-02 06:00:00+00:00,0.6661527199999999,VALID,0.601218,VALID,13.0,VALID,Warning,WARN: Low flow rate detected
2026-06-02 07:00:00+00:00,0.67677152,VALID,0.603504,VALID,13.0,VALID,Warning,WARN: Low flow rate detected
2026-06-02 08:00:00+00:00,0.67677152,VALID,0.603504,VALID,12.9,VALID,Warning,WARN: Low flow rate detected
2026-06-02 09:00:00+00:00,0.68101904,VALID,0.604266,VALID,12.9,VALID,Warning,WARN: Low flow rate detected
2026-06-02 10:00:00+00:00,0.67677152,VALID,0.603504,VALID,12.9,VALID,Warning,WARN: Low flow rate detected
2026-06-02 11:00:00+00:00,0.67677152,VALID,0.603504,VALID,12.9,VALID,Warning,WARN: Low flow rate detected
2026-06-02 12:00:00+00:00,0.67677152,VALID,0.603504,VALID,12.8,VALID,Warning,WARN: Low flow rate detected
2026-06-02 13:00:00+00:00,0.67677152,VALID,0.603504,VALID,12.8,VALID,Warning,WARN: Low flow rate detected
2026-06-02 14:00:00+00:00,0.67323192,VALID,0.602742,VALID,12.8,VALID,Warning,WARN: Low flow rate detected
2026-06-02 15:00:00+00:00,0.67677152,VALID,0.603504,VALID,13.7,VALID,Warning,WARN: Low flow rate detected
2026-06-02 16:00:00+00:00,0.68101904,VALID,0.604266,VALID,14.2,VALID,Warning,WARN: Low flow rate detected
2026-06-02 17:00:00+00:00,0.6661527199999999,VALID,0.601218,VALID,13.9,VALID,Warning,WARN: Low flow rate detected
2026-06-02 18:00:00+00:00,0.66969232,VALID,0.60198,VALID,14.0,VALID,Warning,WARN: Low flow rate detected
2026-06-02 19:00:00+00:00,0.6626131199999999,VALID,0.600456,VALID,14.0,VALID,Warning,WARN: Low flow rate detected
2026-06-02 20:00:00+00:00,0.6583656,VALID,0.599694,VALID,14.0,VALID,Warning,WARN: Low flow rate detected
2026-06-02 21:00:00+00:00,0.64987056,VALID,0.5981700000000001,VALID,13.9,VALID,Warning,WARN: Low flow rate detected
2026-06-02 22:00:00+00:00,0.6541180799999999,VALID,0.598932,VALID,13.8,VALID,Warning,WARN: Low flow rate detected
2026-06-02 23:00:00+00:00,0.64987056,VALID,0.5981700000000001,VALID,13.8,VALID,Warning,WARN: Low flow rate detected
2026-06-03 00:00:00+00:00,0.6541180799999999,VALID,0.598932,VALID,13.7,VALID,Warning,WARN: Low flow rate detected
2026-06-03 01:00:00+00:00,0.6583656,VALID,0.599694,VALID,13.7,VALID,Warning,WARN: Low flow rate detected
2026-06-03 02:00:00+00:00,0.6583656,VALID,0.599694,VALID,13.7,VALID,Warning,WARN: Low flow rate detected
2026-06-03 03:00:00+00:00,0.6626131199999999,VALID,0.600456,VALID,13.5,VALID,Warning,WARN: Low flow rate detected
2026-06-03 04:00:00+00:00,0.6626131199999999,VALID,0.600456,VALID,13.1,VALID,Warning,WARN: Low flow rate detected
2026-06-03 05:00:00+00:00,0.6626131199999999,VALID,0.600456,VALID,13.0,VALID,Warning,WARN: Low flow rate detected
2026-06-03 06:00:00+00:00,0.6626131199999999,VALID,0.600456,VALID,13.0,VALID,Warning,WARN: Low flow rate detected
2026-06-03 07:00:00+00:00,0.6661527199999999,VALID,0.601218,VALID,13.0,VALID,Warning,WARN: Low flow rate detected
2026-06-03 08:00:00+00:00,0.6661527199999999,VALID,0.601218,VALID,12.9,VALID,Warning,WARN: Low flow rate detected
2026-06-03 09:00:00+00:00,0.67323192,VALID,0.602742,VALID,12.9,VALID,Warning,WARN: Low flow rate detected
2026-06-03 10:00:00+00:00,0.67677152,VALID,0.603504,VALID,12.9,VALID,Warning,WARN: Low flow rate detected
2026-06-03 11:00:00+00:00,0.67677152,VALID,0.603504,VALID,12.9,VALID,Warning,WARN: Low flow rate detected
2026-06-03 12:00:00+00:00,0.67677152,VALID,0.603504,VALID,12.8,VALID,Warning,WARN: Low flow rate detected
2026-06-03 13:00:00+00:00,0.68101904,VALID,0.604266,VALID,12.8,VALID,Warning,WARN: Low flow rate detected
2026-06-03 14:00:00+00:00,0.68526656,VALID,0.605028,VALID,12.8,VALID,Warning,WARN: Low flow rate detected
2026-06-03 15:00:00+00:00,0.68526656,VALID,0.605028,VALID,13.6,VALID,Warning,WARN: Low flow rate detected
2026-06-03 16:00:00+00:00,0.68526656,VALID,0.605028,VALID,14.2,VALID,Warning,WARN: Low flow rate detected
2026-06-03 17:00:00+00:00,0.68101904,VALID,0.604266,VALID,13.9,VALID,Warning,WARN: Low flow rate detected
2026-06-03 18:00:00+00:00,0.69800912,VALID,0.607314,VALID,14.0,VALID,Warning,WARN: Low flow rate detected
2026-06-03 19:00:00+00:00,0.66969232,VALID,0.60198,VALID,14.0,VALID,Warning,WARN: Low flow rate detected
2026-06-03 20:00:00+00:00,0.67323192,VALID,0.602742,VALID,13.9,VALID,Warning,WARN: Low flow rate detected
2026-06-03 21:00:00+00:00,0.66969232,VALID,0.60198,VALID,13.9,VALID,Warning,WARN: Low flow rate detected
2026-06-03 22:00:00+00:00,0.68172696,VALID,0.604266,VALID,13.8,VALID,Warning,WARN: Low flow rate detected
2026-06-03 23:00:00+00:00,0.6774794399999999,VALID,0.603504,VALID,13.8,VALID,Warning,WARN: Low flow rate detected
2026-06-04 00:00:00+00:00,0.6626131199999999,VALID,0.600456,VALID,13.6,VALID,Warning,WARN: Low flow rate detected
2026-06-04 01:00:00+00:00,0.64987056,VALID,0.5981700000000001,VALID,13.6,VALID,Warning,WARN: Low flow rate detected
2026-06-04 02:00:00+00:00,0.64987056,VALID,0.5981700000000001,VALID,13.8,VALID,Warning,WARN: Low flow rate detected
2026-06-04 03:00:00+00:00,0.6541180799999999,VALID,0.598932,VALID,13.6,VALID,Warning,WARN: Low flow rate detected
2026-06-04 04:00:00+00:00,0.6583656,VALID,0.599694,VALID,13.1,VALID,Warning,WARN: Low flow rate detected
2026-06-04 05:00:00+00:00,0.6661527199999999,VALID,0.601218,VALID,13.0,VALID,Warning,WARN: Low flow rate detected
2026-06-04 06:00:00+00:00,0.6626131199999999,VALID,0.600456,VALID,13.0,VALID,Warning,WARN: Low flow rate detected
2026-06-04 07:00:00+00:00,0.6626131199999999,VALID,0.600456,VALID,13.0,VALID,Warning,WARN: Low flow rate detected
2026-06-04 08:00:00+00:00,0.6661527199999999,VALID,0.601218,VALID,12.9,VALID,Warning,WARN: Low flow rate detected
2026-06-04 09:00:00+00:00,0.6661527199999999,VALID,0.601218,VALID,12.9,VALID,Warning,WARN: Low flow rate detected
2026-06-04 10:00:00+00:00,0.66969232,VALID,0.60198,VALID,12.9,VALID,Warning,WARN: Low flow rate detected
2026-06-04 11:00:00+00:00,0.6661527199999999,VALID,0.601218,VALID,12.9,VALID,Warning,WARN: Low flow rate detected
2026-06-04 12:00:00+00:00,0.67323192,VALID,0.602742,VALID,12.8,VALID,Warning,WARN: Low flow rate detected
2026-06-04 13:00:00+00:00,0.66969232,VALID,0.60198,VALID,12.8,VALID,Warning,WARN: Low flow rate detected
2026-06-04 14:00:00+00:00,0.66969232,VALID,0.60198,VALID,12.8,VALID,Warning,WARN: Low flow rate detected
2026-06-04 15:00:00+00:00,0.6661527199999999,VALID,0.601218,VALID,13.7,VALID,Warning,WARN: Low flow rate detected
2026-06-04 16:00:00+00:00,0.6626131199999999,VALID,0.600456,VALID,14.2,VALID,Warning,WARN: Low flow rate detected
2026-06-04 17:00:00+00:00,0.6512863999999999,VALID,0.59817,VALID,13.4,VALID,Warning,WARN: Low flow rate detected
2026-06-04 18:00:00+00:00,0.6626131199999999,VALID,0.600456,VALID,14.0,VALID,Warning,WARN: Low flow rate detected
2026-06-04 19:00:00+00:00,0.6541180799999999,VALID,0.598932,VALID,14.0,VALID,Warning,WARN: Low flow rate detected
2026-06-04 20:00:00+00:00,0.6619052,VALID,0.600456,VALID,13.9,VALID,Warning,WARN: Low flow rate detected
2026-06-04 21:00:00+00:00,0.6626131199999999,VALID,0.600456,VALID,13.9,VALID,Warning,WARN: Low flow rate detected
2026-06-04 22:00:00+00:00,0.6541180799999999,VALID,0.598932,VALID,13.8,VALID,Warning,WARN: Low flow rate detected
2026-06-04 23:00:00+00:00,0.6583656,VALID,0.599694,VALID,13.8,VALID,Warning,WARN: Low flow rate detected
2026-06-05 00:00:00+00:00,0.64562304,VALID,0.597408,VALID,13.6,VALID,Warning,WARN: Low flow rate detected
2026-06-05 01:00:00+00:00,0.63995968,VALID,0.5958840000000001,VALID,13.6,VALID,Warning,WARN: Low flow rate detected
2026-06-05 02:00:00+00:00,0.63995968,VALID,0.5958840000000001,VALID,13.6,VALID,Warning,WARN: Low flow rate detected
2026-06-05 03:00:00+00:00,0.64279136,VALID,0.596646,VALID,13.5,VALID,Warning,WARN: Low flow rate detected
2026-06-05 04:00:00+00:00,0.64279136,VALID,0.596646,VALID,13.1,VALID,Warning,WARN: Low flow rate detected
2026-06-05 05:00:00+00:00,0.64562304,VALID,0.597408,VALID,13.0,VALID,Warning,WARN: Low flow rate detected
2026-06-05 06:00:00+00:00,0.6583656,VALID,0.599694,VALID,13.0,VALID,Warning,WARN: Low flow rate detected
2026-06-05 07:00:00+00:00,0.6626131199999999,VALID,0.600456,VALID,13.0,VALID,Warning,WARN: Low flow rate detected
2026-06-05 08:00:00+00:00,0.6626131199999999,VALID,0.600456,VALID,12.9,VALID,Warning,WARN: Low flow rate detected
2026-06-05 09:00:00+00:00,0.6626131199999999,VALID,0.600456,VALID,12.9,VALID,Warning,WARN: Low flow rate detected
2026-06-05 10:00:00+00:00,0.6626131199999999,VALID,0.600456,VALID,12.9,VALID,Warning,WARN: Low flow rate detected
2026-06-05 11:00:00+00:00,0.6626131199999999,VALID,0.600456,VALID,12.9,VALID,Warning,WARN: Low flow rate detected
2026-06-05 12:00:00+00:00,0.6626131199999999,VALID,0.600456,VALID,12.9,VALID,Warning,WARN: Low flow rate detected
2026-06-05 13:00:00+00:00,0.6626131199999999,VALID,0.600456,VALID,12.8,VALID,Warning,WARN: Low flow rate detected
2026-06-05 14:00:00+00:00,0.6626131199999999,VALID,0.600456,VALID,12.8,VALID,Warning,WARN: Low flow rate detected
2026-06-05 15:00:00+00:00,0.6626131199999999,VALID,0.600456,VALID,13.6,VALID,Warning,WARN: Low flow rate detected
2026-06-05 16:00:00+00:00,0.63995968,VALID,0.5958840000000001,VALID,14.1,VALID,Warning,WARN: Low flow rate detected
2026-06-05 17:00:00+00:00,0.6541180799999999,VALID,0.598932,VALID,13.9,VALID,Warning,WARN: Low flow rate detected
2026-06-05 18:00:00+00:00,0.6583656,VALID,0.599694,VALID,14.0,VALID,Warning,WARN: Low flow rate detected
2026-06-05 19:00:00+00:00,0.64562304,VALID,0.597408,VALID,14.0,VALID,Warning,WARN: Low flow rate detected
2026-06-05 20:00:00+00:00,0.64562304,VALID,0.597408,VALID,13.9,VALID,Warning,WARN: Low flow rate detected
2026-06-05 21:00:00+00:00,0.64562304,VALID,0.597408,VALID,13.8,VALID,Warning,WARN: Low flow rate detected
2026-06-05 22:00:00+00:00,0.6371279999999999,VALID,0.595122,VALID,13.8,VALID,Warning,WARN: Low flow rate detected
2026-06-05 23:00:00+00:00,0.6314646399999999,VALID,0.5935980000000001,VALID,13.7,VALID,Warning,WARN: Low flow rate detected
2026-06-06 00:00:00+00:00,0.6371279999999999,VALID,0.595122,VALID,13.6,VALID,Warning,WARN: Low flow rate detected
2026-06-06 01:00:00+00:00,0.6342963199999999,VALID,0.59436,VALID,13.6,VALID,Warning,WARN: Low flow rate detected
2026-06-06 02:00:00+00:00,0.6342963199999999,VALID,0.59436,VALID,13.6,VALID,Warning,WARN: Low flow rate detected
2026-06-06 03:00:00+00:00,0.6342963199999999,VALID,0.59436,VALID,13.4,VALID,Warning,WARN: Low flow rate detected
2026-06-06 04:00:00+00:00,0.6371279999999999,VALID,0.595122,VALID,13.1,VALID,Warning,WARN: Low flow rate detected
2026-06-06 05:00:00+00:00,0.6371279999999999,VALID,0.595122,VALID,13.0,VALID,Warning,WARN: Low flow rate detected
2026-06-06 06:00:00+00:00,0.64279136,VALID,0.596646,VALID,13.0,VALID,Warning,WARN: Low flow rate detected
2026-06-06 07:00:00+00:00,0.64562304,VALID,0.597408,VALID,13.0,VALID,Warning,WARN: Low flow rate detected
2026-06-06 08:00:00+00:00,0.64987056,VALID,0.5981700000000001,VALID,12.9,VALID,Warning,WARN: Low flow rate detected
2026-06-06 09:00:00+00:00,0.64562304,VALID,0.597408,VALID,12.9,VALID,Warning,WARN: Low flow rate detected
2026-06-06 10:00:00+00:00,0.64987056,VALID,0.5981700000000001,VALID,12.9,VALID,Warning,WARN: Low flow rate detected
2026-06-06 11:00:00+00:00,0.64987056,VALID,0.5981700000000001,VALID,12.9,VALID,Warning,WARN: Low flow rate detected
2026-06-06 12:00:00+00:00,0.64987056,VALID,0.5981700000000001,VALID,12.8,VALID,Warning,WARN: Low flow rate detected
2026-06-06 13:00:00+00:00,0.64987056,VALID,0.5981700000000001,VALID,12.8,VALID,Warning,WARN: Low flow rate detected
2026-06-06 14:00:00+00:00,0.64562304,VALID,0.597408,VALID,12.8,VALID,Warning,WARN: Low flow rate detected
2026-06-06 15:00:00+00:00,0.64562304,VALID,0.597408,VALID,13.6,VALID,Warning,WARN: Low flow rate detected
2026-06-06 16:00:00+00:00,0.68172696,VALID,0.604266,VALID,14.1,VALID,Warning,WARN: Low flow rate detected
2026-06-06 17:00:00+00:00,0.6661527199999999,VALID,0.601218,VALID,13.9,VALID,Warning,WARN: Low flow rate detected
2026-06-06 18:00:00+00:00,0.64987056,VALID,0.5981700000000001,VALID,14.0,VALID,Warning,WARN: Low flow rate detected
2026-06-06 19:00:00+00:00,0.64279136,VALID,0.596646,VALID,14.0,VALID,Warning,WARN: Low flow rate detected
2026-06-06 20:00:00+00:00,0.63995968,VALID,0.5958840000000001,VALID,13.9,VALID,Warning,WARN: Low flow rate detected
2026-06-06 21:00:00+00:00,0.62580128,VALID,0.592074,VALID,13.9,VALID,Warning,WARN: Low flow rate detected
2026-06-06 22:00:00+00:00,0.62226168,VALID,0.5913120000000001,VALID,13.8,VALID,Warning,WARN: Low flow rate detected
2026-06-06 23:00:00+00:00,0.62580128,VALID,0.592074,VALID,13.8,VALID,Warning,WARN: Low flow rate detected
2026-06-07 00:00:00+00:00,0.6229696,VALID,0.5913120000000001,VALID,13.7,VALID,Warning,WARN: Low flow rate detected
2026-06-07 01:00:00+00:00,0.6229696,VALID,0.5913120000000001,VALID,13.7,VALID,Warning,WARN: Low flow rate detected
2026-06-07 02:00:00+00:00,0.61943,VALID,0.59055,VALID,13.6,VALID,Warning,WARN: Low flow rate detected
2026-06-07 03:00:00+00:00,0.61943,VALID,0.59055,VALID,13.5,VALID,Warning,WARN: Low flow rate detected
2026-06-07 04:00:00+00:00,0.61943,VALID,0.59055,VALID,13.1,VALID,Warning,WARN: Low flow rate detected
2026-06-07 05:00:00+00:00,0.6229696,VALID,0.5913120000000001,VALID,13.0,VALID,Warning,WARN: Low flow rate detected
2026-06-07 06:00:00+00:00,0.62580128,VALID,0.5913120000000001,VALID,13.0,VALID,Warning,WARN: Low flow rate detected
2026-06-07 07:00:00+00:00,0.6229696,VALID,0.5913120000000001,VALID,13.0,VALID,Warning,WARN: Low flow rate detected
2026-06-07 08:00:00+00:00,0.62863296,VALID,0.592836,VALID,12.9,VALID,Warning,WARN: Low flow rate detected
2026-06-07 09:00:00+00:00,0.6371279999999999,VALID,0.595122,VALID,12.9,VALID,Warning,WARN: Low flow rate detected
2026-06-07 10:00:00+00:00,0.63995968,VALID,0.5958840000000001,VALID,12.9,VALID,Warning,WARN: Low flow rate detected
2026-06-07 11:00:00+00:00,0.64279136,VALID,0.596646,VALID,12.9,VALID,Warning,WARN: Low flow rate detected
2026-06-07 12:00:00+00:00,0.64562304,VALID,0.597408,VALID,12.8,VALID,Warning,WARN: Low flow rate detected
2026-06-07 13:00:00+00:00,0.64562304,VALID,0.597408,VALID,12.8,VALID,Warning,WARN: Low flow rate detected
2026-06-07 14:00:00+00:00,0.64562304,VALID,0.597408,VALID,12.8,VALID,Warning,WARN: Low flow rate detected
2026-06-07 15:00:00+00:00,0.64279136,VALID,0.596646,VALID,13.7,VALID,Warning,WARN: Low flow rate detected
2026-06-07 16:00:00+00:00,0.63995968,VALID,0.5958840000000001,VALID,14.1,VALID,Warning,WARN: Low flow rate detected
2026-06-07 17:00:00+00:00,0.64562304,VALID,0.597408,VALID,13.7,VALID,Warning,WARN: Low flow rate detected
2026-06-07 18:00:00+00:00,0.6371279999999999,VALID,0.595122,VALID,14.0,VALID,Warning,WARN: Low flow rate detected
2026-06-07 19:00:00+00:00,0.6371279999999999,VALID,0.595122,VALID,14.0,VALID,Warning,WARN: Low flow rate detected
2026-06-07 20:00:00+00:00,0.63995968,VALID,0.5958840000000001,VALID,14.0,VALID,Warning,WARN: Low flow rate detected
2026-06-07 21:00:00+00:00,0.62863296,VALID,0.592836,VALID,13.9,VALID,Warning,WARN: Low flow rate detected
2026-06-07 22:00:00+00:00,0.62580128,VALID,0.592074,VALID,13.9,VALID,Warning,WARN: Low flow rate detected
2026-06-07 23:00:00+00:00,0.62863296,VALID,0.592836,VALID,13.8,VALID,Warning,WARN: Low flow rate detected
2026-06-08 00:00:00+00:00,0.6229696,VALID,0.5913120000000001,VALID,13.8,VALID,Warning,WARN: Low flow rate detected
2026-06-08 01:00:00+00:00,0.6229696,VALID,0.5913120000000001,VALID,13.7,VALID,Warning,WARN: Low flow rate detected
2026-06-08 02:00:00+00:00,0.6229696,VALID,0.5913120000000001,VALID,13.7,VALID,Warning,WARN: Low flow rate detected
2026-06-08 03:00:00+00:00,0.6229696,VALID,0.5913120000000001,VALID,13.3,VALID,Warning,WARN: Low flow rate detected
2026-06-08 04:00:00+00:00,0.6229696,VALID,0.5913120000000001,VALID,13.0,VALID,Warning,WARN: Low flow rate detected
2026-06-08 05:00:00+00:00,0.6229696,VALID,0.5913120000000001,VALID,13.0,VALID,Warning,WARN: Low flow rate detected
2026-06-08 06:00:00+00:00,0.62863296,VALID,0.592836,VALID,13.0,VALID,Warning,WARN: Low flow rate detected
2026-06-08 07:00:00+00:00,0.6314646399999999,VALID,0.5935980000000001,VALID,13.0,VALID,Warning,WARN: Low flow rate detected
2026-06-08 08:00:00+00:00,0.6342963199999999,VALID,0.59436,VALID,12.9,VALID,Warning,WARN: Low flow rate detected
2026-06-08 09:00:00+00:00,0.6371279999999999,VALID,0.595122,VALID,12.9,VALID,Warning,WARN: Low flow rate detected
2026-06-08 10:00:00+00:00,0.64562304,VALID,0.597408,VALID,12.9,VALID,Warning,WARN: Low flow rate detected
2026-06-08 11:00:00+00:00,0.64562304,VALID,0.597408,VALID,12.9,VALID,Warning,WARN: Low flow rate detected
2026-06-08 12:00:00+00:00,0.64562304,VALID,0.597408,VALID,12.8,VALID,Warning,WARN: Low flow rate detected
2026-06-08 13:00:00+00:00,0.64562304,VALID,0.597408,VALID,12.8,VALID,Warning,WARN: Low flow rate detected
2026-06-08 14:00:00+00:00,0.64562304,VALID,0.597408,VALID,12.8,VALID,Warning,WARN: Low flow rate detected
2026-06-08 15:00:00+00:00,0.64562304,VALID,0.597408,VALID,13.7,VALID,Warning,WARN: Low flow rate detected
2026-06-08 16:00:00+00:00,0.62863296,VALID,0.592836,VALID,14.1,VALID,Warning,WARN: Low flow rate detected
2026-06-08 17:00:00+00:00,0.63995968,VALID,0.5958840000000001,VALID,13.9,VALID,Warning,WARN: Low flow rate detected
2026-06-08 18:00:00+00:00,0.64987056,VALID,0.5981700000000001,VALID,14.0,VALID,Warning,WARN: Low flow rate detected
2026-06-08 19:00:00+00:00,0.6371279999999999,VALID,0.595122,VALID,14.0,VALID,Warning,WARN: Low flow rate detected
2026-06-08 20:00:00+00:00,0.63995968,VALID,0.5958840000000001,VALID,14.0,VALID,Warning,WARN: Low flow rate detected
2026-06-08 21:00:00+00:00,0.63995968,VALID,0.5958840000000001,VALID,13.9,VALID,Warning,WARN: Low flow rate detected
2026-06-08 22:00:00+00:00,0.6371279999999999,VALID,0.595122,VALID,13.9,VALID,Warning,WARN: Low flow rate detected
2026-06-08 23:00:00+00:00,0.6371279999999999,VALID,0.595122,VALID,13.8,VALID,Warning,WARN: Low flow rate detected
2026-06-09 00:00:00+00:00,0.64279136,VALID,0.596646,VALID,13.8,VALID,Warning,WARN: Low flow rate detected
2026-06-09 01:00:00+00:00,0.64562304,VALID,0.597408,VALID,13.8,VALID,Warning,WARN: Low flow rate detected
2026-06-09 02:00:00+00:00,0.64562304,VALID,0.597408,VALID,13.7,VALID,Warning,WARN: Low flow rate detected
2026-06-09 03:00:00+00:00,0.64562304,VALID,0.597408,VALID,13.3,VALID,Warning,WARN: Low flow rate detected
2026-06-09 04:00:00+00:00,0.64562304,VALID,0.597408,VALID,13.1,VALID,Warning,WARN: Low flow rate detected
2026-06-09 05:00:00+00:00,0.64562304,VALID,0.597408,VALID,13.0,VALID,Warning,WARN: Low flow rate detected
2026-06-09 06:00:00+00:00,0.6541180799999999,VALID,0.598932,VALID,13.0,VALID,Warning,WARN: Low flow rate detected
2026-06-09 07:00:00+00:00,0.64987056,VALID,0.5981700000000001,VALID,13.0,VALID,Warning,WARN: Low flow rate detected
2026-06-09 08:00:00+00:00,0.6583656,VALID,0.599694,VALID,12.9,VALID,Warning,WARN: Low flow rate detected
2026-06-09 09:00:00+00:00,0.6583656,VALID,0.599694,VALID,12.9,VALID,Warning,WARN: Low flow rate detected
2026-06-09 10:00:00+00:00,0.6541180799999999,VALID,0.598932,VALID,12.9,VALID,Warning,WARN: Low flow rate detected
2026-06-09 11:00:00+00:00,0.64987056,VALID,0.5981700000000001,VALID,12.8,VALID,Warning,WARN: Low flow rate detected
2026-06-09 12:00:00+00:00,0.6583656,VALID,0.599694,VALID,12.8,VALID,Warning,WARN: Low flow rate detected
2026-06-09 13:00:00+00:00,0.6626131199999999,VALID,0.600456,VALID,12.8,VALID,Warning,WARN: Low flow rate detected
2026-06-09 14:00:00+00:00,0.6626131199999999,VALID,0.600456,VALID,12.8,VALID,Warning,WARN: Low flow rate detected
2026-06-09 15:00:00+00:00,0.64987056,VALID,0.5981700000000001,VALID,13.7,VALID,Warning,WARN: Low flow rate detected
2026-06-09 16:00:00+00:00,0.6626131199999999,VALID,0.600456,VALID,14.1,VALID,Warning,WARN: Low flow rate detected
2026-06-09 17:00:00+00:00,0.64987056,VALID,0.5981700000000001,VALID,13.9,VALID,Warning,WARN: Low flow rate detected
2026-06-09 18:00:00+00:00,0.64279136,VALID,0.596646,VALID,14.0,VALID,Warning,WARN: Low flow rate detected
2026-06-09 19:00:00+00:00,0.64279136,VALID,0.596646,VALID,14.0,VALID,Warning,WARN: Low flow rate detected
2026-06-09 20:00:00+00:00,0.63995968,VALID,0.5958840000000001,VALID,13.9,VALID,Warning,WARN: Low flow rate detected
2026-06-09 21:00:00+00:00,0.6342963199999999,VALID,0.59436,VALID,13.9,VALID,Warning,WARN: Low flow rate detected
2026-06-09 22:00:00+00:00,0.6371279999999999,VALID,0.595122,VALID,13.8,VALID,Warning,WARN: Low flow rate detected
2026-06-09 23:00:00+00:00,0.6314646399999999,VALID,0.5935980000000001,VALID,13.8,VALID,Warning,WARN: Low flow rate detected
2026-06-10 00:00:00+00:00,0.6342963199999999,VALID,0.59436,VALID,13.7,VALID,Warning,WARN: Low flow rate detected
2026-06-10 01:00:00+00:00,0.62863296,VALID,0.592836,VALID,13.7,VALID,Warning,WARN: Low flow rate detected
2026-06-10 02:00:00+00:00,0.6229696,VALID,0.5913120000000001,VALID,13.7,VALID,Warning,WARN: Low flow rate detected
2026-06-10 03:00:00+00:00,0.62580128,VALID,0.592074,VALID,13.6,VALID,Warning,WARN: Low flow rate detected
2026-06-10 04:00:00+00:00,0.62863296,VALID,0.592836,VALID,13.1,VALID,Warning,WARN: Low flow rate detected
2026-06-10 05:00:00+00:00,0.6371279999999999,VALID,0.595122,VALID,13.0,VALID,Warning,WARN: Low flow rate detected
2026-06-10 06:00:00+00:00,0.63995968,VALID,0.5958840000000001,VALID,13.0,VALID,Warning,WARN: Low flow rate detected
2026-06-10 07:00:00+00:00,0.64562304,VALID,0.597408,VALID,13.0,VALID,Warning,WARN: Low flow rate detected
2026-06-10 08:00:00+00:00,0.64562304,VALID,0.597408,VALID,12.9,VALID,Warning,WARN: Low flow rate detected
2026-06-10 09:00:00+00:00,0.64562304,VALID,0.597408,VALID,12.9,VALID,Warning,WARN: Low flow rate detected
2026-06-10 10:00:00+00:00,0.64562304,VALID,0.597408,VALID,12.9,VALID,Warning,WARN: Low flow rate detected
2026-06-10 11:00:00+00:00,0.64562304,VALID,0.597408,VALID,12.9,VALID,Warning,WARN: Low flow rate detected
2026-06-10 12:00:00+00:00,0.64562304,VALID,0.597408,VALID,12.8,VALID,Warning,WARN: Low flow rate detected
2026-06-10 13:00:00+00:00,0.64562304,VALID,0.597408,VALID,12.8,VALID,Warning,WARN: Low flow rate detected
2026-06-10 14:00:00+00:00,0.64562304,VALID,0.597408,VALID,12.8,VALID,Warning,WARN: Low flow rate detected
2026-06-10 15:00:00+00:00,0.64562304,VALID,0.597408,VALID,13.7,VALID,Warning,WARN: Low flow rate detected
2026-06-10 16:00:00+00:00,0.64703888,VALID,0.597408,VALID,14.1,VALID,Warning,WARN: Low flow rate detected
2026-06-10 17:00:00+00:00,0.6442072,VALID,0.596646,VALID,13.4,VALID,Warning,WARN: Low flow rate detected
2026-06-10 18:00:00+00:00,0.63995968,VALID,0.5958840000000001,VALID,14.0,VALID,Warning,WARN: Low flow rate detected
2026-06-10 19:00:00+00:00,0.63995968,VALID,0.5958840000000001,VALID,14.0,VALID,Warning,WARN: Low flow rate detected
2026-06-10 20:00:00+00:00,0.6371279999999999,VALID,0.595122,VALID,14.0,VALID,Warning,WARN: Low flow rate detected
2026-06-10 21:00:00+00:00,0.6314646399999999,VALID,0.5935980000000001,VALID,13.9,VALID,Warning,WARN: Low flow rate detected
2026-06-10 22:00:00+00:00,0.6371279999999999,VALID,0.595122,VALID,13.8,VALID,Warning,WARN: Low flow rate detected
2026-06-10 23:00:00+00:00,0.6229696,VALID,0.5913120000000001,VALID,13.8,VALID,Warning,WARN: Low flow rate detected
2026-06-11 01:00:00+00:00,0.6123508,VALID,0.589026,VALID,13.6,VALID,Warning,WARN: Low flow rate detected
2026-06-11 02:00:00+00:00,0.61943,VALID,0.59055,VALID,13.7,VALID,Warning,WARN: Low flow rate detected
2026-06-11 03:00:00+00:00,0.6158904000000001,VALID,0.589788,VALID,13.5,VALID,Warning,WARN: Low flow rate detected
2026-06-11 04:00:00+00:00,0.6229696,VALID,0.5913120000000001,VALID,13.1,VALID,Warning,WARN: Low flow rate detected
2026-06-11 05:00:00+00:00,0.62580128,VALID,0.592074,VALID,13.0,VALID,Warning,WARN: Low flow rate detected
2026-06-11 06:00:00+00:00,0.6229696,VALID,0.5913120000000001,VALID,13.0,VALID,Warning,WARN: Low flow rate detected
2026-06-11 07:00:00+00:00,0.62580128,VALID,0.592074,VALID,13.0,VALID,Warning,WARN: Low flow rate detected
2026-06-11 08:00:00+00:00,0.6314646399999999,VALID,0.5935980000000001,VALID,12.9,VALID,Warning,WARN: Low flow rate detected
2026-06-11 09:00:00+00:00,0.6314646399999999,VALID,0.5935980000000001,VALID,12.9,VALID,Warning,WARN: Low flow rate detected
2026-06-11 10:00:00+00:00,0.6342963199999999,VALID,0.59436,VALID,12.9,VALID,Warning,WARN: Low flow rate detected
2026-06-11 11:00:00+00:00,0.6371279999999999,VALID,0.595122,VALID,12.9,VALID,Warning,WARN: Low flow rate detected
2026-06-11 12:00:00+00:00,0.64279136,VALID,0.596646,VALID,12.8,VALID,Warning,WARN: Low flow rate detected
2026-06-11 13:00:00+00:00,0.64562304,VALID,0.597408,VALID,12.8,VALID,Warning,WARN: Low flow rate detected
2026-06-11 14:00:00+00:00,0.64562304,VALID,0.597408,VALID,12.8,VALID,Warning,WARN: Low flow rate detected
2026-06-11 15:00:00+00:00,0.64987056,VALID,0.5981700000000001,VALID,13.7,VALID,Warning,WARN: Low flow rate detected
2026-06-11 16:00:00+00:00,0.64562304,VALID,0.597408,VALID,14.1,VALID,Warning,WARN: Low flow rate detected
2026-06-11 17:00:00+00:00,0.64987056,VALID,0.5981700000000001,VALID,13.9,VALID,Warning,WARN: Low flow rate detected
2026-06-11 18:00:00+00:00,0.63995968,VALID,0.5958840000000001,VALID,14.0,VALID,Warning,WARN: Low flow rate detected
2026-06-11 19:00:00+00:00,0.63995968,VALID,0.5958840000000001,VALID,14.0,VALID,Warning,WARN: Low flow rate detected
2026-06-11 20:00:00+00:00,0.6371279999999999,VALID,0.595122,VALID,13.9,VALID,Warning,WARN: Low flow rate detected
2026-06-11 21:00:00+00:00,0.63995968,VALID,0.5958840000000001,VALID,13.9,VALID,Warning,WARN: Low flow rate detected
2026-06-11 22:00:00+00:00,0.6371279999999999,VALID,0.595122,VALID,13.8,VALID,Warning,WARN: Low flow rate detected
2026-06-11 23:00:00+00:00,0.6371279999999999,VALID,0.595122,VALID,13.7,VALID,Warning,WARN: Low flow rate detected
2026-06-12 00:00:00+00:00,0.6314646399999999,VALID,0.5935980000000001,VALID,13.6,VALID,Warning,WARN: Low flow rate detected
2026-06-12 01:00:00+00:00,0.6314646399999999,VALID,0.5935980000000001,VALID,13.6,VALID,Warning,WARN: Low flow rate detected
2026-06-12 02:00:00+00:00,0.62863296,VALID,0.592836,VALID,13.7,VALID,Warning,WARN: Low flow rate detected
2026-06-12 03:00:00+00:00,0.62580128,VALID,0.592074,VALID,13.5,VALID,Warning,WARN: Low flow rate detected
2026-06-12 04:00:00+00:00,0.62580128,VALID,0.592074,VALID,13.1,VALID,Warning,WARN: Low flow rate detected
2026-06-12 05:00:00+00:00,0.6314646399999999,VALID,0.5935980000000001,VALID,13.0,VALID,Warning,WARN: Low flow rate detected
2026-06-12 06:00:00+00:00,0.6314646399999999,VALID,0.59436,VALID,13.0,VALID,Warning,WARN: Low flow rate detected
2026-06-12 07:00:00+00:00,0.6371279999999999,VALID,0.595122,VALID,13.0,VALID,Warning,WARN: Low flow rate detected
2026-06-12 08:00:00+00:00,0.6371279999999999,VALID,0.595122,VALID,12.9,VALID,Warning,WARN: Low flow rate detected
2026-06-12 09:00:00+00:00,0.6371279999999999,VALID,0.595122,VALID,12.9,VALID,Warning,WARN: Low flow rate detected
2026-06-12 10:00:00+00:00,0.64703888,VALID,0.597408,VALID,12.9,VALID,Warning,WARN: Low flow rate detected
2026-06-12 11:00:00+00:00,0.64279136,VALID,0.596646,VALID,12.9,VALID,Warning,WARN: Low flow rate detected
2026-06-12 12:00:00+00:00,0.64279136,VALID,0.596646,VALID,12.8,VALID,Warning,WARN: Low flow rate detected
2026-06-12 13:00:00+00:00,0.64562304,VALID,0.597408,VALID,12.8,VALID,Warning,WARN: Low flow rate detected
2026-06-12 14:00:00+00:00,0.64279136,VALID,0.596646,VALID,12.9,VALID,Warning,WARN: Low flow rate detected
2026-06-12 15:00:00+00:00,0.63995968,VALID,0.5958840000000001,VALID,13.5,VALID,Warning,WARN: Low flow rate detected
2026-06-12 16:00:00+00:00,0.6371279999999999,VALID,0.595122,VALID,13.9,VALID,Warning,WARN: Low flow rate detected
2026-06-12 17:00:00+00:00,0.6626131199999999,VALID,0.600456,VALID,14.0,VALID,Warning,WARN: Low flow rate detected
2026-06-12 18:00:00+00:00,0.64987056,VALID,0.5981700000000001,VALID,14.0,VALID,Warning,WARN: Low flow rate detected
2026-06-12 19:00:00+00:00,0.6342963199999999,VALID,0.59436,VALID,14.0,VALID,Warning,WARN: Low flow rate detected
2026-06-12 21:00:00+00:00,0.62863296,VALID,0.592836,VALID,13.8,VALID,Warning,WARN: Low flow rate detected
2026-06-12 22:00:00+00:00,0.6314646399999999,VALID,0.5935980000000001,VALID,13.8,VALID,Warning,WARN: Low flow rate detected
2026-06-12 23:00:00+00:00,0.6342963199999999,VALID,0.59436,VALID,13.8,VALID,Warning,WARN: Low flow rate detected
2026-06-13 00:00:00+00:00,0.6229696,VALID,0.5913120000000001,VALID,13.7,VALID,Warning,WARN: Low flow rate detected
2026-06-13 01:00:00+00:00,0.6229696,VALID,0.5913120000000001,VALID,13.7,VALID,Warning,WARN: Low flow rate detected
2026-06-13 02:00:00+00:00,0.6229696,VALID,0.5913120000000001,VALID,13.7,VALID,Warning,WARN: Low flow rate detected
2026-06-13 03:00:00+00:00,0.62863296,VALID,0.592836,VALID,13.5,VALID,Warning,WARN: Low flow rate detected
2026-06-13 04:00:00+00:00,0.62863296,VALID,0.592836,VALID,13.0,VALID,Warning,WARN: Low flow rate detected
2026-06-13 05:00:00+00:00,0.6342963199999999,VALID,0.59436,VALID,13.0,VALID,Warning,WARN: Low flow rate detected
2026-06-13 06:00:00+00:00,0.6342963199999999,VALID,0.59436,VALID,13.0,VALID,Warning,WARN: Low flow rate detected
2026-06-13 07:00:00+00:00,0.6371279999999999,VALID,0.595122,VALID,13.0,VALID,Warning,WARN: Low flow rate detected
2026-06-13 08:00:00+00:00,0.64279136,VALID,0.596646,VALID,13.0,VALID,Warning,WARN: Low flow rate detected
2026-06-13 09:00:00+00:00,0.64562304,VALID,0.597408,VALID,12.9,VALID,Warning,WARN: Low flow rate detected
2026-06-13 10:00:00+00:00,0.64987056,VALID,0.5981700000000001,VALID,12.9,VALID,Warning,WARN: Low flow rate detected
2026-06-13 11:00:00+00:00,0.6541180799999999,VALID,0.598932,VALID,12.9,VALID,Warning,WARN: Low flow rate detected
2026-06-13 12:00:00+00:00,0.64987056,VALID,0.5981700000000001,VALID,12.9,VALID,Warning,WARN: Low flow rate detected
2026-06-13 13:00:00+00:00,0.64562304,VALID,0.597408,VALID,12.8,VALID,Warning,WARN: Low flow rate detected
2026-06-13 14:00:00+00:00,0.64562304,VALID,0.597408,VALID,12.8,VALID,Warning,WARN: Low flow rate detected
2026-06-13 15:00:00+00:00,0.64562304,VALID,0.597408,VALID,13.5,VALID,Warning,WARN: Low flow rate detected
2026-06-13 16:00:00+00:00,0.64279136,VALID,0.596646,VALID,13.9,VALID,Warning,WARN: Low flow rate detected
2026-06-13 17:00:00+00:00,0.64279136,VALID,0.596646,VALID,13.5,VALID,Warning,WARN: Low flow rate detected
2026-06-13 18:00:00+00:00,0.64987056,VALID,0.5981700000000001,VALID,14.0,VALID,Warning,WARN: Low flow rate detected
2026-06-13 19:00:00+00:00,0.6442072,VALID,0.596646,VALID,13.9,VALID,Warning,WARN: Low flow rate detected
2026-06-13 20:00:00+00:00,0.6342963199999999,VALID,0.59436,VALID,13.9,VALID,Warning,WARN: Low flow rate detected
2026-06-13 21:00:00+00:00,0.64137552,VALID,0.5958840000000001,VALID,13.9,VALID,Warning,WARN: Low flow rate detected
2026-06-13 22:00:00+00:00,0.6774794399999999,VALID,0.603504,VALID,13.7,VALID,Warning,WARN: Low flow rate detected
2026-06-13 23:00:00+00:00,0.68526656,VALID,0.605028,VALID,13.8,VALID,Warning,WARN: Low flow rate detected
2026-06-14 00:00:00+00:00,0.68101904,VALID,0.604266,VALID,13.9,VALID,Warning,WARN: Low flow rate detected
2026-06-14 01:00:00+00:00,0.6895140799999999,VALID,0.60579,VALID,13.8,VALID,Warning,WARN: Low flow rate detected
2026-06-14 02:00:00+00:00,0.6895140799999999,VALID,0.60579,VALID,13.7,VALID,Warning,WARN: Low flow rate detected
2026-06-14 03:00:00+00:00,0.6937616,VALID,0.606552,VALID,13.5,VALID,Warning,WARN: Low flow rate detected
2026-06-14 04:00:00+00:00,0.68101904,VALID,0.604266,VALID,13.1,VALID,Warning,WARN: Low flow rate detected
2026-06-14 05:00:00+00:00,0.68101904,VALID,0.604266,VALID,13.0,VALID,Warning,WARN: Low flow rate detected
2026-06-14 06:00:00+00:00,0.68101904,VALID,0.603504,VALID,13.0,VALID,Warning,WARN: Low flow rate detected
2026-06-14 07:00:00+00:00,0.6937616,VALID,0.606552,VALID,13.0,VALID,Warning,WARN: Low flow rate detected
2026-06-14 08:00:00+00:00,0.6895140799999999,VALID,0.60579,VALID,13.0,VALID,Warning,WARN: Low flow rate detected
2026-06-14 09:00:00+00:00,0.68101904,VALID,0.604266,VALID,12.9,VALID,Warning,WARN: Low flow rate detected
2026-06-14 10:00:00+00:00,0.68526656,VALID,0.605028,VALID,12.9,VALID,Warning,WARN: Low flow rate detected
2026-06-14 11:00:00+00:00,0.68526656,VALID,0.605028,VALID,12.9,VALID,Warning,WARN: Low flow rate detected
2026-06-14 12:00:00+00:00,0.6937616,VALID,0.606552,VALID,12.9,VALID,Warning,WARN: Low flow rate detected
2026-06-14 13:00:00+00:00,0.70225664,VALID,0.6080760000000001,VALID,12.8,VALID,Warning,WARN: Low flow rate detected
2026-06-14 14:00:00+00:00,0.6661527199999999,VALID,0.601218,VALID,12.8,VALID,Warning,WARN: Low flow rate detected
2026-06-14 15:00:00+00:00,0.6626131199999999,VALID,0.600456,VALID,13.6,VALID,Warning,WARN: Low flow rate detected
2026-06-14 16:00:00+00:00,0.6583656,VALID,0.599694,VALID,14.0,VALID,Warning,WARN: Low flow rate detected
2026-06-14 17:00:00+00:00,0.6541180799999999,VALID,0.598932,VALID,13.9,VALID,Warning,WARN: Low flow rate detected
2026-06-14 18:00:00+00:00,0.6541180799999999,VALID,0.598932,VALID,14.0,VALID,Warning,WARN: Low flow rate detected
2026-06-14 19:00:00+00:00,0.64562304,VALID,0.597408,VALID,13.7,VALID,Warning,WARN: Low flow rate detected
2026-06-14 20:00:00+00:00,0.63995968,VALID,0.5958840000000001,VALID,13.6,VALID,Warning,WARN: Low flow rate detected
2026-06-14 21:00:00+00:00,0.637128,VALID,0.595122,VALID,14.0,VALID,Warning,WARN: Low flow rate detected
2026-06-14 22:00:00+00:00,0.6314646399999999,VALID,0.5935980000000001,VALID,13.9,VALID,Warning,WARN: Low flow rate detected
2026-06-14 23:00:00+00:00,0.62580128,VALID,0.592074,VALID,13.9,VALID,Warning,WARN: Low flow rate detected
2026-06-15 00:00:00+00:00,0.62863296,VALID,0.592836,VALID,13.8,VALID,Warning,WARN: Low flow rate detected
2026-06-15 01:00:00+00:00,0.62863296,VALID,0.592836,VALID,13.6,VALID,Warning,WARN: Low flow rate detected
2026-06-15 02:00:00+00:00,0.62863296,VALID,0.592836,VALID,13.7,VALID,Warning,WARN: Low flow rate detected
2026-06-15 03:00:00+00:00,0.64987056,VALID,0.5981700000000001,VALID,13.6,VALID,Warning,WARN: Low flow rate detected
2026-06-15 04:00:00+00:00,0.64987056,VALID,0.5981700000000001,VALID,13.2,VALID,Warning,WARN: Low flow rate detected
2026-06-15 05:00:00+00:00,0.6626131199999999,VALID,0.600456,VALID,13.0,VALID,Warning,WARN: Low flow rate detected
2026-06-15 06:00:00+00:00,0.6626131199999999,VALID,0.600456,VALID,13.0,VALID,Warning,WARN: Low flow rate detected
2026-06-15 07:00:00+00:00,0.6626131199999999,VALID,0.600456,VALID,13.0,VALID,Warning,WARN: Low flow rate detected
2026-06-15 08:00:00+00:00,0.6626131199999999,VALID,0.600456,VALID,13.0,VALID,Warning,WARN: Low flow rate detected
2026-06-15 09:00:00+00:00,0.6626131199999999,VALID,0.600456,VALID,12.9,VALID,Warning,WARN: Low flow rate detected
2026-06-15 10:00:00+00:00,0.6661527199999999,VALID,0.601218,VALID,12.9,VALID,Warning,WARN: Low flow rate detected
2026-06-15 11:00:00+00:00,0.6661527199999999,VALID,0.601218,VALID,12.9,VALID,Warning,WARN: Low flow rate detected
2026-06-15 12:00:00+00:00,0.6661527199999999,VALID,0.601218,VALID,12.9,VALID,Warning,WARN: Low flow rate detected
2026-06-15 13:00:00+00:00,0.6626131199999999,VALID,0.600456,VALID,12.8,VALID,Warning,WARN: Low flow rate detected
2026-06-15 14:00:00+00:00,0.6626131199999999,VALID,0.600456,VALID,12.8,VALID,Warning,WARN: Low flow rate detected
2026-06-15 15:00:00+00:00,0.67323192,VALID,0.602742,VALID,13.6,VALID,Warning,WARN: Low flow rate detected
2026-06-15 16:00:00+00:00,0.66969232,VALID,0.60198,VALID,14.1,VALID,Warning,WARN: Low flow rate detected
2026-06-15 17:00:00+00:00,0.6583656,VALID,0.599694,VALID,13.9,VALID,Warning,WARN: Low flow rate detected
2026-06-15 18:00:00+00:00,0.64987056,VALID,0.5981700000000001,VALID,14.0,VALID,Warning,WARN: Low flow rate detected
2026-06-15 19:00:00+00:00,0.64987056,VALID,0.5981700000000001,VALID,13.9,VALID,Warning,WARN: Low flow rate detected
2026-06-15 20:00:00+00:00,0.64279136,VALID,0.596646,VALID,13.9,VALID,Warning,WARN: Low flow rate detected
2026-06-15 21:00:00+00:00,0.64562304,VALID,0.597408,VALID,13.8,VALID,Warning,WARN: Low flow rate detected
2026-06-15 22:00:00+00:00,0.6541180799999999,VALID,0.598932,VALID,13.6,VALID,Warning,WARN: Low flow rate detected
2026-06-15 23:00:00+00:00,0.64987056,VALID,0.5981700000000001,VALID,13.9,VALID,Warning,WARN: Low flow rate detected
2026-06-16 00:00:00+00:00,0.64279136,VALID,0.596646,VALID,13.9,VALID,Warning,WARN: Low flow rate detected
2026-06-16 01:00:00+00:00,0.64562304,VALID,0.597408,VALID,13.6,VALID,Warning,WARN: Low flow rate detected
2026-06-16 02:00:00+00:00,0.64987056,VALID,0.5981700000000001,VALID,13.1,VALID,Warning,WARN: Low flow rate detected
2026-06-16 03:00:00+00:00,0.64987056,VALID,0.5981700000000001,VALID,13.1,VALID,Warning,WARN: Low flow rate detected
2026-06-16 04:00:00+00:00,0.6541180799999999,VALID,0.598932,VALID,13.0,VALID,Warning,WARN: Low flow rate detected
2026-06-16 05:00:00+00:00,0.6541180799999999,VALID,0.598932,VALID,13.0,VALID,Warning,WARN: Low flow rate detected
2026-06-16 06:00:00+00:00,0.6626131199999999,VALID,0.600456,VALID,13.0,VALID,Warning,WARN: Low flow rate detected
2026-06-16 07:00:00+00:00,0.6661527199999999,VALID,0.601218,VALID,12.9,VALID,Warning,WARN: Low flow rate detected
2026-06-16 08:00:00+00:00,0.6661527199999999,VALID,0.601218,VALID,12.9,VALID,Warning,WARN: Low flow rate detected
2026-06-16 09:00:00+00:00,0.6661527199999999,VALID,0.601218,VALID,12.9,VALID,Warning,WARN: Low flow rate detected
2026-06-16 10:00:00+00:00,0.6661527199999999,VALID,0.601218,VALID,12.9,VALID,Warning,WARN: Low flow rate detected
2026-06-16 11:00:00+00:00,0.6661527199999999,VALID,0.601218,VALID,12.8,VALID,Warning,WARN: Low flow rate detected
2026-06-16 12:00:00+00:00,0.6626131199999999,VALID,0.600456,VALID,12.8,VALID,Warning,WARN: Low flow rate detected
2026-06-16 13:00:00+00:00,0.6626131199999999,VALID,0.600456,VALID,12.8,VALID,Warning,WARN: Low flow rate detected
2026-06-16 14:00:00+00:00,0.6661527199999999,VALID,0.601218,VALID,12.8,VALID,Warning,WARN: Low flow rate detected
2026-06-16 15:00:00+00:00,0.66969232,VALID,0.60198,VALID,13.7,VALID,Warning,WARN: Low flow rate detected
2026-06-16 16:00:00+00:00,0.6654448,VALID,0.601218,VALID,14.0,VALID,Warning,WARN: Low flow rate detected
2026-06-16 17:00:00+00:00,0.6583656,VALID,0.599694,VALID,13.5,VALID,Warning,WARN: Low flow rate detected
2026-06-16 18:00:00+00:00,0.64562304,VALID,0.597408,VALID,14.0,VALID,Warning,WARN: Low flow rate detected
2026-06-16 19:00:00+00:00,0.6371279999999999,VALID,0.595122,VALID,14.0,VALID,Warning,WARN: Low flow rate detected
2026-06-16 20:00:00+00:00,0.63995968,VALID,0.5958840000000001,VALID,13.9,VALID,Warning,WARN: Low flow rate detected
2026-06-16 21:00:00+00:00,0.6342963199999999,VALID,0.59436,VALID,13.8,VALID,Warning,WARN: Low flow rate detected
2026-06-16 22:00:00+00:00,0.6314646399999999,VALID,0.5935980000000001,VALID,13.8,VALID,Warning,WARN: Low flow rate detected
2026-06-16 23:00:00+00:00,0.62863296,VALID,0.592836,VALID,13.7,VALID,Warning,WARN: Low flow rate detected
2026-06-17 00:00:00+00:00,0.62580128,VALID,0.592074,VALID,13.7,VALID,Warning,WARN: Low flow rate detected
2026-06-17 01:00:00+00:00,0.6229696,VALID,0.5913120000000001,VALID,13.7,VALID,Warning,WARN: Low flow rate detected
2026-06-17 02:00:00+00:00,0.62863296,VALID,0.592836,VALID,13.7,VALID,Warning,WARN: Low flow rate detected
2026-06-17 03:00:00+00:00,0.6342963199999999,VALID,0.59436,VALID,13.5,VALID,Warning,WARN: Low flow rate detected
2026-06-17 04:00:00+00:00,0.6342963199999999,VALID,0.59436,VALID,13.1,VALID,Warning,WARN: Low flow rate detected
2026-06-17 06:00:00+00:00,0.64562304,VALID,0.597408,VALID,13.0,VALID,Warning,WARN: Low flow rate detected
2026-06-17 07:00:00+00:00,0.64562304,VALID,0.597408,VALID,13.0,VALID,Warning,WARN: Low flow rate detected
2026-06-17 08:00:00+00:00,0.64562304,VALID,0.597408,VALID,13.0,VALID,Warning,WARN: Low flow rate detected
2026-06-17 09:00:00+00:00,0.64987056,VALID,0.5981700000000001,VALID,12.9,VALID,Warning,WARN: Low flow rate detected
2026-06-17 10:00:00+00:00,0.64987056,VALID,0.5981700000000001,VALID,12.9,VALID,Warning,WARN: Low flow rate detected
2026-06-17 11:00:00+00:00,0.64987056,VALID,0.5981700000000001,VALID,12.9,VALID,Warning,WARN: Low flow rate detected
2026-06-17 12:00:00+00:00,0.64562304,VALID,0.597408,VALID,12.9,VALID,Warning,WARN: Low flow rate detected
2026-06-17 13:00:00+00:00,0.64987056,VALID,0.5981700000000001,VALID,12.8,VALID,Warning,WARN: Low flow rate detected
2026-06-17 14:00:00+00:00,0.6626131199999999,VALID,0.600456,VALID,12.8,VALID,Warning,WARN: Low flow rate detected
2026-06-17 15:00:00+00:00,0.64987056,VALID,0.5981700000000001,VALID,13.6,VALID,Warning,WARN: Low flow rate detected
2026-06-17 16:00:00+00:00,0.6626131199999999,VALID,0.600456,VALID,14.0,VALID,Warning,WARN: Low flow rate detected
2026-06-17 17:00:00+00:00,0.6541180799999999,VALID,0.598932,VALID,13.8,VALID,Warning,WARN: Low flow rate detected
2026-06-17 18:00:00+00:00,0.6541180799999999,VALID,0.598932,VALID,13.9,VALID,Warning,WARN: Low flow rate detected
2026-06-17 19:00:00+00:00,0.64279136,VALID,0.596646,VALID,13.9,VALID,Warning,WARN: Low flow rate detected
2026-06-17 20:00:00+00:00,0.63995968,VALID,0.5958840000000001,VALID,13.9,VALID,Warning,WARN: Low flow rate detected
2026-06-17 21:00:00+00:00,0.6371279999999999,VALID,0.595122,VALID,13.8,VALID,Warning,WARN: Low flow rate detected
2026-06-17 22:00:00+00:00,0.63995968,VALID,0.5958840000000001,VALID,13.8,VALID,Warning,WARN: Low flow rate detected
2026-06-17 23:00:00+00:00,0.6342963199999999,VALID,0.59436,VALID,13.8,VALID,Warning,WARN: Low flow rate detected
2026-06-18 00:00:00+00:00,0.6371279999999999,VALID,0.595122,VALID,13.8,VALID,Warning,WARN: Low flow rate detected
2026-06-18 01:00:00+00:00,0.62863296,VALID,0.592836,VALID,13.8,VALID,Warning,WARN: Low flow rate detected
2026-06-18 02:00:00+00:00,0.6314646399999999,VALID,0.5935980000000001,VALID,13.7,VALID,Warning,WARN: Low flow rate detected
2026-06-18 03:00:00+00:00,0.6342963199999999,VALID,0.59436,VALID,13.2,VALID,Warning,WARN: Low flow rate detected
2026-06-18 04:00:00+00:00,0.6342963199999999,VALID,0.59436,VALID,13.0,VALID,Warning,WARN: Low flow rate detected
2026-06-18 05:00:00+00:00,0.6371279999999999,VALID,0.595122,VALID,13.0,VALID,Warning,WARN: Low flow rate detected
2026-06-18 06:00:00+00:00,0.64279136,VALID,0.596646,VALID,13.0,VALID,Warning,WARN: Low flow rate detected
2026-06-18 07:00:00+00:00,0.64562304,VALID,0.597408,VALID,13.0,VALID,Warning,WARN: Low flow rate detected
2026-06-18 08:00:00+00:00,0.64562304,VALID,0.597408,VALID,13.0,VALID,Warning,WARN: Low flow rate detected
2026-06-18 09:00:00+00:00,0.64987056,VALID,0.5981700000000001,VALID,12.9,VALID,Warning,WARN: Low flow rate detected
2026-06-18 10:00:00+00:00,0.64987056,VALID,0.5981700000000001,VALID,12.9,VALID,Warning,WARN: Low flow rate detected
2026-06-18 11:00:00+00:00,0.6541180799999999,VALID,0.598932,VALID,12.9,VALID,Warning,WARN: Low flow rate detected
2026-06-18 12:00:00+00:00,0.6583656,VALID,0.599694,VALID,12.8,VALID,Warning,WARN: Low flow rate detected
2026-06-18 13:00:00+00:00,0.6626131199999999,VALID,0.600456,VALID,12.8,VALID,Warning,WARN: Low flow rate detected
2026-06-18 14:00:00+00:00,0.6541180799999999,VALID,0.598932,VALID,12.8,VALID,Warning,WARN: Low flow rate detected
2026-06-18 15:00:00+00:00,0.6583656,VALID,0.599694,VALID,13.8,VALID,Warning,WARN: Low flow rate detected
2026-06-18 16:00:00+00:00,0.6583656,VALID,0.599694,VALID,14.1,VALID,Warning,WARN: Low flow rate detected
2026-06-18 17:00:00+00:00,0.64987056,VALID,0.5981700000000001,VALID,14.0,VALID,Warning,WARN: Low flow rate detected
2026-06-18 18:00:00+00:00,0.64279136,VALID,0.596646,VALID,13.9,VALID,Warning,WARN: Low flow rate detected
2026-06-18 19:00:00+00:00,0.6342963199999999,VALID,0.59436,VALID,13.9,VALID,Warning,WARN: Low flow rate detected
2026-06-18 20:00:00+00:00,0.6342963199999999,VALID,0.59436,VALID,13.9,VALID,Warning,WARN: Low flow rate detected
2026-06-18 21:00:00+00:00,0.6371279999999999,VALID,0.595122,VALID,13.8,VALID,Warning,WARN: Low flow rate detected
2026-06-18 22:00:00+00:00,0.64279136,VALID,0.596646,VALID,13.8,VALID,Warning,WARN: Low flow rate detected
2026-06-18 23:00:00+00:00,0.64279136,VALID,0.596646,VALID,13.8,VALID,Warning,WARN: Low flow rate detected
2026-06-19 00:00:00+00:00,0.6371279999999999,VALID,0.595122,VALID,13.7,VALID,Warning,WARN: Low flow rate detected
2026-06-19 01:00:00+00:00,0.64279136,VALID,0.596646,VALID,13.7,VALID,Warning,WARN: Low flow rate detected
2026-06-19 02:00:00+00:00,0.6371279999999999,VALID,0.595122,VALID,13.6,VALID,Warning,WARN: Low flow rate detected
2026-06-19 03:00:00+00:00,0.6371279999999999,VALID,0.595122,VALID,13.5,VALID,Warning,WARN: Low flow rate detected
2026-06-19 04:00:00+00:00,0.63995968,VALID,0.5958840000000001,VALID,13.0,VALID,Warning,WARN: Low flow rate detected
2026-06-19 05:00:00+00:00,0.63995968,VALID,0.5958840000000001,VALID,13.0,VALID,Warning,WARN: Low flow rate detected
2026-06-19 06:00:00+00:00,0.64562304,VALID,0.597408,VALID,13.0,VALID,Warning,WARN: Low flow rate detected
2026-06-19 07:00:00+00:00,0.64562304,VALID,0.597408,VALID,13.0,VALID,Warning,WARN: Low flow rate detected
2026-06-19 08:00:00+00:00,0.6541180799999999,VALID,0.598932,VALID,12.9,VALID,Warning,WARN: Low flow rate detected
2026-06-19 09:00:00+00:00,0.64987056,VALID,0.5981700000000001,VALID,12.9,VALID,Warning,WARN: Low flow rate detected
2026-06-19 10:00:00+00:00,0.6626131199999999,VALID,0.600456,VALID,12.9,VALID,Warning,WARN: Low flow rate detected
2026-06-19 11:00:00+00:00,0.6626131199999999,VALID,0.600456,VALID,12.9,VALID,Warning,WARN: Low flow rate detected
2026-06-19 12:00:00+00:00,0.6626131199999999,VALID,0.600456,VALID,12.8,VALID,Warning,WARN: Low flow rate detected
2026-06-19 13:00:00+00:00,0.6626131199999999,VALID,0.600456,VALID,12.8,VALID,Warning,WARN: Low flow rate detected
2026-06-19 14:00:00+00:00,0.6626131199999999,VALID,0.600456,VALID,12.8,VALID,Warning,WARN: Low flow rate detected
2026-06-19 15:00:00+00:00,0.6583656,VALID,0.599694,VALID,13.6,VALID,Warning,WARN: Low flow rate detected
2026-06-19 16:00:00+00:00,0.6583656,VALID,0.599694,VALID,14.1,VALID,Warning,WARN: Low flow rate detected
2026-06-19 17:00:00+00:00,0.64703888,VALID,0.597408,VALID,13.4,VALID,Warning,WARN: Low flow rate detected
2026-06-19 18:00:00+00:00,0.64562304,VALID,0.597408,VALID,13.9,VALID,Warning,WARN: Low flow rate detected
2026-06-19 19:00:00+00:00,0.64279136,VALID,0.596646,VALID,14.0,VALID,Warning,WARN: Low flow rate detected
2026-06-19 20:00:00+00:00,0.63995968,VALID,0.5958840000000001,VALID,13.9,VALID,Warning,WARN: Low flow rate detected
2026-06-19 21:00:00+00:00,0.6371279999999999,VALID,0.595122,VALID,13.9,VALID,Warning,WARN: Low flow rate detected
2026-06-19 22:00:00+00:00,0.63429632,VALID,0.59436,VALID,13.8,VALID,Warning,WARN: Low flow rate detected
2026-06-19 23:00:00+00:00,0.6314646399999999,VALID,0.5935980000000001,VALID,13.8,VALID,Warning,WARN: Low flow rate detected
2026-06-20 00:00:00+00:00,0.62580128,VALID,0.592074,VALID,13.7,VALID,Warning,WARN: Low flow rate detected
2026-06-20 01:00:00+00:00,0.6229696,VALID,0.5913120000000001,VALID,13.7,VALID,Warning,WARN: Low flow rate detected
2026-06-20 02:00:00+00:00,0.6314646399999999,VALID,0.5935980000000001,VALID,13.7,VALID,Warning,WARN: Low flow rate detected
2026-06-20 03:00:00+00:00,0.6342963199999999,VALID,0.59436,VALID,13.6,VALID,Warning,WARN: Low flow rate detected
2026-06-20 04:00:00+00:00,0.6342963199999999,VALID,0.59436,VALID,13.1,VALID,Warning,WARN: Low flow rate detected
2026-06-20 05:00:00+00:00,0.6342963199999999,VALID,0.59436,VALID,13.0,VALID,Warning,WARN: Low flow rate detected
2026-06-20 06:00:00+00:00,0.6371279999999999,VALID,0.595122,VALID,13.0,VALID,Warning,WARN: Low flow rate detected
2026-06-20 07:00:00+00:00,0.63995968,VALID,0.5958840000000001,VALID,13.0,VALID,Warning,WARN: Low flow rate detected
2026-06-20 08:00:00+00:00,0.64279136,VALID,0.596646,VALID,12.9,VALID,Warning,WARN: Low flow rate detected
2026-06-20 09:00:00+00:00,0.64279136,VALID,0.596646,VALID,12.9,VALID,Warning,WARN: Low flow rate detected
2026-06-20 10:00:00+00:00,0.64562304,VALID,0.597408,VALID,12.9,VALID,Warning,WARN: Low flow rate detected
2026-06-20 11:00:00+00:00,0.64987056,VALID,0.5981700000000001,VALID,12.9,VALID,Warning,WARN: Low flow rate detected
2026-06-20 12:00:00+00:00,0.6541180799999999,VALID,0.598932,VALID,12.8,VALID,Warning,WARN: Low flow rate detected
2026-06-20 13:00:00+00:00,0.64987056,VALID,0.5981700000000001,VALID,12.8,VALID,Warning,WARN: Low flow rate detected
2026-06-20 14:00:00+00:00,0.6583656,VALID,0.599694,VALID,12.8,VALID,Warning,WARN: Low flow rate detected
2026-06-20 15:00:00+00:00,0.6541180799999999,VALID,0.598932,VALID,13.7,VALID,Warning,WARN: Low flow rate detected
2026-06-20 16:00:00+00:00,0.64562304,VALID,0.597408,VALID,14.1,VALID,Warning,WARN: Low flow rate detected
2026-06-20 17:00:00+00:00,0.64987056,VALID,0.5981700000000001,VALID,13.9,VALID,Warning,WARN: Low flow rate detected
2026-06-20 18:00:00+00:00,0.6342963199999999,VALID,0.59436,VALID,14.0,VALID,Warning,WARN: Low flow rate detected
2026-06-20 19:00:00+00:00,0.637128,VALID,0.595122,VALID,14.0,VALID,Warning,WARN: Low flow rate detected
2026-06-20 20:00:00+00:00,0.64987056,VALID,0.5981700000000001,VALID,13.9,VALID,Warning,WARN: Low flow rate detected
2026-06-20 21:00:00+00:00,0.62863296,VALID,0.592836,VALID,13.9,VALID,Warning,WARN: Low flow rate detected
2026-06-20 22:00:00+00:00,0.63146464,VALID,0.5935980000000001,VALID,13.8,VALID,Warning,WARN: Low flow rate detected
2026-06-20 23:00:00+00:00,0.62863296,VALID,0.592836,VALID,13.8,VALID,Warning,WARN: Low flow rate detected
2026-06-21 00:00:00+00:00,0.62863296,VALID,0.592836,VALID,13.7,VALID,Warning,WARN: Low flow rate detected
2026-06-21 01:00:00+00:00,0.62580128,VALID,0.592074,VALID,13.7,VALID,Warning,WARN: Low flow rate detected
2026-06-21 02:00:00+00:00,0.6229696,VALID,0.5913120000000001,VALID,13.7,VALID,Warning,WARN: Low flow rate detected
2026-06-21 03:00:00+00:00,0.6229696,VALID,0.5913120000000001,VALID,13.6,VALID,Warning,WARN: Low flow rate detected
2026-06-21 04:00:00+00:00,0.6229696,VALID,0.5913120000000001,VALID,13.1,VALID,Warning,WARN: Low flow rate detected
2026-06-21 05:00:00+00:00,0.62580128,VALID,0.592074,VALID,13.0,VALID,Warning,WARN: Low flow rate detected
2026-06-21 06:00:00+00:00,0.63429632,VALID,0.59436,VALID,13.0,VALID,Warning,WARN: Low flow rate detected
2026-06-21 07:00:00+00:00,0.6342963199999999,VALID,0.59436,VALID,13.0,VALID,Warning,WARN: Low flow rate detected
2026-06-21 08:00:00+00:00,0.6342963199999999,VALID,0.59436,VALID,12.9,VALID,Warning,WARN: Low flow rate detected
2026-06-21 09:00:00+00:00,0.63995968,VALID,0.5958840000000001,VALID,12.9,VALID,Warning,WARN: Low flow rate detected
2026-06-21 10:00:00+00:00,0.6371279999999999,VALID,0.595122,VALID,12.9,VALID,Warning,WARN: Low flow rate detected
2026-06-21 11:00:00+00:00,0.63995968,VALID,0.5958840000000001,VALID,12.9,VALID,Warning,WARN: Low flow rate detected
2026-06-21 12:00:00+00:00,0.63995968,VALID,0.5958840000000001,VALID,12.8,VALID,Warning,WARN: Low flow rate detected
2026-06-21 13:00:00+00:00,0.64279136,VALID,0.596646,VALID,12.8,VALID,Warning,WARN: Low flow rate detected
2026-06-21 14:00:00+00:00,0.63995968,VALID,0.5958840000000001,VALID,12.8,VALID,Warning,WARN: Low flow rate detected
2026-06-21 15:00:00+00:00,0.63995968,VALID,0.5958840000000001,VALID,13.7,VALID,Warning,WARN: Low flow rate detected
2026-06-21 16:00:00+00:00,0.64279136,VALID,0.596646,VALID,14.2,VALID,Warning,WARN: Low flow rate detected
2026-06-21 17:00:00+00:00,0.63995968,VALID,0.5958840000000001,VALID,13.9,VALID,Warning,WARN: Low flow rate detected
2026-06-21 18:00:00+00:00,0.6342963199999999,VALID,0.59436,VALID,14.0,VALID,Warning,WARN: Low flow rate detected
2026-06-21 19:00:00+00:00,0.62863296,VALID,0.592836,VALID,14.0,VALID,Warning,WARN: Low flow rate detected
2026-06-21 20:00:00+00:00,0.6314646399999999,VALID,0.5935980000000001,VALID,14.0,VALID,Warning,WARN: Low flow rate detected
2026-06-21 21:00:00+00:00,0.6229696,VALID,0.5913120000000001,VALID,13.9,VALID,Warning,WARN: Low flow rate detected
2026-06-21 22:00:00+00:00,0.6314646399999999,VALID,0.5935980000000001,VALID,13.8,VALID,Warning,WARN: Low flow rate detected
2026-06-21 23:00:00+00:00,0.62863296,VALID,0.592836,VALID,13.8,VALID,Warning,WARN: Low flow rate detected
2026-06-22 00:00:00+00:00,0.62580128,VALID,0.592074,VALID,13.7,VALID,Warning,WARN: Low flow rate detected
2026-06-22 01:00:00+00:00,0.6229696,VALID,0.5913120000000001,VALID,13.6,VALID,Warning,WARN: Low flow rate detected
2026-06-22 02:00:00+00:00,0.6229696,VALID,0.5913120000000001,VALID,13.7,VALID,Warning,WARN: Low flow rate detected
2026-06-22 03:00:00+00:00,0.61943,VALID,0.59055,VALID,13.6,VALID,Warning,WARN: Low flow rate detected
2026-06-22 04:00:00+00:00,0.6229696,VALID,0.5913120000000001,VALID,13.1,VALID,Warning,WARN: Low flow rate detected
2026-06-22 05:00:00+00:00,0.61943,VALID,0.59055,VALID,13.0,VALID,Warning,WARN: Low flow rate detected
2026-06-22 06:00:00+00:00,0.6229696,VALID,0.5913120000000001,VALID,13.0,VALID,Warning,WARN: Low flow rate detected
2026-06-22 07:00:00+00:00,0.6229696,VALID,0.5913120000000001,VALID,13.0,VALID,Warning,WARN: Low flow rate detected
2026-06-22 08:00:00+00:00,0.6229696,VALID,0.5913120000000001,VALID,12.9,VALID,Warning,WARN: Low flow rate detected
2026-06-22 09:00:00+00:00,0.6314646399999999,VALID,0.5935980000000001,VALID,12.9,VALID,Warning,WARN: Low flow rate detected
2026-06-22 10:00:00+00:00,0.62863296,VALID,0.592836,VALID,12.9,VALID,Warning,WARN: Low flow rate detected
2026-06-22 11:00:00+00:00,0.62863296,VALID,0.592836,VALID,12.9,VALID,Warning,WARN: Low flow rate detected
2026-06-22 12:00:00+00:00,0.6342963199999999,VALID,0.59436,VALID,12.8,VALID,Warning,WARN: Low flow rate detected
2026-06-22 13:00:00+00:00,0.6314646399999999,VALID,0.5935980000000001,VALID,12.8,VALID,Warning,WARN: Low flow rate detected
2026-06-22 14:00:00+00:00,0.62863296,VALID,0.592836,VALID,12.8,VALID,Warning,WARN: Low flow rate detected
2026-06-22 15:00:00+00:00,0.6371279999999999,VALID,0.595122,VALID,13.7,VALID,Warning,WARN: Low flow rate detected
2026-06-22 16:00:00+00:00,0.6342963199999999,VALID,0.59436,VALID,14.2,VALID,Warning,WARN: Low flow rate detected
2026-06-22 17:00:00+00:00,0.64562304,VALID,0.597408,VALID,13.4,VALID,Warning,WARN: Low flow rate detected
2026-06-22 18:00:00+00:00,0.64987056,VALID,0.5981700000000001,VALID,14.0,VALID,Warning,WARN: Low flow rate detected
2026-06-22 19:00:00+00:00,0.64562304,VALID,0.597408,VALID,14.0,VALID,Warning,WARN: Low flow rate detected
2026-06-22 20:00:00+00:00,0.64987056,VALID,0.5981700000000001,VALID,13.9,VALID,Warning,WARN: Low flow rate detected
2026-06-22 21:00:00+00:00,0.64987056,VALID,0.5981700000000001,VALID,13.9,VALID,Warning,WARN: Low flow rate detected
2026-06-22 22:00:00+00:00,0.64987056,VALID,0.5981700000000001,VALID,13.8,VALID,Warning,WARN: Low flow rate detected
2026-06-22 23:00:00+00:00,0.64279136,VALID,0.596646,VALID,13.8,VALID,Warning,WARN: Low flow rate detected
2026-06-23 00:00:00+00:00,0.64562304,VALID,0.597408,VALID,13.6,VALID,Warning,WARN: Low flow rate detected
2026-06-23 01:00:00+00:00,0.63995968,VALID,0.5958840000000001,VALID,13.6,VALID,Warning,WARN: Low flow rate detected
2026-06-23 02:00:00+00:00,0.64279136,VALID,0.596646,VALID,13.7,VALID,Warning,WARN: Low flow rate detected
2026-06-23 03:00:00+00:00,0.64279136,VALID,0.596646,VALID,13.6,VALID,Warning,WARN: Low flow rate detected
2026-06-23 04:00:00+00:00,0.64562304,VALID,0.597408,VALID,13.1,VALID,Warning,WARN: Low flow rate detected
2026-06-23 05:00:00+00:00,0.64562304,VALID,0.597408,VALID,13.0,VALID,Warning,WARN: Low flow rate detected
2026-06-23 06:00:00+00:00,0.64987056,VALID,0.5981700000000001,VALID,13.0,VALID,Warning,WARN: Low flow rate detected
2026-06-23 07:00:00+00:00,0.6583656,VALID,0.599694,VALID,13.0,VALID,Warning,WARN: Low flow rate detected
2026-06-23 08:00:00+00:00,0.6626131199999999,VALID,0.600456,VALID,12.9,VALID,Warning,WARN: Low flow rate detected
2026-06-23 09:00:00+00:00,0.6661527199999999,VALID,0.601218,VALID,12.9,VALID,Warning,WARN: Low flow rate detected
2026-06-23 10:00:00+00:00,0.6626131199999999,VALID,0.600456,VALID,12.9,VALID,Warning,WARN: Low flow rate detected
2026-06-23 11:00:00+00:00,0.6626131199999999,VALID,0.600456,VALID,12.9,VALID,Warning,WARN: Low flow rate detected
2026-06-23 12:00:00+00:00,0.6626131199999999,VALID,0.600456,VALID,12.8,VALID,Warning,WARN: Low flow rate detected
2026-06-23 13:00:00+00:00,0.6661527199999999,VALID,0.601218,VALID,12.8,VALID,Warning,WARN: Low flow rate detected
2026-06-23 14:00:00+00:00,0.6661527199999999,VALID,0.601218,VALID,12.8,VALID,Warning,WARN: Low flow rate detected
2026-06-23 15:00:00+00:00,0.6626131199999999,VALID,0.600456,VALID,13.4,VALID,Warning,WARN: Low flow rate detected
2026-06-23 16:00:00+00:00,0.6654448,VALID,0.601218,VALID,14.1,VALID,Warning,WARN: Low flow rate detected
2026-06-23 17:00:00+00:00,0.6626131199999999,VALID,0.600456,VALID,13.9,VALID,Warning,WARN: Low flow rate detected
2026-06-23 18:00:00+00:00,0.64562304,VALID,0.597408,VALID,14.0,VALID,Warning,WARN: Low flow rate detected
2026-06-23 19:00:00+00:00,0.6342963199999999,VALID,0.59436,VALID,13.9,VALID,Warning,WARN: Low flow rate detected
2026-06-23 20:00:00+00:00,0.6342963199999999,VALID,0.59436,VALID,13.9,VALID,Warning,WARN: Low flow rate detected
2026-06-23 21:00:00+00:00,0.6314646399999999,VALID,0.5935980000000001,VALID,13.8,VALID,Warning,WARN: Low flow rate detected
2026-06-23 22:00:00+00:00,0.62863296,VALID,0.592836,VALID,13.8,VALID,Warning,WARN: Low flow rate detected
2026-06-23 23:00:00+00:00,0.62580128,VALID,0.592074,VALID,13.7,VALID,Warning,WARN: Low flow rate detected
2026-06-24 00:00:00+00:00,0.6229696,VALID,0.5913120000000001,VALID,13.6,VALID,Warning,WARN: Low flow rate detected
2026-06-24 01:00:00+00:00,0.62580128,VALID,0.592074,VALID,13.5,VALID,Warning,WARN: Low flow rate detected
2026-06-24 02:00:00+00:00,0.62580128,VALID,0.592074,VALID,13.6,VALID,Warning,WARN: Low flow rate detected
2026-06-24 03:00:00+00:00,0.62580128,VALID,0.592074,VALID,13.4,VALID,Warning,WARN: Low flow rate detected
2026-06-24 04:00:00+00:00,0.6342963199999999,VALID,0.59436,VALID,13.1,VALID,Warning,WARN: Low flow rate detected
2026-06-24 05:00:00+00:00,0.6342963199999999,VALID,0.59436,VALID,13.0,VALID,Warning,WARN: Low flow rate detected
2026-06-24 06:00:00+00:00,0.6342963199999999,VALID,0.59436,VALID,13.0,VALID,Warning,WARN: Low flow rate detected
2026-06-24 07:00:00+00:00,0.63995968,VALID,0.5958840000000001,VALID,13.0,VALID,Warning,WARN: Low flow rate detected
2026-06-24 08:00:00+00:00,0.63995968,VALID,0.5958840000000001,VALID,13.0,VALID,Warning,WARN: Low flow rate detected
2026-06-24 09:00:00+00:00,0.64562304,VALID,0.597408,VALID,12.9,VALID,Warning,WARN: Low flow rate detected
2026-06-24 10:00:00+00:00,0.64987056,VALID,0.5981700000000001,VALID,12.9,VALID,Warning,WARN: Low flow rate detected
2026-06-24 11:00:00+00:00,0.64562304,VALID,0.597408,VALID,12.9,VALID,Warning,WARN: Low flow rate detected
2026-06-24 12:00:00+00:00,0.64562304,VALID,0.597408,VALID,12.9,VALID,Warning,WARN: Low flow rate detected
2026-06-24 13:00:00+00:00,0.64987056,VALID,0.5981700000000001,VALID,12.8,VALID,Warning,WARN: Low flow rate detected
2026-06-24 14:00:00+00:00,0.6626131199999999,VALID,0.600456,VALID,12.8,VALID,Warning,WARN: Low flow rate detected
2026-06-24 15:00:00+00:00,0.6583656,VALID,0.599694,VALID,13.5,VALID,Warning,WARN: Low flow rate detected
2026-06-24 16:00:00+00:00,0.6661527199999999,VALID,0.601218,VALID,13.5,VALID,Warning,WARN: Low flow rate detected
2026-06-24 17:00:00+00:00,0.66969232,VALID,0.60198,VALID,13.9,VALID,Warning,WARN: Low flow rate detected
2026-06-24 18:00:00+00:00,0.6512863999999999,VALID,0.59817,VALID,13.8,VALID,Warning,WARN: Low flow rate detected
2026-06-24 19:00:00+00:00,0.6541180799999999,VALID,0.598932,VALID,13.9,VALID,Warning,WARN: Low flow rate detected
2026-06-24 20:00:00+00:00,0.6583656,VALID,0.599694,VALID,14.0,VALID,Warning,WARN: Low flow rate detected
2026-06-24 21:00:00+00:00,0.6619052,VALID,0.600456,VALID,13.9,VALID,Warning,WARN: Low flow rate detected
2026-06-24 22:00:00+00:00,0.6626131199999999,VALID,0.600456,VALID,13.9,VALID,Warning,WARN: Low flow rate detected
2026-06-24 23:00:00+00:00,0.6619052,VALID,0.600456,VALID,13.8,VALID,Warning,WARN: Low flow rate detected
2026-06-25 00:00:00+00:00,0.6583656,VALID,0.599694,VALID,13.8,VALID,Warning,WARN: Low flow rate detected
2026-06-25 01:00:00+00:00,0.64987056,VALID,0.5981700000000001,VALID,13.8,VALID,Warning,WARN: Low flow rate detected
2026-06-25 02:00:00+00:00,0.6541180799999999,VALID,0.598932,VALID,13.7,VALID,Warning,WARN: Low flow rate detected
2026-06-25 03:00:00+00:00,0.64987056,VALID,0.5981700000000001,VALID,13.6,VALID,Warning,WARN: Low flow rate detected
2026-06-25 04:00:00+00:00,0.64987056,VALID,0.5981700000000001,VALID,13.1,VALID,Warning,WARN: Low flow rate detected
2026-06-25 05:00:00+00:00,0.6583656,VALID,0.599694,VALID,13.0,VALID,Warning,WARN: Low flow rate detected
2026-06-25 06:00:00+00:00,0.6583656,VALID,0.599694,VALID,13.0,VALID,Warning,WARN: Low flow rate detected
2026-06-25 07:00:00+00:00,0.6583656,VALID,0.599694,VALID,13.0,VALID,Warning,WARN: Low flow rate detected
2026-06-25 08:00:00+00:00,0.6626131199999999,VALID,0.600456,VALID,13.0,VALID,Warning,WARN: Low flow rate detected
2026-06-25 09:00:00+00:00,0.6661527199999999,VALID,0.601218,VALID,12.9,VALID,Warning,WARN: Low flow rate detected
2026-06-25 10:00:00+00:00,0.6626131199999999,VALID,0.600456,VALID,12.9,VALID,Warning,WARN: Low flow rate detected
2026-06-25 11:00:00+00:00,0.67323192,VALID,0.602742,VALID,12.9,VALID,Warning,WARN: Low flow rate detected
2026-06-25 12:00:00+00:00,0.67677152,VALID,0.603504,VALID,12.9,VALID,Warning,WARN: Low flow rate detected
2026-06-25 13:00:00+00:00,0.68101904,VALID,0.604266,VALID,12.8,VALID,Warning,WARN: Low flow rate detected
2026-06-25 14:00:00+00:00,0.68526656,VALID,0.605028,VALID,12.9,VALID,Warning,WARN: Low flow rate detected
2026-06-25 15:00:00+00:00,0.68526656,VALID,0.605028,VALID,13.4,VALID,Warning,WARN: Low flow rate detected
2026-06-25 16:00:00+00:00,0.6937616,VALID,0.606552,VALID,13.6,VALID,Warning,WARN: Low flow rate detected
2026-06-25 17:00:00+00:00,0.6937616,VALID,0.606552,VALID,13.6,VALID,Warning,WARN: Low flow rate detected
2026-06-25 18:00:00+00:00,0.68526656,VALID,0.605028,VALID,14.0,VALID,Warning,WARN: Low flow rate detected
2026-06-25 19:00:00+00:00,0.67677152,VALID,0.603504,VALID,14.0,VALID,Warning,WARN: Low flow rate detected
2026-06-25 20:00:00+00:00,0.67323192,VALID,0.602742,VALID,13.9,VALID,Warning,WARN: Low flow rate detected
2026-06-25 21:00:00+00:00,0.66969232,VALID,0.60198,VALID,13.8,VALID,Warning,WARN: Low flow rate detected
2026-06-25 22:00:00+00:00,0.67323192,VALID,0.602742,VALID,13.8,VALID,Warning,WARN: Low flow rate detected
2026-06-25 23:00:00+00:00,0.67323192,VALID,0.602742,VALID,13.7,VALID,Warning,WARN: Low flow rate detected
2026-06-26 00:00:00+00:00,0.67323192,VALID,0.602742,VALID,13.7,VALID,Warning,WARN: Low flow rate detected
2026-06-26 01:00:00+00:00,0.6661527199999999,VALID,0.601218,VALID,13.7,VALID,Warning,WARN: Low flow rate detected
2026-06-26 02:00:00+00:00,0.6661527199999999,VALID,0.601218,VALID,13.7,VALID,Warning,WARN: Low flow rate detected
2026-06-26 03:00:00+00:00,0.6661527199999999,VALID,0.601218,VALID,13.6,VALID,Warning,WARN: Low flow rate detected
2026-06-26 04:00:00+00:00,0.6661527199999999,VALID,0.601218,VALID,13.1,VALID,Warning,WARN: Low flow rate detected
2026-06-26 05:00:00+00:00,0.67323192,VALID,0.602742,VALID,13.0,VALID,Warning,WARN: Low flow rate detected
2026-06-26 06:00:00+00:00,0.67677152,VALID,0.603504,VALID,13.0,VALID,Warning,WARN: Low flow rate detected
2026-06-26 07:00:00+00:00,0.68101904,VALID,0.604266,VALID,13.0,VALID,Warning,WARN: Low flow rate detected
2026-06-26 08:00:00+00:00,0.6895140799999999,VALID,0.60579,VALID,13.0,VALID,Warning,WARN: Low flow rate detected
2026-06-26 09:00:00+00:00,0.6895140799999999,VALID,0.60579,VALID,12.9,VALID,Warning,WARN: Low flow rate detected
2026-06-26 10:00:00+00:00,0.6937616,VALID,0.606552,VALID,12.9,VALID,Warning,WARN: Low flow rate detected
2026-06-26 11:00:00+00:00,0.6937616,VALID,0.606552,VALID,12.9,VALID,Warning,WARN: Low flow rate detected
2026-06-26 12:00:00+00:00,0.7065041599999999,VALID,0.608838,VALID,12.8,VALID,Warning,WARN: Low flow rate detected
2026-06-26 13:00:00+00:00,0.69800912,VALID,0.607314,VALID,12.8,VALID,Warning,WARN: Low flow rate detected
2026-06-26 14:00:00+00:00,0.70225664,VALID,0.6080760000000001,VALID,12.8,VALID,Warning,WARN: Low flow rate detected
2026-06-26 15:00:00+00:00,0.7065041599999999,VALID,0.608838,VALID,13.7,VALID,Warning,WARN: Low flow rate detected
2026-06-26 16:00:00+00:00,0.6937616,VALID,0.606552,VALID,14.0,VALID,Warning,WARN: Low flow rate detected
2026-06-26 17:00:00+00:00,0.70225664,VALID,0.6080760000000001,VALID,13.8,VALID,Warning,WARN: Low flow rate detected
2026-06-26 18:00:00+00:00,0.70225664,VALID,0.6080760000000001,VALID,14.0,VALID,Warning,WARN: Low flow rate detected
2026-06-26 19:00:00+00:00,0.67677152,VALID,0.603504,VALID,13.8,VALID,Warning,WARN: Low flow rate detected
2026-06-26 20:00:00+00:00,0.66969232,VALID,0.60198,VALID,14.0,VALID,Warning,WARN: Low flow rate detected
2026-06-26 21:00:00+00:00,0.66969232,VALID,0.60198,VALID,14.0,VALID,Warning,WARN: Low flow rate detected
2026-06-26 22:00:00+00:00,0.6774794399999999,VALID,0.603504,VALID,13.8,VALID,Warning,WARN: Low flow rate detected
2026-06-26 23:00:00+00:00,0.66969232,VALID,0.60198,VALID,13.8,VALID,Warning,WARN: Low flow rate detected
2026-06-27 00:00:00+00:00,0.6626131199999999,VALID,0.600456,VALID,13.7,VALID,Warning,WARN: Low flow rate detected
2026-06-27 01:00:00+00:00,0.6583656,VALID,0.599694,VALID,13.7,VALID,Warning,WARN: Low flow rate detected
2026-06-27 02:00:00+00:00,0.6661527199999999,VALID,0.601218,VALID,13.5,VALID,Warning,WARN: Low flow rate detected
2026-06-27 03:00:00+00:00,0.6774794399999999,VALID,0.603504,VALID,13.6,VALID,Warning,WARN: Low flow rate detected
2026-06-27 04:00:00+00:00,0.67677152,VALID,0.603504,VALID,13.1,VALID,Warning,WARN: Low flow rate detected
2026-06-27 05:00:00+00:00,0.68101904,VALID,0.604266,VALID,13.0,VALID,Warning,WARN: Low flow rate detected
2026-06-27 06:00:00+00:00,0.6895140799999999,VALID,0.60579,VALID,13.0,VALID,Warning,WARN: Low flow rate detected
2026-06-27 07:00:00+00:00,0.6937616,VALID,0.606552,VALID,13.0,VALID,Warning,WARN: Low flow rate detected
2026-06-27 08:00:00+00:00,0.6937616,VALID,0.606552,VALID,13.0,VALID,Warning,WARN: Low flow rate detected
2026-06-27 09:00:00+00:00,0.6937616,VALID,0.606552,VALID,12.9,VALID,Warning,WARN: Low flow rate detected
2026-06-27 10:00:00+00:00,0.6937616,VALID,0.606552,VALID,12.9,VALID,Warning,WARN: Low flow rate detected
2026-06-27 11:00:00+00:00,0.6937616,VALID,0.606552,VALID,12.9,VALID,Warning,WARN: Low flow rate detected
2026-06-27 12:00:00+00:00,0.70225664,VALID,0.6080760000000001,VALID,12.8,VALID,Warning,WARN: Low flow rate detected
2026-06-27 13:00:00+00:00,0.69800912,VALID,0.607314,VALID,12.8,VALID,Warning,WARN: Low flow rate detected
2026-06-27 14:00:00+00:00,0.70225664,VALID,0.6080760000000001,VALID,12.8,VALID,Warning,WARN: Low flow rate detected
2026-06-27 15:00:00+00:00,0.7065041599999999,VALID,0.608838,VALID,13.6,VALID,Warning,WARN: Low flow rate detected
2026-06-27 16:00:00+00:00,0.7065041599999999,VALID,0.608838,VALID,14.1,VALID,Warning,WARN: Low flow rate detected
2026-06-27 17:00:00+00:00,0.70225664,VALID,0.6080760000000001,VALID,13.8,VALID,Warning,WARN: Low flow rate detected
2026-06-27 18:00:00+00:00,0.6937616,VALID,0.606552,VALID,13.9,VALID,Warning,WARN: Low flow rate detected
2026-06-27 19:00:00+00:00,0.68101904,VALID,0.604266,VALID,14.0,VALID,Warning,WARN: Low flow rate detected
2026-06-27 20:00:00+00:00,0.6937616,VALID,0.606552,VALID,13.9,VALID,Warning,WARN: Low flow rate detected
2026-06-27 21:00:00+00:00,0.6895140799999999,VALID,0.60579,VALID,13.9,VALID,Warning,WARN: Low flow rate detected
2026-06-27 22:00:00+00:00,0.69800912,VALID,0.607314,VALID,13.8,VALID,Warning,WARN: Low flow rate detected
2026-06-27 23:00:00+00:00,0.6895140799999999,VALID,0.60579,VALID,13.8,VALID,Warning,WARN: Low flow rate detected
2026-06-28 00:00:00+00:00,0.6895140799999999,VALID,0.60579,VALID,13.8,VALID,Warning,WARN: Low flow rate detected
2026-06-28 01:00:00+00:00,0.67323192,VALID,0.602742,VALID,13.7,VALID,Warning,WARN: Low flow rate detected
2026-06-28 02:00:00+00:00,0.67323192,VALID,0.602742,VALID,13.7,VALID,Warning,WARN: Low flow rate detected
2026-06-28 03:00:00+00:00,0.67323192,VALID,0.602742,VALID,13.6,VALID,Warning,WARN: Low flow rate detected
2026-06-28 04:00:00+00:00,0.67677152,VALID,0.603504,VALID,13.1,VALID,Warning,WARN: Low flow rate detected
2026-06-28 05:00:00+00:00,0.67677152,VALID,0.603504,VALID,13.0,VALID,Warning,WARN: Low flow rate detected
2026-06-28 06:00:00+00:00,0.67677152,VALID,0.603504,VALID,13.0,VALID,Warning,WARN: Low flow rate detected
2026-06-28 07:00:00+00:00,0.67677152,VALID,0.603504,VALID,13.0,VALID,Warning,WARN: Low flow rate detected
2026-06-28 08:00:00+00:00,0.68101904,VALID,0.604266,VALID,13.0,VALID,Warning,WARN: Low flow rate detected
2026-06-28 09:00:00+00:00,0.6895140799999999,VALID,0.60579,VALID,12.9,VALID,Warning,WARN: Low flow rate detected
2026-06-28 10:00:00+00:00,0.68526656,VALID,0.605028,VALID,12.9,VALID,Warning,WARN: Low flow rate detected
2026-06-28 11:00:00+00:00,0.6937616,VALID,0.606552,VALID,12.9,VALID,Warning,WARN: Low flow rate detected
2026-06-28 12:00:00+00:00,0.6937616,VALID,0.606552,VALID,12.8,VALID,Warning,WARN: Low flow rate detected
2026-06-28 13:00:00+00:00,0.6937616,VALID,0.606552,VALID,12.8,VALID,Warning,WARN: Low flow rate detected
2026-06-28 14:00:00+00:00,0.6937616,VALID,0.606552,VALID,12.8,VALID,Warning,WARN: Low flow rate detected
2026-06-28 15:00:00+00:00,0.6937616,VALID,0.606552,VALID,13.6,VALID,Warning,WARN: Low flow rate detected
2026-06-28 16:00:00+00:00,0.6937616,VALID,0.606552,VALID,14.0,VALID,Warning,WARN: Low flow rate detected
2026-06-28 17:00:00+00:00,0.6895140799999999,VALID,0.60579,VALID,13.4,VALID,Warning,WARN: Low flow rate detected
2026-06-28 18:00:00+00:00,0.6895140799999999,VALID,0.60579,VALID,13.9,VALID,Warning,WARN: Low flow rate detected
2026-06-28 19:00:00+00:00,0.68526656,VALID,0.605028,VALID,14.0,VALID,Warning,WARN: Low flow rate detected
2026-06-28 20:00:00+00:00,0.66969232,VALID,0.60198,VALID,14.0,VALID,Warning,WARN: Low flow rate detected
2026-06-28 21:00:00+00:00,0.68101904,VALID,0.604266,VALID,13.9,VALID,Warning,WARN: Low flow rate detected
2026-06-28 22:00:00+00:00,0.6619052,VALID,0.600456,VALID,13.9,VALID,Warning,WARN: Low flow rate detected
2026-06-28 23:00:00+00:00,0.6541180799999999,VALID,0.598932,VALID,13.8,VALID,Warning,WARN: Low flow rate detected
2026-06-29 00:00:00+00:00,0.64562304,VALID,0.597408,VALID,13.8,VALID,Warning,WARN: Low flow rate detected
2026-06-29 01:00:00+00:00,0.63995968,VALID,0.5958840000000001,VALID,13.8,VALID,Warning,WARN: Low flow rate detected
2026-06-29 02:00:00+00:00,0.6371279999999999,VALID,0.595122,VALID,13.8,VALID,Warning,WARN: Low flow rate detected
2026-06-29 03:00:00+00:00,0.6371279999999999,VALID,0.595122,VALID,13.7,VALID,Warning,WARN: Low flow rate detected
2026-06-29 04:00:00+00:00,0.63995968,VALID,0.5958840000000001,VALID,13.1,VALID,Warning,WARN: Low flow rate detected
2026-06-29 05:00:00+00:00,0.64562304,VALID,0.597408,VALID,13.0,VALID,Warning,WARN: Low flow rate detected
2026-06-29 06:00:00+00:00,0.64987056,VALID,0.5981700000000001,VALID,13.0,VALID,Warning,WARN: Low flow rate detected
2026-06-29 07:00:00+00:00,0.6541180799999999,VALID,0.598932,VALID,13.0,VALID,Warning,WARN: Low flow rate detected
2026-06-29 08:00:00+00:00,0.6583656,VALID,0.599694,VALID,12.9,VALID,Warning,WARN: Low flow rate detected
2026-06-29 09:00:00+00:00,0.6626131199999999,VALID,0.600456,VALID,12.9,VALID,Warning,WARN: Low flow rate detected
2026-06-29 10:00:00+00:00,0.6661527199999999,VALID,0.601218,VALID,12.9,VALID,Warning,WARN: Low flow rate detected
2026-06-29 11:00:00+00:00,0.6661527199999999,VALID,0.601218,VALID,12.8,VALID,Warning,WARN: Low flow rate detected
2026-06-29 12:00:00+00:00,0.6661527199999999,VALID,0.601218,VALID,12.8,VALID,Warning,WARN: Low flow rate detected
2026-06-29 13:00:00+00:00,0.67323192,VALID,0.602742,VALID,12.8,VALID,Warning,WARN: Low flow rate detected
2026-06-29 14:00:00+00:00,0.66969232,VALID,0.60198,VALID,12.7,VALID,Warning,WARN: Low flow rate detected
2026-06-29 15:00:00+00:00,0.67323192,VALID,0.602742,VALID,13.6,VALID,Warning,WARN: Low flow rate detected
2026-06-29 16:00:00+00:00,0.66969232,VALID,0.60198,VALID,14.2,VALID,Warning,WARN: Low flow rate detected
2026-06-29 17:00:00+00:00,0.6661527199999999,VALID,0.601218,VALID,14.0,VALID,Warning,WARN: Low flow rate detected
2026-06-29 18:00:00+00:00,0.6661527199999999,VALID,0.601218,VALID,14.0,VALID,Warning,WARN: Low flow rate detected
2026-06-29 19:00:00+00:00,0.6626131199999999,VALID,0.600456,VALID,14.0,VALID,Warning,WARN: Low flow rate detected
2026-06-29 20:00:00+00:00,0.6626131199999999,VALID,0.600456,VALID,14.0,VALID,Warning,WARN: Low flow rate detected
2026-06-29 21:00:00+00:00,0.6583656,VALID,0.599694,VALID,14.0,VALID,Warning,WARN: Low flow rate detected
2026-06-29 22:00:00+00:00,0.6583656,VALID,0.599694,VALID,13.9,VALID,Warning,WARN: Low flow rate detected
2026-06-29 23:00:00+00:00,0.64987056,VALID,0.5981700000000001,VALID,13.9,VALID,Warning,WARN: Low flow rate detected
2026-06-30 00:00:00+00:00,0.64562304,VALID,0.597408,VALID,13.8,VALID,Warning,WARN: Low flow rate detected
2026-06-30 01:00:00+00:00,0.63995968,VALID,0.5958840000000001,VALID,13.8,VALID,Warning,WARN: Low flow rate detected
2026-06-30 02:00:00+00:00,0.63995968,VALID,0.5958840000000001,VALID,13.8,VALID,Warning,WARN: Low flow rate detected
2026-06-30 03:00:00+00:00,0.63995968,VALID,0.5958840000000001,VALID,13.6,VALID,Warning,WARN: Low flow rate detected
2026-06-30 04:00:00+00:00,0.64703888,VALID,0.597408,VALID,13.1,VALID,Warning,WARN: Low flow rate detected
2026-06-30 05:00:00+00:00,0.64562304,VALID,0.597408,VALID,13.0,VALID,Warning,WARN: Low flow rate detected
2026-06-30 06:00:00+00:00,0.64987056,VALID,0.5981700000000001,VALID,13.0,VALID,Warning,WARN: Low flow rate detected
2026-06-30 07:00:00+00:00,0.6541180799999999,VALID,0.598932,VALID,13.0,VALID,Warning,WARN: Low flow rate detected
2026-06-30 08:00:00+00:00,0.6626131199999999,VALID,0.600456,VALID,12.9,VALID,Warning,WARN: Low flow rate detected
2026-06-30 09:00:00+00:00,0.6626131199999999,VALID,0.600456,VALID,12.9,VALID,Warning,WARN: Low flow rate detected
2026-06-30 10:00:00+00:00,0.6626131199999999,VALID,0.600456,VALID,12.9,VALID,Warning,WARN: Low flow rate detected
2026-06-30 11:00:00+00:00,0.6661527199999999,VALID,0.601218,VALID,12.9,VALID,Warning,WARN: Low flow rate detected
2026-06-30 12:00:00+00:00,0.67323192,VALID,0.602742,VALID,12.8,VALID,Warning,WARN: Low flow rate detected
2026-06-30 13:00:00+00:00,0.67677152,VALID,0.603504,VALID,12.8,VALID,Warning,WARN: Low flow rate detected
2026-06-30 14:00:00+00:00,0.67677152,VALID,0.603504,VALID,12.7,VALID,Warning,WARN: Low flow rate detected
2026-06-30 15:00:00+00:00,0.67323192,VALID,0.602742,VALID,13.6,VALID,Warning,WARN: Low flow rate detected
2026-06-30 16:00:00+00:00,0.6661527199999999,VALID,0.601218,VALID,14.2,VALID,Warning,WARN: Low flow rate detected
2026-06-30 17:00:00+00:00,0.6774794399999999,VALID,0.603504,VALID,13.9,VALID,Warning,WARN: Low flow rate detected
2026-06-30 18:00:00+00:00,0.67323192,VALID,0.602742,VALID,14.0,VALID,Warning,WARN: Low flow rate detected
2026-06-30 19:00:00+00:00,0.6626131199999999,VALID,0.600456,VALID,14.0,VALID,Warning,WARN: Low flow rate detected
2026-06-30 20:00:00+00:00,0.6583656,VALID,0.599694,VALID,14.0,VALID,Warning,WARN: Low flow rate detected
2026-06-30 21:00:00+00:00,0.64279136,VALID,0.596646,VALID,14.0,VALID,Warning,WARN: Low flow rate detected
2026-06-30 22:00:00+00:00,0.64279136,VALID,0.596646,VALID,13.9,VALID,Warning,WARN: Low flow rate detected
2026-06-30 23:00:00+00:00,0.64562304,VALID,0.597408,VALID,13.9,VALID,Warning,WARN: Low flow rate detected
2026-07-01 00:00:00+00:00,0.6371279999999999,VALID,0.595122,VALID,13.8,VALID,Warning,WARN: Low flow rate detected
2026-07-01 01:00:00+00:00,0.6371279999999999,VALID,0.595122,VALID,13.8,VALID,Warning,WARN: Low flow rate detected
2026-07-01 02:00:00+00:00,0.64279136,VALID,0.596646,VALID,13.8,VALID,Warning,WARN: Low flow rate detected
2026-07-01 03:00:00+00:00,0.63995968,VALID,0.5958840000000001,VALID,13.7,VALID,Warning,WARN: Low flow rate detected
2026-07-01 04:00:00+00:00,0.64987056,VALID,0.5981700000000001,VALID,13.1,VALID,Warning,WARN: Low flow rate detected
2026-07-01 05:00:00+00:00,0.6583656,VALID,0.599694,VALID,13.0,VALID,Warning,WARN: Low flow rate detected
2026-07-01 06:00:00+00:00,0.6626131199999999,VALID,0.600456,VALID,13.0,VALID,Warning,WARN: Low flow rate detected
2026-07-01 07:00:00+00:00,0.6626131199999999,VALID,0.600456,VALID,13.0,VALID,Warning,WARN: Low flow rate detected
2026-07-01 08:00:00+00:00,0.6661527199999999,VALID,0.601218,VALID,12.9,VALID,Warning,WARN: Low flow rate detected
2026-07-01 09:00:00+00:00,0.66969232,VALID,0.60198,VALID,12.9,VALID,Warning,WARN: Low flow rate detected
2026-07-01 10:00:00+00:00,0.67677152,VALID,0.603504,VALID,12.9,VALID,Warning,WARN: Low flow rate detected
2026-07-01 11:00:00+00:00,0.67677152,VALID,0.603504,VALID,12.8,VALID,Warning,WARN: Low flow rate detected
2026-07-01 12:00:00+00:00,0.67677152,VALID,0.603504,VALID,12.8,VALID,Warning,WARN: Low flow rate detected
2026-07-01 13:00:00+00:00,0.67677152,VALID,0.603504,VALID,12.8,VALID,Warning,WARN: Low flow rate detected
2026-07-01 14:00:00+00:00,0.67323192,VALID,0.602742,VALID,12.8,VALID,Warning,WARN: Low flow rate detected
2026-07-01 15:00:00+00:00,0.66969232,VALID,0.60198,VALID,13.6,VALID,Warning,WARN: Low flow rate detected
2026-07-01 16:00:00+00:00,0.67677152,VALID,0.603504,VALID,14.2,VALID,Warning,WARN: Low flow rate detected
2026-07-01 17:00:00+00:00,0.66969232,VALID,0.60198,VALID,13.5,VALID,Warning,WARN: Low flow rate detected
2026-07-01 18:00:00+00:00,0.67393984,VALID,0.602742,VALID,14.0,VALID,Warning,WARN: Low flow rate detected
2026-07-01 19:00:00+00:00,0.6661527199999999,VALID,0.601218,VALID,14.0,VALID,Warning,WARN: Low flow rate detected
2026-07-01 20:00:00+00:00,0.6661527199999999,VALID,0.601218,VALID,14.0,VALID,Warning,WARN: Low flow rate detected
2026-07-01 21:00:00+00:00,0.6661527199999999,VALID,0.601218,VALID,14.0,VALID,Warning,WARN: Low flow rate detected
2026-07-01 22:00:00+00:00,0.6661527199999999,VALID,0.601218,VALID,13.9,VALID,Warning,WARN: Low flow rate detected
2026-07-01 23:00:00+00:00,0.6626131199999999,VALID,0.600456,VALID,13.8,VALID,Warning,WARN: Low flow rate detected
2026-07-02 00:00:00+00:00,0.6626131199999999,VALID,0.600456,VALID,13.8,VALID,Warning,WARN: Low flow rate detected
2026-07-02 01:00:00+00:00,0.64987056,VALID,0.5981700000000001,VALID,13.7,VALID,Warning,WARN: Low flow rate detected
2026-07-02 02:00:00+00:00,0.64987056,VALID,0.5981700000000001,VALID,13.8,VALID,Warning,WARN: Low flow rate detected
2026-07-02 03:00:00+00:00,0.64562304,VALID,0.597408,VALID,13.6,VALID,Warning,WARN: Low flow rate detected
2026-07-02 04:00:00+00:00,0.64562304,VALID,0.597408,VALID,13.1,VALID,Warning,WARN: Low flow rate detected
2026-07-02 05:00:00+00:00,0.64987056,VALID,0.5981700000000001,VALID,13.0,VALID,Warning,WARN: Low flow rate detected
2026-07-02 06:00:00+00:00,0.64987056,VALID,0.5981700000000001,VALID,13.0,VALID,Warning,WARN: Low flow rate detected
2026-07-02 07:00:00+00:00,0.64987056,VALID,0.5981700000000001,VALID,13.0,VALID,Warning,WARN: Low flow rate detected
2026-07-02 08:00:00+00:00,0.6541180799999999,VALID,0.598932,VALID,12.9,VALID,Warning,WARN: Low flow rate detected
2026-07-02 09:00:00+00:00,0.6541180799999999,VALID,0.598932,VALID,12.9,VALID,Warning,WARN: Low flow rate detected
2026-07-02 10:00:00+00:00,0.6626131199999999,VALID,0.600456,VALID,12.9,VALID,Warning,WARN: Low flow rate detected
2026-07-02 11:00:00+00:00,0.6626131199999999,VALID,0.600456,VALID,12.9,VALID,Warning,WARN: Low flow rate detected
2026-07-02 12:00:00+00:00,0.67677152,VALID,0.603504,VALID,12.8,VALID,Warning,WARN: Low flow rate detected
2026-07-02 13:00:00+00:00,0.67677152,VALID,0.603504,VALID,12.8,VALID,Warning,WARN: Low flow rate detected
2026-07-02 14:00:00+00:00,0.66969232,VALID,0.60198,VALID,12.7,VALID,Warning,WARN: Low flow rate detected
2026-07-02 15:00:00+00:00,0.6661527199999999,VALID,0.601218,VALID,13.6,VALID,Warning,WARN: Low flow rate detected
2026-07-02 16:00:00+00:00,0.6626131199999999,VALID,0.600456,VALID,14.2,VALID,Warning,WARN: Low flow rate detected
2026-07-02 17:00:00+00:00,0.6583656,VALID,0.599694,VALID,14.0,VALID,Warning,WARN: Low flow rate detected
2026-07-02 18:00:00+00:00,0.6626131199999999,VALID,0.600456,VALID,14.0,VALID,Warning,WARN: Low flow rate detected
2026-07-02 19:00:00+00:00,0.6512863999999999,VALID,0.59817,VALID,14.0,VALID,Warning,WARN: Low flow rate detected
2026-07-02 20:00:00+00:00,0.6583656,VALID,0.599694,VALID,14.0,VALID,Warning,WARN: Low flow rate detected
2026-07-02 21:00:00+00:00,0.64562304,VALID,0.597408,VALID,13.9,VALID,Warning,WARN: Low flow rate detected
2026-07-02 22:00:00+00:00,0.64279136,VALID,0.596646,VALID,13.9,VALID,Warning,WARN: Low flow rate detected
2026-07-02 23:00:00+00:00,0.64987056,VALID,0.5981700000000001,VALID,13.8,VALID,Warning,WARN: Low flow rate detected
2026-07-03 00:00:00+00:00,0.64562304,VALID,0.597408,VALID,13.7,VALID,Warning,WARN: Low flow rate detected
2026-07-03 01:00:00+00:00,0.64562304,VALID,0.597408,VALID,13.7,VALID,Warning,WARN: Low flow rate detected
2026-07-03 02:00:00+00:00,0.64562304,VALID,0.597408,VALID,13.7,VALID,Warning,WARN: Low flow rate detected
2026-07-03 03:00:00+00:00,0.64279136,VALID,0.596646,VALID,13.6,VALID,Warning,WARN: Low flow rate detected
2026-07-03 04:00:00+00:00,0.64562304,VALID,0.597408,VALID,13.1,VALID,Warning,WARN: Low flow rate detected
2026-07-03 05:00:00+00:00,0.64987056,VALID,0.5981700000000001,VALID,13.0,VALID,Warning,WARN: Low flow rate detected
2026-07-03 06:00:00+00:00,0.64987056,VALID,0.5981700000000001,VALID,13.0,VALID,Warning,WARN: Low flow rate detected
2026-07-03 07:00:00+00:00,0.6541180799999999,VALID,0.598932,VALID,13.0,VALID,Warning,WARN: Low flow rate detected
2026-07-03 08:00:00+00:00,0.6626131199999999,VALID,0.600456,VALID,12.9,VALID,Warning,WARN: Low flow rate detected
2026-07-03 09:00:00+00:00,0.6626131199999999,VALID,0.600456,VALID,12.9,VALID,Warning,WARN: Low flow rate detected
2026-07-03 10:00:00+00:00,0.6626131199999999,VALID,0.600456,VALID,12.9,VALID,Warning,WARN: Low flow rate detected
2026-07-03 11:00:00+00:00,0.6661527199999999,VALID,0.601218,VALID,12.9,VALID,Warning,WARN: Low flow rate detected
2026-07-03 12:00:00+00:00,0.6626131199999999,VALID,0.600456,VALID,12.8,VALID,Warning,WARN: Low flow rate detected
2026-07-03 13:00:00+00:00,0.6661527199999999,VALID,0.601218,VALID,12.8,VALID,Warning,WARN: Low flow rate detected
2026-07-03 14:00:00+00:00,0.67323192,VALID,0.602742,VALID,12.8,VALID,Warning,WARN: Low flow rate detected
2026-07-03 15:00:00+00:00,0.6626131199999999,VALID,0.600456,VALID,13.6,VALID,Warning,WARN: Low flow rate detected
2026-07-03 16:00:00+00:00,0.6626131199999999,VALID,0.600456,VALID,14.2,VALID,Warning,WARN: Low flow rate detected
2026-07-03 17:00:00+00:00,0.6661527199999999,VALID,0.601218,VALID,14.1,VALID,Warning,WARN: Low flow rate detected
2026-07-03 18:00:00+00:00,0.6626131199999999,VALID,0.600456,VALID,14.0,VALID,Warning,WARN: Low flow rate detected
2026-07-03 19:00:00+00:00,0.6541180799999999,VALID,0.598932,VALID,14.0,VALID,Warning,WARN: Low flow rate detected
2026-07-03 20:00:00+00:00,0.64562304,VALID,0.597408,VALID,14.0,VALID,Warning,WARN: Low flow rate detected
2026-07-03 21:00:00+00:00,0.64562304,VALID,0.597408,VALID,13.9,VALID,Warning,WARN: Low flow rate detected
2026-07-03 22:00:00+00:00,0.6626131199999999,VALID,0.600456,VALID,13.8,VALID,Warning,WARN: Low flow rate detected
2026-07-03 23:00:00+00:00,0.64987056,VALID,0.5981700000000001,VALID,13.8,VALID,Warning,WARN: Low flow rate detected
2026-07-04 00:00:00+00:00,0.6541180799999999,VALID,0.598932,VALID,13.7,VALID,Warning,WARN: Low flow rate detected
2026-07-04 01:00:00+00:00,0.64279136,VALID,0.596646,VALID,13.7,VALID,Warning,WARN: Low flow rate detected
2026-07-04 02:00:00+00:00,0.63995968,VALID,0.5958840000000001,VALID,13.7,VALID,Warning,WARN: Low flow rate detected
2026-07-04 03:00:00+00:00,0.64279136,VALID,0.596646,VALID,13.6,VALID,Warning,WARN: Low flow rate detected
2026-07-04 04:00:00+00:00,0.64279136,VALID,0.596646,VALID,13.1,VALID,Warning,WARN: Low flow rate detected
2026-07-04 05:00:00+00:00,0.64562304,VALID,0.597408,VALID,13.0,VALID,Warning,WARN: Low flow rate detected
2026-07-04 06:00:00+00:00,0.64279136,VALID,0.596646,VALID,13.0,VALID,Warning,WARN: Low flow rate detected
2026-07-04 07:00:00+00:00,0.6541180799999999,VALID,0.598932,VALID,13.0,VALID,Warning,WARN: Low flow rate detected
2026-07-04 08:00:00+00:00,0.6583656,VALID,0.599694,VALID,12.9,VALID,Warning,WARN: Low flow rate detected
2026-07-04 09:00:00+00:00,0.6626131199999999,VALID,0.600456,VALID,12.9,VALID,Warning,WARN: Low flow rate detected
2026-07-04 10:00:00+00:00,0.6626131199999999,VALID,0.600456,VALID,12.9,VALID,Warning,WARN: Low flow rate detected
2026-07-04 11:00:00+00:00,0.6661527199999999,VALID,0.601218,VALID,12.9,VALID,Warning,WARN: Low flow rate detected
2026-07-04 12:00:00+00:00,0.66969232,VALID,0.60198,VALID,12.8,VALID,Warning,WARN: Low flow rate detected
2026-07-04 13:00:00+00:00,0.66969232,VALID,0.60198,VALID,12.8,VALID,Warning,WARN: Low flow rate detected
2026-07-04 14:00:00+00:00,0.67323192,VALID,0.602742,VALID,12.8,VALID,Warning,WARN: Low flow rate detected
2026-07-04 15:00:00+00:00,0.6661527199999999,VALID,0.601218,VALID,13.5,VALID,Warning,WARN: Low flow rate detected
2026-07-04 16:00:00+00:00,0.6661527199999999,VALID,0.601218,VALID,14.1,VALID,Warning,WARN: Low flow rate detected
2026-07-04 17:00:00+00:00,0.6661527199999999,VALID,0.601218,VALID,13.4,VALID,Warning,WARN: Low flow rate detected
2026-07-04 18:00:00+00:00,0.6661527199999999,VALID,0.601218,VALID,14.0,VALID,Warning,WARN: Low flow rate detected
2026-07-04 19:00:00+00:00,0.6541180799999999,VALID,0.598932,VALID,14.0,VALID,Warning,WARN: Low flow rate detected
2026-07-04 20:00:00+00:00,0.64987056,VALID,0.5981700000000001,VALID,13.9,VALID,Warning,WARN: Low flow rate detected
2026-07-04 21:00:00+00:00,0.6342963199999999,VALID,0.59436,VALID,13.9,VALID,Warning,WARN: Low flow rate detected
2026-07-04 22:00:00+00:00,0.6314646399999999,VALID,0.5935980000000001,VALID,13.8,VALID,Warning,WARN: Low flow rate detected
2026-07-04 23:00:00+00:00,0.6342963199999999,VALID,0.59436,VALID,13.7,VALID,Warning,WARN: Low flow rate detected
2026-07-05 00:00:00+00:00,0.6342963199999999,VALID,0.59436,VALID,13.6,VALID,Warning,WARN: Low flow rate detected
2026-07-05 01:00:00+00:00,0.62863296,VALID,0.592836,VALID,13.6,VALID,Warning,WARN: Low flow rate detected
2026-07-05 02:00:00+00:00,0.62580128,VALID,0.592074,VALID,13.7,VALID,Warning,WARN: Low flow rate detected
2026-07-05 03:00:00+00:00,0.6229696,VALID,0.5913120000000001,VALID,13.6,VALID,Warning,WARN: Low flow rate detected
2026-07-05 04:00:00+00:00,0.62580128,VALID,0.592074,VALID,13.1,VALID,Warning,WARN: Low flow rate detected
2026-07-05 05:00:00+00:00,0.62863296,VALID,0.592836,VALID,13.0,VALID,Warning,WARN: Low flow rate detected
2026-07-05 06:00:00+00:00,0.62580128,VALID,0.592074,VALID,13.0,VALID,Warning,WARN: Low flow rate detected
2026-07-05 07:00:00+00:00,0.6229696,VALID,0.5913120000000001,VALID,13.0,VALID,Warning,WARN: Low flow rate detected
2026-07-05 08:00:00+00:00,0.6342963199999999,VALID,0.59436,VALID,13.0,VALID,Warning,WARN: Low flow rate detected
2026-07-05 09:00:00+00:00,0.6342963199999999,VALID,0.59436,VALID,12.9,VALID,Warning,WARN: Low flow rate detected
2026-07-05 10:00:00+00:00,0.6371279999999999,VALID,0.595122,VALID,12.9,VALID,Warning,WARN: Low flow rate detected
2026-07-05 11:00:00+00:00,0.64562304,VALID,0.597408,VALID,12.9,VALID,Warning,WARN: Low flow rate detected
2026-07-05 12:00:00+00:00,0.64562304,VALID,0.597408,VALID,12.9,VALID,Warning,WARN: Low flow rate detected
2026-07-05 13:00:00+00:00,0.64562304,VALID,0.597408,VALID,12.8,VALID,Warning,WARN: Low flow rate detected
2026-07-05 14:00:00+00:00,0.64987056,VALID,0.5981700000000001,VALID,12.8,VALID,Warning,WARN: Low flow rate detected
2026-07-05 15:00:00+00:00,0.6541180799999999,VALID,0.598932,VALID,12.9,VALID,Warning,WARN: Low flow rate detected
2026-07-05 16:00:00+00:00,0.6541180799999999,VALID,0.598932,VALID,13.4,VALID,Warning,WARN: Low flow rate detected
2026-07-05 17:00:00+00:00,0.6583656,VALID,0.599694,VALID,13.9,VALID,Warning,WARN: Low flow rate detected
2026-07-05 18:00:00+00:00,0.64987056,VALID,0.5981700000000001,VALID,14.0,VALID,Warning,WARN: Low flow rate detected
2026-07-05 19:00:00+00:00,0.64562304,VALID,0.597408,VALID,14.0,VALID,Warning,WARN: Low flow rate detected
2026-07-05 20:00:00+00:00,0.64279136,VALID,0.596646,VALID,13.9,VALID,Warning,WARN: Low flow rate detected
2026-07-05 21:00:00+00:00,0.6371279999999999,VALID,0.595122,VALID,13.8,VALID,Warning,WARN: Low flow rate detected
2026-07-05 22:00:00+00:00,0.64703888,VALID,0.597408,VALID,13.8,VALID,Warning,WARN: Low flow rate detected
2026-07-05 23:00:00+00:00,0.64703888,VALID,0.597408,VALID,13.7,VALID,Warning,WARN: Low flow rate detected
2026-07-06 00:00:00+00:00,0.6371279999999999,VALID,0.595122,VALID,13.7,VALID,Warning,WARN: Low flow rate detected
2026-07-06 01:00:00+00:00,0.62863296,VALID,0.592836,VALID,13.6,VALID,Warning,WARN: Low flow rate detected
2026-07-06 02:00:00+00:00,0.6229696,VALID,0.5913120000000001,VALID,13.6,VALID,Warning,WARN: Low flow rate detected
2026-07-06 03:00:00+00:00,0.6229696,VALID,0.5913120000000001,VALID,13.5,VALID,Warning,WARN: Low flow rate detected
2026-07-06 04:00:00+00:00,0.62863296,VALID,0.592836,VALID,13.1,VALID,Warning,WARN: Low flow rate detected
2026-07-06 05:00:00+00:00,0.6229696,VALID,0.5913120000000001,VALID,13.0,VALID,Warning,WARN: Low flow rate detected
2026-07-06 06:00:00+00:00,0.6342963199999999,VALID,0.59436,VALID,13.0,VALID,Warning,WARN: Low flow rate detected
2026-07-06 07:00:00+00:00,0.6314646399999999,VALID,0.5935980000000001,VALID,13.0,VALID,Warning,WARN: Low flow rate detected
2026-07-06 08:00:00+00:00,0.6371279999999999,VALID,0.595122,VALID,12.9,VALID,Warning,WARN: Low flow rate detected
2026-07-06 09:00:00+00:00,0.6371279999999999,VALID,0.595122,VALID,12.9,VALID,Warning,WARN: Low flow rate detected
2026-07-06 10:00:00+00:00,0.64987056,VALID,0.5981700000000001,VALID,12.9,VALID,Warning,WARN: Low flow rate detected
2026-07-06 11:00:00+00:00,0.64562304,VALID,0.597408,VALID,12.9,VALID,Warning,WARN: Low flow rate detected
2026-07-06 12:00:00+00:00,0.6583656,VALID,0.599694,VALID,12.9,VALID,Warning,WARN: Low flow rate detected
2026-07-06 13:00:00+00:00,0.64987056,VALID,0.5981700000000001,VALID,12.8,VALID,Warning,WARN: Low flow rate detected
2026-07-06 14:00:00+00:00,0.6583656,VALID,0.599694,VALID,12.8,VALID,Warning,WARN: Low flow rate detected
2026-07-06 15:00:00+00:00,0.64279136,VALID,0.596646,VALID,13.0,VALID,Warning,WARN: Low flow rate detected
2026-07-06 16:00:00+00:00,0.6541180799999999,VALID,0.598932,VALID,14.0,VALID,Warning,WARN: Low flow rate detected
2026-07-06 17:00:00+00:00,0.64987056,VALID,0.5981700000000001,VALID,13.8,VALID,Warning,WARN: Low flow rate detected
2026-07-06 18:00:00+00:00,0.6541180799999999,VALID,0.598932,VALID,13.9,VALID,Warning,WARN: Low flow rate detected
2026-07-06 19:00:00+00:00,0.6541180799999999,VALID,0.598932,VALID,13.9,VALID,Warning,WARN: Low flow rate detected
2026-07-06 20:00:00+00:00,0.64987056,VALID,0.5981700000000001,VALID,13.9,VALID,Warning,WARN: Low flow rate detected
2026-07-06 21:00:00+00:00,0.64279136,VALID,0.596646,VALID,13.8,VALID,Warning,WARN: Low flow rate detected
2026-07-06 22:00:00+00:00,0.64987056,VALID,0.5981700000000001,VALID,13.8,VALID,Warning,WARN: Low flow rate detected
2026-07-06 23:00:00+00:00,0.64562304,VALID,0.597408,VALID,13.7,VALID,Warning,WARN: Low flow rate detected
2026-07-07 00:00:00+00:00,0.64562304,VALID,0.597408,VALID,13.6,VALID,Warning,WARN: Low flow rate detected
2026-07-07 01:00:00+00:00,0.64279136,VALID,0.596646,VALID,13.6,VALID,Warning,WARN: Low flow rate detected
2026-07-07 02:00:00+00:00,0.64562304,VALID,0.597408,VALID,13.6,VALID,Warning,WARN: Low flow rate detected
2026-07-07 03:00:00+00:00,0.64279136,VALID,0.596646,VALID,13.5,VALID,Warning,WARN: Low flow rate detected
2026-07-07 04:00:00+00:00,0.64279136,VALID,0.596646,VALID,13.1,VALID,Warning,WARN: Low flow rate detected
2026-07-07 05:00:00+00:00,0.64562304,VALID,0.597408,VALID,13.0,VALID,Warning,WARN: Low flow rate detected
2026-07-07 06:00:00+00:00,0.64279136,VALID,0.596646,VALID,13.0,VALID,Warning,WARN: Low flow rate detected
2026-07-07 07:00:00+00:00,0.64562304,VALID,0.597408,VALID,13.0,VALID,Warning,WARN: Low flow rate detected
2026-07-07 08:00:00+00:00,0.64562304,VALID,0.597408,VALID,12.9,VALID,Warning,WARN: Low flow rate detected
2026-07-07 09:00:00+00:00,0.64562304,VALID,0.597408,VALID,12.9,VALID,Warning,WARN: Low flow rate detected
2026-07-07 10:00:00+00:00,0.64987056,VALID,0.5981700000000001,VALID,12.9,VALID,Warning,WARN: Low flow rate detected
2026-07-07 11:00:00+00:00,0.6541180799999999,VALID,0.598932,VALID,12.9,VALID,Warning,WARN: Low flow rate detected
2026-07-07 12:00:00+00:00,0.6583656,VALID,0.599694,VALID,12.9,VALID,Warning,WARN: Low flow rate detected
2026-07-07 13:00:00+00:00,0.6583656,VALID,0.599694,VALID,12.8,VALID,Warning,WARN: Low flow rate detected
2026-07-07 14:00:00+00:00,0.6626131199999999,VALID,0.600456,VALID,12.8,VALID,Warning,WARN: Low flow rate detected
2026-07-07 15:00:00+00:00,0.6583656,VALID,0.599694,VALID,13.4,VALID,Warning,WARN: Low flow rate detected
2026-07-07 16:00:00+00:00,0.6626131199999999,VALID,0.600456,VALID,14.0,VALID,Warning,WARN: Low flow rate detected
2026-07-07 17:00:00+00:00,0.6442072,VALID,0.596646,VALID,13.4,VALID,Warning,WARN: Low flow rate detected
2026-07-07 18:00:00+00:00,0.64987056,VALID,0.5981700000000001,VALID,13.9,VALID,Warning,WARN: Low flow rate detected
2026-07-07 19:00:00+00:00,0.64279136,VALID,0.596646,VALID,13.9,VALID,Warning,WARN: Low flow rate detected
2026-07-07 20:00:00+00:00,0.6342963199999999,VALID,0.59436,VALID,13.8,VALID,Warning,WARN: Low flow rate detected
2026-07-07 21:00:00+00:00,0.6342963199999999,VALID,0.59436,VALID,13.8,VALID,Warning,WARN: Low flow rate detected
2026-07-07 22:00:00+00:00,0.63146464,VALID,0.5935980000000001,VALID,13.7,VALID,Warning,WARN: Low flow rate detected
2026-07-07 23:00:00+00:00,0.6314646399999999,VALID,0.5935980000000001,VALID,13.7,VALID,Warning,WARN: Low flow rate detected
2026-07-08 00:00:00+00:00,0.6158904000000001,VALID,0.589788,VALID,13.6,VALID,Warning,WARN: Low flow rate detected
2026-07-08 01:00:00+00:00,0.61943,VALID,0.59055,VALID,13.3,VALID,Warning,WARN: Low flow rate detected
2026-07-08 02:00:00+00:00,0.6229696,VALID,0.5913120000000001,VALID,13.7,VALID,Warning,WARN: Low flow rate detected
2026-07-08 03:00:00+00:00,0.6229696,VALID,0.5913120000000001,VALID,13.5,VALID,Warning,WARN: Low flow rate detected
2026-07-08 04:00:00+00:00,0.62863296,VALID,0.592836,VALID,13.0,VALID,Warning,WARN: Low flow rate detected
2026-07-08 05:00:00+00:00,0.6342963199999999,VALID,0.59436,VALID,13.0,VALID,Warning,WARN: Low flow rate detected
2026-07-08 06:00:00+00:00,0.6342963199999999,VALID,0.59436,VALID,13.0,VALID,Warning,WARN: Low flow rate detected
2026-07-08 07:00:00+00:00,0.63995968,VALID,0.5958840000000001,VALID,13.0,VALID,Warning,WARN: Low flow rate detected
2026-07-08 08:00:00+00:00,0.64562304,VALID,0.597408,VALID,13.0,VALID,Warning,WARN: Low flow rate detected
2026-07-08 09:00:00+00:00,0.6541180799999999,VALID,0.598932,VALID,12.9,VALID,Warning,WARN: Low flow rate detected
2026-07-08 10:00:00+00:00,0.6541180799999999,VALID,0.598932,VALID,12.9,VALID,Warning,WARN: Low flow rate detected
2026-07-08 11:00:00+00:00,0.64987056,VALID,0.5981700000000001,VALID,12.9,VALID,Warning,WARN: Low flow rate detected
2026-07-08 12:00:00+00:00,0.6626131199999999,VALID,0.600456,VALID,12.9,VALID,Warning,WARN: Low flow rate detected
2026-07-08 13:00:00+00:00,0.6626131199999999,VALID,0.600456,VALID,12.8,VALID,Warning,WARN: Low flow rate detected
2026-07-08 14:00:00+00:00,0.6626131199999999,VALID,0.600456,VALID,12.8,VALID,Warning,WARN: Low flow rate detected
2026-07-08 15:00:00+00:00,0.6583656,VALID,0.599694,VALID,13.4,VALID,Warning,WARN: Low flow rate detected
2026-07-08 16:00:00+00:00,0.68172696,VALID,0.604266,VALID,14.0,VALID,Warning,WARN: Low flow rate detected
2026-07-08 17:00:00+00:00,0.68243488,VALID,0.604266,VALID,13.8,VALID,Warning,WARN: Low flow rate detected
2026-07-08 18:00:00+00:00,0.6619052,VALID,0.600456,VALID,13.9,VALID,Warning,WARN: Low flow rate detected
2026-07-08 19:00:00+00:00,0.63995968,VALID,0.5958840000000001,VALID,13.9,VALID,Warning,WARN: Low flow rate detected
2026-07-08 20:00:00+00:00,0.63995968,VALID,0.5958840000000001,VALID,13.8,VALID,Warning,WARN: Low flow rate detected
2026-07-08 21:00:00+00:00,0.63995968,VALID,0.5958840000000001,VALID,13.8,VALID,Warning,WARN: Low flow rate detected
2026-07-08 22:00:00+00:00,0.64987056,VALID,0.5981700000000001,VALID,13.7,VALID,Warning,WARN: Low flow rate detected
2026-07-08 23:00:00+00:00,0.64279136,VALID,0.596646,VALID,13.7,VALID,Warning,WARN: Low flow rate detected
2026-07-09 00:00:00+00:00,0.6371279999999999,VALID,0.595122,VALID,13.6,VALID,Warning,WARN: Low flow rate detected
2026-07-09 01:00:00+00:00,0.6371279999999999,VALID,0.595122,VALID,13.6,VALID,Warning,WARN: Low flow rate detected
2026-07-09 02:00:00+00:00,0.6371279999999999,VALID,0.595122,VALID,13.6,VALID,Warning,WARN: Low flow rate detected
2026-07-09 03:00:00+00:00,0.63995968,VALID,0.5958840000000001,VALID,13.5,VALID,Warning,WARN: Low flow rate detected
2026-07-09 04:00:00+00:00,0.64562304,VALID,0.597408,VALID,13.1,VALID,Warning,WARN: Low flow rate detected
2026-07-09 05:00:00+00:00,0.64987056,VALID,0.5981700000000001,VALID,13.0,VALID,Warning,WARN: Low flow rate detected
2026-07-09 06:00:00+00:00,0.6541180799999999,VALID,0.598932,VALID,13.0,VALID,Warning,WARN: Low flow rate detected
2026-07-09 07:00:00+00:00,0.6626131199999999,VALID,0.600456,VALID,13.0,VALID,Warning,WARN: Low flow rate detected
2026-07-09 08:00:00+00:00,0.64987056,VALID,0.5981700000000001,VALID,13.0,VALID,Warning,WARN: Low flow rate detected
2026-07-09 09:00:00+00:00,0.6626131199999999,VALID,0.600456,VALID,12.9,VALID,Warning,WARN: Low flow rate detected
2026-07-09 10:00:00+00:00,0.6626131199999999,VALID,0.600456,VALID,12.9,VALID,Warning,WARN: Low flow rate detected
2026-07-09 11:00:00+00:00,0.66969232,VALID,0.60198,VALID,12.9,VALID,Warning,WARN: Low flow rate detected
2026-07-09 12:00:00+00:00,0.66969232,VALID,0.60198,VALID,12.9,VALID,Warning,WARN: Low flow rate detected
2026-07-09 13:00:00+00:00,0.67323192,VALID,0.602742,VALID,12.8,VALID,Warning,WARN: Low flow rate detected
2026-07-09 14:00:00+00:00,0.6661527199999999,VALID,0.601218,VALID,12.8,VALID,Warning,WARN: Low flow rate detected
2026-07-09 15:00:00+00:00,0.67323192,VALID,0.602742,VALID,13.4,VALID,Warning,WARN: Low flow rate detected
2026-07-09 16:00:00+00:00,0.6661527199999999,VALID,0.601218,VALID,14.0,VALID,Warning,WARN: Low flow rate detected
2026-07-09 17:00:00+00:00,0.67323192,VALID,0.602742,VALID,13.8,VALID,Warning,WARN: Low flow rate detected
2026-07-09 18:00:00+00:00,0.6541180799999999,VALID,0.598932,VALID,13.9,VALID,Warning,WARN: Low flow rate detected
2026-07-09 19:00:00+00:00,0.64279136,VALID,0.596646,VALID,13.9,VALID,Warning,WARN: Low flow rate detected
2026-07-09 20:00:00+00:00,0.6342963199999999,VALID,0.59436,VALID,13.8,VALID,Warning,WARN: Low flow rate detected
2026-07-09 21:00:00+00:00,0.62580128,VALID,0.592074,VALID,13.8,VALID,Warning,WARN: Low flow rate detected
2026-07-09 22:00:00+00:00,0.6314646399999999,VALID,0.5935980000000001,VALID,13.7,VALID,Warning,WARN: Low flow rate detected
2026-07-09 23:00:00+00:00,0.62580128,VALID,0.592074,VALID,13.7,VALID,Warning,WARN: Low flow rate detected
2026-07-10 00:00:00+00:00,0.61943,VALID,0.59055,VALID,13.6,VALID,Warning,WARN: Low flow rate detected
2026-07-10 01:00:00+00:00,0.6158904000000001,VALID,0.589788,VALID,13.6,VALID,Warning,WARN: Low flow rate detected
2026-07-10 02:00:00+00:00,0.6123508,VALID,0.589026,VALID,13.6,VALID,Warning,WARN: Low flow rate detected
2026-07-10 03:00:00+00:00,0.6088112,VALID,0.588264,VALID,13.5,VALID,Warning,WARN: Low flow rate detected
2026-07-10 04:00:00+00:00,0.6123508,VALID,0.589026,VALID,13.1,VALID,Warning,WARN: Low flow rate detected
2026-07-10 05:00:00+00:00,0.6088112,VALID,0.588264,VALID,13.0,VALID,Warning,WARN: Low flow rate detected
2026-07-10 06:00:00+00:00,0.6088112,VALID,0.588264,VALID,13.0,VALID,Warning,WARN: Low flow rate detected
2026-07-10 07:00:00+00:00,0.60314784,VALID,0.58674,VALID,13.0,VALID,Warning,WARN: Low flow rate detected
2026-07-10 08:00:00+00:00,0.6123508,VALID,0.589026,VALID,13.0,VALID,Warning,WARN: Low flow rate detected
2026-07-10 09:00:00+00:00,0.60314784,VALID,0.58674,VALID,12.9,VALID,Warning,WARN: Low flow rate detected
2026-07-10 10:00:00+00:00,0.60597952,VALID,0.587502,VALID,12.9,VALID,Warning,WARN: Low flow rate detected
2026-07-10 11:00:00+00:00,0.6088112,VALID,0.588264,VALID,12.9,VALID,Warning,WARN: Low flow rate detected
2026-07-10 12:00:00+00:00,0.6123508,VALID,0.589026,VALID,12.9,VALID,Warning,WARN: Low flow rate detected
2026-07-10 13:00:00+00:00,0.6229696,VALID,0.5913120000000001,VALID,12.8,VALID,Warning,WARN: Low flow rate detected
2026-07-10 14:00:00+00:00,0.62863296,VALID,0.592836,VALID,12.8,VALID,Warning,WARN: Low flow rate detected
2026-07-10 15:00:00+00:00,0.6371279999999999,VALID,0.595122,VALID,13.4,VALID,Warning,WARN: Low flow rate detected
2026-07-10 16:00:00+00:00,0.6548259999999999,VALID,0.598932,VALID,14.0,VALID,Warning,WARN: Low flow rate detected
2026-07-10 17:00:00+00:00,0.64703888,VALID,0.597408,VALID,13.3,VALID,Warning,WARN: Low flow rate detected
2026-07-10 18:00:00+00:00,0.64987056,VALID,0.5981700000000001,VALID,13.8,VALID,Warning,WARN: Low flow rate detected
2026-07-10 19:00:00+00:00,0.64562304,VALID,0.597408,VALID,13.9,VALID,Warning,WARN: Low flow rate detected
2026-07-10 20:00:00+00:00,0.64279136,VALID,0.596646,VALID,13.8,VALID,Warning,WARN: Low flow rate detected
2026-07-10 21:00:00+00:00,0.64279136,VALID,0.596646,VALID,13.8,VALID,Warning,WARN: Low flow rate detected
2026-07-10 22:00:00+00:00,0.64562304,VALID,0.597408,VALID,13.8,VALID,Warning,WARN: Low flow rate detected
2026-07-10 23:00:00+00:00,0.64562304,VALID,0.597408,VALID,13.7,VALID,Warning,WARN: Low flow rate detected
2026-07-11 00:00:00+00:00,0.64279136,VALID,0.596646,VALID,13.6,VALID,Warning,WARN: Low flow rate detected
2026-07-11 01:00:00+00:00,0.64279136,VALID,0.596646,VALID,13.6,VALID,Warning,WARN: Low flow rate detected
2026-07-11 02:00:00+00:00,0.64279136,VALID,0.596646,VALID,13.6,VALID,Warning,WARN: Low flow rate detected
2026-07-11 03:00:00+00:00,0.64279136,VALID,0.596646,VALID,13.5,VALID,Warning,WARN: Low flow rate detected
2026-07-11 04:00:00+00:00,0.64987056,VALID,0.5981700000000001,VALID,13.1,VALID,Warning,WARN: Low flow rate detected
2026-07-11 05:00:00+00:00,0.64562304,VALID,0.597408,VALID,13.0,VALID,Warning,WARN: Low flow rate detected
2026-07-11 06:00:00+00:00,0.64562304,VALID,0.597408,VALID,13.0,VALID,Warning,WARN: Low flow rate detected
2026-07-11 07:00:00+00:00,0.64987056,VALID,0.5981700000000001,VALID,13.0,VALID,Warning,WARN: Low flow rate detected
2026-07-11 08:00:00+00:00,0.6583656,VALID,0.599694,VALID,13.0,VALID,Warning,WARN: Low flow rate detected
2026-07-11 09:00:00+00:00,0.6626131199999999,VALID,0.600456,VALID,12.9,VALID,Warning,WARN: Low flow rate detected
2026-07-11 10:00:00+00:00,0.64987056,VALID,0.5981700000000001,VALID,12.9,VALID,Warning,WARN: Low flow rate detected
2026-07-11 11:00:00+00:00,0.6583656,VALID,0.599694,VALID,12.9,VALID,Warning,WARN: Low flow rate detected
2026-07-11 12:00:00+00:00,0.6626131199999999,VALID,0.600456,VALID,12.9,VALID,Warning,WARN: Low flow rate detected
2026-07-11 13:00:00+00:00,0.6626131199999999,VALID,0.600456,VALID,12.8,VALID,Warning,WARN: Low flow rate detected
2026-07-11 14:00:00+00:00,0.6626131199999999,VALID,0.600456,VALID,12.8,VALID,Warning,WARN: Low flow rate detected
2026-07-11 15:00:00+00:00,0.6626131199999999,VALID,0.600456,VALID,13.4,VALID,Warning,WARN: Low flow rate detected
2026-07-11 16:00:00+00:00,0.6661527199999999,VALID,0.601218,VALID,14.0,VALID,Warning,WARN: Low flow rate detected
2026-07-11 17:00:00+00:00,0.6555339199999999,VALID,0.598932,VALID,13.8,VALID,Warning,WARN: Low flow rate detected
2026-07-11 18:00:00+00:00,0.64987056,VALID,0.5981700000000001,VALID,13.9,VALID,Warning,WARN: Low flow rate detected
2026-07-11 19:00:00+00:00,0.64562304,VALID,0.597408,VALID,13.9,VALID,Warning,WARN: Low flow rate detected
2026-07-11 20:00:00+00:00,0.63995968,VALID,0.5958840000000001,VALID,13.9,VALID,Warning,WARN: Low flow rate detected
2026-07-11 21:00:00+00:00,0.6342963199999999,VALID,0.59436,VALID,13.8,VALID,Warning,WARN: Low flow rate detected
2026-07-11 22:00:00+00:00,0.63995968,VALID,0.5958840000000001,VALID,13.8,VALID,Warning,WARN: Low flow rate detected
2026-07-11 23:00:00+00:00,0.6342963199999999,VALID,0.59436,VALID,13.7,VALID,Warning,WARN: Low flow rate detected
2026-07-12 00:00:00+00:00,0.6314646399999999,VALID,0.5935980000000001,VALID,13.6,VALID,Warning,WARN: Low flow rate detected
2026-07-12 01:00:00+00:00,0.6342963199999999,VALID,0.59436,VALID,13.6,VALID,Warning,WARN: Low flow rate detected
2026-07-12 02:00:00+00:00,0.6342963199999999,VALID,0.59436,VALID,13.4,VALID,Warning,WARN: Low flow rate detected
2026-07-12 03:00:00+00:00,0.6342963199999999,VALID,0.59436,VALID,13.1,VALID,Warning,WARN: Low flow rate detected
2026-07-12 04:00:00+00:00,0.6371279999999999,VALID,0.595122,VALID,13.0,VALID,Warning,WARN: Low flow rate detected
2026-07-12 05:00:00+00:00,0.63995968,VALID,0.5958840000000001,VALID,13.0,VALID,Warning,WARN: Low flow rate detected
2026-07-12 06:00:00+00:00,0.63995968,VALID,0.5958840000000001,VALID,13.0,VALID,Warning,WARN: Low flow rate detected
2026-07-12 07:00:00+00:00,0.64562304,VALID,0.597408,VALID,13.0,VALID,Warning,WARN: Low flow rate detected
2026-07-12 08:00:00+00:00,0.64562304,VALID,0.597408,VALID,13.0,VALID,Warning,WARN: Low flow rate detected
2026-07-12 09:00:00+00:00,0.64562304,VALID,0.597408,VALID,12.9,VALID,Warning,WARN: Low flow rate detected
2026-07-12 10:00:00+00:00,0.64562304,VALID,0.597408,VALID,12.9,VALID,Warning,WARN: Low flow rate detected
2026-07-12 11:00:00+00:00,0.6541180799999999,VALID,0.598932,VALID,12.9,VALID,Warning,WARN: Low flow rate detected
2026-07-12 12:00:00+00:00,0.64562304,VALID,0.597408,VALID,12.8,VALID,Warning,WARN: Low flow rate detected
2026-07-12 13:00:00+00:00,0.6583656,VALID,0.599694,VALID,12.8,VALID,Warning,WARN: Low flow rate detected
2026-07-12 14:00:00+00:00,0.6583656,VALID,0.599694,VALID,12.8,VALID,Warning,WARN: Low flow rate detected
2026-07-12 15:00:00+00:00,0.6541180799999999,VALID,0.598932,VALID,13.4,VALID,Warning,WARN: Low flow rate detected
2026-07-12 16:00:00+00:00,0.64987056,VALID,0.5981700000000001,VALID,13.8,VALID,Warning,WARN: Low flow rate detected
2026-07-12 17:00:00+00:00,0.64279136,VALID,0.596646,VALID,13.8,VALID,Warning,WARN: Low flow rate detected
2026-07-12 18:00:00+00:00,0.63995968,VALID,0.5958840000000001,VALID,13.8,VALID,Warning,WARN: Low flow rate detected
2026-07-12 19:00:00+00:00,0.6314646399999999,VALID,0.5935980000000001,VALID,13.9,VALID,Warning,WARN: Low flow rate detected
2026-07-12 20:00:00+00:00,0.62580128,VALID,0.592074,VALID,13.8,VALID,Warning,WARN: Low flow rate detected
2026-07-12 21:00:00+00:00,0.6229696,VALID,0.5913120000000001,VALID,13.8,VALID,Warning,WARN: Low flow rate detected
2026-07-12 22:00:00+00:00,0.6229696,VALID,0.5913120000000001,VALID,13.6,VALID,Warning,WARN: Low flow rate detected
2026-07-12 23:00:00+00:00,0.6229696,VALID,0.5913120000000001,VALID,13.7,VALID,Warning,WARN: Low flow rate detected
2026-07-13 00:00:00+00:00,0.6229696,VALID,0.5913120000000001,VALID,13.4,VALID,Warning,WARN: Low flow rate detected
2026-07-13 01:00:00+00:00,0.6229696,VALID,0.5913120000000001,VALID,13.2,VALID,Warning,WARN: Low flow rate detected
2026-07-13 02:00:00+00:00,0.62580128,VALID,0.592074,VALID,13.2,VALID,Warning,WARN: Low flow rate detected
2026-07-13 03:00:00+00:00,0.62580128,VALID,0.592074,VALID,13.0,VALID,Warning,WARN: Low flow rate detected
2026-07-13 04:00:00+00:00,0.6342963199999999,VALID,0.59436,VALID,13.0,VALID,Warning,WARN: Low flow rate detected
2026-07-13 05:00:00+00:00,0.6342963199999999,VALID,0.59436,VALID,13.0,VALID,Warning,WARN: Low flow rate detected
2026-07-13 06:00:00+00:00,0.6342963199999999,VALID,0.59436,VALID,13.0,VALID,Warning,WARN: Low flow rate detected
2026-07-13 07:00:00+00:00,0.6342963199999999,VALID,0.59436,VALID,13.0,VALID,Warning,WARN: Low flow rate detected
2026-07-13 08:00:00+00:00,0.63995968,VALID,0.5958840000000001,VALID,12.9,VALID,Warning,WARN: Low flow rate detected
2026-07-13 09:00:00+00:00,0.63995968,VALID,0.5958840000000001,VALID,12.9,VALID,Warning,WARN: Low flow rate detected
2026-07-13 10:00:00+00:00,0.63995968,VALID,0.5958840000000001,VALID,12.9,VALID,Warning,WARN: Low flow rate detected
2026-07-13 11:00:00+00:00,0.64562304,VALID,0.597408,VALID,12.9,VALID,Warning,WARN: Low flow rate detected
2026-07-13 12:00:00+00:00,0.64987056,VALID,0.5981700000000001,VALID,12.9,VALID,Warning,WARN: Low flow rate detected
2026-07-13 13:00:00+00:00,0.64987056,VALID,0.5981700000000001,VALID,12.8,VALID,Warning,WARN: Low flow rate detected
2026-07-13 14:00:00+00:00,0.6583656,VALID,0.599694,VALID,12.8,VALID,Warning,WARN: Low flow rate detected
2026-07-13 15:00:00+00:00,0.6583656,VALID,0.599694,VALID,13.4,VALID,Warning,WARN: Low flow rate detected
2026-07-13 16:00:00+00:00,0.6626131199999999,VALID,0.600456,VALID,13.8,VALID,Warning,WARN: Low flow rate detected
2026-07-13 17:00:00+00:00,0.6583656,VALID,0.599694,VALID,13.4,VALID,Warning,WARN: Low flow rate detected
2026-07-13 18:00:00+00:00,0.6661527199999999,VALID,0.601218,VALID,13.9,VALID,Warning,WARN: Low flow rate detected
2026-07-13 19:00:00+00:00,0.6626131199999999,VALID,0.600456,VALID,13.9,VALID,Warning,WARN: Low flow rate detected
2026-07-13 20:00:00+00:00,0.6661527199999999,VALID,0.601218,VALID,13.9,VALID,Warning,WARN: Low flow rate detected
2026-07-13 21:00:00+00:00,0.6626131199999999,VALID,0.600456,VALID,13.8,VALID,Warning,WARN: Low flow rate detected
2026-07-13 22:00:00+00:00,0.6619052,VALID,0.600456,VALID,13.7,VALID,Warning,WARN: Low flow rate detected
2026-07-13 23:00:00+00:00,0.6583656,VALID,0.599694,VALID,13.4,VALID,Warning,WARN: Low flow rate detected
2026-07-14 00:00:00+00:00,0.64987056,VALID,0.5981700000000001,VALID,13.8,VALID,Warning,WARN: Low flow rate detected
2026-07-14 01:00:00+00:00,0.6541180799999999,VALID,0.598932,VALID,13.3,VALID,Warning,WARN: Low flow rate detected
2026-07-14 02:00:00+00:00,0.6583656,VALID,0.599694,VALID,13.0,VALID,Warning,WARN: Low flow rate detected
2026-07-14 03:00:00+00:00,0.6626131199999999,VALID,0.600456,VALID,13.0,VALID,Warning,WARN: Low flow rate detected
2026-07-14 04:00:00+00:00,0.6626131199999999,VALID,0.600456,VALID,13.0,VALID,Warning,WARN: Low flow rate detected
2026-07-14 05:00:00+00:00,0.6626131199999999,VALID,0.600456,VALID,13.0,VALID,Warning,WARN: Low flow rate detected
2026-07-14 06:00:00+00:00,0.66969232,VALID,0.60198,VALID,13.0,VALID,Warning,WARN: Low flow rate detected
2026-07-14 07:00:00+00:00,0.66969232,VALID,0.60198,VALID,12.9,VALID,Warning,WARN: Low flow rate detected
2026-07-14 08:00:00+00:00,0.68101904,VALID,0.604266,VALID,12.9,VALID,Warning,WARN: Low flow rate detected
2026-07-14 09:00:00+00:00,0.67677152,VALID,0.603504,VALID,12.9,VALID,Warning,WARN: Low flow rate detected
2026-07-14 10:00:00+00:00,0.67677152,VALID,0.603504,VALID,12.9,VALID,Warning,WARN: Low flow rate detected
2026-07-14 11:00:00+00:00,0.67677152,VALID,0.603504,VALID,12.8,VALID,Warning,WARN: Low flow rate detected
2026-07-14 12:00:00+00:00,0.68526656,VALID,0.605028,VALID,12.8,VALID,Warning,WARN: Low flow rate detected
2026-07-14 13:00:00+00:00,0.67677152,VALID,0.603504,VALID,12.8,VALID,Warning,WARN: Low flow rate detected
2026-07-14 14:00:00+00:00,0.68101904,VALID,0.604266,VALID,12.8,VALID,Warning,WARN: Low flow rate detected
2026-07-14 15:00:00+00:00,0.67323192,VALID,0.602742,VALID,13.1,VALID,Warning,WARN: Low flow rate detected
2026-07-14 16:00:00+00:00,0.6689844,VALID,0.6019800000000001,VALID,13.8,VALID,Warning,WARN: Low flow rate detected
2026-07-14 17:00:00+00:00,0.6661527199999999,VALID,0.601218,VALID,13.8,VALID,Warning,WARN: Low flow rate detected
2026-07-14 18:00:00+00:00,0.6626131199999999,VALID,0.600456,VALID,13.9,VALID,Warning,WARN: Low flow rate detected
2026-07-14 19:00:00+00:00,0.6626131199999999,VALID,0.600456,VALID,14.0,VALID,Warning,WARN: Low flow rate detected
2026-07-14 20:00:00+00:00,0.64562304,VALID,0.597408,VALID,13.9,VALID,Warning,WARN: Low flow rate detected
2026-07-14 21:00:00+00:00,0.64279136,VALID,0.596646,VALID,13.9,VALID,Warning,WARN: Low flow rate detected
2026-07-14 22:00:00+00:00,0.63995968,VALID,0.5958840000000001,VALID,13.8,VALID,Warning,WARN: Low flow rate detected
2026-07-14 23:00:00+00:00,0.64703888,VALID,0.597408,VALID,13.8,VALID,Warning,WARN: Low flow rate detected
2026-07-15 00:00:00+00:00,0.6342963199999999,VALID,0.59436,VALID,13.7,VALID,Warning,WARN: Low flow rate detected
2026-07-15 01:00:00+00:00,0.6371279999999999,VALID,0.595122,VALID,13.7,VALID,Warning,WARN: Low flow rate detected
2026-07-15 02:00:00+00:00,0.6371279999999999,VALID,0.595122,VALID,13.6,VALID,Warning,WARN: Low flow rate detected
2026-07-15 03:00:00+00:00,0.63995968,VALID,0.5958840000000001,VALID,13.4,VALID,Warning,WARN: Low flow rate detected
2026-07-15 04:00:00+00:00,0.64279136,VALID,0.596646,VALID,13.1,VALID,Warning,WARN: Low flow rate detected
2026-07-15 05:00:00+00:00,0.64562304,VALID,0.597408,VALID,13.0,VALID,Warning,WARN: Low flow rate detected
2026-07-15 06:00:00+00:00,0.6583656,VALID,0.599694,VALID,13.0,VALID,Warning,WARN: Low flow rate detected
2026-07-15 07:00:00+00:00,0.6583656,VALID,0.599694,VALID,13.0,VALID,Warning,WARN: Low flow rate detected
2026-07-15 08:00:00+00:00,0.6626131199999999,VALID,0.600456,VALID,13.0,VALID,Warning,WARN: Low flow rate detected
2026-07-15 09:00:00+00:00,0.6661527199999999,VALID,0.601218,VALID,13.0,VALID,Warning,WARN: Low flow rate detected
2026-07-15 10:00:00+00:00,0.66969232,VALID,0.60198,VALID,12.9,VALID,Warning,WARN: Low flow rate detected
2026-07-15 11:00:00+00:00,0.6626131199999999,VALID,0.600456,VALID,12.9,VALID,Warning,WARN: Low flow rate detected
2026-07-15 12:00:00+00:00,0.67323192,VALID,0.602742,VALID,12.9,VALID,Warning,WARN: Low flow rate detected
2026-07-15 13:00:00+00:00,0.6661527199999999,VALID,0.601218,VALID,12.9,VALID,Warning,WARN: Low flow rate detected
2026-07-15 14:00:00+00:00,0.66969232,VALID,0.60198,VALID,12.9,VALID,Warning,WARN: Low flow rate detected
2026-07-15 15:00:00+00:00,0.6661527199999999,VALID,0.601218,VALID,13.1,VALID,Warning,WARN: Low flow rate detected
2026-07-15 16:00:00+00:00,0.6774794399999999,VALID,0.603504,VALID,13.6,VALID,Warning,WARN: Low flow rate detected
2026-07-15 17:00:00+00:00,0.6626131199999999,VALID,0.600456,VALID,14.0,VALID,Warning,WARN: Low flow rate detected
2026-07-15 18:00:00+00:00,0.67323192,VALID,0.602742,VALID,14.0,VALID,Warning,WARN: Low flow rate detected
2026-07-15 19:00:00+00:00,0.6555339199999999,VALID,0.598932,VALID,13.9,VALID,Warning,WARN: Low flow rate detected
2026-07-15 20:00:00+00:00,0.6583656,VALID,0.599694,VALID,13.9,VALID,Warning,WARN: Low flow rate detected
2026-07-15 21:00:00+00:00,0.6626131199999999,VALID,0.600456,VALID,13.8,VALID,Warning,WARN: Low flow rate detected
2026-07-15 22:00:00+00:00,0.6541180799999999,VALID,0.598932,VALID,13.8,VALID,Warning,WARN: Low flow rate detected
2026-07-15 23:00:00+00:00,0.6541180799999999,VALID,0.598932,VALID,13.7,VALID,Warning,WARN: Low flow rate detected
2026-07-16 00:00:00+00:00,0.64562304,VALID,0.597408,VALID,13.6,VALID,Warning,WARN: Low flow rate detected
2026-07-16 01:00:00+00:00,0.64562304,VALID,0.597408,VALID,13.8,VALID,Warning,WARN: Low flow rate detected
2026-07-16 02:00:00+00:00,0.64987056,VALID,0.5981700000000001,VALID,13.8,VALID,Warning,WARN: Low flow rate detected
2026-07-16 03:00:00+00:00,0.6541180799999999,VALID,0.598932,VALID,13.4,VALID,Warning,WARN: Low flow rate detected
2026-07-16 04:00:00+00:00,0.6583656,VALID,0.599694,VALID,13.0,VALID,Warning,WARN: Low flow rate detected
2026-07-16 05:00:00+00:00,0.64987056,VALID,0.5981700000000001,VALID,13.0,VALID,Warning,WARN: Low flow rate detected
2026-07-16 06:00:00+00:00,0.64987056,VALID,0.5981700000000001,VALID,13.0,VALID,Warning,WARN: Low flow rate detected
2026-07-16 07:00:00+00:00,0.6626131199999999,VALID,0.600456,VALID,13.0,VALID,Warning,WARN: Low flow rate detected
2026-07-16 08:00:00+00:00,0.6626131199999999,VALID,0.600456,VALID,13.0,VALID,Warning,WARN: Low flow rate detected
2026-07-16 09:00:00+00:00,0.68101904,VALID,0.604266,VALID,12.9,VALID,Warning,WARN: Low flow rate detected
2026-07-16 10:00:00+00:00,0.66969232,VALID,0.60198,VALID,12.9,VALID,Warning,WARN: Low flow rate detected
2026-07-16 11:00:00+00:00,0.6626131199999999,VALID,0.600456,VALID,12.9,VALID,Warning,WARN: Low flow rate detected
2026-07-16 12:00:00+00:00,0.6626131199999999,VALID,0.600456,VALID,12.9,VALID,Warning,WARN: Low flow rate detected
2026-07-16 13:00:00+00:00,0.6626131199999999,VALID,0.600456,VALID,12.8,VALID,Warning,WARN: Low flow rate detected
2026-07-16 14:00:00+00:00,0.6626131199999999,VALID,0.600456,VALID,12.9,VALID,Warning,WARN: Low flow rate detected
2026-07-16 15:00:00+00:00,0.6626131199999999,VALID,0.600456,VALID,13.4,VALID,Warning,WARN: Low flow rate detected
2026-07-16 16:00:00+00:00,0.67393984,VALID,0.602742,VALID,14.1,VALID,Warning,WARN: Low flow rate detected
2026-07-16 17:00:00+00:00,0.67677152,VALID,0.603504,VALID,13.5,VALID,Warning,WARN: Low flow rate detected
2026-07-16 18:00:00+00:00,0.6661527199999999,VALID,0.601218,VALID,14.0,VALID,Warning,WARN: Low flow rate detected
2026-07-16 19:00:00+00:00,0.6661527199999999,VALID,0.601218,VALID,14.0,VALID,Warning,WARN: Low flow rate detected
2026-07-16 20:00:00+00:00,0.6661527199999999,VALID,0.601218,VALID,14.0,VALID,Warning,WARN: Low flow rate detected
2026-07-16 21:00:00+00:00,0.6626131199999999,VALID,0.600456,VALID,13.9,VALID,Warning,WARN: Low flow rate detected
2026-07-16 22:00:00+00:00,0.66969232,VALID,0.60198,VALID,13.9,VALID,Warning,WARN: Low flow rate detected
2026-07-16 23:00:00+00:00,0.6661527199999999,VALID,0.601218,VALID,13.9,VALID,Warning,WARN: Low flow rate detected
2026-07-17 00:00:00+00:00,0.6661527199999999,VALID,0.601218,VALID,13.8,VALID,Warning,WARN: Low flow rate detected
2026-07-17 01:00:00+00:00,0.67323192,VALID,0.602742,VALID,13.8,VALID,Warning,WARN: Low flow rate detected
2026-07-17 02:00:00+00:00,0.67677152,VALID,0.603504,VALID,13.6,VALID,Warning,WARN: Low flow rate detected
2026-07-17 03:00:00+00:00,0.66969232,VALID,0.60198,VALID,13.2,VALID,Warning,WARN: Low flow rate detected
2026-07-17 04:00:00+00:00,0.67677152,VALID,0.603504,VALID,13.0,VALID,Warning,WARN: Low flow rate detected
2026-07-17 05:00:00+00:00,0.67677152,VALID,0.603504,VALID,13.0,VALID,Warning,WARN: Low flow rate detected
2026-07-17 06:00:00+00:00,0.67677152,VALID,0.603504,VALID,13.0,VALID,Warning,WARN: Low flow rate detected
2026-07-17 07:00:00+00:00,0.67677152,VALID,0.603504,VALID,13.0,VALID,Warning,WARN: Low flow rate detected
2026-07-17 08:00:00+00:00,0.68101904,VALID,0.604266,VALID,13.0,VALID,Warning,WARN: Low flow rate detected
2026-07-17 09:00:00+00:00,0.73836056,VALID,0.614934,VALID,12.9,VALID,Warning,WARN: Low flow rate detected
2026-07-17 10:00:00+00:00,0.73765264,VALID,0.614934,VALID,12.9,VALID,Warning,WARN: Low flow rate detected
2026-07-17 11:00:00+00:00,0.74614768,VALID,0.616458,VALID,12.9,VALID,Warning,WARN: Low flow rate detected
2026-07-17 12:00:00+00:00,0.7503952,VALID,0.61722,VALID,12.9,VALID,Warning,WARN: Low flow rate detected
2026-07-17 13:00:00+00:00,0.75464272,VALID,0.617982,VALID,12.8,VALID,Warning,WARN: Low flow rate detected
2026-07-17 14:00:00+00:00,37.67833408,VALID,1.389126,VALID,13.0,VALID,Online,Resolved: Operating normally
2026-07-17 15:00:00+00:00,45.023712,VALID,1.753362,VALID,13.2,VALID,Online,Resolved: Operating normally
2026-07-17 16:00:00+00:00,24.557744800000002,VALID,1.4051280000000002,VALID,13.4,VALID,Online,Resolved: Operating normally
2026-07-17 17:00:00+00:00,15.687507199999999,VALID,1.2092939999999999,VALID,13.6,VALID,Online,Resolved: Operating normally
2026-07-17 18:00:00+00:00,11.772709599999999,VALID,1.098042,VALID,14.0,VALID,Online,Resolved: Operating normally
2026-07-17 19:00:00+00:00,8.551673599999999,VALID,0.999744,VALID,14.0,VALID,Warning,WARN: Low flow rate detected
2026-07-17 20:00:00+00:00,6.5199432,VALID,0.926592,VALID,14.0,VALID,Warning,WARN: Low flow rate detected
2026-07-17 21:00:00+00:00,5.4722216,VALID,0.8823960000000001,VALID,14.0,VALID,Warning,WARN: Low flow rate detected
2026-07-17 22:00:00+00:00,8.0561296,VALID,0.983742,VALID,13.9,VALID,Warning,WARN: Low flow rate detected
2026-07-17 23:00:00+00:00,7.4543976,VALID,0.9624060000000001,VALID,13.9,VALID,Warning,WARN: Low flow rate detected
2026-07-18 00:00:00+00:00,6.2084584,VALID,0.9144,VALID,13.3,VALID,Warning,WARN: Low flow rate detected
2026-07-18 01:00:00+00:00,5.3377168,VALID,0.8763000000000001,VALID,13.6,VALID,Warning,WARN: Low flow rate detected
2026-07-18 02:00:00+00:00,4.6651928,VALID,0.843534,VALID,13.5,VALID,Warning,WARN: Low flow rate detected
2026-07-18 03:00:00+00:00,4.1625696,VALID,0.816864,VALID,13.1,VALID,Warning,WARN: Low flow rate detected
2026-07-18 04:00:00+00:00,3.6882631999999997,VALID,0.794004,VALID,13.0,VALID,Warning,WARN: Low flow rate detected
2026-07-18 05:00:00+00:00,3.2068776,VALID,0.774192,VALID,13.0,VALID,Warning,WARN: Low flow rate detected
2026-07-18 06:00:00+00:00,2.85574928,VALID,0.75819,VALID,13.0,VALID,Warning,WARN: Low flow rate detected
2026-07-18 07:00:00+00:00,2.54072488,VALID,0.7421880000000001,VALID,13.0,VALID,Warning,WARN: Low flow rate detected
2026-07-18 08:00:00+00:00,2.30569544,VALID,0.729234,VALID,12.9,VALID,Warning,WARN: Low flow rate detected
2026-07-18 09:00:00+00:00,2.1265916799999998,VALID,0.718566,VALID,12.9,VALID,Warning,WARN: Low flow rate detected
2026-07-18 10:00:00+00:00,1.96660176,VALID,0.7086600000000001,VALID,12.9,VALID,Warning,WARN: Low flow rate detected
2026-07-18 11:00:00+00:00,1.8151068799999999,VALID,0.700278,VALID,12.8,VALID,Warning,WARN: Low flow rate detected
2026-07-18 12:00:00+00:00,1.7032555200000001,VALID,0.6941820000000001,VALID,12.8,VALID,Warning,WARN: Low flow rate detected
2026-07-18 13:00:00+00:00,1.57299824,VALID,0.6865620000000001,VALID,12.8,VALID,Warning,WARN: Low flow rate detected
2026-07-18 14:00:00+00:00,1.4880478400000001,VALID,0.6812280000000001,VALID,12.8,VALID,Warning,WARN: Low flow rate detected
2026-07-18 15:00:00+00:00,1.4052212,VALID,0.675894,VALID,13.0,VALID,Warning,WARN: Low flow rate detected
2026-07-18 16:00:00+00:00,1.34929552,VALID,0.672084,VALID,13.7,VALID,Warning,WARN: Low flow rate detected
2026-07-18 17:00:00+00:00,1.2749639199999998,VALID,0.66675,VALID,14.1,VALID,Warning,WARN: Low flow rate detected
2026-07-18 18:00:00+00:00,1.22328576,VALID,0.6629400000000001,VALID,14.0,VALID,Warning,WARN: Low flow rate detected
2026-07-18 19:00:00+00:00,1.14399872,VALID,0.656844,VALID,14.0,VALID,Warning,WARN: Low flow rate detected
2026-07-18 20:00:00+00:00,1.114974,VALID,0.654558,VALID,14.0,VALID,Warning,WARN: Low flow rate detected
2026-07-18 21:00:00+00:00,1.05975624,VALID,0.6499860000000001,VALID,13.9,VALID,Warning,WARN: Low flow rate detected
2026-07-18 22:00:00+00:00,1.1751472,VALID,0.65913,VALID,13.9,VALID,Warning,WARN: Low flow rate detected
2026-07-18 23:00:00+00:00,2.9768035999999998,VALID,0.755142,VALID,13.8,VALID,Warning,WARN: Low flow rate detected
2026-07-19 00:00:00+00:00,2.31702216,VALID,0.726948,VALID,13.4,VALID,Warning,WARN: Low flow rate detected
2026-07-19 01:00:00+00:00,1.9963344,VALID,0.7109460000000001,VALID,13.9,VALID,Warning,WARN: Low flow rate detected
2026-07-19 02:00:00+00:00,1.911384,VALID,0.705612,VALID,13.9,VALID,Warning,WARN: Low flow rate detected
2026-07-19 03:00:00+00:00,1.98854728,VALID,0.710184,VALID,13.4,VALID,Warning,WARN: Low flow rate detected
2026-07-19 04:00:00+00:00,1.787498,VALID,0.698754,VALID,13.0,VALID,Warning,WARN: Low flow rate detected
2026-07-19 05:00:00+00:00,1.38539944,VALID,0.6743700000000001,VALID,13.0,VALID,Warning,WARN: Low flow rate detected
2026-07-19 06:00:00+00:00,1.203464,VALID,0.661416,VALID,13.0,VALID,Warning,WARN: Low flow rate detected
2026-07-19 07:00:00+00:00,1.1539096,VALID,0.657606,VALID,13.0,VALID,Warning,WARN: Low flow rate detected
2026-07-19 08:00:00+00:00,1.06046416,VALID,0.6499860000000001,VALID,13.0,VALID,Warning,WARN: Low flow rate detected
2026-07-19 09:00:00+00:00,0.99958304,VALID,0.6438900000000001,VALID,13.0,VALID,Warning,WARN: Low flow rate detected
2026-07-19 10:00:00+00:00,0.98259296,VALID,0.6416040000000001,VALID,12.9,VALID,Warning,WARN: Low flow rate detected
2026-07-19 11:00:00+00:00,0.95639992,VALID,0.6377940000000001,VALID,12.9,VALID,Warning,WARN: Low flow rate detected
2026-07-19 12:00:00+00:00,0.95144448,VALID,0.637032,VALID,12.9,VALID,Warning,WARN: Low flow rate detected
2026-07-19 13:00:00+00:00,0.9401177599999999,VALID,0.6355080000000001,VALID,12.8,VALID,Warning,WARN: Low flow rate detected
2026-07-19 14:00:00+00:00,0.9287910399999999,VALID,0.6339840000000001,VALID,12.8,VALID,Warning,WARN: Low flow rate detected
2026-07-19 15:00:00+00:00,0.9287910399999999,VALID,0.6339840000000001,VALID,13.2,VALID,Warning,WARN: Low flow rate detected
2026-07-19 16:00:00+00:00,0.91888016,VALID,0.63246,VALID,13.9,VALID,Warning,WARN: Low flow rate detected
2026-07-19 17:00:00+00:00,0.90896928,VALID,0.6309359999999999,VALID,13.3,VALID,Warning,WARN: Low flow rate detected
2026-07-19 18:00:00+00:00,0.90401384,VALID,0.630174,VALID,13.8,VALID,Warning,WARN: Low flow rate detected
2026-07-19 19:00:00+00:00,0.89410296,VALID,0.6286499999999999,VALID,14.0,VALID,Warning,WARN: Low flow rate detected
2026-07-19 20:00:00+00:00,0.8841920799999999,VALID,0.627126,VALID,14.0,VALID,Warning,WARN: Low flow rate detected
2026-07-19 21:00:00+00:00,0.88914752,VALID,0.627888,VALID,13.9,VALID,Warning,WARN: Low flow rate detected
2026-07-19 22:00:00+00:00,0.88914752,VALID,0.627888,VALID,13.9,VALID,Warning,WARN: Low flow rate detected
2026-07-19 23:00:00+00:00,0.89410296,VALID,0.6286499999999999,VALID,13.8,VALID,Warning,WARN: Low flow rate detected
2026-07-20 00:00:00+00:00,0.88914752,VALID,0.627888,VALID,13.7,VALID,Warning,WARN: Low flow rate detected
2026-07-20 01:00:00+00:00,0.88914752,VALID,0.627888,VALID,13.7,VALID,Warning,WARN: Low flow rate detected
2026-07-20 02:00:00+00:00,0.88914752,VALID,0.627888,VALID,13.8,VALID,Warning,WARN: Low flow rate detected
2026-07-20 03:00:00+00:00,0.8742812,VALID,0.625602,VALID,13.2,VALID,Warning,WARN: Low flow rate detected
2026-07-20 04:00:00+00:00,0.88914752,VALID,0.627888,VALID,13.0,VALID,Warning,WARN: Low flow rate detected
2026-07-20 05:00:00+00:00,0.88914752,VALID,0.627888,VALID,13.0,VALID,Warning,WARN: Low flow rate detected
2026-07-20 06:00:00+00:00,0.8841920799999999,VALID,0.627126,VALID,13.0,VALID,Warning,WARN: Low flow rate detected
2026-07-20 07:00:00+00:00,0.8841920799999999,VALID,0.627126,VALID,13.0,VALID,Warning,WARN: Low flow rate detected
2026-07-20 08:00:00+00:00,0.88914752,VALID,0.627888,VALID,13.0,VALID,Warning,WARN: Low flow rate detected
2026-07-20 09:00:00+00:00,0.8742812,VALID,0.625602,VALID,12.9,VALID,Warning,WARN: Low flow rate detected
2026-07-20 10:00:00+00:00,0.86932576,VALID,0.62484,VALID,12.9,VALID,Warning,WARN: Low flow rate detected
2026-07-20 11:00:00+00:00,0.86932576,VALID,0.62484,VALID,12.9,VALID,Warning,WARN: Low flow rate detected
2026-07-20 12:00:00+00:00,0.86932576,VALID,0.62484,VALID,12.9,VALID,Warning,WARN: Low flow rate detected
2026-07-20 13:00:00+00:00,0.849504,VALID,0.621792,VALID,12.9,VALID,Warning,WARN: Low flow rate detected
2026-07-20 14:00:00+00:00,0.8544594400000001,VALID,0.622554,VALID,12.9,VALID,Warning,WARN: Low flow rate detected
2026-07-20 15:00:00+00:00,0.85941488,VALID,0.623316,VALID,13.6,VALID,Warning,WARN: Low flow rate detected
2026-07-20 16:00:00+00:00,0.8544594400000001,VALID,0.622554,VALID,14.0,VALID,Warning,WARN: Low flow rate detected
2026-07-20 17:00:00+00:00,0.84454856,VALID,0.62103,VALID,14.0,VALID,Warning,WARN: Low flow rate detected
2026-07-20 18:00:00+00:00,0.83959312,VALID,0.620268,VALID,13.9,VALID,Warning,WARN: Low flow rate detected
2026-07-20 19:00:00+00:00,0.82968224,VALID,0.618744,VALID,13.9,VALID,Warning,WARN: Low flow rate detected
2026-07-20 20:00:00+00:00,0.82968224,VALID,0.618744,VALID,13.9,VALID,Warning,WARN: Low flow rate detected
2026-07-20 21:00:00+00:00,0.8211872,VALID,0.61722,VALID,13.9,VALID,Warning,WARN: Low flow rate detected
2026-07-20 22:00:00+00:00,0.82968224,VALID,0.618744,VALID,13.8,VALID,Warning,WARN: Low flow rate detected
2026-07-20 23:00:00+00:00,0.84454856,VALID,0.62103,VALID,13.8,VALID,Warning,WARN: Low flow rate detected
2026-07-21 00:00:00+00:00,0.83959312,VALID,0.620268,VALID,13.7,VALID,Warning,WARN: Low flow rate detected
2026-07-21 01:00:00+00:00,0.83959312,VALID,0.620268,VALID,13.8,VALID,Warning,WARN: Low flow rate detected
2026-07-21 02:00:00+00:00,0.83959312,VALID,0.620268,VALID,13.8,VALID,Warning,WARN: Low flow rate detected
2026-07-21 03:00:00+00:00,0.83959312,VALID,0.620268,VALID,13.3,VALID,Warning,WARN: Low flow rate detected
2026-07-21 04:00:00+00:00,0.849504,VALID,0.621792,VALID,13.0,VALID,Warning,WARN: Low flow rate detected
2026-07-21 05:00:00+00:00,0.849504,VALID,0.621792,VALID,13.0,VALID,Warning,WARN: Low flow rate detected
2026-07-21 06:00:00+00:00,0.849504,VALID,0.621792,VALID,13.0,VALID,Warning,WARN: Low flow rate detected
2026-07-21 07:00:00+00:00,0.82968224,VALID,0.618744,VALID,13.0,VALID,Warning,WARN: Low flow rate detected
2026-07-21 08:00:00+00:00,0.83463768,VALID,0.619506,VALID,13.0,VALID,Warning,WARN: Low flow rate detected
2026-07-21 09:00:00+00:00,0.83959312,VALID,0.620268,VALID,12.9,VALID,Warning,WARN: Low flow rate detected
2026-07-21 10:00:00+00:00,0.82968224,VALID,0.618744,VALID,12.9,VALID,Warning,WARN: Low flow rate detected
2026-07-21 11:00:00+00:00,0.82968224,VALID,0.618744,VALID,12.9,VALID,Warning,WARN: Low flow rate detected
2026-07-21 12:00:00+00:00,0.82968224,VALID,0.618744,VALID,12.9,VALID,Warning,WARN: Low flow rate detected
2026-07-21 13:00:00+00:00,0.8211872,VALID,0.61722,VALID,12.9,VALID,Warning,WARN: Low flow rate detected
2026-07-21 14:00:00+00:00,0.82968224,VALID,0.618744,VALID,12.9,VALID,Warning,WARN: Low flow rate detected
2026-07-21 15:00:00+00:00,0.8211872,VALID,0.61722,VALID,13.5,VALID,Warning,WARN: Low flow rate detected
2026-07-21 16:00:00+00:00,0.81693968,VALID,0.616458,VALID,14.0,VALID,Warning,WARN: Low flow rate detected
2026-07-21 17:00:00+00:00,0.81693968,VALID,0.616458,VALID,14.0,VALID,Warning,WARN: Low flow rate detected
2026-07-21 18:00:00+00:00,0.80844464,VALID,0.614934,VALID,14.0,VALID,Warning,WARN: Low flow rate detected
2026-07-21 19:00:00+00:00,0.81269216,VALID,0.615696,VALID,13.9,VALID,Warning,WARN: Low flow rate detected
2026-07-21 20:00:00+00:00,0.81269216,VALID,0.615696,VALID,13.9,VALID,Warning,WARN: Low flow rate detected
2026-07-21 21:00:00+00:00,0.81693968,VALID,0.616458,VALID,13.8,VALID,Warning,WARN: Low flow rate detected
2026-07-21 22:00:00+00:00,0.8211872,VALID,0.61722,VALID,13.8,VALID,Warning,WARN: Low flow rate detected
2026-07-21 23:00:00+00:00,0.81269216,VALID,0.615696,VALID,13.8,VALID,Warning,WARN: Low flow rate detected
2026-07-22 00:00:00+00:00,0.81269216,VALID,0.615696,VALID,13.7,VALID,Warning,WARN: Low flow rate detected
2026-07-22 01:00:00+00:00,0.80419712,VALID,0.6141719999999999,VALID,13.8,VALID,Warning,WARN: Low flow rate detected
2026-07-22 02:00:00+00:00,0.81269216,VALID,0.615696,VALID,13.9,VALID,Warning,WARN: Low flow rate detected
2026-07-22 03:00:00+00:00,0.81269216,VALID,0.615696,VALID,13.8,VALID,Warning,WARN: Low flow rate detected
2026-07-22 04:00:00+00:00,0.81269216,VALID,0.615696,VALID,13.1,VALID,Warning,WARN: Low flow rate detected
2026-07-22 05:00:00+00:00,0.82968224,VALID,0.618744,VALID,13.0,VALID,Warning,WARN: Low flow rate detected
2026-07-22 06:00:00+00:00,0.82968224,VALID,0.618744,VALID,13.0,VALID,Warning,WARN: Low flow rate detected
2026-07-22 07:00:00+00:00,0.82968224,VALID,0.618744,VALID,13.0,VALID,Warning,WARN: Low flow rate detected
2026-07-22 08:00:00+00:00,0.8254347200000001,VALID,0.617982,VALID,12.9,VALID,Warning,WARN: Low flow rate detected
2026-07-22 09:00:00+00:00,0.8211872,VALID,0.61722,VALID,12.9,VALID,Warning,WARN: Low flow rate detected
2026-07-22 10:00:00+00:00,0.81269216,VALID,0.615696,VALID,12.9,VALID,Warning,WARN: Low flow rate detected
2026-07-22 11:00:00+00:00,5.5005384,VALID,0.8808720000000001,VALID,12.9,VALID,Warning,WARN: Low flow rate detected
2026-07-22 12:00:00+00:00,5.2952416,VALID,0.8740140000000001,VALID,12.9,VALID,Warning,WARN: Low flow rate detected
2026-07-22 13:00:00+00:00,4.2758368,VALID,0.82296,VALID,12.8,VALID,Warning,WARN: Low flow rate detected
2026-07-22 14:00:00+00:00,3.4050952,VALID,0.7825740000000001,VALID,12.8,VALID,Warning,WARN: Low flow rate detected
2026-07-22 15:00:00+00:00,2.75310088,VALID,0.752856,VALID,13.0,VALID,Warning,WARN: Low flow rate detected
2026-07-22 16:00:00+00:00,2.29436872,VALID,0.728472,VALID,13.9,VALID,Warning,WARN: Low flow rate detected
2026-07-22 17:00:00+00:00,2.00553736,VALID,0.710946,VALID,13.3,VALID,Warning,WARN: Low flow rate detected
2026-07-22 18:00:00+00:00,1.7060871999999998,VALID,0.6941820000000001,VALID,13.8,VALID,Warning,WARN: Low flow rate detected
2026-07-22 19:00:00+00:00,1.51211712,VALID,0.682752,VALID,14.0,VALID,Warning,WARN: Low flow rate detected
2026-07-22 20:00:00+00:00,1.36062224,VALID,0.672846,VALID,14.0,VALID,Warning,WARN: Low flow rate detected
2026-07-22 21:00:00+00:00,1.2643451199999998,VALID,0.665988,VALID,14.0,VALID,Warning,WARN: Low flow rate detected
2026-07-22 22:00:00+00:00,1.1836422400000002,VALID,0.659892,VALID,13.9,VALID,Warning,WARN: Low flow rate detected
2026-07-22 23:00:00+00:00,1.114974,VALID,0.654558,VALID,13.8,VALID,Warning,WARN: Low flow rate detected
2026-07-23 00:00:00+00:00,1.0689591999999999,VALID,0.6507480000000001,VALID,13.8,VALID,Warning,WARN: Low flow rate detected
2026-07-23 01:00:00+00:00,1.02506816,VALID,0.646938,VALID,13.7,VALID,Warning,WARN: Low flow rate detected
2026-07-23 02:00:00+00:00,0.98825632,VALID,0.642366,VALID,13.5,VALID,Warning,WARN: Low flow rate detected
2026-07-23 03:00:00+00:00,0.9663108,VALID,0.639318,VALID,13.0,VALID,Warning,WARN: Low flow rate detected
2026-07-23 04:00:00+00:00,0.95144448,VALID,0.637032,VALID,13.0,VALID,Warning,WARN: Low flow rate detected
2026-07-23 05:00:00+00:00,0.95144448,VALID,0.637032,VALID,13.0,VALID,Warning,WARN: Low flow rate detected
2026-07-23 06:00:00+00:00,0.9287910399999999,VALID,0.6339840000000001,VALID,13.0,VALID,Warning,WARN: Low flow rate detected
2026-07-23 07:00:00+00:00,0.91958808,VALID,0.63246,VALID,13.0,VALID,Warning,WARN: Low flow rate detected
2026-07-23 08:00:00+00:00,0.90401384,VALID,0.630174,VALID,13.0,VALID,Warning,WARN: Low flow rate detected
2026-07-23 09:00:00+00:00,0.89410296,VALID,0.6286499999999999,VALID,12.9,VALID,Warning,WARN: Low flow rate detected
2026-07-23 10:00:00+00:00,0.89410296,VALID,0.6286499999999999,VALID,12.9,VALID,Warning,WARN: Low flow rate detected
2026-07-23 11:00:00+00:00,0.88914752,VALID,0.627888,VALID,12.9,VALID,Warning,WARN: Low flow rate detected
2026-07-23 12:00:00+00:00,0.90401384,VALID,0.630174,VALID,12.8,VALID,Warning,WARN: Low flow rate detected
2026-07-23 13:00:00+00:00,0.90896928,VALID,0.6309359999999999,VALID,12.8,VALID,Warning,WARN: Low flow rate detected
2026-07-23 14:00:00+00:00,0.90401384,VALID,0.630174,VALID,12.8,VALID,Warning,WARN: Low flow rate detected
2026-07-23 15:00:00+00:00,0.90401384,VALID,0.630174,VALID,13.2,VALID,Warning,WARN: Low flow rate detected
2026-07-23 16:00:00+00:00,0.88914752,VALID,0.627888,VALID,13.8,VALID,Warning,WARN: Low flow rate detected
2026-07-23 17:00:00+00:00,0.8742812,VALID,0.625602,VALID,13.6,VALID,Warning,WARN: Low flow rate detected
2026-07-23 18:00:00+00:00,0.86932576,VALID,0.62484,VALID,13.7,VALID,Warning,WARN: Low flow rate detected
2026-07-23 19:00:00+00:00,0.85941488,VALID,0.623316,VALID,13.9,VALID,Warning,WARN: Low flow rate detected
2026-07-23 20:00:00+00:00,0.849504,VALID,0.621792,VALID,13.9,VALID,Warning,WARN: Low flow rate detected
2026-07-23 21:00:00+00:00,0.84454856,VALID,0.62103,VALID,13.9,VALID,Warning,WARN: Low flow rate detected
2026-07-23 22:00:00+00:00,0.82968224,VALID,0.618744,VALID,13.8,VALID,Warning,WARN: Low flow rate detected
2026-07-23 23:00:00+00:00,0.83463768,VALID,0.619506,VALID,13.8,VALID,Warning,WARN: Low flow rate detected
2026-07-24 00:00:00+00:00,0.8254347200000001,VALID,0.617982,VALID,13.5,VALID,Warning,WARN: Low flow rate detected
2026-07-24 01:00:00+00:00,0.8211872,VALID,0.61722,VALID,13.4,VALID,Warning,WARN: Low flow rate detected
2026-07-24 02:00:00+00:00,0.81269216,VALID,0.615696,VALID,13.6,VALID,Warning,WARN: Low flow rate detected
2026-07-24 03:00:00+00:00,0.81269216,VALID,0.615696,VALID,13.4,VALID,Warning,WARN: Low flow rate detected
2026-07-24 04:00:00+00:00,0.81269216,VALID,0.615696,VALID,13.0,VALID,Warning,WARN: Low flow rate detected
2026-07-24 05:00:00+00:00,0.81269216,VALID,0.615696,VALID,13.0,VALID,Warning,WARN: Low flow rate detected
2026-07-24 06:00:00+00:00,0.81269216,VALID,0.615696,VALID,13.0,VALID,Warning,WARN: Low flow rate detected
2026-07-24 07:00:00+00:00,0.7999495999999999,VALID,0.61341,VALID,13.0,VALID,Warning,WARN: Low flow rate detected
2026-07-24 08:00:00+00:00,0.80419712,VALID,0.6141719999999999,VALID,12.9,VALID,Warning,WARN: Low flow rate detected
2026-07-24 09:00:00+00:00,0.79570208,VALID,0.612648,VALID,12.9,VALID,Warning,WARN: Low flow rate detected
2026-07-24 10:00:00+00:00,0.78083576,VALID,0.6103620000000001,VALID,12.9,VALID,Warning,WARN: Low flow rate detected
2026-07-24 11:00:00+00:00,0.7673852800000001,VALID,0.6080760000000001,VALID,12.9,VALID,Warning,WARN: Low flow rate detected
2026-07-24 12:00:00+00:00,0.75889024,VALID,0.606552,VALID,12.9,VALID,Warning,WARN: Low flow rate detected
2026-07-24 13:00:00+00:00,0.75889024,VALID,0.606552,VALID,12.8,VALID,Warning,WARN: Low flow rate detected
2026-07-24 14:00:00+00:00,0.75889024,VALID,0.606552,VALID,12.8,VALID,Warning,WARN: Low flow rate detected
2026-07-24 15:00:00+00:00,0.75464272,VALID,0.60579,VALID,13.2,VALID,Warning,WARN: Low flow rate detected
2026-07-24 16:00:00+00:00,0.75889024,VALID,0.606552,VALID,13.9,VALID,Warning,WARN: Low flow rate detected
2026-07-24 17:00:00+00:00,0.7503952,VALID,0.605028,VALID,13.6,VALID,Warning,WARN: Low flow rate detected
2026-07-24 18:00:00+00:00,0.73765264,VALID,0.602742,VALID,13.8,VALID,Warning,WARN: Low flow rate detected
2026-07-24 19:00:00+00:00,0.7419001599999999,VALID,0.603504,VALID,13.9,VALID,Warning,WARN: Low flow rate detected
2026-07-24 20:00:00+00:00,0.7419001599999999,VALID,0.603504,VALID,13.9,VALID,Warning,WARN: Low flow rate detected
2026-07-24 21:00:00+00:00,0.74614768,VALID,0.604266,VALID,13.8,VALID,Warning,WARN: Low flow rate detected
2026-07-24 22:00:00+00:00,0.7503952,VALID,0.605028,VALID,13.8,VALID,Warning,WARN: Low flow rate detected
2026-07-24 23:00:00+00:00,0.74614768,VALID,0.604266,VALID,13.7,VALID,Warning,WARN: Low flow rate detected
2026-07-25 00:00:00+00:00,0.74614768,VALID,0.604266,VALID,13.6,VALID,Warning,WARN: Low flow rate detected
2026-07-25 01:00:00+00:00,0.7419001599999999,VALID,0.603504,VALID,13.6,VALID,Warning,WARN: Low flow rate detected
2026-07-25 02:00:00+00:00,0.7503952,VALID,0.605028,VALID,13.6,VALID,Warning,WARN: Low flow rate detected
2026-07-25 03:00:00+00:00,0.76313776,VALID,0.607314,VALID,13.4,VALID,Warning,WARN: Low flow rate detected
2026-07-25 04:00:00+00:00,0.7716328,VALID,0.608838,VALID,13.1,VALID,Warning,WARN: Low flow rate detected
2026-07-25 05:00:00+00:00,0.77588032,VALID,0.6096,VALID,13.0,VALID,Warning,WARN: Low flow rate detected
2026-07-25 06:00:00+00:00,0.77588032,VALID,0.6096,VALID,13.0,VALID,Warning,WARN: Low flow rate detected
2026-07-25 07:00:00+00:00,0.7673852800000001,VALID,0.6080760000000001,VALID,13.0,VALID,Warning,WARN: Low flow rate detected
2026-07-25 08:00:00+00:00,0.76313776,VALID,0.607314,VALID,13.0,VALID,Warning,WARN: Low flow rate detected
2026-07-25 09:00:00+00:00,0.75464272,VALID,0.60579,VALID,12.9,VALID,Warning,WARN: Low flow rate detected
2026-07-25 10:00:00+00:00,0.74614768,VALID,0.604266,VALID,12.9,VALID,Warning,WARN: Low flow rate detected
2026-07-25 11:00:00+00:00,0.7419001599999999,VALID,0.603504,VALID,12.9,VALID,Warning,WARN: Low flow rate detected
2026-07-25 12:00:00+00:00,0.73340512,VALID,0.60198,VALID,12.9,VALID,Warning,WARN: Low flow rate detected
2026-07-25 13:00:00+00:00,0.73765264,VALID,0.602742,VALID,12.9,VALID,Warning,WARN: Low flow rate detected
2026-07-25 14:00:00+00:00,0.72491008,VALID,0.600456,VALID,12.8,VALID,Warning,WARN: Low flow rate detected
2026-07-25 15:00:00+00:00,0.72491008,VALID,0.600456,VALID,13.2,VALID,Warning,WARN: Low flow rate detected
2026-07-25 16:00:00+00:00,0.73340512,VALID,0.60198,VALID,13.9,VALID,Warning,WARN: Low flow rate detected
2026-07-25 17:00:00+00:00,0.72491008,VALID,0.600456,VALID,13.2,VALID,Warning,WARN: Low flow rate detected
2026-07-25 18:00:00+00:00,0.73340512,VALID,0.60198,VALID,13.8,VALID,Warning,WARN: Low flow rate detected
2026-07-25 19:00:00+00:00,0.71783088,VALID,0.598932,VALID,13.9,VALID,Warning,WARN: Low flow rate detected
2026-07-25 20:00:00+00:00,0.72137048,VALID,0.599694,VALID,13.9,VALID,Warning,WARN: Low flow rate detected
2026-07-25 21:00:00+00:00,0.72491008,VALID,0.600456,VALID,13.8,VALID,Warning,WARN: Low flow rate detected
2026-07-25 22:00:00+00:00,0.7419001599999999,VALID,0.603504,VALID,13.8,VALID,Warning,WARN: Low flow rate detected
2026-07-25 23:00:00+00:00,0.7291576,VALID,0.601218,VALID,13.4,VALID,Warning,WARN: Low flow rate detected
2026-07-26 00:00:00+00:00,0.72491008,VALID,0.600456,VALID,13.1,VALID,Warning,WARN: Low flow rate detected
2026-07-26 01:00:00+00:00,0.73340512,VALID,0.60198,VALID,13.1,VALID,Warning,WARN: Low flow rate detected
2026-07-26 02:00:00+00:00,0.73340512,VALID,0.60198,VALID,13.1,VALID,Warning,WARN: Low flow rate detected
2026-07-26 03:00:00+00:00,0.73765264,VALID,0.602742,VALID,13.0,VALID,Warning,WARN: Low flow rate detected
2026-07-26 04:00:00+00:00,0.73340512,VALID,0.60198,VALID,13.0,VALID,Warning,WARN: Low flow rate detected
2026-07-26 05:00:00+00:00,0.7291576,VALID,0.601218,VALID,13.0,VALID,Warning,WARN: Low flow rate detected
2026-07-26 06:00:00+00:00,0.7291576,VALID,0.601218,VALID,12.9,VALID,Warning,WARN: Low flow rate detected
2026-07-26 07:00:00+00:00,0.72491008,VALID,0.600456,VALID,12.9,VALID,Warning,WARN: Low flow rate detected
2026-07-26 08:00:00+00:00,0.73340512,VALID,0.60198,VALID,12.9,VALID,Warning,WARN: Low flow rate detected
2026-07-26 09:00:00+00:00,0.72491008,VALID,0.600456,VALID,12.9,VALID,Warning,WARN: Low flow rate detected
2026-07-26 10:00:00+00:00,0.72491008,VALID,0.600456,VALID,12.8,VALID,Warning,WARN: Low flow rate detected
2026-07-26 11:00:00+00:00,0.72491008,VALID,0.600456,VALID,12.8,VALID,Warning,WARN: Low flow rate detected
2026-07-26 12:00:00+00:00,0.72491008,VALID,0.600456,VALID,12.8,VALID,Warning,WARN: Low flow rate detected
2026-07-26 13:00:00+00:00,0.7291576,VALID,0.601218,VALID,12.8,VALID,Warning,WARN: Low flow rate detected
2026-07-26 14:00:00+00:00,0.72491008,VALID,0.600456,VALID,12.8,VALID,Warning,WARN: Low flow rate detected
2026-07-26 15:00:00+00:00,0.72491008,VALID,0.600456,VALID,13.1,VALID,Warning,WARN: Low flow rate detected
2026-07-26 16:00:00+00:00,0.72491008,VALID,0.600456,VALID,13.9,VALID,Warning,WARN: Low flow rate detected
2026-07-26 17:00:00+00:00,0.7419001599999999,VALID,0.603504,VALID,13.7,VALID,Warning,WARN: Low flow rate detected
2026-07-26 18:00:00+00:00,0.72491008,VALID,0.600456,VALID,13.8,VALID,Warning,WARN: Low flow rate detected
2026-07-26 19:00:00+00:00,0.72491008,VALID,0.600456,VALID,13.9,VALID,Warning,WARN: Low flow rate detected
2026-07-26 20:00:00+00:00,0.72491008,VALID,0.600456,VALID,13.9,VALID,Warning,WARN: Low flow rate detected
2026-07-26 21:00:00+00:00,0.72491008,VALID,0.600456,VALID,13.9,VALID,Warning,WARN: Low flow rate detected
2026-07-26 22:00:00+00:00,0.72137048,VALID,0.599694,VALID,13.8,VALID,Warning,WARN: Low flow rate detected
2026-07-26 23:00:00+00:00,0.72137048,VALID,0.599694,VALID,13.7,VALID,Warning,WARN: Low flow rate detected
2026-07-27 00:00:00+00:00,0.7291576,VALID,0.601218,VALID,13.7,VALID,Warning,WARN: Low flow rate detected
2026-07-27 01:00:00+00:00,0.72491008,VALID,0.600456,VALID,13.3,VALID,Warning,WARN: Low flow rate detected
2026-07-27 02:00:00+00:00,0.72491008,VALID,0.600456,VALID,13.2,VALID,Warning,WARN: Low flow rate detected
2026-07-27 03:00:00+00:00,0.72491008,VALID,0.600456,VALID,13.1,VALID,Warning,WARN: Low flow rate detected
2026-07-27 04:00:00+00:00,0.72491008,VALID,0.600456,VALID,13.0,VALID,Warning,WARN: Low flow rate detected
2026-07-27 05:00:00+00:00,0.7291576,VALID,0.601218,VALID,13.0,VALID,Warning,WARN: Low flow rate detected
2026-07-27 06:00:00+00:00,0.7291576,VALID,0.601218,VALID,13.0,VALID,Warning,WARN: Low flow rate detected
2026-07-27 07:00:00+00:00,0.72491008,VALID,0.600456,VALID,13.0,VALID,Warning,WARN: Low flow rate detected
2026-07-27 08:00:00+00:00,0.7419001599999999,VALID,0.603504,VALID,12.9,VALID,Warning,WARN: Low flow rate detected
2026-07-27 09:00:00+00:00,0.72491008,VALID,0.600456,VALID,12.9,VALID,Warning,WARN: Low flow rate detected
2026-07-27 10:00:00+00:00,0.73340512,VALID,0.60198,VALID,12.9,VALID,Warning,WARN: Low flow rate detected
2026-07-27 11:00:00+00:00,0.72491008,VALID,0.600456,VALID,12.9,VALID,Warning,WARN: Low flow rate detected
2026-07-27 12:00:00+00:00,0.7291576,VALID,0.601218,VALID,12.9,VALID,Warning,WARN: Low flow rate detected
2026-07-27 13:00:00+00:00,0.73340512,VALID,0.60198,VALID,12.8,VALID,Warning,WARN: Low flow rate detected
2026-07-27 14:00:00+00:00,0.7291576,VALID,0.601218,VALID,12.8,VALID,Warning,WARN: Low flow rate detected
2026-07-27 15:00:00+00:00,0.7419001599999999,VALID,0.603504,VALID,13.2,VALID,Warning,WARN: Low flow rate detected
2026-07-27 16:00:00+00:00,0.73340512,VALID,0.60198,VALID,14.0,VALID,Warning,WARN: Low flow rate detected
2026-07-27 17:00:00+00:00,0.73765264,VALID,0.602742,VALID,13.7,VALID,Warning,WARN: Low flow rate detected
2026-07-27 18:00:00+00:00,0.73340512,VALID,0.60198,VALID,13.9,VALID,Warning,WARN: Low flow rate detected
2026-07-27 19:00:00+00:00,0.7291576,VALID,0.601218,VALID,13.9,VALID,Warning,WARN: Low flow rate detected
2026-07-27 20:00:00+00:00,0.7291576,VALID,0.601218,VALID,13.9,VALID,Warning,WARN: Low flow rate detected
2026-07-27 21:00:00+00:00,0.73340512,VALID,0.60198,VALID,13.9,VALID,Warning,WARN: Low flow rate detected
2026-07-27 22:00:00+00:00,0.7291576,VALID,0.601218,VALID,13.8,VALID,Warning,WARN: Low flow rate detected
2026-07-27 23:00:00+00:00,0.72491008,VALID,0.600456,VALID,13.8,VALID,Warning,WARN: Low flow rate detected
2026-07-28 00:00:00+00:00,0.72491008,VALID,0.600456,VALID,13.7,VALID,Warning,WARN: Low flow rate detected
2026-07-28 01:00:00+00:00,0.72491008,VALID,0.600456,VALID,13.6,VALID,Warning,WARN: Low flow rate detected
2026-07-28 02:00:00+00:00,0.72491008,VALID,0.600456,VALID,13.6,VALID,Warning,WARN: Low flow rate detected
2026-07-28 03:00:00+00:00,0.72491008,VALID,0.600456,VALID,13.4,VALID,Warning,WARN: Low flow rate detected
2026-07-28 04:00:00+00:00,0.7291576,VALID,0.601218,VALID,13.1,VALID,Warning,WARN: Low flow rate detected
2026-07-28 05:00:00+00:00,0.72491008,VALID,0.600456,VALID,13.0,VALID,Warning,WARN: Low flow rate detected
2026-07-28 06:00:00+00:00,0.72491008,VALID,0.600456,VALID,13.0,VALID,Warning,WARN: Low flow rate detected
2026-07-28 07:00:00+00:00,0.72491008,VALID,0.600456,VALID,13.0,VALID,Warning,WARN: Low flow rate detected
2026-07-28 08:00:00+00:00,0.72491008,VALID,0.600456,VALID,13.0,VALID,Warning,WARN: Low flow rate detected
2026-07-28 09:00:00+00:00,0.72491008,VALID,0.600456,VALID,13.0,VALID,Warning,WARN: Low flow rate detected
2026-07-28 10:00:00+00:00,0.72491008,VALID,0.600456,VALID,12.9,VALID,Warning,WARN: Low flow rate detected
2026-07-28 11:00:00+00:00,0.72491008,VALID,0.600456,VALID,12.9,VALID,Warning,WARN: Low flow rate detected
2026-07-28 12:00:00+00:00,0.72491008,VALID,0.600456,VALID,12.9,VALID,Warning,WARN: Low flow rate detected
2026-07-28 13:00:00+00:00,0.72491008,VALID,0.600456,VALID,12.9,VALID,Warning,WARN: Low flow rate detected
2026-07-28 14:00:00+00:00,0.72491008,VALID,0.600456,VALID,12.8,VALID,Warning,WARN: Low flow rate detected
2026-07-28 15:00:00+00:00,0.72491008,VALID,0.600456,VALID,13.4,VALID,Warning,WARN: Low flow rate detected
2026-07-28 16:00:00+00:00,0.73340512,VALID,0.60198,VALID,13.9,VALID,Warning,WARN: Low flow rate detected
2026-07-28 17:00:00+00:00,0.73340512,VALID,0.60198,VALID,13.5,VALID,Warning,WARN: Low flow rate detected
2026-07-28 18:00:00+00:00,0.7291576,VALID,0.601218,VALID,13.9,VALID,Warning,WARN: Low flow rate detected
2026-07-28 19:00:00+00:00,0.7291576,VALID,0.601218,VALID,14.0,VALID,Warning,WARN: Low flow rate detected
2026-07-28 20:00:00+00:00,0.72491008,VALID,0.600456,VALID,13.9,VALID,Warning,WARN: Low flow rate detected
2026-07-28 21:00:00+00:00,0.72491008,VALID,0.600456,VALID,13.9,VALID,Warning,WARN: Low flow rate detected
2026-07-28 22:00:00+00:00,0.72491008,VALID,0.600456,VALID,13.8,VALID,Warning,WARN: Low flow rate detected
2026-07-28 23:00:00+00:00,0.72491008,VALID,0.600456,VALID,13.8,VALID,Warning,WARN: Low flow rate detected
2026-07-29 00:00:00+00:00,0.72491008,VALID,0.600456,VALID,13.7,VALID,Warning,WARN: Low flow rate detected
2026-07-29 01:00:00+00:00,0.72491008,VALID,0.600456,VALID,13.6,VALID,Warning,WARN: Low flow rate detected
2026-07-29 02:00:00+00:00,0.72491008,VALID,0.600456,VALID,13.7,VALID,Warning,WARN: Low flow rate detected
2026-07-29 03:00:00+00:00,0.7291576,VALID,0.601218,VALID,13.5,VALID,Warning,WARN: Low flow rate detected
2026-07-29 04:00:00+00:00,0.72491008,VALID,0.600456,VALID,13.1,VALID,Warning,WARN: Low flow rate detected
2026-07-29 05:00:00+00:00,0.72491008,VALID,0.600456,VALID,13.0,VALID,Warning,WARN: Low flow rate detected
2026-07-29 06:00:00+00:00,0.7291576,VALID,0.601218,VALID,13.0,VALID,Warning,WARN: Low flow rate detected
2026-07-29 07:00:00+00:00,0.72491008,VALID,0.600456,VALID,13.0,VALID,Warning,WARN: Low flow rate detected
2026-07-29 08:00:00+00:00,0.72491008,VALID,0.600456,VALID,13.0,VALID,Warning,WARN: Low flow rate detected
2026-07-29 09:00:00+00:00,0.72491008,VALID,0.600456,VALID,12.9,VALID,Warning,WARN: Low flow rate detected
2026-07-29 10:00:00+00:00,0.72491008,VALID,0.600456,VALID,12.9,VALID,Warning,WARN: Low flow rate detected
2026-07-29 11:00:00+00:00,0.72491008,VALID,0.600456,VALID,12.9,VALID,Warning,WARN: Low flow rate detected
2026-07-29 12:00:00+00:00,0.72491008,VALID,0.600456,VALID,12.9,VALID,Warning,WARN: Low flow rate detected
2026-07-29 13:00:00+00:00,0.72491008,VALID,0.600456,VALID,12.9,VALID,Warning,WARN: Low flow rate detected
2026-07-29 14:00:00+00:00,0.72491008,VALID,0.600456,VALID,12.8,VALID,Warning,WARN: Low flow rate detected
2026-07-29 15:00:00+00:00,0.72491008,VALID,0.600456,VALID,13.2,VALID,Warning,WARN: Low flow rate detected
2026-07-29 16:00:00+00:00,0.73765264,VALID,0.602742,VALID,14.0,VALID,Warning,WARN: Low flow rate detected
2026-07-29 17:00:00+00:00,0.725618,VALID,0.600456,VALID,13.7,VALID,Warning,WARN: Low flow rate detected
2026-07-29 18:00:00+00:00,0.73765264,VALID,0.602742,VALID,13.8,VALID,Warning,WARN: Low flow rate detected
2026-07-29 19:00:00+00:00,0.72491008,VALID,0.600456,VALID,13.9,VALID,Warning,WARN: Low flow rate detected
2026-07-29 20:00:00+00:00,0.72137048,VALID,0.599694,VALID,13.9,VALID,Warning,WARN: Low flow rate detected
2026-07-29 21:00:00+00:00,0.72137048,VALID,0.599694,VALID,13.8,VALID,Warning,WARN: Low flow rate detected
2026-07-29 22:00:00+00:00,0.72491008,VALID,0.600456,VALID,13.8,VALID,Warning,WARN: Low flow rate detected
2026-07-29 23:00:00+00:00,0.72137048,VALID,0.599694,VALID,13.8,VALID,Warning,WARN: Low flow rate detected
2026-07-30 00:00:00+00:00,0.72491008,VALID,0.600456,VALID,13.7,VALID,Warning,WARN: Low flow rate detected
2026-07-30 01:00:00+00:00,0.72491008,VALID,0.600456,VALID,13.7,VALID,Warning,WARN: Low flow rate detected
2026-07-30 02:00:00+00:00,0.72137048,VALID,0.599694,VALID,13.7,VALID,Warning,WARN: Low flow rate detected
2026-07-30 03:00:00+00:00,0.72137048,VALID,0.599694,VALID,13.1,VALID,Warning,WARN: Low flow rate detected
2026-07-30 04:00:00+00:00,0.72137048,VALID,0.599694,VALID,13.0,VALID,Warning,WARN: Low flow rate detected
2026-07-30 05:00:00+00:00,0.71783088,VALID,0.598932,VALID,13.0,VALID,Warning,WARN: Low flow rate detected
2026-07-30 06:00:00+00:00,0.71075168,VALID,0.597408,VALID,13.0,VALID,Warning,WARN: Low flow rate detected
2026-07-30 07:00:00+00:00,0.71075168,VALID,0.597408,VALID,13.0,VALID,Warning,WARN: Low flow rate detected
2026-07-30 08:00:00+00:00,0.71075168,VALID,0.597408,VALID,13.0,VALID,Warning,WARN: Low flow rate detected
2026-07-30 09:00:00+00:00,0.71783088,VALID,0.598932,VALID,12.9,VALID,Warning,WARN: Low flow rate detected
2026-07-30 10:00:00+00:00,0.71075168,VALID,0.597408,VALID,12.9,VALID,Warning,WARN: Low flow rate detected
2026-07-30 11:00:00+00:00,0.71429128,VALID,0.5981700000000001,VALID,12.9,VALID,Warning,WARN: Low flow rate detected
2026-07-30 12:00:00+00:00,0.71075168,VALID,0.597408,VALID,12.9,VALID,Warning,WARN: Low flow rate detected
2026-07-30 13:00:00+00:00,0.71429128,VALID,0.5981700000000001,VALID,12.8,VALID,Warning,WARN: Low flow rate detected
2026-07-30 14:00:00+00:00,0.72491008,VALID,0.600456,VALID,12.8,VALID,Warning,WARN: Low flow rate detected
2026-07-30 15:00:00+00:00,0.72491008,VALID,0.600456,VALID,13.4,VALID,Warning,WARN: Low flow rate detected
2026-07-30 16:00:00+00:00,0.72137048,VALID,0.599694,VALID,14.0,VALID,Warning,WARN: Low flow rate detected
2026-07-30 17:00:00+00:00,0.71783088,VALID,0.598932,VALID,13.7,VALID,Warning,WARN: Low flow rate detected
2026-07-30 18:00:00+00:00,0.7149992000000001,VALID,0.59817,VALID,13.9,VALID,Warning,WARN: Low flow rate detected
2026-07-30 19:00:00+00:00,0.72137048,VALID,0.599694,VALID,-999.0,VALID,Warning,WARN: Low flow rate detected
2026-07-30 20:00:00+00:00,0.72137048,VALID,0.599694,VALID,13.8,VALID,Warning,WARN: Low flow rate detected
2026-07-30 21:00:00+00:00,0.71075168,VALID,0.597408,VALID,13.8,VALID,Warning,WARN: Low flow rate detected
2026-07-30 22:00:00+00:00,0.72137048,VALID,0.599694,VALID,13.7,VALID,Warning,WARN: Low flow rate detected
2026-07-30 23:00:00+00:00,0.72491008,VALID,0.600456,VALID,13.7,VALID,Warning,WARN: Low flow rate detected
2026-07-31 00:00:00+00:00,0.72137048,VALID,0.599694,VALID,13.6,VALID,Warning,WARN: Low flow rate detected
2026-07-31 01:00:00+00:00,0.71783088,VALID,0.598932,VALID,13.6,VALID,Warning,WARN: Low flow rate detected
2026-07-31 02:00:00+00:00,0.71783088,VALID,0.598932,VALID,13.6,VALID,Warning,WARN: Low flow rate detected
2026-07-31 03:00:00+00:00,0.72491008,VALID,0.600456,VALID,13.5,VALID,Warning,WARN: Low flow rate detected
2026-07-31 04:00:00+00:00,0.71783088,VALID,0.598932,VALID,13.1,VALID,Warning,WARN: Low flow rate detected
2026-07-31 05:00:00+00:00,0.72491008,VALID,0.600456,VALID,13.0,VALID,Warning,WARN: Low flow rate detected
2026-07-31 06:00:00+00:00,0.72491008,VALID,0.600456,VALID,13.0,VALID,Warning,WARN: Low flow rate detected
2026-07-31 07:00:00+00:00,0.72137048,VALID,0.599694,VALID,13.0,VALID,Warning,WARN: Low flow rate detected
2026-07-31 08:00:00+00:00,0.72491008,VALID,0.600456,VALID,13.0,VALID,Warning,WARN: Low flow rate detected
2026-07-31 09:00:00+00:00,0.72491008,VALID,0.600456,VALID,12.9,VALID,Warning,WARN: Low flow rate detected
2026-07-31 10:00:00+00:00,0.72491008,VALID,0.600456,VALID,12.9,VALID,Warning,WARN: Low flow rate detected
2026-07-31 11:00:00+00:00,0.72137048,VALID,0.599694,VALID,12.9,VALID,Warning,WARN: Low flow rate detected
2026-07-31 12:00:00+00:00,0.72491008,VALID,0.600456,VALID,12.9,VALID,Warning,WARN: Low flow rate detected
2026-07-31 13:00:00+00:00,0.72491008,VALID,0.600456,VALID,12.8,VALID,Warning,WARN: Low flow rate detected
2026-07-31 14:00:00+00:00,0.72491008,VALID,0.600456,VALID,12.8,VALID,Warning,WARN: Low flow rate detected
2026-07-31 15:00:00+00:00,0.72491008,VALID,0.600456,VALID,13.2,VALID,Warning,WARN: Low flow rate detected
2026-07-31 16:00:00+00:00,0.75464272,VALID,0.60579,VALID,14.0,VALID,Warning,WARN: Low flow rate detected
2026-07-31 17:00:00+00:00,0.8254347200000001,VALID,0.617982,VALID,13.6,VALID,Warning,WARN: Low flow rate detected
2026-07-31 18:00:00+00:00,0.8211872,VALID,0.61722,VALID,13.8,VALID,Warning,WARN: Low flow rate detected
2026-07-31 19:00:00+00:00,0.80844464,VALID,0.614934,VALID,13.9,VALID,Warning,WARN: Low flow rate detected
2026-07-31 20:00:00+00:00,0.79570208,VALID,0.612648,VALID,13.9,VALID,Warning,WARN: Low flow rate detected
2026-07-31 21:00:00+00:00,0.7765882399999999,VALID,0.6096,VALID,13.8,VALID,Warning,WARN: Low flow rate detected
2026-07-31 22:00:00+00:00,0.75889024,VALID,0.606552,VALID,13.8,VALID,Warning,WARN: Low flow rate detected
2026-07-31 23:00:00+00:00,0.74614768,VALID,0.604266,VALID,13.7,VALID,Warning,WARN: Low flow rate detected
2026-08-01 00:00:00+00:00,0.7419001599999999,VALID,0.603504,VALID,13.6,VALID,Warning,WARN: Low flow rate detected
2026-08-01 01:00:00+00:00,0.7419001599999999,VALID,0.603504,VALID,13.6,VALID,Warning,WARN: Low flow rate detected
2026-08-01 02:00:00+00:00,0.7419001599999999,VALID,0.603504,VALID,13.6,VALID,Warning,WARN: Low flow rate detected
2026-08-01 03:00:00+00:00,0.73765264,VALID,0.602742,VALID,13.4,VALID,Warning,WARN: Low flow rate detected
2026-08-01 04:00:00+00:00,0.73765264,VALID,0.602742,VALID,13.0,VALID,Warning,WARN: Low flow rate detected
2026-08-01 05:00:00+00:00,0.73340512,VALID,0.60198,VALID,13.0,VALID,Warning,WARN: Low flow rate detected
2026-08-01 06:00:00+00:00,0.7291576,VALID,0.601218,VALID,13.0,VALID,Warning,WARN: Low flow rate detected
2026-08-01 07:00:00+00:00,0.72491008,VALID,0.600456,VALID,13.0,VALID,Warning,WARN: Low flow rate detected
2026-08-01 08:00:00+00:00,0.72491008,VALID,0.600456,VALID,13.0,VALID,Warning,WARN: Low flow rate detected
2026-08-01 09:00:00+00:00,0.71075168,VALID,0.597408,VALID,12.9,VALID,Warning,WARN: Low flow rate detected
2026-08-01 10:00:00+00:00,0.72137048,VALID,0.599694,VALID,12.9,VALID,Warning,WARN: Low flow rate detected
2026-08-01 11:00:00+00:00,0.72137048,VALID,0.599694,VALID,12.9,VALID,Warning,WARN: Low flow rate detected
2026-08-01 12:00:00+00:00,0.71783088,VALID,0.598932,VALID,12.9,VALID,Warning,WARN: Low flow rate detected
2026-08-01 13:00:00+00:00,0.71429128,VALID,0.5981700000000001,VALID,12.8,VALID,Warning,WARN: Low flow rate detected
2026-08-01 14:00:00+00:00,0.71075168,VALID,0.597408,VALID,12.8,VALID,Warning,WARN: Low flow rate detected
2026-08-01 15:00:00+00:00,0.71783088,VALID,0.598932,VALID,13.1,VALID,Warning,WARN: Low flow rate detected
2026-08-01 16:00:00+00:00,0.71429128,VALID,0.5981700000000001,VALID,13.5,VALID,Warning,WARN: Low flow rate detected
2026-08-01 17:00:00+00:00,0.71358336,VALID,0.59817,VALID,13.6,VALID,Warning,WARN: Low flow rate detected
2026-08-01 18:00:00+00:00,0.6937616,VALID,0.59436,VALID,13.8,VALID,Warning,WARN: Low flow rate detected
2026-08-01 19:00:00+00:00,0.69800912,VALID,0.595122,VALID,13.9,VALID,Warning,WARN: Low flow rate detected
2026-08-01 20:00:00+00:00,0.6937616,VALID,0.59436,VALID,13.9,VALID,Warning,WARN: Low flow rate detected
2026-08-01 21:00:00+00:00,0.70225664,VALID,0.5958840000000001,VALID,13.8,VALID,Warning,WARN: Low flow rate detected
2026-08-01 22:00:00+00:00,0.71075168,VALID,0.597408,VALID,13.8,VALID,Warning,WARN: Low flow rate detected
2026-08-01 23:00:00+00:00,0.7065041599999999,VALID,0.596646,VALID,13.7,VALID,Warning,WARN: Low flow rate detected
2026-08-02 00:00:00+00:00,0.70225664,VALID,0.5958840000000001,VALID,13.6,VALID,Warning,WARN: Low flow rate detected
2026-08-02 01:00:00+00:00,0.69800912,VALID,0.595122,VALID,13.6,VALID,Warning,WARN: Low flow rate detected
2026-08-02 02:00:00+00:00,0.71075168,VALID,0.597408,VALID,13.6,VALID,Warning,WARN: Low flow rate detected
2026-08-02 03:00:00+00:00,0.7065041599999999,VALID,0.596646,VALID,13.4,VALID,Warning,WARN: Low flow rate detected
2026-08-02 04:00:00+00:00,0.71075168,VALID,0.597408,VALID,13.0,VALID,Warning,WARN: Low flow rate detected
2026-08-02 05:00:00+00:00,0.70225664,VALID,0.5958840000000001,VALID,13.0,VALID,Warning,WARN: Low flow rate detected
2026-08-02 06:00:00+00:00,0.71075168,VALID,0.597408,VALID,13.0,VALID,Warning,WARN: Low flow rate detected
2026-08-02 07:00:00+00:00,0.71075168,VALID,0.597408,VALID,13.0,VALID,Warning,WARN: Low flow rate detected
2026-08-02 08:00:00+00:00,0.71075168,VALID,0.597408,VALID,13.0,VALID,Warning,WARN: Low flow rate detected
2026-08-02 09:00:00+00:00,0.71075168,VALID,0.597408,VALID,12.9,VALID,Warning,WARN: Low flow rate detected
2026-08-02 10:00:00+00:00,0.71075168,VALID,0.597408,VALID,12.9,VALID,Warning,WARN: Low flow rate detected
2026-08-02 11:00:00+00:00,0.71075168,VALID,0.597408,VALID,12.9,VALID,Warning,WARN: Low flow rate detected
2026-08-02 12:00:00+00:00,0.71075168,VALID,0.597408,VALID,12.9,VALID,Warning,WARN: Low flow rate detected
2026-08-02 13:00:00+00:00,0.71075168,VALID,0.597408,VALID,12.8,VALID,Warning,WARN: Low flow rate detected
2026-08-02 14:00:00+00:00,0.71075168,VALID,0.597408,VALID,12.8,VALID,Warning,WARN: Low flow rate detected
2026-08-02 15:00:00+00:00,0.71075168,VALID,0.597408,VALID,13.0,VALID,Warning,WARN: Low flow rate detected
2026-08-02 16:00:00+00:00,0.71075168,VALID,0.597408,VALID,13.3,VALID,Warning,WARN: Low flow rate detected
2026-08-02 17:00:00+00:00,0.71358336,VALID,0.59817,VALID,13.0,VALID,Warning,WARN: Low flow rate detected
2026-08-02 18:00:00+00:00,0.70579624,VALID,0.596646,VALID,13.6,VALID,Warning,WARN: Low flow rate detected
2026-08-02 19:00:00+00:00,0.71075168,VALID,0.597408,VALID,13.7,VALID,Warning,WARN: Low flow rate detected
2026-08-02 20:00:00+00:00,0.69800912,VALID,0.595122,VALID,13.9,VALID,Warning,WARN: Low flow rate detected
2026-08-02 21:00:00+00:00,0.70225664,VALID,0.5958840000000001,VALID,13.8,VALID,Warning,WARN: Low flow rate detected
2026-08-02 22:00:00+00:00,0.69800912,VALID,0.595122,VALID,13.8,VALID,Warning,WARN: Low flow rate detected
2026-08-02 23:00:00+00:00,0.6937616,VALID,0.59436,VALID,13.7,VALID,Warning,WARN: Low flow rate detected
2026-08-03 00:00:00+00:00,0.6937616,VALID,0.59436,VALID,13.6,VALID,Warning,WARN: Low flow rate detected
2026-08-03 01:00:00+00:00,0.6937616,VALID,0.59436,VALID,13.6,VALID,Warning,WARN: Low flow rate detected
2026-08-03 02:00:00+00:00,0.6937616,VALID,0.59436,VALID,13.6,VALID,Warning,WARN: Low flow rate detected
2026-08-03 03:00:00+00:00,0.70225664,VALID,0.5958840000000001,VALID,13.3,VALID,Warning,WARN: Low flow rate detected
2026-08-03 04:00:00+00:00,0.70225664,VALID,0.5958840000000001,VALID,13.1,VALID,Warning,WARN: Low flow rate detected
2026-08-03 05:00:00+00:00,0.71075168,VALID,0.597408,VALID,13.0,VALID,Warning,WARN: Low flow rate detected
2026-08-03 06:00:00+00:00,0.71075168,VALID,0.597408,VALID,13.0,VALID,Warning,WARN: Low flow rate detected
2026-08-03 07:00:00+00:00,0.71075168,VALID,0.597408,VALID,13.0,VALID,Warning,WARN: Low flow rate detected
2026-08-03 08:00:00+00:00,0.7065041599999999,VALID,0.596646,VALID,13.0,VALID,Warning,WARN: Low flow rate detected
2026-08-03 09:00:00+00:00,0.71075168,VALID,0.597408,VALID,12.9,VALID,Warning,WARN: Low flow rate detected
2026-08-03 10:00:00+00:00,0.71075168,VALID,0.597408,VALID,12.9,VALID,Warning,WARN: Low flow rate detected
2026-08-03 11:00:00+00:00,0.70225664,VALID,0.5958840000000001,VALID,12.9,VALID,Warning,WARN: Low flow rate detected
2026-08-03 12:00:00+00:00,0.71075168,VALID,0.597408,VALID,12.9,VALID,Warning,WARN: Low flow rate detected
2026-08-03 13:00:00+00:00,0.70225664,VALID,0.5958840000000001,VALID,12.8,VALID,Warning,WARN: Low flow rate detected
2026-08-03 14:00:00+00:00,0.71429128,VALID,0.5981700000000001,VALID,12.8,VALID,Warning,WARN: Low flow rate detected
2026-08-03 15:00:00+00:00,0.71429128,VALID,0.5981700000000001,VALID,13.1,VALID,Warning,WARN: Low flow rate detected
2026-08-03 16:00:00+00:00,0.7065041599999999,VALID,0.596646,VALID,14.0,VALID,Warning,WARN: Low flow rate detected
2026-08-03 17:00:00+00:00,0.69800912,VALID,0.595122,VALID,13.6,VALID,Warning,WARN: Low flow rate detected
2026-08-03 18:00:00+00:00,0.69800912,VALID,0.595122,VALID,13.8,VALID,Warning,WARN: Low flow rate detected
2026-08-03 19:00:00+00:00,0.7065041599999999,VALID,0.596646,VALID,13.9,VALID,Warning,WARN: Low flow rate detected
2026-08-03 20:00:00+00:00,0.7065041599999999,VALID,0.596646,VALID,13.8,VALID,Warning,WARN: Low flow rate detected
2026-08-03 21:00:00+00:00,0.6937616,VALID,0.59436,VALID,13.8,VALID,Warning,WARN: Low flow rate detected
2026-08-03 22:00:00+00:00,0.69800912,VALID,0.595122,VALID,13.8,VALID,Warning,WARN: Low flow rate detected
2026-08-03 23:00:00+00:00,0.6937616,VALID,0.59436,VALID,13.7,VALID,Warning,WARN: Low flow rate detected
2026-08-04 00:00:00+00:00,0.68101904,VALID,0.592074,VALID,13.6,VALID,Warning,WARN: Low flow rate detected
2026-08-04 01:00:00+00:00,0.6937616,VALID,0.59436,VALID,13.6,VALID,Warning,WARN: Low flow rate detected
2026-08-04 02:00:00+00:00,0.6937616,VALID,0.59436,VALID,13.6,VALID,Warning,WARN: Low flow rate detected
2026-08-04 03:00:00+00:00,0.6937616,VALID,0.59436,VALID,13.3,VALID,Warning,WARN: Low flow rate detected
2026-08-04 04:00:00+00:00,0.6937616,VALID,0.59436,VALID,13.1,VALID,Warning,WARN: Low flow rate detected
2026-08-04 05:00:00+00:00,0.6937616,VALID,0.59436,VALID,13.0,VALID,Warning,WARN: Low flow rate detected
2026-08-04 06:00:00+00:00,0.6895140799999999,VALID,0.5935980000000001,VALID,13.0,VALID,Warning,WARN: Low flow rate detected
2026-08-04 07:00:00+00:00,0.6895140799999999,VALID,0.5935980000000001,VALID,13.0,VALID,Warning,WARN: Low flow rate detected
2026-08-04 08:00:00+00:00,0.6937616,VALID,0.59436,VALID,13.0,VALID,Warning,WARN: Low flow rate detected
2026-08-04 09:00:00+00:00,0.6937616,VALID,0.59436,VALID,12.9,VALID,Warning,WARN: Low flow rate detected
2026-08-04 10:00:00+00:00,0.6937616,VALID,0.59436,VALID,12.9,VALID,Warning,WARN: Low flow rate detected
2026-08-04 11:00:00+00:00,0.68101904,VALID,0.592074,VALID,12.9,VALID,Warning,WARN: Low flow rate detected
2026-08-04 12:00:00+00:00,0.67677152,VALID,0.5913120000000001,VALID,12.9,VALID,Warning,WARN: Low flow rate detected
2026-08-04 13:00:00+00:00,0.67677152,VALID,0.5913120000000001,VALID,12.9,VALID,Warning,WARN: Low flow rate detected
2026-08-04 14:00:00+00:00,0.67677152,VALID,0.5913120000000001,VALID,12.8,VALID,Warning,WARN: Low flow rate detected
2026-08-04 15:00:00+00:00,0.6895140799999999,VALID,0.5935980000000001,VALID,13.0,VALID,Warning,WARN: Low flow rate detected
2026-08-04 16:00:00+00:00,0.690222,VALID,0.5935980000000001,VALID,13.6,VALID,Warning,WARN: Low flow rate detected
2026-08-04 17:00:00+00:00,0.67393984,VALID,0.59055,VALID,13.9,VALID,Warning,WARN: Low flow rate detected
2026-08-04 18:00:00+00:00,0.68101904,VALID,0.592074,VALID,13.9,VALID,Warning,WARN: Low flow rate detected
2026-08-04 19:00:00+00:00,0.66969232,VALID,0.589788,VALID,13.9,VALID,Warning,WARN: Low flow rate detected
2026-08-04 20:00:00+00:00,0.6661527199999999,VALID,0.589026,VALID,13.9,VALID,Warning,WARN: Low flow rate detected
2026-08-04 21:00:00+00:00,0.6626131199999999,VALID,0.588264,VALID,13.8,VALID,Warning,WARN: Low flow rate detected
2026-08-04 22:00:00+00:00,0.66969232,VALID,0.589788,VALID,13.8,VALID,Warning,WARN: Low flow rate detected
2026-08-04 23:00:00+00:00,0.6626131199999999,VALID,0.588264,VALID,13.7,VALID,Warning,WARN: Low flow rate detected
2026-08-05 00:00:00+00:00,0.6626131199999999,VALID,0.588264,VALID,13.6,VALID,Warning,WARN: Low flow rate detected
2026-08-05 01:00:00+00:00,0.6661527199999999,VALID,0.589026,VALID,13.6,VALID,Warning,WARN: Low flow rate detected
2026-08-05 02:00:00+00:00,0.66969232,VALID,0.589788,VALID,13.6,VALID,Warning,WARN: Low flow rate detected
2026-08-05 03:00:00+00:00,0.67323192,VALID,0.59055,VALID,13.4,VALID,Warning,WARN: Low flow rate detected
2026-08-05 04:00:00+00:00,0.67323192,VALID,0.59055,VALID,13.1,VALID,Warning,WARN: Low flow rate detected
2026-08-05 05:00:00+00:00,0.67677152,VALID,0.5913120000000001,VALID,13.0,VALID,Warning,WARN: Low flow rate detected
2026-08-05 06:00:00+00:00,0.68526656,VALID,0.592836,VALID,13.0,VALID,Warning,WARN: Low flow rate detected
2026-08-05 07:00:00+00:00,0.67677152,VALID,0.5913120000000001,VALID,13.0,VALID,Warning,WARN: Low flow rate detected
2026-08-05 08:00:00+00:00,0.67677152,VALID,0.5913120000000001,VALID,13.0,VALID,Warning,WARN: Low flow rate detected
2026-08-05 09:00:00+00:00,0.6895140799999999,VALID,0.5935980000000001,VALID,13.0,VALID,Warning,WARN: Low flow rate detected
2026-08-05 10:00:00+00:00,0.67677152,VALID,0.5913120000000001,VALID,12.9,VALID,Warning,WARN: Low flow rate detected
2026-08-05 11:00:00+00:00,0.67677152,VALID,0.5913120000000001,VALID,12.9,VALID,Warning,WARN: Low flow rate detected
2026-08-05 12:00:00+00:00,0.67677152,VALID,0.5913120000000001,VALID,12.9,VALID,Warning,WARN: Low flow rate detected
2026-08-05 13:00:00+00:00,0.67677152,VALID,0.5913120000000001,VALID,12.9,VALID,Warning,WARN: Low flow rate detected
2026-08-05 14:00:00+00:00,0.67323192,VALID,0.59055,VALID,12.8,VALID,Warning,WARN: Low flow rate detected
2026-08-05 15:00:00+00:00,0.67677152,VALID,0.5913120000000001,VALID,13.1,VALID,Warning,WARN: Low flow rate detected
2026-08-05 16:00:00+00:00,0.6895140799999999,VALID,0.5935980000000001,VALID,13.8,VALID,Warning,WARN: Low flow rate detected
2026-08-05 17:00:00+00:00,0.6654448,VALID,0.589026,VALID,13.3,VALID,Warning,WARN: Low flow rate detected
2026-08-05 18:00:00+00:00,0.6774794399999999,VALID,0.5913120000000001,VALID,13.8,VALID,Warning,WARN: Low flow rate detected
2026-08-05 19:00:00+00:00,0.64703888,VALID,0.585216,VALID,13.9,VALID,Warning,WARN: Low flow rate detected
2026-08-05 20:00:00+00:00,0.66969232,VALID,0.589788,VALID,13.9,VALID,Warning,WARN: Low flow rate detected
2026-08-05 21:00:00+00:00,0.6626131199999999,VALID,0.588264,VALID,13.8,VALID,Warning,WARN: Low flow rate detected
2026-08-05 22:00:00+00:00,0.67677152,VALID,0.5913120000000001,VALID,13.8,VALID,Warning,WARN: Low flow rate detected
2026-08-05 23:00:00+00:00,0.6774794399999999,VALID,0.5913120000000001,VALID,13.7,VALID,Warning,WARN: Low flow rate detected
2026-08-06 00:00:00+00:00,0.6661527199999999,VALID,0.589026,VALID,13.6,VALID,Warning,WARN: Low flow rate detected
2026-08-06 01:00:00+00:00,0.66969232,VALID,0.589788,VALID,13.7,VALID,Warning,WARN: Low flow rate detected
2026-08-06 02:00:00+00:00,0.66969232,VALID,0.589788,VALID,13.7,VALID,Warning,WARN: Low flow rate detected
2026-08-06 03:00:00+00:00,0.67677152,VALID,0.5913120000000001,VALID,13.4,VALID,Warning,WARN: Low flow rate detected
2026-08-06 04:00:00+00:00,0.67677152,VALID,0.5913120000000001,VALID,13.0,VALID,Warning,WARN: Low flow rate detected
2026-08-06 05:00:00+00:00,0.68526656,VALID,0.592836,VALID,13.0,VALID,Warning,WARN: Low flow rate detected
2026-08-06 06:00:00+00:00,0.68526656,VALID,0.592836,VALID,13.0,VALID,Warning,WARN: Low flow rate detected
2026-08-06 07:00:00+00:00,0.6937616,VALID,0.59436,VALID,13.0,VALID,Warning,WARN: Low flow rate detected
2026-08-06 08:00:00+00:00,0.8459644,VALID,0.61341,VALID,13.0,VALID,Warning,WARN: Low flow rate detected
2026-08-06 09:00:00+00:00,2.22853216,VALID,0.724662,VALID,12.9,VALID,Warning,WARN: Low flow rate detected
2026-08-06 10:00:00+00:00,1.94748792,VALID,0.707898,VALID,12.9,VALID,Warning,WARN: Low flow rate detected
2026-08-06 11:00:00+00:00,1.5758299199999999,VALID,0.686562,VALID,12.9,VALID,Warning,WARN: Low flow rate detected
2026-08-06 12:00:00+00:00,1.3082361599999999,VALID,0.6690360000000001,VALID,12.9,VALID,Warning,WARN: Low flow rate detected
2026-08-06 13:00:00+00:00,1.18435016,VALID,0.659892,VALID,12.8,VALID,Warning,WARN: Low flow rate detected
2026-08-06 14:00:00+00:00,1.0371028,VALID,0.6477,VALID,12.8,VALID,Warning,WARN: Low flow rate detected
2026-08-06 15:00:00+00:00,0.9606474399999999,VALID,0.6385560000000001,VALID,13.0,VALID,Warning,WARN: Low flow rate detected
2026-08-06 16:00:00+00:00,0.91888016,VALID,0.63246,VALID,13.6,VALID,Warning,WARN: Low flow rate detected
2026-08-06 17:00:00+00:00,0.87923664,VALID,0.6263639999999999,VALID,14.0,VALID,Warning,WARN: Low flow rate detected
2026-08-06 18:00:00+00:00,0.84454856,VALID,0.62103,VALID,14.0,VALID,Warning,WARN: Low flow rate detected
2026-08-06 19:00:00+00:00,0.81693968,VALID,0.616458,VALID,13.9,VALID,Warning,WARN: Low flow rate detected
2026-08-06 20:00:00+00:00,0.79074664,VALID,0.6118859999999999,VALID,13.9,VALID,Warning,WARN: Low flow rate detected
2026-08-06 21:00:00+00:00,0.79003872,VALID,0.611886,VALID,13.9,VALID,Warning,WARN: Low flow rate detected
2026-08-06 22:00:00+00:00,0.7263259200000001,VALID,0.600456,VALID,13.8,VALID,Warning,WARN: Low flow rate detected
2026-08-06 23:00:00+00:00,0.7419001599999999,VALID,0.603504,VALID,13.8,VALID,Warning,WARN: Low flow rate detected
2026-08-07 00:00:00+00:00,0.7716328,VALID,0.608838,VALID,13.6,VALID,Warning,WARN: Low flow rate detected
2026-08-07 01:00:00+00:00,0.75889024,VALID,0.606552,VALID,13.0,VALID,Warning,WARN: Low flow rate detected
2026-08-07 02:00:00+00:00,0.75889024,VALID,0.606552,VALID,13.0,VALID,Warning,WARN: Low flow rate detected
2026-08-07 03:00:00+00:00,0.75889024,VALID,0.606552,VALID,13.0,VALID,Warning,WARN: Low flow rate detected
2026-08-07 04:00:00+00:00,0.74614768,VALID,0.604266,VALID,13.0,VALID,Warning,WARN: Low flow rate detected
2026-08-07 05:00:00+00:00,0.74614768,VALID,0.604266,VALID,12.9,VALID,Warning,WARN: Low flow rate detected
2026-08-07 06:00:00+00:00,0.73765264,VALID,0.602742,VALID,12.9,VALID,Warning,WARN: Low flow rate detected
2026-08-07 07:00:00+00:00,0.7419001599999999,VALID,0.603504,VALID,12.9,VALID,Warning,WARN: Low flow rate detected
2026-08-07 08:00:00+00:00,3.17006576,VALID,0.771144,VALID,12.9,VALID,Warning,WARN: Low flow rate detected
2026-08-07 09:00:00+00:00,2.92512544,VALID,0.7612380000000001,VALID,12.9,VALID,Warning,WARN: Low flow rate detected
2026-08-07 10:00:00+00:00,2.36303696,VALID,0.732282,VALID,12.8,VALID,Warning,WARN: Low flow rate detected
2026-08-07 11:00:00+00:00,1.9786364,VALID,0.709422,VALID,12.8,VALID,Warning,WARN: Low flow rate detected
2026-08-07 12:00:00+00:00,1.6777704,VALID,0.692658,VALID,12.8,VALID,Warning,WARN: Low flow rate detected
2026-08-07 13:00:00+00:00,1.45194392,VALID,0.6789420000000002,VALID,12.8,VALID,Warning,WARN: Low flow rate detected
2026-08-07 14:00:00+00:00,1.2962015199999999,VALID,0.668274,VALID,12.8,VALID,Warning,WARN: Low flow rate detected
2026-08-07 15:00:00+00:00,1.203464,VALID,0.661416,VALID,13.0,VALID,Warning,WARN: Low flow rate detected
2026-08-07 16:00:00+00:00,1.11638984,VALID,0.6545580000000001,VALID,13.9,VALID,Warning,WARN: Low flow rate detected
2026-08-07 17:00:00+00:00,1.24664712,VALID,0.6629400000000001,VALID,13.6,VALID,Warning,WARN: Low flow rate detected
2026-08-07 18:00:00+00:00,2.2681756799999997,VALID,0.726948,VALID,13.8,VALID,Warning,WARN: Low flow rate detected
2026-08-07 19:00:00+00:00,2.2667598399999997,VALID,0.726948,VALID,14.0,VALID,Warning,WARN: Low flow rate detected
2026-08-07 20:00:00+00:00,2.0777452,VALID,0.715518,VALID,14.0,VALID,Warning,WARN: Low flow rate detected
2026-08-07 21:00:00+00:00,1.92837408,VALID,0.7063740000000001,VALID,13.9,VALID,Warning,WARN: Low flow rate detected
2026-08-07 22:00:00+00:00,1.7867900799999998,VALID,0.698754,VALID,13.9,VALID,Warning,WARN: Low flow rate detected
2026-08-07 23:00:00+00:00,1.63741896,VALID,0.690372,VALID,13.8,VALID,Warning,WARN: Low flow rate detected
2026-08-08 00:00:00+00:00,1.50008248,VALID,0.6819900000000001,VALID,13.7,VALID,Warning,WARN: Low flow rate detected
2026-08-08 01:00:00+00:00,1.38256776,VALID,0.6743700000000001,VALID,13.7,VALID,Warning,WARN: Low flow rate detected
2026-08-08 02:00:00+00:00,1.30682032,VALID,0.669036,VALID,13.7,VALID,Warning,WARN: Low flow rate detected
2026-08-08 03:00:00+00:00,1.22328576,VALID,0.6629400000000001,VALID,13.3,VALID,Warning,WARN: Low flow rate detected
2026-08-08 04:00:00+00:00,1.13408784,VALID,0.656082,VALID,13.1,VALID,Warning,WARN: Low flow rate detected
2026-08-08 05:00:00+00:00,1.0689591999999999,VALID,0.6507480000000001,VALID,13.0,VALID,Warning,WARN: Low flow rate detected
2026-08-08 06:00:00+00:00,1.0335632,VALID,0.6477,VALID,13.0,VALID,Warning,WARN: Low flow rate detected
2026-08-08 07:00:00+00:00,0.99958304,VALID,0.6438900000000001,VALID,13.0,VALID,Warning,WARN: Low flow rate detected
2026-08-08 08:00:00+00:00,0.97126624,VALID,0.6400800000000001,VALID,13.0,VALID,Warning,WARN: Low flow rate detected
2026-08-08 09:00:00+00:00,0.96135536,VALID,0.6385560000000001,VALID,12.9,VALID,Warning,WARN: Low flow rate detected
2026-08-08 10:00:00+00:00,0.94578112,VALID,0.6362700000000001,VALID,12.9,VALID,Warning,WARN: Low flow rate detected
2026-08-08 11:00:00+00:00,0.91392472,VALID,0.631698,VALID,12.9,VALID,Warning,WARN: Low flow rate detected
2026-08-08 12:00:00+00:00,0.90896928,VALID,0.6309359999999999,VALID,12.9,VALID,Warning,WARN: Low flow rate detected
2026-08-08 13:00:00+00:00,0.89410296,VALID,0.6286499999999999,VALID,12.9,VALID,Warning,WARN: Low flow rate detected
2026-08-08 14:00:00+00:00,0.87923664,VALID,0.6263639999999999,VALID,12.8,VALID,Warning,WARN: Low flow rate detected
2026-08-08 15:00:00+00:00,0.8742812,VALID,0.625602,VALID,13.1,VALID,Warning,WARN: Low flow rate detected
2026-08-08 16:00:00+00:00,0.8643703199999999,VALID,0.6240779999999999,VALID,13.9,VALID,Warning,WARN: Low flow rate detected
2026-08-08 17:00:00+00:00,0.84454856,VALID,0.62103,VALID,13.3,VALID,Warning,WARN: Low flow rate detected
2026-08-08 18:00:00+00:00,0.83959312,VALID,0.620268,VALID,13.9,VALID,Warning,WARN: Low flow rate detected
2026-08-08 19:00:00+00:00,0.81693968,VALID,0.616458,VALID,14.0,VALID,Warning,WARN: Low flow rate detected
2026-08-08 20:00:00+00:00,0.80844464,VALID,0.614934,VALID,13.9,VALID,Warning,WARN: Low flow rate detected
2026-08-08 21:00:00+00:00,0.80419712,VALID,0.6141719999999999,VALID,13.9,VALID,Warning,WARN: Low flow rate detected
2026-08-08 22:00:00+00:00,0.80419712,VALID,0.6141719999999999,VALID,13.8,VALID,Warning,WARN: Low flow rate detected
2026-08-08 23:00:00+00:00,0.79570208,VALID,0.612648,VALID,13.8,VALID,Warning,WARN: Low flow rate detected
2026-08-09 00:00:00+00:00,0.79074664,VALID,0.6118859999999999,VALID,13.8,VALID,Warning,WARN: Low flow rate detected
2026-08-09 01:00:00+00:00,0.78083576,VALID,0.6103620000000001,VALID,13.7,VALID,Warning,WARN: Low flow rate detected
2026-08-09 02:00:00+00:00,0.78083576,VALID,0.6103620000000001,VALID,13.6,VALID,Warning,WARN: Low flow rate detected
2026-08-09 03:00:00+00:00,0.77588032,VALID,0.6096,VALID,13.0,VALID,Warning,WARN: Low flow rate detected
2026-08-09 04:00:00+00:00,0.77588032,VALID,0.6096,VALID,13.0,VALID,Warning,WARN: Low flow rate detected
2026-08-09 05:00:00+00:00,0.77588032,VALID,0.6096,VALID,13.0,VALID,Warning,WARN: Low flow rate detected
2026-08-09 06:00:00+00:00,0.75889024,VALID,0.606552,VALID,13.0,VALID,Warning,WARN: Low flow rate detected
2026-08-09 07:00:00+00:00,0.7716328,VALID,0.608838,VALID,13.0,VALID,Warning,WARN: Low flow rate detected
2026-08-09 08:00:00+00:00,0.75889024,VALID,0.606552,VALID,13.0,VALID,Warning,WARN: Low flow rate detected
2026-08-09 09:00:00+00:00,0.7673852800000001,VALID,0.6080760000000001,VALID,12.9,VALID,Warning,WARN: Low flow rate detected
2026-08-09 10:00:00+00:00,0.75889024,VALID,0.606552,VALID,12.9,VALID,Warning,WARN: Low flow rate detected
2026-08-09 11:00:00+00:00,0.75889024,VALID,0.606552,VALID,12.9,VALID,Warning,WARN: Low flow rate detected
2026-08-09 12:00:00+00:00,0.7503952,VALID,0.605028,VALID,12.9,VALID,Warning,WARN: Low flow rate detected
2026-08-09 13:00:00+00:00,0.75464272,VALID,0.60579,VALID,12.8,VALID,Warning,WARN: Low flow rate detected
2026-08-09 14:00:00+00:00,0.7503952,VALID,0.605028,VALID,12.8,VALID,Warning,WARN: Low flow rate detected
2026-08-09 15:00:00+00:00,0.7503952,VALID,0.605028,VALID,12.9,VALID,Warning,WARN: Low flow rate detected
2026-08-09 16:00:00+00:00,0.74614768,VALID,0.604266,VALID,13.6,VALID,Warning,WARN: Low flow rate detected
2026-08-09 17:00:00+00:00,0.7419001599999999,VALID,0.603504,VALID,13.7,VALID,Warning,WARN: Low flow rate detected
2026-08-09 18:00:00+00:00,0.7419001599999999,VALID,0.603504,VALID,14.0,VALID,Warning,WARN: Low flow rate detected
2026-08-09 19:00:00+00:00,0.73340512,VALID,0.60198,VALID,14.0,VALID,Warning,WARN: Low flow rate detected
2026-08-09 20:00:00+00:00,0.72491008,VALID,0.600456,VALID,13.9,VALID,Warning,WARN: Low flow rate detected
2026-08-09 21:00:00+00:00,0.7291576,VALID,0.601218,VALID,13.9,VALID,Warning,WARN: Low flow rate detected
2026-08-09 22:00:00+00:00,0.72491008,VALID,0.600456,VALID,13.8,VALID,Warning,WARN: Low flow rate detected
2026-08-09 23:00:00+00:00,0.73765264,VALID,0.602742,VALID,13.8,VALID,Warning,WARN: Low flow rate detected
2026-08-10 00:00:00+00:00,0.7291576,VALID,0.601218,VALID,13.6,VALID,Warning,WARN: Low flow rate detected
2026-08-10 01:00:00+00:00,0.71783088,VALID,0.598932,VALID,13.7,VALID,Warning,WARN: Low flow rate detected
2026-08-10 02:00:00+00:00,0.7291576,VALID,0.601218,VALID,13.7,VALID,Warning,WARN: Low flow rate detected
2026-08-10 03:00:00+00:00,0.7291576,VALID,0.601218,VALID,13.3,VALID,Warning,WARN: Low flow rate detected
2026-08-10 04:00:00+00:00,0.73765264,VALID,0.602742,VALID,13.0,VALID,Warning,WARN: Low flow rate detected
2026-08-10 05:00:00+00:00,0.73340512,VALID,0.60198,VALID,13.0,VALID,Warning,WARN: Low flow rate detected
2026-08-10 06:00:00+00:00,0.73765264,VALID,0.602742,VALID,13.0,VALID,Warning,WARN: Low flow rate detected
2026-08-10 07:00:00+00:00,0.7419001599999999,VALID,0.603504,VALID,13.0,VALID,Warning,WARN: Low flow rate detected
2026-08-10 08:00:00+00:00,0.7419001599999999,VALID,0.603504,VALID,13.0,VALID,Warning,WARN: Low flow rate detected
2026-08-10 09:00:00+00:00,0.7419001599999999,VALID,0.603504,VALID,12.9,VALID,Warning,WARN: Low flow rate detected
2026-08-10 10:00:00+00:00,0.74614768,VALID,0.604266,VALID,12.9,VALID,Warning,WARN: Low flow rate detected
2026-08-10 11:00:00+00:00,0.7503952,VALID,0.605028,VALID,12.9,VALID,Warning,WARN: Low flow rate detected
2026-08-10 12:00:00+00:00,0.76313776,VALID,0.607314,VALID,12.9,VALID,Warning,WARN: Low flow rate detected
2026-08-10 13:00:00+00:00,0.77588032,VALID,0.6096,VALID,12.9,VALID,Warning,WARN: Low flow rate detected
2026-08-10 14:00:00+00:00,0.7673852800000001,VALID,0.6080760000000001,VALID,12.9,VALID,Warning,WARN: Low flow rate detected
2026-08-10 15:00:00+00:00,0.7673852800000001,VALID,0.6080760000000001,VALID,13.3,VALID,Warning,WARN: Low flow rate detected
2026-08-10 16:00:00+00:00,0.7503952,VALID,0.605028,VALID,13.9,VALID,Warning,WARN: Low flow rate detected
2026-08-10 17:00:00+00:00,0.74614768,VALID,0.604266,VALID,13.9,VALID,Warning,WARN: Low flow rate detected
2026-08-10 18:00:00+00:00,0.73411304,VALID,0.6019800000000001,VALID,13.9,VALID,Warning,WARN: Low flow rate detected
2026-08-10 19:00:00+00:00,0.73340512,VALID,0.60198,VALID,13.9,VALID,Warning,WARN: Low flow rate detected
2026-08-10 20:00:00+00:00,0.7419001599999999,VALID,0.603504,VALID,13.8,VALID,Warning,WARN: Low flow rate detected
2026-08-10 21:00:00+00:00,0.73765264,VALID,0.602742,VALID,13.8,VALID,Warning,WARN: Low flow rate detected
2026-08-10 22:00:00+00:00,0.73765264,VALID,0.602742,VALID,13.8,VALID,Warning,WARN: Low flow rate detected
2026-08-10 23:00:00+00:00,0.72491008,VALID,0.600456,VALID,13.8,VALID,Warning,WARN: Low flow rate detected
2026-08-11 00:00:00+00:00,0.72491008,VALID,0.600456,VALID,13.7,VALID,Warning,WARN: Low flow rate detected
2026-08-11 01:00:00+00:00,0.7291576,VALID,0.601218,VALID,13.7,VALID,Warning,WARN: Low flow rate detected
2026-08-11 02:00:00+00:00,0.72491008,VALID,0.600456,VALID,13.6,VALID,Warning,WARN: Low flow rate detected
2026-08-11 03:00:00+00:00,0.73765264,VALID,0.602742,VALID,13.2,VALID,Warning,WARN: Low flow rate detected
2026-08-11 04:00:00+00:00,0.7419001599999999,VALID,0.603504,VALID,13.0,VALID,Warning,WARN: Low flow rate detected
2026-08-11 05:00:00+00:00,0.7419001599999999,VALID,0.603504,VALID,13.0,VALID,Warning,WARN: Low flow rate detected
2026-08-11 06:00:00+00:00,0.7419001599999999,VALID,0.603504,VALID,13.0,VALID,Warning,WARN: Low flow rate detected
2026-08-11 07:00:00+00:00,0.7419001599999999,VALID,0.603504,VALID,13.0,VALID,Warning,WARN: Low flow rate detected
2026-08-11 08:00:00+00:00,0.7419001599999999,VALID,0.603504,VALID,13.0,VALID,Warning,WARN: Low flow rate detected
2026-08-11 09:00:00+00:00,0.7419001599999999,VALID,0.603504,VALID,12.9,VALID,Warning,WARN: Low flow rate detected
2026-08-11 10:00:00+00:00,0.7419001599999999,VALID,0.603504,VALID,12.9,VALID,Warning,WARN: Low flow rate detected
2026-08-11 11:00:00+00:00,0.7291576,VALID,0.601218,VALID,12.9,VALID,Warning,WARN: Low flow rate detected
2026-08-11 12:00:00+00:00,0.7291576,VALID,0.601218,VALID,12.9,VALID,Warning,WARN: Low flow rate detected
2026-08-11 13:00:00+00:00,0.7291576,VALID,0.601218,VALID,12.9,VALID,Warning,WARN: Low flow rate detected
2026-08-11 14:00:00+00:00,0.7419001599999999,VALID,0.603504,VALID,12.8,VALID,Warning,WARN: Low flow rate detected
2026-08-11 15:00:00+00:00,0.73765264,VALID,0.602742,VALID,13.1,VALID,Warning,WARN: Low flow rate detected
2026-08-11 16:00:00+00:00,0.7419001599999999,VALID,0.603504,VALID,13.3,VALID,Warning,WARN: Low flow rate detected
2026-08-11 17:00:00+00:00,0.7291576,VALID,0.601218,VALID,13.3,VALID,Warning,WARN: Low flow rate detected
2026-08-11 18:00:00+00:00,0.7291576,VALID,0.601218,VALID,13.9,VALID,Warning,WARN: Low flow rate detected
2026-08-11 19:00:00+00:00,0.73340512,VALID,0.60198,VALID,13.9,VALID,Warning,WARN: Low flow rate detected
2026-08-11 20:00:00+00:00,0.7298655199999999,VALID,0.601218,VALID,13.9,VALID,Warning,WARN: Low flow rate detected
2026-08-11 21:00:00+00:00,0.72137048,VALID,0.599694,VALID,13.9,VALID,Warning,WARN: Low flow rate detected
2026-08-11 22:00:00+00:00,0.7291576,VALID,0.601218,VALID,13.8,VALID,Warning,WARN: Low flow rate detected
2026-08-11 23:00:00+00:00,0.72137048,VALID,0.599694,VALID,13.8,VALID,Warning,WARN: Low flow rate detected
2026-08-12 00:00:00+00:00,0.72491008,VALID,0.600456,VALID,13.7,VALID,Warning,WARN: Low flow rate detected
2026-08-12 01:00:00+00:00,0.73340512,VALID,0.60198,VALID,13.6,VALID,Warning,WARN: Low flow rate detected
2026-08-12 02:00:00+00:00,0.7419001599999999,VALID,0.603504,VALID,13.1,VALID,Warning,WARN: Low flow rate detected
2026-08-12 03:00:00+00:00,0.7419001599999999,VALID,0.603504,VALID,13.0,VALID,Warning,WARN: Low flow rate detected
2026-08-12 04:00:00+00:00,0.74614768,VALID,0.604266,VALID,13.0,VALID,Warning,WARN: Low flow rate detected
2026-08-12 05:00:00+00:00,0.74614768,VALID,0.604266,VALID,13.0,VALID,Warning,WARN: Low flow rate detected
2026-08-12 06:00:00+00:00,0.8105684,VALID,0.6149340000000001,VALID,12.9,VALID,Warning,WARN: Low flow rate detected
2026-08-12 07:00:00+00:00,1.0519691199999999,VALID,0.649224,VALID,12.9,VALID,Warning,WARN: Low flow rate detected
2026-08-12 08:00:00+00:00,0.95639992,VALID,0.637794,VALID,12.9,VALID,Warning,WARN: Low flow rate detected
2026-08-12 09:00:00+00:00,0.8742812,VALID,0.625602,VALID,12.9,VALID,Warning,WARN: Low flow rate detected
2026-08-12 10:00:00+00:00,0.85941488,VALID,0.623316,VALID,12.9,VALID,Warning,WARN: Low flow rate detected
2026-08-12 11:00:00+00:00,1.02436024,VALID,0.645414,VALID,12.8,VALID,Warning,WARN: Low flow rate detected
2026-08-12 12:00:00+00:00,1.1836422400000002,VALID,0.659892,VALID,12.8,VALID,Warning,WARN: Low flow rate detected
2026-08-12 13:00:00+00:00,1.16382048,VALID,0.6583680000000001,VALID,12.8,VALID,Warning,WARN: Low flow rate detected
2026-08-12 14:00:00+00:00,1.0696671199999999,VALID,0.6507480000000001,VALID,12.8,VALID,Warning,WARN: Low flow rate detected
2026-08-12 15:00:00+00:00,0.9833008799999999,VALID,0.6416040000000001,VALID,13.0,VALID,Warning,WARN: Low flow rate detected
2026-08-12 16:00:00+00:00,0.9401177599999999,VALID,0.6355080000000001,VALID,13.7,VALID,Warning,WARN: Low flow rate detected
2026-08-12 17:00:00+00:00,0.90401384,VALID,0.630174,VALID,13.8,VALID,Warning,WARN: Low flow rate detected
2026-08-12 18:00:00+00:00,0.86437032,VALID,0.624078,VALID,14.0,VALID,Warning,WARN: Low flow rate detected
2026-08-12 19:00:00+00:00,0.81693968,VALID,0.616458,VALID,14.0,VALID,Warning,WARN: Low flow rate detected
2026-08-12 20:00:00+00:00,0.8544594400000001,VALID,0.622554,VALID,14.0,VALID,Warning,WARN: Low flow rate detected
2026-08-12 21:00:00+00:00,0.8211872,VALID,0.61722,VALID,13.3,VALID,Warning,WARN: Low flow rate detected
2026-08-12 22:00:00+00:00,0.80419712,VALID,0.6141719999999999,VALID,13.9,VALID,Warning,WARN: Low flow rate detected
2026-08-12 23:00:00+00:00,0.79570208,VALID,0.612648,VALID,14.0,VALID,Warning,WARN: Low flow rate detected
2026-08-13 00:00:00+00:00,0.78083576,VALID,0.6103620000000001,VALID,13.7,VALID,Warning,WARN: Low flow rate detected
2026-08-13 01:00:00+00:00,0.77588032,VALID,0.6096,VALID,14.0,VALID,Warning,WARN: Low flow rate detected
2026-08-13 02:00:00+00:00,0.7673852800000001,VALID,0.6080760000000001,VALID,13.5,VALID,Warning,WARN: Low flow rate detected
2026-08-13 03:00:00+00:00,0.75889024,VALID,0.606552,VALID,13.0,VALID,Warning,WARN: Low flow rate detected
2026-08-13 04:00:00+00:00,0.75889024,VALID,0.606552,VALID,13.0,VALID,Warning,WARN: Low flow rate detected
2026-08-13 05:00:00+00:00,0.76313776,VALID,0.607314,VALID,13.0,VALID,Warning,WARN: Low flow rate detected
2026-08-13 06:00:00+00:00,0.75889024,VALID,0.606552,VALID,13.0,VALID,Warning,WARN: Low flow rate detected
2026-08-13 07:00:00+00:00,0.76313776,VALID,0.607314,VALID,13.0,VALID,Warning,WARN: Low flow rate detected
2026-08-13 08:00:00+00:00,0.76313776,VALID,0.607314,VALID,12.9,VALID,Warning,WARN: Low flow rate detected
2026-08-13 09:00:00+00:00,0.80844464,VALID,0.614934,VALID,12.9,VALID,Warning,WARN: Low flow rate detected
2026-08-13 10:00:00+00:00,0.9139247199999999,VALID,0.6316980000000001,VALID,12.9,VALID,Warning,WARN: Low flow rate detected
2026-08-13 11:00:00+00:00,0.90896928,VALID,0.6309359999999999,VALID,12.9,VALID,Warning,WARN: Low flow rate detected
2026-08-13 12:00:00+00:00,0.8841920799999999,VALID,0.627126,VALID,12.9,VALID,Warning,WARN: Low flow rate detected
2026-08-13 13:00:00+00:00,0.85941488,VALID,0.623316,VALID,12.8,VALID,Warning,WARN: Low flow rate detected
2026-08-13 14:00:00+00:00,0.83463768,VALID,0.619506,VALID,12.8,VALID,Warning,WARN: Low flow rate detected
2026-08-13 15:00:00+00:00,0.81693968,VALID,0.616458,VALID,13.0,VALID,Warning,WARN: Low flow rate detected
2026-08-13 16:00:00+00:00,0.80419712,VALID,0.6141719999999999,VALID,13.8,VALID,Warning,WARN: Low flow rate detected
2026-08-13 17:00:00+00:00,0.79570208,VALID,0.612648,VALID,13.7,VALID,Warning,WARN: Low flow rate detected
2026-08-13 18:00:00+00:00,0.78083576,VALID,0.6103620000000001,VALID,14.0,VALID,Warning,WARN: Low flow rate detected
2026-08-13 19:00:00+00:00,0.7716328,VALID,0.608838,VALID,14.0,VALID,Warning,WARN: Low flow rate detected
2026-08-13 20:00:00+00:00,0.7716328,VALID,0.608838,VALID,14.0,VALID,Warning,WARN: Low flow rate detected
2026-08-13 21:00:00+00:00,0.7857912,VALID,0.611124,VALID,14.0,VALID,Warning,WARN: Low flow rate detected
2026-08-13 22:00:00+00:00,0.77588032,VALID,0.6096,VALID,13.9,VALID,Warning,WARN: Low flow rate detected
2026-08-13 23:00:00+00:00,0.7716328,VALID,0.608838,VALID,13.9,VALID,Warning,WARN: Low flow rate detected
2026-08-14 00:00:00+00:00,0.76313776,VALID,0.607314,VALID,13.9,VALID,Warning,WARN: Low flow rate detected
2026-08-14 01:00:00+00:00,0.7673852800000001,VALID,0.6080760000000001,VALID,13.8,VALID,Warning,WARN: Low flow rate detected
2026-08-14 02:00:00+00:00,0.75889024,VALID,0.606552,VALID,13.7,VALID,Warning,WARN: Low flow rate detected
2026-08-14 03:00:00+00:00,0.75889024,VALID,0.606552,VALID,13.1,VALID,Warning,WARN: Low flow rate detected
2026-08-14 04:00:00+00:00,0.7503952,VALID,0.605028,VALID,13.0,VALID,Warning,WARN: Low flow rate detected
2026-08-14 05:00:00+00:00,0.74614768,VALID,0.604266,VALID,13.0,VALID,Warning,WARN: Low flow rate detected
2026-08-14 06:00:00+00:00,0.7419001599999999,VALID,0.603504,VALID,13.0,VALID,Warning,WARN: Low flow rate detected
2026-08-14 07:00:00+00:00,0.7419001599999999,VALID,0.603504,VALID,13.0,VALID,Warning,WARN: Low flow rate detected
2026-08-14 08:00:00+00:00,0.74614768,VALID,0.604266,VALID,13.0,VALID,Warning,WARN: Low flow rate detected
2026-08-14 09:00:00+00:00,0.7419001599999999,VALID,0.603504,VALID,12.9,VALID,Warning,WARN: Low flow rate detected
2026-08-14 10:00:00+00:00,0.7503952,VALID,0.605028,VALID,12.9,VALID,Warning,WARN: Low flow rate detected
2026-08-14 11:00:00+00:00,0.7503952,VALID,0.605028,VALID,12.9,VALID,Warning,WARN: Low flow rate detected
2026-08-14 12:00:00+00:00,0.75889024,VALID,0.606552,VALID,12.9,VALID,Warning,WARN: Low flow rate detected
2026-08-14 13:00:00+00:00,0.75889024,VALID,0.606552,VALID,12.8,VALID,Warning,WARN: Low flow rate detected
2026-08-14 14:00:00+00:00,0.75889024,VALID,0.606552,VALID,12.8,VALID,Warning,WARN: Low flow rate detected
2026-08-14 15:00:00+00:00,0.75889024,VALID,0.606552,VALID,13.1,VALID,Warning,WARN: Low flow rate detected
2026-08-14 16:00:00+00:00,0.78083576,VALID,0.6103620000000001,VALID,13.7,VALID,Warning,WARN: Low flow rate detected
2026-08-14 17:00:00+00:00,0.78083576,VALID,0.6103620000000001,VALID,13.5,VALID,Warning,WARN: Low flow rate detected
2026-08-14 18:00:00+00:00,0.78083576,VALID,0.6103620000000001,VALID,14.0,VALID,Warning,WARN: Low flow rate detected
2026-08-14 19:00:00+00:00,0.7716328,VALID,0.608838,VALID,14.0,VALID,Warning,WARN: Low flow rate detected
2026-08-14 20:00:00+00:00,0.76313776,VALID,0.607314,VALID,14.0,VALID,Warning,WARN: Low flow rate detected
2026-08-14 21:00:00+00:00,0.75889024,VALID,0.606552,VALID,13.9,VALID,Warning,WARN: Low flow rate detected
2026-08-14 22:00:00+00:00,0.7716328,VALID,0.608838,VALID,13.9,VALID,Warning,WARN: Low flow rate detected
2026-08-14 23:00:00+00:00,0.76313776,VALID,0.607314,VALID,13.8,VALID,Warning,WARN: Low flow rate detected
2026-08-15 00:00:00+00:00,0.75889024,VALID,0.606552,VALID,13.9,VALID,Warning,WARN: Low flow rate detected
2026-08-15 01:00:00+00:00,0.75889024,VALID,0.606552,VALID,13.9,VALID,Warning,WARN: Low flow rate detected
2026-08-15 02:00:00+00:00,0.75889024,VALID,0.606552,VALID,13.6,VALID,Warning,WARN: Low flow rate detected
2026-08-15 03:00:00+00:00,0.75889024,VALID,0.606552,VALID,13.2,VALID,Warning,WARN: Low flow rate detected
2026-08-15 04:00:00+00:00,0.75889024,VALID,0.606552,VALID,13.0,VALID,Warning,WARN: Low flow rate detected
2026-08-15 05:00:00+00:00,0.75889024,VALID,0.606552,VALID,13.0,VALID,Warning,WARN: Low flow rate detected
2026-08-15 06:00:00+00:00,0.75889024,VALID,0.606552,VALID,13.0,VALID,Warning,WARN: Low flow rate detected
2026-08-15 07:00:00+00:00,0.75889024,VALID,0.606552,VALID,13.0,VALID,Warning,WARN: Low flow rate detected
2026-08-15 08:00:00+00:00,0.75889024,VALID,0.606552,VALID,12.9,VALID,Warning,WARN: Low flow rate detected
2026-08-15 09:00:00+00:00,0.7503952,VALID,0.605028,VALID,12.9,VALID,Warning,WARN: Low flow rate detected
2026-08-15 10:00:00+00:00,0.7419001599999999,VALID,0.603504,VALID,12.9,VALID,Warning,WARN: Low flow rate detected
2026-08-15 11:00:00+00:00,0.7419001599999999,VALID,0.603504,VALID,12.9,VALID,Warning,WARN: Low flow rate detected
2026-08-15 12:00:00+00:00,0.74614768,VALID,0.604266,VALID,12.9,VALID,Warning,WARN: Low flow rate detected
2026-08-15 13:00:00+00:00,0.7419001599999999,VALID,0.603504,VALID,12.8,VALID,Warning,WARN: Low flow rate detected
2026-08-15 14:00:00+00:00,0.7419001599999999,VALID,0.603504,VALID,12.8,VALID,Warning,WARN: Low flow rate detected
2026-08-15 15:00:00+00:00,0.7419001599999999,VALID,0.603504,VALID,12.9,VALID,Warning,WARN: Low flow rate detected
2026-08-15 16:00:00+00:00,0.75464272,VALID,0.60579,VALID,13.9,VALID,Warning,WARN: Low flow rate detected
2026-08-15 17:00:00+00:00,0.7419001599999999,VALID,0.603504,VALID,13.6,VALID,Warning,WARN: Low flow rate detected
2026-08-15 18:00:00+00:00,0.73765264,VALID,0.602742,VALID,13.8,VALID,Warning,WARN: Low flow rate detected
2026-08-15 19:00:00+00:00,0.7291576,VALID,0.601218,VALID,14.0,VALID,Warning,WARN: Low flow rate detected
2026-08-15 20:00:00+00:00,0.73340512,VALID,0.60198,VALID,14.0,VALID,Warning,WARN: Low flow rate detected
2026-08-15 21:00:00+00:00,0.73340512,VALID,0.60198,VALID,14.0,VALID,Warning,WARN: Low flow rate detected
2026-08-15 22:00:00+00:00,0.71712296,VALID,0.598932,VALID,13.9,VALID,Warning,WARN: Low flow rate detected
2026-08-15 23:00:00+00:00,0.73765264,VALID,0.602742,VALID,13.9,VALID,Warning,WARN: Low flow rate detected
2026-08-16 00:00:00+00:00,0.7419001599999999,VALID,0.603504,VALID,13.8,VALID,Warning,WARN: Low flow rate detected
2026-08-16 01:00:00+00:00,0.73765264,VALID,0.602742,VALID,13.8,VALID,Warning,WARN: Low flow rate detected
2026-08-16 02:00:00+00:00,0.73765264,VALID,0.602742,VALID,13.8,VALID,Warning,WARN: Low flow rate detected
2026-08-16 03:00:00+00:00,0.7291576,VALID,0.601218,VALID,13.4,VALID,Warning,WARN: Low flow rate detected
2026-08-16 04:00:00+00:00,0.73340512,VALID,0.60198,VALID,13.1,VALID,Warning,WARN: Low flow rate detected
2026-08-16 05:00:00+00:00,0.73765264,VALID,0.602742,VALID,13.0,VALID,Warning,WARN: Low flow rate detected
2026-08-16 06:00:00+00:00,0.73340512,VALID,0.60198,VALID,13.0,VALID,Warning,WARN: Low flow rate detected
2026-08-16 07:00:00+00:00,0.73765264,VALID,0.602742,VALID,13.0,VALID,Warning,WARN: Low flow rate detected
2026-08-16 08:00:00+00:00,0.7291576,VALID,0.601218,VALID,13.0,VALID,Warning,WARN: Low flow rate detected
2026-08-16 09:00:00+00:00,0.72491008,VALID,0.600456,VALID,12.9,VALID,Warning,WARN: Low flow rate detected
2026-08-16 10:00:00+00:00,0.7291576,VALID,0.601218,VALID,12.9,VALID,Warning,WARN: Low flow rate detected
2026-08-16 11:00:00+00:00,0.73765264,VALID,0.602742,VALID,12.9,VALID,Warning,WARN: Low flow rate detected
2026-08-16 12:00:00+00:00,0.73765264,VALID,0.602742,VALID,12.9,VALID,Warning,WARN: Low flow rate detected
2026-08-16 13:00:00+00:00,0.7419001599999999,VALID,0.603504,VALID,12.8,VALID,Warning,WARN: Low flow rate detected
2026-08-16 14:00:00+00:00,0.73765264,VALID,0.602742,VALID,12.8,VALID,Warning,WARN: Low flow rate detected
2026-08-16 15:00:00+00:00,0.7503952,VALID,0.605028,VALID,12.9,VALID,Warning,WARN: Low flow rate detected
2026-08-16 16:00:00+00:00,0.7503952,VALID,0.605028,VALID,13.5,VALID,Warning,WARN: Low flow rate detected
2026-08-16 17:00:00+00:00,0.74614768,VALID,0.604266,VALID,13.8,VALID,Warning,WARN: Low flow rate detected
2026-08-16 18:00:00+00:00,0.7291576,VALID,0.601218,VALID,14.0,VALID,Warning,WARN: Low flow rate detected
2026-08-16 19:00:00+00:00,0.7291576,VALID,0.601218,VALID,14.0,VALID,Warning,WARN: Low flow rate detected
2026-08-16 20:00:00+00:00,0.7291576,VALID,0.601218,VALID,14.0,VALID,Warning,WARN: Low flow rate detected
2026-08-16 21:00:00+00:00,0.725618,VALID,0.600456,VALID,13.9,VALID,Warning,WARN: Low flow rate detected
2026-08-16 22:00:00+00:00,0.71783088,VALID,0.598932,VALID,13.9,VALID,Warning,WARN: Low flow rate detected
2026-08-16 23:00:00+00:00,0.73340512,VALID,0.60198,VALID,13.8,VALID,Warning,WARN: Low flow rate detected
2026-08-17 00:00:00+00:00,0.7291576,VALID,0.601218,VALID,13.8,VALID,Warning,WARN: Low flow rate detected
2026-08-17 01:00:00+00:00,0.7291576,VALID,0.601218,VALID,13.7,VALID,Warning,WARN: Low flow rate detected
2026-08-17 02:00:00+00:00,0.72491008,VALID,0.600456,VALID,13.7,VALID,Warning,WARN: Low flow rate detected
2026-08-17 03:00:00+00:00,0.72491008,VALID,0.600456,VALID,13.1,VALID,Warning,WARN: Low flow rate detected
2026-08-17 04:00:00+00:00,0.72491008,VALID,0.600456,VALID,13.0,VALID,Warning,WARN: Low flow rate detected
2026-08-17 05:00:00+00:00,0.72491008,VALID,0.600456,VALID,13.0,VALID,Warning,WARN: Low flow rate detected
2026-08-17 06:00:00+00:00,0.7291576,VALID,0.601218,VALID,13.0,VALID,Warning,WARN: Low flow rate detected
2026-08-17 07:00:00+00:00,0.73765264,VALID,0.602742,VALID,13.0,VALID,Warning,WARN: Low flow rate detected
2026-08-17 08:00:00+00:00,0.73340512,VALID,0.60198,VALID,12.9,VALID,Warning,WARN: Low flow rate detected
2026-08-17 09:00:00+00:00,0.73340512,VALID,0.60198,VALID,12.9,VALID,Warning,WARN: Low flow rate detected
2026-08-17 10:00:00+00:00,0.7419001599999999,VALID,0.603504,VALID,12.9,VALID,Warning,WARN: Low flow rate detected
2026-08-17 11:00:00+00:00,0.73340512,VALID,0.60198,VALID,12.9,VALID,Warning,WARN: Low flow rate detected
2026-08-17 12:00:00+00:00,0.7291576,VALID,0.601218,VALID,12.8,VALID,Warning,WARN: Low flow rate detected
2026-08-17 13:00:00+00:00,0.73340512,VALID,0.60198,VALID,12.8,VALID,Warning,WARN: Low flow rate detected
2026-08-17 14:00:00+00:00,0.7291576,VALID,0.601218,VALID,12.8,VALID,Warning,WARN: Low flow rate detected
2026-08-17 15:00:00+00:00,0.7419001599999999,VALID,0.603504,VALID,12.8,VALID,Warning,WARN: Low flow rate detected
2026-08-17 16:00:00+00:00,0.73340512,VALID,0.60198,VALID,13.8,VALID,Warning,WARN: Low flow rate detected
2026-08-17 17:00:00+00:00,0.7291576,VALID,0.601218,VALID,13.2,VALID,Warning,WARN: Low flow rate detected
2026-08-17 18:00:00+00:00,0.71783088,VALID,0.598932,VALID,13.6,VALID,Warning,WARN: Low flow rate detected
2026-08-17 19:00:00+00:00,0.7065041599999999,VALID,0.596646,VALID,13.8,VALID,Warning,WARN: Low flow rate detected
2026-08-17 20:00:00+00:00,0.71429128,VALID,0.5981700000000001,VALID,14.0,VALID,Warning,WARN: Low flow rate detected
2026-08-17 21:00:00+00:00,0.71429128,VALID,0.5981700000000001,VALID,13.9,VALID,Warning,WARN: Low flow rate detected
2026-08-17 22:00:00+00:00,0.7220784,VALID,0.5996940000000001,VALID,13.9,VALID,Warning,WARN: Low flow rate detected
2026-08-17 23:00:00+00:00,0.7065041599999999,VALID,0.596646,VALID,13.8,VALID,Warning,WARN: Low flow rate detected
2026-08-18 00:00:00+00:00,0.7065041599999999,VALID,0.596646,VALID,13.7,VALID,Warning,WARN: Low flow rate detected
2026-08-18 01:00:00+00:00,0.71075168,VALID,0.597408,VALID,13.7,VALID,Warning,WARN: Low flow rate detected
2026-08-18 02:00:00+00:00,0.71429128,VALID,0.5981700000000001,VALID,13.7,VALID,Warning,WARN: Low flow rate detected
2026-08-18 03:00:00+00:00,0.71429128,VALID,0.5981700000000001,VALID,13.1,VALID,Warning,WARN: Low flow rate detected
2026-08-18 04:00:00+00:00,0.71429128,VALID,0.5981700000000001,VALID,13.0,VALID,Warning,WARN: Low flow rate detected
2026-08-18 05:00:00+00:00,0.71075168,VALID,0.597408,VALID,13.0,VALID,Warning,WARN: Low flow rate detected
2026-08-18 06:00:00+00:00,0.71075168,VALID,0.597408,VALID,13.0,VALID,Warning,WARN: Low flow rate detected
2026-08-18 07:00:00+00:00,0.71075168,VALID,0.597408,VALID,13.0,VALID,Warning,WARN: Low flow rate detected
2026-08-18 08:00:00+00:00,0.71075168,VALID,0.597408,VALID,13.0,VALID,Warning,WARN: Low flow rate detected
2026-08-18 09:00:00+00:00,0.71075168,VALID,0.597408,VALID,12.9,VALID,Warning,WARN: Low flow rate detected
2026-08-18 10:00:00+00:00,0.71429128,VALID,0.5981700000000001,VALID,12.9,VALID,Warning,WARN: Low flow rate detected
2026-08-18 11:00:00+00:00,0.71075168,VALID,0.597408,VALID,12.9,VALID,Warning,WARN: Low flow rate detected
2026-08-18 12:00:00+00:00,0.71075168,VALID,0.597408,VALID,12.9,VALID,Warning,WARN: Low flow rate detected
2026-08-18 13:00:00+00:00,0.71075168,VALID,0.597408,VALID,12.8,VALID,Warning,WARN: Low flow rate detected
2026-08-18 14:00:00+00:00,0.71429128,VALID,0.5981700000000001,VALID,12.8,VALID,Warning,WARN: Low flow rate detected
2026-08-18 15:00:00+00:00,0.72491008,VALID,0.600456,VALID,12.8,VALID,Warning,WARN: Low flow rate detected
2026-08-18 16:00:00+00:00,0.71429128,VALID,0.5981700000000001,VALID,13.8,VALID,Warning,WARN: Low flow rate detected
2026-08-18 17:00:00+00:00,0.725618,VALID,0.600456,VALID,13.6,VALID,Warning,WARN: Low flow rate detected
2026-08-18 18:00:00+00:00,0.71075168,VALID,0.597408,VALID,13.7,VALID,Warning,WARN: Low flow rate detected
2026-08-18 19:00:00+00:00,0.70225664,VALID,0.5958840000000001,VALID,13.8,VALID,Warning,WARN: Low flow rate detected
2026-08-18 20:00:00+00:00,0.69800912,VALID,0.595122,VALID,13.9,VALID,Warning,WARN: Low flow rate detected
2026-08-18 21:00:00+00:00,0.6937616,VALID,0.59436,VALID,13.9,VALID,Warning,WARN: Low flow rate detected
2026-08-18 22:00:00+00:00,0.69800912,VALID,0.595122,VALID,13.8,VALID,Warning,WARN: Low flow rate detected
2026-08-18 23:00:00+00:00,0.6937616,VALID,0.59436,VALID,13.8,VALID,Warning,WARN: Low flow rate detected
2026-08-19 00:00:00+00:00,0.6937616,VALID,0.59436,VALID,13.7,VALID,Warning,WARN: Low flow rate detected
2026-08-19 01:00:00+00:00,0.6937616,VALID,0.59436,VALID,13.6,VALID,Warning,WARN: Low flow rate detected
2026-08-19 02:00:00+00:00,0.68526656,VALID,0.592836,VALID,13.7,VALID,Warning,WARN: Low flow rate detected
2026-08-19 03:00:00+00:00,0.67323192,VALID,0.59055,VALID,13.1,VALID,Warning,WARN: Low flow rate detected
2026-08-19 04:00:00+00:00,0.67323192,VALID,0.59055,VALID,13.0,VALID,Warning,WARN: Low flow rate detected
2026-08-19 05:00:00+00:00,0.6895140799999999,VALID,0.5935980000000001,VALID,13.0,VALID,Warning,WARN: Low flow rate detected
2026-08-19 06:00:00+00:00,0.70225664,VALID,0.5958840000000001,VALID,13.0,VALID,Warning,WARN: Low flow rate detected
2026-08-19 07:00:00+00:00,0.7065041599999999,VALID,0.596646,VALID,13.0,VALID,Warning,WARN: Low flow rate detected
2026-08-19 08:00:00+00:00,0.71075168,VALID,0.597408,VALID,12.9,VALID,Warning,WARN: Low flow rate detected
2026-08-19 09:00:00+00:00,0.7065041599999999,VALID,0.596646,VALID,12.9,VALID,Warning,WARN: Low flow rate detected
2026-08-19 10:00:00+00:00,0.70225664,VALID,0.5958840000000001,VALID,12.9,VALID,Warning,WARN: Low flow rate detected
2026-08-19 11:00:00+00:00,0.71075168,VALID,0.597408,VALID,12.9,VALID,Warning,WARN: Low flow rate detected
2026-08-19 12:00:00+00:00,0.7065041599999999,VALID,0.596646,VALID,12.9,VALID,Warning,WARN: Low flow rate detected
2026-08-19 13:00:00+00:00,0.6937616,VALID,0.59436,VALID,12.8,VALID,Warning,WARN: Low flow rate detected
2026-08-19 14:00:00+00:00,0.69800912,VALID,0.595122,VALID,12.8,VALID,Warning,WARN: Low flow rate detected
2026-08-19 15:00:00+00:00,0.69800912,VALID,0.595122,VALID,12.8,VALID,Warning,WARN: Low flow rate detected
2026-08-19 16:00:00+00:00,0.7065041599999999,VALID,0.596646,VALID,13.7,VALID,Warning,WARN: Low flow rate detected
2026-08-19 17:00:00+00:00,0.71004376,VALID,0.597408,VALID,13.5,VALID,Warning,WARN: Low flow rate detected
2026-08-19 18:00:00+00:00,0.69800912,VALID,0.595122,VALID,13.7,VALID,Warning,WARN: Low flow rate detected
2026-08-19 19:00:00+00:00,0.6937616,VALID,0.59436,VALID,13.8,VALID,Warning,WARN: Low flow rate detected
2026-08-19 20:00:00+00:00,0.6895140799999999,VALID,0.5935980000000001,VALID,13.9,VALID,Warning,WARN: Low flow rate detected
2026-08-19 21:00:00+00:00,0.6895140799999999,VALID,0.5935980000000001,VALID,13.9,VALID,Warning,WARN: Low flow rate detected
2026-08-19 22:00:00+00:00,0.6937616,VALID,0.59436,VALID,13.8,VALID,Warning,WARN: Low flow rate detected
2026-08-19 23:00:00+00:00,0.6937616,VALID,0.59436,VALID,13.8,VALID,Warning,WARN: Low flow rate detected
2026-08-20 00:00:00+00:00,0.6937616,VALID,0.59436,VALID,13.7,VALID,Warning,WARN: Low flow rate detected
2026-08-20 01:00:00+00:00,0.6895140799999999,VALID,0.5935980000000001,VALID,13.6,VALID,Warning,WARN: Low flow rate detected
2026-08-20 02:00:00+00:00,0.68526656,VALID,0.592836,VALID,13.7,VALID,Warning,WARN: Low flow rate detected
2026-08-20 03:00:00+00:00,0.6937616,VALID,0.59436,VALID,13.4,VALID,Warning,WARN: Low flow rate detected
2026-08-20 04:00:00+00:00,0.6937616,VALID,0.59436,VALID,13.1,VALID,Warning,WARN: Low flow rate detected
2026-08-20 05:00:00+00:00,0.6895140799999999,VALID,0.5935980000000001,VALID,13.0,VALID,Warning,WARN: Low flow rate detected
2026-08-20 06:00:00+00:00,0.68101904,VALID,0.592074,VALID,13.0,VALID,Warning,WARN: Low flow rate detected
2026-08-20 07:00:00+00:00,0.68101904,VALID,0.592074,VALID,13.0,VALID,Warning,WARN: Low flow rate detected
2026-08-20 08:00:00+00:00,0.6895140799999999,VALID,0.5935980000000001,VALID,13.0,VALID,Warning,WARN: Low flow rate detected
2026-08-20 09:00:00+00:00,0.6895140799999999,VALID,0.5935980000000001,VALID,13.0,VALID,Warning,WARN: Low flow rate detected
2026-08-20 10:00:00+00:00,0.68526656,VALID,0.592836,VALID,12.9,VALID,Warning,WARN: Low flow rate detected
2026-08-20 11:00:00+00:00,0.6937616,VALID,0.59436,VALID,12.9,VALID,Warning,WARN: Low flow rate detected
2026-08-20 12:00:00+00:00,0.6895140799999999,VALID,0.5935980000000001,VALID,12.9,VALID,Warning,WARN: Low flow rate detected
2026-08-20 13:00:00+00:00,0.6937616,VALID,0.59436,VALID,12.9,VALID,Warning,WARN: Low flow rate detected
2026-08-20 14:00:00+00:00,0.68101904,VALID,0.592074,VALID,12.8,VALID,Warning,WARN: Low flow rate detected
2026-08-20 15:00:00+00:00,0.6895140799999999,VALID,0.5935980000000001,VALID,13.0,VALID,Warning,WARN: Low flow rate detected
2026-08-20 16:00:00+00:00,0.6895140799999999,VALID,0.5935980000000001,VALID,13.7,VALID,Warning,WARN: Low flow rate detected
2026-08-20 17:00:00+00:00,0.70225664,VALID,0.5958840000000001,VALID,13.6,VALID,Warning,WARN: Low flow rate detected
2026-08-20 18:00:00+00:00,0.70225664,VALID,0.5958840000000001,VALID,13.9,VALID,Warning,WARN: Low flow rate detected
2026-08-20 19:00:00+00:00,0.6937616,VALID,0.59436,VALID,13.9,VALID,Warning,WARN: Low flow rate detected
2026-08-20 20:00:00+00:00,0.6895140799999999,VALID,0.5935980000000001,VALID,13.9,VALID,Warning,WARN: Low flow rate detected
2026-08-20 21:00:00+00:00,0.68101904,VALID,0.592074,VALID,13.8,VALID,Warning,WARN: Low flow rate detected
2026-08-20 22:00:00+00:00,0.67323192,VALID,0.59055,VALID,13.8,VALID,Warning,WARN: Low flow rate detected
2026-08-20 23:00:00+00:00,0.66969232,VALID,0.589788,VALID,13.8,VALID,Warning,WARN: Low flow rate detected
2026-08-21 00:00:00+00:00,0.6626131199999999,VALID,0.588264,VALID,13.7,VALID,Warning,WARN: Low flow rate detected
2026-08-21 01:00:00+00:00,0.6626131199999999,VALID,0.588264,VALID,13.8,VALID,Warning,WARN: Low flow rate detected
2026-08-21 02:00:00+00:00,0.6661527199999999,VALID,0.589026,VALID,13.6,VALID,Warning,WARN: Low flow rate detected
2026-08-21 03:00:00+00:00,0.6626131199999999,VALID,0.588264,VALID,13.0,VALID,Warning,WARN: Low flow rate detected
2026-08-21 04:00:00+00:00,0.66969232,VALID,0.589788,VALID,13.0,VALID,Warning,WARN: Low flow rate detected
2026-08-21 05:00:00+00:00,0.67677152,VALID,0.5913120000000001,VALID,13.0,VALID,Warning,WARN: Low flow rate detected
2026-08-21 06:00:00+00:00,0.67677152,VALID,0.5913120000000001,VALID,13.0,VALID,Warning,WARN: Low flow rate detected
2026-08-21 07:00:00+00:00,0.68526656,VALID,0.592836,VALID,13.0,VALID,Warning,WARN: Low flow rate detected
2026-08-21 08:00:00+00:00,0.6937616,VALID,0.59436,VALID,12.9,VALID,Warning,WARN: Low flow rate detected
2026-08-21 09:00:00+00:00,0.6937616,VALID,0.59436,VALID,12.9,VALID,Warning,WARN: Low flow rate detected
2026-08-21 10:00:00+00:00,0.6937616,VALID,0.59436,VALID,12.9,VALID,Warning,WARN: Low flow rate detected
2026-08-21 11:00:00+00:00,0.6937616,VALID,0.59436,VALID,12.9,VALID,Warning,WARN: Low flow rate detected
