,Temperature,Temperature_qa_flag,Precipitation,Precipitation_qa_flag,Streamflow,Streamflow_qa_flag,Gage height,Gage height_qa_flag,Station_State,Active_Alarms
2026-01-01 07:00:00+00:00,11.4,VALID,,,223.77351199999998,VALID,2.4665939999999997,VALID,Critical,CRITICAL_ALARM: Sensor data missing or invalid
2026-01-01 08:00:00+00:00,11.325000000000001,VALID,,,204.518088,VALID,2.4033480000000003,VALID,Critical,CRITICAL_ALARM: Sensor data missing or invalid
2026-01-01 09:00:00+00:00,11.3,VALID,,,201.332448,VALID,2.3926800000000004,VALID,Critical,CRITICAL_ALARM: Sensor data missing or invalid
2026-01-01 10:00:00+00:00,11.3,VALID,,,220.233912,VALID,2.455164,VALID,Critical,CRITICAL_ALARM: Sensor data missing or invalid
2026-01-01 11:00:00+00:00,11.3,VALID,,,245.365072,VALID,2.53365,VALID,Critical,CRITICAL_ALARM: Sensor data missing or invalid
2026-01-01 12:00:00+00:00,11.3,VALID,,,264.620496,VALID,2.5908,VALID,Critical,CRITICAL_ALARM: Sensor data missing or invalid
2026-01-01 13:00:00+00:00,11.3,VALID,,,276.018008,VALID,2.6235660000000003,VALID,Critical,CRITICAL_ALARM: Sensor data missing or invalid
2026-01-01 14:00:00+00:00,11.3,VALID,,,275.239296,VALID,2.62128,VALID,Critical,CRITICAL_ALARM: Sensor data missing or invalid
2026-01-01 15:00:00+00:00,11.3,VALID,,,267.735344,VALID,2.5999440000000003,VALID,Critical,CRITICAL_ALARM: Sensor data missing or invalid
2026-01-01 16:00:00+00:00,11.3,VALID,,,263.841784,VALID,2.588514,VALID,Critical,CRITICAL_ALARM: Sensor data missing or invalid
2026-01-01 17:00:00+00:00,11.325000000000001,VALID,,,264.549704,VALID,2.5908,VALID,Critical,CRITICAL_ALARM: Sensor data missing or invalid
2026-01-01 18:00:00+00:00,11.4,VALID,,,261.151688,VALID,2.5808940000000002,VALID,Critical,CRITICAL_ALARM: Sensor data missing or invalid
2026-01-01 19:00:00+00:00,11.4,VALID,,,254.70961599999998,VALID,2.5618440000000002,VALID,Critical,CRITICAL_ALARM: Sensor data missing or invalid
2026-01-01 20:00:00+00:00,11.4,VALID,,,250.108136,VALID,2.548128,VALID,Critical,CRITICAL_ALARM: Sensor data missing or invalid
2026-01-01 21:00:00+00:00,11.5,VALID,,,246.993288,VALID,2.538984,VALID,Critical,CRITICAL_ALARM: Sensor data missing or invalid
2026-01-01 22:00:00+00:00,11.5,VALID,,,244.51556799999997,VALID,2.5313640000000004,VALID,Critical,CRITICAL_ALARM: Sensor data missing or invalid
2026-01-01 23:00:00+00:00,11.5,VALID,,,243.52447999999998,VALID,2.5283160000000002,VALID,Critical,CRITICAL_ALARM: Sensor data missing or invalid
2026-01-02 00:00:00+00:00,11.5,VALID,,,242.958144,VALID,2.526792,VALID,Critical,CRITICAL_ALARM: Sensor data missing or invalid
2026-01-02 01:00:00+00:00,11.5,VALID,,,245.789824,VALID,2.5351740000000005,VALID,Critical,CRITICAL_ALARM: Sensor data missing or invalid
2026-01-02 02:00:00+00:00,11.5,VALID,,,258.32000800000003,VALID,2.572512,VALID,Critical,CRITICAL_ALARM: Sensor data missing or invalid
2026-01-02 03:00:00+00:00,11.5,VALID,,,279.769984,VALID,2.6334720000000003,VALID,Critical,CRITICAL_ALARM: Sensor data missing or invalid
2026-01-02 04:00:00+00:00,11.5,VALID,,,296.61848,VALID,2.6807160000000003,VALID,Critical,CRITICAL_ALARM: Sensor data missing or invalid
2026-01-02 05:00:00+00:00,11.5,VALID,,,304.4056,VALID,2.7005280000000003,VALID,Critical,CRITICAL_ALARM: Sensor data missing or invalid
2026-01-02 06:00:00+00:00,11.525,VALID,,,297.3264,VALID,2.683002,VALID,Critical,CRITICAL_ALARM: Sensor data missing or invalid
2026-01-02 07:00:00+00:00,11.5,VALID,,,280.619488,VALID,2.6372820000000003,VALID,Critical,CRITICAL_ALARM: Sensor data missing or invalid
2026-01-02 08:00:00+00:00,11.5,VALID,,,266.390296,VALID,2.596134,VALID,Critical,CRITICAL_ALARM: Sensor data missing or invalid
2026-01-02 09:00:00+00:00,11.45,VALID,,,262.142776,VALID,2.5839420000000004,VALID,Critical,CRITICAL_ALARM: Sensor data missing or invalid
2026-01-02 10:00:00+00:00,11.4,VALID,,,268.797224,VALID,2.602992,VALID,Critical,CRITICAL_ALARM: Sensor data missing or invalid
2026-01-02 11:00:00+00:00,11.4,VALID,,,280.902656,VALID,2.637282,VALID,Critical,CRITICAL_ALARM: Sensor data missing or invalid
2026-01-02 12:00:00+00:00,11.375,VALID,,,291.66304,VALID,2.667762,VALID,Critical,CRITICAL_ALARM: Sensor data missing or invalid
2026-01-02 13:00:00+00:00,11.3,VALID,,,297.3264,VALID,2.679954,VALID,Critical,CRITICAL_ALARM: Sensor data missing or invalid
2026-01-02 14:00:00+00:00,11.3,VALID,,,291.66304,VALID,2.6662380000000003,VALID,Critical,CRITICAL_ALARM: Sensor data missing or invalid
2026-01-02 15:00:00+00:00,11.3,VALID,,,285.99968,VALID,2.6525220000000003,VALID,Critical,CRITICAL_ALARM: Sensor data missing or invalid
2026-01-02 16:00:00+00:00,11.3,VALID,,,295.20264,VALID,2.675382,VALID,Critical,CRITICAL_ALARM: Sensor data missing or invalid
2026-01-02 17:00:00+00:00,11.3,VALID,,,305.82144,VALID,2.7043380000000004,VALID,Critical,CRITICAL_ALARM: Sensor data missing or invalid
2026-01-02 18:00:00+00:00,11.375,VALID,,,304.4056,VALID,2.702052,VALID,Critical,CRITICAL_ALARM: Sensor data missing or invalid
2026-01-02 19:00:00+00:00,11.4,VALID,,,292.37095999999997,VALID,2.668524,VALID,Critical,CRITICAL_ALARM: Sensor data missing or invalid
2026-01-02 20:00:00+00:00,11.475,VALID,,,278.070976,VALID,2.629662,VALID,Critical,CRITICAL_ALARM: Sensor data missing or invalid
2026-01-02 21:00:00+00:00,11.5,VALID,,,265.540792,VALID,2.5938480000000004,VALID,Critical,CRITICAL_ALARM: Sensor data missing or invalid
2026-01-02 22:00:00+00:00,11.5,VALID,,,256.90416799999997,VALID,2.568702,VALID,Critical,CRITICAL_ALARM: Sensor data missing or invalid
2026-01-02 23:00:00+00:00,11.5,VALID,,,251.240808,VALID,2.551938,VALID,Critical,CRITICAL_ALARM: Sensor data missing or invalid
2026-01-03 00:00:00+00:00,11.5,VALID,,,254.14328,VALID,2.56032,VALID,Critical,CRITICAL_ALARM: Sensor data missing or invalid
2026-01-03 01:00:00+00:00,11.425,VALID,,,270.920984,VALID,2.6090880000000003,VALID,Critical,CRITICAL_ALARM: Sensor data missing or invalid
2026-01-03 02:00:00+00:00,11.4,VALID,,,298.03432,VALID,2.683764,VALID,Critical,CRITICAL_ALARM: Sensor data missing or invalid
2026-01-03 03:00:00+00:00,11.4,VALID,,,327.05904,VALID,2.760726,VALID,Critical,CRITICAL_ALARM: Sensor data missing or invalid
2026-01-03 04:00:00+00:00,11.475,VALID,,,346.17287999999996,VALID,2.808732,VALID,Critical,CRITICAL_ALARM: Sensor data missing or invalid
2026-01-03 05:00:00+00:00,11.5,VALID,,,349.00455999999997,VALID,2.8155900000000003,VALID,Critical,CRITICAL_ALARM: Sensor data missing or invalid
2026-01-03 06:00:00+00:00,11.5,VALID,,,333.43032,VALID,2.7767280000000003,VALID,Critical,CRITICAL_ALARM: Sensor data missing or invalid
2026-01-03 07:00:00+00:00,11.425,VALID,,,306.52936,VALID,2.706624,VALID,Critical,CRITICAL_ALARM: Sensor data missing or invalid
2026-01-03 08:00:00+00:00,11.350000000000001,VALID,,,281.822952,VALID,2.639568,VALID,Critical,CRITICAL_ALARM: Sensor data missing or invalid
2026-01-03 09:00:00+00:00,11.275,VALID,,,264.691288,VALID,2.591562,VALID,Critical,CRITICAL_ALARM: Sensor data missing or invalid
2026-01-03 10:00:00+00:00,11.2,VALID,,,254.8512,VALID,2.562606,VALID,Critical,CRITICAL_ALARM: Sensor data missing or invalid
2026-01-03 11:00:00+00:00,11.2,VALID,,,248.47992,VALID,2.543556,VALID,Critical,CRITICAL_ALARM: Sensor data missing or invalid
2026-01-03 12:00:00+00:00,11.2,VALID,,,244.869528,VALID,2.5328880000000003,VALID,Critical,CRITICAL_ALARM: Sensor data missing or invalid
2026-01-03 13:00:00+00:00,11.1,VALID,,,243.17052,VALID,2.5275540000000003,VALID,Critical,CRITICAL_ALARM: Sensor data missing or invalid
2026-01-03 14:00:00+00:00,11.1,VALID,,,242.67497600000002,VALID,2.52603,VALID,Critical,CRITICAL_ALARM: Sensor data missing or invalid
2026-01-03 15:00:00+00:00,11.075,VALID,,,247.630416,VALID,2.5412700000000004,VALID,Critical,CRITICAL_ALARM: Sensor data missing or invalid
2026-01-03 16:00:00+00:00,11.0,VALID,,,261.22248,VALID,2.581656,VALID,Critical,CRITICAL_ALARM: Sensor data missing or invalid
2026-01-03 17:00:00+00:00,11.0,VALID,,,273.681872,VALID,2.61747,VALID,Critical,CRITICAL_ALARM: Sensor data missing or invalid
2026-01-03 18:00:00+00:00,11.05,VALID,,,274.248208,VALID,2.618994,VALID,Critical,CRITICAL_ALARM: Sensor data missing or invalid
2026-01-03 19:00:00+00:00,11.125,VALID,,,266.036336,VALID,2.5953720000000002,VALID,Critical,CRITICAL_ALARM: Sensor data missing or invalid
2026-01-03 20:00:00+00:00,11.2,VALID,,,256.337832,VALID,2.567178,VALID,Critical,CRITICAL_ALARM: Sensor data missing or invalid
2026-01-03 21:00:00+00:00,11.275,VALID,,,250.674472,VALID,2.550414,VALID,Critical,CRITICAL_ALARM: Sensor data missing or invalid
2026-01-03 22:00:00+00:00,11.3,VALID,,,246.14378399999998,VALID,2.5366980000000003,VALID,Critical,CRITICAL_ALARM: Sensor data missing or invalid
2026-01-03 23:00:00+00:00,11.4,VALID,,,243.312104,VALID,2.5283160000000002,VALID,Critical,CRITICAL_ALARM: Sensor data missing or invalid
2026-01-04 00:00:00+00:00,11.4,VALID,,,242.67497600000002,VALID,2.52603,VALID,Critical,CRITICAL_ALARM: Sensor data missing or invalid
2026-01-04 01:00:00+00:00,11.4,VALID,,,242.60418399999998,VALID,2.52603,VALID,Critical,CRITICAL_ALARM: Sensor data missing or invalid
2026-01-04 02:00:00+00:00,11.4,VALID,,,257.18733599999996,VALID,2.5694640000000004,VALID,Critical,CRITICAL_ALARM: Sensor data missing or invalid
2026-01-04 03:00:00+00:00,11.375,VALID,,,293.291256,VALID,2.6715720000000003,VALID,Critical,CRITICAL_ALARM: Sensor data missing or invalid
2026-01-04 04:00:00+00:00,11.350000000000001,VALID,,,329.89072,VALID,2.7675840000000003,VALID,Critical,CRITICAL_ALARM: Sensor data missing or invalid
2026-01-04 05:00:00+00:00,11.4,VALID,,,351.12832,VALID,2.823972,VALID,Critical,CRITICAL_ALARM: Sensor data missing or invalid
2026-01-04 06:00:00+00:00,11.350000000000001,VALID,,,351.83624,VALID,2.8224480000000005,VALID,Critical,CRITICAL_ALARM: Sensor data missing or invalid
2026-01-04 07:00:00+00:00,11.3,VALID,,,329.1828,VALID,2.76606,VALID,Critical,CRITICAL_ALARM: Sensor data missing or invalid
2026-01-04 08:00:00+00:00,11.275,VALID,,,303.69768,VALID,2.6990040000000004,VALID,Critical,CRITICAL_ALARM: Sensor data missing or invalid
2026-01-04 09:00:00+00:00,11.2,VALID,,,290.95512,VALID,2.663952,VALID,Critical,CRITICAL_ALARM: Sensor data missing or invalid
2026-01-04 10:00:00+00:00,11.2,VALID,,,295.20264,VALID,2.675382,VALID,Critical,CRITICAL_ALARM: Sensor data missing or invalid
2026-01-04 11:00:00+00:00,11.2,VALID,,,300.866,VALID,2.692146,VALID,Critical,CRITICAL_ALARM: Sensor data missing or invalid
2026-01-04 12:00:00+00:00,11.125,VALID,,,295.91056,VALID,2.677668,VALID,Critical,CRITICAL_ALARM: Sensor data missing or invalid
2026-01-04 13:00:00+00:00,11.1,VALID,,,279.911568,VALID,2.634996,VALID,Critical,CRITICAL_ALARM: Sensor data missing or invalid
2026-01-04 14:00:00+00:00,11.1,VALID,,,265.965544,VALID,2.5953720000000002,VALID,Critical,CRITICAL_ALARM: Sensor data missing or invalid
2026-01-04 15:00:00+00:00,11.1,VALID,,,258.815552,VALID,2.5747980000000004,VALID,Critical,CRITICAL_ALARM: Sensor data missing or invalid
2026-01-04 16:00:00+00:00,11.1,VALID,,,262.001192,VALID,2.583942,VALID,Critical,CRITICAL_ALARM: Sensor data missing or invalid
2026-01-04 17:00:00+00:00,11.1,VALID,,,271.274944,VALID,2.610612,VALID,Critical,CRITICAL_ALARM: Sensor data missing or invalid
2026-01-04 18:00:00+00:00,11.1,VALID,,,276.938304,VALID,2.626614,VALID,Critical,CRITICAL_ALARM: Sensor data missing or invalid
2026-01-04 19:00:00+00:00,11.2,VALID,,,273.96504,VALID,2.618232,VALID,Critical,CRITICAL_ALARM: Sensor data missing or invalid
2026-01-04 20:00:00+00:00,11.2,VALID,,,264.337328,VALID,2.5908,VALID,Critical,CRITICAL_ALARM: Sensor data missing or invalid
2026-01-04 21:00:00+00:00,11.275,VALID,,,255.488328,VALID,2.5648920000000004,VALID,Critical,CRITICAL_ALARM: Sensor data missing or invalid
2026-01-04 22:00:00+00:00,11.3,VALID,,,249.89576,VALID,2.548128,VALID,Critical,CRITICAL_ALARM: Sensor data missing or invalid
2026-01-04 23:00:00+00:00,11.25,VALID,,,245.860616,VALID,2.5359360000000004,VALID,Critical,CRITICAL_ALARM: Sensor data missing or invalid
2026-01-05 00:00:00+00:00,11.2,VALID,,,244.373984,VALID,2.5313640000000004,VALID,Critical,CRITICAL_ALARM: Sensor data missing or invalid
2026-01-05 01:00:00+00:00,11.2,VALID,,,242.46259999999998,VALID,2.52603,VALID,Critical,CRITICAL_ALARM: Sensor data missing or invalid
2026-01-05 02:00:00+00:00,11.2,VALID,,,243.028936,VALID,2.5275540000000003,VALID,Critical,CRITICAL_ALARM: Sensor data missing or invalid
2026-01-05 03:00:00+00:00,11.2,VALID,,,250.67447199999998,VALID,2.550414,VALID,Critical,CRITICAL_ALARM: Sensor data missing or invalid
2026-01-05 04:00:00+00:00,11.2,VALID,,,265.39920800000004,VALID,2.593848,VALID,Critical,CRITICAL_ALARM: Sensor data missing or invalid
2026-01-05 05:00:00+00:00,11.225,VALID,,,282.81404,VALID,2.6426160000000003,VALID,Critical,CRITICAL_ALARM: Sensor data missing or invalid
2026-01-05 06:00:00+00:00,11.3,VALID,,,290.95512,VALID,2.664714,VALID,Critical,CRITICAL_ALARM: Sensor data missing or invalid
2026-01-05 07:00:00+00:00,11.3,VALID,,,284.58384,VALID,2.6479500000000002,VALID,Critical,CRITICAL_ALARM: Sensor data missing or invalid
2026-01-05 08:00:00+00:00,11.3,VALID,,,272.053656,VALID,2.612898,VALID,Critical,CRITICAL_ALARM: Sensor data missing or invalid
2026-01-05 09:00:00+00:00,11.2,VALID,,,260.372976,VALID,2.57937,VALID,Critical,CRITICAL_ALARM: Sensor data missing or invalid
2026-01-05 10:00:00+00:00,11.2,VALID,,,251.807144,VALID,2.554224,VALID,Critical,CRITICAL_ALARM: Sensor data missing or invalid
2026-01-05 11:00:00+00:00,11.2,VALID,,,247.347248,VALID,2.540508,VALID,Critical,CRITICAL_ALARM: Sensor data missing or invalid
2026-01-05 12:00:00+00:00,11.2,VALID,,,244.303192,VALID,2.5313640000000004,VALID,Critical,CRITICAL_ALARM: Sensor data missing or invalid
2026-01-05 13:00:00+00:00,11.125,VALID,,,243.028936,VALID,2.5275540000000003,VALID,Critical,CRITICAL_ALARM: Sensor data missing or invalid
2026-01-05 14:00:00+00:00,11.1,VALID,,,243.17051999999998,VALID,2.5283160000000002,VALID,Critical,CRITICAL_ALARM: Sensor data missing or invalid
2026-01-05 15:00:00+00:00,11.075,VALID,,,253.647736,VALID,2.559558,VALID,Critical,CRITICAL_ALARM: Sensor data missing or invalid
2026-01-05 16:00:00+00:00,11.0,VALID,,,281.327408,VALID,2.638806,VALID,Critical,CRITICAL_ALARM: Sensor data missing or invalid
2026-01-05 17:00:00+00:00,11.0,VALID,,,306.52936,VALID,2.707386,VALID,Critical,CRITICAL_ALARM: Sensor data missing or invalid
2026-01-05 18:00:00+00:00,11.05,VALID,,,313.60856,VALID,2.724912,VALID,Critical,CRITICAL_ALARM: Sensor data missing or invalid
2026-01-05 19:00:00+00:00,11.125,VALID,,,300.866,VALID,2.692908,VALID,Critical,CRITICAL_ALARM: Sensor data missing or invalid
2026-01-05 20:00:00+00:00,11.2,VALID,,,285.008592,VALID,2.649474,VALID,Critical,CRITICAL_ALARM: Sensor data missing or invalid
2026-01-05 21:00:00+00:00,11.25,VALID,,,272.832368,VALID,2.615184,VALID,Critical,CRITICAL_ALARM: Sensor data missing or invalid
2026-01-05 22:00:00+00:00,11.3,VALID,,,263.55861600000003,VALID,2.588514,VALID,Critical,CRITICAL_ALARM: Sensor data missing or invalid
2026-01-05 23:00:00+00:00,11.275,VALID,,,256.762584,VALID,2.568702,VALID,Critical,CRITICAL_ALARM: Sensor data missing or invalid
2026-01-06 00:00:00+00:00,11.2,VALID,,,255.983872,VALID,2.5664160000000003,VALID,Critical,CRITICAL_ALARM: Sensor data missing or invalid
2026-01-06 01:00:00+00:00,11.2,VALID,,,271.41652799999997,VALID,2.611374,VALID,Critical,CRITICAL_ALARM: Sensor data missing or invalid
2026-01-06 02:00:00+00:00,11.2,VALID,,,307.23728,VALID,2.709672,VALID,Critical,CRITICAL_ALARM: Sensor data missing or invalid
2026-01-06 03:00:00+00:00,11.2,VALID,,,342.63328,VALID,2.8003500000000003,VALID,Critical,CRITICAL_ALARM: Sensor data missing or invalid
2026-01-06 04:00:00+00:00,11.2,VALID,,,364.5788,VALID,2.854452,VALID,Critical,CRITICAL_ALARM: Sensor data missing or invalid
2026-01-06 05:00:00+00:00,11.275,VALID,,,373.07384,VALID,2.8735020000000002,VALID,Critical,CRITICAL_ALARM: Sensor data missing or invalid
2026-01-06 06:00:00+00:00,11.2,VALID,,,363.16296,VALID,2.850642,VALID,Critical,CRITICAL_ALARM: Sensor data missing or invalid
2026-01-06 07:00:00+00:00,11.174999999999999,VALID,,,338.38576,VALID,2.78892,VALID,Critical,CRITICAL_ALARM: Sensor data missing or invalid
2026-01-06 08:00:00+00:00,11.1,VALID,,,310.06896,VALID,2.7180540000000004,VALID,Critical,CRITICAL_ALARM: Sensor data missing or invalid
2026-01-06 09:00:00+00:00,11.025,VALID,,,287.13235199999997,VALID,2.654046,VALID,Critical,CRITICAL_ALARM: Sensor data missing or invalid
2026-01-06 10:00:00+00:00,11.0,VALID,,,269.57593599999996,VALID,2.60604,VALID,Critical,CRITICAL_ALARM: Sensor data missing or invalid
2026-01-06 11:00:00+00:00,10.975,VALID,,,258.03684,VALID,2.572512,VALID,Critical,CRITICAL_ALARM: Sensor data missing or invalid
2026-01-06 12:00:00+00:00,10.9,VALID,,,251.523976,VALID,2.553462,VALID,Critical,CRITICAL_ALARM: Sensor data missing or invalid
2026-01-06 13:00:00+00:00,10.9,VALID,,,247.205664,VALID,2.540508,VALID,Critical,CRITICAL_ALARM: Sensor data missing or invalid
2026-01-06 14:00:00+00:00,10.825000000000001,VALID,,,245.719032,VALID,2.5359360000000004,VALID,Critical,CRITICAL_ALARM: Sensor data missing or invalid
2026-01-06 15:00:00+00:00,10.8,VALID,,,258.532384,VALID,2.5740360000000004,VALID,Critical,CRITICAL_ALARM: Sensor data missing or invalid
2026-01-06 16:00:00+00:00,10.8,VALID,,,293.928384,VALID,2.673096,VALID,Critical,CRITICAL_ALARM: Sensor data missing or invalid
2026-01-06 17:00:00+00:00,10.8,VALID,,,326.35112,VALID,2.759202,VALID,Critical,CRITICAL_ALARM: Sensor data missing or invalid
2026-01-06 18:00:00+00:00,10.850000000000001,VALID,,,332.7224,VALID,2.7767280000000003,VALID,Critical,CRITICAL_ALARM: Sensor data missing or invalid
2026-01-06 19:00:00+00:00,10.9,VALID,,,317.14815999999996,VALID,2.7340560000000003,VALID,Critical,CRITICAL_ALARM: Sensor data missing or invalid
2026-01-06 20:00:00+00:00,11.0,VALID,,,291.66304,VALID,2.670048,VALID,Critical,CRITICAL_ALARM: Sensor data missing or invalid
2026-01-06 21:00:00+00:00,11.0,VALID,,,272.5492,VALID,2.6144220000000002,VALID,Critical,CRITICAL_ALARM: Sensor data missing or invalid
2026-01-06 22:00:00+00:00,11.0,VALID,,,259.52347199999997,VALID,2.577084,VALID,Critical,CRITICAL_ALARM: Sensor data missing or invalid
2026-01-06 23:00:00+00:00,11.0,VALID,,,252.09031199999998,VALID,2.554986,VALID,Critical,CRITICAL_ALARM: Sensor data missing or invalid
2026-01-07 00:00:00+00:00,11.0,VALID,,,252.302688,VALID,2.5557480000000004,VALID,Critical,CRITICAL_ALARM: Sensor data missing or invalid
2026-01-07 01:00:00+00:00,11.0,VALID,,,263.7002,VALID,2.589276,VALID,Critical,CRITICAL_ALARM: Sensor data missing or invalid
2026-01-07 02:00:00+00:00,11.0,VALID,,,291.096704,VALID,2.6662380000000003,VALID,Critical,CRITICAL_ALARM: Sensor data missing or invalid
2026-01-07 03:00:00+00:00,11.0,VALID,,,329.1828,VALID,2.76606,VALID,Critical,CRITICAL_ALARM: Sensor data missing or invalid
2026-01-07 04:00:00+00:00,11.025,VALID,,,357.4996,VALID,2.837688,VALID,Critical,CRITICAL_ALARM: Sensor data missing or invalid
2026-01-07 05:00:00+00:00,11.1,VALID,,,374.48968,VALID,2.875788,VALID,Critical,CRITICAL_ALARM: Sensor data missing or invalid
2026-01-07 06:00:00+00:00,11.1,VALID,,,366.70256,VALID,2.860548,VALID,Critical,CRITICAL_ALARM: Sensor data missing or invalid
2026-01-07 07:00:00+00:00,11.075,VALID,,,341.92536,VALID,2.798826,VALID,Critical,CRITICAL_ALARM: Sensor data missing or invalid
2026-01-07 08:00:00+00:00,11.0,VALID,,,310.77688,VALID,2.7188160000000003,VALID,Critical,CRITICAL_ALARM: Sensor data missing or invalid
2026-01-07 09:00:00+00:00,11.0,VALID,,,283.734336,VALID,2.646426,VALID,Critical,CRITICAL_ALARM: Sensor data missing or invalid
2026-01-07 10:00:00+00:00,10.9,VALID,,,266.602672,VALID,2.597658,VALID,Critical,CRITICAL_ALARM: Sensor data missing or invalid
2026-01-07 11:00:00+00:00,10.9,VALID,,,255.629912,VALID,2.5656540000000003,VALID,Critical,CRITICAL_ALARM: Sensor data missing or invalid
2026-01-07 12:00:00+00:00,10.8,VALID,,,248.904672,VALID,2.545842,VALID,Critical,CRITICAL_ALARM: Sensor data missing or invalid
2026-01-07 13:00:00+00:00,10.8,VALID,,,245.50665600000002,VALID,2.5351740000000005,VALID,Critical,CRITICAL_ALARM: Sensor data missing or invalid
2026-01-07 14:00:00+00:00,10.8,VALID,,,246.993288,VALID,2.539746,VALID,Critical,CRITICAL_ALARM: Sensor data missing or invalid
2026-01-07 15:00:00+00:00,10.8,VALID,,,266.17792,VALID,2.596134,VALID,Critical,CRITICAL_ALARM: Sensor data missing or invalid
2026-01-07 16:00:00+00:00,10.7,VALID,,,302.98976,VALID,2.6990040000000004,VALID,Critical,CRITICAL_ALARM: Sensor data missing or invalid
2026-01-07 17:00:00+00:00,10.8,VALID,,,332.01448,VALID,2.774442,VALID,Critical,CRITICAL_ALARM: Sensor data missing or invalid
2026-01-07 18:00:00+00:00,10.8,VALID,,,333.43032,VALID,2.779014,VALID,Critical,CRITICAL_ALARM: Sensor data missing or invalid
2026-01-07 19:00:00+00:00,10.875,VALID,,,315.0244,VALID,2.731008,VALID,Critical,CRITICAL_ALARM: Sensor data missing or invalid
2026-01-07 20:00:00+00:00,10.9,VALID,,,290.034824,VALID,2.663952,VALID,Critical,CRITICAL_ALARM: Sensor data missing or invalid
2026-01-07 21:00:00+00:00,10.975,VALID,,,270.850192,VALID,2.6098500000000002,VALID,Critical,CRITICAL_ALARM: Sensor data missing or invalid
2026-01-07 22:00:00+00:00,11.0,VALID,,,257.39971199999997,VALID,2.5709880000000003,VALID,Critical,CRITICAL_ALARM: Sensor data missing or invalid
2026-01-07 23:00:00+00:00,11.0,VALID,,,250.67447199999998,VALID,2.551176,VALID,Critical,CRITICAL_ALARM: Sensor data missing or invalid
2026-01-08 00:00:00+00:00,11.0,VALID,,,247.701208,VALID,2.5420320000000003,VALID,Critical,CRITICAL_ALARM: Sensor data missing or invalid
2026-01-08 01:00:00+00:00,11.0,VALID,,,255.346744,VALID,2.5648920000000004,VALID,Critical,CRITICAL_ALARM: Sensor data missing or invalid
2026-01-08 02:00:00+00:00,11.0,VALID,,,283.097208,VALID,2.64414,VALID,Critical,CRITICAL_ALARM: Sensor data missing or invalid
2026-01-08 03:00:00+00:00,11.0,VALID,,,326.35112,VALID,2.7576780000000003,VALID,Critical,CRITICAL_ALARM: Sensor data missing or invalid
2026-01-08 04:00:00+00:00,11.0,VALID,,,356.79168,VALID,2.836164,VALID,Critical,CRITICAL_ALARM: Sensor data missing or invalid
2026-01-08 05:00:00+00:00,11.05,VALID,,,370.95008,VALID,2.870454,VALID,Critical,CRITICAL_ALARM: Sensor data missing or invalid
2026-01-08 06:00:00+00:00,11.1,VALID,,,365.99464,VALID,2.856738,VALID,Critical,CRITICAL_ALARM: Sensor data missing or invalid
2026-01-08 07:00:00+00:00,11.0,VALID,,,340.50952,VALID,2.7957780000000003,VALID,Critical,CRITICAL_ALARM: Sensor data missing or invalid
2026-01-08 08:00:00+00:00,11.0,VALID,,,310.77688,VALID,2.72034,VALID,Critical,CRITICAL_ALARM: Sensor data missing or invalid
2026-01-08 09:00:00+00:00,11.0,VALID,,,284.654632,VALID,2.648712,VALID,Critical,CRITICAL_ALARM: Sensor data missing or invalid
2026-01-08 10:00:00+00:00,11.0,VALID,,,266.461088,VALID,2.597658,VALID,Critical,CRITICAL_ALARM: Sensor data missing or invalid
2026-01-08 11:00:00+00:00,10.975,VALID,,,254.780408,VALID,2.563368,VALID,Critical,CRITICAL_ALARM: Sensor data missing or invalid
2026-01-08 12:00:00+00:00,10.9,VALID,,,248.62150400000002,VALID,2.54508,VALID,Critical,CRITICAL_ALARM: Sensor data missing or invalid
2026-01-08 13:00:00+00:00,10.9,VALID,,,244.090816,VALID,2.5313640000000004,VALID,Critical,CRITICAL_ALARM: Sensor data missing or invalid
2026-01-08 14:00:00+00:00,10.825000000000001,VALID,,,242.391808,VALID,2.52603,VALID,Critical,CRITICAL_ALARM: Sensor data missing or invalid
2026-01-08 15:00:00+00:00,10.8,VALID,,,245.152696,VALID,2.534412,VALID,Critical,CRITICAL_ALARM: Sensor data missing or invalid
2026-01-08 16:00:00+00:00,10.8,VALID,,,267.876928,VALID,2.601468,VALID,Critical,CRITICAL_ALARM: Sensor data missing or invalid
2026-01-08 17:00:00+00:00,10.8,VALID,,,296.61848,VALID,2.683002,VALID,Critical,CRITICAL_ALARM: Sensor data missing or invalid
2026-01-08 18:00:00+00:00,10.875,VALID,,,310.77688,VALID,2.72034,VALID,Critical,CRITICAL_ALARM: Sensor data missing or invalid
2026-01-08 19:00:00+00:00,10.9,VALID,,,303.69768,VALID,2.699004,VALID,Critical,CRITICAL_ALARM: Sensor data missing or invalid
2026-01-08 20:00:00+00:00,10.975,VALID,,,284.93780000000004,VALID,2.6509980000000004,VALID,Critical,CRITICAL_ALARM: Sensor data missing or invalid
2026-01-08 21:00:00+00:00,11.0,VALID,,,267.806136,VALID,2.601468,VALID,Critical,CRITICAL_ALARM: Sensor data missing or invalid
2026-01-08 22:00:00+00:00,11.0,VALID,,,256.26704,VALID,2.56794,VALID,Critical,CRITICAL_ALARM: Sensor data missing or invalid
2026-01-08 23:00:00+00:00,11.0,VALID,,,249.612592,VALID,2.548128,VALID,Critical,CRITICAL_ALARM: Sensor data missing or invalid
2026-01-09 00:00:00+00:00,11.0,VALID,,,258.957136,VALID,2.5755600000000003,VALID,Critical,CRITICAL_ALARM: Sensor data missing or invalid
2026-01-09 01:00:00+00:00,10.975,VALID,,,291.238288,VALID,2.667,VALID,Critical,CRITICAL_ALARM: Sensor data missing or invalid
2026-01-09 02:00:00+00:00,10.9,VALID,,,329.1828,VALID,2.76606,VALID,Critical,CRITICAL_ALARM: Sensor data missing or invalid
2026-01-09 03:00:00+00:00,10.9,VALID,,,354.66792,VALID,2.8300680000000003,VALID,Critical,CRITICAL_ALARM: Sensor data missing or invalid
2026-01-09 04:00:00+00:00,10.9,VALID,,,370.95008,VALID,2.86893,VALID,Critical,CRITICAL_ALARM: Sensor data missing or invalid
2026-01-09 05:00:00+00:00,10.875,VALID,,,374.48968,VALID,2.878074,VALID,Critical,CRITICAL_ALARM: Sensor data missing or invalid
2026-01-09 06:00:00+00:00,10.8,VALID,,,361.74712,VALID,2.848356,VALID,Critical,CRITICAL_ALARM: Sensor data missing or invalid
2026-01-09 07:00:00+00:00,10.7,VALID,,,333.43032,VALID,2.779014,VALID,Critical,CRITICAL_ALARM: Sensor data missing or invalid
2026-01-09 08:00:00+00:00,10.6,VALID,,,300.866,VALID,2.694432,VALID,Critical,CRITICAL_ALARM: Sensor data missing or invalid
2026-01-09 09:00:00+00:00,10.5,VALID,,,276.867512,VALID,2.6273760000000004,VALID,Critical,CRITICAL_ALARM: Sensor data missing or invalid
2026-01-09 10:00:00+00:00,10.45,VALID,,,262.496736,VALID,2.586228,VALID,Critical,CRITICAL_ALARM: Sensor data missing or invalid
2026-01-09 11:00:00+00:00,10.4,VALID,,,250.816056,VALID,2.551938,VALID,Critical,CRITICAL_ALARM: Sensor data missing or invalid
2026-01-09 12:00:00+00:00,10.325000000000001,VALID,,,246.072992,VALID,2.5374600000000003,VALID,Critical,CRITICAL_ALARM: Sensor data missing or invalid
2026-01-09 13:00:00+00:00,10.25,VALID,,,242.4626,VALID,2.526792,VALID,Critical,CRITICAL_ALARM: Sensor data missing or invalid
2026-01-09 14:00:00+00:00,10.2,VALID,,,241.75468,VALID,2.5245059999999997,VALID,Critical,CRITICAL_ALARM: Sensor data missing or invalid
2026-01-09 15:00:00+00:00,10.149999999999999,VALID,,,250.60368,VALID,2.5511760000000003,VALID,Critical,CRITICAL_ALARM: Sensor data missing or invalid
2026-01-09 16:00:00+00:00,10.1,VALID,,,283.026416,VALID,2.64414,VALID,Critical,CRITICAL_ALARM: Sensor data missing or invalid
2026-01-09 17:00:00+00:00,10.1,VALID,,,318.56399999999996,VALID,2.740152,VALID,Critical,CRITICAL_ALARM: Sensor data missing or invalid
2026-01-09 18:00:00+00:00,10.1,VALID,,,328.47488,VALID,2.7675840000000003,VALID,Critical,CRITICAL_ALARM: Sensor data missing or invalid
2026-01-09 19:00:00+00:00,10.1,VALID,,,314.31648,VALID,2.731008,VALID,Critical,CRITICAL_ALARM: Sensor data missing or invalid
2026-01-09 20:00:00+00:00,10.2,VALID,,,290.742744,VALID,2.6662380000000003,VALID,Critical,CRITICAL_ALARM: Sensor data missing or invalid
2026-01-09 21:00:00+00:00,10.25,VALID,,,271.41652799999997,VALID,2.6121360000000005,VALID,Critical,CRITICAL_ALARM: Sensor data missing or invalid
2026-01-09 22:00:00+00:00,10.3,VALID,,,259.09872,VALID,2.5763220000000002,VALID,Critical,CRITICAL_ALARM: Sensor data missing or invalid
2026-01-09 23:00:00+00:00,10.3,VALID,,,254.8512,VALID,2.56413,VALID,Critical,CRITICAL_ALARM: Sensor data missing or invalid
2026-01-10 00:00:00+00:00,10.225,VALID,,,254.214072,VALID,2.5618440000000002,VALID,Critical,CRITICAL_ALARM: Sensor data missing or invalid
2026-01-10 01:00:00+00:00,10.149999999999999,VALID,,,264.05416,VALID,2.5908,VALID,Critical,CRITICAL_ALARM: Sensor data missing or invalid
2026-01-10 02:00:00+00:00,10.025,VALID,,,294.707096,VALID,2.6761440000000003,VALID,Critical,CRITICAL_ALARM: Sensor data missing or invalid
2026-01-10 03:00:00+00:00,9.975,VALID,,,329.89072,VALID,2.770632,VALID,Critical,CRITICAL_ALARM: Sensor data missing or invalid
2026-01-10 04:00:00+00:00,9.9,VALID,,,353.96,VALID,2.8293060000000003,VALID,Critical,CRITICAL_ALARM: Sensor data missing or invalid
2026-01-10 05:00:00+00:00,10.0,VALID,,,368.1184,VALID,2.864358,VALID,Critical,CRITICAL_ALARM: Sensor data missing or invalid
2026-01-10 06:00:00+00:00,10.1,VALID,,,365.99464,VALID,2.8582620000000003,VALID,Critical,CRITICAL_ALARM: Sensor data missing or invalid
2026-01-10 07:00:00+00:00,10.125,VALID,,,340.50952,VALID,2.797302,VALID,Critical,CRITICAL_ALARM: Sensor data missing or invalid
2026-01-10 08:00:00+00:00,10.149999999999999,VALID,,,310.06896,VALID,2.717292,VALID,Critical,CRITICAL_ALARM: Sensor data missing or invalid
2026-01-10 09:00:00+00:00,10.1,VALID,,,283.380376,VALID,2.645664,VALID,Critical,CRITICAL_ALARM: Sensor data missing or invalid
2026-01-10 10:00:00+00:00,10.149999999999999,VALID,,,265.82396,VALID,2.596134,VALID,Critical,CRITICAL_ALARM: Sensor data missing or invalid
2026-01-10 11:00:00+00:00,10.1,VALID,,,254.638824,VALID,2.5633680000000005,VALID,Critical,CRITICAL_ALARM: Sensor data missing or invalid
2026-01-10 12:00:00+00:00,10.1,VALID,,,248.47992,VALID,2.54508,VALID,Critical,CRITICAL_ALARM: Sensor data missing or invalid
2026-01-10 13:00:00+00:00,10.1,VALID,,,244.657152,VALID,2.53365,VALID,Critical,CRITICAL_ALARM: Sensor data missing or invalid
2026-01-10 14:00:00+00:00,10.025,VALID,,,243.241312,VALID,2.529078,VALID,Critical,CRITICAL_ALARM: Sensor data missing or invalid
2026-01-10 15:00:00+00:00,10.0,VALID,,,249.754176,VALID,2.54889,VALID,Critical,CRITICAL_ALARM: Sensor data missing or invalid
2026-01-10 16:00:00+00:00,9.975,VALID,,,265.540792,VALID,2.5953720000000002,VALID,Critical,CRITICAL_ALARM: Sensor data missing or invalid
2026-01-10 17:00:00+00:00,9.9,VALID,,,278.708104,VALID,2.6327100000000003,VALID,Critical,CRITICAL_ALARM: Sensor data missing or invalid
2026-01-10 18:00:00+00:00,9.925,VALID,,,275.664048,VALID,2.624328,VALID,Critical,CRITICAL_ALARM: Sensor data missing or invalid
2026-01-10 19:00:00+00:00,10.0,VALID,,,266.602672,VALID,2.59842,VALID,Critical,CRITICAL_ALARM: Sensor data missing or invalid
2026-01-10 20:00:00+00:00,10.05,VALID,,,255.91308,VALID,2.567178,VALID,Critical,CRITICAL_ALARM: Sensor data missing or invalid
2026-01-10 21:00:00+00:00,10.149999999999999,VALID,,,249.754176,VALID,2.54889,VALID,Critical,CRITICAL_ALARM: Sensor data missing or invalid
2026-01-10 22:00:00+00:00,10.2,VALID,,,246.214576,VALID,2.538222,VALID,Critical,CRITICAL_ALARM: Sensor data missing or invalid
2026-01-10 23:00:00+00:00,10.2,VALID,,,243.453688,VALID,2.52984,VALID,Critical,CRITICAL_ALARM: Sensor data missing or invalid
2026-01-11 00:00:00+00:00,10.174999999999999,VALID,,,241.75468,VALID,2.5245059999999997,VALID,Critical,CRITICAL_ALARM: Sensor data missing or invalid
2026-01-11 01:00:00+00:00,10.1,VALID,,,244.23239999999998,VALID,2.5321260000000003,VALID,Critical,CRITICAL_ALARM: Sensor data missing or invalid
2026-01-11 02:00:00+00:00,10.1,VALID,,,262.496736,VALID,2.586228,VALID,Critical,CRITICAL_ALARM: Sensor data missing or invalid
2026-01-11 03:00:00+00:00,10.1,VALID,,,297.751152,VALID,2.683764,VALID,Critical,CRITICAL_ALARM: Sensor data missing or invalid
2026-01-11 04:00:00+00:00,10.1,VALID,,,331.30656,VALID,2.77368,VALID,Critical,CRITICAL_ALARM: Sensor data missing or invalid
2026-01-11 05:00:00+00:00,10.174999999999999,VALID,,,351.83624,VALID,2.823972,VALID,Critical,CRITICAL_ALARM: Sensor data missing or invalid
2026-01-11 06:00:00+00:00,10.275,VALID,,,349.00455999999997,VALID,2.8194,VALID,Critical,CRITICAL_ALARM: Sensor data missing or invalid
2026-01-11 07:00:00+00:00,10.3,VALID,,,327.05904,VALID,2.76225,VALID,Critical,CRITICAL_ALARM: Sensor data missing or invalid
2026-01-11 08:00:00+00:00,10.3,VALID,,,298.74224,VALID,2.687574,VALID,Critical,CRITICAL_ALARM: Sensor data missing or invalid
2026-01-11 09:00:00+00:00,10.3,VALID,,,276.230384,VALID,2.625852,VALID,Critical,CRITICAL_ALARM: Sensor data missing or invalid
2026-01-11 10:00:00+00:00,10.3,VALID,,,261.364064,VALID,2.5831800000000005,VALID,Critical,CRITICAL_ALARM: Sensor data missing or invalid
2026-01-11 11:00:00+00:00,10.3,VALID,,,252.01952,VALID,2.5557480000000004,VALID,Critical,CRITICAL_ALARM: Sensor data missing or invalid
2026-01-11 12:00:00+00:00,10.2,VALID,,,247.134872,VALID,2.54127,VALID,Critical,CRITICAL_ALARM: Sensor data missing or invalid
2026-01-11 13:00:00+00:00,10.2,VALID,,,244.161608,VALID,2.5321260000000003,VALID,Critical,CRITICAL_ALARM: Sensor data missing or invalid
2026-01-11 14:00:00+00:00,10.149999999999999,VALID,,,243.241312,VALID,2.529078,VALID,Critical,CRITICAL_ALARM: Sensor data missing or invalid
2026-01-11 15:00:00+00:00,10.1,VALID,,,248.47992,VALID,2.5450800000000005,VALID,Critical,CRITICAL_ALARM: Sensor data missing or invalid
2026-01-11 16:00:00+00:00,10.1,VALID,,,262.425944,VALID,2.586228,VALID,Critical,CRITICAL_ALARM: Sensor data missing or invalid
2026-01-11 17:00:00+00:00,10.1,VALID,,,275.097712,VALID,2.6228040000000004,VALID,Critical,CRITICAL_ALARM: Sensor data missing or invalid
2026-01-11 18:00:00+00:00,10.1,VALID,,,274.03583199999997,VALID,2.6197559999999998,VALID,Critical,CRITICAL_ALARM: Sensor data missing or invalid
2026-01-11 19:00:00+00:00,10.174999999999999,VALID,,,265.257624,VALID,2.5946100000000003,VALID,Critical,CRITICAL_ALARM: Sensor data missing or invalid
2026-01-11 20:00:00+00:00,10.225,VALID,,,256.621,VALID,2.5694640000000004,VALID,Critical,CRITICAL_ALARM: Sensor data missing or invalid
2026-01-11 21:00:00+00:00,10.3,VALID,,,249.683384,VALID,2.54889,VALID,Critical,CRITICAL_ALARM: Sensor data missing or invalid
2026-01-11 22:00:00+00:00,10.3,VALID,,,246.71012,VALID,2.539746,VALID,Critical,CRITICAL_ALARM: Sensor data missing or invalid
2026-01-11 23:00:00+00:00,10.3,VALID,,,244.657152,VALID,2.53365,VALID,Critical,CRITICAL_ALARM: Sensor data missing or invalid
2026-01-12 00:00:00+00:00,10.3,VALID,,,243.807648,VALID,2.5313640000000004,VALID,Critical,CRITICAL_ALARM: Sensor data missing or invalid
2026-01-12 01:00:00+00:00,10.225,VALID,,,243.52447999999998,VALID,2.5306020000000005,VALID,Critical,CRITICAL_ALARM: Sensor data missing or invalid
2026-01-12 02:00:00+00:00,10.2,VALID,,,253.010608,VALID,2.558796,VALID,Critical,CRITICAL_ALARM: Sensor data missing or invalid
2026-01-12 03:00:00+00:00,10.2,VALID,,,273.681872,VALID,2.618994,VALID,Critical,CRITICAL_ALARM: Sensor data missing or invalid
2026-01-12 04:00:00+00:00,10.225,VALID,,,291.66304,VALID,2.669286,VALID,Critical,CRITICAL_ALARM: Sensor data missing or invalid
2026-01-12 05:00:00+00:00,10.3,VALID,,,302.98976,VALID,2.699766,VALID,Critical,CRITICAL_ALARM: Sensor data missing or invalid
2026-01-12 06:00:00+00:00,10.4,VALID,,,300.866,VALID,2.69367,VALID,Critical,CRITICAL_ALARM: Sensor data missing or invalid
2026-01-12 07:00:00+00:00,10.4,VALID,,,286.141264,VALID,2.654808,VALID,Critical,CRITICAL_ALARM: Sensor data missing or invalid
2026-01-12 08:00:00+00:00,10.4,VALID,,,271.062568,VALID,2.611374,VALID,Critical,CRITICAL_ALARM: Sensor data missing or invalid
2026-01-12 09:00:00+00:00,10.3,VALID,,,259.09871999999996,VALID,2.577084,VALID,Critical,CRITICAL_ALARM: Sensor data missing or invalid
2026-01-12 10:00:00+00:00,10.25,VALID,,,250.886848,VALID,2.5527,VALID,Critical,CRITICAL_ALARM: Sensor data missing or invalid
2026-01-12 11:00:00+00:00,10.2,VALID,,,246.568536,VALID,2.539746,VALID,Critical,CRITICAL_ALARM: Sensor data missing or invalid
2026-01-12 12:00:00+00:00,10.149999999999999,VALID,,,243.807648,VALID,2.5313640000000004,VALID,Critical,CRITICAL_ALARM: Sensor data missing or invalid
2026-01-12 13:00:00+00:00,10.1,VALID,,,242.391808,VALID,2.526792,VALID,Critical,CRITICAL_ALARM: Sensor data missing or invalid
2026-01-12 14:00:00+00:00,10.05,VALID,,,244.798736,VALID,2.534412,VALID,Critical,CRITICAL_ALARM: Sensor data missing or invalid
2026-01-12 15:00:00+00:00,10.0,VALID,,,263.7002,VALID,2.590038,VALID,Critical,CRITICAL_ALARM: Sensor data missing or invalid
2026-01-12 16:00:00+00:00,10.0,VALID,,,298.03432,VALID,2.685288,VALID,Critical,CRITICAL_ALARM: Sensor data missing or invalid
2026-01-12 17:00:00+00:00,10.0,VALID,,,323.51944,VALID,2.751582,VALID,Critical,CRITICAL_ALARM: Sensor data missing or invalid
2026-01-12 18:00:00+00:00,10.0,VALID,,,325.6432,VALID,2.7584400000000002,VALID,Critical,CRITICAL_ALARM: Sensor data missing or invalid
2026-01-12 19:00:00+00:00,10.125,VALID,,,309.36104,VALID,2.717292,VALID,Critical,CRITICAL_ALARM: Sensor data missing or invalid
2026-01-12 20:00:00+00:00,10.2,VALID,,,286.35364,VALID,2.65557,VALID,Critical,CRITICAL_ALARM: Sensor data missing or invalid
2026-01-12 21:00:00+00:00,10.275,VALID,,,269.929896,VALID,2.608326,VALID,Critical,CRITICAL_ALARM: Sensor data missing or invalid
2026-01-12 22:00:00+00:00,10.3,VALID,,,257.32892,VALID,2.57175,VALID,Critical,CRITICAL_ALARM: Sensor data missing or invalid
2026-01-12 23:00:00+00:00,10.3,VALID,,,250.108136,VALID,2.550414,VALID,Critical,CRITICAL_ALARM: Sensor data missing or invalid
2026-01-13 00:00:00+00:00,10.225,VALID,,,246.922496,VALID,2.540508,VALID,Critical,CRITICAL_ALARM: Sensor data missing or invalid
2026-01-13 01:00:00+00:00,10.2,VALID,,,251.736352,VALID,2.5549860000000004,VALID,Critical,CRITICAL_ALARM: Sensor data missing or invalid
2026-01-13 02:00:00+00:00,10.2,VALID,,,277.50464,VALID,2.6289000000000002,VALID,Critical,CRITICAL_ALARM: Sensor data missing or invalid
2026-01-13 03:00:00+00:00,10.2,VALID,,,314.31648,VALID,2.7294840000000002,VALID,Critical,CRITICAL_ALARM: Sensor data missing or invalid
2026-01-13 04:00:00+00:00,10.2,VALID,,,341.92536,VALID,2.8011120000000003,VALID,Critical,CRITICAL_ALARM: Sensor data missing or invalid
2026-01-13 05:00:00+00:00,10.3,VALID,,,353.25208,VALID,2.829306,VALID,Critical,CRITICAL_ALARM: Sensor data missing or invalid
2026-01-13 06:00:00+00:00,10.3,VALID,,,348.29663999999997,VALID,2.8155900000000003,VALID,Critical,CRITICAL_ALARM: Sensor data missing or invalid
2026-01-13 07:00:00+00:00,10.3,VALID,,,327.76696,VALID,2.7630120000000002,VALID,Critical,CRITICAL_ALARM: Sensor data missing or invalid
2026-01-13 08:00:00+00:00,10.3,VALID,,,300.866,VALID,2.692146,VALID,Critical,CRITICAL_ALARM: Sensor data missing or invalid
2026-01-13 09:00:00+00:00,10.2,VALID,,,277.575432,VALID,2.629662,VALID,Critical,CRITICAL_ALARM: Sensor data missing or invalid
2026-01-13 10:00:00+00:00,10.2,VALID,,,261.788816,VALID,2.5847040000000003,VALID,Critical,CRITICAL_ALARM: Sensor data missing or invalid
2026-01-13 11:00:00+00:00,10.125,VALID,,,251.87793599999998,VALID,2.5557480000000004,VALID,Critical,CRITICAL_ALARM: Sensor data missing or invalid
2026-01-13 12:00:00+00:00,10.1,VALID,,,246.85170399999998,VALID,2.540508,VALID,Critical,CRITICAL_ALARM: Sensor data missing or invalid
2026-01-13 13:00:00+00:00,10.025,VALID,,,243.099728,VALID,2.529078,VALID,Critical,CRITICAL_ALARM: Sensor data missing or invalid
2026-01-13 14:00:00+00:00,10.0,VALID,,,245.081904,VALID,2.5351740000000005,VALID,Critical,CRITICAL_ALARM: Sensor data missing or invalid
2026-01-13 15:00:00+00:00,10.0,VALID,,,262.567528,VALID,2.58699,VALID,Critical,CRITICAL_ALARM: Sensor data missing or invalid
2026-01-13 16:00:00+00:00,10.0,VALID,,,295.627392,VALID,2.6799540000000004,VALID,Critical,CRITICAL_ALARM: Sensor data missing or invalid
2026-01-13 17:00:00+00:00,10.0,VALID,,,322.81152,VALID,2.7523440000000003,VALID,Critical,CRITICAL_ALARM: Sensor data missing or invalid
2026-01-13 18:00:00+00:00,10.075,VALID,,,329.1828,VALID,2.7675840000000003,VALID,Critical,CRITICAL_ALARM: Sensor data missing or invalid
2026-01-13 19:00:00+00:00,10.149999999999999,VALID,,,314.31648,VALID,2.730246,VALID,Critical,CRITICAL_ALARM: Sensor data missing or invalid
2026-01-13 20:00:00+00:00,10.225,VALID,,,291.66304,VALID,2.6708100000000004,VALID,Critical,CRITICAL_ALARM: Sensor data missing or invalid
2026-01-13 21:00:00+00:00,10.3,VALID,,,275.31008799999995,VALID,2.6235660000000003,VALID,Critical,CRITICAL_ALARM: Sensor data missing or invalid
2026-01-13 22:00:00+00:00,10.4,VALID,,,263.558616,VALID,2.590038,VALID,Critical,CRITICAL_ALARM: Sensor data missing or invalid
2026-01-13 23:00:00+00:00,10.4,VALID,,,256.054664,VALID,2.56794,VALID,Critical,CRITICAL_ALARM: Sensor data missing or invalid
2026-01-14 00:00:00+00:00,10.375,VALID,,,252.09031199999998,VALID,2.5565100000000003,VALID,Critical,CRITICAL_ALARM: Sensor data missing or invalid
2026-01-14 01:00:00+00:00,10.325000000000001,VALID,,,257.258128,VALID,2.57175,VALID,Critical,CRITICAL_ALARM: Sensor data missing or invalid
2026-01-14 02:00:00+00:00,10.3,VALID,,,282.81404,VALID,2.64414,VALID,Critical,CRITICAL_ALARM: Sensor data missing or invalid
2026-01-14 03:00:00+00:00,10.3,VALID,,,318.56399999999996,VALID,2.740152,VALID,Critical,CRITICAL_ALARM: Sensor data missing or invalid
2026-01-14 04:00:00+00:00,10.4,VALID,,,344.04912,VALID,2.8049220000000004,VALID,Critical,CRITICAL_ALARM: Sensor data missing or invalid
2026-01-14 05:00:00+00:00,10.4,VALID,,,355.37584,VALID,2.833116,VALID,Critical,CRITICAL_ALARM: Sensor data missing or invalid
2026-01-14 06:00:00+00:00,10.4,VALID,,,348.29663999999997,VALID,2.817114,VALID,Critical,CRITICAL_ALARM: Sensor data missing or invalid
2026-01-14 07:00:00+00:00,10.4,VALID,,,327.76696,VALID,2.76225,VALID,Critical,CRITICAL_ALARM: Sensor data missing or invalid
2026-01-14 08:00:00+00:00,10.4,VALID,,,299.45016,VALID,2.6906220000000003,VALID,Critical,CRITICAL_ALARM: Sensor data missing or invalid
2026-01-14 09:00:00+00:00,10.3,VALID,,,276.584344,VALID,2.6281380000000003,VALID,Critical,CRITICAL_ALARM: Sensor data missing or invalid
2026-01-14 10:00:00+00:00,10.3,VALID,,,261.788816,VALID,2.5847040000000003,VALID,Critical,CRITICAL_ALARM: Sensor data missing or invalid
2026-01-14 11:00:00+00:00,10.2,VALID,,,252.161104,VALID,2.5565100000000003,VALID,Critical,CRITICAL_ALARM: Sensor data missing or invalid
2026-01-14 12:00:00+00:00,10.2,VALID,,,246.35616,VALID,2.538984,VALID,Critical,CRITICAL_ALARM: Sensor data missing or invalid
2026-01-14 13:00:00+00:00,10.2,VALID,,,243.312104,VALID,2.52984,VALID,Critical,CRITICAL_ALARM: Sensor data missing or invalid
2026-01-14 14:00:00+00:00,10.125,VALID,,,244.58636,VALID,2.53365,VALID,Critical,CRITICAL_ALARM: Sensor data missing or invalid
2026-01-14 15:00:00+00:00,10.1,VALID,,,262.355152,VALID,2.586228,VALID,Critical,CRITICAL_ALARM: Sensor data missing or invalid
2026-01-14 16:00:00+00:00,10.1,VALID,,,295.91056000000003,VALID,2.6807160000000003,VALID,Critical,CRITICAL_ALARM: Sensor data missing or invalid
2026-01-14 17:00:00+00:00,10.1,VALID,,,319.97983999999997,VALID,2.744724,VALID,Critical,CRITICAL_ALARM: Sensor data missing or invalid
2026-01-14 18:00:00+00:00,10.149999999999999,VALID,,,324.93528,VALID,2.7561540000000004,VALID,Critical,CRITICAL_ALARM: Sensor data missing or invalid
2026-01-14 19:00:00+00:00,10.225,VALID,,,312.19272,VALID,2.721864,VALID,Critical,CRITICAL_ALARM: Sensor data missing or invalid
2026-01-14 20:00:00+00:00,10.350000000000001,VALID,,,290.2472,VALID,2.664714,VALID,Critical,CRITICAL_ALARM: Sensor data missing or invalid
2026-01-14 21:00:00+00:00,10.4,VALID,,,273.186328,VALID,2.61747,VALID,Critical,CRITICAL_ALARM: Sensor data missing or invalid
2026-01-14 22:00:00+00:00,10.475,VALID,,,261.43485599999997,VALID,2.5839420000000004,VALID,Critical,CRITICAL_ALARM: Sensor data missing or invalid
2026-01-14 23:00:00+00:00,10.45,VALID,,,255.771496,VALID,2.567178,VALID,Critical,CRITICAL_ALARM: Sensor data missing or invalid
2026-01-15 00:00:00+00:00,10.4,VALID,,,250.391304,VALID,2.551176,VALID,Critical,CRITICAL_ALARM: Sensor data missing or invalid
2026-01-15 01:00:00+00:00,10.4,VALID,,,255.771496,VALID,2.567178,VALID,Critical,CRITICAL_ALARM: Sensor data missing or invalid
2026-01-15 02:00:00+00:00,10.4,VALID,,,283.52196,VALID,2.6456640000000005,VALID,Critical,CRITICAL_ALARM: Sensor data missing or invalid
2026-01-15 03:00:00+00:00,10.375,VALID,,,319.27192,VALID,2.7424380000000004,VALID,Critical,CRITICAL_ALARM: Sensor data missing or invalid
2026-01-15 04:00:00+00:00,10.4,VALID,,,345.46496,VALID,2.808732,VALID,Critical,CRITICAL_ALARM: Sensor data missing or invalid
2026-01-15 05:00:00+00:00,10.475,VALID,,,356.79168,VALID,2.836926,VALID,Critical,CRITICAL_ALARM: Sensor data missing or invalid
2026-01-15 06:00:00+00:00,10.5,VALID,,,349.71247999999997,VALID,2.8194000000000004,VALID,Critical,CRITICAL_ALARM: Sensor data missing or invalid
2026-01-15 07:00:00+00:00,10.5,VALID,,,327.76696,VALID,2.763774,VALID,Critical,CRITICAL_ALARM: Sensor data missing or invalid
2026-01-15 08:00:00+00:00,10.475,VALID,,,300.15808,VALID,2.691384,VALID,Critical,CRITICAL_ALARM: Sensor data missing or invalid
2026-01-15 09:00:00+00:00,10.4,VALID,,,276.371968,VALID,2.627376,VALID,Critical,CRITICAL_ALARM: Sensor data missing or invalid
2026-01-15 10:00:00+00:00,10.4,VALID,,,260.08980799999995,VALID,2.580132,VALID,Critical,CRITICAL_ALARM: Sensor data missing or invalid
2026-01-15 11:00:00+00:00,10.325000000000001,VALID,,,250.462096,VALID,2.5511760000000003,VALID,Critical,CRITICAL_ALARM: Sensor data missing or invalid
2026-01-15 12:00:00+00:00,10.3,VALID,,,245.011112,VALID,2.5351740000000005,VALID,Critical,CRITICAL_ALARM: Sensor data missing or invalid
2026-01-15 13:00:00+00:00,10.3,VALID,,,241.896264,VALID,2.525268,VALID,Critical,CRITICAL_ALARM: Sensor data missing or invalid
2026-01-15 14:00:00+00:00,10.225,VALID,,,242.745768,VALID,2.5283160000000002,VALID,Critical,CRITICAL_ALARM: Sensor data missing or invalid
2026-01-15 15:00:00+00:00,10.2,VALID,,,259.665056,VALID,2.578608,VALID,Critical,CRITICAL_ALARM: Sensor data missing or invalid
2026-01-15 16:00:00+00:00,10.2,VALID,,,292.017,VALID,2.669286,VALID,Critical,CRITICAL_ALARM: Sensor data missing or invalid
2026-01-15 17:00:00+00:00,10.2,VALID,,,317.85608,VALID,2.736342,VALID,Critical,CRITICAL_ALARM: Sensor data missing or invalid
2026-01-15 18:00:00+00:00,10.25,VALID,,,318.56399999999996,VALID,2.740914,VALID,Critical,CRITICAL_ALARM: Sensor data missing or invalid
2026-01-15 19:00:00+00:00,10.325000000000001,VALID,,,300.15808,VALID,2.691384,VALID,Critical,CRITICAL_ALARM: Sensor data missing or invalid
2026-01-15 20:00:00+00:00,10.4,VALID,,,279.98235999999997,VALID,2.635758,VALID,Critical,CRITICAL_ALARM: Sensor data missing or invalid
2026-01-15 21:00:00+00:00,10.475,VALID,,,262.85069599999997,VALID,2.587752,VALID,Critical,CRITICAL_ALARM: Sensor data missing or invalid
2026-01-15 22:00:00+00:00,10.5,VALID,,,252.44427199999998,VALID,2.557272,VALID,Critical,CRITICAL_ALARM: Sensor data missing or invalid
2026-01-15 23:00:00+00:00,10.5,VALID,,,246.285368,VALID,2.538984,VALID,Critical,CRITICAL_ALARM: Sensor data missing or invalid
2026-01-16 00:00:00+00:00,10.475,VALID,,,243.241312,VALID,2.5298400000000005,VALID,Critical,CRITICAL_ALARM: Sensor data missing or invalid
2026-01-16 01:00:00+00:00,10.4,VALID,,,249.400216,VALID,2.548128,VALID,Critical,CRITICAL_ALARM: Sensor data missing or invalid
2026-01-16 02:00:00+00:00,10.4,VALID,,,275.38088,VALID,2.624328,VALID,Critical,CRITICAL_ALARM: Sensor data missing or invalid
2026-01-16 03:00:00+00:00,10.4,VALID,,,312.19272,VALID,2.721102,VALID,Critical,CRITICAL_ALARM: Sensor data missing or invalid
2026-01-16 04:00:00+00:00,10.4,VALID,,,341.21744,VALID,2.798064,VALID,Critical,CRITICAL_ALARM: Sensor data missing or invalid
2026-01-16 05:00:00+00:00,10.45,VALID,,,353.25208,VALID,2.82702,VALID,Critical,CRITICAL_ALARM: Sensor data missing or invalid
2026-01-16 06:00:00+00:00,10.5,VALID,,,346.8808,VALID,2.8110180000000002,VALID,Critical,CRITICAL_ALARM: Sensor data missing or invalid
2026-01-16 07:00:00+00:00,10.5,VALID,,,324.93528,VALID,2.7569160000000004,VALID,Critical,CRITICAL_ALARM: Sensor data missing or invalid
2026-01-16 08:00:00+00:00,10.425,VALID,,,299.45016,VALID,2.690622,VALID,Critical,CRITICAL_ALARM: Sensor data missing or invalid
2026-01-16 09:00:00+00:00,10.4,VALID,,,275.876424,VALID,2.625852,VALID,Critical,CRITICAL_ALARM: Sensor data missing or invalid
2026-01-16 10:00:00+00:00,10.3,VALID,,,260.656144,VALID,2.581656,VALID,Critical,CRITICAL_ALARM: Sensor data missing or invalid
2026-01-16 11:00:00+00:00,10.3,VALID,,,251.66556,VALID,2.554986,VALID,Critical,CRITICAL_ALARM: Sensor data missing or invalid
2026-01-16 12:00:00+00:00,10.2,VALID,,,245.860616,VALID,2.5374600000000003,VALID,Critical,CRITICAL_ALARM: Sensor data missing or invalid
2026-01-16 13:00:00+00:00,10.2,VALID,,,242.604184,VALID,2.5275540000000003,VALID,Critical,CRITICAL_ALARM: Sensor data missing or invalid
2026-01-16 14:00:00+00:00,10.2,VALID,,,244.798736,VALID,2.534412,VALID,Critical,CRITICAL_ALARM: Sensor data missing or invalid
2026-01-16 15:00:00+00:00,10.125,VALID,,,263.063072,VALID,2.588514,VALID,Critical,CRITICAL_ALARM: Sensor data missing or invalid
2026-01-16 16:00:00+00:00,10.1,VALID,,,295.91056000000003,VALID,2.6814780000000003,VALID,Critical,CRITICAL_ALARM: Sensor data missing or invalid
2026-01-16 17:00:00+00:00,10.1,VALID,,,320.68775999999997,VALID,2.7477720000000003,VALID,Critical,CRITICAL_ALARM: Sensor data missing or invalid
2026-01-16 18:00:00+00:00,10.149999999999999,VALID,,,321.39567999999997,VALID,2.7470100000000004,VALID,Critical,CRITICAL_ALARM: Sensor data missing or invalid
2026-01-16 19:00:00+00:00,10.2,VALID,,,302.98976,VALID,2.69748,VALID,Critical,CRITICAL_ALARM: Sensor data missing or invalid
2026-01-16 20:00:00+00:00,10.275,VALID,,,280.265528,VALID,2.6365200000000004,VALID,Critical,CRITICAL_ALARM: Sensor data missing or invalid
2026-01-16 21:00:00+00:00,10.350000000000001,VALID,,,264.33732799999996,VALID,2.592324,VALID,Critical,CRITICAL_ALARM: Sensor data missing or invalid
2026-01-16 22:00:00+00:00,10.4,VALID,,,253.222984,VALID,2.559558,VALID,Critical,CRITICAL_ALARM: Sensor data missing or invalid
2026-01-16 23:00:00+00:00,10.4,VALID,,,246.072992,VALID,2.538222,VALID,Critical,CRITICAL_ALARM: Sensor data missing or invalid
2026-01-17 00:00:00+00:00,10.325000000000001,VALID,,,242.81655999999998,VALID,2.5283160000000002,VALID,Critical,CRITICAL_ALARM: Sensor data missing or invalid
2026-01-17 01:00:00+00:00,10.275,VALID,,,249.966552,VALID,2.549652,VALID,Critical,CRITICAL_ALARM: Sensor data missing or invalid
2026-01-17 02:00:00+00:00,10.2,VALID,,,276.230384,VALID,2.626614,VALID,Critical,CRITICAL_ALARM: Sensor data missing or invalid
2026-01-17 03:00:00+00:00,10.2,VALID,,,312.90064,VALID,2.726436,VALID,Critical,CRITICAL_ALARM: Sensor data missing or invalid
2026-01-17 04:00:00+00:00,10.2,VALID,,,340.50952,VALID,2.7957780000000003,VALID,Critical,CRITICAL_ALARM: Sensor data missing or invalid
2026-01-17 05:00:00+00:00,10.275,VALID,,,352.54416,VALID,2.8254960000000002,VALID,Critical,CRITICAL_ALARM: Sensor data missing or invalid
2026-01-17 06:00:00+00:00,10.3,VALID,,,344.75704,VALID,2.807208,VALID,Critical,CRITICAL_ALARM: Sensor data missing or invalid
2026-01-17 07:00:00+00:00,10.3,VALID,,,323.51944,VALID,2.75463,VALID,Critical,CRITICAL_ALARM: Sensor data missing or invalid
2026-01-17 08:00:00+00:00,10.25,VALID,,,299.45016,VALID,2.6890980000000004,VALID,Critical,CRITICAL_ALARM: Sensor data missing or invalid
2026-01-17 09:00:00+00:00,10.2,VALID,,,276.371968,VALID,2.627376,VALID,Critical,CRITICAL_ALARM: Sensor data missing or invalid
2026-01-17 10:00:00+00:00,10.149999999999999,VALID,,,261.788816,VALID,2.584704,VALID,Critical,CRITICAL_ALARM: Sensor data missing or invalid
2026-01-17 11:00:00+00:00,10.1,VALID,,,251.66556,VALID,2.554986,VALID,Critical,CRITICAL_ALARM: Sensor data missing or invalid
2026-01-17 12:00:00+00:00,10.05,VALID,,,245.860616,VALID,2.5374600000000003,VALID,Critical,CRITICAL_ALARM: Sensor data missing or invalid
2026-01-17 13:00:00+00:00,10.0,VALID,,,242.81655999999998,VALID,2.5283160000000002,VALID,Critical,CRITICAL_ALARM: Sensor data missing or invalid
2026-01-17 14:00:00+00:00,10.0,VALID,,,241.542304,VALID,2.5245059999999997,VALID,Critical,CRITICAL_ALARM: Sensor data missing or invalid
2026-01-17 15:00:00+00:00,9.925,VALID,,,246.568536,VALID,2.539746,VALID,Critical,CRITICAL_ALARM: Sensor data missing or invalid
2026-01-17 16:00:00+00:00,9.9,VALID,,,259.169512,VALID,2.577084,VALID,Critical,CRITICAL_ALARM: Sensor data missing or invalid
2026-01-17 17:00:00+00:00,9.9,VALID,,,272.12444800000003,VALID,2.6144220000000002,VALID,Critical,CRITICAL_ALARM: Sensor data missing or invalid
2026-01-17 18:00:00+00:00,9.925,VALID,,,270.7794,VALID,2.610612,VALID,Critical,CRITICAL_ALARM: Sensor data missing or invalid
2026-01-17 19:00:00+00:00,10.0,VALID,,,262.355152,VALID,2.586228,VALID,Critical,CRITICAL_ALARM: Sensor data missing or invalid
2026-01-17 20:00:00+00:00,10.075,VALID,,,252.939816,VALID,2.558796,VALID,Critical,CRITICAL_ALARM: Sensor data missing or invalid
2026-01-17 21:00:00+00:00,10.149999999999999,VALID,,,247.630416,VALID,2.542794,VALID,Critical,CRITICAL_ALARM: Sensor data missing or invalid
2026-01-17 22:00:00+00:00,10.2,VALID,,,243.312104,VALID,2.52984,VALID,Critical,CRITICAL_ALARM: Sensor data missing or invalid
2026-01-17 23:00:00+00:00,10.2,VALID,,,241.542304,VALID,2.5245059999999997,VALID,Critical,CRITICAL_ALARM: Sensor data missing or invalid
2026-01-18 00:00:00+00:00,10.2,VALID,,,239.843296,VALID,2.519172,VALID,Critical,CRITICAL_ALARM: Sensor data missing or invalid
2026-01-18 01:00:00+00:00,10.125,VALID,,,242.604184,VALID,2.5275540000000003,VALID,Critical,CRITICAL_ALARM: Sensor data missing or invalid
2026-01-18 02:00:00+00:00,10.1,VALID,,,258.461592,VALID,2.5747980000000004,VALID,Critical,CRITICAL_ALARM: Sensor data missing or invalid
2026-01-18 03:00:00+00:00,10.1,VALID,,,288.335816,VALID,2.660142,VALID,Critical,CRITICAL_ALARM: Sensor data missing or invalid
2026-01-18 04:00:00+00:00,10.1,VALID,,,315.73231999999996,VALID,2.733294,VALID,Critical,CRITICAL_ALARM: Sensor data missing or invalid
2026-01-18 05:00:00+00:00,10.2,VALID,,,331.30656,VALID,2.7729179999999998,VALID,Critical,CRITICAL_ALARM: Sensor data missing or invalid
2026-01-18 06:00:00+00:00,10.2,VALID,,,327.05904,VALID,2.7622500000000003,VALID,Critical,CRITICAL_ALARM: Sensor data missing or invalid
2026-01-18 07:00:00+00:00,10.2,VALID,,,308.65312,VALID,2.7134820000000004,VALID,Critical,CRITICAL_ALARM: Sensor data missing or invalid
2026-01-18 08:00:00+00:00,10.149999999999999,VALID,,,286.35364,VALID,2.654046,VALID,Critical,CRITICAL_ALARM: Sensor data missing or invalid
2026-01-18 09:00:00+00:00,10.1,VALID,,,268.58484799999997,VALID,2.6045160000000003,VALID,Critical,CRITICAL_ALARM: Sensor data missing or invalid
2026-01-18 10:00:00+00:00,10.025,VALID,,,256.479416,VALID,2.569464,VALID,Critical,CRITICAL_ALARM: Sensor data missing or invalid
2026-01-18 11:00:00+00:00,10.0,VALID,,,248.621504,VALID,2.5458420000000004,VALID,Critical,CRITICAL_ALARM: Sensor data missing or invalid
2026-01-18 12:00:00+00:00,10.0,VALID,,,244.303192,VALID,2.5328880000000003,VALID,Critical,CRITICAL_ALARM: Sensor data missing or invalid
2026-01-18 13:00:00+00:00,9.925,VALID,,,241.825472,VALID,2.5252679999999996,VALID,Critical,CRITICAL_ALARM: Sensor data missing or invalid
2026-01-18 14:00:00+00:00,9.9,VALID,,,241.25913599999998,VALID,2.5237439999999998,VALID,Critical,CRITICAL_ALARM: Sensor data missing or invalid
2026-01-18 15:00:00+00:00,9.850000000000001,VALID,,,245.860616,VALID,2.5374600000000003,VALID,Critical,CRITICAL_ALARM: Sensor data missing or invalid
2026-01-18 16:00:00+00:00,9.8,VALID,,,259.665056,VALID,2.578608,VALID,Critical,CRITICAL_ALARM: Sensor data missing or invalid
2026-01-18 17:00:00+00:00,9.8,VALID,,,271.62890400000003,VALID,2.612898,VALID,Critical,CRITICAL_ALARM: Sensor data missing or invalid
2026-01-18 18:00:00+00:00,9.850000000000001,VALID,,,271.558112,VALID,2.612898,VALID,Critical,CRITICAL_ALARM: Sensor data missing or invalid
2026-01-18 19:00:00+00:00,9.925,VALID,,,263.34623999999997,VALID,2.589276,VALID,Critical,CRITICAL_ALARM: Sensor data missing or invalid
2026-01-18 20:00:00+00:00,10.0,VALID,,,254.426448,VALID,2.563368,VALID,Critical,CRITICAL_ALARM: Sensor data missing or invalid
2026-01-18 21:00:00+00:00,10.1,VALID,,,248.12596,VALID,2.544318,VALID,Critical,CRITICAL_ALARM: Sensor data missing or invalid
2026-01-18 22:00:00+00:00,10.174999999999999,VALID,,,243.736856,VALID,2.5313640000000004,VALID,Critical,CRITICAL_ALARM: Sensor data missing or invalid
2026-01-18 23:00:00+00:00,10.2,VALID,,,241.825472,VALID,2.5252679999999996,VALID,Critical,CRITICAL_ALARM: Sensor data missing or invalid
2026-01-19 00:00:00+00:00,10.1,VALID,,,240.409632,VALID,2.520696,VALID,Critical,CRITICAL_ALARM: Sensor data missing or invalid
2026-01-19 01:00:00+00:00,10.1,VALID,,,239.560128,VALID,2.51841,VALID,Critical,CRITICAL_ALARM: Sensor data missing or invalid
2026-01-19 02:00:00+00:00,10.0,VALID,,,248.12596,VALID,2.544318,VALID,Critical,CRITICAL_ALARM: Sensor data missing or invalid
2026-01-19 03:00:00+00:00,10.0,VALID,,,267.806136,VALID,2.60223,VALID,Critical,CRITICAL_ALARM: Sensor data missing or invalid
2026-01-19 04:00:00+00:00,10.05,VALID,,,287.557104,VALID,2.656332,VALID,Critical,CRITICAL_ALARM: Sensor data missing or invalid
2026-01-19 05:00:00+00:00,10.1,VALID,,,299.45016,VALID,2.689098,VALID,Critical,CRITICAL_ALARM: Sensor data missing or invalid
2026-01-19 06:00:00+00:00,10.174999999999999,VALID,,,296.61848,VALID,2.683002,VALID,Critical,CRITICAL_ALARM: Sensor data missing or invalid
2026-01-19 07:00:00+00:00,10.2,VALID,,,283.380376,VALID,2.646426,VALID,Critical,CRITICAL_ALARM: Sensor data missing or invalid
2026-01-19 08:00:00+00:00,10.125,VALID,,,267.806136,VALID,2.60223,VALID,Critical,CRITICAL_ALARM: Sensor data missing or invalid
2026-01-19 09:00:00+00:00,10.1,VALID,,,256.054664,VALID,2.56794,VALID,Critical,CRITICAL_ALARM: Sensor data missing or invalid
2026-01-19 10:00:00+00:00,10.025,VALID,,,249.18784,VALID,2.5473660000000002,VALID,Critical,CRITICAL_ALARM: Sensor data missing or invalid
2026-01-19 11:00:00+00:00,10.0,VALID,,,244.303192,VALID,2.5328880000000003,VALID,Critical,CRITICAL_ALARM: Sensor data missing or invalid
2026-01-19 12:00:00+00:00,9.975,VALID,,,242.037848,VALID,2.52603,VALID,Critical,CRITICAL_ALARM: Sensor data missing or invalid
2026-01-19 13:00:00+00:00,9.9,VALID,,,241.25913599999998,VALID,2.5237439999999998,VALID,Critical,CRITICAL_ALARM: Sensor data missing or invalid
2026-01-19 14:00:00+00:00,9.9,VALID,,,243.028936,VALID,2.529078,VALID,Critical,CRITICAL_ALARM: Sensor data missing or invalid
2026-01-19 15:00:00+00:00,9.850000000000001,VALID,,,261.364064,VALID,2.58318,VALID,Critical,CRITICAL_ALARM: Sensor data missing or invalid
2026-01-19 16:00:00+00:00,9.8,VALID,,,294.919472,VALID,2.6761440000000003,VALID,Critical,CRITICAL_ALARM: Sensor data missing or invalid
2026-01-19 17:00:00+00:00,9.8,VALID,,,319.27192,VALID,2.7432,VALID,Critical,CRITICAL_ALARM: Sensor data missing or invalid
2026-01-19 18:00:00+00:00,9.875,VALID,,,321.39567999999997,VALID,2.7470100000000004,VALID,Critical,CRITICAL_ALARM: Sensor data missing or invalid
2026-01-19 19:00:00+00:00,9.975,VALID,,,302.98976,VALID,2.702052,VALID,Critical,CRITICAL_ALARM: Sensor data missing or invalid
2026-01-19 20:00:00+00:00,10.0,VALID,,,283.52196000000004,VALID,2.645664,VALID,Critical,CRITICAL_ALARM: Sensor data missing or invalid
2026-01-19 21:00:00+00:00,10.1,VALID,,,264.620496,VALID,2.5930860000000004,VALID,Critical,CRITICAL_ALARM: Sensor data missing or invalid
2026-01-19 22:00:00+00:00,10.174999999999999,VALID,,,254.00169599999998,VALID,2.5618440000000002,VALID,Critical,CRITICAL_ALARM: Sensor data missing or invalid
2026-01-19 23:00:00+00:00,10.174999999999999,VALID,,,247.913584,VALID,2.543556,VALID,Critical,CRITICAL_ALARM: Sensor data missing or invalid
2026-01-20 00:00:00+00:00,10.1,VALID,,,243.52447999999998,VALID,2.5306020000000005,VALID,Critical,CRITICAL_ALARM: Sensor data missing or invalid
2026-01-20 01:00:00+00:00,10.025,VALID,,,250.67447199999998,VALID,2.5519380000000003,VALID,Critical,CRITICAL_ALARM: Sensor data missing or invalid
2026-01-20 02:00:00+00:00,10.0,VALID,,,282.035328,VALID,2.6426160000000003,VALID,Critical,CRITICAL_ALARM: Sensor data missing or invalid
2026-01-20 03:00:00+00:00,10.0,VALID,,,320.68776,VALID,2.744724,VALID,Critical,CRITICAL_ALARM: Sensor data missing or invalid
2026-01-20 04:00:00+00:00,10.0,VALID,,,346.8808,VALID,2.8110180000000002,VALID,Critical,CRITICAL_ALARM: Sensor data missing or invalid
2026-01-20 05:00:00+00:00,10.1,VALID,,,357.4996,VALID,2.8384500000000004,VALID,Critical,CRITICAL_ALARM: Sensor data missing or invalid
2026-01-20 06:00:00+00:00,10.1,VALID,,,351.12832,VALID,2.821686,VALID,Critical,CRITICAL_ALARM: Sensor data missing or invalid
2026-01-20 07:00:00+00:00,10.1,VALID,,,327.05904,VALID,2.76225,VALID,Critical,CRITICAL_ALARM: Sensor data missing or invalid
2026-01-20 08:00:00+00:00,10.025,VALID,,,299.45016,VALID,2.6906220000000003,VALID,Critical,CRITICAL_ALARM: Sensor data missing or invalid
2026-01-20 09:00:00+00:00,10.0,VALID,,,276.65513599999997,VALID,2.6281380000000003,VALID,Critical,CRITICAL_ALARM: Sensor data missing or invalid
2026-01-20 10:00:00+00:00,9.9,VALID,,,260.939312,VALID,2.582418,VALID,Critical,CRITICAL_ALARM: Sensor data missing or invalid
2026-01-20 11:00:00+00:00,9.875,VALID,,,252.161104,VALID,2.5565100000000003,VALID,Critical,CRITICAL_ALARM: Sensor data missing or invalid
2026-01-20 12:00:00+00:00,9.8,VALID,,,246.072992,VALID,2.538222,VALID,Critical,CRITICAL_ALARM: Sensor data missing or invalid
2026-01-20 13:00:00+00:00,9.8,VALID,,,242.81655999999998,VALID,2.5283160000000002,VALID,Critical,CRITICAL_ALARM: Sensor data missing or invalid
2026-01-20 14:00:00+00:00,9.775,VALID,,,244.798736,VALID,2.534412,VALID,Critical,CRITICAL_ALARM: Sensor data missing or invalid
2026-01-20 15:00:00+00:00,9.7,VALID,,,264.195744,VALID,2.591562,VALID,Critical,CRITICAL_ALARM: Sensor data missing or invalid
2026-01-20 16:00:00+00:00,9.7,VALID,,,299.45016,VALID,2.689098,VALID,Critical,CRITICAL_ALARM: Sensor data missing or invalid
2026-01-20 17:00:00+00:00,9.7,VALID,,,322.81152,VALID,2.7515820000000004,VALID,Critical,CRITICAL_ALARM: Sensor data missing or invalid
2026-01-20 18:00:00+00:00,9.775,VALID,,,322.1036,VALID,2.749296,VALID,Critical,CRITICAL_ALARM: Sensor data missing or invalid
2026-01-20 19:00:00+00:00,9.825000000000001,VALID,,,305.82144,VALID,2.706624,VALID,Critical,CRITICAL_ALARM: Sensor data missing or invalid
2026-01-20 20:00:00+00:00,9.95,VALID,,,281.822952,VALID,2.6433780000000002,VALID,Critical,CRITICAL_ALARM: Sensor data missing or invalid
2026-01-20 21:00:00+00:00,10.0,VALID,,,265.753168,VALID,2.596134,VALID,Critical,CRITICAL_ALARM: Sensor data missing or invalid
2026-01-20 22:00:00+00:00,10.1,VALID,,,254.780408,VALID,2.5641300000000005,VALID,Critical,CRITICAL_ALARM: Sensor data missing or invalid
2026-01-20 23:00:00+00:00,10.1,VALID,,,247.630416,VALID,2.542794,VALID,Critical,CRITICAL_ALARM: Sensor data missing or invalid
2026-01-21 00:00:00+00:00,10.0,VALID,,,244.09081600000002,VALID,2.5321260000000003,VALID,Critical,CRITICAL_ALARM: Sensor data missing or invalid
2026-01-21 01:00:00+00:00,9.975,VALID,,,249.400216,VALID,2.548128,VALID,Critical,CRITICAL_ALARM: Sensor data missing or invalid
2026-01-21 02:00:00+00:00,9.9,VALID,,,274.31899999999996,VALID,2.619756,VALID,Critical,CRITICAL_ALARM: Sensor data missing or invalid
2026-01-21 03:00:00+00:00,9.9,VALID,,,312.19272,VALID,2.721864,VALID,Critical,CRITICAL_ALARM: Sensor data missing or invalid
2026-01-21 04:00:00+00:00,9.925,VALID,,,340.50952,VALID,2.7965400000000002,VALID,Critical,CRITICAL_ALARM: Sensor data missing or invalid
2026-01-21 05:00:00+00:00,10.0,VALID,,,353.96,VALID,2.830068,VALID,Critical,CRITICAL_ALARM: Sensor data missing or invalid
2026-01-21 06:00:00+00:00,10.0,VALID,,,349.00455999999997,VALID,2.817114,VALID,Critical,CRITICAL_ALARM: Sensor data missing or invalid
2026-01-21 07:00:00+00:00,10.0,VALID,,,327.76696,VALID,2.763774,VALID,Critical,CRITICAL_ALARM: Sensor data missing or invalid
2026-01-21 08:00:00+00:00,9.975,VALID,,,299.45016,VALID,2.6898600000000004,VALID,Critical,CRITICAL_ALARM: Sensor data missing or invalid
2026-01-21 09:00:00+00:00,9.9,VALID,,,276.86751200000003,VALID,2.6289000000000002,VALID,Critical,CRITICAL_ALARM: Sensor data missing or invalid
2026-01-21 10:00:00+00:00,9.850000000000001,VALID,,,261.505648,VALID,2.5839420000000004,VALID,Critical,CRITICAL_ALARM: Sensor data missing or invalid
2026-01-21 11:00:00+00:00,9.8,VALID,,,251.948728,VALID,2.5557480000000004,VALID,Critical,CRITICAL_ALARM: Sensor data missing or invalid
2026-01-21 12:00:00+00:00,9.775,VALID,,,246.568536,VALID,2.539746,VALID,Critical,CRITICAL_ALARM: Sensor data missing or invalid
2026-01-21 13:00:00+00:00,9.7,VALID,,,244.020024,VALID,2.5321260000000003,VALID,Critical,CRITICAL_ALARM: Sensor data missing or invalid
2026-01-21 14:00:00+00:00,9.7,VALID,,,243.87844,VALID,2.531364,VALID,Critical,CRITICAL_ALARM: Sensor data missing or invalid
2026-01-21 15:00:00+00:00,9.674999999999999,VALID,,,260.797728,VALID,2.581656,VALID,Critical,CRITICAL_ALARM: Sensor data missing or invalid
2026-01-21 16:00:00+00:00,9.6,VALID,,,294.211552,VALID,2.6761440000000003,VALID,Critical,CRITICAL_ALARM: Sensor data missing or invalid
2026-01-21 17:00:00+00:00,9.6,VALID,,,320.68775999999997,VALID,2.746248,VALID,Critical,CRITICAL_ALARM: Sensor data missing or invalid
2026-01-21 18:00:00+00:00,9.674999999999999,VALID,,,325.6432,VALID,2.7569160000000004,VALID,Critical,CRITICAL_ALARM: Sensor data missing or invalid
2026-01-21 19:00:00+00:00,9.75,VALID,,,308.65312,VALID,2.713482,VALID,Critical,CRITICAL_ALARM: Sensor data missing or invalid
2026-01-21 20:00:00+00:00,9.8,VALID,,,286.070472,VALID,2.6525220000000003,VALID,Critical,CRITICAL_ALARM: Sensor data missing or invalid
2026-01-21 21:00:00+00:00,9.9,VALID,,,267.806136,VALID,2.60223,VALID,Critical,CRITICAL_ALARM: Sensor data missing or invalid
2026-01-21 22:00:00+00:00,9.95,VALID,,,255.77149599999998,VALID,2.567178,VALID,Critical,CRITICAL_ALARM: Sensor data missing or invalid
2026-01-21 23:00:00+00:00,10.0,VALID,,,248.975464,VALID,2.5466040000000003,VALID,Critical,CRITICAL_ALARM: Sensor data missing or invalid
2026-01-22 00:00:00+00:00,9.975,VALID,,,245.29428000000001,VALID,2.5359360000000004,VALID,Critical,CRITICAL_ALARM: Sensor data missing or invalid
2026-01-22 01:00:00+00:00,9.9,VALID,,,250.95764,VALID,2.5527,VALID,Critical,CRITICAL_ALARM: Sensor data missing or invalid
2026-01-22 02:00:00+00:00,9.9,VALID,,,279.203648,VALID,2.634996,VALID,Critical,CRITICAL_ALARM: Sensor data missing or invalid
2026-01-22 03:00:00+00:00,9.9,VALID,,,317.14815999999996,VALID,2.736342,VALID,Critical,CRITICAL_ALARM: Sensor data missing or invalid
2026-01-22 04:00:00+00:00,9.925,VALID,,,344.75703999999996,VALID,2.8056840000000003,VALID,Critical,CRITICAL_ALARM: Sensor data missing or invalid
2026-01-22 05:00:00+00:00,10.0,VALID,,,356.08376,VALID,2.8338780000000003,VALID,Critical,CRITICAL_ALARM: Sensor data missing or invalid
2026-01-22 06:00:00+00:00,10.0,VALID,,,349.00455999999997,VALID,2.817114,VALID,Critical,CRITICAL_ALARM: Sensor data missing or invalid
2026-01-22 07:00:00+00:00,10.0,VALID,,,327.76696,VALID,2.763774,VALID,Critical,CRITICAL_ALARM: Sensor data missing or invalid
2026-01-22 08:00:00+00:00,9.95,VALID,,,299.45016,VALID,2.6898600000000004,VALID,Critical,CRITICAL_ALARM: Sensor data missing or invalid
2026-01-22 09:00:00+00:00,9.9,VALID,,,275.876424,VALID,2.62509,VALID,Critical,CRITICAL_ALARM: Sensor data missing or invalid
2026-01-22 10:00:00+00:00,9.8,VALID,,,259.948224,VALID,2.57937,VALID,Critical,CRITICAL_ALARM: Sensor data missing or invalid
2026-01-22 11:00:00+00:00,9.8,VALID,,,250.886848,VALID,2.5527,VALID,Critical,CRITICAL_ALARM: Sensor data missing or invalid
2026-01-22 12:00:00+00:00,9.75,VALID,,,245.64824,VALID,2.5366980000000003,VALID,Critical,CRITICAL_ALARM: Sensor data missing or invalid
2026-01-22 13:00:00+00:00,9.7,VALID,,,241.825472,VALID,2.5252679999999996,VALID,Critical,CRITICAL_ALARM: Sensor data missing or invalid
2026-01-22 14:00:00+00:00,9.7,VALID,,,244.303192,VALID,2.532888,VALID,Critical,CRITICAL_ALARM: Sensor data missing or invalid
2026-01-22 15:00:00+00:00,9.649999999999999,VALID,,,266.815048,VALID,2.5991820000000003,VALID,Critical,CRITICAL_ALARM: Sensor data missing or invalid
2026-01-22 16:00:00+00:00,9.6,VALID,,,301.57392,VALID,2.6974800000000005,VALID,Critical,CRITICAL_ALARM: Sensor data missing or invalid
2026-01-22 17:00:00+00:00,9.625,VALID,,,324.22736,VALID,2.755392,VALID,Critical,CRITICAL_ALARM: Sensor data missing or invalid
2026-01-22 18:00:00+00:00,9.7,VALID,,,323.51944,VALID,2.75463,VALID,Critical,CRITICAL_ALARM: Sensor data missing or invalid
2026-01-22 19:00:00+00:00,9.775,VALID,,,305.11352,VALID,2.7058619999999998,VALID,Critical,CRITICAL_ALARM: Sensor data missing or invalid
2026-01-22 20:00:00+00:00,9.8,VALID,,,282.318496,VALID,2.6433780000000002,VALID,Critical,CRITICAL_ALARM: Sensor data missing or invalid
2026-01-22 21:00:00+00:00,9.850000000000001,VALID,,,262.779904,VALID,2.587752,VALID,Critical,CRITICAL_ALARM: Sensor data missing or invalid
2026-01-22 22:00:00+00:00,9.9,VALID,,,250.886848,VALID,2.5527,VALID,Critical,CRITICAL_ALARM: Sensor data missing or invalid
2026-01-22 23:00:00+00:00,9.9,VALID,,,246.35616,VALID,2.538984,VALID,Critical,CRITICAL_ALARM: Sensor data missing or invalid
2026-01-23 00:00:00+00:00,9.9,VALID,,,244.303192,VALID,2.5328880000000003,VALID,Critical,CRITICAL_ALARM: Sensor data missing or invalid
2026-01-23 01:00:00+00:00,9.9,VALID,,,248.692296,VALID,2.5458420000000004,VALID,Critical,CRITICAL_ALARM: Sensor data missing or invalid
2026-01-23 02:00:00+00:00,9.9,VALID,,,274.31899999999996,VALID,2.619756,VALID,Critical,CRITICAL_ALARM: Sensor data missing or invalid
2026-01-23 03:00:00+00:00,9.9,VALID,,,310.77688,VALID,2.72034,VALID,Critical,CRITICAL_ALARM: Sensor data missing or invalid
2026-01-23 04:00:00+00:00,9.95,VALID,,,341.21744,VALID,2.798064,VALID,Critical,CRITICAL_ALARM: Sensor data missing or invalid
2026-01-23 05:00:00+00:00,10.0,VALID,,,353.25208,VALID,2.827782,VALID,Critical,CRITICAL_ALARM: Sensor data missing or invalid
2026-01-23 06:00:00+00:00,10.0,VALID,,,349.00455999999997,VALID,2.816352,VALID,Critical,CRITICAL_ALARM: Sensor data missing or invalid
2026-01-23 07:00:00+00:00,10.0,VALID,,,327.05904,VALID,2.760726,VALID,Critical,CRITICAL_ALARM: Sensor data missing or invalid
2026-01-23 08:00:00+00:00,10.0,VALID,,,299.45016,VALID,2.6906220000000003,VALID,Critical,CRITICAL_ALARM: Sensor data missing or invalid
2026-01-23 09:00:00+00:00,9.925,VALID,,,276.44276,VALID,2.627376,VALID,Critical,CRITICAL_ALARM: Sensor data missing or invalid
2026-01-23 10:00:00+00:00,9.9,VALID,,,260.656144,VALID,2.581656,VALID,Critical,CRITICAL_ALARM: Sensor data missing or invalid
2026-01-23 11:00:00+00:00,9.825000000000001,VALID,,,251.453184,VALID,2.5542240000000005,VALID,Critical,CRITICAL_ALARM: Sensor data missing or invalid
2026-01-23 12:00:00+00:00,9.8,VALID,,,245.365072,VALID,2.5359360000000004,VALID,Critical,CRITICAL_ALARM: Sensor data missing or invalid
2026-01-23 13:00:00+00:00,9.8,VALID,,,242.604184,VALID,2.5275540000000003,VALID,Critical,CRITICAL_ALARM: Sensor data missing or invalid
2026-01-23 14:00:00+00:00,9.8,VALID,,,244.373984,VALID,2.5328880000000003,VALID,Critical,CRITICAL_ALARM: Sensor data missing or invalid
2026-01-23 15:00:00+00:00,9.7,VALID,,,261.080896,VALID,2.582418,VALID,Critical,CRITICAL_ALARM: Sensor data missing or invalid
2026-01-23 16:00:00+00:00,9.75,VALID,,,295.627392,VALID,2.6799540000000004,VALID,Critical,CRITICAL_ALARM: Sensor data missing or invalid
2026-01-23 17:00:00+00:00,9.8,VALID,,,319.97983999999997,VALID,2.745486,VALID,Critical,CRITICAL_ALARM: Sensor data missing or invalid
2026-01-23 18:00:00+00:00,9.8,VALID,,,323.51944,VALID,2.75463,VALID,Critical,CRITICAL_ALARM: Sensor data missing or invalid
2026-01-23 19:00:00+00:00,9.875,VALID,,,308.65312,VALID,2.711958,VALID,Critical,CRITICAL_ALARM: Sensor data missing or invalid
2026-01-23 20:00:00+00:00,9.925,VALID,,,285.362552,VALID,2.6517600000000003,VALID,Critical,CRITICAL_ALARM: Sensor data missing or invalid
2026-01-23 21:00:00+00:00,10.0,VALID,,,266.036336,VALID,2.596896,VALID,Critical,CRITICAL_ALARM: Sensor data missing or invalid
2026-01-23 22:00:00+00:00,10.0,VALID,,,252.939816,VALID,2.558796,VALID,Critical,CRITICAL_ALARM: Sensor data missing or invalid
2026-01-23 23:00:00+00:00,10.0,VALID,,,245.365072,VALID,2.5359360000000004,VALID,Critical,CRITICAL_ALARM: Sensor data missing or invalid
2026-01-24 00:00:00+00:00,10.0,VALID,,,241.61309599999998,VALID,2.5245059999999997,VALID,Critical,CRITICAL_ALARM: Sensor data missing or invalid
2026-01-24 01:00:00+00:00,10.0,VALID,,,247.630416,VALID,2.542794,VALID,Critical,CRITICAL_ALARM: Sensor data missing or invalid
2026-01-24 02:00:00+00:00,10.025,VALID,,,273.894248,VALID,2.6182320000000003,VALID,Critical,CRITICAL_ALARM: Sensor data missing or invalid
2026-01-24 03:00:00+00:00,10.025,VALID,,,312.19272,VALID,2.721864,VALID,Critical,CRITICAL_ALARM: Sensor data missing or invalid
2026-01-24 04:00:00+00:00,10.1,VALID,,,340.50952,VALID,2.7965400000000002,VALID,Critical,CRITICAL_ALARM: Sensor data missing or invalid
2026-01-24 05:00:00+00:00,10.1,VALID,,,352.54416,VALID,2.82702,VALID,Critical,CRITICAL_ALARM: Sensor data missing or invalid
2026-01-24 06:00:00+00:00,10.1,VALID,,,347.58871999999997,VALID,2.8148280000000003,VALID,Critical,CRITICAL_ALARM: Sensor data missing or invalid
2026-01-24 07:00:00+00:00,10.05,VALID,,,327.05904,VALID,2.760726,VALID,Critical,CRITICAL_ALARM: Sensor data missing or invalid
2026-01-24 08:00:00+00:00,10.0,VALID,,,298.74224,VALID,2.689098,VALID,Critical,CRITICAL_ALARM: Sensor data missing or invalid
2026-01-24 09:00:00+00:00,10.0,VALID,,,275.947216,VALID,2.62509,VALID,Critical,CRITICAL_ALARM: Sensor data missing or invalid
2026-01-24 10:00:00+00:00,9.9,VALID,,,260.372976,VALID,2.5808940000000002,VALID,Critical,CRITICAL_ALARM: Sensor data missing or invalid
2026-01-24 11:00:00+00:00,9.9,VALID,,,250.67447199999998,VALID,2.5519380000000003,VALID,Critical,CRITICAL_ALARM: Sensor data missing or invalid
2026-01-24 12:00:00+00:00,9.825000000000001,VALID,,,245.081904,VALID,2.5351740000000005,VALID,Critical,CRITICAL_ALARM: Sensor data missing or invalid
2026-01-24 13:00:00+00:00,9.8,VALID,,,241.825472,VALID,2.5252679999999996,VALID,Critical,CRITICAL_ALARM: Sensor data missing or invalid
2026-01-24 14:00:00+00:00,9.8,VALID,,,240.834384,VALID,2.52222,VALID,Critical,CRITICAL_ALARM: Sensor data missing or invalid
2026-01-24 15:00:00+00:00,9.8,VALID,,,245.64824,VALID,2.5366980000000003,VALID,Critical,CRITICAL_ALARM: Sensor data missing or invalid
2026-01-24 16:00:00+00:00,9.8,VALID,,,259.381888,VALID,2.577846,VALID,Critical,CRITICAL_ALARM: Sensor data missing or invalid
2026-01-24 17:00:00+00:00,9.8,VALID,,,273.115536,VALID,2.61747,VALID,Critical,CRITICAL_ALARM: Sensor data missing or invalid
2026-01-24 18:00:00+00:00,9.8,VALID,,,273.469496,VALID,2.618232,VALID,Critical,CRITICAL_ALARM: Sensor data missing or invalid
2026-01-24 19:00:00+00:00,9.8,VALID,,,264.903664,VALID,2.5938480000000004,VALID,Critical,CRITICAL_ALARM: Sensor data missing or invalid
2026-01-24 20:00:00+00:00,9.8,VALID,,,255.983872,VALID,2.56794,VALID,Critical,CRITICAL_ALARM: Sensor data missing or invalid
2026-01-24 21:00:00+00:00,9.850000000000001,VALID,,,249.11704799999998,VALID,2.5473660000000002,VALID,Critical,CRITICAL_ALARM: Sensor data missing or invalid
2026-01-24 22:00:00+00:00,9.9,VALID,,,244.515568,VALID,2.5336500000000006,VALID,Critical,CRITICAL_ALARM: Sensor data missing or invalid
2026-01-24 23:00:00+00:00,9.95,VALID,,,241.825472,VALID,2.5252679999999996,VALID,Critical,CRITICAL_ALARM: Sensor data missing or invalid
2026-01-25 00:00:00+00:00,9.975,VALID,,,240.834384,VALID,2.52222,VALID,Critical,CRITICAL_ALARM: Sensor data missing or invalid
2026-01-25 01:00:00+00:00,9.95,VALID,,,240.622008,VALID,2.521458,VALID,Critical,CRITICAL_ALARM: Sensor data missing or invalid
2026-01-25 02:00:00+00:00,10.0,VALID,,,250.391304,VALID,2.5511760000000003,VALID,Critical,CRITICAL_ALARM: Sensor data missing or invalid
2026-01-25 03:00:00+00:00,9.9,VALID,,,278.283352,VALID,2.631948,VALID,Critical,CRITICAL_ALARM: Sensor data missing or invalid
2026-01-25 04:00:00+00:00,9.9,VALID,,,310.06896,VALID,2.717292,VALID,Critical,CRITICAL_ALARM: Sensor data missing or invalid
2026-01-25 05:00:00+00:00,9.9,VALID,,,332.01448,VALID,2.774442,VALID,Critical,CRITICAL_ALARM: Sensor data missing or invalid
2026-01-25 06:00:00+00:00,9.875,VALID,,,332.01448,VALID,2.774442,VALID,Critical,CRITICAL_ALARM: Sensor data missing or invalid
2026-01-25 07:00:00+00:00,9.8,VALID,,,315.0244,VALID,2.731008,VALID,Critical,CRITICAL_ALARM: Sensor data missing or invalid
2026-01-25 08:00:00+00:00,9.8,VALID,,,291.66304,VALID,2.669286,VALID,Critical,CRITICAL_ALARM: Sensor data missing or invalid
2026-01-25 09:00:00+00:00,9.725,VALID,,,271.558112,VALID,2.6128980000000004,VALID,Critical,CRITICAL_ALARM: Sensor data missing or invalid
2026-01-25 10:00:00+00:00,9.7,VALID,,,257.824464,VALID,2.5732740000000005,VALID,Critical,CRITICAL_ALARM: Sensor data missing or invalid
2026-01-25 11:00:00+00:00,9.6,VALID,,,249.400216,VALID,2.548128,VALID,Critical,CRITICAL_ALARM: Sensor data missing or invalid
2026-01-25 12:00:00+00:00,9.6,VALID,,,244.58636,VALID,2.53365,VALID,Critical,CRITICAL_ALARM: Sensor data missing or invalid
2026-01-25 13:00:00+00:00,9.525,VALID,,,242.321016,VALID,2.526792,VALID,Critical,CRITICAL_ALARM: Sensor data missing or invalid
2026-01-25 14:00:00+00:00,9.5,VALID,,,240.622008,VALID,2.521458,VALID,Critical,CRITICAL_ALARM: Sensor data missing or invalid
2026-01-25 15:00:00+00:00,9.425,VALID,,,246.35616,VALID,2.538984,VALID,Critical,CRITICAL_ALARM: Sensor data missing or invalid
2026-01-25 16:00:00+00:00,9.4,VALID,,,259.948224,VALID,2.57937,VALID,Critical,CRITICAL_ALARM: Sensor data missing or invalid
2026-01-25 17:00:00+00:00,9.4,VALID,,,271.84128,VALID,2.61366,VALID,Critical,CRITICAL_ALARM: Sensor data missing or invalid
2026-01-25 18:00:00+00:00,9.45,VALID,,,272.832368,VALID,2.616708,VALID,Critical,CRITICAL_ALARM: Sensor data missing or invalid
2026-01-25 19:00:00+00:00,9.55,VALID,,,263.84178399999996,VALID,2.5908,VALID,Critical,CRITICAL_ALARM: Sensor data missing or invalid
2026-01-25 20:00:00+00:00,9.625,VALID,,,255.275952,VALID,2.5656540000000003,VALID,Critical,CRITICAL_ALARM: Sensor data missing or invalid
2026-01-25 21:00:00+00:00,9.725,VALID,,,248.409128,VALID,2.54508,VALID,Critical,CRITICAL_ALARM: Sensor data missing or invalid
2026-01-25 22:00:00+00:00,9.8,VALID,,,243.312104,VALID,2.52984,VALID,Critical,CRITICAL_ALARM: Sensor data missing or invalid
2026-01-25 23:00:00+00:00,9.8,VALID,,,242.391808,VALID,2.526792,VALID,Critical,CRITICAL_ALARM: Sensor data missing or invalid
2026-01-26 00:00:00+00:00,9.75,VALID,,,239.843296,VALID,2.519172,VALID,Critical,CRITICAL_ALARM: Sensor data missing or invalid
2026-01-26 01:00:00+00:00,9.674999999999999,VALID,,,239.135376,VALID,2.516886,VALID,Critical,CRITICAL_ALARM: Sensor data missing or invalid
2026-01-26 02:00:00+00:00,9.6,VALID,,,248.904672,VALID,2.5466040000000003,VALID,Critical,CRITICAL_ALARM: Sensor data missing or invalid
2026-01-26 03:00:00+00:00,9.55,VALID,,,270.00068799999997,VALID,2.608326,VALID,Critical,CRITICAL_ALARM: Sensor data missing or invalid
2026-01-26 04:00:00+00:00,9.5,VALID,,,288.83136,VALID,2.65938,VALID,Critical,CRITICAL_ALARM: Sensor data missing or invalid
2026-01-26 05:00:00+00:00,9.575,VALID,,,298.03432,VALID,2.685288,VALID,Critical,CRITICAL_ALARM: Sensor data missing or invalid
2026-01-26 06:00:00+00:00,9.6,VALID,,,297.3264,VALID,2.683764,VALID,Critical,CRITICAL_ALARM: Sensor data missing or invalid
2026-01-26 07:00:00+00:00,9.6,VALID,,,283.380376,VALID,2.6464260000000004,VALID,Critical,CRITICAL_ALARM: Sensor data missing or invalid
2026-01-26 08:00:00+00:00,9.525,VALID,,,267.806136,VALID,2.60223,VALID,Critical,CRITICAL_ALARM: Sensor data missing or invalid
2026-01-26 09:00:00+00:00,9.475,VALID,,,256.26704,VALID,2.568702,VALID,Critical,CRITICAL_ALARM: Sensor data missing or invalid
2026-01-26 10:00:00+00:00,9.4,VALID,,,249.18784,VALID,2.5473660000000002,VALID,Critical,CRITICAL_ALARM: Sensor data missing or invalid
2026-01-26 11:00:00+00:00,9.4,VALID,,,244.020024,VALID,2.5321260000000003,VALID,Critical,CRITICAL_ALARM: Sensor data missing or invalid
2026-01-26 12:00:00+00:00,9.4,VALID,,,243.028936,VALID,2.529078,VALID,Critical,CRITICAL_ALARM: Sensor data missing or invalid
2026-01-26 13:00:00+00:00,9.4,VALID,,,248.409128,VALID,2.5450800000000005,VALID,Critical,CRITICAL_ALARM: Sensor data missing or invalid
2026-01-26 14:00:00+00:00,9.325000000000001,VALID,,,268.372472,VALID,2.603754,VALID,Critical,CRITICAL_ALARM: Sensor data missing or invalid
2026-01-26 15:00:00+00:00,9.275,VALID,,,297.3264,VALID,2.683764,VALID,Critical,CRITICAL_ALARM: Sensor data missing or invalid
2026-01-26 16:00:00+00:00,9.2,VALID,,,321.39567999999997,VALID,2.7477720000000003,VALID,Critical,CRITICAL_ALARM: Sensor data missing or invalid
2026-01-26 17:00:00+00:00,9.2,VALID,,,331.30656,VALID,2.772156,VALID,Critical,CRITICAL_ALARM: Sensor data missing or invalid
2026-01-26 18:00:00+00:00,9.2,VALID,,,325.6432,VALID,2.759202,VALID,Critical,CRITICAL_ALARM: Sensor data missing or invalid
2026-01-26 19:00:00+00:00,9.3,VALID,,,309.36104,VALID,2.717292,VALID,Critical,CRITICAL_ALARM: Sensor data missing or invalid
2026-01-26 20:00:00+00:00,9.4,VALID,,,298.03432,VALID,2.6852880000000003,VALID,Critical,CRITICAL_ALARM: Sensor data missing or invalid
2026-01-26 21:00:00+00:00,9.5,VALID,,,300.15808,VALID,2.692146,VALID,Critical,CRITICAL_ALARM: Sensor data missing or invalid
2026-01-26 22:00:00+00:00,9.575,VALID,,,306.52936,VALID,2.7089100000000004,VALID,Critical,CRITICAL_ALARM: Sensor data missing or invalid
2026-01-26 23:00:00+00:00,9.525,VALID,,,310.77688,VALID,2.718054,VALID,Critical,CRITICAL_ALARM: Sensor data missing or invalid
2026-01-27 00:00:00+00:00,9.425,VALID,,,307.23728,VALID,2.711958,VALID,Critical,CRITICAL_ALARM: Sensor data missing or invalid
2026-01-27 01:00:00+00:00,9.4,VALID,,,310.77688,VALID,2.7188160000000003,VALID,Critical,CRITICAL_ALARM: Sensor data missing or invalid
2026-01-27 02:00:00+00:00,9.4,VALID,,,319.27192,VALID,2.7432,VALID,Critical,CRITICAL_ALARM: Sensor data missing or invalid
2026-01-27 03:00:00+00:00,9.425,VALID,,,328.47488,VALID,2.7660600000000004,VALID,Critical,CRITICAL_ALARM: Sensor data missing or invalid
2026-01-27 04:00:00+00:00,9.525,VALID,,,333.43032,VALID,2.779014,VALID,Critical,CRITICAL_ALARM: Sensor data missing or invalid
2026-01-27 05:00:00+00:00,9.6,VALID,,,336.96992,VALID,2.7866340000000003,VALID,Critical,CRITICAL_ALARM: Sensor data missing or invalid
2026-01-27 06:00:00+00:00,9.6,VALID,,,332.7224,VALID,2.7767280000000003,VALID,Critical,CRITICAL_ALARM: Sensor data missing or invalid
2026-01-27 07:00:00+00:00,9.6,VALID,,,317.14815999999996,VALID,2.7386280000000003,VALID,Critical,CRITICAL_ALARM: Sensor data missing or invalid
2026-01-27 08:00:00+00:00,9.525,VALID,,,295.91056000000003,VALID,2.6799540000000004,VALID,Critical,CRITICAL_ALARM: Sensor data missing or invalid
2026-01-27 09:00:00+00:00,9.45,VALID,,,275.593256,VALID,2.624328,VALID,Critical,CRITICAL_ALARM: Sensor data missing or invalid
2026-01-27 10:00:00+00:00,9.4,VALID,,,264.620496,VALID,2.593086,VALID,Critical,CRITICAL_ALARM: Sensor data missing or invalid
2026-01-27 11:00:00+00:00,9.325000000000001,VALID,,,256.26704,VALID,2.568702,VALID,Critical,CRITICAL_ALARM: Sensor data missing or invalid
2026-01-27 12:00:00+00:00,9.3,VALID,,,251.38239199999998,VALID,2.5542240000000005,VALID,Critical,CRITICAL_ALARM: Sensor data missing or invalid
2026-01-27 13:00:00+00:00,9.2,VALID,,,251.877936,VALID,2.555748,VALID,Critical,CRITICAL_ALARM: Sensor data missing or invalid
2026-01-27 14:00:00+00:00,9.2,VALID,,,265.25762399999996,VALID,2.5946100000000003,VALID,Critical,CRITICAL_ALARM: Sensor data missing or invalid
2026-01-27 15:00:00+00:00,9.125,VALID,,,290.813536,VALID,2.665476,VALID,Critical,CRITICAL_ALARM: Sensor data missing or invalid
2026-01-27 16:00:00+00:00,9.1,VALID,,,310.77688,VALID,2.721864,VALID,Critical,CRITICAL_ALARM: Sensor data missing or invalid
2026-01-27 17:00:00+00:00,9.1,VALID,,,321.39567999999997,VALID,2.7477720000000003,VALID,Critical,CRITICAL_ALARM: Sensor data missing or invalid
2026-01-27 18:00:00+00:00,9.149999999999999,VALID,,,318.56399999999996,VALID,2.740914,VALID,Critical,CRITICAL_ALARM: Sensor data missing or invalid
2026-01-27 19:00:00+00:00,9.225,VALID,,,300.15808,VALID,2.691384,VALID,Critical,CRITICAL_ALARM: Sensor data missing or invalid
2026-01-27 20:00:00+00:00,9.350000000000001,VALID,,,278.991272,VALID,2.634234,VALID,Critical,CRITICAL_ALARM: Sensor data missing or invalid
2026-01-27 21:00:00+00:00,9.425,VALID,,,263.84178399999996,VALID,2.5908,VALID,Critical,CRITICAL_ALARM: Sensor data missing or invalid
2026-01-27 22:00:00+00:00,9.5,VALID,,,255.488328,VALID,2.5664160000000003,VALID,Critical,CRITICAL_ALARM: Sensor data missing or invalid
2026-01-27 23:00:00+00:00,9.5,VALID,,,252.58585599999998,VALID,2.558034,VALID,Critical,CRITICAL_ALARM: Sensor data missing or invalid
2026-01-28 00:00:00+00:00,9.5,VALID,,,256.833376,VALID,2.5702260000000003,VALID,Critical,CRITICAL_ALARM: Sensor data missing or invalid
2026-01-28 01:00:00+00:00,9.5,VALID,,,275.097712,VALID,2.6235660000000003,VALID,Critical,CRITICAL_ALARM: Sensor data missing or invalid
2026-01-28 02:00:00+00:00,9.425,VALID,,,299.45016,VALID,2.687574,VALID,Critical,CRITICAL_ALARM: Sensor data missing or invalid
2026-01-28 03:00:00+00:00,9.5,VALID,,,317.85608,VALID,2.7371040000000004,VALID,Critical,CRITICAL_ALARM: Sensor data missing or invalid
2026-01-28 04:00:00+00:00,9.525,VALID,,,327.76696,VALID,2.764536,VALID,Critical,CRITICAL_ALARM: Sensor data missing or invalid
2026-01-28 05:00:00+00:00,9.6,VALID,,,333.43032,VALID,2.779776,VALID,Critical,CRITICAL_ALARM: Sensor data missing or invalid
2026-01-28 06:00:00+00:00,9.649999999999999,VALID,,,335.55408,VALID,2.7843480000000005,VALID,Critical,CRITICAL_ALARM: Sensor data missing or invalid
2026-01-28 07:00:00+00:00,9.6,VALID,,,333.43032,VALID,2.779776,VALID,Critical,CRITICAL_ALARM: Sensor data missing or invalid
2026-01-28 08:00:00+00:00,9.6,VALID,,,323.51944,VALID,2.753868,VALID,Critical,CRITICAL_ALARM: Sensor data missing or invalid
2026-01-28 09:00:00+00:00,9.5,VALID,,,302.98976,VALID,2.702052,VALID,Critical,CRITICAL_ALARM: Sensor data missing or invalid
2026-01-28 10:00:00+00:00,9.45,VALID,,,281.04424,VALID,2.6410920000000004,VALID,Critical,CRITICAL_ALARM: Sensor data missing or invalid
2026-01-28 11:00:00+00:00,9.4,VALID,,,264.33732799999996,VALID,2.592324,VALID,Critical,CRITICAL_ALARM: Sensor data missing or invalid
2026-01-28 12:00:00+00:00,9.350000000000001,VALID,,,253.222984,VALID,2.559558,VALID,Critical,CRITICAL_ALARM: Sensor data missing or invalid
2026-01-28 13:00:00+00:00,9.3,VALID,,,248.621504,VALID,2.545842,VALID,Critical,CRITICAL_ALARM: Sensor data missing or invalid
2026-01-28 14:00:00+00:00,9.25,VALID,,,254.214072,VALID,2.562606,VALID,Critical,CRITICAL_ALARM: Sensor data missing or invalid
2026-01-28 15:00:00+00:00,9.2,VALID,,,273.39870399999995,VALID,2.618232,VALID,Critical,CRITICAL_ALARM: Sensor data missing or invalid
2026-01-28 16:00:00+00:00,9.2,VALID,,,297.3264,VALID,2.686812,VALID,Critical,CRITICAL_ALARM: Sensor data missing or invalid
2026-01-28 17:00:00+00:00,9.2,VALID,,,315.0244,VALID,2.731008,VALID,Critical,CRITICAL_ALARM: Sensor data missing or invalid
2026-01-28 18:00:00+00:00,9.2,VALID,,,317.85608,VALID,2.740152,VALID,Critical,CRITICAL_ALARM: Sensor data missing or invalid
2026-01-28 19:00:00+00:00,9.225,VALID,,,303.69768,VALID,2.702814,VALID,Critical,CRITICAL_ALARM: Sensor data missing or invalid
2026-01-28 20:00:00+00:00,9.325000000000001,VALID,,,282.81404,VALID,2.644902,VALID,Critical,CRITICAL_ALARM: Sensor data missing or invalid
2026-01-28 21:00:00+00:00,9.4,VALID,,,266.036336,VALID,2.596896,VALID,Critical,CRITICAL_ALARM: Sensor data missing or invalid
2026-01-28 22:00:00+00:00,9.45,VALID,,,253.718528,VALID,2.5610820000000003,VALID,Critical,CRITICAL_ALARM: Sensor data missing or invalid
2026-01-28 23:00:00+00:00,9.5,VALID,,,247.41804,VALID,2.5420320000000003,VALID,Critical,CRITICAL_ALARM: Sensor data missing or invalid
2026-01-29 00:00:00+00:00,9.5,VALID,,,242.321016,VALID,2.5267920000000004,VALID,Critical,CRITICAL_ALARM: Sensor data missing or invalid
2026-01-29 01:00:00+00:00,9.5,VALID,,,254.49724,VALID,2.563368,VALID,Critical,CRITICAL_ALARM: Sensor data missing or invalid
2026-01-29 02:00:00+00:00,9.5,VALID,,,278.637312,VALID,2.6334720000000003,VALID,Critical,CRITICAL_ALARM: Sensor data missing or invalid
2026-01-29 03:00:00+00:00,9.5,VALID,,,302.98976,VALID,2.7005280000000003,VALID,Critical,CRITICAL_ALARM: Sensor data missing or invalid
2026-01-29 04:00:00+00:00,9.5,VALID,,,320.68775999999997,VALID,2.744724,VALID,Critical,CRITICAL_ALARM: Sensor data missing or invalid
2026-01-29 05:00:00+00:00,9.5,VALID,,,329.89072,VALID,2.76987,VALID,Critical,CRITICAL_ALARM: Sensor data missing or invalid
2026-01-29 06:00:00+00:00,9.55,VALID,,,334.13824,VALID,2.780538,VALID,Critical,CRITICAL_ALARM: Sensor data missing or invalid
2026-01-29 07:00:00+00:00,9.5,VALID,,,326.35112,VALID,2.761488,VALID,Critical,CRITICAL_ALARM: Sensor data missing or invalid
2026-01-29 08:00:00+00:00,9.45,VALID,,,308.65312,VALID,2.711196,VALID,Critical,CRITICAL_ALARM: Sensor data missing or invalid
2026-01-29 09:00:00+00:00,9.4,VALID,,,285.362552,VALID,2.6517600000000003,VALID,Critical,CRITICAL_ALARM: Sensor data missing or invalid
2026-01-29 10:00:00+00:00,9.325000000000001,VALID,,,268.30168,VALID,2.6037540000000003,VALID,Critical,CRITICAL_ALARM: Sensor data missing or invalid
2026-01-29 11:00:00+00:00,9.275,VALID,,,257.61208799999997,VALID,2.572512,VALID,Critical,CRITICAL_ALARM: Sensor data missing or invalid
2026-01-29 12:00:00+00:00,9.2,VALID,,,251.38239199999998,VALID,2.554224,VALID,Critical,CRITICAL_ALARM: Sensor data missing or invalid
2026-01-29 13:00:00+00:00,9.2,VALID,,,248.12596,VALID,2.544318,VALID,Critical,CRITICAL_ALARM: Sensor data missing or invalid
2026-01-29 14:00:00+00:00,9.2,VALID,,,253.506152,VALID,2.56032,VALID,Critical,CRITICAL_ALARM: Sensor data missing or invalid
2026-01-29 15:00:00+00:00,9.1,VALID,,,271.770488,VALID,2.6136600000000003,VALID,Critical,CRITICAL_ALARM: Sensor data missing or invalid
2026-01-29 16:00:00+00:00,9.1,VALID,,,297.3264,VALID,2.683764,VALID,Critical,CRITICAL_ALARM: Sensor data missing or invalid
2026-01-29 17:00:00+00:00,9.1,VALID,,,315.0244,VALID,2.730246,VALID,Critical,CRITICAL_ALARM: Sensor data missing or invalid
2026-01-29 18:00:00+00:00,9.149999999999999,VALID,,,317.85608,VALID,2.7386280000000003,VALID,Critical,CRITICAL_ALARM: Sensor data missing or invalid
2026-01-29 19:00:00+00:00,9.2,VALID,,,306.52936,VALID,2.706624,VALID,Critical,CRITICAL_ALARM: Sensor data missing or invalid
2026-01-29 20:00:00+00:00,9.275,VALID,,,287.840272,VALID,2.658618,VALID,Critical,CRITICAL_ALARM: Sensor data missing or invalid
2026-01-29 21:00:00+00:00,9.4,VALID,,,273.115536,VALID,2.61747,VALID,Critical,CRITICAL_ALARM: Sensor data missing or invalid
2026-01-29 22:00:00+00:00,9.45,VALID,,,263.063072,VALID,2.588514,VALID,Critical,CRITICAL_ALARM: Sensor data missing or invalid
2026-01-29 23:00:00+00:00,9.5,VALID,,,257.824464,VALID,2.573274,VALID,Critical,CRITICAL_ALARM: Sensor data missing or invalid
2026-01-30 00:00:00+00:00,9.425,VALID,,,255.20515999999998,VALID,2.5656540000000003,VALID,Critical,CRITICAL_ALARM: Sensor data missing or invalid
2026-01-30 01:00:00+00:00,9.4,VALID,,,262.001192,VALID,2.5854660000000003,VALID,Critical,CRITICAL_ALARM: Sensor data missing or invalid
2026-01-30 02:00:00+00:00,9.4,VALID,,,281.539784,VALID,2.6410920000000004,VALID,Critical,CRITICAL_ALARM: Sensor data missing or invalid
2026-01-30 03:00:00+00:00,9.4,VALID,,,304.4056,VALID,2.702814,VALID,Critical,CRITICAL_ALARM: Sensor data missing or invalid
2026-01-30 04:00:00+00:00,9.4,VALID,,,319.97983999999997,VALID,2.744724,VALID,Critical,CRITICAL_ALARM: Sensor data missing or invalid
2026-01-30 05:00:00+00:00,9.5,VALID,,,328.47488,VALID,2.7668220000000003,VALID,Critical,CRITICAL_ALARM: Sensor data missing or invalid
2026-01-30 06:00:00+00:00,9.5,VALID,,,331.30656,VALID,2.775966,VALID,Critical,CRITICAL_ALARM: Sensor data missing or invalid
2026-01-30 07:00:00+00:00,9.5,VALID,,,324.22736,VALID,2.755392,VALID,Critical,CRITICAL_ALARM: Sensor data missing or invalid
2026-01-30 08:00:00+00:00,9.4,VALID,,,308.65312,VALID,2.713482,VALID,Critical,CRITICAL_ALARM: Sensor data missing or invalid
2026-01-30 09:00:00+00:00,9.350000000000001,VALID,,,288.265024,VALID,2.65938,VALID,Critical,CRITICAL_ALARM: Sensor data missing or invalid
2026-01-30 10:00:00+00:00,9.3,VALID,,,270.99177599999996,VALID,2.611374,VALID,Critical,CRITICAL_ALARM: Sensor data missing or invalid
2026-01-30 11:00:00+00:00,9.2,VALID,,,259.665056,VALID,2.578608,VALID,Critical,CRITICAL_ALARM: Sensor data missing or invalid
2026-01-30 12:00:00+00:00,9.2,VALID,,,252.72744,VALID,2.558034,VALID,Critical,CRITICAL_ALARM: Sensor data missing or invalid
2026-01-30 13:00:00+00:00,9.149999999999999,VALID,,,249.400216,VALID,2.548128,VALID,Critical,CRITICAL_ALARM: Sensor data missing or invalid
2026-01-30 14:00:00+00:00,9.1,VALID,,,253.930904,VALID,2.5618440000000002,VALID,Critical,CRITICAL_ALARM: Sensor data missing or invalid
2026-01-30 15:00:00+00:00,9.1,VALID,,,273.11553599999996,VALID,2.61747,VALID,Critical,CRITICAL_ALARM: Sensor data missing or invalid
2026-01-30 16:00:00+00:00,9.0,VALID,,,297.3264,VALID,2.6860500000000003,VALID,Critical,CRITICAL_ALARM: Sensor data missing or invalid
2026-01-30 17:00:00+00:00,9.0,VALID,,,315.73232,VALID,2.7325320000000004,VALID,Critical,CRITICAL_ALARM: Sensor data missing or invalid
2026-01-30 18:00:00+00:00,9.075,VALID,,,318.56399999999996,VALID,2.740152,VALID,Critical,CRITICAL_ALARM: Sensor data missing or invalid
2026-01-30 19:00:00+00:00,9.174999999999999,VALID,,,306.52936,VALID,2.708148,VALID,Critical,CRITICAL_ALARM: Sensor data missing or invalid
2026-01-30 20:00:00+00:00,9.25,VALID,,,289.25611200000003,VALID,2.6616660000000003,VALID,Critical,CRITICAL_ALARM: Sensor data missing or invalid
2026-01-30 21:00:00+00:00,9.350000000000001,VALID,,,274.248208,VALID,2.620518,VALID,Critical,CRITICAL_ALARM: Sensor data missing or invalid
2026-01-30 22:00:00+00:00,9.4,VALID,,,264.124952,VALID,2.591562,VALID,Critical,CRITICAL_ALARM: Sensor data missing or invalid
2026-01-30 23:00:00+00:00,9.4,VALID,,,258.03684,VALID,2.574036,VALID,Critical,CRITICAL_ALARM: Sensor data missing or invalid
2026-01-31 00:00:00+00:00,9.4,VALID,,,254.49723999999998,VALID,2.563368,VALID,Critical,CRITICAL_ALARM: Sensor data missing or invalid
2026-01-31 01:00:00+00:00,9.350000000000001,VALID,,,261.788816,VALID,2.5847040000000003,VALID,Critical,CRITICAL_ALARM: Sensor data missing or invalid
2026-01-31 02:00:00+00:00,9.3,VALID,,,282.743248,VALID,2.64414,VALID,Critical,CRITICAL_ALARM: Sensor data missing or invalid
2026-01-31 03:00:00+00:00,9.3,VALID,,,305.11352,VALID,2.705862,VALID,Critical,CRITICAL_ALARM: Sensor data missing or invalid
2026-01-31 04:00:00+00:00,9.4,VALID,,,321.39567999999997,VALID,2.7470100000000004,VALID,Critical,CRITICAL_ALARM: Sensor data missing or invalid
2026-01-31 05:00:00+00:00,9.45,VALID,,,329.1828,VALID,2.769108,VALID,Critical,CRITICAL_ALARM: Sensor data missing or invalid
2026-01-31 06:00:00+00:00,9.5,VALID,,,331.30656,VALID,2.775966,VALID,Critical,CRITICAL_ALARM: Sensor data missing or invalid
2026-01-31 07:00:00+00:00,9.5,VALID,,,325.6432,VALID,2.7584400000000002,VALID,Critical,CRITICAL_ALARM: Sensor data missing or invalid
2026-01-31 08:00:00+00:00,9.425,VALID,,,308.65312,VALID,2.7150060000000003,VALID,Critical,CRITICAL_ALARM: Sensor data missing or invalid
2026-01-31 09:00:00+00:00,9.4,VALID,,,289.25611200000003,VALID,2.6624280000000002,VALID,Critical,CRITICAL_ALARM: Sensor data missing or invalid
2026-01-31 10:00:00+00:00,9.3,VALID,,,274.248208,VALID,2.620518,VALID,Critical,CRITICAL_ALARM: Sensor data missing or invalid
2026-01-31 11:00:00+00:00,9.25,VALID,,,263.558616,VALID,2.5900380000000003,VALID,Critical,CRITICAL_ALARM: Sensor data missing or invalid
2026-01-31 12:00:00+00:00,9.2,VALID,,,258.10763199999997,VALID,2.574036,VALID,Critical,CRITICAL_ALARM: Sensor data missing or invalid
2026-01-31 13:00:00+00:00,9.2,VALID,,,254.99278399999997,VALID,2.5648920000000004,VALID,Critical,CRITICAL_ALARM: Sensor data missing or invalid
2026-01-31 14:00:00+00:00,9.1,VALID,,,254.49723999999998,VALID,2.563368,VALID,Critical,CRITICAL_ALARM: Sensor data missing or invalid
2026-01-31 15:00:00+00:00,9.1,VALID,,,265.965544,VALID,2.596896,VALID,Critical,CRITICAL_ALARM: Sensor data missing or invalid
2026-01-31 16:00:00+00:00,9.1,VALID,,,288.972944,VALID,2.6624280000000002,VALID,Critical,CRITICAL_ALARM: Sensor data missing or invalid
2026-01-31 17:00:00+00:00,9.1,VALID,,,304.4056,VALID,2.702814,VALID,Critical,CRITICAL_ALARM: Sensor data missing or invalid
2026-01-31 18:00:00+00:00,9.125,VALID,,,299.45016,VALID,2.68986,VALID,Critical,CRITICAL_ALARM: Sensor data missing or invalid
2026-01-31 19:00:00+00:00,9.2,VALID,,,284.44225600000004,VALID,2.6502360000000005,VALID,Critical,CRITICAL_ALARM: Sensor data missing or invalid
2026-01-31 20:00:00+00:00,9.275,VALID,,,271.84128,VALID,2.61366,VALID,Critical,CRITICAL_ALARM: Sensor data missing or invalid
2026-01-31 21:00:00+00:00,9.375,VALID,,,262.779904,VALID,2.587752,VALID,Critical,CRITICAL_ALARM: Sensor data missing or invalid
2026-01-31 22:00:00+00:00,9.45,VALID,,,257.895256,VALID,2.573274,VALID,Critical,CRITICAL_ALARM: Sensor data missing or invalid
2026-01-31 23:00:00+00:00,9.5,VALID,,,254.780408,VALID,2.56413,VALID,Critical,CRITICAL_ALARM: Sensor data missing or invalid
2026-02-01 00:00:00+00:00,9.425,VALID,,,253.718528,VALID,2.5610820000000003,VALID,Critical,CRITICAL_ALARM: Sensor data missing or invalid
2026-02-01 01:00:00+00:00,9.4,VALID,,,259.45268,VALID,2.577846,VALID,Critical,CRITICAL_ALARM: Sensor data missing or invalid
2026-02-01 02:00:00+00:00,9.4,VALID,,,275.097712,VALID,2.6235660000000003,VALID,Critical,CRITICAL_ALARM: Sensor data missing or invalid
2026-02-01 03:00:00+00:00,9.4,VALID,,,297.3264,VALID,2.6852880000000003,VALID,Critical,CRITICAL_ALARM: Sensor data missing or invalid
2026-02-01 04:00:00+00:00,9.4,VALID,,,316.44024,VALID,2.73558,VALID,Critical,CRITICAL_ALARM: Sensor data missing or invalid
2026-02-01 05:00:00+00:00,9.475,VALID,,,327.76696,VALID,2.7630120000000002,VALID,Critical,CRITICAL_ALARM: Sensor data missing or invalid
2026-02-01 06:00:00+00:00,9.5,VALID,,,329.1828,VALID,2.7668220000000003,VALID,Critical,CRITICAL_ALARM: Sensor data missing or invalid
2026-02-01 07:00:00+00:00,9.5,VALID,,,314.31648,VALID,2.730246,VALID,Critical,CRITICAL_ALARM: Sensor data missing or invalid
2026-02-01 08:00:00+00:00,9.45,VALID,,,293.78679999999997,VALID,2.67462,VALID,Critical,CRITICAL_ALARM: Sensor data missing or invalid
2026-02-01 09:00:00+00:00,9.375,VALID,,,272.832368,VALID,2.616708,VALID,Critical,CRITICAL_ALARM: Sensor data missing or invalid
2026-02-01 10:00:00+00:00,9.3,VALID,,,252.72744,VALID,2.558034,VALID,Critical,CRITICAL_ALARM: Sensor data missing or invalid
2026-02-01 11:00:00+00:00,9.225,VALID,,,238.63983199999998,VALID,2.5153620000000005,VALID,Critical,CRITICAL_ALARM: Sensor data missing or invalid
2026-02-01 12:00:00+00:00,9.2,VALID,,,228.728952,VALID,2.4848820000000003,VALID,Critical,CRITICAL_ALARM: Sensor data missing or invalid
2026-02-01 13:00:00+00:00,9.2,VALID,,,223.34876,VALID,2.467356,VALID,Critical,CRITICAL_ALARM: Sensor data missing or invalid
2026-02-01 14:00:00+00:00,9.125,VALID,,,223.773512,VALID,2.4688800000000004,VALID,Critical,CRITICAL_ALARM: Sensor data missing or invalid
2026-02-01 15:00:00+00:00,9.1,VALID,,,238.144288,VALID,2.5138380000000002,VALID,Critical,CRITICAL_ALARM: Sensor data missing or invalid
2026-02-01 16:00:00+00:00,9.1,VALID,,,260.231392,VALID,2.580132,VALID,Critical,CRITICAL_ALARM: Sensor data missing or invalid
2026-02-01 17:00:00+00:00,9.1,VALID,,,270.708608,VALID,2.610612,VALID,Critical,CRITICAL_ALARM: Sensor data missing or invalid
2026-02-01 18:00:00+00:00,9.125,VALID,,,264.903664,VALID,2.5938480000000004,VALID,Critical,CRITICAL_ALARM: Sensor data missing or invalid
2026-02-01 19:00:00+00:00,9.2,VALID,,,254.426448,VALID,2.563368,VALID,Critical,CRITICAL_ALARM: Sensor data missing or invalid
2026-02-01 20:00:00+00:00,9.325000000000001,VALID,,,244.58635999999998,VALID,2.53365,VALID,Critical,CRITICAL_ALARM: Sensor data missing or invalid
2026-02-01 21:00:00+00:00,9.4,VALID,,,237.365576,VALID,2.511552,VALID,Critical,CRITICAL_ALARM: Sensor data missing or invalid
2026-02-01 22:00:00+00:00,9.5,VALID,,,232.90568,VALID,2.497836,VALID,Critical,CRITICAL_ALARM: Sensor data missing or invalid
2026-02-01 23:00:00+00:00,9.5,VALID,,,230.074,VALID,2.488692,VALID,Critical,CRITICAL_ALARM: Sensor data missing or invalid
2026-02-02 00:00:00+00:00,9.5,VALID,,,228.587368,VALID,2.4841200000000003,VALID,Critical,CRITICAL_ALARM: Sensor data missing or invalid
2026-02-02 01:00:00+00:00,9.425,VALID,,,231.773008,VALID,2.4940260000000003,VALID,Critical,CRITICAL_ALARM: Sensor data missing or invalid
2026-02-02 02:00:00+00:00,9.4,VALID,,,246.63932799999998,VALID,2.539746,VALID,Critical,CRITICAL_ALARM: Sensor data missing or invalid
2026-02-02 03:00:00+00:00,9.4,VALID,,,271.274944,VALID,2.612136,VALID,Critical,CRITICAL_ALARM: Sensor data missing or invalid
2026-02-02 04:00:00+00:00,9.4,VALID,,,295.20264,VALID,2.677668,VALID,Critical,CRITICAL_ALARM: Sensor data missing or invalid
2026-02-02 05:00:00+00:00,9.475,VALID,,,307.23728,VALID,2.7096720000000003,VALID,Critical,CRITICAL_ALARM: Sensor data missing or invalid
2026-02-02 06:00:00+00:00,9.55,VALID,,,301.57392,VALID,2.6944320000000004,VALID,Critical,CRITICAL_ALARM: Sensor data missing or invalid
2026-02-02 07:00:00+00:00,9.6,VALID,,,281.539784,VALID,2.6410920000000004,VALID,Critical,CRITICAL_ALARM: Sensor data missing or invalid
2026-02-02 08:00:00+00:00,9.5,VALID,,,259.948224,VALID,2.57937,VALID,Critical,CRITICAL_ALARM: Sensor data missing or invalid
2026-02-02 09:00:00+00:00,9.475,VALID,,,243.099728,VALID,2.529078,VALID,Critical,CRITICAL_ALARM: Sensor data missing or invalid
2026-02-02 10:00:00+00:00,9.4,VALID,,,231.702216,VALID,2.4940260000000003,VALID,Critical,CRITICAL_ALARM: Sensor data missing or invalid
2026-02-02 11:00:00+00:00,9.325000000000001,VALID,,,224.48143199999998,VALID,2.471166,VALID,Critical,CRITICAL_ALARM: Sensor data missing or invalid
2026-02-02 12:00:00+00:00,9.3,VALID,,,220.729456,VALID,2.4589740000000004,VALID,Critical,CRITICAL_ALARM: Sensor data missing or invalid
2026-02-02 13:00:00+00:00,9.2,VALID,,,219.172032,VALID,2.4536400000000005,VALID,Critical,CRITICAL_ALARM: Sensor data missing or invalid
2026-02-02 14:00:00+00:00,9.2,VALID,,,226.18044,VALID,2.4765,VALID,Critical,CRITICAL_ALARM: Sensor data missing or invalid
2026-02-02 15:00:00+00:00,9.2,VALID,,,252.302688,VALID,2.5565100000000003,VALID,Critical,CRITICAL_ALARM: Sensor data missing or invalid
2026-02-02 16:00:00+00:00,9.1,VALID,,,284.725424,VALID,2.650236,VALID,Critical,CRITICAL_ALARM: Sensor data missing or invalid
2026-02-02 17:00:00+00:00,9.174999999999999,VALID,,,305.82144,VALID,2.705862,VALID,Critical,CRITICAL_ALARM: Sensor data missing or invalid
2026-02-02 18:00:00+00:00,9.2,VALID,,,304.4056,VALID,2.702814,VALID,Critical,CRITICAL_ALARM: Sensor data missing or invalid
2026-02-02 19:00:00+00:00,9.275,VALID,,,287.06156,VALID,2.6570940000000003,VALID,Critical,CRITICAL_ALARM: Sensor data missing or invalid
2026-02-02 20:00:00+00:00,9.375,VALID,,,267.027424,VALID,2.599944,VALID,Critical,CRITICAL_ALARM: Sensor data missing or invalid
2026-02-02 21:00:00+00:00,9.475,VALID,,,250.46209599999997,VALID,2.5511760000000003,VALID,Critical,CRITICAL_ALARM: Sensor data missing or invalid
2026-02-02 22:00:00+00:00,9.575,VALID,,,240.834384,VALID,2.52222,VALID,Critical,CRITICAL_ALARM: Sensor data missing or invalid
2026-02-02 23:00:00+00:00,9.6,VALID,,,235.100232,VALID,2.504694,VALID,Critical,CRITICAL_ALARM: Sensor data missing or invalid
2026-02-03 00:00:00+00:00,9.6,VALID,,,231.63142399999998,VALID,2.494026,VALID,Critical,CRITICAL_ALARM: Sensor data missing or invalid
2026-02-03 01:00:00+00:00,9.5,VALID,,,237.86112,VALID,2.513076,VALID,Critical,CRITICAL_ALARM: Sensor data missing or invalid
2026-02-03 02:00:00+00:00,9.5,VALID,,,259.45268,VALID,2.577846,VALID,Critical,CRITICAL_ALARM: Sensor data missing or invalid
2026-02-03 03:00:00+00:00,9.4,VALID,,,287.486312,VALID,2.6570940000000003,VALID,Critical,CRITICAL_ALARM: Sensor data missing or invalid
2026-02-03 04:00:00+00:00,9.45,VALID,,,310.77688,VALID,2.72034,VALID,Critical,CRITICAL_ALARM: Sensor data missing or invalid
2026-02-03 05:00:00+00:00,9.5,VALID,,,323.51944,VALID,2.753868,VALID,Critical,CRITICAL_ALARM: Sensor data missing or invalid
2026-02-03 06:00:00+00:00,9.575,VALID,,,321.39567999999997,VALID,2.7477720000000003,VALID,Critical,CRITICAL_ALARM: Sensor data missing or invalid
2026-02-03 07:00:00+00:00,9.55,VALID,,,305.11352,VALID,2.7051000000000003,VALID,Critical,CRITICAL_ALARM: Sensor data missing or invalid
2026-02-03 08:00:00+00:00,9.5,VALID,,,280.548696,VALID,2.638806,VALID,Critical,CRITICAL_ALARM: Sensor data missing or invalid
2026-02-03 09:00:00+00:00,9.4,VALID,,,257.116544,VALID,2.5709880000000003,VALID,Critical,CRITICAL_ALARM: Sensor data missing or invalid
2026-02-03 10:00:00+00:00,9.350000000000001,VALID,,,240.834384,VALID,2.52222,VALID,Critical,CRITICAL_ALARM: Sensor data missing or invalid
2026-02-03 11:00:00+00:00,9.275,VALID,,,230.074,VALID,2.4886920000000003,VALID,Critical,CRITICAL_ALARM: Sensor data missing or invalid
2026-02-03 12:00:00+00:00,9.2,VALID,,,223.06559199999998,VALID,2.466594,VALID,Critical,CRITICAL_ALARM: Sensor data missing or invalid
2026-02-03 13:00:00+00:00,9.2,VALID,,,220.233912,VALID,2.4574500000000006,VALID,Critical,CRITICAL_ALARM: Sensor data missing or invalid
2026-02-03 14:00:00+00:00,9.125,VALID,,,226.675984,VALID,2.478024,VALID,Critical,CRITICAL_ALARM: Sensor data missing or invalid
2026-02-03 15:00:00+00:00,9.1,VALID,,,252.01952,VALID,2.5557480000000004,VALID,Critical,CRITICAL_ALARM: Sensor data missing or invalid
2026-02-03 16:00:00+00:00,9.1,VALID,,,283.168,VALID,2.644902,VALID,Critical,CRITICAL_ALARM: Sensor data missing or invalid
2026-02-03 17:00:00+00:00,9.1,VALID,,,304.4056,VALID,2.702814,VALID,Critical,CRITICAL_ALARM: Sensor data missing or invalid
2026-02-03 18:00:00+00:00,9.125,VALID,,,304.4056,VALID,2.702052,VALID,Critical,CRITICAL_ALARM: Sensor data missing or invalid
2026-02-03 19:00:00+00:00,9.2,VALID,,,285.787304,VALID,2.6525220000000003,VALID,Critical,CRITICAL_ALARM: Sensor data missing or invalid
2026-02-03 20:00:00+00:00,9.3,VALID,,,265.75316799999996,VALID,2.596134,VALID,Critical,CRITICAL_ALARM: Sensor data missing or invalid
2026-02-03 21:00:00+00:00,9.4,VALID,,,249.89576,VALID,2.549652,VALID,Critical,CRITICAL_ALARM: Sensor data missing or invalid
2026-02-03 22:00:00+00:00,9.475,VALID,,,239.843296,VALID,2.519172,VALID,Critical,CRITICAL_ALARM: Sensor data missing or invalid
2026-02-03 23:00:00+00:00,9.5,VALID,,,234.392312,VALID,2.502408,VALID,Critical,CRITICAL_ALARM: Sensor data missing or invalid
2026-02-04 00:00:00+00:00,9.45,VALID,,,231.13588,VALID,2.492502,VALID,Critical,CRITICAL_ALARM: Sensor data missing or invalid
2026-02-04 01:00:00+00:00,9.4,VALID,,,237.1532,VALID,2.51079,VALID,Critical,CRITICAL_ALARM: Sensor data missing or invalid
2026-02-04 02:00:00+00:00,9.3,VALID,,,257.753672,VALID,2.572512,VALID,Critical,CRITICAL_ALARM: Sensor data missing or invalid
2026-02-04 03:00:00+00:00,9.3,VALID,,,284.9378,VALID,2.649474,VALID,Critical,CRITICAL_ALARM: Sensor data missing or invalid
2026-02-04 04:00:00+00:00,9.3,VALID,,,307.9452,VALID,2.71272,VALID,Critical,CRITICAL_ALARM: Sensor data missing or invalid
2026-02-04 05:00:00+00:00,9.4,VALID,,,319.97983999999997,VALID,2.7439620000000002,VALID,Critical,CRITICAL_ALARM: Sensor data missing or invalid
2026-02-04 06:00:00+00:00,9.475,VALID,,,318.56399999999996,VALID,2.740152,VALID,Critical,CRITICAL_ALARM: Sensor data missing or invalid
2026-02-04 07:00:00+00:00,9.5,VALID,,,302.28184,VALID,2.695194,VALID,Critical,CRITICAL_ALARM: Sensor data missing or invalid
2026-02-04 08:00:00+00:00,9.4,VALID,,,277.079888,VALID,2.6289000000000002,VALID,Critical,CRITICAL_ALARM: Sensor data missing or invalid
2026-02-04 09:00:00+00:00,9.375,VALID,,,255.063576,VALID,2.5648920000000004,VALID,Critical,CRITICAL_ALARM: Sensor data missing or invalid
2026-02-04 10:00:00+00:00,9.3,VALID,,,239.34775199999999,VALID,2.5176480000000003,VALID,Critical,CRITICAL_ALARM: Sensor data missing or invalid
2026-02-04 11:00:00+00:00,9.2,VALID,,,228.799744,VALID,2.484882,VALID,Critical,CRITICAL_ALARM: Sensor data missing or invalid
2026-02-04 12:00:00+00:00,9.174999999999999,VALID,,,223.06559199999998,VALID,2.466594,VALID,Critical,CRITICAL_ALARM: Sensor data missing or invalid
2026-02-04 13:00:00+00:00,9.1,VALID,,,219.596784,VALID,2.4551640000000003,VALID,Critical,CRITICAL_ALARM: Sensor data missing or invalid
2026-02-04 14:00:00+00:00,9.1,VALID,,,226.675984,VALID,2.478024,VALID,Critical,CRITICAL_ALARM: Sensor data missing or invalid
2026-02-04 15:00:00+00:00,9.025,VALID,,,251.240808,VALID,2.553462,VALID,Critical,CRITICAL_ALARM: Sensor data missing or invalid
2026-02-04 16:00:00+00:00,9.0,VALID,,,281.964536,VALID,2.6426160000000003,VALID,Critical,CRITICAL_ALARM: Sensor data missing or invalid
2026-02-04 17:00:00+00:00,9.0,VALID,,,303.69768,VALID,2.70129,VALID,Critical,CRITICAL_ALARM: Sensor data missing or invalid
2026-02-04 18:00:00+00:00,9.05,VALID,,,303.69768,VALID,2.6997660000000003,VALID,Critical,CRITICAL_ALARM: Sensor data missing or invalid
2026-02-04 19:00:00+00:00,9.149999999999999,VALID,,,286.566016,VALID,2.656332,VALID,Critical,CRITICAL_ALARM: Sensor data missing or invalid
2026-02-04 20:00:00+00:00,9.25,VALID,,,266.248712,VALID,2.597658,VALID,Critical,CRITICAL_ALARM: Sensor data missing or invalid
2026-02-04 21:00:00+00:00,9.350000000000001,VALID,,,251.17001599999998,VALID,2.553462,VALID,Critical,CRITICAL_ALARM: Sensor data missing or invalid
2026-02-04 22:00:00+00:00,9.425,VALID,,,240.834384,VALID,2.52222,VALID,Critical,CRITICAL_ALARM: Sensor data missing or invalid
2026-02-04 23:00:00+00:00,9.5,VALID,,,235.3834,VALID,2.505456,VALID,Critical,CRITICAL_ALARM: Sensor data missing or invalid
2026-02-05 00:00:00+00:00,9.425,VALID,,,231.63142399999998,VALID,2.494026,VALID,Critical,CRITICAL_ALARM: Sensor data missing or invalid
2026-02-05 01:00:00+00:00,9.4,VALID,,,237.648744,VALID,2.512314,VALID,Critical,CRITICAL_ALARM: Sensor data missing or invalid
2026-02-05 02:00:00+00:00,9.3,VALID,,,260.726936,VALID,2.5816559999999997,VALID,Critical,CRITICAL_ALARM: Sensor data missing or invalid
2026-02-05 03:00:00+00:00,9.3,VALID,,,288.194232,VALID,2.658618,VALID,Critical,CRITICAL_ALARM: Sensor data missing or invalid
2026-02-05 04:00:00+00:00,9.3,VALID,,,306.52936,VALID,2.7104340000000002,VALID,Critical,CRITICAL_ALARM: Sensor data missing or invalid
2026-02-05 05:00:00+00:00,9.4,VALID,,,316.44024,VALID,2.7348180000000006,VALID,Critical,CRITICAL_ALARM: Sensor data missing or invalid
2026-02-05 06:00:00+00:00,9.45,VALID,,,312.90064,VALID,2.725674,VALID,Critical,CRITICAL_ALARM: Sensor data missing or invalid
2026-02-05 07:00:00+00:00,9.475,VALID,,,296.61848,VALID,2.6814780000000003,VALID,Critical,CRITICAL_ALARM: Sensor data missing or invalid
2026-02-05 08:00:00+00:00,9.4,VALID,,,271.84128,VALID,2.61366,VALID,Critical,CRITICAL_ALARM: Sensor data missing or invalid
2026-02-05 09:00:00+00:00,9.350000000000001,VALID,,,249.89576,VALID,2.549652,VALID,Critical,CRITICAL_ALARM: Sensor data missing or invalid
2026-02-05 10:00:00+00:00,9.275,VALID,,,234.887856,VALID,2.503932,VALID,Critical,CRITICAL_ALARM: Sensor data missing or invalid
2026-02-05 11:00:00+00:00,9.2,VALID,,,226.18043999999998,VALID,2.4765,VALID,Critical,CRITICAL_ALARM: Sensor data missing or invalid
2026-02-05 12:00:00+00:00,9.125,VALID,,,221.649752,VALID,2.462022,VALID,Critical,CRITICAL_ALARM: Sensor data missing or invalid
2026-02-05 13:00:00+00:00,9.1,VALID,,,219.80916,VALID,2.4559260000000003,VALID,Critical,CRITICAL_ALARM: Sensor data missing or invalid
2026-02-05 14:00:00+00:00,9.075,VALID,,,226.39281599999998,VALID,2.477262,VALID,Critical,CRITICAL_ALARM: Sensor data missing or invalid
2026-02-05 15:00:00+00:00,9.0,VALID,,,251.948728,VALID,2.555748,VALID,Critical,CRITICAL_ALARM: Sensor data missing or invalid
2026-02-05 16:00:00+00:00,9.0,VALID,,,282.38928799999996,VALID,2.641854,VALID,Critical,CRITICAL_ALARM: Sensor data missing or invalid
2026-02-05 17:00:00+00:00,9.0,VALID,,,298.03432,VALID,2.683764,VALID,Critical,CRITICAL_ALARM: Sensor data missing or invalid
2026-02-05 18:00:00+00:00,9.075,VALID,,,291.66304,VALID,2.670048,VALID,Critical,CRITICAL_ALARM: Sensor data missing or invalid
2026-02-05 19:00:00+00:00,9.174999999999999,VALID,,,274.531376,VALID,2.62128,VALID,Critical,CRITICAL_ALARM: Sensor data missing or invalid
2026-02-05 20:00:00+00:00,9.25,VALID,,,259.45268,VALID,2.577846,VALID,Critical,CRITICAL_ALARM: Sensor data missing or invalid
2026-02-05 21:00:00+00:00,9.350000000000001,VALID,,,249.612592,VALID,2.54889,VALID,Critical,CRITICAL_ALARM: Sensor data missing or invalid
2026-02-05 22:00:00+00:00,9.425,VALID,,,243.099728,VALID,2.529078,VALID,Critical,CRITICAL_ALARM: Sensor data missing or invalid
2026-02-05 23:00:00+00:00,9.5,VALID,,,238.356664,VALID,2.5146,VALID,Critical,CRITICAL_ALARM: Sensor data missing or invalid
2026-02-06 00:00:00+00:00,9.4,VALID,,,237.365576,VALID,2.511552,VALID,Critical,CRITICAL_ALARM: Sensor data missing or invalid
2026-02-06 01:00:00+00:00,9.350000000000001,VALID,,,245.152696,VALID,2.535174,VALID,Critical,CRITICAL_ALARM: Sensor data missing or invalid
2026-02-06 02:00:00+00:00,9.3,VALID,,,267.381384,VALID,2.600706,VALID,Critical,CRITICAL_ALARM: Sensor data missing or invalid
2026-02-06 03:00:00+00:00,9.3,VALID,,,291.66304,VALID,2.67081,VALID,Critical,CRITICAL_ALARM: Sensor data missing or invalid
2026-02-06 04:00:00+00:00,9.3,VALID,,,310.77688,VALID,2.72034,VALID,Critical,CRITICAL_ALARM: Sensor data missing or invalid
2026-02-06 05:00:00+00:00,9.4,VALID,,,320.68775999999997,VALID,2.746248,VALID,Critical,CRITICAL_ALARM: Sensor data missing or invalid
2026-02-06 06:00:00+00:00,9.475,VALID,,,318.56399999999996,VALID,2.740152,VALID,Critical,CRITICAL_ALARM: Sensor data missing or invalid
2026-02-06 07:00:00+00:00,9.475,VALID,,,299.45016,VALID,2.6898600000000004,VALID,Critical,CRITICAL_ALARM: Sensor data missing or invalid
2026-02-06 08:00:00+00:00,9.4,VALID,,,274.531376,VALID,2.62128,VALID,Critical,CRITICAL_ALARM: Sensor data missing or invalid
2026-02-06 09:00:00+00:00,9.350000000000001,VALID,,,254.00169599999998,VALID,2.5618440000000002,VALID,Critical,CRITICAL_ALARM: Sensor data missing or invalid
2026-02-06 10:00:00+00:00,9.275,VALID,,,238.852208,VALID,2.5161240000000005,VALID,Critical,CRITICAL_ALARM: Sensor data missing or invalid
2026-02-06 11:00:00+00:00,9.2,VALID,,,227.66707200000002,VALID,2.481072,VALID,Critical,CRITICAL_ALARM: Sensor data missing or invalid
2026-02-06 12:00:00+00:00,9.2,VALID,,,219.313616,VALID,2.454402,VALID,Critical,CRITICAL_ALARM: Sensor data missing or invalid
2026-02-06 13:00:00+00:00,9.125,VALID,,,215.77401600000002,VALID,2.442972,VALID,Critical,CRITICAL_ALARM: Sensor data missing or invalid
2026-02-06 14:00:00+00:00,9.1,VALID,,,222.853216,VALID,2.465832,VALID,Critical,CRITICAL_ALARM: Sensor data missing or invalid
2026-02-06 15:00:00+00:00,9.1,VALID,,,248.47992,VALID,2.5450800000000005,VALID,Critical,CRITICAL_ALARM: Sensor data missing or invalid
2026-02-06 16:00:00+00:00,9.1,VALID,,,279.416024,VALID,2.635758,VALID,Critical,CRITICAL_ALARM: Sensor data missing or invalid
2026-02-06 17:00:00+00:00,9.1,VALID,,,296.61848,VALID,2.6814780000000003,VALID,Critical,CRITICAL_ALARM: Sensor data missing or invalid
2026-02-06 18:00:00+00:00,9.149999999999999,VALID,,,290.2472,VALID,2.665476,VALID,Critical,CRITICAL_ALARM: Sensor data missing or invalid
2026-02-06 19:00:00+00:00,9.25,VALID,,,274.743752,VALID,2.622042,VALID,Critical,CRITICAL_ALARM: Sensor data missing or invalid
2026-02-06 20:00:00+00:00,9.350000000000001,VALID,,,259.09871999999996,VALID,2.577084,VALID,Critical,CRITICAL_ALARM: Sensor data missing or invalid
2026-02-06 21:00:00+00:00,9.45,VALID,,,249.329424,VALID,2.548128,VALID,Critical,CRITICAL_ALARM: Sensor data missing or invalid
2026-02-06 22:00:00+00:00,9.55,VALID,,,242.81655999999998,VALID,2.5283160000000002,VALID,Critical,CRITICAL_ALARM: Sensor data missing or invalid
2026-02-06 23:00:00+00:00,9.6,VALID,,,239.135376,VALID,2.516886,VALID,Critical,CRITICAL_ALARM: Sensor data missing or invalid
2026-02-07 00:00:00+00:00,9.525,VALID,,,238.14428800000002,VALID,2.5138380000000002,VALID,Critical,CRITICAL_ALARM: Sensor data missing or invalid
2026-02-07 01:00:00+00:00,9.425,VALID,,,243.87843999999998,VALID,2.531364,VALID,Critical,CRITICAL_ALARM: Sensor data missing or invalid
2026-02-07 02:00:00+00:00,9.4,VALID,,,262.567528,VALID,2.58699,VALID,Critical,CRITICAL_ALARM: Sensor data missing or invalid
2026-02-07 03:00:00+00:00,9.4,VALID,,,288.4774,VALID,2.660142,VALID,Critical,CRITICAL_ALARM: Sensor data missing or invalid
2026-02-07 04:00:00+00:00,9.4,VALID,,,310.06896,VALID,2.7172920000000005,VALID,Critical,CRITICAL_ALARM: Sensor data missing or invalid
2026-02-07 05:00:00+00:00,9.475,VALID,,,322.1036,VALID,2.749296,VALID,Critical,CRITICAL_ALARM: Sensor data missing or invalid
2026-02-07 06:00:00+00:00,9.5,VALID,,,318.56399999999996,VALID,2.741676,VALID,Critical,CRITICAL_ALARM: Sensor data missing or invalid
2026-02-07 07:00:00+00:00,9.5,VALID,,,300.15808,VALID,2.6906220000000003,VALID,Critical,CRITICAL_ALARM: Sensor data missing or invalid
2026-02-07 08:00:00+00:00,9.475,VALID,,,275.38088,VALID,2.624328,VALID,Critical,CRITICAL_ALARM: Sensor data missing or invalid
2026-02-07 09:00:00+00:00,9.4,VALID,,,255.842288,VALID,2.567178,VALID,Critical,CRITICAL_ALARM: Sensor data missing or invalid
2026-02-07 10:00:00+00:00,9.325000000000001,VALID,,,239.560128,VALID,2.5184100000000003,VALID,Critical,CRITICAL_ALARM: Sensor data missing or invalid
2026-02-07 11:00:00+00:00,9.25,VALID,,,227.80865599999998,VALID,2.481834,VALID,Critical,CRITICAL_ALARM: Sensor data missing or invalid
2026-02-07 12:00:00+00:00,9.2,VALID,,,220.729456,VALID,2.4589740000000004,VALID,Critical,CRITICAL_ALARM: Sensor data missing or invalid
2026-02-07 13:00:00+00:00,9.174999999999999,VALID,,,218.32252799999998,VALID,2.4513540000000003,VALID,Critical,CRITICAL_ALARM: Sensor data missing or invalid
2026-02-07 14:00:00+00:00,9.1,VALID,,,220.729456,VALID,2.4589740000000004,VALID,Critical,CRITICAL_ALARM: Sensor data missing or invalid
2026-02-07 15:00:00+00:00,9.1,VALID,,,236.162112,VALID,2.5077420000000004,VALID,Critical,CRITICAL_ALARM: Sensor data missing or invalid
2026-02-07 16:00:00+00:00,9.05,VALID,,,259.169512,VALID,2.577084,VALID,Critical,CRITICAL_ALARM: Sensor data missing or invalid
2026-02-07 17:00:00+00:00,9.025,VALID,,,271.84128,VALID,2.6136600000000003,VALID,Critical,CRITICAL_ALARM: Sensor data missing or invalid
2026-02-07 18:00:00+00:00,9.1,VALID,,,267.310592,VALID,2.600706,VALID,Critical,CRITICAL_ALARM: Sensor data missing or invalid
2026-02-07 19:00:00+00:00,9.2,VALID,,,256.833376,VALID,2.5702260000000003,VALID,Critical,CRITICAL_ALARM: Sensor data missing or invalid
2026-02-07 20:00:00+00:00,9.275,VALID,,,248.12596,VALID,2.544318,VALID,Critical,CRITICAL_ALARM: Sensor data missing or invalid
2026-02-07 21:00:00+00:00,9.375,VALID,,,242.391808,VALID,2.526792,VALID,Critical,CRITICAL_ALARM: Sensor data missing or invalid
2026-02-07 22:00:00+00:00,9.475,VALID,,,238.427456,VALID,2.5146,VALID,Critical,CRITICAL_ALARM: Sensor data missing or invalid
2026-02-07 23:00:00+00:00,9.5,VALID,,,237.365576,VALID,2.511552,VALID,Critical,CRITICAL_ALARM: Sensor data missing or invalid
2026-02-08 00:00:00+00:00,9.5,VALID,,,235.878944,VALID,2.5069800000000004,VALID,Critical,CRITICAL_ALARM: Sensor data missing or invalid
2026-02-08 01:00:00+00:00,9.4,VALID,,,237.365576,VALID,2.511552,VALID,Critical,CRITICAL_ALARM: Sensor data missing or invalid
2026-02-08 02:00:00+00:00,9.375,VALID,,,247.913584,VALID,2.543556,VALID,Critical,CRITICAL_ALARM: Sensor data missing or invalid
2026-02-08 03:00:00+00:00,9.3,VALID,,,268.372472,VALID,2.603754,VALID,Critical,CRITICAL_ALARM: Sensor data missing or invalid
2026-02-08 04:00:00+00:00,9.4,VALID,,,288.548192,VALID,2.6593800000000005,VALID,Critical,CRITICAL_ALARM: Sensor data missing or invalid
2026-02-08 05:00:00+00:00,9.4,VALID,,,298.74224,VALID,2.6860500000000003,VALID,Critical,CRITICAL_ALARM: Sensor data missing or invalid
2026-02-08 06:00:00+00:00,9.5,VALID,,,295.91056,VALID,2.677668,VALID,Critical,CRITICAL_ALARM: Sensor data missing or invalid
2026-02-08 07:00:00+00:00,9.5,VALID,,,279.132856,VALID,2.6334720000000003,VALID,Critical,CRITICAL_ALARM: Sensor data missing or invalid
2026-02-08 08:00:00+00:00,9.5,VALID,,,258.81555199999997,VALID,2.5763220000000002,VALID,Critical,CRITICAL_ALARM: Sensor data missing or invalid
2026-02-08 09:00:00+00:00,9.425,VALID,,,241.896264,VALID,2.5252680000000005,VALID,Critical,CRITICAL_ALARM: Sensor data missing or invalid
2026-02-08 10:00:00+00:00,9.375,VALID,,,228.587368,VALID,2.48412,VALID,Critical,CRITICAL_ALARM: Sensor data missing or invalid
2026-02-08 11:00:00+00:00,9.3,VALID,,,219.73836799999998,VALID,2.455926,VALID,Critical,CRITICAL_ALARM: Sensor data missing or invalid
2026-02-08 12:00:00+00:00,9.2,VALID,,,215.986392,VALID,2.443734,VALID,Critical,CRITICAL_ALARM: Sensor data missing or invalid
2026-02-08 13:00:00+00:00,9.2,VALID,,,214.570552,VALID,2.439162,VALID,Critical,CRITICAL_ALARM: Sensor data missing or invalid
2026-02-08 14:00:00+00:00,9.1,VALID,,,218.888864,VALID,2.452878,VALID,Critical,CRITICAL_ALARM: Sensor data missing or invalid
2026-02-08 15:00:00+00:00,9.1,VALID,,,233.472016,VALID,2.4993600000000002,VALID,Critical,CRITICAL_ALARM: Sensor data missing or invalid
2026-02-08 16:00:00+00:00,9.1,VALID,,,254.072488,VALID,2.5618440000000002,VALID,Critical,CRITICAL_ALARM: Sensor data missing or invalid
2026-02-08 17:00:00+00:00,9.1,VALID,,,262.496736,VALID,2.58699,VALID,Critical,CRITICAL_ALARM: Sensor data missing or invalid
2026-02-08 18:00:00+00:00,9.125,VALID,,,257.32892,VALID,2.57175,VALID,Critical,CRITICAL_ALARM: Sensor data missing or invalid
2026-02-08 19:00:00+00:00,9.2,VALID,,,249.329424,VALID,2.548128,VALID,Critical,CRITICAL_ALARM: Sensor data missing or invalid
2026-02-08 20:00:00+00:00,9.325000000000001,VALID,,,243.595272,VALID,2.530602,VALID,Critical,CRITICAL_ALARM: Sensor data missing or invalid
2026-02-08 21:00:00+00:00,9.425,VALID,,,239.914088,VALID,2.519172,VALID,Critical,CRITICAL_ALARM: Sensor data missing or invalid
2026-02-08 22:00:00+00:00,9.5,VALID,,,237.57795199999998,VALID,2.512314,VALID,Critical,CRITICAL_ALARM: Sensor data missing or invalid
2026-02-08 23:00:00+00:00,9.6,VALID,,,236.16211199999998,VALID,2.5077420000000004,VALID,Critical,CRITICAL_ALARM: Sensor data missing or invalid
2026-02-09 00:00:00+00:00,9.5,VALID,,,236.16211199999998,VALID,2.5077420000000004,VALID,Critical,CRITICAL_ALARM: Sensor data missing or invalid
2026-02-09 01:00:00+00:00,9.45,VALID,,,242.391808,VALID,2.5267920000000004,VALID,Critical,CRITICAL_ALARM: Sensor data missing or invalid
2026-02-09 02:00:00+00:00,9.4,VALID,,,258.3908,VALID,2.5747980000000004,VALID,Critical,CRITICAL_ALARM: Sensor data missing or invalid
2026-02-09 03:00:00+00:00,9.4,VALID,,,274.248208,VALID,2.620518,VALID,Critical,CRITICAL_ALARM: Sensor data missing or invalid
2026-02-09 04:00:00+00:00,9.4,VALID,,,281.539784,VALID,2.6418540000000004,VALID,Critical,CRITICAL_ALARM: Sensor data missing or invalid
2026-02-09 05:00:00+00:00,9.475,VALID,,,285.99968,VALID,2.6525220000000003,VALID,Critical,CRITICAL_ALARM: Sensor data missing or invalid
2026-02-09 06:00:00+00:00,9.5,VALID,,,280.97344799999996,VALID,2.6403300000000005,VALID,Critical,CRITICAL_ALARM: Sensor data missing or invalid
2026-02-09 07:00:00+00:00,9.5,VALID,,,267.59376,VALID,2.601468,VALID,Critical,CRITICAL_ALARM: Sensor data missing or invalid
2026-02-09 08:00:00+00:00,9.5,VALID,,,250.17892799999998,VALID,2.550414,VALID,Critical,CRITICAL_ALARM: Sensor data missing or invalid
2026-02-09 09:00:00+00:00,9.45,VALID,,,237.365576,VALID,2.511552,VALID,Critical,CRITICAL_ALARM: Sensor data missing or invalid
2026-02-09 10:00:00+00:00,9.4,VALID,,,227.80865599999998,VALID,2.481834,VALID,Critical,CRITICAL_ALARM: Sensor data missing or invalid
2026-02-09 11:00:00+00:00,9.325000000000001,VALID,,,223.136384,VALID,2.466594,VALID,Critical,CRITICAL_ALARM: Sensor data missing or invalid
2026-02-09 12:00:00+00:00,9.25,VALID,,,219.525992,VALID,2.4551640000000003,VALID,Critical,CRITICAL_ALARM: Sensor data missing or invalid
2026-02-09 13:00:00+00:00,9.2,VALID,,,218.32252799999998,VALID,2.4513540000000003,VALID,Critical,CRITICAL_ALARM: Sensor data missing or invalid
2026-02-09 14:00:00+00:00,9.174999999999999,VALID,,,225.755688,VALID,2.474976,VALID,Critical,CRITICAL_ALARM: Sensor data missing or invalid
2026-02-09 15:00:00+00:00,9.1,VALID,,,252.01952,VALID,2.5557480000000004,VALID,Critical,CRITICAL_ALARM: Sensor data missing or invalid
2026-02-09 16:00:00+00:00,9.1,VALID,,,281.964536,VALID,2.6426160000000003,VALID,Critical,CRITICAL_ALARM: Sensor data missing or invalid
2026-02-09 17:00:00+00:00,9.1,VALID,,,298.03432,VALID,2.6860500000000003,VALID,Critical,CRITICAL_ALARM: Sensor data missing or invalid
2026-02-09 18:00:00+00:00,9.125,VALID,,,293.07888,VALID,2.6700480000000004,VALID,Critical,CRITICAL_ALARM: Sensor data missing or invalid
2026-02-09 19:00:00+00:00,9.225,VALID,,,275.38088,VALID,2.6235660000000003,VALID,Critical,CRITICAL_ALARM: Sensor data missing or invalid
2026-02-09 20:00:00+00:00,9.325000000000001,VALID,,,260.372976,VALID,2.5808940000000002,VALID,Critical,CRITICAL_ALARM: Sensor data missing or invalid
2026-02-09 21:00:00+00:00,9.425,VALID,,,249.89576,VALID,2.549652,VALID,Critical,CRITICAL_ALARM: Sensor data missing or invalid
2026-02-09 22:00:00+00:00,9.525,VALID,,,243.807648,VALID,2.5313640000000004,VALID,Critical,CRITICAL_ALARM: Sensor data missing or invalid
2026-02-09 23:00:00+00:00,9.6,VALID,,,239.843296,VALID,2.519172,VALID,Critical,CRITICAL_ALARM: Sensor data missing or invalid
2026-02-10 00:00:00+00:00,9.55,VALID,,,238.639832,VALID,2.515362,VALID,Critical,CRITICAL_ALARM: Sensor data missing or invalid
2026-02-10 01:00:00+00:00,9.475,VALID,,,243.595272,VALID,2.530602,VALID,Critical,CRITICAL_ALARM: Sensor data missing or invalid
2026-02-10 02:00:00+00:00,9.4,VALID,,,263.629408,VALID,2.5900380000000003,VALID,Critical,CRITICAL_ALARM: Sensor data missing or invalid
2026-02-10 03:00:00+00:00,9.4,VALID,,,290.105616,VALID,2.66319,VALID,Critical,CRITICAL_ALARM: Sensor data missing or invalid
2026-02-10 04:00:00+00:00,9.425,VALID,,,310.77688,VALID,2.72034,VALID,Critical,CRITICAL_ALARM: Sensor data missing or invalid
2026-02-10 05:00:00+00:00,9.525,VALID,,,322.1036,VALID,2.7485340000000003,VALID,Critical,CRITICAL_ALARM: Sensor data missing or invalid
2026-02-10 06:00:00+00:00,9.6,VALID,,,319.27192,VALID,2.7424380000000004,VALID,Critical,CRITICAL_ALARM: Sensor data missing or invalid
2026-02-10 07:00:00+00:00,9.6,VALID,,,300.15808,VALID,2.692146,VALID,Critical,CRITICAL_ALARM: Sensor data missing or invalid
2026-02-10 08:00:00+00:00,9.55,VALID,,,277.009096,VALID,2.6289,VALID,Critical,CRITICAL_ALARM: Sensor data missing or invalid
2026-02-10 09:00:00+00:00,9.475,VALID,,,256.054664,VALID,2.56794,VALID,Critical,CRITICAL_ALARM: Sensor data missing or invalid
2026-02-10 10:00:00+00:00,9.4,VALID,,,240.33884,VALID,2.520696,VALID,Critical,CRITICAL_ALARM: Sensor data missing or invalid
2026-02-10 11:00:00+00:00,9.375,VALID,,,229.932416,VALID,2.4886920000000003,VALID,Critical,CRITICAL_ALARM: Sensor data missing or invalid
2026-02-10 12:00:00+00:00,9.3,VALID,,,224.05668,VALID,2.469642,VALID,Critical,CRITICAL_ALARM: Sensor data missing or invalid
2026-02-10 13:00:00+00:00,9.3,VALID,,,221.15420799999998,VALID,2.4604980000000003,VALID,Critical,CRITICAL_ALARM: Sensor data missing or invalid
2026-02-10 14:00:00+00:00,9.275,VALID,,,227.95024,VALID,2.481834,VALID,Critical,CRITICAL_ALARM: Sensor data missing or invalid
2026-02-10 15:00:00+00:00,9.2,VALID,,,252.72744,VALID,2.558034,VALID,Critical,CRITICAL_ALARM: Sensor data missing or invalid
2026-02-10 16:00:00+00:00,9.2,VALID,,,284.654632,VALID,2.648712,VALID,Critical,CRITICAL_ALARM: Sensor data missing or invalid
2026-02-10 17:00:00+00:00,9.275,VALID,,,299.45016,VALID,2.6898600000000004,VALID,Critical,CRITICAL_ALARM: Sensor data missing or invalid
2026-02-10 18:00:00+00:00,9.325000000000001,VALID,,,291.66304,VALID,2.6700480000000004,VALID,Critical,CRITICAL_ALARM: Sensor data missing or invalid
2026-02-10 19:00:00+00:00,9.425,VALID,,,274.531376,VALID,2.62128,VALID,Critical,CRITICAL_ALARM: Sensor data missing or invalid
2026-02-10 20:00:00+00:00,9.525,VALID,,,259.169512,VALID,2.577084,VALID,Critical,CRITICAL_ALARM: Sensor data missing or invalid
2026-02-10 21:00:00+00:00,9.625,VALID,,,247.276456,VALID,2.5420320000000003,VALID,Critical,CRITICAL_ALARM: Sensor data missing or invalid
2026-02-10 22:00:00+00:00,9.7,VALID,,,240.33884,VALID,2.520696,VALID,Critical,CRITICAL_ALARM: Sensor data missing or invalid
2026-02-10 23:00:00+00:00,,,,,237.57795199999998,VALID,2.512314,VALID,Critical,CRITICAL_ALARM: Sensor data missing or invalid
2026-02-11 00:00:00+00:00,9.7,VALID,,,236.37448799999999,VALID,2.5085040000000003,VALID,Critical,CRITICAL_ALARM: Sensor data missing or invalid
2026-02-11 01:00:00+00:00,9.6,VALID,,,244.373984,VALID,2.5328880000000003,VALID,Critical,CRITICAL_ALARM: Sensor data missing or invalid
2026-02-11 02:00:00+00:00,9.6,VALID,,,269.505144,VALID,2.606802,VALID,Critical,CRITICAL_ALARM: Sensor data missing or invalid
2026-02-11 03:00:00+00:00,9.6,VALID,,,297.3264,VALID,2.6845260000000004,VALID,Critical,CRITICAL_ALARM: Sensor data missing or invalid
2026-02-11 04:00:00+00:00,9.6,VALID,,,315.73232,VALID,2.73177,VALID,Critical,CRITICAL_ALARM: Sensor data missing or invalid
2026-02-11 05:00:00+00:00,9.674999999999999,VALID,,,325.6432,VALID,2.7576780000000003,VALID,Critical,CRITICAL_ALARM: Sensor data missing or invalid
2026-02-11 06:00:00+00:00,9.7,VALID,,,321.39567999999997,VALID,2.746248,VALID,Critical,CRITICAL_ALARM: Sensor data missing or invalid
2026-02-11 07:00:00+00:00,9.7,VALID,,,302.28184,VALID,2.695956,VALID,Critical,CRITICAL_ALARM: Sensor data missing or invalid
2026-02-11 08:00:00+00:00,9.625,VALID,,,276.65513599999997,VALID,2.627376,VALID,Critical,CRITICAL_ALARM: Sensor data missing or invalid
2026-02-11 09:00:00+00:00,9.55,VALID,,,256.26704,VALID,2.568702,VALID,Critical,CRITICAL_ALARM: Sensor data missing or invalid
2026-02-11 10:00:00+00:00,9.475,VALID,,,241.61309599999998,VALID,2.524506,VALID,Critical,CRITICAL_ALARM: Sensor data missing or invalid
2026-02-11 11:00:00+00:00,9.4,VALID,,,230.78191999999999,VALID,2.490978,VALID,Critical,CRITICAL_ALARM: Sensor data missing or invalid
2026-02-11 12:00:00+00:00,9.375,VALID,,,224.05668,VALID,2.469642,VALID,Critical,CRITICAL_ALARM: Sensor data missing or invalid
2026-02-11 13:00:00+00:00,9.3,VALID,,,220.87104,VALID,2.4597360000000004,VALID,Critical,CRITICAL_ALARM: Sensor data missing or invalid
2026-02-11 14:00:00+00:00,9.3,VALID,,,227.95024,VALID,2.481834,VALID,Critical,CRITICAL_ALARM: Sensor data missing or invalid
2026-02-11 15:00:00+00:00,9.225,VALID,,,252.302688,VALID,2.5565100000000003,VALID,Critical,CRITICAL_ALARM: Sensor data missing or invalid
2026-02-11 16:00:00+00:00,9.2,VALID,,,284.159088,VALID,2.6471880000000003,VALID,Critical,CRITICAL_ALARM: Sensor data missing or invalid
2026-02-11 17:00:00+00:00,9.25,VALID,,,299.45016,VALID,2.6898600000000004,VALID,Critical,CRITICAL_ALARM: Sensor data missing or invalid
2026-02-11 18:00:00+00:00,9.3,VALID,,,292.37095999999997,VALID,2.672334,VALID,Critical,CRITICAL_ALARM: Sensor data missing or invalid
2026-02-11 19:00:00+00:00,9.325000000000001,VALID,,,276.0888,VALID,2.625852,VALID,Critical,CRITICAL_ALARM: Sensor data missing or invalid
2026-02-11 20:00:00+00:00,9.4,VALID,,,262.567528,VALID,2.58699,VALID,Critical,CRITICAL_ALARM: Sensor data missing or invalid
2026-02-11 21:00:00+00:00,9.475,VALID,,,251.948728,VALID,2.5557480000000004,VALID,Critical,CRITICAL_ALARM: Sensor data missing or invalid
2026-02-11 22:00:00+00:00,9.5,VALID,,,247.205664,VALID,2.5412700000000004,VALID,Critical,CRITICAL_ALARM: Sensor data missing or invalid
2026-02-11 23:00:00+00:00,9.6,VALID,,,244.303192,VALID,2.5328880000000003,VALID,Critical,CRITICAL_ALARM: Sensor data missing or invalid
2026-02-12 00:00:00+00:00,9.6,VALID,,,242.604184,VALID,2.5275540000000003,VALID,Critical,CRITICAL_ALARM: Sensor data missing or invalid
2026-02-12 01:00:00+00:00,9.6,VALID,,,247.55962399999999,VALID,2.542794,VALID,Critical,CRITICAL_ALARM: Sensor data missing or invalid
2026-02-12 02:00:00+00:00,9.6,VALID,,,268.938808,VALID,2.605278,VALID,Critical,CRITICAL_ALARM: Sensor data missing or invalid
2026-02-12 03:00:00+00:00,9.6,VALID,,,292.37095999999997,VALID,2.671572,VALID,Critical,CRITICAL_ALARM: Sensor data missing or invalid
2026-02-12 04:00:00+00:00,9.625,VALID,,,312.19272,VALID,2.7233880000000004,VALID,Critical,CRITICAL_ALARM: Sensor data missing or invalid
2026-02-12 05:00:00+00:00,9.7,VALID,,,320.68776,VALID,2.746248,VALID,Critical,CRITICAL_ALARM: Sensor data missing or invalid
2026-02-12 06:00:00+00:00,9.7,VALID,,,319.97983999999997,VALID,2.7439620000000002,VALID,Critical,CRITICAL_ALARM: Sensor data missing or invalid
2026-02-12 07:00:00+00:00,9.7,VALID,,,301.57392,VALID,2.69367,VALID,Critical,CRITICAL_ALARM: Sensor data missing or invalid
2026-02-12 08:00:00+00:00,9.6,VALID,,,276.37196800000004,VALID,2.627376,VALID,Critical,CRITICAL_ALARM: Sensor data missing or invalid
2026-02-12 09:00:00+00:00,9.575,VALID,,,257.116544,VALID,2.5709880000000003,VALID,Critical,CRITICAL_ALARM: Sensor data missing or invalid
2026-02-12 10:00:00+00:00,9.5,VALID,,,241.329928,VALID,2.523744,VALID,Critical,CRITICAL_ALARM: Sensor data missing or invalid
2026-02-12 11:00:00+00:00,9.4,VALID,,,230.994296,VALID,2.49174,VALID,Critical,CRITICAL_ALARM: Sensor data missing or invalid
2026-02-12 12:00:00+00:00,9.375,VALID,,,224.693808,VALID,2.471928,VALID,Critical,CRITICAL_ALARM: Sensor data missing or invalid
2026-02-12 13:00:00+00:00,9.3,VALID,,,220.729456,VALID,2.4589740000000004,VALID,Critical,CRITICAL_ALARM: Sensor data missing or invalid
2026-02-12 14:00:00+00:00,9.25,VALID,,,227.171528,VALID,2.4795480000000003,VALID,Critical,CRITICAL_ALARM: Sensor data missing or invalid
2026-02-12 15:00:00+00:00,9.2,VALID,,,252.302688,VALID,2.5565100000000003,VALID,Critical,CRITICAL_ALARM: Sensor data missing or invalid
2026-02-12 16:00:00+00:00,9.2,VALID,,,284.159088,VALID,2.646426,VALID,Critical,CRITICAL_ALARM: Sensor data missing or invalid
2026-02-12 17:00:00+00:00,9.225,VALID,,,298.74224,VALID,2.686812,VALID,Critical,CRITICAL_ALARM: Sensor data missing or invalid
2026-02-12 18:00:00+00:00,9.325000000000001,VALID,,,292.37095999999997,VALID,2.6692860000000005,VALID,Critical,CRITICAL_ALARM: Sensor data missing or invalid
2026-02-12 19:00:00+00:00,9.4,VALID,,,274.531376,VALID,2.62128,VALID,Critical,CRITICAL_ALARM: Sensor data missing or invalid
2026-02-12 20:00:00+00:00,9.45,VALID,,,260.1606,VALID,2.580132,VALID,Critical,CRITICAL_ALARM: Sensor data missing or invalid
2026-02-12 21:00:00+00:00,9.525,VALID,,,249.329424,VALID,2.548128,VALID,Critical,CRITICAL_ALARM: Sensor data missing or invalid
2026-02-12 22:00:00+00:00,9.6,VALID,,,243.52447999999998,VALID,2.530602,VALID,Critical,CRITICAL_ALARM: Sensor data missing or invalid
2026-02-12 23:00:00+00:00,9.6,VALID,,,239.418544,VALID,2.5176480000000003,VALID,Critical,CRITICAL_ALARM: Sensor data missing or invalid
2026-02-13 00:00:00+00:00,9.6,VALID,,,236.87003199999998,VALID,2.510028,VALID,Critical,CRITICAL_ALARM: Sensor data missing or invalid
2026-02-13 01:00:00+00:00,9.525,VALID,,,244.657152,VALID,2.53365,VALID,Critical,CRITICAL_ALARM: Sensor data missing or invalid
2026-02-13 02:00:00+00:00,9.5,VALID,,,266.319504,VALID,2.597658,VALID,Critical,CRITICAL_ALARM: Sensor data missing or invalid
2026-02-13 03:00:00+00:00,9.5,VALID,,,293.07888,VALID,2.672334,VALID,Critical,CRITICAL_ALARM: Sensor data missing or invalid
2026-02-13 04:00:00+00:00,9.5,VALID,,,314.31648,VALID,2.7279600000000004,VALID,Critical,CRITICAL_ALARM: Sensor data missing or invalid
2026-02-13 05:00:00+00:00,9.525,VALID,,,323.51944,VALID,2.752344,VALID,Critical,CRITICAL_ALARM: Sensor data missing or invalid
2026-02-13 06:00:00+00:00,9.6,VALID,,,321.39567999999997,VALID,2.745486,VALID,Critical,CRITICAL_ALARM: Sensor data missing or invalid
2026-02-13 07:00:00+00:00,9.55,VALID,,,301.57392,VALID,2.695194,VALID,Critical,CRITICAL_ALARM: Sensor data missing or invalid
2026-02-13 08:00:00+00:00,9.5,VALID,,,278.92048,VALID,2.634234,VALID,Critical,CRITICAL_ALARM: Sensor data missing or invalid
2026-02-13 09:00:00+00:00,9.425,VALID,,,256.054664,VALID,2.56794,VALID,Critical,CRITICAL_ALARM: Sensor data missing or invalid
2026-02-13 10:00:00+00:00,9.4,VALID,,,240.834384,VALID,2.52222,VALID,Critical,CRITICAL_ALARM: Sensor data missing or invalid
2026-02-13 11:00:00+00:00,9.4,VALID,,,230.569544,VALID,2.490216,VALID,Critical,CRITICAL_ALARM: Sensor data missing or invalid
2026-02-13 12:00:00+00:00,9.3,VALID,,,223.34876,VALID,2.467356,VALID,Critical,CRITICAL_ALARM: Sensor data missing or invalid
2026-02-13 13:00:00+00:00,9.3,VALID,,,220.44628799999998,VALID,2.4582120000000005,VALID,Critical,CRITICAL_ALARM: Sensor data missing or invalid
2026-02-13 14:00:00+00:00,9.3,VALID,,,227.45469599999998,VALID,2.4803100000000002,VALID,Critical,CRITICAL_ALARM: Sensor data missing or invalid
2026-02-13 15:00:00+00:00,9.3,VALID,,,252.231896,VALID,2.55651,VALID,Critical,CRITICAL_ALARM: Sensor data missing or invalid
2026-02-13 16:00:00+00:00,9.3,VALID,,,283.734336,VALID,2.645664,VALID,Critical,CRITICAL_ALARM: Sensor data missing or invalid
2026-02-13 17:00:00+00:00,9.3,VALID,,,296.61848,VALID,2.683764,VALID,Critical,CRITICAL_ALARM: Sensor data missing or invalid
2026-02-13 18:00:00+00:00,9.3,VALID,,,289.53928,VALID,2.6624280000000002,VALID,Critical,CRITICAL_ALARM: Sensor data missing or invalid
2026-02-13 19:00:00+00:00,9.4,VALID,,,272.832368,VALID,2.616708,VALID,Critical,CRITICAL_ALARM: Sensor data missing or invalid
2026-02-13 20:00:00+00:00,9.4,VALID,,,257.824464,VALID,2.5732740000000005,VALID,Critical,CRITICAL_ALARM: Sensor data missing or invalid
2026-02-13 21:00:00+00:00,9.4,VALID,,,248.62150400000002,VALID,2.5458420000000004,VALID,Critical,CRITICAL_ALARM: Sensor data missing or invalid
2026-02-13 22:00:00+00:00,9.4,VALID,,,241.61309599999998,VALID,2.524506,VALID,Critical,CRITICAL_ALARM: Sensor data missing or invalid
2026-02-13 23:00:00+00:00,9.475,VALID,,,238.356664,VALID,2.5146,VALID,Critical,CRITICAL_ALARM: Sensor data missing or invalid
2026-02-14 00:00:00+00:00,9.5,VALID,,,236.87003199999998,VALID,2.510028,VALID,Critical,CRITICAL_ALARM: Sensor data missing or invalid
2026-02-14 01:00:00+00:00,9.5,VALID,,,243.382896,VALID,2.52984,VALID,Critical,CRITICAL_ALARM: Sensor data missing or invalid
2026-02-14 02:00:00+00:00,9.45,VALID,,,261.22248,VALID,2.58318,VALID,Critical,CRITICAL_ALARM: Sensor data missing or invalid
2026-02-14 03:00:00+00:00,9.4,VALID,,,286.778392,VALID,2.6563320000000004,VALID,Critical,CRITICAL_ALARM: Sensor data missing or invalid
2026-02-14 04:00:00+00:00,9.45,VALID,,,307.9452,VALID,2.7142440000000003,VALID,Critical,CRITICAL_ALARM: Sensor data missing or invalid
2026-02-14 05:00:00+00:00,9.5,VALID,,,319.97983999999997,VALID,2.7439620000000002,VALID,Critical,CRITICAL_ALARM: Sensor data missing or invalid
2026-02-14 06:00:00+00:00,9.5,VALID,,,317.85608,VALID,2.7386280000000003,VALID,Critical,CRITICAL_ALARM: Sensor data missing or invalid
2026-02-14 07:00:00+00:00,9.475,VALID,,,298.74224,VALID,2.689098,VALID,Critical,CRITICAL_ALARM: Sensor data missing or invalid
2026-02-14 08:00:00+00:00,9.4,VALID,,,275.097712,VALID,2.6235660000000003,VALID,Critical,CRITICAL_ALARM: Sensor data missing or invalid
2026-02-14 09:00:00+00:00,9.375,VALID,,,254.99278399999997,VALID,2.5648920000000004,VALID,Critical,CRITICAL_ALARM: Sensor data missing or invalid
2026-02-14 10:00:00+00:00,9.3,VALID,,,240.33884,VALID,2.520696,VALID,Critical,CRITICAL_ALARM: Sensor data missing or invalid
2026-02-14 11:00:00+00:00,9.225,VALID,,,230.498752,VALID,2.490216,VALID,Critical,CRITICAL_ALARM: Sensor data missing or invalid
2026-02-14 12:00:00+00:00,9.2,VALID,,,223.561136,VALID,2.468118,VALID,Critical,CRITICAL_ALARM: Sensor data missing or invalid
2026-02-14 13:00:00+00:00,9.174999999999999,VALID,,,220.021536,VALID,2.456688,VALID,Critical,CRITICAL_ALARM: Sensor data missing or invalid
2026-02-14 14:00:00+00:00,9.1,VALID,,,222.145296,VALID,2.463546,VALID,Critical,CRITICAL_ALARM: Sensor data missing or invalid
2026-02-14 15:00:00+00:00,9.1,VALID,,,236.586864,VALID,2.509266,VALID,Critical,CRITICAL_ALARM: Sensor data missing or invalid
2026-02-14 16:00:00+00:00,9.1,VALID,,,260.797728,VALID,2.581656,VALID,Critical,CRITICAL_ALARM: Sensor data missing or invalid
2026-02-14 17:00:00+00:00,9.1,VALID,,,272.690784,VALID,2.615946,VALID,Critical,CRITICAL_ALARM: Sensor data missing or invalid
2026-02-14 18:00:00+00:00,9.125,VALID,,,267.806136,VALID,2.60223,VALID,Critical,CRITICAL_ALARM: Sensor data missing or invalid
2026-02-14 19:00:00+00:00,9.2,VALID,,,258.03684,VALID,2.574036,VALID,Critical,CRITICAL_ALARM: Sensor data missing or invalid
2026-02-14 20:00:00+00:00,9.325000000000001,VALID,,,250.108136,VALID,2.550414,VALID,Critical,CRITICAL_ALARM: Sensor data missing or invalid
2026-02-14 21:00:00+00:00,9.4,VALID,,,244.090816,VALID,2.5321260000000003,VALID,Critical,CRITICAL_ALARM: Sensor data missing or invalid
2026-02-14 22:00:00+00:00,9.5,VALID,,,240.551216,VALID,2.521458,VALID,Critical,CRITICAL_ALARM: Sensor data missing or invalid
2026-02-14 23:00:00+00:00,9.6,VALID,,,238.639832,VALID,2.515362,VALID,Critical,CRITICAL_ALARM: Sensor data missing or invalid
2026-02-15 00:00:00+00:00,9.575,VALID,,,237.1532,VALID,2.51079,VALID,Critical,CRITICAL_ALARM: Sensor data missing or invalid
2026-02-15 01:00:00+00:00,9.5,VALID,,,238.639832,VALID,2.515362,VALID,Critical,CRITICAL_ALARM: Sensor data missing or invalid
2026-02-15 02:00:00+00:00,9.4,VALID,,,249.683384,VALID,2.54889,VALID,Critical,CRITICAL_ALARM: Sensor data missing or invalid
2026-02-15 03:00:00+00:00,9.4,VALID,,,270.283856,VALID,2.6090880000000003,VALID,Critical,CRITICAL_ALARM: Sensor data missing or invalid
2026-02-15 04:00:00+00:00,9.4,VALID,,,290.2472,VALID,2.664714,VALID,Critical,CRITICAL_ALARM: Sensor data missing or invalid
2026-02-15 05:00:00+00:00,9.475,VALID,,,301.57392,VALID,2.69367,VALID,Critical,CRITICAL_ALARM: Sensor data missing or invalid
2026-02-15 06:00:00+00:00,9.5,VALID,,,298.03432,VALID,2.683764,VALID,Critical,CRITICAL_ALARM: Sensor data missing or invalid
2026-02-15 07:00:00+00:00,9.5,VALID,,,280.265528,VALID,2.63652,VALID,Critical,CRITICAL_ALARM: Sensor data missing or invalid
2026-02-15 08:00:00+00:00,9.475,VALID,,,259.45268,VALID,2.577846,VALID,Critical,CRITICAL_ALARM: Sensor data missing or invalid
2026-02-15 09:00:00+00:00,9.4,VALID,,,242.81655999999998,VALID,2.5283160000000002,VALID,Critical,CRITICAL_ALARM: Sensor data missing or invalid
2026-02-15 10:00:00+00:00,9.350000000000001,VALID,,,231.702216,VALID,2.4940260000000003,VALID,Critical,CRITICAL_ALARM: Sensor data missing or invalid
2026-02-15 11:00:00+00:00,9.3,VALID,,,224.269056,VALID,2.4704040000000003,VALID,Critical,CRITICAL_ALARM: Sensor data missing or invalid
2026-02-15 12:00:00+00:00,9.25,VALID,,,220.941832,VALID,2.4597360000000004,VALID,Critical,CRITICAL_ALARM: Sensor data missing or invalid
2026-02-15 13:00:00+00:00,9.2,VALID,,,218.39332,VALID,2.4513540000000003,VALID,Critical,CRITICAL_ALARM: Sensor data missing or invalid
2026-02-15 14:00:00+00:00,9.2,VALID,,,221.225,VALID,2.4604980000000003,VALID,Critical,CRITICAL_ALARM: Sensor data missing or invalid
2026-02-15 15:00:00+00:00,9.174999999999999,VALID,,,235.66656799999998,VALID,2.506218,VALID,Critical,CRITICAL_ALARM: Sensor data missing or invalid
2026-02-15 16:00:00+00:00,9.1,VALID,,,255.77149599999998,VALID,2.567178,VALID,Critical,CRITICAL_ALARM: Sensor data missing or invalid
2026-02-15 17:00:00+00:00,9.149999999999999,VALID,,,264.54970399999996,VALID,2.593086,VALID,Critical,CRITICAL_ALARM: Sensor data missing or invalid
2026-02-15 18:00:00+00:00,9.2,VALID,,,259.948224,VALID,2.57937,VALID,Critical,CRITICAL_ALARM: Sensor data missing or invalid
2026-02-15 19:00:00+00:00,9.275,VALID,,,251.66556,VALID,2.554986,VALID,Critical,CRITICAL_ALARM: Sensor data missing or invalid
2026-02-15 20:00:00+00:00,9.4,VALID,,,245.365072,VALID,2.5359360000000004,VALID,Critical,CRITICAL_ALARM: Sensor data missing or invalid
2026-02-15 21:00:00+00:00,9.5,VALID,,,241.117552,VALID,2.522982,VALID,Critical,CRITICAL_ALARM: Sensor data missing or invalid
2026-02-15 22:00:00+00:00,9.6,VALID,,,238.639832,VALID,2.515362,VALID,Critical,CRITICAL_ALARM: Sensor data missing or invalid
2026-02-15 23:00:00+00:00,9.649999999999999,VALID,,,236.37448799999999,VALID,2.5085040000000003,VALID,Critical,CRITICAL_ALARM: Sensor data missing or invalid
2026-02-16 00:00:00+00:00,9.625,VALID,,,235.878944,VALID,2.5069800000000004,VALID,Critical,CRITICAL_ALARM: Sensor data missing or invalid
2026-02-16 01:00:00+00:00,9.6,VALID,,,241.683888,VALID,2.524506,VALID,Critical,CRITICAL_ALARM: Sensor data missing or invalid
2026-02-16 02:00:00+00:00,9.6,VALID,,,257.895256,VALID,2.5732740000000005,VALID,Critical,CRITICAL_ALARM: Sensor data missing or invalid
2026-02-16 03:00:00+00:00,9.6,VALID,,,273.681872,VALID,2.6189940000000003,VALID,Critical,CRITICAL_ALARM: Sensor data missing or invalid
2026-02-16 04:00:00+00:00,9.6,VALID,,,284.300672,VALID,2.648712,VALID,Critical,CRITICAL_ALARM: Sensor data missing or invalid
2026-02-16 05:00:00+00:00,9.674999999999999,VALID,,,288.83136,VALID,2.6624280000000002,VALID,Critical,CRITICAL_ALARM: Sensor data missing or invalid
2026-02-16 06:00:00+00:00,9.7,VALID,,,284.44225600000004,VALID,2.6502360000000005,VALID,Critical,CRITICAL_ALARM: Sensor data missing or invalid
2026-02-16 07:00:00+00:00,9.7,VALID,,,270.000688,VALID,2.608326,VALID,Critical,CRITICAL_ALARM: Sensor data missing or invalid
2026-02-16 08:00:00+00:00,9.649999999999999,VALID,,,253.222984,VALID,2.559558,VALID,Critical,CRITICAL_ALARM: Sensor data missing or invalid
2026-02-16 09:00:00+00:00,9.575,VALID,,,239.064584,VALID,2.5168860000000004,VALID,Critical,CRITICAL_ALARM: Sensor data missing or invalid
2026-02-16 10:00:00+00:00,9.5,VALID,,,230.286376,VALID,2.4894540000000003,VALID,Critical,CRITICAL_ALARM: Sensor data missing or invalid
2026-02-16 11:00:00+00:00,9.4,VALID,,,224.7646,VALID,2.471928,VALID,Critical,CRITICAL_ALARM: Sensor data missing or invalid
2026-02-16 12:00:00+00:00,9.375,VALID,,,220.729456,VALID,2.4589740000000004,VALID,Critical,CRITICAL_ALARM: Sensor data missing or invalid
2026-02-16 13:00:00+00:00,9.3,VALID,,,218.888864,VALID,2.452878,VALID,Critical,CRITICAL_ALARM: Sensor data missing or invalid
2026-02-16 14:00:00+00:00,9.3,VALID,,,226.88836,VALID,2.478786,VALID,Critical,CRITICAL_ALARM: Sensor data missing or invalid
2026-02-16 15:00:00+00:00,9.3,VALID,,,252.515064,VALID,2.557272,VALID,Critical,CRITICAL_ALARM: Sensor data missing or invalid
2026-02-16 16:00:00+00:00,9.275,VALID,,,284.725424,VALID,2.648712,VALID,Critical,CRITICAL_ALARM: Sensor data missing or invalid
2026-02-16 17:00:00+00:00,9.3,VALID,,,299.45016,VALID,2.6890980000000004,VALID,Critical,CRITICAL_ALARM: Sensor data missing or invalid
2026-02-16 18:00:00+00:00,9.3,VALID,,,291.66304,VALID,2.6692860000000005,VALID,Critical,CRITICAL_ALARM: Sensor data missing or invalid
2026-02-16 19:00:00+00:00,9.4,VALID,,,275.38088,VALID,2.6235660000000003,VALID,Critical,CRITICAL_ALARM: Sensor data missing or invalid
2026-02-16 20:00:00+00:00,9.45,VALID,,,259.665056,VALID,2.578608,VALID,Critical,CRITICAL_ALARM: Sensor data missing or invalid
2026-02-16 21:00:00+00:00,9.55,VALID,,,249.329424,VALID,2.548128,VALID,Critical,CRITICAL_ALARM: Sensor data missing or invalid
2026-02-16 22:00:00+00:00,9.6,VALID,,,243.595272,VALID,2.530602,VALID,Critical,CRITICAL_ALARM: Sensor data missing or invalid
2026-02-16 23:00:00+00:00,9.649999999999999,VALID,,,240.33884,VALID,2.520696,VALID,Critical,CRITICAL_ALARM: Sensor data missing or invalid
2026-02-17 00:00:00+00:00,9.7,VALID,,,237.082408,VALID,2.51079,VALID,Critical,CRITICAL_ALARM: Sensor data missing or invalid
2026-02-17 01:00:00+00:00,9.674999999999999,VALID,,,240.55121599999998,VALID,2.521458,VALID,Critical,CRITICAL_ALARM: Sensor data missing or invalid
2026-02-17 02:00:00+00:00,9.6,VALID,,,258.3908,VALID,2.5747980000000004,VALID,Critical,CRITICAL_ALARM: Sensor data missing or invalid
2026-02-17 03:00:00+00:00,9.6,VALID,,,284.22988,VALID,2.6479500000000002,VALID,Critical,CRITICAL_ALARM: Sensor data missing or invalid
2026-02-17 04:00:00+00:00,9.6,VALID,,,306.52936,VALID,2.7096720000000003,VALID,Critical,CRITICAL_ALARM: Sensor data missing or invalid
2026-02-17 05:00:00+00:00,9.6,VALID,,,322.1036,VALID,2.7485340000000003,VALID,Critical,CRITICAL_ALARM: Sensor data missing or invalid
2026-02-17 06:00:00+00:00,9.6,VALID,,,319.27191999999997,VALID,2.7424380000000004,VALID,Critical,CRITICAL_ALARM: Sensor data missing or invalid
2026-02-17 07:00:00+00:00,9.6,VALID,,,298.03432,VALID,2.6860500000000003,VALID,Critical,CRITICAL_ALARM: Sensor data missing or invalid
2026-02-17 08:00:00+00:00,9.55,VALID,,,275.522464,VALID,2.6235660000000003,VALID,Critical,CRITICAL_ALARM: Sensor data missing or invalid
2026-02-17 09:00:00+00:00,9.425,VALID,,,257.045752,VALID,2.5709880000000003,VALID,Critical,CRITICAL_ALARM: Sensor data missing or invalid
2026-02-17 10:00:00+00:00,9.4,VALID,,,241.329928,VALID,2.523744,VALID,Critical,CRITICAL_ALARM: Sensor data missing or invalid
2026-02-17 11:00:00+00:00,9.3,VALID,,,230.994296,VALID,2.49174,VALID,Critical,CRITICAL_ALARM: Sensor data missing or invalid
2026-02-17 12:00:00+00:00,9.225,VALID,,,223.065592,VALID,2.466594,VALID,Critical,CRITICAL_ALARM: Sensor data missing or invalid
2026-02-17 13:00:00+00:00,9.125,VALID,,,221.508168,VALID,2.4612600000000002,VALID,Critical,CRITICAL_ALARM: Sensor data missing or invalid
2026-02-17 14:00:00+00:00,9.075,VALID,,,228.799744,VALID,2.4848820000000003,VALID,Critical,CRITICAL_ALARM: Sensor data missing or invalid
2026-02-17 15:00:00+00:00,9.0,VALID,,,252.302688,VALID,2.5565100000000003,VALID,Critical,CRITICAL_ALARM: Sensor data missing or invalid
2026-02-17 16:00:00+00:00,9.0,VALID,,,283.734336,VALID,2.646426,VALID,Critical,CRITICAL_ALARM: Sensor data missing or invalid
2026-02-17 17:00:00+00:00,8.9,VALID,,,298.03432,VALID,2.686812,VALID,Critical,CRITICAL_ALARM: Sensor data missing or invalid
2026-02-17 18:00:00+00:00,8.9,VALID,,,289.53928,VALID,2.663952,VALID,Critical,CRITICAL_ALARM: Sensor data missing or invalid
2026-02-17 19:00:00+00:00,9.0,VALID,,,275.31008799999995,VALID,2.6235660000000003,VALID,Critical,CRITICAL_ALARM: Sensor data missing or invalid
2026-02-17 20:00:00+00:00,9.05,VALID,,,261.010104,VALID,2.582418,VALID,Critical,CRITICAL_ALARM: Sensor data missing or invalid
2026-02-17 21:00:00+00:00,9.1,VALID,,,249.96655199999998,VALID,2.549652,VALID,Critical,CRITICAL_ALARM: Sensor data missing or invalid
2026-02-17 22:00:00+00:00,9.2,VALID,,,244.303192,VALID,2.5328880000000003,VALID,Critical,CRITICAL_ALARM: Sensor data missing or invalid
2026-02-17 23:00:00+00:00,9.2,VALID,,,240.33884,VALID,2.520696,VALID,Critical,CRITICAL_ALARM: Sensor data missing or invalid
2026-02-18 00:00:00+00:00,9.125,VALID,,,238.85220800000002,VALID,2.516124,VALID,Critical,CRITICAL_ALARM: Sensor data missing or invalid
2026-02-18 01:00:00+00:00,9.025,VALID,,,245.931408,VALID,2.5374600000000003,VALID,Critical,CRITICAL_ALARM: Sensor data missing or invalid
2026-02-18 02:00:00+00:00,8.95,VALID,,,264.691288,VALID,2.593086,VALID,Critical,CRITICAL_ALARM: Sensor data missing or invalid
2026-02-18 03:00:00+00:00,8.9,VALID,,,289.964032,VALID,2.663952,VALID,Critical,CRITICAL_ALARM: Sensor data missing or invalid
2026-02-18 04:00:00+00:00,8.9,VALID,,,310.06896,VALID,2.717292,VALID,Critical,CRITICAL_ALARM: Sensor data missing or invalid
2026-02-18 05:00:00+00:00,9.0,VALID,,,322.81152,VALID,2.750058,VALID,Critical,CRITICAL_ALARM: Sensor data missing or invalid
2026-02-18 06:00:00+00:00,9.0,VALID,,,319.97983999999997,VALID,2.7439620000000002,VALID,Critical,CRITICAL_ALARM: Sensor data missing or invalid
2026-02-18 07:00:00+00:00,8.975,VALID,,,302.28184,VALID,2.6959560000000002,VALID,Critical,CRITICAL_ALARM: Sensor data missing or invalid
2026-02-18 08:00:00+00:00,8.875,VALID,,,277.079888,VALID,2.6289000000000002,VALID,Critical,CRITICAL_ALARM: Sensor data missing or invalid
2026-02-18 09:00:00+00:00,8.75,VALID,,,257.045752,VALID,2.5709880000000003,VALID,Critical,CRITICAL_ALARM: Sensor data missing or invalid
2026-02-18 10:00:00+00:00,8.649999999999999,VALID,,,243.099728,VALID,2.529078,VALID,Critical,CRITICAL_ALARM: Sensor data missing or invalid
2026-02-18 11:00:00+00:00,8.6,VALID,,,231.206672,VALID,2.492502,VALID,Critical,CRITICAL_ALARM: Sensor data missing or invalid
2026-02-18 12:00:00+00:00,8.5,VALID,,,223.13638400000002,VALID,2.466594,VALID,Critical,CRITICAL_ALARM: Sensor data missing or invalid
2026-02-18 13:00:00+00:00,8.5,VALID,,,218.39332,VALID,2.4513540000000003,VALID,Critical,CRITICAL_ALARM: Sensor data missing or invalid
2026-02-18 14:00:00+00:00,8.4,VALID,,,226.463608,VALID,2.477262,VALID,Critical,CRITICAL_ALARM: Sensor data missing or invalid
2026-02-18 15:00:00+00:00,8.375,VALID,,,249.47100799999998,VALID,2.548128,VALID,Critical,CRITICAL_ALARM: Sensor data missing or invalid
2026-02-18 16:00:00+00:00,8.3,VALID,,,280.548696,VALID,2.639568,VALID,Critical,CRITICAL_ALARM: Sensor data missing or invalid
2026-02-18 17:00:00+00:00,8.3,VALID,,,298.03432,VALID,2.687574,VALID,Critical,CRITICAL_ALARM: Sensor data missing or invalid
2026-02-18 18:00:00+00:00,8.3,VALID,,,292.37095999999997,VALID,2.670048,VALID,Critical,CRITICAL_ALARM: Sensor data missing or invalid
2026-02-18 19:00:00+00:00,8.3,VALID,,,275.805632,VALID,2.62509,VALID,Critical,CRITICAL_ALARM: Sensor data missing or invalid
2026-02-18 20:00:00+00:00,8.3,VALID,,,259.665056,VALID,2.578608,VALID,Critical,CRITICAL_ALARM: Sensor data missing or invalid
2026-02-18 21:00:00+00:00,8.3,VALID,,,248.83388,VALID,2.5466040000000003,VALID,Critical,CRITICAL_ALARM: Sensor data missing or invalid
2026-02-18 22:00:00+00:00,8.3,VALID,,,244.090816,VALID,2.532126,VALID,Critical,CRITICAL_ALARM: Sensor data missing or invalid
2026-02-18 23:00:00+00:00,8.350000000000001,VALID,,,241.40071999999998,VALID,2.5237439999999998,VALID,Critical,CRITICAL_ALARM: Sensor data missing or invalid
2026-02-19 00:00:00+00:00,8.4,VALID,,,239.914088,VALID,2.519172,VALID,Critical,CRITICAL_ALARM: Sensor data missing or invalid
2026-02-19 01:00:00+00:00,8.3,VALID,,,245.152696,VALID,2.535174,VALID,Critical,CRITICAL_ALARM: Sensor data missing or invalid
2026-02-19 02:00:00+00:00,8.3,VALID,,,263.84178399999996,VALID,2.5908,VALID,Critical,CRITICAL_ALARM: Sensor data missing or invalid
2026-02-19 03:00:00+00:00,8.3,VALID,,,290.388784,VALID,2.663952,VALID,Critical,CRITICAL_ALARM: Sensor data missing or invalid
2026-02-19 04:00:00+00:00,8.3,VALID,,,312.19272,VALID,2.723388,VALID,Critical,CRITICAL_ALARM: Sensor data missing or invalid
2026-02-19 05:00:00+00:00,8.25,VALID,,,324.93528,VALID,2.753868,VALID,Critical,CRITICAL_ALARM: Sensor data missing or invalid
2026-02-19 06:00:00+00:00,8.2,VALID,,,321.39567999999997,VALID,2.746248,VALID,Critical,CRITICAL_ALARM: Sensor data missing or invalid
2026-02-19 07:00:00+00:00,8.125,VALID,,,302.98976,VALID,2.6990040000000004,VALID,Critical,CRITICAL_ALARM: Sensor data missing or invalid
2026-02-19 08:00:00+00:00,8.025,VALID,,,278.56652,VALID,2.6319480000000004,VALID,Critical,CRITICAL_ALARM: Sensor data missing or invalid
2026-02-19 09:00:00+00:00,8.0,VALID,,,257.541296,VALID,2.572512,VALID,Critical,CRITICAL_ALARM: Sensor data missing or invalid
2026-02-19 10:00:00+00:00,8.0,VALID,,,240.622008,VALID,2.521458,VALID,Critical,CRITICAL_ALARM: Sensor data missing or invalid
2026-02-19 11:00:00+00:00,7.9,VALID,,,230.286376,VALID,2.4894540000000003,VALID,Critical,CRITICAL_ALARM: Sensor data missing or invalid
2026-02-19 12:00:00+00:00,7.9,VALID,,,223.844304,VALID,2.46888,VALID,Critical,CRITICAL_ALARM: Sensor data missing or invalid
2026-02-19 13:00:00+00:00,7.85,VALID,,,220.658664,VALID,2.4589740000000004,VALID,Critical,CRITICAL_ALARM: Sensor data missing or invalid
2026-02-19 14:00:00+00:00,7.8,VALID,,,227.667072,VALID,2.481072,VALID,Critical,CRITICAL_ALARM: Sensor data missing or invalid
2026-02-19 15:00:00+00:00,7.8,VALID,,,252.23189599999998,VALID,2.5565100000000003,VALID,Critical,CRITICAL_ALARM: Sensor data missing or invalid
2026-02-19 16:00:00+00:00,7.8,VALID,,,284.9378,VALID,2.650236,VALID,Critical,CRITICAL_ALARM: Sensor data missing or invalid
2026-02-19 17:00:00+00:00,7.825,VALID,,,300.15808,VALID,2.692908,VALID,Critical,CRITICAL_ALARM: Sensor data missing or invalid
2026-02-19 18:00:00+00:00,7.925000000000001,VALID,,,293.07888,VALID,2.673096,VALID,Critical,CRITICAL_ALARM: Sensor data missing or invalid
2026-02-19 19:00:00+00:00,8.0,VALID,,,276.65513599999997,VALID,2.627376,VALID,Critical,CRITICAL_ALARM: Sensor data missing or invalid
2026-02-19 20:00:00+00:00,8.125,VALID,,,260.939312,VALID,2.582418,VALID,Critical,CRITICAL_ALARM: Sensor data missing or invalid
2026-02-19 21:00:00+00:00,8.225,VALID,,,250.745264,VALID,2.5519380000000003,VALID,Critical,CRITICAL_ALARM: Sensor data missing or invalid
2026-02-19 22:00:00+00:00,8.325000000000001,VALID,,,244.58636,VALID,2.53365,VALID,Critical,CRITICAL_ALARM: Sensor data missing or invalid
2026-02-19 23:00:00+00:00,8.4,VALID,,,239.560128,VALID,2.51841,VALID,Critical,CRITICAL_ALARM: Sensor data missing or invalid
2026-02-20 00:00:00+00:00,8.325000000000001,VALID,,,237.57795199999998,VALID,2.512314,VALID,Critical,CRITICAL_ALARM: Sensor data missing or invalid
2026-02-20 01:00:00+00:00,8.3,VALID,,,245.081904,VALID,2.535174,VALID,Critical,CRITICAL_ALARM: Sensor data missing or invalid
2026-02-20 02:00:00+00:00,8.3,VALID,,,271.628904,VALID,2.612898,VALID,Critical,CRITICAL_ALARM: Sensor data missing or invalid
2026-02-20 03:00:00+00:00,8.4,VALID,,,301.57392,VALID,2.6951940000000003,VALID,Critical,CRITICAL_ALARM: Sensor data missing or invalid
2026-02-20 04:00:00+00:00,8.4,VALID,,,319.27192,VALID,2.7424380000000004,VALID,Critical,CRITICAL_ALARM: Sensor data missing or invalid
2026-02-20 05:00:00+00:00,8.475,VALID,,,327.76696,VALID,2.764536,VALID,Critical,CRITICAL_ALARM: Sensor data missing or invalid
2026-02-20 06:00:00+00:00,8.5,VALID,,,321.39567999999997,VALID,2.750058,VALID,Critical,CRITICAL_ALARM: Sensor data missing or invalid
2026-02-20 07:00:00+00:00,8.45,VALID,,,302.98976,VALID,2.698242,VALID,Critical,CRITICAL_ALARM: Sensor data missing or invalid
2026-02-20 08:00:00+00:00,8.4,VALID,,,275.805632,VALID,2.62509,VALID,Critical,CRITICAL_ALARM: Sensor data missing or invalid
2026-02-20 09:00:00+00:00,8.350000000000001,VALID,,,256.337832,VALID,2.568702,VALID,Critical,CRITICAL_ALARM: Sensor data missing or invalid
2026-02-20 10:00:00+00:00,8.3,VALID,,,241.117552,VALID,2.522982,VALID,Critical,CRITICAL_ALARM: Sensor data missing or invalid
2026-02-20 11:00:00+00:00,8.3,VALID,,,229.72003999999998,VALID,2.48793,VALID,Critical,CRITICAL_ALARM: Sensor data missing or invalid
2026-02-20 12:00:00+00:00,8.3,VALID,,,223.844304,VALID,2.4688800000000004,VALID,Critical,CRITICAL_ALARM: Sensor data missing or invalid
2026-02-20 13:00:00+00:00,8.2,VALID,,,220.233912,VALID,2.45745,VALID,Critical,CRITICAL_ALARM: Sensor data missing or invalid
2026-02-20 14:00:00+00:00,8.2,VALID,,,226.605192,VALID,2.478024,VALID,Critical,CRITICAL_ALARM: Sensor data missing or invalid
2026-02-20 15:00:00+00:00,8.2,VALID,,,250.46209599999997,VALID,2.5511760000000003,VALID,Critical,CRITICAL_ALARM: Sensor data missing or invalid
2026-02-20 16:00:00+00:00,8.2,VALID,,,281.256616,VALID,2.64033,VALID,Critical,CRITICAL_ALARM: Sensor data missing or invalid
2026-02-20 17:00:00+00:00,8.225,VALID,,,298.03432,VALID,2.685288,VALID,Critical,CRITICAL_ALARM: Sensor data missing or invalid
2026-02-20 18:00:00+00:00,8.325000000000001,VALID,,,292.37095999999997,VALID,2.6700480000000004,VALID,Critical,CRITICAL_ALARM: Sensor data missing or invalid
2026-02-20 19:00:00+00:00,8.4,VALID,,,276.44276,VALID,2.626614,VALID,Critical,CRITICAL_ALARM: Sensor data missing or invalid
2026-02-20 20:00:00+00:00,8.5,VALID,,,259.665056,VALID,2.578608,VALID,Critical,CRITICAL_ALARM: Sensor data missing or invalid
2026-02-20 21:00:00+00:00,8.55,VALID,,,247.842792,VALID,2.543556,VALID,Critical,CRITICAL_ALARM: Sensor data missing or invalid
2026-02-20 22:00:00+00:00,8.6,VALID,,,241.75468,VALID,2.525268,VALID,Critical,CRITICAL_ALARM: Sensor data missing or invalid
2026-02-20 23:00:00+00:00,8.6,VALID,,,238.852208,VALID,2.516124,VALID,Critical,CRITICAL_ALARM: Sensor data missing or invalid
2026-02-21 00:00:00+00:00,8.525,VALID,,,237.1532,VALID,2.51079,VALID,Critical,CRITICAL_ALARM: Sensor data missing or invalid
2026-02-21 01:00:00+00:00,8.425,VALID,,,242.81655999999998,VALID,2.5283160000000002,VALID,Critical,CRITICAL_ALARM: Sensor data missing or invalid
2026-02-21 02:00:00+00:00,8.325000000000001,VALID,,,263.133864,VALID,2.588514,VALID,Critical,CRITICAL_ALARM: Sensor data missing or invalid
2026-02-21 03:00:00+00:00,8.3,VALID,,,289.89324,VALID,2.66319,VALID,Critical,CRITICAL_ALARM: Sensor data missing or invalid
2026-02-21 04:00:00+00:00,8.3,VALID,,,312.19272,VALID,2.721864,VALID,Critical,CRITICAL_ALARM: Sensor data missing or invalid
2026-02-21 05:00:00+00:00,8.375,VALID,,,323.51944,VALID,2.751582,VALID,Critical,CRITICAL_ALARM: Sensor data missing or invalid
2026-02-21 06:00:00+00:00,8.4,VALID,,,321.39567999999997,VALID,2.746248,VALID,Critical,CRITICAL_ALARM: Sensor data missing or invalid
2026-02-21 07:00:00+00:00,8.350000000000001,VALID,,,302.28184,VALID,2.695194,VALID,Critical,CRITICAL_ALARM: Sensor data missing or invalid
2026-02-21 08:00:00+00:00,8.25,VALID,,,277.575432,VALID,2.629662,VALID,Critical,CRITICAL_ALARM: Sensor data missing or invalid
2026-02-21 09:00:00+00:00,8.2,VALID,,,256.054664,VALID,2.56794,VALID,Critical,CRITICAL_ALARM: Sensor data missing or invalid
2026-02-21 10:00:00+00:00,8.1,VALID,,,241.329928,VALID,2.523744,VALID,Critical,CRITICAL_ALARM: Sensor data missing or invalid
2026-02-21 11:00:00+00:00,8.05,VALID,,,230.286376,VALID,2.4894540000000003,VALID,Critical,CRITICAL_ALARM: Sensor data missing or invalid
2026-02-21 12:00:00+00:00,8.0,VALID,,,223.561136,VALID,2.468118,VALID,Critical,CRITICAL_ALARM: Sensor data missing or invalid
2026-02-21 13:00:00+00:00,8.0,VALID,,,220.021536,VALID,2.456688,VALID,Critical,CRITICAL_ALARM: Sensor data missing or invalid
2026-02-21 14:00:00+00:00,8.0,VALID,,,222.42846400000002,VALID,2.464308,VALID,Critical,CRITICAL_ALARM: Sensor data missing or invalid
2026-02-21 15:00:00+00:00,8.0,VALID,,,237.719536,VALID,2.512314,VALID,Critical,CRITICAL_ALARM: Sensor data missing or invalid
2026-02-21 16:00:00+00:00,8.0,VALID,,,260.23139199999997,VALID,2.580132,VALID,Critical,CRITICAL_ALARM: Sensor data missing or invalid
2026-02-21 17:00:00+00:00,8.0,VALID,,,270.42544,VALID,2.6098500000000002,VALID,Critical,CRITICAL_ALARM: Sensor data missing or invalid
2026-02-21 18:00:00+00:00,8.05,VALID,,,266.461088,VALID,2.59842,VALID,Critical,CRITICAL_ALARM: Sensor data missing or invalid
2026-02-21 19:00:00+00:00,8.174999999999999,VALID,,,256.054664,VALID,2.56794,VALID,Critical,CRITICAL_ALARM: Sensor data missing or invalid
2026-02-21 20:00:00+00:00,8.275,VALID,,,248.12596,VALID,2.544318,VALID,Critical,CRITICAL_ALARM: Sensor data missing or invalid
2026-02-21 21:00:00+00:00,8.4,VALID,,,242.533392,VALID,2.5275540000000003,VALID,Critical,CRITICAL_ALARM: Sensor data missing or invalid
2026-02-21 22:00:00+00:00,8.525,VALID,,,239.63092,VALID,2.5184100000000003,VALID,Critical,CRITICAL_ALARM: Sensor data missing or invalid
2026-02-21 23:00:00+00:00,8.6,VALID,,,237.86112,VALID,2.513076,VALID,Critical,CRITICAL_ALARM: Sensor data missing or invalid
2026-02-22 00:00:00+00:00,8.6,VALID,,,236.657656,VALID,2.509266,VALID,Critical,CRITICAL_ALARM: Sensor data missing or invalid
2026-02-22 01:00:00+00:00,8.525,VALID,,,238.356664,VALID,2.5146,VALID,Critical,CRITICAL_ALARM: Sensor data missing or invalid
2026-02-22 02:00:00+00:00,8.45,VALID,,,248.83388,VALID,2.5466040000000003,VALID,Critical,CRITICAL_ALARM: Sensor data missing or invalid
2026-02-22 03:00:00+00:00,8.45,VALID,,,270.567024,VALID,2.6098500000000002,VALID,Critical,CRITICAL_ALARM: Sensor data missing or invalid
2026-02-22 04:00:00+00:00,8.5,VALID,,,289.25611200000003,VALID,2.6624280000000002,VALID,Critical,CRITICAL_ALARM: Sensor data missing or invalid
2026-02-22 05:00:00+00:00,8.55,VALID,,,299.45016,VALID,2.692146,VALID,Critical,CRITICAL_ALARM: Sensor data missing or invalid
2026-02-22 06:00:00+00:00,8.6,VALID,,,295.91056,VALID,2.6814780000000003,VALID,Critical,CRITICAL_ALARM: Sensor data missing or invalid
2026-02-22 07:00:00+00:00,8.6,VALID,,,280.548696,VALID,2.6372820000000003,VALID,Critical,CRITICAL_ALARM: Sensor data missing or invalid
2026-02-22 08:00:00+00:00,8.5,VALID,,,259.169512,VALID,2.577084,VALID,Critical,CRITICAL_ALARM: Sensor data missing or invalid
2026-02-22 09:00:00+00:00,8.45,VALID,,,242.604184,VALID,2.5275540000000003,VALID,Critical,CRITICAL_ALARM: Sensor data missing or invalid
2026-02-22 10:00:00+00:00,8.4,VALID,,,230.994296,VALID,2.49174,VALID,Critical,CRITICAL_ALARM: Sensor data missing or invalid
2026-02-22 11:00:00+00:00,8.3,VALID,,,224.05668,VALID,2.469642,VALID,Critical,CRITICAL_ALARM: Sensor data missing or invalid
2026-02-22 12:00:00+00:00,8.3,VALID,,,220.233912,VALID,2.4574500000000006,VALID,Critical,CRITICAL_ALARM: Sensor data missing or invalid
2026-02-22 13:00:00+00:00,8.25,VALID,,,218.110152,VALID,2.450592,VALID,Critical,CRITICAL_ALARM: Sensor data missing or invalid
2026-02-22 14:00:00+00:00,8.2,VALID,,,221.012624,VALID,2.4597360000000004,VALID,Critical,CRITICAL_ALARM: Sensor data missing or invalid
2026-02-22 15:00:00+00:00,8.2,VALID,,,234.67548,VALID,2.50317,VALID,Critical,CRITICAL_ALARM: Sensor data missing or invalid
2026-02-22 16:00:00+00:00,8.2,VALID,,,255.48832799999997,VALID,2.5664160000000003,VALID,Critical,CRITICAL_ALARM: Sensor data missing or invalid
2026-02-22 17:00:00+00:00,8.2,VALID,,,263.629408,VALID,2.5900380000000003,VALID,Critical,CRITICAL_ALARM: Sensor data missing or invalid
2026-02-22 18:00:00+00:00,8.225,VALID,,,258.886344,VALID,2.5763220000000002,VALID,Critical,CRITICAL_ALARM: Sensor data missing or invalid
2026-02-22 19:00:00+00:00,8.350000000000001,VALID,,,250.95764,VALID,2.5527,VALID,Critical,CRITICAL_ALARM: Sensor data missing or invalid
2026-02-22 20:00:00+00:00,8.45,VALID,,,244.58636,VALID,2.53365,VALID,Critical,CRITICAL_ALARM: Sensor data missing or invalid
2026-02-22 21:00:00+00:00,8.55,VALID,,,240.622008,VALID,2.521458,VALID,Critical,CRITICAL_ALARM: Sensor data missing or invalid
2026-02-22 22:00:00+00:00,8.625,VALID,,,238.56904,VALID,2.515362,VALID,Critical,CRITICAL_ALARM: Sensor data missing or invalid
2026-02-22 23:00:00+00:00,8.7,VALID,,,237.082408,VALID,2.51079,VALID,Critical,CRITICAL_ALARM: Sensor data missing or invalid
2026-02-23 00:00:00+00:00,8.674999999999999,VALID,,,236.586864,VALID,2.509266,VALID,Critical,CRITICAL_ALARM: Sensor data missing or invalid
2026-02-23 01:00:00+00:00,8.6,VALID,,,242.81655999999998,VALID,2.5283160000000002,VALID,Critical,CRITICAL_ALARM: Sensor data missing or invalid
2026-02-23 02:00:00+00:00,8.6,VALID,,,258.10763199999997,VALID,2.5740360000000004,VALID,Critical,CRITICAL_ALARM: Sensor data missing or invalid
2026-02-23 03:00:00+00:00,8.6,VALID,,,273.752664,VALID,2.618994,VALID,Critical,CRITICAL_ALARM: Sensor data missing or invalid
2026-02-23 04:00:00+00:00,8.625,VALID,,,283.309584,VALID,2.6471880000000003,VALID,Critical,CRITICAL_ALARM: Sensor data missing or invalid
2026-02-23 05:00:00+00:00,8.725,VALID,,,288.83136,VALID,2.6601420000000005,VALID,Critical,CRITICAL_ALARM: Sensor data missing or invalid
2026-02-23 06:00:00+00:00,8.8,VALID,,,283.734336,VALID,2.6471880000000003,VALID,Critical,CRITICAL_ALARM: Sensor data missing or invalid
2026-02-23 07:00:00+00:00,8.8,VALID,,,270.283856,VALID,2.609088,VALID,Critical,CRITICAL_ALARM: Sensor data missing or invalid
2026-02-23 08:00:00+00:00,8.8,VALID,,,252.939816,VALID,2.558796,VALID,Critical,CRITICAL_ALARM: Sensor data missing or invalid
2026-02-23 09:00:00+00:00,8.725,VALID,,,238.56904,VALID,2.515362,VALID,Critical,CRITICAL_ALARM: Sensor data missing or invalid
2026-02-23 10:00:00+00:00,8.649999999999999,VALID,,,228.587368,VALID,2.48412,VALID,Critical,CRITICAL_ALARM: Sensor data missing or invalid
2026-02-23 11:00:00+00:00,8.6,VALID,,,222.357672,VALID,2.464308,VALID,Critical,CRITICAL_ALARM: Sensor data missing or invalid
2026-02-23 12:00:00+00:00,8.525,VALID,,,219.525992,VALID,2.4551640000000003,VALID,Critical,CRITICAL_ALARM: Sensor data missing or invalid
2026-02-23 13:00:00+00:00,8.5,VALID,,,217.61460799999998,VALID,2.4490679999999996,VALID,Critical,CRITICAL_ALARM: Sensor data missing or invalid
2026-02-23 14:00:00+00:00,8.4,VALID,,,225.260144,VALID,2.473452,VALID,Critical,CRITICAL_ALARM: Sensor data missing or invalid
2026-02-23 15:00:00+00:00,8.4,VALID,,,251.028432,VALID,2.5527,VALID,Critical,CRITICAL_ALARM: Sensor data missing or invalid
2026-02-23 16:00:00+00:00,8.4,VALID,,,283.451168,VALID,2.645664,VALID,Critical,CRITICAL_ALARM: Sensor data missing or invalid
2026-02-23 17:00:00+00:00,8.4,VALID,,,298.74224,VALID,2.688336,VALID,Critical,CRITICAL_ALARM: Sensor data missing or invalid
2026-02-23 18:00:00+00:00,8.45,VALID,,,293.07888,VALID,2.672334,VALID,Critical,CRITICAL_ALARM: Sensor data missing or invalid
2026-02-23 19:00:00+00:00,8.575,VALID,,,275.805632,VALID,2.62509,VALID,Critical,CRITICAL_ALARM: Sensor data missing or invalid
2026-02-23 20:00:00+00:00,8.674999999999999,VALID,,,260.443768,VALID,2.5808940000000002,VALID,Critical,CRITICAL_ALARM: Sensor data missing or invalid
2026-02-23 21:00:00+00:00,8.775,VALID,,,250.67447199999998,VALID,2.5519380000000003,VALID,Critical,CRITICAL_ALARM: Sensor data missing or invalid
2026-02-23 22:00:00+00:00,8.875,VALID,,,243.595272,VALID,2.530602,VALID,Critical,CRITICAL_ALARM: Sensor data missing or invalid
2026-02-23 23:00:00+00:00,8.9,VALID,,,239.347752,VALID,2.517648,VALID,Critical,CRITICAL_ALARM: Sensor data missing or invalid
2026-02-24 00:00:00+00:00,8.9,VALID,,,238.356664,VALID,2.5146,VALID,Critical,CRITICAL_ALARM: Sensor data missing or invalid
2026-02-24 01:00:00+00:00,8.9,VALID,,,244.798736,VALID,2.534412,VALID,Critical,CRITICAL_ALARM: Sensor data missing or invalid
2026-02-24 02:00:00+00:00,8.8,VALID,,,265.965544,VALID,2.596896,VALID,Critical,CRITICAL_ALARM: Sensor data missing or invalid
2026-02-24 03:00:00+00:00,8.8,VALID,,,292.087792,VALID,2.6700480000000004,VALID,Critical,CRITICAL_ALARM: Sensor data missing or invalid
2026-02-24 04:00:00+00:00,8.875,VALID,,,312.90064,VALID,2.725674,VALID,Critical,CRITICAL_ALARM: Sensor data missing or invalid
2026-02-24 05:00:00+00:00,8.975,VALID,,,323.51944,VALID,2.752344,VALID,Critical,CRITICAL_ALARM: Sensor data missing or invalid
2026-02-24 06:00:00+00:00,9.0,VALID,,,321.39567999999997,VALID,2.745486,VALID,Critical,CRITICAL_ALARM: Sensor data missing or invalid
2026-02-24 07:00:00+00:00,9.0,VALID,,,302.28184,VALID,2.694432,VALID,Critical,CRITICAL_ALARM: Sensor data missing or invalid
2026-02-24 08:00:00+00:00,9.0,VALID,,,277.079888,VALID,2.6289000000000002,VALID,Critical,CRITICAL_ALARM: Sensor data missing or invalid
2026-02-24 09:00:00+00:00,8.9,VALID,,,257.045752,VALID,2.5709880000000003,VALID,Critical,CRITICAL_ALARM: Sensor data missing or invalid
2026-02-24 10:00:00+00:00,8.850000000000001,VALID,,,243.099728,VALID,2.529078,VALID,Critical,CRITICAL_ALARM: Sensor data missing or invalid
2026-02-24 11:00:00+00:00,8.8,VALID,,,234.109144,VALID,2.501646,VALID,Critical,CRITICAL_ALARM: Sensor data missing or invalid
2026-02-24 12:00:00+00:00,8.725,VALID,,,229.082912,VALID,2.485644,VALID,Critical,CRITICAL_ALARM: Sensor data missing or invalid
2026-02-24 13:00:00+00:00,8.7,VALID,,,225.684896,VALID,2.474976,VALID,Critical,CRITICAL_ALARM: Sensor data missing or invalid
2026-02-24 14:00:00+00:00,8.6,VALID,,,232.764096,VALID,2.497074,VALID,Critical,CRITICAL_ALARM: Sensor data missing or invalid
2026-02-24 15:00:00+00:00,8.6,VALID,,,254.8512,VALID,2.56413,VALID,Critical,CRITICAL_ALARM: Sensor data missing or invalid
2026-02-24 16:00:00+00:00,8.6,VALID,,,285.22096799999997,VALID,2.6525220000000003,VALID,Critical,CRITICAL_ALARM: Sensor data missing or invalid
2026-02-24 17:00:00+00:00,8.6,VALID,,,299.45016,VALID,2.6898600000000004,VALID,Critical,CRITICAL_ALARM: Sensor data missing or invalid
2026-02-24 18:00:00+00:00,8.649999999999999,VALID,,,293.78679999999997,VALID,2.67462,VALID,Critical,CRITICAL_ALARM: Sensor data missing or invalid
2026-02-24 19:00:00+00:00,8.775,VALID,,,278.56651999999997,VALID,2.6334720000000003,VALID,Critical,CRITICAL_ALARM: Sensor data missing or invalid
2026-02-24 20:00:00+00:00,8.875,VALID,,,264.691288,VALID,2.593086,VALID,Critical,CRITICAL_ALARM: Sensor data missing or invalid
2026-02-24 21:00:00+00:00,9.0,VALID,,,256.550208,VALID,2.5694640000000004,VALID,Critical,CRITICAL_ALARM: Sensor data missing or invalid
2026-02-24 22:00:00+00:00,9.1,VALID,,,250.17892799999998,VALID,2.550414,VALID,Critical,CRITICAL_ALARM: Sensor data missing or invalid
2026-02-24 23:00:00+00:00,9.2,VALID,,,246.35616,VALID,2.538984,VALID,Critical,CRITICAL_ALARM: Sensor data missing or invalid
2026-02-25 00:00:00+00:00,9.2,VALID,,,243.099728,VALID,2.529078,VALID,Critical,CRITICAL_ALARM: Sensor data missing or invalid
2026-02-25 01:00:00+00:00,9.1,VALID,,,249.117048,VALID,2.5473660000000002,VALID,Critical,CRITICAL_ALARM: Sensor data missing or invalid
2026-02-25 02:00:00+00:00,9.075,VALID,,,270.00068799999997,VALID,2.608326,VALID,Critical,CRITICAL_ALARM: Sensor data missing or invalid
2026-02-25 03:00:00+00:00,9.075,VALID,,,296.61848,VALID,2.6799540000000004,VALID,Critical,CRITICAL_ALARM: Sensor data missing or invalid
2026-02-25 04:00:00+00:00,9.125,VALID,,,315.0244,VALID,2.73177,VALID,Critical,CRITICAL_ALARM: Sensor data missing or invalid
2026-02-25 05:00:00+00:00,9.2,VALID,,,324.93528,VALID,2.75463,VALID,Critical,CRITICAL_ALARM: Sensor data missing or invalid
2026-02-25 06:00:00+00:00,9.2,VALID,,,321.39567999999997,VALID,2.7477720000000003,VALID,Critical,CRITICAL_ALARM: Sensor data missing or invalid
2026-02-25 07:00:00+00:00,9.2,VALID,,,306.52936,VALID,2.70891,VALID,Critical,CRITICAL_ALARM: Sensor data missing or invalid
2026-02-25 08:00:00+00:00,9.1,VALID,,,285.079384,VALID,2.6502360000000005,VALID,Critical,CRITICAL_ALARM: Sensor data missing or invalid
2026-02-25 09:00:00+00:00,9.0,VALID,,,264.691288,VALID,2.593086,VALID,Critical,CRITICAL_ALARM: Sensor data missing or invalid
2026-02-25 10:00:00+00:00,8.925,VALID,,,248.338336,VALID,2.5450800000000005,VALID,Critical,CRITICAL_ALARM: Sensor data missing or invalid
2026-02-25 11:00:00+00:00,8.850000000000001,VALID,,,237.648744,VALID,2.512314,VALID,Critical,CRITICAL_ALARM: Sensor data missing or invalid
2026-02-25 12:00:00+00:00,8.8,VALID,,,231.48984000000002,VALID,2.493264,VALID,Critical,CRITICAL_ALARM: Sensor data missing or invalid
2026-02-25 13:00:00+00:00,8.8,VALID,,,228.091824,VALID,2.482596,VALID,Critical,CRITICAL_ALARM: Sensor data missing or invalid
2026-02-25 14:00:00+00:00,8.775,VALID,,,234.95864799999998,VALID,2.503932,VALID,Critical,CRITICAL_ALARM: Sensor data missing or invalid
2026-02-25 15:00:00+00:00,8.7,VALID,,,258.461592,VALID,2.5747980000000004,VALID,Critical,CRITICAL_ALARM: Sensor data missing or invalid
2026-02-25 16:00:00+00:00,8.7,VALID,,,288.194232,VALID,2.6601420000000005,VALID,Critical,CRITICAL_ALARM: Sensor data missing or invalid
2026-02-25 17:00:00+00:00,8.775,VALID,,,301.57392,VALID,2.6967179999999997,VALID,Critical,CRITICAL_ALARM: Sensor data missing or invalid
2026-02-25 18:00:00+00:00,8.825000000000001,VALID,,,297.3264,VALID,2.683002,VALID,Critical,CRITICAL_ALARM: Sensor data missing or invalid
2026-02-25 19:00:00+00:00,8.95,VALID,,,282.38928799999996,VALID,2.644902,VALID,Critical,CRITICAL_ALARM: Sensor data missing or invalid
2026-02-25 20:00:00+00:00,9.05,VALID,,,268.30168,VALID,2.6037540000000003,VALID,Critical,CRITICAL_ALARM: Sensor data missing or invalid
2026-02-25 21:00:00+00:00,9.1,VALID,,,257.824464,VALID,2.581656,VALID,Critical,CRITICAL_ALARM: Sensor data missing or invalid
2026-02-25 22:00:00+00:00,9.3,VALID,,,250.816056,VALID,,,Critical,CRITICAL_ALARM: Sensor data missing or invalid
2026-02-25 23:00:00+00:00,9.350000000000001,VALID,,,245.931408,VALID,,,Critical,CRITICAL_ALARM: Sensor data missing or invalid
2026-02-26 00:00:00+00:00,9.4,VALID,,,243.52447999999998,VALID,2.5306020000000005,VALID,Critical,CRITICAL_ALARM: Sensor data missing or invalid
2026-02-26 01:00:00+00:00,9.3,VALID,,,250.886848,VALID,2.5527,VALID,Critical,CRITICAL_ALARM: Sensor data missing or invalid
2026-02-26 02:00:00+00:00,9.3,VALID,,,271.062568,VALID,2.611374,VALID,Critical,CRITICAL_ALARM: Sensor data missing or invalid
2026-02-26 03:00:00+00:00,9.3,VALID,,,295.20264,VALID,2.67843,VALID,Critical,CRITICAL_ALARM: Sensor data missing or invalid
2026-02-26 04:00:00+00:00,9.3,VALID,,,313.60856,VALID,2.7271980000000005,VALID,Critical,CRITICAL_ALARM: Sensor data missing or invalid
2026-02-26 05:00:00+00:00,9.4,VALID,,,322.1036,VALID,2.750058,VALID,Critical,CRITICAL_ALARM: Sensor data missing or invalid
2026-02-26 06:00:00+00:00,9.4,VALID,,,318.56399999999996,VALID,2.742438,VALID,Critical,CRITICAL_ALARM: Sensor data missing or invalid
2026-02-26 07:00:00+00:00,9.325000000000001,VALID,,,305.11352,VALID,2.704338,VALID,Critical,CRITICAL_ALARM: Sensor data missing or invalid
2026-02-26 08:00:00+00:00,9.25,VALID,,,283.80512799999997,VALID,2.6479500000000002,VALID,Critical,CRITICAL_ALARM: Sensor data missing or invalid
2026-02-26 09:00:00+00:00,9.149999999999999,VALID,,,264.124952,VALID,2.591562,VALID,Critical,CRITICAL_ALARM: Sensor data missing or invalid
2026-02-26 10:00:00+00:00,9.075,VALID,,,247.84279199999997,VALID,2.543556,VALID,Critical,CRITICAL_ALARM: Sensor data missing or invalid
2026-02-26 11:00:00+00:00,9.0,VALID,,,236.586864,VALID,2.509266,VALID,Critical,CRITICAL_ALARM: Sensor data missing or invalid
2026-02-26 12:00:00+00:00,9.0,VALID,,,230.286376,VALID,2.4894540000000003,VALID,Critical,CRITICAL_ALARM: Sensor data missing or invalid
2026-02-26 13:00:00+00:00,8.95,VALID,,,227.59627999999998,VALID,2.481072,VALID,Critical,CRITICAL_ALARM: Sensor data missing or invalid
2026-02-26 14:00:00+00:00,8.9,VALID,,,235.878944,VALID,2.50698,VALID,Critical,CRITICAL_ALARM: Sensor data missing or invalid
2026-02-26 15:00:00+00:00,8.9,VALID,,,258.461592,VALID,2.5747980000000004,VALID,Critical,CRITICAL_ALARM: Sensor data missing or invalid
2026-02-26 16:00:00+00:00,8.9,VALID,,,285.787304,VALID,2.654046,VALID,Critical,CRITICAL_ALARM: Sensor data missing or invalid
2026-02-26 17:00:00+00:00,8.925,VALID,,,300.15808,VALID,2.692146,VALID,Critical,CRITICAL_ALARM: Sensor data missing or invalid
2026-02-26 18:00:00+00:00,9.0,VALID,,,295.91056,VALID,2.6791920000000005,VALID,Critical,CRITICAL_ALARM: Sensor data missing or invalid
2026-02-26 19:00:00+00:00,9.125,VALID,,,279.27444,VALID,2.634234,VALID,Critical,CRITICAL_ALARM: Sensor data missing or invalid
2026-02-26 20:00:00+00:00,9.25,VALID,,,262.99228,VALID,2.588514,VALID,Critical,CRITICAL_ALARM: Sensor data missing or invalid
2026-02-26 21:00:00+00:00,9.350000000000001,VALID,,,252.161104,VALID,2.5565100000000003,VALID,Critical,CRITICAL_ALARM: Sensor data missing or invalid
2026-02-26 22:00:00+00:00,9.45,VALID,,,245.081904,VALID,2.5351740000000005,VALID,Critical,CRITICAL_ALARM: Sensor data missing or invalid
2026-02-26 23:00:00+00:00,9.55,VALID,,,241.04675999999998,VALID,2.522982,VALID,Critical,CRITICAL_ALARM: Sensor data missing or invalid
2026-02-27 00:00:00+00:00,9.575,VALID,,,242.533392,VALID,2.5275540000000003,VALID,Critical,CRITICAL_ALARM: Sensor data missing or invalid
2026-02-27 01:00:00+00:00,9.5,VALID,,,248.12596,VALID,2.544318,VALID,Critical,CRITICAL_ALARM: Sensor data missing or invalid
2026-02-27 02:00:00+00:00,9.425,VALID,,,266.815048,VALID,2.5991820000000003,VALID,Critical,CRITICAL_ALARM: Sensor data missing or invalid
2026-02-27 03:00:00+00:00,9.4,VALID,,,293.07888,VALID,2.673858,VALID,Critical,CRITICAL_ALARM: Sensor data missing or invalid
2026-02-27 04:00:00+00:00,9.5,VALID,,,314.31648,VALID,2.7279600000000004,VALID,Critical,CRITICAL_ALARM: Sensor data missing or invalid
2026-02-27 05:00:00+00:00,9.575,VALID,,,324.93528,VALID,2.7576780000000003,VALID,Critical,CRITICAL_ALARM: Sensor data missing or invalid
2026-02-27 06:00:00+00:00,9.6,VALID,,,323.51944,VALID,2.7531060000000003,VALID,Critical,CRITICAL_ALARM: Sensor data missing or invalid
2026-02-27 07:00:00+00:00,9.55,VALID,,,308.65312,VALID,2.7150060000000003,VALID,Critical,CRITICAL_ALARM: Sensor data missing or invalid
2026-02-27 08:00:00+00:00,9.425,VALID,,,289.964032,VALID,2.66319,VALID,Critical,CRITICAL_ALARM: Sensor data missing or invalid
2026-02-27 09:00:00+00:00,9.3,VALID,,,270.283856,VALID,2.6090880000000003,VALID,Critical,CRITICAL_ALARM: Sensor data missing or invalid
2026-02-27 10:00:00+00:00,9.2,VALID,,,253.506152,VALID,2.5603200000000004,VALID,Critical,CRITICAL_ALARM: Sensor data missing or invalid
2026-02-27 11:00:00+00:00,9.125,VALID,,,240.622008,VALID,2.521458,VALID,Critical,CRITICAL_ALARM: Sensor data missing or invalid
2026-02-27 12:00:00+00:00,9.075,VALID,,,232.693304,VALID,2.497074,VALID,Critical,CRITICAL_ALARM: Sensor data missing or invalid
2026-02-27 13:00:00+00:00,9.0,VALID,,,228.587368,VALID,2.4841200000000003,VALID,Critical,CRITICAL_ALARM: Sensor data missing or invalid
2026-02-27 14:00:00+00:00,9.0,VALID,,,234.746272,VALID,2.50317,VALID,Critical,CRITICAL_ALARM: Sensor data missing or invalid
2026-02-27 15:00:00+00:00,9.0,VALID,,,257.116544,VALID,2.5709880000000003,VALID,Critical,CRITICAL_ALARM: Sensor data missing or invalid
2026-02-27 16:00:00+00:00,9.1,VALID,,,285.22096799999997,VALID,2.650998,VALID,Critical,CRITICAL_ALARM: Sensor data missing or invalid
2026-02-27 17:00:00+00:00,9.1,VALID,,,301.57392,VALID,2.695194,VALID,Critical,CRITICAL_ALARM: Sensor data missing or invalid
2026-02-27 18:00:00+00:00,9.149999999999999,VALID,,,302.98976,VALID,2.69748,VALID,Critical,CRITICAL_ALARM: Sensor data missing or invalid
2026-02-27 19:00:00+00:00,9.225,VALID,,,293.07888,VALID,2.6715720000000003,VALID,Critical,CRITICAL_ALARM: Sensor data missing or invalid
2026-02-27 20:00:00+00:00,9.325000000000001,VALID,,,276.371968,VALID,2.626614,VALID,Critical,CRITICAL_ALARM: Sensor data missing or invalid
2026-02-27 21:00:00+00:00,9.425,VALID,,,262.071984,VALID,2.5854660000000003,VALID,Critical,CRITICAL_ALARM: Sensor data missing or invalid
2026-02-27 22:00:00+00:00,9.525,VALID,,,253.222984,VALID,2.559558,VALID,Critical,CRITICAL_ALARM: Sensor data missing or invalid
2026-02-27 23:00:00+00:00,9.6,VALID,,,247.134872,VALID,2.5412700000000004,VALID,Critical,CRITICAL_ALARM: Sensor data missing or invalid
2026-02-28 00:00:00+00:00,9.6,VALID,,,244.58636,VALID,2.53365,VALID,Critical,CRITICAL_ALARM: Sensor data missing or invalid
2026-02-28 01:00:00+00:00,9.575,VALID,,,250.46209599999997,VALID,2.5511760000000003,VALID,Critical,CRITICAL_ALARM: Sensor data missing or invalid
2026-02-28 02:00:00+00:00,9.5,VALID,,,267.027424,VALID,2.599944,VALID,Critical,CRITICAL_ALARM: Sensor data missing or invalid
2026-02-28 03:00:00+00:00,9.5,VALID,,,290.95511999999997,VALID,2.6662380000000003,VALID,Critical,CRITICAL_ALARM: Sensor data missing or invalid
2026-02-28 04:00:00+00:00,9.525,VALID,,,311.4848,VALID,2.721102,VALID,Critical,CRITICAL_ALARM: Sensor data missing or invalid
2026-02-28 05:00:00+00:00,9.6,VALID,,,322.1036,VALID,2.749296,VALID,Critical,CRITICAL_ALARM: Sensor data missing or invalid
2026-02-28 06:00:00+00:00,9.6,VALID,,,319.97983999999997,VALID,2.7432000000000003,VALID,Critical,CRITICAL_ALARM: Sensor data missing or invalid
2026-02-28 07:00:00+00:00,9.6,VALID,,,304.4056,VALID,2.702814,VALID,Critical,CRITICAL_ALARM: Sensor data missing or invalid
2026-02-28 08:00:00+00:00,9.475,VALID,,,280.548696,VALID,2.639568,VALID,Critical,CRITICAL_ALARM: Sensor data missing or invalid
2026-02-28 09:00:00+00:00,9.375,VALID,,,259.948224,VALID,2.57937,VALID,Critical,CRITICAL_ALARM: Sensor data missing or invalid
2026-02-28 10:00:00+00:00,9.275,VALID,,,244.090816,VALID,2.532126,VALID,Critical,CRITICAL_ALARM: Sensor data missing or invalid
2026-02-28 11:00:00+00:00,9.2,VALID,,,234.887856,VALID,2.5039320000000003,VALID,Critical,CRITICAL_ALARM: Sensor data missing or invalid
2026-02-28 12:00:00+00:00,9.174999999999999,VALID,,,229.01211999999998,VALID,2.485644,VALID,Critical,CRITICAL_ALARM: Sensor data missing or invalid
2026-02-28 13:00:00+00:00,9.1,VALID,,,225.684896,VALID,2.474976,VALID,Critical,CRITICAL_ALARM: Sensor data missing or invalid
2026-02-28 14:00:00+00:00,9.1,VALID,,,224.05668,VALID,2.4696420000000003,VALID,Critical,CRITICAL_ALARM: Sensor data missing or invalid
2026-02-28 15:00:00+00:00,9.1,VALID,,,231.48984000000002,VALID,2.493264,VALID,Critical,CRITICAL_ALARM: Sensor data missing or invalid
2026-02-28 16:00:00+00:00,9.1,VALID,,,250.17892799999998,VALID,2.550414,VALID,Critical,CRITICAL_ALARM: Sensor data missing or invalid
2026-02-28 17:00:00+00:00,9.1,VALID,,,267.806136,VALID,2.60223,VALID,Critical,CRITICAL_ALARM: Sensor data missing or invalid
2026-02-28 18:00:00+00:00,9.125,VALID,,,273.25712,VALID,2.61747,VALID,Critical,CRITICAL_ALARM: Sensor data missing or invalid
2026-02-28 19:00:00+00:00,9.2,VALID,,,267.027424,VALID,2.599944,VALID,Critical,CRITICAL_ALARM: Sensor data missing or invalid
2026-02-28 20:00:00+00:00,9.275,VALID,,,256.550208,VALID,2.569464,VALID,Critical,CRITICAL_ALARM: Sensor data missing or invalid
2026-02-28 21:00:00+00:00,9.375,VALID,,,248.12596,VALID,2.544318,VALID,Critical,CRITICAL_ALARM: Sensor data missing or invalid
2026-02-28 22:00:00+00:00,9.475,VALID,,,243.241312,VALID,2.52984,VALID,Critical,CRITICAL_ALARM: Sensor data missing or invalid
2026-02-28 23:00:00+00:00,9.55,VALID,,,241.329928,VALID,2.5237439999999998,VALID,Critical,CRITICAL_ALARM: Sensor data missing or invalid
2026-03-01 00:00:00+00:00,9.6,VALID,,,239.560128,VALID,2.51841,VALID,Critical,CRITICAL_ALARM: Sensor data missing or invalid
2026-03-01 01:00:00+00:00,9.6,VALID,,,240.055672,VALID,2.519934,VALID,Critical,CRITICAL_ALARM: Sensor data missing or invalid
2026-03-01 02:00:00+00:00,9.5,VALID,,,246.35616,VALID,2.538984,VALID,Critical,CRITICAL_ALARM: Sensor data missing or invalid
2026-03-01 03:00:00+00:00,9.5,VALID,,,259.665056,VALID,2.578608,VALID,Critical,CRITICAL_ALARM: Sensor data missing or invalid
2026-03-01 04:00:00+00:00,9.5,VALID,,,273.96504,VALID,2.619756,VALID,Critical,CRITICAL_ALARM: Sensor data missing or invalid
2026-03-01 05:00:00+00:00,9.575,VALID,,,287.41552,VALID,2.658618,VALID,Critical,CRITICAL_ALARM: Sensor data missing or invalid
2026-03-01 06:00:00+00:00,9.6,VALID,,,296.61848,VALID,2.68224,VALID,Critical,CRITICAL_ALARM: Sensor data missing or invalid
2026-03-01 07:00:00+00:00,9.575,VALID,,,292.37095999999997,VALID,2.669286,VALID,Critical,CRITICAL_ALARM: Sensor data missing or invalid
2026-03-01 08:00:00+00:00,9.5,VALID,,,275.947216,VALID,2.62509,VALID,Critical,CRITICAL_ALARM: Sensor data missing or invalid
2026-03-01 09:00:00+00:00,9.425,VALID,,,250.745264,VALID,2.5519380000000003,VALID,Critical,CRITICAL_ALARM: Sensor data missing or invalid
2026-03-01 10:00:00+00:00,9.350000000000001,VALID,,,223.34876,VALID,2.467356,VALID,Critical,CRITICAL_ALARM: Sensor data missing or invalid
2026-03-01 11:00:00+00:00,9.3,VALID,,,199.845816,VALID,2.389632,VALID,Critical,CRITICAL_ALARM: Sensor data missing or invalid
2026-03-01 12:00:00+00:00,9.2,VALID,,,183.422072,VALID,2.332482,VALID,Critical,CRITICAL_ALARM: Sensor data missing or invalid
2026-03-01 13:00:00+00:00,9.2,VALID,,,173.511192,VALID,2.295906,VALID,Critical,CRITICAL_ALARM: Sensor data missing or invalid
2026-03-01 14:00:00+00:00,9.149999999999999,VALID,,,176.20128799999998,VALID,2.305812,VALID,Critical,CRITICAL_ALARM: Sensor data missing or invalid
2026-03-01 15:00:00+00:00,9.1,VALID,,,194.25324799999999,VALID,2.370582,VALID,Critical,CRITICAL_ALARM: Sensor data missing or invalid
2026-03-01 16:00:00+00:00,9.1,VALID,,,215.844808,VALID,2.442972,VALID,Critical,CRITICAL_ALARM: Sensor data missing or invalid
2026-03-01 17:00:00+00:00,9.1,VALID,,,229.507664,VALID,2.487168,VALID,Critical,CRITICAL_ALARM: Sensor data missing or invalid
2026-03-01 18:00:00+00:00,9.174999999999999,VALID,,,236.586864,VALID,2.509266,VALID,Critical,CRITICAL_ALARM: Sensor data missing or invalid
2026-03-01 19:00:00+00:00,9.325000000000001,VALID,,,237.86112,VALID,2.513076,VALID,Critical,CRITICAL_ALARM: Sensor data missing or invalid
2026-03-01 20:00:00+00:00,9.425,VALID,,,236.657656,VALID,2.509266,VALID,Critical,CRITICAL_ALARM: Sensor data missing or invalid
2026-03-01 21:00:00+00:00,9.575,VALID,,,236.586864,VALID,2.509266,VALID,Critical,CRITICAL_ALARM: Sensor data missing or invalid
2026-03-01 22:00:00+00:00,9.7,VALID,,,235.171024,VALID,2.504694,VALID,Critical,CRITICAL_ALARM: Sensor data missing or invalid
2026-03-01 23:00:00+00:00,9.8,VALID,,,235.10023199999998,VALID,2.504694,VALID,Critical,CRITICAL_ALARM: Sensor data missing or invalid
2026-03-02 00:00:00+00:00,9.8,VALID,,,235.3834,VALID,2.505456,VALID,Critical,CRITICAL_ALARM: Sensor data missing or invalid
2026-03-02 01:00:00+00:00,9.75,VALID,,,237.365576,VALID,2.511552,VALID,Critical,CRITICAL_ALARM: Sensor data missing or invalid
2026-03-02 02:00:00+00:00,9.7,VALID,,,241.61309599999998,VALID,2.524506,VALID,Critical,CRITICAL_ALARM: Sensor data missing or invalid
2026-03-02 03:00:00+00:00,9.7,VALID,,,244.798736,VALID,2.5344120000000006,VALID,Critical,CRITICAL_ALARM: Sensor data missing or invalid
2026-03-02 04:00:00+00:00,9.7,VALID,,,247.630416,VALID,2.542794,VALID,Critical,CRITICAL_ALARM: Sensor data missing or invalid
2026-03-02 05:00:00+00:00,9.7,VALID,,,248.338336,VALID,2.54508,VALID,Critical,CRITICAL_ALARM: Sensor data missing or invalid
2026-03-02 06:00:00+00:00,9.8,VALID,,,246.072992,VALID,2.538222,VALID,Critical,CRITICAL_ALARM: Sensor data missing or invalid
2026-03-02 07:00:00+00:00,9.8,VALID,,,238.356664,VALID,2.5146,VALID,Critical,CRITICAL_ALARM: Sensor data missing or invalid
2026-03-02 08:00:00+00:00,9.7,VALID,,,225.260144,VALID,2.473452,VALID,Critical,CRITICAL_ALARM: Sensor data missing or invalid
2026-03-02 09:00:00+00:00,9.625,VALID,,,206.35868,VALID,2.4117300000000004,VALID,Critical,CRITICAL_ALARM: Sensor data missing or invalid
2026-03-02 10:00:00+00:00,9.55,VALID,,,189.439392,VALID,2.3538180000000004,VALID,Critical,CRITICAL_ALARM: Sensor data missing or invalid
2026-03-02 11:00:00+00:00,9.425,VALID,,,177.829504,VALID,2.311908,VALID,Critical,CRITICAL_ALARM: Sensor data missing or invalid
2026-03-02 12:00:00+00:00,9.350000000000001,VALID,,,170.25476,VALID,2.283714,VALID,Critical,CRITICAL_ALARM: Sensor data missing or invalid
2026-03-02 13:00:00+00:00,9.275,VALID,,,165.72407199999998,VALID,2.2669500000000005,VALID,Critical,CRITICAL_ALARM: Sensor data missing or invalid
2026-03-02 14:00:00+00:00,9.2,VALID,,,170.891888,VALID,2.286,VALID,Critical,CRITICAL_ALARM: Sensor data missing or invalid
2026-03-02 15:00:00+00:00,9.2,VALID,,,192.341864,VALID,2.3637240000000004,VALID,Critical,CRITICAL_ALARM: Sensor data missing or invalid
2026-03-02 16:00:00+00:00,9.149999999999999,VALID,,,214.35817600000001,VALID,2.4384,VALID,Critical,CRITICAL_ALARM: Sensor data missing or invalid
2026-03-02 17:00:00+00:00,9.149999999999999,VALID,,,229.01211999999998,VALID,2.485644,VALID,Critical,CRITICAL_ALARM: Sensor data missing or invalid
2026-03-02 18:00:00+00:00,9.2,VALID,,,234.817064,VALID,2.503932,VALID,Critical,CRITICAL_ALARM: Sensor data missing or invalid
2026-03-02 19:00:00+00:00,9.2,VALID,,,237.365576,VALID,2.511552,VALID,Critical,CRITICAL_ALARM: Sensor data missing or invalid
2026-03-02 20:00:00+00:00,9.350000000000001,VALID,,,237.294784,VALID,2.511552,VALID,Critical,CRITICAL_ALARM: Sensor data missing or invalid
2026-03-02 21:00:00+00:00,9.425,VALID,,,236.87003199999998,VALID,2.510028,VALID,Critical,CRITICAL_ALARM: Sensor data missing or invalid
2026-03-02 22:00:00+00:00,9.525,VALID,,,235.3834,VALID,2.505456,VALID,Critical,CRITICAL_ALARM: Sensor data missing or invalid
2026-03-02 23:00:00+00:00,9.6,VALID,,,235.66656799999998,VALID,2.5062180000000005,VALID,Critical,CRITICAL_ALARM: Sensor data missing or invalid
2026-03-03 00:00:00+00:00,9.649999999999999,VALID,,,234.392312,VALID,2.502408,VALID,Critical,CRITICAL_ALARM: Sensor data missing or invalid
2026-03-03 01:00:00+00:00,9.7,VALID,,,235.10023199999998,VALID,2.504694,VALID,Critical,CRITICAL_ALARM: Sensor data missing or invalid
2026-03-03 02:00:00+00:00,9.674999999999999,VALID,,,237.86112,VALID,2.513076,VALID,Critical,CRITICAL_ALARM: Sensor data missing or invalid
2026-03-03 03:00:00+00:00,9.6,VALID,,,242.81655999999998,VALID,2.5283160000000002,VALID,Critical,CRITICAL_ALARM: Sensor data missing or invalid
2026-03-03 04:00:00+00:00,9.6,VALID,,,245.577448,VALID,2.5366980000000003,VALID,Critical,CRITICAL_ALARM: Sensor data missing or invalid
2026-03-03 05:00:00+00:00,9.625,VALID,,,248.904672,VALID,2.5466040000000003,VALID,Critical,CRITICAL_ALARM: Sensor data missing or invalid
2026-03-03 06:00:00+00:00,9.674999999999999,VALID,,,248.692296,VALID,2.5458420000000004,VALID,Critical,CRITICAL_ALARM: Sensor data missing or invalid
2026-03-03 07:00:00+00:00,9.6,VALID,,,243.807648,VALID,2.531364,VALID,Critical,CRITICAL_ALARM: Sensor data missing or invalid
2026-03-03 08:00:00+00:00,9.6,VALID,,,230.994296,VALID,2.49174,VALID,Critical,CRITICAL_ALARM: Sensor data missing or invalid
2026-03-03 09:00:00+00:00,9.525,VALID,,,211.31412,VALID,2.428494,VALID,Critical,CRITICAL_ALARM: Sensor data missing or invalid
2026-03-03 10:00:00+00:00,9.425,VALID,,,192.271072,VALID,2.3637240000000004,VALID,Critical,CRITICAL_ALARM: Sensor data missing or invalid
2026-03-03 11:00:00+00:00,9.350000000000001,VALID,,,179.245344,VALID,2.3172420000000002,VALID,Critical,CRITICAL_ALARM: Sensor data missing or invalid
2026-03-03 12:00:00+00:00,9.25,VALID,,,171.458224,VALID,2.2882860000000003,VALID,Critical,CRITICAL_ALARM: Sensor data missing or invalid
2026-03-03 13:00:00+00:00,9.2,VALID,,,166.785952,VALID,2.27076,VALID,Critical,CRITICAL_ALARM: Sensor data missing or invalid
2026-03-03 14:00:00+00:00,9.1,VALID,,,171.529016,VALID,2.2882860000000003,VALID,Critical,CRITICAL_ALARM: Sensor data missing or invalid
2026-03-03 15:00:00+00:00,9.075,VALID,,,190.642856,VALID,2.357628,VALID,Critical,CRITICAL_ALARM: Sensor data missing or invalid
2026-03-03 16:00:00+00:00,9.0,VALID,,,212.800752,VALID,2.433066,VALID,Critical,CRITICAL_ALARM: Sensor data missing or invalid
2026-03-03 17:00:00+00:00,9.0,VALID,,,229.578456,VALID,2.4871680000000005,VALID,Critical,CRITICAL_ALARM: Sensor data missing or invalid
2026-03-03 18:00:00+00:00,9.075,VALID,,,237.082408,VALID,2.51079,VALID,Critical,CRITICAL_ALARM: Sensor data missing or invalid
2026-03-03 19:00:00+00:00,9.2,VALID,,,239.560128,VALID,2.51841,VALID,Critical,CRITICAL_ALARM: Sensor data missing or invalid
2026-03-03 20:00:00+00:00,9.25,VALID,,,239.064584,VALID,2.516886,VALID,Critical,CRITICAL_ALARM: Sensor data missing or invalid
2026-03-03 21:00:00+00:00,9.350000000000001,VALID,,,238.073496,VALID,2.513838,VALID,Critical,CRITICAL_ALARM: Sensor data missing or invalid
2026-03-03 22:00:00+00:00,9.4,VALID,,,236.79924,VALID,2.510028,VALID,Critical,CRITICAL_ALARM: Sensor data missing or invalid
2026-03-03 23:00:00+00:00,9.5,VALID,,,235.66656799999998,VALID,2.5062180000000005,VALID,Critical,CRITICAL_ALARM: Sensor data missing or invalid
2026-03-04 00:00:00+00:00,9.5,VALID,,,236.44528,VALID,2.5085040000000003,VALID,Critical,CRITICAL_ALARM: Sensor data missing or invalid
2026-03-04 01:00:00+00:00,9.4,VALID,,,238.356664,VALID,2.5146,VALID,Critical,CRITICAL_ALARM: Sensor data missing or invalid
2026-03-04 02:00:00+00:00,9.4,VALID,,,242.321016,VALID,2.5267920000000004,VALID,Critical,CRITICAL_ALARM: Sensor data missing or invalid
2026-03-04 03:00:00+00:00,9.4,VALID,,,247.134872,VALID,2.5412700000000004,VALID,Critical,CRITICAL_ALARM: Sensor data missing or invalid
2026-03-04 04:00:00+00:00,9.4,VALID,,,249.89576,VALID,2.549652,VALID,Critical,CRITICAL_ALARM: Sensor data missing or invalid
2026-03-04 05:00:00+00:00,9.4,VALID,,,251.594768,VALID,2.5549860000000004,VALID,Critical,CRITICAL_ALARM: Sensor data missing or invalid
2026-03-04 06:00:00+00:00,9.4,VALID,,,252.302688,VALID,2.557272,VALID,Critical,CRITICAL_ALARM: Sensor data missing or invalid
2026-03-04 07:00:00+00:00,9.4,VALID,,,248.83388,VALID,2.5466040000000003,VALID,Critical,CRITICAL_ALARM: Sensor data missing or invalid
2026-03-04 08:00:00+00:00,9.350000000000001,VALID,,,235.3834,VALID,2.505456,VALID,Critical,CRITICAL_ALARM: Sensor data missing or invalid
2026-03-04 09:00:00+00:00,9.25,VALID,,,214.428968,VALID,2.4384,VALID,Critical,CRITICAL_ALARM: Sensor data missing or invalid
2026-03-04 10:00:00+00:00,9.2,VALID,,,195.598296,VALID,2.375154,VALID,Critical,CRITICAL_ALARM: Sensor data missing or invalid
2026-03-04 11:00:00+00:00,9.1,VALID,,,181.93544,VALID,2.327148,VALID,Critical,CRITICAL_ALARM: Sensor data missing or invalid
2026-03-04 12:00:00+00:00,9.05,VALID,,,173.08643999999998,VALID,2.294382,VALID,Critical,CRITICAL_ALARM: Sensor data missing or invalid
2026-03-04 13:00:00+00:00,9.0,VALID,,,168.272584,VALID,2.276094,VALID,Critical,CRITICAL_ALARM: Sensor data missing or invalid
2026-03-04 14:00:00+00:00,9.0,VALID,,,173.935944,VALID,2.2974300000000003,VALID,Critical,CRITICAL_ALARM: Sensor data missing or invalid
2026-03-04 15:00:00+00:00,8.9,VALID,,,194.040872,VALID,2.3698200000000003,VALID,Critical,CRITICAL_ALARM: Sensor data missing or invalid
2026-03-04 16:00:00+00:00,8.9,VALID,,,215.278472,VALID,2.4414480000000003,VALID,Critical,CRITICAL_ALARM: Sensor data missing or invalid
2026-03-04 17:00:00+00:00,8.9,VALID,,,230.78192,VALID,2.490978,VALID,Critical,CRITICAL_ALARM: Sensor data missing or invalid
2026-03-04 18:00:00+00:00,8.95,VALID,,,238.852208,VALID,2.516124,VALID,Critical,CRITICAL_ALARM: Sensor data missing or invalid
2026-03-04 19:00:00+00:00,9.075,VALID,,,241.04675999999998,VALID,2.522982,VALID,Critical,CRITICAL_ALARM: Sensor data missing or invalid
2026-03-04 20:00:00+00:00,9.2,VALID,,,239.064584,VALID,2.516886,VALID,Critical,CRITICAL_ALARM: Sensor data missing or invalid
2026-03-04 21:00:00+00:00,9.3,VALID,,,237.86112,VALID,2.513076,VALID,Critical,CRITICAL_ALARM: Sensor data missing or invalid
2026-03-04 22:00:00+00:00,9.4,VALID,,,237.082408,VALID,2.51079,VALID,Critical,CRITICAL_ALARM: Sensor data missing or invalid
2026-03-04 23:00:00+00:00,9.5,VALID,,,236.16211199999998,VALID,2.5077420000000004,VALID,Critical,CRITICAL_ALARM: Sensor data missing or invalid
2026-03-05 00:00:00+00:00,9.5,VALID,,,236.16211199999998,VALID,2.5077420000000004,VALID,Critical,CRITICAL_ALARM: Sensor data missing or invalid
2026-03-05 01:00:00+00:00,9.5,VALID,,,238.639832,VALID,2.515362,VALID,Critical,CRITICAL_ALARM: Sensor data missing or invalid
2026-03-05 02:00:00+00:00,9.4,VALID,,,243.595272,VALID,2.530602,VALID,Critical,CRITICAL_ALARM: Sensor data missing or invalid
2026-03-05 03:00:00+00:00,9.4,VALID,,,249.683384,VALID,2.54889,VALID,Critical,CRITICAL_ALARM: Sensor data missing or invalid
2026-03-05 04:00:00+00:00,9.425,VALID,,,252.37348,VALID,2.557272,VALID,Critical,CRITICAL_ALARM: Sensor data missing or invalid
2026-03-05 05:00:00+00:00,9.5,VALID,,,252.869024,VALID,2.558796,VALID,Critical,CRITICAL_ALARM: Sensor data missing or invalid
2026-03-05 06:00:00+00:00,9.6,VALID,,,252.302688,VALID,2.557272,VALID,Critical,CRITICAL_ALARM: Sensor data missing or invalid
2026-03-05 07:00:00+00:00,9.6,VALID,,,248.338336,VALID,2.54508,VALID,Critical,CRITICAL_ALARM: Sensor data missing or invalid
2026-03-05 08:00:00+00:00,9.575,VALID,,,235.3834,VALID,2.505456,VALID,Critical,CRITICAL_ALARM: Sensor data missing or invalid
2026-03-05 09:00:00+00:00,9.475,VALID,,,214.216592,VALID,2.4376379999999997,VALID,Critical,CRITICAL_ALARM: Sensor data missing or invalid
2026-03-05 10:00:00+00:00,9.375,VALID,,,196.023048,VALID,2.376678,VALID,Critical,CRITICAL_ALARM: Sensor data missing or invalid
2026-03-05 11:00:00+00:00,9.3,VALID,,,181.51068800000002,VALID,2.325624,VALID,Critical,CRITICAL_ALARM: Sensor data missing or invalid
2026-03-05 12:00:00+00:00,9.2,VALID,,,172.23693600000001,VALID,2.291334,VALID,Critical,CRITICAL_ALARM: Sensor data missing or invalid
2026-03-05 13:00:00+00:00,9.2,VALID,,,167.847832,VALID,2.27457,VALID,Critical,CRITICAL_ALARM: Sensor data missing or invalid
2026-03-05 14:00:00+00:00,9.1,VALID,,,172.874064,VALID,2.29362,VALID,Critical,CRITICAL_ALARM: Sensor data missing or invalid
2026-03-05 15:00:00+00:00,9.1,VALID,,,193.828496,VALID,2.3690580000000003,VALID,Critical,CRITICAL_ALARM: Sensor data missing or invalid
2026-03-05 16:00:00+00:00,9.1,VALID,,,214.641344,VALID,2.439162,VALID,Critical,CRITICAL_ALARM: Sensor data missing or invalid
2026-03-05 17:00:00+00:00,9.1,VALID,,,225.47252,VALID,2.474214,VALID,Critical,CRITICAL_ALARM: Sensor data missing or invalid
2026-03-05 18:00:00+00:00,9.2,VALID,,,232.90568,VALID,2.497836,VALID,Critical,CRITICAL_ALARM: Sensor data missing or invalid
2026-03-05 19:00:00+00:00,9.275,VALID,,,235.66656799999998,VALID,2.5062180000000005,VALID,Critical,CRITICAL_ALARM: Sensor data missing or invalid
2026-03-05 20:00:00+00:00,9.4,VALID,,,236.87003199999998,VALID,2.510028,VALID,Critical,CRITICAL_ALARM: Sensor data missing or invalid
2026-03-05 21:00:00+00:00,9.5,VALID,,,236.87003199999998,VALID,2.510028,VALID,Critical,CRITICAL_ALARM: Sensor data missing or invalid
2026-03-05 22:00:00+00:00,9.6,VALID,,,231.914592,VALID,2.494788,VALID,Critical,CRITICAL_ALARM: Sensor data missing or invalid
2026-03-05 23:00:00+00:00,9.6,VALID,,,232.480928,VALID,2.496312,VALID,Critical,CRITICAL_ALARM: Sensor data missing or invalid
2026-03-06 00:00:00+00:00,9.6,VALID,,,234.179936,VALID,2.501646,VALID,Critical,CRITICAL_ALARM: Sensor data missing or invalid
2026-03-06 01:00:00+00:00,9.525,VALID,,,235.171024,VALID,2.504694,VALID,Critical,CRITICAL_ALARM: Sensor data missing or invalid
2026-03-06 02:00:00+00:00,9.45,VALID,,,237.082408,VALID,2.51079,VALID,Critical,CRITICAL_ALARM: Sensor data missing or invalid
2026-03-06 03:00:00+00:00,9.4,VALID,,,242.321016,VALID,2.526792,VALID,Critical,CRITICAL_ALARM: Sensor data missing or invalid
2026-03-06 04:00:00+00:00,9.4,VALID,,,245.29428000000001,VALID,2.5359360000000004,VALID,Critical,CRITICAL_ALARM: Sensor data missing or invalid
2026-03-06 05:00:00+00:00,9.45,VALID,,,250.17892799999998,VALID,2.550414,VALID,Critical,CRITICAL_ALARM: Sensor data missing or invalid
2026-03-06 06:00:00+00:00,9.5,VALID,,,249.400216,VALID,2.548128,VALID,Critical,CRITICAL_ALARM: Sensor data missing or invalid
2026-03-06 07:00:00+00:00,9.575,VALID,,,245.577448,VALID,2.5366980000000003,VALID,Critical,CRITICAL_ALARM: Sensor data missing or invalid
2026-03-06 08:00:00+00:00,9.525,VALID,,,234.887856,VALID,2.503932,VALID,Critical,CRITICAL_ALARM: Sensor data missing or invalid
2026-03-06 09:00:00+00:00,9.45,VALID,,,214.428968,VALID,2.4384,VALID,Critical,CRITICAL_ALARM: Sensor data missing or invalid
2026-03-06 10:00:00+00:00,9.3,VALID,,,196.023048,VALID,2.376678,VALID,Critical,CRITICAL_ALARM: Sensor data missing or invalid
2026-03-06 11:00:00+00:00,9.149999999999999,VALID,,,181.369104,VALID,2.3248620000000004,VALID,Critical,CRITICAL_ALARM: Sensor data missing or invalid
2026-03-06 12:00:00+00:00,9.025,VALID,,,173.08643999999998,VALID,2.294382,VALID,Critical,CRITICAL_ALARM: Sensor data missing or invalid
2026-03-06 13:00:00+00:00,8.925,VALID,,,167.635456,VALID,2.2738080000000003,VALID,Critical,CRITICAL_ALARM: Sensor data missing or invalid
2026-03-06 14:00:00+00:00,8.825000000000001,VALID,,,173.511192,VALID,2.295906,VALID,Critical,CRITICAL_ALARM: Sensor data missing or invalid
2026-03-06 15:00:00+00:00,8.8,VALID,,,192.978992,VALID,2.36601,VALID,Critical,CRITICAL_ALARM: Sensor data missing or invalid
2026-03-06 16:00:00+00:00,8.8,VALID,,,214.35817600000001,VALID,2.4384,VALID,Critical,CRITICAL_ALARM: Sensor data missing or invalid
2026-03-06 17:00:00+00:00,8.8,VALID,,,232.056176,VALID,2.4947880000000002,VALID,Critical,CRITICAL_ALARM: Sensor data missing or invalid
2026-03-06 18:00:00+00:00,8.850000000000001,VALID,,,239.63092,VALID,2.5184100000000003,VALID,Critical,CRITICAL_ALARM: Sensor data missing or invalid
2026-03-06 19:00:00+00:00,8.975,VALID,,,241.04675999999998,VALID,2.522982,VALID,Critical,CRITICAL_ALARM: Sensor data missing or invalid
2026-03-06 20:00:00+00:00,9.05,VALID,,,239.347752,VALID,2.517648,VALID,Critical,CRITICAL_ALARM: Sensor data missing or invalid
2026-03-06 21:00:00+00:00,9.125,VALID,,,236.586864,VALID,2.509266,VALID,Critical,CRITICAL_ALARM: Sensor data missing or invalid
2026-03-06 22:00:00+00:00,9.2,VALID,,,237.648744,VALID,2.512314,VALID,Critical,CRITICAL_ALARM: Sensor data missing or invalid
2026-03-06 23:00:00+00:00,9.2,VALID,,,237.86112,VALID,2.513076,VALID,Critical,CRITICAL_ALARM: Sensor data missing or invalid
2026-03-07 00:00:00+00:00,9.2,VALID,,,236.87003199999998,VALID,2.510028,VALID,Critical,CRITICAL_ALARM: Sensor data missing or invalid
2026-03-07 01:00:00+00:00,9.174999999999999,VALID,,,236.657656,VALID,2.509266,VALID,Critical,CRITICAL_ALARM: Sensor data missing or invalid
2026-03-07 02:00:00+00:00,9.1,VALID,,,240.055672,VALID,2.519934,VALID,Critical,CRITICAL_ALARM: Sensor data missing or invalid
2026-03-07 03:00:00+00:00,9.1,VALID,,,245.081904,VALID,2.535174,VALID,Critical,CRITICAL_ALARM: Sensor data missing or invalid
2026-03-07 04:00:00+00:00,9.1,VALID,,,249.400216,VALID,2.548128,VALID,Critical,CRITICAL_ALARM: Sensor data missing or invalid
2026-03-07 05:00:00+00:00,9.149999999999999,VALID,,,250.391304,VALID,2.551176,VALID,Critical,CRITICAL_ALARM: Sensor data missing or invalid
2026-03-07 06:00:00+00:00,9.2,VALID,,,250.46209599999997,VALID,2.5511760000000003,VALID,Critical,CRITICAL_ALARM: Sensor data missing or invalid
2026-03-07 07:00:00+00:00,9.225,VALID,,,248.338336,VALID,2.54508,VALID,Critical,CRITICAL_ALARM: Sensor data missing or invalid
2026-03-07 08:00:00+00:00,9.2,VALID,,,235.454192,VALID,2.505456,VALID,Critical,CRITICAL_ALARM: Sensor data missing or invalid
2026-03-07 09:00:00+00:00,9.125,VALID,,,216.765104,VALID,2.4460200000000003,VALID,Critical,CRITICAL_ALARM: Sensor data missing or invalid
2026-03-07 10:00:00+00:00,9.05,VALID,,,197.368096,VALID,2.38125,VALID,Critical,CRITICAL_ALARM: Sensor data missing or invalid
2026-03-07 11:00:00+00:00,9.0,VALID,,,182.572568,VALID,2.329434,VALID,Critical,CRITICAL_ALARM: Sensor data missing or invalid
2026-03-07 12:00:00+00:00,8.95,VALID,,,173.511192,VALID,2.295906,VALID,Critical,CRITICAL_ALARM: Sensor data missing or invalid
2026-03-07 13:00:00+00:00,8.9,VALID,,,168.48496,VALID,2.2768560000000004,VALID,Critical,CRITICAL_ALARM: Sensor data missing or invalid
2026-03-07 14:00:00+00:00,8.825000000000001,VALID,,,173.298816,VALID,2.295144,VALID,Critical,CRITICAL_ALARM: Sensor data missing or invalid
2026-03-07 15:00:00+00:00,8.8,VALID,,,193.191368,VALID,2.366772,VALID,Critical,CRITICAL_ALARM: Sensor data missing or invalid
2026-03-07 16:00:00+00:00,8.8,VALID,,,215.349264,VALID,2.4414480000000003,VALID,Critical,CRITICAL_ALARM: Sensor data missing or invalid
2026-03-07 17:00:00+00:00,8.8,VALID,,,230.286376,VALID,2.4894540000000003,VALID,Critical,CRITICAL_ALARM: Sensor data missing or invalid
2026-03-07 18:00:00+00:00,8.825000000000001,VALID,,,237.790328,VALID,2.513076,VALID,Critical,CRITICAL_ALARM: Sensor data missing or invalid
2026-03-07 19:00:00+00:00,8.95,VALID,,,239.418544,VALID,2.5176480000000003,VALID,Critical,CRITICAL_ALARM: Sensor data missing or invalid
2026-03-07 20:00:00+00:00,9.1,VALID,,,237.86112,VALID,2.513076,VALID,Critical,CRITICAL_ALARM: Sensor data missing or invalid
2026-03-07 21:00:00+00:00,9.225,VALID,,,237.57795199999998,VALID,2.512314,VALID,Critical,CRITICAL_ALARM: Sensor data missing or invalid
2026-03-07 22:00:00+00:00,9.375,VALID,,,237.082408,VALID,2.51079,VALID,Critical,CRITICAL_ALARM: Sensor data missing or invalid
2026-03-07 23:00:00+00:00,9.475,VALID,,,236.87003199999998,VALID,2.510028,VALID,Critical,CRITICAL_ALARM: Sensor data missing or invalid
2026-03-08 00:00:00+00:00,9.5,VALID,,,236.09132,VALID,2.507742,VALID,Critical,CRITICAL_ALARM: Sensor data missing or invalid
2026-03-08 01:00:00+00:00,9.5,VALID,,,237.86112,VALID,2.513076,VALID,Critical,CRITICAL_ALARM: Sensor data missing or invalid
2026-03-08 02:00:00+00:00,9.5,VALID,,,242.81655999999998,VALID,2.5283160000000002,VALID,Critical,CRITICAL_ALARM: Sensor data missing or invalid
2026-03-08 03:00:00+00:00,9.5,VALID,,,246.85170399999998,VALID,2.540508,VALID,Critical,CRITICAL_ALARM: Sensor data missing or invalid
2026-03-08 04:00:00+00:00,9.5,VALID,,,249.89576,VALID,2.549652,VALID,Critical,CRITICAL_ALARM: Sensor data missing or invalid
2026-03-08 05:00:00+00:00,9.5,VALID,,,251.453184,VALID,2.5542240000000005,VALID,Critical,CRITICAL_ALARM: Sensor data missing or invalid
2026-03-08 06:00:00+00:00,9.575,VALID,,,247.842792,VALID,2.543556,VALID,Critical,CRITICAL_ALARM: Sensor data missing or invalid
2026-03-08 07:00:00+00:00,9.6,VALID,,,241.117552,VALID,2.522982,VALID,Critical,CRITICAL_ALARM: Sensor data missing or invalid
2026-03-08 08:00:00+00:00,9.525,VALID,,,227.59628,VALID,2.481072,VALID,Critical,CRITICAL_ALARM: Sensor data missing or invalid
2026-03-08 09:00:00+00:00,9.5,VALID,,,209.048776,VALID,2.420874,VALID,Critical,CRITICAL_ALARM: Sensor data missing or invalid
2026-03-08 10:00:00+00:00,9.4,VALID,,,192.058696,VALID,2.3629620000000005,VALID,Critical,CRITICAL_ALARM: Sensor data missing or invalid
2026-03-08 11:00:00+00:00,9.375,VALID,,,179.45772,VALID,2.318004,VALID,Critical,CRITICAL_ALARM: Sensor data missing or invalid
2026-03-08 12:00:00+00:00,9.3,VALID,,,171.67059999999998,VALID,2.289048,VALID,Critical,CRITICAL_ALARM: Sensor data missing or invalid
2026-03-08 13:00:00+00:00,9.3,VALID,,,167.42308,VALID,2.273046,VALID,Critical,CRITICAL_ALARM: Sensor data missing or invalid
2026-03-08 14:00:00+00:00,9.2,VALID,,,172.661688,VALID,2.2928580000000003,VALID,Critical,CRITICAL_ALARM: Sensor data missing or invalid
2026-03-08 15:00:00+00:00,9.2,VALID,,,193.191368,VALID,2.366772,VALID,Critical,CRITICAL_ALARM: Sensor data missing or invalid
2026-03-08 16:00:00+00:00,9.2,VALID,,,216.481936,VALID,2.445258,VALID,Critical,CRITICAL_ALARM: Sensor data missing or invalid
2026-03-08 17:00:00+00:00,9.2,VALID,,,232.480928,VALID,2.496312,VALID,Critical,CRITICAL_ALARM: Sensor data missing or invalid
2026-03-08 18:00:00+00:00,9.3,VALID,,,239.914088,VALID,2.519172,VALID,Critical,CRITICAL_ALARM: Sensor data missing or invalid
2026-03-08 19:00:00+00:00,9.475,VALID,,,241.04675999999998,VALID,2.522982,VALID,Critical,CRITICAL_ALARM: Sensor data missing or invalid
2026-03-08 20:00:00+00:00,9.625,VALID,,,239.914088,VALID,2.519172,VALID,Critical,CRITICAL_ALARM: Sensor data missing or invalid
2026-03-08 21:00:00+00:00,9.75,VALID,,,237.57795199999998,VALID,2.512314,VALID,Critical,CRITICAL_ALARM: Sensor data missing or invalid
2026-03-08 22:00:00+00:00,9.875,VALID,,,237.082408,VALID,2.51079,VALID,Critical,CRITICAL_ALARM: Sensor data missing or invalid
2026-03-08 23:00:00+00:00,9.975,VALID,,,236.16211199999998,VALID,2.5077420000000004,VALID,Critical,CRITICAL_ALARM: Sensor data missing or invalid
2026-03-09 00:00:00+00:00,10.0,VALID,,,235.595776,VALID,2.506218,VALID,Critical,CRITICAL_ALARM: Sensor data missing or invalid
2026-03-09 01:00:00+00:00,9.95,VALID,,,235.595776,VALID,2.506218,VALID,Critical,CRITICAL_ALARM: Sensor data missing or invalid
2026-03-09 02:00:00+00:00,9.9,VALID,,,237.86112,VALID,2.513076,VALID,Critical,CRITICAL_ALARM: Sensor data missing or invalid
2026-03-09 03:00:00+00:00,9.9,VALID,,,242.81655999999998,VALID,2.5283160000000002,VALID,Critical,CRITICAL_ALARM: Sensor data missing or invalid
2026-03-09 04:00:00+00:00,9.9,VALID,,,247.06408,VALID,2.54127,VALID,Critical,CRITICAL_ALARM: Sensor data missing or invalid
2026-03-09 05:00:00+00:00,9.9,VALID,,,250.95764,VALID,2.5527000000000006,VALID,Critical,CRITICAL_ALARM: Sensor data missing or invalid
2026-03-09 06:00:00+00:00,10.0,VALID,,,248.83388,VALID,2.546604,VALID,Critical,CRITICAL_ALARM: Sensor data missing or invalid
2026-03-09 07:00:00+00:00,9.925,VALID,,,241.542304,VALID,2.524506,VALID,Critical,CRITICAL_ALARM: Sensor data missing or invalid
2026-03-09 08:00:00+00:00,9.850000000000001,VALID,,,227.59628,VALID,2.481072,VALID,Critical,CRITICAL_ALARM: Sensor data missing or invalid
2026-03-09 09:00:00+00:00,9.75,VALID,,,209.119568,VALID,2.420874,VALID,Critical,CRITICAL_ALARM: Sensor data missing or invalid
2026-03-09 10:00:00+00:00,9.625,VALID,,,192.271072,VALID,2.3637240000000004,VALID,Critical,CRITICAL_ALARM: Sensor data missing or invalid
2026-03-09 11:00:00+00:00,9.475,VALID,,,180.094848,VALID,2.32029,VALID,Critical,CRITICAL_ALARM: Sensor data missing or invalid
2026-03-09 12:00:00+00:00,9.375,VALID,,,172.095352,VALID,2.290572,VALID,Critical,CRITICAL_ALARM: Sensor data missing or invalid
2026-03-09 13:00:00+00:00,9.275,VALID,,,168.060208,VALID,2.275332,VALID,Critical,CRITICAL_ALARM: Sensor data missing or invalid
2026-03-09 14:00:00+00:00,9.2,VALID,,,173.298816,VALID,2.295144,VALID,Critical,CRITICAL_ALARM: Sensor data missing or invalid
2026-03-09 15:00:00+00:00,9.125,VALID,,,194.961168,VALID,2.372868,VALID,Critical,CRITICAL_ALARM: Sensor data missing or invalid
2026-03-09 16:00:00+00:00,9.1,VALID,,,218.180944,VALID,2.450592,VALID,Critical,CRITICAL_ALARM: Sensor data missing or invalid
2026-03-09 17:00:00+00:00,9.125,VALID,,,234.95864799999998,VALID,2.5039320000000003,VALID,Critical,CRITICAL_ALARM: Sensor data missing or invalid
2026-03-09 18:00:00+00:00,9.225,VALID,,,242.533392,VALID,2.5275540000000003,VALID,Critical,CRITICAL_ALARM: Sensor data missing or invalid
2026-03-09 19:00:00+00:00,9.366666666666667,VALID,,,243.028936,VALID,2.529078,VALID,Critical,CRITICAL_ALARM: Sensor data missing or invalid
2026-03-09 20:00:00+00:00,9.525,VALID,,,242.321016,VALID,2.526792,VALID,Critical,CRITICAL_ALARM: Sensor data missing or invalid
2026-03-09 21:00:00+00:00,9.674999999999999,VALID,,,240.622008,VALID,2.521458,VALID,Critical,CRITICAL_ALARM: Sensor data missing or invalid
2026-03-09 22:00:00+00:00,9.825000000000001,VALID,,,238.85220800000002,VALID,2.516124,VALID,Critical,CRITICAL_ALARM: Sensor data missing or invalid
2026-03-09 23:00:00+00:00,9.95,VALID,,,237.57795199999998,VALID,2.512314,VALID,Critical,CRITICAL_ALARM: Sensor data missing or invalid
2026-03-10 00:00:00+00:00,10.0,VALID,,,237.294784,VALID,2.511552,VALID,Critical,CRITICAL_ALARM: Sensor data missing or invalid
2026-03-10 01:00:00+00:00,9.925,VALID,,,238.28587199999998,VALID,2.5145999999999997,VALID,Critical,CRITICAL_ALARM: Sensor data missing or invalid
2026-03-10 02:00:00+00:00,9.9,VALID,,,242.604184,VALID,2.5275540000000003,VALID,Critical,CRITICAL_ALARM: Sensor data missing or invalid
2026-03-10 03:00:00+00:00,9.9,VALID,,,247.630416,VALID,2.542794,VALID,Critical,CRITICAL_ALARM: Sensor data missing or invalid
2026-03-10 04:00:00+00:00,9.9,VALID,,,250.17892799999998,VALID,2.5504140000000004,VALID,Critical,CRITICAL_ALARM: Sensor data missing or invalid
2026-03-10 05:00:00+00:00,9.925,VALID,,,252.58585599999998,VALID,2.558034,VALID,Critical,CRITICAL_ALARM: Sensor data missing or invalid
2026-03-10 06:00:00+00:00,10.0,VALID,,,254.284864,VALID,2.562606,VALID,Critical,CRITICAL_ALARM: Sensor data missing or invalid
2026-03-10 07:00:00+00:00,9.95,VALID,,,250.67447199999998,VALID,2.5519380000000003,VALID,Critical,CRITICAL_ALARM: Sensor data missing or invalid
2026-03-10 08:00:00+00:00,9.875,VALID,,,237.1532,VALID,2.51079,VALID,Critical,CRITICAL_ALARM: Sensor data missing or invalid
2026-03-10 09:00:00+00:00,9.775,VALID,,,216.057184,VALID,2.443734,VALID,Critical,CRITICAL_ALARM: Sensor data missing or invalid
2026-03-10 10:00:00+00:00,9.649999999999999,VALID,,,197.368096,VALID,2.38125,VALID,Critical,CRITICAL_ALARM: Sensor data missing or invalid
2026-03-10 11:00:00+00:00,9.575,VALID,,,184.483952,VALID,2.3362920000000003,VALID,Critical,CRITICAL_ALARM: Sensor data missing or invalid
2026-03-10 12:00:00+00:00,9.475,VALID,,,175.56416000000002,VALID,2.303526,VALID,Critical,CRITICAL_ALARM: Sensor data missing or invalid
2026-03-10 13:00:00+00:00,9.4,VALID,,,171.387432,VALID,2.2882860000000003,VALID,Critical,CRITICAL_ALARM: Sensor data missing or invalid
2026-03-10 14:00:00+00:00,9.375,VALID,,,176.130496,VALID,2.305812,VALID,Critical,CRITICAL_ALARM: Sensor data missing or invalid
2026-03-10 15:00:00+00:00,9.3,VALID,,,196.09384,VALID,2.376678,VALID,Critical,CRITICAL_ALARM: Sensor data missing or invalid
2026-03-10 16:00:00+00:00,9.3,VALID,,,217.897776,VALID,2.44983,VALID,Critical,CRITICAL_ALARM: Sensor data missing or invalid
2026-03-10 17:00:00+00:00,9.375,VALID,,,233.96756,VALID,2.500884,VALID,Critical,CRITICAL_ALARM: Sensor data missing or invalid
2026-03-10 18:00:00+00:00,9.45,VALID,,,240.834384,VALID,2.52222,VALID,Critical,CRITICAL_ALARM: Sensor data missing or invalid
2026-03-10 19:00:00+00:00,9.575,VALID,,,242.81655999999998,VALID,2.5283160000000002,VALID,Critical,CRITICAL_ALARM: Sensor data missing or invalid
2026-03-10 20:00:00+00:00,9.75,VALID,,,241.329928,VALID,2.5237439999999998,VALID,Critical,CRITICAL_ALARM: Sensor data missing or invalid
2026-03-10 21:00:00+00:00,9.850000000000001,VALID,,,238.56904,VALID,2.515362,VALID,Critical,CRITICAL_ALARM: Sensor data missing or invalid
2026-03-10 22:00:00+00:00,10.0,VALID,,,237.365576,VALID,2.511552,VALID,Critical,CRITICAL_ALARM: Sensor data missing or invalid
2026-03-10 23:00:00+00:00,10.1,VALID,,,237.57795199999998,VALID,2.512314,VALID,Critical,CRITICAL_ALARM: Sensor data missing or invalid
2026-03-11 00:00:00+00:00,10.1,VALID,,,237.082408,VALID,2.51079,VALID,Critical,CRITICAL_ALARM: Sensor data missing or invalid
2026-03-11 01:00:00+00:00,10.1,VALID,,,238.356664,VALID,2.5146,VALID,Critical,CRITICAL_ALARM: Sensor data missing or invalid
2026-03-11 02:00:00+00:00,10.1,VALID,,,241.896264,VALID,2.525268,VALID,Critical,CRITICAL_ALARM: Sensor data missing or invalid
2026-03-11 03:00:00+00:00,10.1,VALID,,,246.072992,VALID,2.538222,VALID,Critical,CRITICAL_ALARM: Sensor data missing or invalid
2026-03-11 04:00:00+00:00,10.1,VALID,,,251.170016,VALID,2.553462,VALID,Critical,CRITICAL_ALARM: Sensor data missing or invalid
2026-03-11 05:00:00+00:00,10.2,VALID,,,253.15219199999999,VALID,2.559558,VALID,Critical,CRITICAL_ALARM: Sensor data missing or invalid
2026-03-11 06:00:00+00:00,10.2,VALID,,,251.382392,VALID,2.554224,VALID,Critical,CRITICAL_ALARM: Sensor data missing or invalid
2026-03-11 07:00:00+00:00,10.2,VALID,,,244.58636,VALID,2.53365,VALID,Critical,CRITICAL_ALARM: Sensor data missing or invalid
2026-03-11 08:00:00+00:00,10.1,VALID,,,239.064584,VALID,2.516886,VALID,Critical,CRITICAL_ALARM: Sensor data missing or invalid
2026-03-11 09:00:00+00:00,10.0,VALID,,,227.383904,VALID,2.4803100000000002,VALID,Critical,CRITICAL_ALARM: Sensor data missing or invalid
2026-03-11 10:00:00+00:00,9.95,VALID,,,207.986896,VALID,2.417064,VALID,Critical,CRITICAL_ALARM: Sensor data missing or invalid
2026-03-11 11:00:00+00:00,9.875,VALID,,,192.271072,VALID,2.3637240000000004,VALID,Critical,CRITICAL_ALARM: Sensor data missing or invalid
2026-03-11 12:00:00+00:00,9.8,VALID,,,178.254256,VALID,2.313432,VALID,Critical,CRITICAL_ALARM: Sensor data missing or invalid
2026-03-11 13:00:00+00:00,9.775,VALID,,,173.935944,VALID,2.29743,VALID,Critical,CRITICAL_ALARM: Sensor data missing or invalid
2026-03-11 14:00:00+00:00,9.7,VALID,,,176.767624,VALID,2.308098,VALID,Critical,CRITICAL_ALARM: Sensor data missing or invalid
2026-03-11 15:00:00+00:00,9.674999999999999,VALID,,,193.26216,VALID,2.366772,VALID,Critical,CRITICAL_ALARM: Sensor data missing or invalid
2026-03-11 16:00:00+00:00,9.6,VALID,,,215.986392,VALID,2.443734,VALID,Critical,CRITICAL_ALARM: Sensor data missing or invalid
2026-03-11 17:00:00+00:00,9.6,VALID,,,231.773008,VALID,2.494026,VALID,Critical,CRITICAL_ALARM: Sensor data missing or invalid
2026-03-11 18:00:00+00:00,9.6,VALID,,,239.064584,VALID,2.516886,VALID,Critical,CRITICAL_ALARM: Sensor data missing or invalid
2026-03-11 19:00:00+00:00,9.7,VALID,,,241.825472,VALID,2.525268,VALID,Critical,CRITICAL_ALARM: Sensor data missing or invalid
2026-03-11 20:00:00+00:00,9.775,VALID,,,240.834384,VALID,2.52222,VALID,Critical,CRITICAL_ALARM: Sensor data missing or invalid
2026-03-11 21:00:00+00:00,9.850000000000001,VALID,,,240.409632,VALID,2.520696,VALID,Critical,CRITICAL_ALARM: Sensor data missing or invalid
2026-03-11 22:00:00+00:00,9.9,VALID,,,240.55121599999998,VALID,2.521458,VALID,Critical,CRITICAL_ALARM: Sensor data missing or invalid
2026-03-11 23:00:00+00:00,10.0,VALID,,,239.347752,VALID,2.517648,VALID,Critical,CRITICAL_ALARM: Sensor data missing or invalid
2026-03-12 00:00:00+00:00,10.0,VALID,,,239.347752,VALID,2.517648,VALID,Critical,CRITICAL_ALARM: Sensor data missing or invalid
2026-03-12 01:00:00+00:00,9.925,VALID,,,239.347752,VALID,2.517648,VALID,Critical,CRITICAL_ALARM: Sensor data missing or invalid
2026-03-12 02:00:00+00:00,9.9,VALID,,,246.922496,VALID,2.540508,VALID,Critical,CRITICAL_ALARM: Sensor data missing or invalid
2026-03-12 03:00:00+00:00,9.9,VALID,,,255.842288,VALID,2.567178,VALID,Critical,CRITICAL_ALARM: Sensor data missing or invalid
2026-03-12 04:00:00+00:00,9.9,VALID,,,262.779904,VALID,2.587752,VALID,Critical,CRITICAL_ALARM: Sensor data missing or invalid
2026-03-12 05:00:00+00:00,9.9,VALID,,,260.231392,VALID,2.5801320000000003,VALID,Critical,CRITICAL_ALARM: Sensor data missing or invalid
2026-03-12 06:00:00+00:00,10.0,VALID,,,256.833376,VALID,2.570226,VALID,Critical,CRITICAL_ALARM: Sensor data missing or invalid
2026-03-12 07:00:00+00:00,9.975,VALID,,,250.17892799999998,VALID,2.550414,VALID,Critical,CRITICAL_ALARM: Sensor data missing or invalid
2026-03-12 08:00:00+00:00,9.875,VALID,,,232.480928,VALID,2.496312,VALID,Critical,CRITICAL_ALARM: Sensor data missing or invalid
2026-03-12 09:00:00+00:00,9.775,VALID,,,208.48244,VALID,2.4185879999999997,VALID,Critical,CRITICAL_ALARM: Sensor data missing or invalid
2026-03-12 10:00:00+00:00,9.649999999999999,VALID,,,189.934936,VALID,2.3553420000000003,VALID,Critical,CRITICAL_ALARM: Sensor data missing or invalid
2026-03-12 11:00:00+00:00,9.575,VALID,,,177.404752,VALID,2.310384,VALID,Critical,CRITICAL_ALARM: Sensor data missing or invalid
2026-03-12 12:00:00+00:00,9.45,VALID,,,169.61763200000001,VALID,2.281428,VALID,Critical,CRITICAL_ALARM: Sensor data missing or invalid
2026-03-12 13:00:00+00:00,9.4,VALID,,,166.148824,VALID,2.2684740000000003,VALID,Critical,CRITICAL_ALARM: Sensor data missing or invalid
2026-03-12 14:00:00+00:00,9.3,VALID,,,172.661688,VALID,2.2928580000000003,VALID,Critical,CRITICAL_ALARM: Sensor data missing or invalid
2026-03-12 15:00:00+00:00,9.275,VALID,,,194.040872,VALID,2.3698200000000003,VALID,Critical,CRITICAL_ALARM: Sensor data missing or invalid
2026-03-12 16:00:00+00:00,9.2,VALID,,,216.694312,VALID,2.44602,VALID,Critical,CRITICAL_ALARM: Sensor data missing or invalid
2026-03-12 17:00:00+00:00,9.2,VALID,,,234.463104,VALID,2.502408,VALID,Critical,CRITICAL_ALARM: Sensor data missing or invalid
2026-03-12 18:00:00+00:00,9.25,VALID,,,243.312104,VALID,2.52984,VALID,Critical,CRITICAL_ALARM: Sensor data missing or invalid
2026-03-12 19:00:00+00:00,9.350000000000001,VALID,,,243.807648,VALID,2.5313640000000004,VALID,Critical,CRITICAL_ALARM: Sensor data missing or invalid
2026-03-12 20:00:00+00:00,9.45,VALID,,,241.825472,VALID,2.5252679999999996,VALID,Critical,CRITICAL_ALARM: Sensor data missing or invalid
2026-03-12 21:00:00+00:00,9.625,VALID,,,240.622008,VALID,2.521458,VALID,Critical,CRITICAL_ALARM: Sensor data missing or invalid
2026-03-12 22:00:00+00:00,9.775,VALID,,,239.63092,VALID,2.5184100000000003,VALID,Critical,CRITICAL_ALARM: Sensor data missing or invalid
2026-03-12 23:00:00+00:00,9.925,VALID,,,238.639832,VALID,2.515362,VALID,Critical,CRITICAL_ALARM: Sensor data missing or invalid
2026-03-13 00:00:00+00:00,10.0,VALID,,,237.86112,VALID,2.513076,VALID,Critical,CRITICAL_ALARM: Sensor data missing or invalid
2026-03-13 01:00:00+00:00,10.0,VALID,,,237.082408,VALID,2.51079,VALID,Critical,CRITICAL_ALARM: Sensor data missing or invalid
2026-03-13 02:00:00+00:00,10.0,VALID,,,239.064584,VALID,2.516886,VALID,Critical,CRITICAL_ALARM: Sensor data missing or invalid
2026-03-13 03:00:00+00:00,10.0,VALID,,,245.577448,VALID,2.5366980000000003,VALID,Critical,CRITICAL_ALARM: Sensor data missing or invalid
2026-03-13 04:00:00+00:00,10.0,VALID,,,250.886848,VALID,2.5527,VALID,Critical,CRITICAL_ALARM: Sensor data missing or invalid
2026-03-13 05:00:00+00:00,10.0,VALID,,,254.00169599999998,VALID,2.5618440000000002,VALID,Critical,CRITICAL_ALARM: Sensor data missing or invalid
2026-03-13 06:00:00+00:00,10.075,VALID,,,255.41753599999998,VALID,2.5664160000000003,VALID,Critical,CRITICAL_ALARM: Sensor data missing or invalid
2026-03-13 07:00:00+00:00,10.025,VALID,,,251.66556,VALID,2.5549860000000004,VALID,Critical,CRITICAL_ALARM: Sensor data missing or invalid
2026-03-13 08:00:00+00:00,10.0,VALID,,,238.144288,VALID,2.5138380000000002,VALID,Critical,CRITICAL_ALARM: Sensor data missing or invalid
2026-03-13 09:00:00+00:00,9.9,VALID,,,217.189856,VALID,2.447544,VALID,Critical,CRITICAL_ALARM: Sensor data missing or invalid
2026-03-13 10:00:00+00:00,9.8,VALID,,,197.86364,VALID,2.3827740000000004,VALID,Critical,CRITICAL_ALARM: Sensor data missing or invalid
2026-03-13 11:00:00+00:00,9.7,VALID,,,183.846824,VALID,2.334006,VALID,Critical,CRITICAL_ALARM: Sensor data missing or invalid
2026-03-13 12:00:00+00:00,9.625,VALID,,,174.289904,VALID,2.298954,VALID,Critical,CRITICAL_ALARM: Sensor data missing or invalid
2026-03-13 13:00:00+00:00,9.6,VALID,,,169.26367199999999,VALID,2.279904,VALID,Critical,CRITICAL_ALARM: Sensor data missing or invalid
2026-03-13 14:00:00+00:00,9.525,VALID,,,174.50227999999998,VALID,2.299716,VALID,Critical,CRITICAL_ALARM: Sensor data missing or invalid
2026-03-13 15:00:00+00:00,9.5,VALID,,,194.74879199999998,VALID,2.372106,VALID,Critical,CRITICAL_ALARM: Sensor data missing or invalid
2026-03-13 16:00:00+00:00,9.5,VALID,,,217.47302399999998,VALID,2.448306,VALID,Critical,CRITICAL_ALARM: Sensor data missing or invalid
2026-03-13 17:00:00+00:00,9.6,VALID,,,234.463104,VALID,2.502408,VALID,Critical,CRITICAL_ALARM: Sensor data missing or invalid
2026-03-13 18:00:00+00:00,9.649999999999999,VALID,,,241.61309599999998,VALID,2.5245059999999997,VALID,Critical,CRITICAL_ALARM: Sensor data missing or invalid
2026-03-13 19:00:00+00:00,9.825000000000001,VALID,,,242.321016,VALID,2.526792,VALID,Critical,CRITICAL_ALARM: Sensor data missing or invalid
2026-03-13 20:00:00+00:00,9.975,VALID,,,240.551216,VALID,2.521458,VALID,Critical,CRITICAL_ALARM: Sensor data missing or invalid
2026-03-13 21:00:00+00:00,10.1,VALID,,,238.85220800000002,VALID,2.516124,VALID,Critical,CRITICAL_ALARM: Sensor data missing or invalid
2026-03-13 22:00:00+00:00,10.225,VALID,,,238.14428800000002,VALID,2.5138380000000002,VALID,Critical,CRITICAL_ALARM: Sensor data missing or invalid
2026-03-13 23:00:00+00:00,10.350000000000001,VALID,,,237.082408,VALID,2.51079,VALID,Critical,CRITICAL_ALARM: Sensor data missing or invalid
2026-03-14 00:00:00+00:00,10.4,VALID,,,236.87003199999998,VALID,2.510028,VALID,Critical,CRITICAL_ALARM: Sensor data missing or invalid
2026-03-14 01:00:00+00:00,10.3,VALID,,,239.064584,VALID,2.516886,VALID,Critical,CRITICAL_ALARM: Sensor data missing or invalid
2026-03-14 02:00:00+00:00,10.225,VALID,,,243.52447999999998,VALID,2.530602,VALID,Critical,CRITICAL_ALARM: Sensor data missing or invalid
2026-03-14 03:00:00+00:00,10.2,VALID,,,248.621504,VALID,2.545842,VALID,Critical,CRITICAL_ALARM: Sensor data missing or invalid
2026-03-14 04:00:00+00:00,10.2,VALID,,,251.877936,VALID,2.5557480000000004,VALID,Critical,CRITICAL_ALARM: Sensor data missing or invalid
2026-03-14 05:00:00+00:00,10.2,VALID,,,254.00169599999998,VALID,2.5618440000000002,VALID,Critical,CRITICAL_ALARM: Sensor data missing or invalid
2026-03-14 06:00:00+00:00,10.275,VALID,,,254.284864,VALID,2.562606,VALID,Critical,CRITICAL_ALARM: Sensor data missing or invalid
2026-03-14 07:00:00+00:00,10.2,VALID,,,251.170016,VALID,2.5534620000000006,VALID,Critical,CRITICAL_ALARM: Sensor data missing or invalid
2026-03-14 08:00:00+00:00,10.125,VALID,,,237.648744,VALID,2.512314,VALID,Critical,CRITICAL_ALARM: Sensor data missing or invalid
2026-03-14 09:00:00+00:00,9.975,VALID,,,216.97748,VALID,2.4467820000000002,VALID,Critical,CRITICAL_ALARM: Sensor data missing or invalid
2026-03-14 10:00:00+00:00,9.825000000000001,VALID,,,196.872552,VALID,2.3797260000000002,VALID,Critical,CRITICAL_ALARM: Sensor data missing or invalid
2026-03-14 11:00:00+00:00,9.725,VALID,,,183.422072,VALID,2.332482,VALID,Critical,CRITICAL_ALARM: Sensor data missing or invalid
2026-03-14 12:00:00+00:00,9.6,VALID,,,174.14832,VALID,2.2981920000000002,VALID,Critical,CRITICAL_ALARM: Sensor data missing or invalid
2026-03-14 13:00:00+00:00,9.525,VALID,,,169.476048,VALID,2.280666,VALID,Critical,CRITICAL_ALARM: Sensor data missing or invalid
2026-03-14 14:00:00+00:00,9.5,VALID,,,174.573072,VALID,2.299716,VALID,Critical,CRITICAL_ALARM: Sensor data missing or invalid
2026-03-14 15:00:00+00:00,9.5,VALID,,,194.961168,VALID,2.372868,VALID,Critical,CRITICAL_ALARM: Sensor data missing or invalid
2026-03-14 16:00:00+00:00,9.5,VALID,,,217.6854,VALID,2.449068,VALID,Critical,CRITICAL_ALARM: Sensor data missing or invalid
2026-03-14 17:00:00+00:00,9.5,VALID,,,233.75518399999999,VALID,2.500122,VALID,Critical,CRITICAL_ALARM: Sensor data missing or invalid
2026-03-14 18:00:00+00:00,9.6,VALID,,,240.834384,VALID,2.52222,VALID,Critical,CRITICAL_ALARM: Sensor data missing or invalid
2026-03-14 19:00:00+00:00,9.649999999999999,VALID,,,241.825472,VALID,2.5252679999999996,VALID,Critical,CRITICAL_ALARM: Sensor data missing or invalid
2026-03-14 20:00:00+00:00,9.775,VALID,,,240.409632,VALID,2.520696,VALID,Critical,CRITICAL_ALARM: Sensor data missing or invalid
2026-03-14 21:00:00+00:00,9.9,VALID,,,238.073496,VALID,2.513838,VALID,Critical,CRITICAL_ALARM: Sensor data missing or invalid
2026-03-14 22:00:00+00:00,10.025,VALID,,,236.09132,VALID,2.5077420000000004,VALID,Critical,CRITICAL_ALARM: Sensor data missing or invalid
2026-03-14 23:00:00+00:00,10.125,VALID,,,234.392312,VALID,2.502408,VALID,Critical,CRITICAL_ALARM: Sensor data missing or invalid
2026-03-15 00:00:00+00:00,10.2,VALID,,,233.401224,VALID,2.4993600000000002,VALID,Critical,CRITICAL_ALARM: Sensor data missing or invalid
2026-03-15 01:00:00+00:00,10.2,VALID,,,239.135376,VALID,2.516886,VALID,Critical,CRITICAL_ALARM: Sensor data missing or invalid
2026-03-15 02:00:00+00:00,10.174999999999999,VALID,,,245.577448,VALID,2.5366980000000003,VALID,Critical,CRITICAL_ALARM: Sensor data missing or invalid
2026-03-15 03:00:00+00:00,10.1,VALID,,,250.108136,VALID,2.550414,VALID,Critical,CRITICAL_ALARM: Sensor data missing or invalid
2026-03-15 04:00:00+00:00,10.1,VALID,,,252.58585599999998,VALID,2.558034,VALID,Critical,CRITICAL_ALARM: Sensor data missing or invalid
2026-03-15 05:00:00+00:00,10.1,VALID,,,254.284864,VALID,2.562606,VALID,Critical,CRITICAL_ALARM: Sensor data missing or invalid
2026-03-15 06:00:00+00:00,10.174999999999999,VALID,,,251.099224,VALID,2.553462,VALID,Critical,CRITICAL_ALARM: Sensor data missing or invalid
2026-03-15 07:00:00+00:00,10.149999999999999,VALID,,,243.099728,VALID,2.529078,VALID,Critical,CRITICAL_ALARM: Sensor data missing or invalid
2026-03-15 08:00:00+00:00,10.1,VALID,,,229.295288,VALID,2.486406,VALID,Critical,CRITICAL_ALARM: Sensor data missing or invalid
2026-03-15 09:00:00+00:00,10.025,VALID,,,210.889368,VALID,2.42697,VALID,Critical,CRITICAL_ALARM: Sensor data missing or invalid
2026-03-15 10:00:00+00:00,9.95,VALID,,,192.69582400000002,VALID,2.3652480000000002,VALID,Critical,CRITICAL_ALARM: Sensor data missing or invalid
2026-03-15 11:00:00+00:00,9.875,VALID,,,180.5196,VALID,2.321814,VALID,Critical,CRITICAL_ALARM: Sensor data missing or invalid
2026-03-15 12:00:00+00:00,9.8,VALID,,,172.661688,VALID,2.292858,VALID,Critical,CRITICAL_ALARM: Sensor data missing or invalid
2026-03-15 13:00:00+00:00,9.725,VALID,,,168.272584,VALID,2.276094,VALID,Critical,CRITICAL_ALARM: Sensor data missing or invalid
2026-03-15 14:00:00+00:00,9.625,VALID,,,173.723568,VALID,2.296668,VALID,Critical,CRITICAL_ALARM: Sensor data missing or invalid
2026-03-15 15:00:00+00:00,9.6,VALID,,,193.61612,VALID,2.368296,VALID,Critical,CRITICAL_ALARM: Sensor data missing or invalid
2026-03-15 16:00:00+00:00,9.5,VALID,,,213.933424,VALID,2.436876,VALID,Critical,CRITICAL_ALARM: Sensor data missing or invalid
2026-03-15 17:00:00+00:00,9.425,VALID,,,229.790832,VALID,2.4879300000000004,VALID,Critical,CRITICAL_ALARM: Sensor data missing or invalid
2026-03-15 18:00:00+00:00,9.4,VALID,,,238.14428800000002,VALID,2.5138380000000002,VALID,Critical,CRITICAL_ALARM: Sensor data missing or invalid
2026-03-15 19:00:00+00:00,9.45,VALID,,,240.33884,VALID,2.520696,VALID,Critical,CRITICAL_ALARM: Sensor data missing or invalid
2026-03-15 20:00:00+00:00,9.55,VALID,,,239.064584,VALID,2.516886,VALID,Critical,CRITICAL_ALARM: Sensor data missing or invalid
2026-03-15 21:00:00+00:00,9.649999999999999,VALID,,,237.43636800000002,VALID,2.511552,VALID,Critical,CRITICAL_ALARM: Sensor data missing or invalid
2026-03-15 22:00:00+00:00,9.825000000000001,VALID,,,236.44528,VALID,2.5085040000000003,VALID,Critical,CRITICAL_ALARM: Sensor data missing or invalid
2026-03-15 23:00:00+00:00,9.975,VALID,,,234.817064,VALID,2.503932,VALID,Critical,CRITICAL_ALARM: Sensor data missing or invalid
2026-03-16 00:00:00+00:00,10.0,VALID,,,237.790328,VALID,2.513076,VALID,Critical,CRITICAL_ALARM: Sensor data missing or invalid
2026-03-16 01:00:00+00:00,10.0,VALID,,,240.33884,VALID,2.520696,VALID,Critical,CRITICAL_ALARM: Sensor data missing or invalid
2026-03-16 02:00:00+00:00,10.0,VALID,,,243.595272,VALID,2.530602,VALID,Critical,CRITICAL_ALARM: Sensor data missing or invalid
2026-03-16 03:00:00+00:00,10.0,VALID,,,244.09081600000002,VALID,2.5321260000000003,VALID,Critical,CRITICAL_ALARM: Sensor data missing or invalid
2026-03-16 04:00:00+00:00,10.05,VALID,,,247.55962399999999,VALID,2.542794,VALID,Critical,CRITICAL_ALARM: Sensor data missing or invalid
2026-03-16 05:00:00+00:00,10.149999999999999,VALID,,,251.877936,VALID,2.5557480000000004,VALID,Critical,CRITICAL_ALARM: Sensor data missing or invalid
2026-03-16 06:00:00+00:00,10.2,VALID,,,250.17892799999998,VALID,2.5504140000000004,VALID,Critical,CRITICAL_ALARM: Sensor data missing or invalid
2026-03-16 07:00:00+00:00,10.174999999999999,VALID,,,241.329928,VALID,2.523744,VALID,Critical,CRITICAL_ALARM: Sensor data missing or invalid
2026-03-16 08:00:00+00:00,10.05,VALID,,,227.879448,VALID,2.481834,VALID,Critical,CRITICAL_ALARM: Sensor data missing or invalid
2026-03-16 09:00:00+00:00,9.9,VALID,,,210.181448,VALID,2.424684,VALID,Critical,CRITICAL_ALARM: Sensor data missing or invalid
2026-03-16 10:00:00+00:00,9.75,VALID,,,193.686912,VALID,2.368296,VALID,Critical,CRITICAL_ALARM: Sensor data missing or invalid
2026-03-16 11:00:00+00:00,9.625,VALID,,,180.307224,VALID,2.321052,VALID,Critical,CRITICAL_ALARM: Sensor data missing or invalid
2026-03-16 12:00:00+00:00,9.475,VALID,,,171.88297599999999,VALID,2.28981,VALID,Critical,CRITICAL_ALARM: Sensor data missing or invalid
2026-03-16 13:00:00+00:00,9.4,VALID,,,167.42308,VALID,2.273046,VALID,Critical,CRITICAL_ALARM: Sensor data missing or invalid
2026-03-16 14:00:00+00:00,9.3,VALID,,,172.874064,VALID,2.29362,VALID,Critical,CRITICAL_ALARM: Sensor data missing or invalid
2026-03-16 15:00:00+00:00,9.3,VALID,,,193.61612,VALID,2.368296,VALID,Critical,CRITICAL_ALARM: Sensor data missing or invalid
2026-03-16 16:00:00+00:00,9.3,VALID,,,216.26956,VALID,2.444496,VALID,Critical,CRITICAL_ALARM: Sensor data missing or invalid
2026-03-16 17:00:00+00:00,9.350000000000001,VALID,,,231.98538399999998,VALID,2.4947880000000002,VALID,Critical,CRITICAL_ALARM: Sensor data missing or invalid
2026-03-16 18:00:00+00:00,9.5,VALID,,,237.57795199999998,VALID,2.512314,VALID,Critical,CRITICAL_ALARM: Sensor data missing or invalid
2026-03-16 19:00:00+00:00,9.649999999999999,VALID,,,237.57795199999998,VALID,2.512314,VALID,Critical,CRITICAL_ALARM: Sensor data missing or invalid
2026-03-16 20:00:00+00:00,9.825000000000001,VALID,,,237.57795199999998,VALID,2.512314,VALID,Critical,CRITICAL_ALARM: Sensor data missing or invalid
2026-03-16 21:00:00+00:00,9.925,VALID,,,235.171024,VALID,2.504694,VALID,Critical,CRITICAL_ALARM: Sensor data missing or invalid
2026-03-16 22:00:00+00:00,10.0,VALID,,,235.949736,VALID,2.5069800000000004,VALID,Critical,CRITICAL_ALARM: Sensor data missing or invalid
2026-03-16 23:00:00+00:00,10.025,VALID,,,235.595776,VALID,2.506218,VALID,Critical,CRITICAL_ALARM: Sensor data missing or invalid
2026-03-17 00:00:00+00:00,10.05,VALID,,,236.44528,VALID,2.5085040000000003,VALID,Critical,CRITICAL_ALARM: Sensor data missing or invalid
2026-03-17 01:00:00+00:00,10.0,VALID,,,238.78141599999998,VALID,2.516124,VALID,Critical,CRITICAL_ALARM: Sensor data missing or invalid
2026-03-17 02:00:00+00:00,10.0,VALID,,,245.29428,VALID,2.535936,VALID,Critical,CRITICAL_ALARM: Sensor data missing or invalid
2026-03-17 03:00:00+00:00,10.0,VALID,,,250.886848,VALID,2.5527,VALID,Critical,CRITICAL_ALARM: Sensor data missing or invalid
2026-03-17 04:00:00+00:00,10.0,VALID,,,253.152192,VALID,2.5595580000000004,VALID,Critical,CRITICAL_ALARM: Sensor data missing or invalid
2026-03-17 05:00:00+00:00,10.0,VALID,,,253.718528,VALID,2.5610820000000003,VALID,Critical,CRITICAL_ALARM: Sensor data missing or invalid
2026-03-17 06:00:00+00:00,10.075,VALID,,,253.78931999999998,VALID,2.5610820000000003,VALID,Critical,CRITICAL_ALARM: Sensor data missing or invalid
2026-03-17 07:00:00+00:00,10.075,VALID,,,249.400216,VALID,2.548128,VALID,Critical,CRITICAL_ALARM: Sensor data missing or invalid
2026-03-17 08:00:00+00:00,10.0,VALID,,,236.72844800000001,VALID,2.509266,VALID,Critical,CRITICAL_ALARM: Sensor data missing or invalid
2026-03-17 09:00:00+00:00,9.975,VALID,,,215.774016,VALID,2.442972,VALID,Critical,CRITICAL_ALARM: Sensor data missing or invalid
2026-03-17 10:00:00+00:00,9.9,VALID,,,198.288392,VALID,2.3842980000000003,VALID,Critical,CRITICAL_ALARM: Sensor data missing or invalid
2026-03-17 11:00:00+00:00,9.850000000000001,VALID,,,185.333456,VALID,2.33934,VALID,Critical,CRITICAL_ALARM: Sensor data missing or invalid
2026-03-17 12:00:00+00:00,9.8,VALID,,,176.98,VALID,2.30886,VALID,Critical,CRITICAL_ALARM: Sensor data missing or invalid
2026-03-17 13:00:00+00:00,9.8,VALID,,,171.387432,VALID,2.2882860000000003,VALID,Critical,CRITICAL_ALARM: Sensor data missing or invalid
2026-03-17 14:00:00+00:00,9.8,VALID,,,175.56416,VALID,2.303526,VALID,Critical,CRITICAL_ALARM: Sensor data missing or invalid
2026-03-17 15:00:00+00:00,9.8,VALID,,,195.598296,VALID,2.375154,VALID,Critical,CRITICAL_ALARM: Sensor data missing or invalid
2026-03-17 16:00:00+00:00,9.8,VALID,,,215.844808,VALID,2.442972,VALID,Critical,CRITICAL_ALARM: Sensor data missing or invalid
2026-03-17 17:00:00+00:00,9.8,VALID,,,231.419048,VALID,2.493264,VALID,Critical,CRITICAL_ALARM: Sensor data missing or invalid
2026-03-17 18:00:00+00:00,9.875,VALID,,,239.135376,VALID,2.516886,VALID,Critical,CRITICAL_ALARM: Sensor data missing or invalid
2026-03-17 19:00:00+00:00,9.975,VALID,,,240.409632,VALID,2.520696,VALID,Critical,CRITICAL_ALARM: Sensor data missing or invalid
2026-03-17 20:00:00+00:00,10.075,VALID,,,238.56904,VALID,2.515362,VALID,Critical,CRITICAL_ALARM: Sensor data missing or invalid
2026-03-17 21:00:00+00:00,10.225,VALID,,,239.27696,VALID,2.517648,VALID,Critical,CRITICAL_ALARM: Sensor data missing or invalid
2026-03-17 22:00:00+00:00,10.350000000000001,VALID,,,238.427456,VALID,2.5146,VALID,Critical,CRITICAL_ALARM: Sensor data missing or invalid
2026-03-17 23:00:00+00:00,10.475,VALID,,,237.082408,VALID,2.51079,VALID,Critical,CRITICAL_ALARM: Sensor data missing or invalid
2026-03-18 00:00:00+00:00,10.5,VALID,,,237.294784,VALID,2.511552,VALID,Critical,CRITICAL_ALARM: Sensor data missing or invalid
2026-03-18 01:00:00+00:00,10.45,VALID,,,237.365576,VALID,2.511552,VALID,Critical,CRITICAL_ALARM: Sensor data missing or invalid
2026-03-18 02:00:00+00:00,10.4,VALID,,,236.586864,VALID,2.509266,VALID,Critical,CRITICAL_ALARM: Sensor data missing or invalid
2026-03-18 03:00:00+00:00,10.325000000000001,VALID,,,243.595272,VALID,2.530602,VALID,Critical,CRITICAL_ALARM: Sensor data missing or invalid
2026-03-18 04:00:00+00:00,10.3,VALID,,,247.701208,VALID,2.542794,VALID,Critical,CRITICAL_ALARM: Sensor data missing or invalid
2026-03-18 05:00:00+00:00,10.375,VALID,,,250.886848,VALID,2.5527,VALID,Critical,CRITICAL_ALARM: Sensor data missing or invalid
2026-03-18 06:00:00+00:00,10.4,VALID,,,254.00169599999998,VALID,2.5618440000000002,VALID,Critical,CRITICAL_ALARM: Sensor data missing or invalid
2026-03-18 07:00:00+00:00,10.4,VALID,,,250.17892799999998,VALID,2.5504140000000004,VALID,Critical,CRITICAL_ALARM: Sensor data missing or invalid
2026-03-18 08:00:00+00:00,10.4,VALID,,,237.365576,VALID,2.511552,VALID,Critical,CRITICAL_ALARM: Sensor data missing or invalid
2026-03-18 09:00:00+00:00,10.350000000000001,VALID,,,215.278472,VALID,2.4414480000000003,VALID,Critical,CRITICAL_ALARM: Sensor data missing or invalid
2026-03-18 10:00:00+00:00,10.25,VALID,,,195.38592,VALID,2.3743920000000003,VALID,Critical,CRITICAL_ALARM: Sensor data missing or invalid
2026-03-18 11:00:00+00:00,10.174999999999999,VALID,,,182.147816,VALID,2.32791,VALID,Critical,CRITICAL_ALARM: Sensor data missing or invalid
2026-03-18 12:00:00+00:00,10.1,VALID,,,173.298816,VALID,2.295144,VALID,Critical,CRITICAL_ALARM: Sensor data missing or invalid
2026-03-18 13:00:00+00:00,10.0,VALID,,,169.26367199999999,VALID,2.279904,VALID,Critical,CRITICAL_ALARM: Sensor data missing or invalid
2026-03-18 14:00:00+00:00,9.975,VALID,,,175.139408,VALID,2.302002,VALID,Critical,CRITICAL_ALARM: Sensor data missing or invalid
2026-03-18 15:00:00+00:00,9.9,VALID,,,195.38592,VALID,2.3743920000000003,VALID,Critical,CRITICAL_ALARM: Sensor data missing or invalid
2026-03-18 16:00:00+00:00,9.9,VALID,,,217.968568,VALID,2.4498300000000004,VALID,Critical,CRITICAL_ALARM: Sensor data missing or invalid
2026-03-18 17:00:00+00:00,9.9,VALID,,,234.392312,VALID,2.502408,VALID,Critical,CRITICAL_ALARM: Sensor data missing or invalid
2026-03-18 18:00:00+00:00,9.9,VALID,,,242.533392,VALID,2.5275540000000003,VALID,Critical,CRITICAL_ALARM: Sensor data missing or invalid
2026-03-18 19:00:00+00:00,10.025,VALID,,,244.58636,VALID,2.53365,VALID,Critical,CRITICAL_ALARM: Sensor data missing or invalid
2026-03-18 20:00:00+00:00,10.149999999999999,VALID,,,242.81655999999998,VALID,2.5283160000000002,VALID,Critical,CRITICAL_ALARM: Sensor data missing or invalid
2026-03-18 21:00:00+00:00,10.25,VALID,,,240.33884,VALID,2.520696,VALID,Critical,CRITICAL_ALARM: Sensor data missing or invalid
2026-03-18 22:00:00+00:00,10.425,VALID,,,238.073496,VALID,2.513838,VALID,Critical,CRITICAL_ALARM: Sensor data missing or invalid
2026-03-18 23:00:00+00:00,10.55,VALID,,,237.86112,VALID,2.513076,VALID,Critical,CRITICAL_ALARM: Sensor data missing or invalid
2026-03-19 00:00:00+00:00,10.6,VALID,,,239.34775199999999,VALID,2.517648,VALID,Critical,CRITICAL_ALARM: Sensor data missing or invalid
2026-03-19 01:00:00+00:00,10.6,VALID,,,243.52447999999998,VALID,2.530602,VALID,Critical,CRITICAL_ALARM: Sensor data missing or invalid
2026-03-19 02:00:00+00:00,10.5,VALID,,,249.18784,VALID,2.5473660000000002,VALID,Critical,CRITICAL_ALARM: Sensor data missing or invalid
2026-03-19 03:00:00+00:00,10.5,VALID,,,254.00169599999998,VALID,2.5618440000000002,VALID,Critical,CRITICAL_ALARM: Sensor data missing or invalid
2026-03-19 04:00:00+00:00,10.5,VALID,,,254.780408,VALID,2.56413,VALID,Critical,CRITICAL_ALARM: Sensor data missing or invalid
2026-03-19 05:00:00+00:00,10.6,VALID,,,254.99278399999997,VALID,2.5648920000000004,VALID,Critical,CRITICAL_ALARM: Sensor data missing or invalid
2026-03-19 06:00:00+00:00,10.6,VALID,,,254.780408,VALID,2.56413,VALID,Critical,CRITICAL_ALARM: Sensor data missing or invalid
2026-03-19 07:00:00+00:00,10.6,VALID,,,252.231896,VALID,2.5565100000000003,VALID,Critical,CRITICAL_ALARM: Sensor data missing or invalid
2026-03-19 08:00:00+00:00,10.525,VALID,,,240.409632,VALID,2.520696,VALID,Critical,CRITICAL_ALARM: Sensor data missing or invalid
2026-03-19 09:00:00+00:00,10.4,VALID,,,219.596784,VALID,2.455164,VALID,Critical,CRITICAL_ALARM: Sensor data missing or invalid
2026-03-19 10:00:00+00:00,10.25,VALID,,,200.058192,VALID,2.390394,VALID,Critical,CRITICAL_ALARM: Sensor data missing or invalid
2026-03-19 11:00:00+00:00,10.149999999999999,VALID,,,185.545832,VALID,2.340102,VALID,Critical,CRITICAL_ALARM: Sensor data missing or invalid
2026-03-19 12:00:00+00:00,10.025,VALID,,,175.988912,VALID,2.30505,VALID,Critical,CRITICAL_ALARM: Sensor data missing or invalid
2026-03-19 13:00:00+00:00,9.975,VALID,,,170.750304,VALID,2.286,VALID,Critical,CRITICAL_ALARM: Sensor data missing or invalid
2026-03-19 14:00:00+00:00,9.9,VALID,,,175.70574399999998,VALID,2.304288,VALID,Critical,CRITICAL_ALARM: Sensor data missing or invalid
2026-03-19 15:00:00+00:00,9.9,VALID,,,195.810672,VALID,2.375916,VALID,Critical,CRITICAL_ALARM: Sensor data missing or invalid
2026-03-19 16:00:00+00:00,9.9,VALID,,,218.605696,VALID,2.452116,VALID,Critical,CRITICAL_ALARM: Sensor data missing or invalid
2026-03-19 17:00:00+00:00,9.9,VALID,,,234.67548,VALID,2.50317,VALID,Critical,CRITICAL_ALARM: Sensor data missing or invalid
2026-03-19 18:00:00+00:00,9.95,VALID,,,244.020024,VALID,2.5321260000000003,VALID,Critical,CRITICAL_ALARM: Sensor data missing or invalid
2026-03-19 19:00:00+00:00,10.125,VALID,,,246.63932799999998,VALID,2.539746,VALID,Critical,CRITICAL_ALARM: Sensor data missing or invalid
2026-03-19 20:00:00+00:00,10.3,VALID,,,245.64824,VALID,2.5366980000000003,VALID,Critical,CRITICAL_ALARM: Sensor data missing or invalid
2026-03-19 21:00:00+00:00,10.45,VALID,,,244.09081600000002,VALID,2.5321260000000003,VALID,Critical,CRITICAL_ALARM: Sensor data missing or invalid
2026-03-19 22:00:00+00:00,10.625,VALID,,,243.38289600000002,VALID,2.52984,VALID,Critical,CRITICAL_ALARM: Sensor data missing or invalid
2026-03-19 23:00:00+00:00,10.725,VALID,,,241.25913599999998,VALID,2.5237439999999998,VALID,Critical,CRITICAL_ALARM: Sensor data missing or invalid
2026-03-20 00:00:00+00:00,10.8,VALID,,,242.037848,VALID,2.52603,VALID,Critical,CRITICAL_ALARM: Sensor data missing or invalid
2026-03-20 01:00:00+00:00,10.725,VALID,,,246.35616,VALID,2.538984,VALID,Critical,CRITICAL_ALARM: Sensor data missing or invalid
2026-03-20 02:00:00+00:00,10.7,VALID,,,250.886848,VALID,2.5527,VALID,Critical,CRITICAL_ALARM: Sensor data missing or invalid
2026-03-20 03:00:00+00:00,10.7,VALID,,,254.49723999999998,VALID,2.563368,VALID,Critical,CRITICAL_ALARM: Sensor data missing or invalid
2026-03-20 04:00:00+00:00,10.7,VALID,,,254.780408,VALID,2.56413,VALID,Critical,CRITICAL_ALARM: Sensor data missing or invalid
2026-03-20 05:00:00+00:00,10.7,VALID,,,254.99278399999997,VALID,2.5648920000000004,VALID,Critical,CRITICAL_ALARM: Sensor data missing or invalid
2026-03-20 06:00:00+00:00,10.75,VALID,,,255.20515999999998,VALID,2.5656540000000003,VALID,Critical,CRITICAL_ALARM: Sensor data missing or invalid
2026-03-20 07:00:00+00:00,10.7,VALID,,,252.44427199999998,VALID,2.557272,VALID,Critical,CRITICAL_ALARM: Sensor data missing or invalid
2026-03-20 08:00:00+00:00,10.6,VALID,,,240.834384,VALID,2.52222,VALID,Critical,CRITICAL_ALARM: Sensor data missing or invalid
2026-03-20 09:00:00+00:00,10.475,VALID,,,219.80916,VALID,2.455926,VALID,Critical,CRITICAL_ALARM: Sensor data missing or invalid
2026-03-20 10:00:00+00:00,10.375,VALID,,,200.69531999999998,VALID,2.3926800000000004,VALID,Critical,CRITICAL_ALARM: Sensor data missing or invalid
2026-03-20 11:00:00+00:00,10.25,VALID,,,185.545832,VALID,2.340102,VALID,Critical,CRITICAL_ALARM: Sensor data missing or invalid
2026-03-20 12:00:00+00:00,10.174999999999999,VALID,,,176.342872,VALID,2.306574,VALID,Critical,CRITICAL_ALARM: Sensor data missing or invalid
2026-03-20 13:00:00+00:00,10.1,VALID,,,170.750304,VALID,2.286,VALID,Critical,CRITICAL_ALARM: Sensor data missing or invalid
2026-03-20 14:00:00+00:00,10.025,VALID,,,176.342872,VALID,2.3065740000000003,VALID,Critical,CRITICAL_ALARM: Sensor data missing or invalid
2026-03-20 15:00:00+00:00,10.0,VALID,,,196.589384,VALID,2.378202,VALID,Critical,CRITICAL_ALARM: Sensor data missing or invalid
2026-03-20 16:00:00+00:00,10.0,VALID,,,218.605696,VALID,2.452116,VALID,Critical,CRITICAL_ALARM: Sensor data missing or invalid
2026-03-20 17:00:00+00:00,10.0,VALID,,,234.392312,VALID,2.502408,VALID,Critical,CRITICAL_ALARM: Sensor data missing or invalid
2026-03-20 18:00:00+00:00,10.1,VALID,,,243.028936,VALID,2.529078,VALID,Critical,CRITICAL_ALARM: Sensor data missing or invalid
2026-03-20 19:00:00+00:00,10.225,VALID,,,244.515568,VALID,2.5336500000000006,VALID,Critical,CRITICAL_ALARM: Sensor data missing or invalid
2026-03-20 20:00:00+00:00,10.375,VALID,,,242.81655999999998,VALID,2.5283160000000002,VALID,Critical,CRITICAL_ALARM: Sensor data missing or invalid
2026-03-20 21:00:00+00:00,10.55,VALID,,,240.763592,VALID,2.52222,VALID,Critical,CRITICAL_ALARM: Sensor data missing or invalid
2026-03-20 22:00:00+00:00,10.7,VALID,,,239.843296,VALID,2.519172,VALID,Critical,CRITICAL_ALARM: Sensor data missing or invalid
2026-03-20 23:00:00+00:00,10.825000000000001,VALID,,,239.064584,VALID,2.516886,VALID,Critical,CRITICAL_ALARM: Sensor data missing or invalid
2026-03-21 00:00:00+00:00,10.9,VALID,,,240.126464,VALID,2.519934,VALID,Critical,CRITICAL_ALARM: Sensor data missing or invalid
2026-03-21 01:00:00+00:00,10.850000000000001,VALID,,,244.09081600000002,VALID,2.5321260000000003,VALID,Critical,CRITICAL_ALARM: Sensor data missing or invalid
2026-03-21 02:00:00+00:00,10.8,VALID,,,247.701208,VALID,2.542794,VALID,Critical,CRITICAL_ALARM: Sensor data missing or invalid
2026-03-21 03:00:00+00:00,10.8,VALID,,,250.67447199999998,VALID,2.5519380000000003,VALID,Critical,CRITICAL_ALARM: Sensor data missing or invalid
2026-03-21 04:00:00+00:00,10.8,VALID,,,252.58585599999998,VALID,2.558034,VALID,Critical,CRITICAL_ALARM: Sensor data missing or invalid
2026-03-21 05:00:00+00:00,10.8,VALID,,,252.869024,VALID,2.558796,VALID,Critical,CRITICAL_ALARM: Sensor data missing or invalid
2026-03-21 06:00:00+00:00,10.8,VALID,,,253.718528,VALID,2.5610820000000003,VALID,Critical,CRITICAL_ALARM: Sensor data missing or invalid
2026-03-21 07:00:00+00:00,10.8,VALID,,,251.66556,VALID,2.5549860000000004,VALID,Critical,CRITICAL_ALARM: Sensor data missing or invalid
2026-03-21 08:00:00+00:00,10.725,VALID,,,240.05567200000002,VALID,2.519934,VALID,Critical,CRITICAL_ALARM: Sensor data missing or invalid
2026-03-21 09:00:00+00:00,10.575,VALID,,,219.313616,VALID,2.454402,VALID,Critical,CRITICAL_ALARM: Sensor data missing or invalid
2026-03-21 10:00:00+00:00,10.425,VALID,,,199.63344,VALID,2.38887,VALID,Critical,CRITICAL_ALARM: Sensor data missing or invalid
2026-03-21 11:00:00+00:00,10.275,VALID,,,185.545832,VALID,2.340102,VALID,Critical,CRITICAL_ALARM: Sensor data missing or invalid
2026-03-21 12:00:00+00:00,10.174999999999999,VALID,,,176.130496,VALID,2.305812,VALID,Critical,CRITICAL_ALARM: Sensor data missing or invalid
2026-03-21 13:00:00+00:00,10.075,VALID,,,170.96268,VALID,2.286762,VALID,Critical,CRITICAL_ALARM: Sensor data missing or invalid
2026-03-21 14:00:00+00:00,10.0,VALID,,,175.91812,VALID,2.30505,VALID,Critical,CRITICAL_ALARM: Sensor data missing or invalid
2026-03-21 15:00:00+00:00,10.0,VALID,,,196.80176,VALID,2.378964,VALID,Critical,CRITICAL_ALARM: Sensor data missing or invalid
2026-03-21 16:00:00+00:00,10.0,VALID,,,218.110152,VALID,2.4505920000000003,VALID,Critical,CRITICAL_ALARM: Sensor data missing or invalid
2026-03-21 17:00:00+00:00,10.0,VALID,,,232.622512,VALID,2.497074,VALID,Critical,CRITICAL_ALARM: Sensor data missing or invalid
2026-03-21 18:00:00+00:00,10.05,VALID,,,240.551216,VALID,2.521458,VALID,Critical,CRITICAL_ALARM: Sensor data missing or invalid
2026-03-21 19:00:00+00:00,10.225,VALID,,,242.604184,VALID,2.5275540000000003,VALID,Critical,CRITICAL_ALARM: Sensor data missing or invalid
2026-03-21 20:00:00+00:00,10.375,VALID,,,241.329928,VALID,2.5237439999999998,VALID,Critical,CRITICAL_ALARM: Sensor data missing or invalid
2026-03-21 21:00:00+00:00,10.55,VALID,,,239.843296,VALID,2.519172,VALID,Critical,CRITICAL_ALARM: Sensor data missing or invalid
2026-03-21 22:00:00+00:00,10.649999999999999,VALID,,,239.27696,VALID,2.517648,VALID,Critical,CRITICAL_ALARM: Sensor data missing or invalid
2026-03-21 23:00:00+00:00,10.8,VALID,,,238.14428800000002,VALID,2.5138380000000002,VALID,Critical,CRITICAL_ALARM: Sensor data missing or invalid
2026-03-22 00:00:00+00:00,10.8,VALID,,,236.16211199999998,VALID,2.5077420000000004,VALID,Critical,CRITICAL_ALARM: Sensor data missing or invalid
2026-03-22 01:00:00+00:00,10.8,VALID,,,241.04676,VALID,2.522982,VALID,Critical,CRITICAL_ALARM: Sensor data missing or invalid
2026-03-22 02:00:00+00:00,10.8,VALID,,,246.072992,VALID,2.538222,VALID,Critical,CRITICAL_ALARM: Sensor data missing or invalid
2026-03-22 03:00:00+00:00,10.825000000000001,VALID,,,252.161104,VALID,2.5565100000000003,VALID,Critical,CRITICAL_ALARM: Sensor data missing or invalid
2026-03-22 04:00:00+00:00,10.9,VALID,,,254.99278399999997,VALID,2.5648920000000004,VALID,Critical,CRITICAL_ALARM: Sensor data missing or invalid
2026-03-22 05:00:00+00:00,10.925,VALID,,,255.70070399999997,VALID,2.567178,VALID,Critical,CRITICAL_ALARM: Sensor data missing or invalid
2026-03-22 06:00:00+00:00,10.975,VALID,,,252.939816,VALID,2.558796,VALID,Critical,CRITICAL_ALARM: Sensor data missing or invalid
2026-03-22 07:00:00+00:00,10.9,VALID,,,244.303192,VALID,2.5328880000000003,VALID,Critical,CRITICAL_ALARM: Sensor data missing or invalid
2026-03-22 08:00:00+00:00,10.8,VALID,,,229.50766399999998,VALID,2.487168,VALID,Critical,CRITICAL_ALARM: Sensor data missing or invalid
2026-03-22 09:00:00+00:00,10.674999999999999,VALID,,,211.101744,VALID,2.4277320000000002,VALID,Critical,CRITICAL_ALARM: Sensor data missing or invalid
2026-03-22 10:00:00+00:00,10.55,VALID,,,194.961168,VALID,2.372868,VALID,Critical,CRITICAL_ALARM: Sensor data missing or invalid
2026-03-22 11:00:00+00:00,10.4,VALID,,,182.36019199999998,VALID,2.328672,VALID,Critical,CRITICAL_ALARM: Sensor data missing or invalid
2026-03-22 12:00:00+00:00,10.3,VALID,,,174.289904,VALID,2.298954,VALID,Critical,CRITICAL_ALARM: Sensor data missing or invalid
2026-03-22 13:00:00+00:00,10.2,VALID,,,169.971592,VALID,2.2829520000000003,VALID,Critical,CRITICAL_ALARM: Sensor data missing or invalid
2026-03-22 14:00:00+00:00,10.149999999999999,VALID,,,175.70574399999998,VALID,2.304288,VALID,Critical,CRITICAL_ALARM: Sensor data missing or invalid
2026-03-22 15:00:00+00:00,10.1,VALID,,,196.589384,VALID,2.378202,VALID,Critical,CRITICAL_ALARM: Sensor data missing or invalid
2026-03-22 16:00:00+00:00,10.1,VALID,,,218.18094399999998,VALID,2.4505920000000003,VALID,Critical,CRITICAL_ALARM: Sensor data missing or invalid
2026-03-22 17:00:00+00:00,10.1,VALID,,,232.90568,VALID,2.4978360000000004,VALID,Critical,CRITICAL_ALARM: Sensor data missing or invalid
2026-03-22 18:00:00+00:00,10.174999999999999,VALID,,,239.135376,VALID,2.516886,VALID,Critical,CRITICAL_ALARM: Sensor data missing or invalid
2026-03-22 19:00:00+00:00,10.25,VALID,,,239.843296,VALID,2.519172,VALID,Critical,CRITICAL_ALARM: Sensor data missing or invalid
2026-03-22 20:00:00+00:00,10.325000000000001,VALID,,,238.356664,VALID,2.5146,VALID,Critical,CRITICAL_ALARM: Sensor data missing or invalid
2026-03-22 21:00:00+00:00,10.425,VALID,,,238.427456,VALID,2.5146,VALID,Critical,CRITICAL_ALARM: Sensor data missing or invalid
2026-03-22 22:00:00+00:00,10.575,VALID,,,237.57795199999998,VALID,2.512314,VALID,Critical,CRITICAL_ALARM: Sensor data missing or invalid
2026-03-22 23:00:00+00:00,10.674999999999999,VALID,,,236.657656,VALID,2.509266,VALID,Critical,CRITICAL_ALARM: Sensor data missing or invalid
2026-03-23 00:00:00+00:00,10.7,VALID,,,236.87003199999998,VALID,2.510028,VALID,Critical,CRITICAL_ALARM: Sensor data missing or invalid
2026-03-23 01:00:00+00:00,10.7,VALID,,,239.347752,VALID,2.517648,VALID,Critical,CRITICAL_ALARM: Sensor data missing or invalid
2026-03-23 02:00:00+00:00,10.7,VALID,,,244.58636,VALID,2.53365,VALID,Critical,CRITICAL_ALARM: Sensor data missing or invalid
2026-03-23 03:00:00+00:00,10.725,VALID,,,250.108136,VALID,2.550414,VALID,Critical,CRITICAL_ALARM: Sensor data missing or invalid
2026-03-23 04:00:00+00:00,10.8,VALID,,,251.38239199999998,VALID,2.5542240000000005,VALID,Critical,CRITICAL_ALARM: Sensor data missing or invalid
2026-03-23 05:00:00+00:00,10.8,VALID,,,251.170016,VALID,2.5534620000000006,VALID,Critical,CRITICAL_ALARM: Sensor data missing or invalid
2026-03-23 06:00:00+00:00,10.8,VALID,,,248.692296,VALID,2.5458420000000004,VALID,Critical,CRITICAL_ALARM: Sensor data missing or invalid
2026-03-23 07:00:00+00:00,10.725,VALID,,,241.542304,VALID,2.524506,VALID,Critical,CRITICAL_ALARM: Sensor data missing or invalid
2026-03-23 08:00:00+00:00,10.625,VALID,,,228.587368,VALID,2.4841200000000003,VALID,Critical,CRITICAL_ALARM: Sensor data missing or invalid
2026-03-23 09:00:00+00:00,10.525,VALID,,,210.889368,VALID,2.42697,VALID,Critical,CRITICAL_ALARM: Sensor data missing or invalid
2026-03-23 10:00:00+00:00,10.4,VALID,,,193.61612,VALID,2.368296,VALID,Critical,CRITICAL_ALARM: Sensor data missing or invalid
2026-03-23 11:00:00+00:00,10.275,VALID,,,181.510688,VALID,2.325624,VALID,Critical,CRITICAL_ALARM: Sensor data missing or invalid
2026-03-23 12:00:00+00:00,10.2,VALID,,,173.935944,VALID,2.2974300000000003,VALID,Critical,CRITICAL_ALARM: Sensor data missing or invalid
2026-03-23 13:00:00+00:00,10.1,VALID,,,169.971592,VALID,2.2829520000000003,VALID,Critical,CRITICAL_ALARM: Sensor data missing or invalid
2026-03-23 14:00:00+00:00,10.025,VALID,,,175.351784,VALID,2.3027640000000003,VALID,Critical,CRITICAL_ALARM: Sensor data missing or invalid
2026-03-23 15:00:00+00:00,10.0,VALID,,,195.881464,VALID,2.375916,VALID,Critical,CRITICAL_ALARM: Sensor data missing or invalid
2026-03-23 16:00:00+00:00,10.0,VALID,,,219.10124000000002,VALID,2.45364,VALID,Critical,CRITICAL_ALARM: Sensor data missing or invalid
2026-03-23 17:00:00+00:00,10.0,VALID,,,235.100232,VALID,2.5046939999999998,VALID,Critical,CRITICAL_ALARM: Sensor data missing or invalid
2026-03-23 18:00:00+00:00,10.033333333333333,VALID,,,242.604184,VALID,2.5275540000000003,VALID,Critical,CRITICAL_ALARM: Sensor data missing or invalid
2026-03-23 19:00:00+00:00,10.174999999999999,VALID,,,244.020024,VALID,2.5321260000000003,VALID,Critical,CRITICAL_ALARM: Sensor data missing or invalid
2026-03-23 20:00:00+00:00,10.275,VALID,,,242.321016,VALID,2.526792,VALID,Critical,CRITICAL_ALARM: Sensor data missing or invalid
2026-03-23 21:00:00+00:00,10.425,VALID,,,240.33884,VALID,2.520696,VALID,Critical,CRITICAL_ALARM: Sensor data missing or invalid
2026-03-23 22:00:00+00:00,10.55,VALID,,,239.064584,VALID,2.516886,VALID,Critical,CRITICAL_ALARM: Sensor data missing or invalid
2026-03-23 23:00:00+00:00,10.674999999999999,VALID,,,238.427456,VALID,2.5146,VALID,Critical,CRITICAL_ALARM: Sensor data missing or invalid
2026-03-24 00:00:00+00:00,10.75,VALID,,,240.622008,VALID,2.521458,VALID,Critical,CRITICAL_ALARM: Sensor data missing or invalid
2026-03-24 01:00:00+00:00,10.8,VALID,,,245.577448,VALID,2.5366980000000003,VALID,Critical,CRITICAL_ALARM: Sensor data missing or invalid
2026-03-24 02:00:00+00:00,10.8,VALID,,,250.60368,VALID,2.5519380000000003,VALID,Critical,CRITICAL_ALARM: Sensor data missing or invalid
2026-03-24 03:00:00+00:00,10.8,VALID,,,253.718528,VALID,2.5610820000000003,VALID,Critical,CRITICAL_ALARM: Sensor data missing or invalid
2026-03-24 04:00:00+00:00,10.825000000000001,VALID,,,255.70070399999997,VALID,2.567178,VALID,Critical,CRITICAL_ALARM: Sensor data missing or invalid
2026-03-24 05:00:00+00:00,10.9,VALID,,,256.26704,VALID,2.568702,VALID,Critical,CRITICAL_ALARM: Sensor data missing or invalid
2026-03-24 06:00:00+00:00,10.9,VALID,,,257.116544,VALID,2.570988,VALID,Critical,CRITICAL_ALARM: Sensor data missing or invalid
2026-03-24 07:00:00+00:00,10.825000000000001,VALID,,,254.49723999999998,VALID,2.563368,VALID,Critical,CRITICAL_ALARM: Sensor data missing or invalid
2026-03-24 08:00:00+00:00,10.725,VALID,,,241.825472,VALID,2.525268,VALID,Critical,CRITICAL_ALARM: Sensor data missing or invalid
2026-03-24 09:00:00+00:00,10.575,VALID,,,220.44628799999998,VALID,2.458212,VALID,Critical,CRITICAL_ALARM: Sensor data missing or invalid
2026-03-24 10:00:00+00:00,10.475,VALID,,,200.482944,VALID,2.391918,VALID,Critical,CRITICAL_ALARM: Sensor data missing or invalid
2026-03-24 11:00:00+00:00,10.4,VALID,,,185.758208,VALID,2.3408640000000003,VALID,Critical,CRITICAL_ALARM: Sensor data missing or invalid
2026-03-24 12:00:00+00:00,10.3,VALID,,,176.767624,VALID,2.308098,VALID,Critical,CRITICAL_ALARM: Sensor data missing or invalid
2026-03-24 13:00:00+00:00,10.225,VALID,,,171.387432,VALID,2.2882860000000003,VALID,Critical,CRITICAL_ALARM: Sensor data missing or invalid
2026-03-24 14:00:00+00:00,10.2,VALID,,,177.192376,VALID,2.309622,VALID,Critical,CRITICAL_ALARM: Sensor data missing or invalid
2026-03-24 15:00:00+00:00,10.125,VALID,,,197.651264,VALID,2.382012,VALID,Critical,CRITICAL_ALARM: Sensor data missing or invalid
2026-03-24 16:00:00+00:00,10.1,VALID,,,220.233912,VALID,2.45745,VALID,Critical,CRITICAL_ALARM: Sensor data missing or invalid
2026-03-24 17:00:00+00:00,10.125,VALID,,,236.16211199999998,VALID,2.5077420000000004,VALID,Critical,CRITICAL_ALARM: Sensor data missing or invalid
2026-03-24 18:00:00+00:00,10.225,VALID,,,243.595272,VALID,2.530602,VALID,Critical,CRITICAL_ALARM: Sensor data missing or invalid
2026-03-24 19:00:00+00:00,10.350000000000001,VALID,,,244.09081600000002,VALID,2.5321260000000003,VALID,Critical,CRITICAL_ALARM: Sensor data missing or invalid
2026-03-24 20:00:00+00:00,10.475,VALID,,,242.81655999999998,VALID,2.5283160000000002,VALID,Critical,CRITICAL_ALARM: Sensor data missing or invalid
2026-03-24 21:00:00+00:00,10.625,VALID,,,241.04675999999998,VALID,2.522982,VALID,Critical,CRITICAL_ALARM: Sensor data missing or invalid
2026-03-24 22:00:00+00:00,10.775,VALID,,,239.560128,VALID,2.51841,VALID,Critical,CRITICAL_ALARM: Sensor data missing or invalid
2026-03-24 23:00:00+00:00,10.925,VALID,,,238.85220800000002,VALID,2.516124,VALID,Critical,CRITICAL_ALARM: Sensor data missing or invalid
2026-03-25 00:00:00+00:00,11.0,VALID,,,239.135376,VALID,2.516886,VALID,Critical,CRITICAL_ALARM: Sensor data missing or invalid
2026-03-25 01:00:00+00:00,11.0,VALID,,,244.020024,VALID,2.5321260000000003,VALID,Critical,CRITICAL_ALARM: Sensor data missing or invalid
2026-03-25 02:00:00+00:00,11.0,VALID,,,248.692296,VALID,2.5458420000000004,VALID,Critical,CRITICAL_ALARM: Sensor data missing or invalid
2026-03-25 03:00:00+00:00,11.0,VALID,,,251.877936,VALID,2.555748,VALID,Critical,CRITICAL_ALARM: Sensor data missing or invalid
2026-03-25 04:00:00+00:00,11.025,VALID,,,254.568032,VALID,2.563368,VALID,Critical,CRITICAL_ALARM: Sensor data missing or invalid
2026-03-25 05:00:00+00:00,11.1,VALID,,,256.833376,VALID,2.570226,VALID,Critical,CRITICAL_ALARM: Sensor data missing or invalid
2026-03-25 06:00:00+00:00,11.1,VALID,,,257.116544,VALID,2.570988,VALID,Critical,CRITICAL_ALARM: Sensor data missing or invalid
2026-03-25 07:00:00+00:00,11.1,VALID,,,254.214072,VALID,2.562606,VALID,Critical,CRITICAL_ALARM: Sensor data missing or invalid
2026-03-25 08:00:00+00:00,11.0,VALID,,,241.61309599999998,VALID,2.524506,VALID,Critical,CRITICAL_ALARM: Sensor data missing or invalid
2026-03-25 09:00:00+00:00,10.875,VALID,,,220.658664,VALID,2.458974,VALID,Critical,CRITICAL_ALARM: Sensor data missing or invalid
2026-03-25 10:00:00+00:00,10.75,VALID,,,200.270568,VALID,2.391156,VALID,Critical,CRITICAL_ALARM: Sensor data missing or invalid
2026-03-25 11:00:00+00:00,10.625,VALID,,,185.333456,VALID,2.33934,VALID,Critical,CRITICAL_ALARM: Sensor data missing or invalid
2026-03-25 12:00:00+00:00,10.525,VALID,,,176.201288,VALID,2.305812,VALID,Critical,CRITICAL_ALARM: Sensor data missing or invalid
2026-03-25 13:00:00+00:00,10.4,VALID,,,171.387432,VALID,2.2882860000000003,VALID,Critical,CRITICAL_ALARM: Sensor data missing or invalid
2026-03-25 14:00:00+00:00,10.350000000000001,VALID,,,176.342872,VALID,2.3065740000000003,VALID,Critical,CRITICAL_ALARM: Sensor data missing or invalid
2026-03-25 15:00:00+00:00,10.3,VALID,,,196.730968,VALID,2.3789640000000003,VALID,Critical,CRITICAL_ALARM: Sensor data missing or invalid
2026-03-25 16:00:00+00:00,10.25,VALID,,,219.10124,VALID,2.45364,VALID,Critical,CRITICAL_ALARM: Sensor data missing or invalid
2026-03-25 17:00:00+00:00,10.2,VALID,,,234.887856,VALID,2.503932,VALID,Critical,CRITICAL_ALARM: Sensor data missing or invalid
2026-03-25 18:00:00+00:00,10.3,VALID,,,242.321016,VALID,2.526792,VALID,Critical,CRITICAL_ALARM: Sensor data missing or invalid
2026-03-25 19:00:00+00:00,10.425,VALID,,,243.028936,VALID,2.529078,VALID,Critical,CRITICAL_ALARM: Sensor data missing or invalid
2026-03-25 20:00:00+00:00,10.55,VALID,,,242.10863999999998,VALID,2.52603,VALID,Critical,CRITICAL_ALARM: Sensor data missing or invalid
2026-03-25 21:00:00+00:00,10.7,VALID,,,239.347752,VALID,2.517648,VALID,Critical,CRITICAL_ALARM: Sensor data missing or invalid
2026-03-25 22:00:00+00:00,10.875,VALID,,,239.27696,VALID,2.517648,VALID,Critical,CRITICAL_ALARM: Sensor data missing or invalid
2026-03-25 23:00:00+00:00,11.05,VALID,,,238.639832,VALID,2.515362,VALID,Critical,CRITICAL_ALARM: Sensor data missing or invalid
2026-03-26 00:00:00+00:00,11.125,VALID,,,239.843296,VALID,2.519172,VALID,Critical,CRITICAL_ALARM: Sensor data missing or invalid
2026-03-26 01:00:00+00:00,11.2,VALID,,,243.807648,VALID,2.5313640000000004,VALID,Critical,CRITICAL_ALARM: Sensor data missing or invalid
2026-03-26 02:00:00+00:00,11.2,VALID,,,249.400216,VALID,2.548128,VALID,Critical,CRITICAL_ALARM: Sensor data missing or invalid
2026-03-26 03:00:00+00:00,11.2,VALID,,,251.38239199999998,VALID,2.5542240000000005,VALID,Critical,CRITICAL_ALARM: Sensor data missing or invalid
2026-03-26 04:00:00+00:00,11.2,VALID,,,252.37348,VALID,2.557272,VALID,Critical,CRITICAL_ALARM: Sensor data missing or invalid
2026-03-26 05:00:00+00:00,11.2,VALID,,,253.718528,VALID,2.5610820000000003,VALID,Critical,CRITICAL_ALARM: Sensor data missing or invalid
2026-03-26 06:00:00+00:00,11.2,VALID,,,252.09031199999998,VALID,2.5565100000000003,VALID,Critical,CRITICAL_ALARM: Sensor data missing or invalid
2026-03-26 07:00:00+00:00,11.174999999999999,VALID,,,247.34724799999998,VALID,2.5420320000000003,VALID,Critical,CRITICAL_ALARM: Sensor data missing or invalid
2026-03-26 08:00:00+00:00,11.05,VALID,,,234.887856,VALID,2.503932,VALID,Critical,CRITICAL_ALARM: Sensor data missing or invalid
2026-03-26 09:00:00+00:00,10.9,VALID,,,216.26956,VALID,2.444496,VALID,Critical,CRITICAL_ALARM: Sensor data missing or invalid
2026-03-26 10:00:00+00:00,10.75,VALID,,,197.86364,VALID,2.3827740000000004,VALID,Critical,CRITICAL_ALARM: Sensor data missing or invalid
2026-03-26 11:00:00+00:00,10.6,VALID,,,184.908704,VALID,2.337816,VALID,Critical,CRITICAL_ALARM: Sensor data missing or invalid
2026-03-26 12:00:00+00:00,10.475,VALID,,,175.988912,VALID,2.30505,VALID,Critical,CRITICAL_ALARM: Sensor data missing or invalid
2026-03-26 13:00:00+00:00,10.375,VALID,,,171.387432,VALID,2.2882860000000003,VALID,Critical,CRITICAL_ALARM: Sensor data missing or invalid
2026-03-26 14:00:00+00:00,10.275,VALID,,,176.130496,VALID,2.305812,VALID,Critical,CRITICAL_ALARM: Sensor data missing or invalid
2026-03-26 15:00:00+00:00,10.2,VALID,,,196.09384,VALID,2.376678,VALID,Critical,CRITICAL_ALARM: Sensor data missing or invalid
2026-03-26 16:00:00+00:00,10.2,VALID,,,217.47302399999998,VALID,2.448306,VALID,Critical,CRITICAL_ALARM: Sensor data missing or invalid
2026-03-26 17:00:00+00:00,10.2,VALID,,,233.96756,VALID,2.500884,VALID,Critical,CRITICAL_ALARM: Sensor data missing or invalid
2026-03-26 18:00:00+00:00,10.275,VALID,,,241.542304,VALID,2.524506,VALID,Critical,CRITICAL_ALARM: Sensor data missing or invalid
2026-03-26 19:00:00+00:00,10.425,VALID,,,243.595272,VALID,2.530602,VALID,Critical,CRITICAL_ALARM: Sensor data missing or invalid
2026-03-26 20:00:00+00:00,10.55,VALID,,,243.52447999999998,VALID,2.5306020000000005,VALID,Critical,CRITICAL_ALARM: Sensor data missing or invalid
2026-03-26 21:00:00+00:00,10.7,VALID,,,241.61309599999998,VALID,2.5245059999999997,VALID,Critical,CRITICAL_ALARM: Sensor data missing or invalid
2026-03-26 22:00:00+00:00,10.850000000000001,VALID,,,241.542304,VALID,2.5245059999999997,VALID,Critical,CRITICAL_ALARM: Sensor data missing or invalid
2026-03-26 23:00:00+00:00,11.0,VALID,,,241.117552,VALID,2.522982,VALID,Critical,CRITICAL_ALARM: Sensor data missing or invalid
2026-03-27 00:00:00+00:00,11.1,VALID,,,241.825472,VALID,2.5252679999999996,VALID,Critical,CRITICAL_ALARM: Sensor data missing or invalid
2026-03-27 01:00:00+00:00,11.1,VALID,,,245.860616,VALID,2.5374600000000003,VALID,Critical,CRITICAL_ALARM: Sensor data missing or invalid
2026-03-27 02:00:00+00:00,11.149999999999999,VALID,,,251.877936,VALID,2.5557480000000004,VALID,Critical,CRITICAL_ALARM: Sensor data missing or invalid
2026-03-27 03:00:00+00:00,11.2,VALID,,,255.275952,VALID,2.5656540000000003,VALID,Critical,CRITICAL_ALARM: Sensor data missing or invalid
2026-03-27 04:00:00+00:00,11.2,VALID,,,257.895256,VALID,2.573274,VALID,Critical,CRITICAL_ALARM: Sensor data missing or invalid
2026-03-27 05:00:00+00:00,11.275,VALID,,,255.346744,VALID,2.5656540000000003,VALID,Critical,CRITICAL_ALARM: Sensor data missing or invalid
2026-03-27 06:00:00+00:00,11.3,VALID,,,248.12596,VALID,2.5443180000000005,VALID,Critical,CRITICAL_ALARM: Sensor data missing or invalid
2026-03-27 07:00:00+00:00,11.225,VALID,,,242.321016,VALID,2.5267920000000004,VALID,Critical,CRITICAL_ALARM: Sensor data missing or invalid
2026-03-27 08:00:00+00:00,11.125,VALID,,,230.498752,VALID,2.490216,VALID,Critical,CRITICAL_ALARM: Sensor data missing or invalid
2026-03-27 09:00:00+00:00,10.975,VALID,,,210.889368,VALID,2.4269700000000003,VALID,Critical,CRITICAL_ALARM: Sensor data missing or invalid
2026-03-27 10:00:00+00:00,10.825000000000001,VALID,,,193.191368,VALID,2.366772,VALID,Critical,CRITICAL_ALARM: Sensor data missing or invalid
2026-03-27 11:00:00+00:00,10.674999999999999,VALID,,,181.085936,VALID,2.3241,VALID,Critical,CRITICAL_ALARM: Sensor data missing or invalid
2026-03-27 12:00:00+00:00,10.6,VALID,,,174.927032,VALID,2.30124,VALID,Critical,CRITICAL_ALARM: Sensor data missing or invalid
2026-03-27 13:00:00+00:00,10.475,VALID,,,170.183968,VALID,2.2837140000000002,VALID,Critical,CRITICAL_ALARM: Sensor data missing or invalid
2026-03-27 14:00:00+00:00,10.4,VALID,,,168.272584,VALID,2.276094,VALID,Critical,CRITICAL_ALARM: Sensor data missing or invalid
2026-03-27 15:00:00+00:00,10.325000000000001,VALID,,,175.139408,VALID,2.302002,VALID,Critical,CRITICAL_ALARM: Sensor data missing or invalid
2026-03-27 16:00:00+00:00,10.3,VALID,,,195.881464,VALID,2.375916,VALID,Critical,CRITICAL_ALARM: Sensor data missing or invalid
2026-03-27 17:00:00+00:00,10.2,VALID,,,219.313616,VALID,2.454402,VALID,Critical,CRITICAL_ALARM: Sensor data missing or invalid
2026-03-27 18:00:00+00:00,10.25,VALID,,,233.472016,VALID,2.4993600000000002,VALID,Critical,CRITICAL_ALARM: Sensor data missing or invalid
2026-03-27 19:00:00+00:00,10.375,VALID,,,239.064584,VALID,2.516886,VALID,Critical,CRITICAL_ALARM: Sensor data missing or invalid
2026-03-27 20:00:00+00:00,10.5,VALID,,,240.834384,VALID,2.52222,VALID,Critical,CRITICAL_ALARM: Sensor data missing or invalid
2026-03-27 21:00:00+00:00,10.7,VALID,,,241.542304,VALID,2.5245059999999997,VALID,Critical,CRITICAL_ALARM: Sensor data missing or invalid
2026-03-27 22:00:00+00:00,10.9,VALID,,,241.117552,VALID,2.522982,VALID,Critical,CRITICAL_ALARM: Sensor data missing or invalid
2026-03-27 23:00:00+00:00,11.05,VALID,,,239.843296,VALID,2.519172,VALID,Critical,CRITICAL_ALARM: Sensor data missing or invalid
2026-03-28 00:00:00+00:00,11.1,VALID,,,241.04676,VALID,2.522982,VALID,Critical,CRITICAL_ALARM: Sensor data missing or invalid
2026-03-28 01:00:00+00:00,11.125,VALID,,,245.29428000000001,VALID,2.5359360000000004,VALID,Critical,CRITICAL_ALARM: Sensor data missing or invalid
2026-03-28 02:00:00+00:00,11.1,VALID,,,249.89576,VALID,2.549652,VALID,Critical,CRITICAL_ALARM: Sensor data missing or invalid
2026-03-28 03:00:00+00:00,11.125,VALID,,,253.152192,VALID,2.5595580000000004,VALID,Critical,CRITICAL_ALARM: Sensor data missing or invalid
2026-03-28 04:00:00+00:00,11.2,VALID,,,254.99278399999997,VALID,2.5648920000000004,VALID,Critical,CRITICAL_ALARM: Sensor data missing or invalid
2026-03-28 05:00:00+00:00,11.2,VALID,,,254.426448,VALID,2.5633680000000005,VALID,Critical,CRITICAL_ALARM: Sensor data missing or invalid
2026-03-28 06:00:00+00:00,11.2,VALID,,,250.108136,VALID,2.550414,VALID,Critical,CRITICAL_ALARM: Sensor data missing or invalid
2026-03-28 07:00:00+00:00,11.125,VALID,,,244.869528,VALID,2.534412,VALID,Critical,CRITICAL_ALARM: Sensor data missing or invalid
2026-03-28 08:00:00+00:00,10.975,VALID,,,233.401224,VALID,2.4993600000000002,VALID,Critical,CRITICAL_ALARM: Sensor data missing or invalid
2026-03-28 09:00:00+00:00,10.825000000000001,VALID,,,215.278472,VALID,2.4414480000000003,VALID,Critical,CRITICAL_ALARM: Sensor data missing or invalid
2026-03-28 10:00:00+00:00,10.674999999999999,VALID,,,197.15572,VALID,2.380488,VALID,Critical,CRITICAL_ALARM: Sensor data missing or invalid
2026-03-28 11:00:00+00:00,10.55,VALID,,,183.634448,VALID,2.333244,VALID,Critical,CRITICAL_ALARM: Sensor data missing or invalid
2026-03-28 12:00:00+00:00,10.45,VALID,,,174.714656,VALID,2.300478,VALID,Critical,CRITICAL_ALARM: Sensor data missing or invalid
2026-03-28 13:00:00+00:00,10.375,VALID,,,169.971592,VALID,2.2829520000000003,VALID,Critical,CRITICAL_ALARM: Sensor data missing or invalid
2026-03-28 14:00:00+00:00,10.3,VALID,,,175.776536,VALID,2.304288,VALID,Critical,CRITICAL_ALARM: Sensor data missing or invalid
2026-03-28 15:00:00+00:00,10.225,VALID,,,196.306216,VALID,2.37744,VALID,Critical,CRITICAL_ALARM: Sensor data missing or invalid
2026-03-28 16:00:00+00:00,10.2,VALID,,,215.986392,VALID,2.443734,VALID,Critical,CRITICAL_ALARM: Sensor data missing or invalid
2026-03-28 17:00:00+00:00,10.2,VALID,,,226.392816,VALID,2.477262,VALID,Critical,CRITICAL_ALARM: Sensor data missing or invalid
2026-03-28 18:00:00+00:00,10.225,VALID,,,230.711128,VALID,2.490978,VALID,Critical,CRITICAL_ALARM: Sensor data missing or invalid
2026-03-28 19:00:00+00:00,10.3,VALID,,,232.19776000000002,VALID,2.49555,VALID,Critical,CRITICAL_ALARM: Sensor data missing or invalid
2026-03-28 20:00:00+00:00,10.425,VALID,,,232.90568000000002,VALID,2.497836,VALID,Critical,CRITICAL_ALARM: Sensor data missing or invalid
2026-03-28 21:00:00+00:00,10.55,VALID,,,232.480928,VALID,2.496312,VALID,Critical,CRITICAL_ALARM: Sensor data missing or invalid
2026-03-28 22:00:00+00:00,10.674999999999999,VALID,,,232.19776000000002,VALID,2.49555,VALID,Critical,CRITICAL_ALARM: Sensor data missing or invalid
2026-03-28 23:00:00+00:00,10.825000000000001,VALID,,,232.90568000000002,VALID,2.497836,VALID,Critical,CRITICAL_ALARM: Sensor data missing or invalid
2026-03-29 00:00:00+00:00,10.975,VALID,,,234.67548,VALID,2.5031700000000003,VALID,Critical,CRITICAL_ALARM: Sensor data missing or invalid
2026-03-29 01:00:00+00:00,11.0,VALID,,,237.86112,VALID,2.513076,VALID,Critical,CRITICAL_ALARM: Sensor data missing or invalid
2026-03-29 02:00:00+00:00,10.975,VALID,,,243.595272,VALID,2.530602,VALID,Critical,CRITICAL_ALARM: Sensor data missing or invalid
2026-03-29 03:00:00+00:00,10.9,VALID,,,248.409128,VALID,2.54508,VALID,Critical,CRITICAL_ALARM: Sensor data missing or invalid
2026-03-29 04:00:00+00:00,10.975,VALID,,,251.877936,VALID,2.5557480000000004,VALID,Critical,CRITICAL_ALARM: Sensor data missing or invalid
2026-03-29 05:00:00+00:00,11.0,VALID,,,253.718528,VALID,2.5610820000000003,VALID,Critical,CRITICAL_ALARM: Sensor data missing or invalid
2026-03-29 06:00:00+00:00,11.0,VALID,,,251.594768,VALID,2.554986,VALID,Critical,CRITICAL_ALARM: Sensor data missing or invalid
2026-03-29 07:00:00+00:00,10.95,VALID,,,242.81655999999998,VALID,2.5283160000000002,VALID,Critical,CRITICAL_ALARM: Sensor data missing or invalid
2026-03-29 08:00:00+00:00,10.850000000000001,VALID,,,229.295288,VALID,2.486406,VALID,Critical,CRITICAL_ALARM: Sensor data missing or invalid
2026-03-29 09:00:00+00:00,10.75,VALID,,,210.393824,VALID,2.425446,VALID,Critical,CRITICAL_ALARM: Sensor data missing or invalid
2026-03-29 10:00:00+00:00,10.649999999999999,VALID,,,193.332952,VALID,2.367534,VALID,Critical,CRITICAL_ALARM: Sensor data missing or invalid
2026-03-29 11:00:00+00:00,10.55,VALID,,,181.298312,VALID,2.324862,VALID,Critical,CRITICAL_ALARM: Sensor data missing or invalid
2026-03-29 12:00:00+00:00,10.45,VALID,,,174.14831999999998,VALID,2.2981920000000002,VALID,Critical,CRITICAL_ALARM: Sensor data missing or invalid
2026-03-29 13:00:00+00:00,10.4,VALID,,,169.688424,VALID,2.281428,VALID,Critical,CRITICAL_ALARM: Sensor data missing or invalid
2026-03-29 14:00:00+00:00,10.3,VALID,,,175.351784,VALID,2.3027640000000003,VALID,Critical,CRITICAL_ALARM: Sensor data missing or invalid
2026-03-29 15:00:00+00:00,10.3,VALID,,,195.810672,VALID,2.375916,VALID,Critical,CRITICAL_ALARM: Sensor data missing or invalid
2026-03-29 16:00:00+00:00,10.2,VALID,,,215.56163999999998,VALID,2.44221,VALID,Critical,CRITICAL_ALARM: Sensor data missing or invalid
2026-03-29 17:00:00+00:00,10.275,VALID,,,226.39281599999998,VALID,2.477262,VALID,Critical,CRITICAL_ALARM: Sensor data missing or invalid
2026-03-29 18:00:00+00:00,10.350000000000001,VALID,,,230.074,VALID,2.4886920000000003,VALID,Critical,CRITICAL_ALARM: Sensor data missing or invalid
2026-03-29 19:00:00+00:00,10.525,VALID,,,230.92350399999998,VALID,2.49174,VALID,Critical,CRITICAL_ALARM: Sensor data missing or invalid
2026-03-29 20:00:00+00:00,10.625,VALID,,,232.410136,VALID,2.496312,VALID,Critical,CRITICAL_ALARM: Sensor data missing or invalid
2026-03-29 21:00:00+00:00,10.775,VALID,,,232.480928,VALID,2.496312,VALID,Critical,CRITICAL_ALARM: Sensor data missing or invalid
2026-03-29 22:00:00+00:00,10.875,VALID,,,232.622512,VALID,2.497074,VALID,Critical,CRITICAL_ALARM: Sensor data missing or invalid
2026-03-29 23:00:00+00:00,10.975,VALID,,,233.401224,VALID,2.4993600000000002,VALID,Critical,CRITICAL_ALARM: Sensor data missing or invalid
2026-03-30 00:00:00+00:00,11.0,VALID,,,234.392312,VALID,2.502408,VALID,Critical,CRITICAL_ALARM: Sensor data missing or invalid
2026-03-30 01:00:00+00:00,11.0,VALID,,,237.57795199999998,VALID,2.512314,VALID,Critical,CRITICAL_ALARM: Sensor data missing or invalid
2026-03-30 02:00:00+00:00,11.0,VALID,,,243.028936,VALID,2.529078,VALID,Critical,CRITICAL_ALARM: Sensor data missing or invalid
2026-03-30 03:00:00+00:00,11.0,VALID,,,248.12596,VALID,2.544318,VALID,Critical,CRITICAL_ALARM: Sensor data missing or invalid
2026-03-30 04:00:00+00:00,11.0,VALID,,,251.87793599999998,VALID,2.5557480000000004,VALID,Critical,CRITICAL_ALARM: Sensor data missing or invalid
2026-03-30 05:00:00+00:00,11.0,VALID,,,253.152192,VALID,2.5595580000000004,VALID,Critical,CRITICAL_ALARM: Sensor data missing or invalid
2026-03-30 06:00:00+00:00,10.925,VALID,,,250.60368,VALID,2.5519380000000003,VALID,Critical,CRITICAL_ALARM: Sensor data missing or invalid
2026-03-30 07:00:00+00:00,10.875,VALID,,,242.321016,VALID,2.5267920000000004,VALID,Critical,CRITICAL_ALARM: Sensor data missing or invalid
2026-03-30 08:00:00+00:00,10.8,VALID,,,229.01211999999998,VALID,2.485644,VALID,Critical,CRITICAL_ALARM: Sensor data missing or invalid
2026-03-30 09:00:00+00:00,10.75,VALID,,,210.889368,VALID,2.42697,VALID,Critical,CRITICAL_ALARM: Sensor data missing or invalid
2026-03-30 10:00:00+00:00,10.7,VALID,,,193.89928799999998,VALID,2.3690580000000003,VALID,Critical,CRITICAL_ALARM: Sensor data missing or invalid
2026-03-30 11:00:00+00:00,10.625,VALID,,,181.510688,VALID,2.325624,VALID,Critical,CRITICAL_ALARM: Sensor data missing or invalid
2026-03-30 12:00:00+00:00,10.6,VALID,,,173.935944,VALID,2.2974300000000003,VALID,Critical,CRITICAL_ALARM: Sensor data missing or invalid
2026-03-30 13:00:00+00:00,10.525,VALID,,,169.476048,VALID,2.280666,VALID,Critical,CRITICAL_ALARM: Sensor data missing or invalid
2026-03-30 14:00:00+00:00,10.475,VALID,,,174.927032,VALID,2.30124,VALID,Critical,CRITICAL_ALARM: Sensor data missing or invalid
2026-03-30 15:00:00+00:00,10.4,VALID,,,196.306216,VALID,2.37744,VALID,Critical,CRITICAL_ALARM: Sensor data missing or invalid
2026-03-30 16:00:00+00:00,10.4,VALID,,,219.596784,VALID,2.455164,VALID,Critical,CRITICAL_ALARM: Sensor data missing or invalid
2026-03-30 17:00:00+00:00,10.4,VALID,,,235.171024,VALID,2.504694,VALID,Critical,CRITICAL_ALARM: Sensor data missing or invalid
2026-03-30 18:00:00+00:00,10.475,VALID,,,243.312104,VALID,2.52984,VALID,Critical,CRITICAL_ALARM: Sensor data missing or invalid
2026-03-30 19:00:00+00:00,10.625,VALID,,,243.38289600000002,VALID,2.52984,VALID,Critical,CRITICAL_ALARM: Sensor data missing or invalid
2026-03-30 20:00:00+00:00,10.75,VALID,,,241.329928,VALID,2.5237439999999998,VALID,Critical,CRITICAL_ALARM: Sensor data missing or invalid
2026-03-30 21:00:00+00:00,10.875,VALID,,,238.14428800000002,VALID,2.5138380000000002,VALID,Critical,CRITICAL_ALARM: Sensor data missing or invalid
2026-03-30 22:00:00+00:00,11.025,VALID,,,236.87003199999998,VALID,2.510028,VALID,Critical,CRITICAL_ALARM: Sensor data missing or invalid
2026-03-30 23:00:00+00:00,11.1,VALID,,,237.082408,VALID,2.51079,VALID,Critical,CRITICAL_ALARM: Sensor data missing or invalid
2026-03-31 00:00:00+00:00,11.174999999999999,VALID,,,241.61309599999998,VALID,2.524506,VALID,Critical,CRITICAL_ALARM: Sensor data missing or invalid
2026-03-31 01:00:00+00:00,11.2,VALID,,,248.12596,VALID,2.544318,VALID,Critical,CRITICAL_ALARM: Sensor data missing or invalid
2026-03-31 02:00:00+00:00,11.2,VALID,,,251.66556,VALID,2.5549860000000004,VALID,Critical,CRITICAL_ALARM: Sensor data missing or invalid
2026-03-31 03:00:00+00:00,11.2,VALID,,,254.70961599999998,VALID,2.5641300000000005,VALID,Critical,CRITICAL_ALARM: Sensor data missing or invalid
2026-03-31 04:00:00+00:00,11.2,VALID,,,256.26704,VALID,2.568702,VALID,Critical,CRITICAL_ALARM: Sensor data missing or invalid
2026-03-31 05:00:00+00:00,11.2,VALID,,,256.550208,VALID,2.569464,VALID,Critical,CRITICAL_ALARM: Sensor data missing or invalid
2026-03-31 06:00:00+00:00,11.2,VALID,,,256.833376,VALID,2.570226,VALID,Critical,CRITICAL_ALARM: Sensor data missing or invalid
2026-03-31 07:00:00+00:00,11.1,VALID,,,253.718528,VALID,2.5610820000000003,VALID,Critical,CRITICAL_ALARM: Sensor data missing or invalid
2026-03-31 08:00:00+00:00,11.0,VALID,,,241.329928,VALID,2.523744,VALID,Critical,CRITICAL_ALARM: Sensor data missing or invalid
2026-03-31 09:00:00+00:00,10.925,VALID,,,220.658664,VALID,2.458974,VALID,Critical,CRITICAL_ALARM: Sensor data missing or invalid
2026-03-31 10:00:00+00:00,10.825000000000001,VALID,,,200.058192,VALID,2.390394,VALID,Critical,CRITICAL_ALARM: Sensor data missing or invalid
2026-03-31 11:00:00+00:00,10.725,VALID,,,185.333456,VALID,2.33934,VALID,Critical,CRITICAL_ALARM: Sensor data missing or invalid
2026-03-31 12:00:00+00:00,10.625,VALID,,,175.988912,VALID,2.30505,VALID,Critical,CRITICAL_ALARM: Sensor data missing or invalid
2026-03-31 13:00:00+00:00,10.55,VALID,,,170.750304,VALID,2.286,VALID,Critical,CRITICAL_ALARM: Sensor data missing or invalid
2026-03-31 14:00:00+00:00,10.45,VALID,,,175.91812,VALID,2.30505,VALID,Critical,CRITICAL_ALARM: Sensor data missing or invalid
2026-03-31 15:00:00+00:00,10.4,VALID,,,197.014136,VALID,2.379726,VALID,Critical,CRITICAL_ALARM: Sensor data missing or invalid
2026-03-31 16:00:00+00:00,10.3,VALID,,,220.021536,VALID,2.456688,VALID,Critical,CRITICAL_ALARM: Sensor data missing or invalid
2026-03-31 17:00:00+00:00,10.275,VALID,,,237.648744,VALID,2.512314,VALID,Critical,CRITICAL_ALARM: Sensor data missing or invalid
2026-03-31 18:00:00+00:00,10.3,VALID,,,247.913584,VALID,2.543556,VALID,Critical,CRITICAL_ALARM: Sensor data missing or invalid
2026-03-31 19:00:00+00:00,10.350000000000001,VALID,,,247.913584,VALID,2.543556,VALID,Critical,CRITICAL_ALARM: Sensor data missing or invalid
2026-03-31 20:00:00+00:00,10.4,VALID,,,242.81655999999998,VALID,2.5283160000000002,VALID,Critical,CRITICAL_ALARM: Sensor data missing or invalid
2026-03-31 21:00:00+00:00,10.525,VALID,,,238.356664,VALID,2.5146,VALID,Critical,CRITICAL_ALARM: Sensor data missing or invalid
2026-03-31 22:00:00+00:00,10.625,VALID,,,234.392312,VALID,2.502408,VALID,Critical,CRITICAL_ALARM: Sensor data missing or invalid
2026-03-31 23:00:00+00:00,10.725,VALID,,,231.419048,VALID,2.493264,VALID,Critical,CRITICAL_ALARM: Sensor data missing or invalid
2026-04-01 00:00:00+00:00,10.8,VALID,,,231.206672,VALID,2.492502,VALID,Critical,CRITICAL_ALARM: Sensor data missing or invalid
2026-04-01 01:00:00+00:00,10.8,VALID,,,236.586864,VALID,2.509266,VALID,Critical,CRITICAL_ALARM: Sensor data missing or invalid
2026-04-01 02:00:00+00:00,10.875,VALID,,,243.099728,VALID,2.529078,VALID,Critical,CRITICAL_ALARM: Sensor data missing or invalid
2026-04-01 03:00:00+00:00,10.9,VALID,,,246.63932799999998,VALID,2.539746,VALID,Critical,CRITICAL_ALARM: Sensor data missing or invalid
2026-04-01 04:00:00+00:00,10.9,VALID,,,252.656648,VALID,2.558034,VALID,Critical,CRITICAL_ALARM: Sensor data missing or invalid
2026-04-01 05:00:00+00:00,10.875,VALID,,,255.70070399999997,VALID,2.567178,VALID,Critical,CRITICAL_ALARM: Sensor data missing or invalid
2026-04-01 06:00:00+00:00,10.8,VALID,,,254.49723999999998,VALID,2.563368,VALID,Critical,CRITICAL_ALARM: Sensor data missing or invalid
2026-04-01 07:00:00+00:00,10.725,VALID,,,253.506152,VALID,2.558034,VALID,Critical,CRITICAL_ALARM: Sensor data missing or invalid
2026-04-01 08:00:00+00:00,10.625,VALID,,,244.303192,VALID,2.523744,VALID,Critical,CRITICAL_ALARM: Sensor data missing or invalid
2026-04-01 09:00:00+00:00,10.525,VALID,,,231.348256,VALID,2.477262,VALID,Critical,CRITICAL_ALARM: Sensor data missing or invalid
2026-04-01 10:00:00+00:00,10.4,VALID,,,224.127472,VALID,2.449068,VALID,Critical,CRITICAL_ALARM: Sensor data missing or invalid
2026-04-01 11:00:00+00:00,10.225,VALID,,,223.70272,VALID,2.4475439999999997,VALID,Critical,CRITICAL_ALARM: Sensor data missing or invalid
2026-04-01 12:00:00+00:00,10.05,VALID,,,225.047768,VALID,2.4513540000000003,VALID,Critical,CRITICAL_ALARM: Sensor data missing or invalid
2026-04-01 13:00:00+00:00,9.925,VALID,,,225.047768,VALID,2.4513540000000003,VALID,Critical,CRITICAL_ALARM: Sensor data missing or invalid
2026-04-01 14:00:00+00:00,9.8,VALID,,,226.322024,VALID,2.4559260000000003,VALID,Critical,CRITICAL_ALARM: Sensor data missing or invalid
2026-04-01 15:00:00+00:00,9.725,VALID,,,228.091824,VALID,2.4612600000000002,VALID,Critical,CRITICAL_ALARM: Sensor data missing or invalid
2026-04-01 16:00:00+00:00,9.7,VALID,,,231.419048,VALID,2.471928,VALID,Critical,CRITICAL_ALARM: Sensor data missing or invalid
2026-04-01 17:00:00+00:00,9.7,VALID,,,234.817064,VALID,2.4825960000000005,VALID,Critical,CRITICAL_ALARM: Sensor data missing or invalid
2026-04-01 18:00:00+00:00,9.8,VALID,,,234.179936,VALID,2.4803100000000002,VALID,Critical,CRITICAL_ALARM: Sensor data missing or invalid
2026-04-01 19:00:00+00:00,9.850000000000001,VALID,,,236.87003199999998,VALID,2.4886920000000003,VALID,Critical,CRITICAL_ALARM: Sensor data missing or invalid
2026-04-01 20:00:00+00:00,9.95,VALID,,,238.356664,VALID,2.493264,VALID,Critical,CRITICAL_ALARM: Sensor data missing or invalid
2026-04-01 21:00:00+00:00,10.075,VALID,,,238.356664,VALID,2.493264,VALID,Critical,CRITICAL_ALARM: Sensor data missing or invalid
2026-04-01 22:00:00+00:00,10.149999999999999,VALID,,,239.560128,VALID,2.497074,VALID,Critical,CRITICAL_ALARM: Sensor data missing or invalid
2026-04-01 23:00:00+00:00,10.225,VALID,,,239.63092,VALID,2.497074,VALID,Critical,CRITICAL_ALARM: Sensor data missing or invalid
2026-04-02 00:00:00+00:00,10.3,VALID,,,239.135376,VALID,2.4955499999999997,VALID,Critical,CRITICAL_ALARM: Sensor data missing or invalid
2026-04-02 01:00:00+00:00,10.325000000000001,VALID,,,238.56904,VALID,2.494026,VALID,Critical,CRITICAL_ALARM: Sensor data missing or invalid
2026-04-02 02:00:00+00:00,10.4,VALID,,,239.064584,VALID,2.49555,VALID,Critical,CRITICAL_ALARM: Sensor data missing or invalid
2026-04-02 03:00:00+00:00,10.425,VALID,,,240.33884,VALID,2.4993600000000002,VALID,Critical,CRITICAL_ALARM: Sensor data missing or invalid
2026-04-02 04:00:00+00:00,10.5,VALID,,,240.409632,VALID,2.49936,VALID,Critical,CRITICAL_ALARM: Sensor data missing or invalid
2026-04-02 05:00:00+00:00,10.6,VALID,,,240.409632,VALID,2.49936,VALID,Critical,CRITICAL_ALARM: Sensor data missing or invalid
2026-04-02 06:00:00+00:00,10.6,VALID,,,238.56904,VALID,2.494026,VALID,Critical,CRITICAL_ALARM: Sensor data missing or invalid
2026-04-02 07:00:00+00:00,10.6,VALID,,,235.3834,VALID,2.4841200000000003,VALID,Critical,CRITICAL_ALARM: Sensor data missing or invalid
2026-04-02 08:00:00+00:00,10.475,VALID,,,232.19776000000002,VALID,2.474214,VALID,Critical,CRITICAL_ALARM: Sensor data missing or invalid
2026-04-02 09:00:00+00:00,10.350000000000001,VALID,,,230.286376,VALID,2.468118,VALID,Critical,CRITICAL_ALARM: Sensor data missing or invalid
2026-04-02 10:00:00+00:00,10.2,VALID,,,228.516576,VALID,2.462784,VALID,Critical,CRITICAL_ALARM: Sensor data missing or invalid
2026-04-02 11:00:00+00:00,10.025,VALID,,,227.879448,VALID,2.4604980000000003,VALID,Critical,CRITICAL_ALARM: Sensor data missing or invalid
2026-04-02 12:00:00+00:00,9.850000000000001,VALID,,,227.667072,VALID,2.4597360000000004,VALID,Critical,CRITICAL_ALARM: Sensor data missing or invalid
2026-04-02 13:00:00+00:00,9.649999999999999,VALID,,,227.59627999999998,VALID,2.4597360000000004,VALID,Critical,CRITICAL_ALARM: Sensor data missing or invalid
2026-04-02 14:00:00+00:00,9.525,VALID,,,228.30419999999998,VALID,2.462022,VALID,Critical,CRITICAL_ALARM: Sensor data missing or invalid
2026-04-02 15:00:00+00:00,9.4,VALID,,,230.074,VALID,2.467356,VALID,Critical,CRITICAL_ALARM: Sensor data missing or invalid
2026-04-02 16:00:00+00:00,9.325000000000001,VALID,,,231.914592,VALID,2.473452,VALID,Critical,CRITICAL_ALARM: Sensor data missing or invalid
2026-04-02 17:00:00+00:00,9.3,VALID,,,235.100232,VALID,2.4833580000000004,VALID,Critical,CRITICAL_ALARM: Sensor data missing or invalid
2026-04-02 18:00:00+00:00,9.375,VALID,,,237.082408,VALID,2.4894540000000003,VALID,Critical,CRITICAL_ALARM: Sensor data missing or invalid
2026-04-02 19:00:00+00:00,9.475,VALID,,,238.85220800000002,VALID,2.494788,VALID,Critical,CRITICAL_ALARM: Sensor data missing or invalid
2026-04-02 20:00:00+00:00,9.625,VALID,,,238.85220800000002,VALID,2.494788,VALID,Critical,CRITICAL_ALARM: Sensor data missing or invalid
2026-04-02 21:00:00+00:00,9.775,VALID,,,238.85220800000002,VALID,2.494788,VALID,Critical,CRITICAL_ALARM: Sensor data missing or invalid
2026-04-02 22:00:00+00:00,9.95,VALID,,,239.064584,VALID,2.49555,VALID,Critical,CRITICAL_ALARM: Sensor data missing or invalid
2026-04-02 23:00:00+00:00,10.1,VALID,,,238.073496,VALID,2.492502,VALID,Critical,CRITICAL_ALARM: Sensor data missing or invalid
2026-04-03 00:00:00+00:00,10.25,VALID,,,237.082408,VALID,2.4894540000000003,VALID,Critical,CRITICAL_ALARM: Sensor data missing or invalid
2026-04-03 01:00:00+00:00,10.375,VALID,,,237.86112,VALID,2.49174,VALID,Critical,CRITICAL_ALARM: Sensor data missing or invalid
2026-04-03 02:00:00+00:00,10.5,VALID,,,237.365576,VALID,2.490216,VALID,Critical,CRITICAL_ALARM: Sensor data missing or invalid
2026-04-03 03:00:00+00:00,10.625,VALID,,,237.365576,VALID,2.490216,VALID,Critical,CRITICAL_ALARM: Sensor data missing or invalid
2026-04-03 04:00:00+00:00,10.75,VALID,,,240.126464,VALID,2.498598,VALID,Critical,CRITICAL_ALARM: Sensor data missing or invalid
2026-04-03 05:00:00+00:00,10.8,VALID,,,239.135376,VALID,2.4955499999999997,VALID,Critical,CRITICAL_ALARM: Sensor data missing or invalid
2026-04-03 06:00:00+00:00,10.9,VALID,,,235.80815199999998,VALID,2.485644,VALID,Critical,CRITICAL_ALARM: Sensor data missing or invalid
2026-04-03 07:00:00+00:00,10.8,VALID,,,231.702216,VALID,2.47269,VALID,Critical,CRITICAL_ALARM: Sensor data missing or invalid
2026-04-03 08:00:00+00:00,10.7,VALID,,,228.587368,VALID,2.462784,VALID,Critical,CRITICAL_ALARM: Sensor data missing or invalid
2026-04-03 09:00:00+00:00,10.525,VALID,,,226.463608,VALID,2.4559260000000003,VALID,Critical,CRITICAL_ALARM: Sensor data missing or invalid
2026-04-03 10:00:00+00:00,10.350000000000001,VALID,,,227.59627999999998,VALID,2.4597360000000004,VALID,Critical,CRITICAL_ALARM: Sensor data missing or invalid
2026-04-03 11:00:00+00:00,10.149999999999999,VALID,,,228.79974399999998,VALID,2.463546,VALID,Critical,CRITICAL_ALARM: Sensor data missing or invalid
2026-04-03 12:00:00+00:00,9.95,VALID,,,229.082912,VALID,2.464308,VALID,Critical,CRITICAL_ALARM: Sensor data missing or invalid
2026-04-03 13:00:00+00:00,9.8,VALID,,,228.30419999999998,VALID,2.462022,VALID,Critical,CRITICAL_ALARM: Sensor data missing or invalid
2026-04-03 14:00:00+00:00,9.649999999999999,VALID,,,227.59627999999998,VALID,2.4597360000000004,VALID,Critical,CRITICAL_ALARM: Sensor data missing or invalid
2026-04-03 15:00:00+00:00,9.525,VALID,,,228.091824,VALID,2.4612600000000002,VALID,Critical,CRITICAL_ALARM: Sensor data missing or invalid
2026-04-03 16:00:00+00:00,9.4,VALID,,,231.985384,VALID,2.473452,VALID,Critical,CRITICAL_ALARM: Sensor data missing or invalid
2026-04-03 17:00:00+00:00,9.3,VALID,,,234.817064,VALID,2.4825960000000005,VALID,Critical,CRITICAL_ALARM: Sensor data missing or invalid
2026-04-03 18:00:00+00:00,9.3,VALID,,,237.365576,VALID,2.490216,VALID,Critical,CRITICAL_ALARM: Sensor data missing or invalid
2026-04-03 19:00:00+00:00,9.325000000000001,VALID,,,239.560128,VALID,2.497074,VALID,Critical,CRITICAL_ALARM: Sensor data missing or invalid
2026-04-03 20:00:00+00:00,9.45,VALID,,,240.126464,VALID,2.498598,VALID,Critical,CRITICAL_ALARM: Sensor data missing or invalid
2026-04-03 21:00:00+00:00,9.575,VALID,,,240.622008,VALID,2.500122,VALID,Critical,CRITICAL_ALARM: Sensor data missing or invalid
2026-04-03 22:00:00+00:00,9.75,VALID,,,240.126464,VALID,2.498598,VALID,Critical,CRITICAL_ALARM: Sensor data missing or invalid
2026-04-03 23:00:00+00:00,9.925,VALID,,,239.63092,VALID,2.497074,VALID,Critical,CRITICAL_ALARM: Sensor data missing or invalid
2026-04-04 00:00:00+00:00,10.0,VALID,,,240.126464,VALID,2.498598,VALID,Critical,CRITICAL_ALARM: Sensor data missing or invalid
2026-04-04 01:00:00+00:00,10.0,VALID,,,240.126464,VALID,2.498598,VALID,Critical,CRITICAL_ALARM: Sensor data missing or invalid
2026-04-04 02:00:00+00:00,10.0,VALID,,,239.560128,VALID,2.497074,VALID,Critical,CRITICAL_ALARM: Sensor data missing or invalid
2026-04-04 03:00:00+00:00,10.0,VALID,,,240.055672,VALID,2.4985980000000003,VALID,Critical,CRITICAL_ALARM: Sensor data missing or invalid
2026-04-04 04:00:00+00:00,10.05,VALID,,,240.126464,VALID,2.498598,VALID,Critical,CRITICAL_ALARM: Sensor data missing or invalid
2026-04-04 05:00:00+00:00,10.149999999999999,VALID,,,239.560128,VALID,2.497074,VALID,Critical,CRITICAL_ALARM: Sensor data missing or invalid
2026-04-04 06:00:00+00:00,10.25,VALID,,,238.56904,VALID,2.494026,VALID,Critical,CRITICAL_ALARM: Sensor data missing or invalid
2026-04-04 07:00:00+00:00,10.3,VALID,,,235.3834,VALID,2.4841200000000003,VALID,Critical,CRITICAL_ALARM: Sensor data missing or invalid
2026-04-04 08:00:00+00:00,10.3,VALID,,,232.834888,VALID,2.4765000000000006,VALID,Critical,CRITICAL_ALARM: Sensor data missing or invalid
2026-04-04 09:00:00+00:00,10.2,VALID,,,230.498752,VALID,2.46888,VALID,Critical,CRITICAL_ALARM: Sensor data missing or invalid
2026-04-04 10:00:00+00:00,10.075,VALID,,,228.79974399999998,VALID,2.463546,VALID,Critical,CRITICAL_ALARM: Sensor data missing or invalid
2026-04-04 11:00:00+00:00,9.95,VALID,,,227.667072,VALID,2.4597360000000004,VALID,Critical,CRITICAL_ALARM: Sensor data missing or invalid
2026-04-04 12:00:00+00:00,9.850000000000001,VALID,,,227.10073599999998,VALID,2.4582120000000005,VALID,Critical,CRITICAL_ALARM: Sensor data missing or invalid
2026-04-04 13:00:00+00:00,9.75,VALID,,,226.5344,VALID,2.456688,VALID,Critical,CRITICAL_ALARM: Sensor data missing or invalid
2026-04-04 14:00:00+00:00,9.649999999999999,VALID,,,225.89727200000002,VALID,2.4544020000000004,VALID,Critical,CRITICAL_ALARM: Sensor data missing or invalid
2026-04-04 15:00:00+00:00,9.575,VALID,,,226.322024,VALID,2.4559260000000003,VALID,Critical,CRITICAL_ALARM: Sensor data missing or invalid
2026-04-04 16:00:00+00:00,9.5,VALID,,,226.817568,VALID,2.45745,VALID,Critical,CRITICAL_ALARM: Sensor data missing or invalid
2026-04-04 17:00:00+00:00,9.4,VALID,,,230.994296,VALID,2.4704040000000003,VALID,Critical,CRITICAL_ALARM: Sensor data missing or invalid
2026-04-04 18:00:00+00:00,9.525,VALID,,,234.887856,VALID,2.482596,VALID,Critical,CRITICAL_ALARM: Sensor data missing or invalid
2026-04-04 19:00:00+00:00,9.649999999999999,VALID,,,236.586864,VALID,2.4879300000000004,VALID,Critical,CRITICAL_ALARM: Sensor data missing or invalid
2026-04-04 20:00:00+00:00,9.850000000000001,VALID,,,238.14428800000002,VALID,2.492502,VALID,Critical,CRITICAL_ALARM: Sensor data missing or invalid
2026-04-04 21:00:00+00:00,10.075,VALID,,,238.14428800000002,VALID,2.492502,VALID,Critical,CRITICAL_ALARM: Sensor data missing or invalid
2026-04-04 22:00:00+00:00,10.3,VALID,,,238.14428800000002,VALID,2.492502,VALID,Critical,CRITICAL_ALARM: Sensor data missing or invalid
2026-04-04 23:00:00+00:00,10.45,VALID,,,239.064584,VALID,2.49555,VALID,Critical,CRITICAL_ALARM: Sensor data missing or invalid
2026-04-05 00:00:00+00:00,10.55,VALID,,,239.064584,VALID,2.49555,VALID,Critical,CRITICAL_ALARM: Sensor data missing or invalid
2026-04-05 01:00:00+00:00,10.575,VALID,,,239.064584,VALID,2.49555,VALID,Critical,CRITICAL_ALARM: Sensor data missing or invalid
2026-04-05 02:00:00+00:00,10.5,VALID,,,239.064584,VALID,2.49555,VALID,Critical,CRITICAL_ALARM: Sensor data missing or invalid
2026-04-05 03:00:00+00:00,10.525,VALID,,,239.064584,VALID,2.49555,VALID,Critical,CRITICAL_ALARM: Sensor data missing or invalid
2026-04-05 04:00:00+00:00,10.6,VALID,,,239.27696,VALID,2.496312,VALID,Critical,CRITICAL_ALARM: Sensor data missing or invalid
2026-04-05 05:00:00+00:00,10.7,VALID,,,237.648744,VALID,2.490978,VALID,Critical,CRITICAL_ALARM: Sensor data missing or invalid
2026-04-05 06:00:00+00:00,10.8,VALID,,,234.67548,VALID,2.481834,VALID,Critical,CRITICAL_ALARM: Sensor data missing or invalid
2026-04-05 07:00:00+00:00,10.8,VALID,,,230.994296,VALID,2.4704040000000003,VALID,Critical,CRITICAL_ALARM: Sensor data missing or invalid
2026-04-05 08:00:00+00:00,10.75,VALID,,,229.082912,VALID,2.464308,VALID,Critical,CRITICAL_ALARM: Sensor data missing or invalid
2026-04-05 09:00:00+00:00,10.625,VALID,,,227.879448,VALID,2.4604980000000003,VALID,Critical,CRITICAL_ALARM: Sensor data missing or invalid
2026-04-05 10:00:00+00:00,10.525,VALID,,,227.667072,VALID,2.4597360000000004,VALID,Critical,CRITICAL_ALARM: Sensor data missing or invalid
2026-04-05 11:00:00+00:00,10.4,VALID,,,227.667072,VALID,2.4597360000000004,VALID,Critical,CRITICAL_ALARM: Sensor data missing or invalid
2026-04-05 12:00:00+00:00,10.350000000000001,VALID,,,227.667072,VALID,2.4597360000000004,VALID,Critical,CRITICAL_ALARM: Sensor data missing or invalid
2026-04-05 13:00:00+00:00,10.3,VALID,,,228.09182399999997,VALID,2.4612600000000002,VALID,Critical,CRITICAL_ALARM: Sensor data missing or invalid
2026-04-05 14:00:00+00:00,10.3,VALID,,,227.667072,VALID,2.4597360000000004,VALID,Critical,CRITICAL_ALARM: Sensor data missing or invalid
2026-04-05 15:00:00+00:00,10.25,VALID,,,227.59627999999998,VALID,2.4597360000000004,VALID,Critical,CRITICAL_ALARM: Sensor data missing or invalid
2026-04-05 16:00:00+00:00,10.2,VALID,,,228.79974399999998,VALID,2.463546,VALID,Critical,CRITICAL_ALARM: Sensor data missing or invalid
2026-04-05 17:00:00+00:00,10.2,VALID,,,231.914592,VALID,2.473452,VALID,Critical,CRITICAL_ALARM: Sensor data missing or invalid
2026-04-05 18:00:00+00:00,10.225,VALID,,,235.171024,VALID,2.483358,VALID,Critical,CRITICAL_ALARM: Sensor data missing or invalid
2026-04-05 19:00:00+00:00,10.325000000000001,VALID,,,236.87003199999998,VALID,2.4886920000000003,VALID,Critical,CRITICAL_ALARM: Sensor data missing or invalid
2026-04-05 20:00:00+00:00,10.425,VALID,,,237.86112,VALID,2.49174,VALID,Critical,CRITICAL_ALARM: Sensor data missing or invalid
2026-04-05 21:00:00+00:00,10.55,VALID,,,239.27696,VALID,2.496312,VALID,Critical,CRITICAL_ALARM: Sensor data missing or invalid
2026-04-05 22:00:00+00:00,10.674999999999999,VALID,,,239.560128,VALID,2.497074,VALID,Critical,CRITICAL_ALARM: Sensor data missing or invalid
2026-04-05 23:00:00+00:00,10.75,VALID,,,239.560128,VALID,2.497074,VALID,Critical,CRITICAL_ALARM: Sensor data missing or invalid
2026-04-06 00:00:00+00:00,10.8,VALID,,,239.843296,VALID,2.497836,VALID,Critical,CRITICAL_ALARM: Sensor data missing or invalid
2026-04-06 01:00:00+00:00,10.8,VALID,,,239.34775199999999,VALID,2.496312,VALID,Critical,CRITICAL_ALARM: Sensor data missing or invalid
2026-04-06 02:00:00+00:00,10.725,VALID,,,240.409632,VALID,2.49936,VALID,Critical,CRITICAL_ALARM: Sensor data missing or invalid
2026-04-06 03:00:00+00:00,10.7,VALID,,,239.347752,VALID,2.496312,VALID,Critical,CRITICAL_ALARM: Sensor data missing or invalid
2026-04-06 04:00:00+00:00,10.75,VALID,,,239.560128,VALID,2.497074,VALID,Critical,CRITICAL_ALARM: Sensor data missing or invalid
2026-04-06 05:00:00+00:00,10.8,VALID,,,238.14428800000002,VALID,2.492502,VALID,Critical,CRITICAL_ALARM: Sensor data missing or invalid
2026-04-06 06:00:00+00:00,10.9,VALID,,,235.595776,VALID,2.4848820000000003,VALID,Critical,CRITICAL_ALARM: Sensor data missing or invalid
2026-04-06 07:00:00+00:00,10.9,VALID,,,232.410136,VALID,2.474976,VALID,Critical,CRITICAL_ALARM: Sensor data missing or invalid
2026-04-06 08:00:00+00:00,10.875,VALID,,,230.286376,VALID,2.468118,VALID,Critical,CRITICAL_ALARM: Sensor data missing or invalid
2026-04-06 09:00:00+00:00,10.75,VALID,,,228.516576,VALID,2.462784,VALID,Critical,CRITICAL_ALARM: Sensor data missing or invalid
2026-04-06 10:00:00+00:00,10.625,VALID,,,228.09182399999997,VALID,2.4612600000000002,VALID,Critical,CRITICAL_ALARM: Sensor data missing or invalid
2026-04-06 11:00:00+00:00,10.45,VALID,,,227.667072,VALID,2.4597360000000004,VALID,Critical,CRITICAL_ALARM: Sensor data missing or invalid
2026-04-06 12:00:00+00:00,10.325000000000001,VALID,,,227.383904,VALID,2.4589740000000004,VALID,Critical,CRITICAL_ALARM: Sensor data missing or invalid
2026-04-06 13:00:00+00:00,10.2,VALID,,,227.667072,VALID,2.4597360000000004,VALID,Critical,CRITICAL_ALARM: Sensor data missing or invalid
2026-04-06 14:00:00+00:00,10.149999999999999,VALID,,,227.171528,VALID,2.4582120000000005,VALID,Critical,CRITICAL_ALARM: Sensor data missing or invalid
2026-04-06 15:00:00+00:00,10.1,VALID,,,228.374992,VALID,2.462022,VALID,Critical,CRITICAL_ALARM: Sensor data missing or invalid
2026-04-06 16:00:00+00:00,10.1,VALID,,,231.48984000000002,VALID,2.471928,VALID,Critical,CRITICAL_ALARM: Sensor data missing or invalid
2026-04-06 17:00:00+00:00,10.174999999999999,VALID,,,234.392312,VALID,2.481072,VALID,Critical,CRITICAL_ALARM: Sensor data missing or invalid
2026-04-06 18:00:00+00:00,10.2,VALID,,,236.87003199999998,VALID,2.4886920000000003,VALID,Critical,CRITICAL_ALARM: Sensor data missing or invalid
2026-04-06 19:00:00+00:00,10.275,VALID,,,237.86112,VALID,2.49174,VALID,Critical,CRITICAL_ALARM: Sensor data missing or invalid
2026-04-06 20:00:00+00:00,10.375,VALID,,,238.639832,VALID,2.494026,VALID,Critical,CRITICAL_ALARM: Sensor data missing or invalid
2026-04-06 21:00:00+00:00,10.475,VALID,,,238.85220800000002,VALID,2.494788,VALID,Critical,CRITICAL_ALARM: Sensor data missing or invalid
2026-04-06 22:00:00+00:00,10.55,VALID,,,238.85220800000002,VALID,2.494788,VALID,Critical,CRITICAL_ALARM: Sensor data missing or invalid
2026-04-06 23:00:00+00:00,10.6,VALID,,,239.843296,VALID,2.497836,VALID,Critical,CRITICAL_ALARM: Sensor data missing or invalid
2026-04-07 00:00:00+00:00,10.7,VALID,,,239.843296,VALID,2.497836,VALID,Critical,CRITICAL_ALARM: Sensor data missing or invalid
2026-04-07 01:00:00+00:00,10.775,VALID,,,240.409632,VALID,2.49936,VALID,Critical,CRITICAL_ALARM: Sensor data missing or invalid
2026-04-07 02:00:00+00:00,10.8,VALID,,,239.27696,VALID,2.496312,VALID,Critical,CRITICAL_ALARM: Sensor data missing or invalid
2026-04-07 03:00:00+00:00,10.8,VALID,,,240.409632,VALID,2.49936,VALID,Critical,CRITICAL_ALARM: Sensor data missing or invalid
2026-04-07 04:00:00+00:00,10.8,VALID,,,239.347752,VALID,2.496312,VALID,Critical,CRITICAL_ALARM: Sensor data missing or invalid
2026-04-07 05:00:00+00:00,10.8,VALID,,,239.560128,VALID,2.497074,VALID,Critical,CRITICAL_ALARM: Sensor data missing or invalid
2026-04-07 06:00:00+00:00,10.775,VALID,,,238.56904,VALID,2.494026,VALID,Critical,CRITICAL_ALARM: Sensor data missing or invalid
2026-04-07 07:00:00+00:00,10.7,VALID,,,235.171024,VALID,2.483358,VALID,Critical,CRITICAL_ALARM: Sensor data missing or invalid
2026-04-07 08:00:00+00:00,10.649999999999999,VALID,,,232.126968,VALID,2.474214,VALID,Critical,CRITICAL_ALARM: Sensor data missing or invalid
2026-04-07 09:00:00+00:00,10.6,VALID,,,230.498752,VALID,2.46888,VALID,Critical,CRITICAL_ALARM: Sensor data missing or invalid
2026-04-07 10:00:00+00:00,10.525,VALID,,,229.36608,VALID,2.4650700000000003,VALID,Critical,CRITICAL_ALARM: Sensor data missing or invalid
2026-04-07 11:00:00+00:00,10.5,VALID,,,228.30419999999998,VALID,2.462022,VALID,Critical,CRITICAL_ALARM: Sensor data missing or invalid
2026-04-07 12:00:00+00:00,10.475,VALID,,,227.667072,VALID,2.4597360000000004,VALID,Critical,CRITICAL_ALARM: Sensor data missing or invalid
2026-04-07 13:00:00+00:00,10.4,VALID,,,227.383904,VALID,2.4589740000000004,VALID,Critical,CRITICAL_ALARM: Sensor data missing or invalid
2026-04-07 14:00:00+00:00,10.4,VALID,,,227.383904,VALID,2.4589740000000004,VALID,Critical,CRITICAL_ALARM: Sensor data missing or invalid
2026-04-07 15:00:00+00:00,10.4,VALID,,,227.383904,VALID,2.4589740000000004,VALID,Critical,CRITICAL_ALARM: Sensor data missing or invalid
2026-04-07 16:00:00+00:00,10.325000000000001,VALID,,,228.79974399999998,VALID,2.463546,VALID,Critical,CRITICAL_ALARM: Sensor data missing or invalid
2026-04-07 17:00:00+00:00,10.375,VALID,,,231.985384,VALID,2.473452,VALID,Critical,CRITICAL_ALARM: Sensor data missing or invalid
2026-04-07 18:00:00+00:00,10.425,VALID,,,234.67548,VALID,2.481834,VALID,Critical,CRITICAL_ALARM: Sensor data missing or invalid
2026-04-07 19:00:00+00:00,10.575,VALID,,,237.1532,VALID,2.4894540000000003,VALID,Critical,CRITICAL_ALARM: Sensor data missing or invalid
2026-04-07 20:00:00+00:00,10.725,VALID,,,238.427456,VALID,2.493264,VALID,Critical,CRITICAL_ALARM: Sensor data missing or invalid
2026-04-07 21:00:00+00:00,10.850000000000001,VALID,,,239.064584,VALID,2.49555,VALID,Critical,CRITICAL_ALARM: Sensor data missing or invalid
2026-04-07 22:00:00+00:00,11.0,VALID,,,239.27696,VALID,2.496312,VALID,Critical,CRITICAL_ALARM: Sensor data missing or invalid
2026-04-07 23:00:00+00:00,11.149999999999999,VALID,,,238.852208,VALID,2.494788,VALID,Critical,CRITICAL_ALARM: Sensor data missing or invalid
2026-04-08 00:00:00+00:00,11.2,VALID,,,239.27696,VALID,2.496312,VALID,Critical,CRITICAL_ALARM: Sensor data missing or invalid
2026-04-08 01:00:00+00:00,11.225,VALID,,,239.064584,VALID,2.49555,VALID,Critical,CRITICAL_ALARM: Sensor data missing or invalid
2026-04-08 02:00:00+00:00,11.275,VALID,,,238.85220800000002,VALID,2.494788,VALID,Critical,CRITICAL_ALARM: Sensor data missing or invalid
2026-04-08 03:00:00+00:00,11.3,VALID,,,238.852208,VALID,2.494788,VALID,Critical,CRITICAL_ALARM: Sensor data missing or invalid
2026-04-08 04:00:00+00:00,11.325000000000001,VALID,,,240.622008,VALID,2.500122,VALID,Critical,CRITICAL_ALARM: Sensor data missing or invalid
2026-04-08 05:00:00+00:00,11.4,VALID,,,239.63092,VALID,2.497074,VALID,Critical,CRITICAL_ALARM: Sensor data missing or invalid
2026-04-08 06:00:00+00:00,11.4,VALID,,,239.27696,VALID,2.496312,VALID,Critical,CRITICAL_ALARM: Sensor data missing or invalid
2026-04-08 07:00:00+00:00,11.4,VALID,,,238.85220800000002,VALID,2.494788,VALID,Critical,CRITICAL_ALARM: Sensor data missing or invalid
2026-04-08 08:00:00+00:00,11.4,VALID,,,236.16211199999998,VALID,2.486406,VALID,Critical,CRITICAL_ALARM: Sensor data missing or invalid
2026-04-08 09:00:00+00:00,11.275,VALID,,,232.90568,VALID,2.4765,VALID,Critical,CRITICAL_ALARM: Sensor data missing or invalid
2026-04-08 10:00:00+00:00,11.149999999999999,VALID,,,231.206672,VALID,2.471166,VALID,Critical,CRITICAL_ALARM: Sensor data missing or invalid
2026-04-08 11:00:00+00:00,10.975,VALID,,,229.578456,VALID,2.4658320000000002,VALID,Critical,CRITICAL_ALARM: Sensor data missing or invalid
2026-04-08 12:00:00+00:00,10.825000000000001,VALID,,,228.516576,VALID,2.462784,VALID,Critical,CRITICAL_ALARM: Sensor data missing or invalid
2026-04-08 13:00:00+00:00,10.649999999999999,VALID,,,227.879448,VALID,2.4604980000000003,VALID,Critical,CRITICAL_ALARM: Sensor data missing or invalid
2026-04-08 14:00:00+00:00,10.55,VALID,,,228.09182399999997,VALID,2.4612600000000002,VALID,Critical,CRITICAL_ALARM: Sensor data missing or invalid
2026-04-08 15:00:00+00:00,10.475,VALID,,,227.879448,VALID,2.4604980000000003,VALID,Critical,CRITICAL_ALARM: Sensor data missing or invalid
2026-04-08 16:00:00+00:00,10.4,VALID,,,229.082912,VALID,2.464308,VALID,Critical,CRITICAL_ALARM: Sensor data missing or invalid
2026-04-08 17:00:00+00:00,10.4,VALID,,,231.702216,VALID,2.47269,VALID,Critical,CRITICAL_ALARM: Sensor data missing or invalid
2026-04-08 18:00:00+00:00,10.475,VALID,,,234.392312,VALID,2.481072,VALID,Critical,CRITICAL_ALARM: Sensor data missing or invalid
2026-04-08 19:00:00+00:00,10.625,VALID,,,237.1532,VALID,2.4894540000000003,VALID,Critical,CRITICAL_ALARM: Sensor data missing or invalid
2026-04-08 20:00:00+00:00,10.75,VALID,,,238.14428800000002,VALID,2.492502,VALID,Critical,CRITICAL_ALARM: Sensor data missing or invalid
2026-04-08 21:00:00+00:00,10.95,VALID,,,238.356664,VALID,2.493264,VALID,Critical,CRITICAL_ALARM: Sensor data missing or invalid
2026-04-08 22:00:00+00:00,11.149999999999999,VALID,,,239.064584,VALID,2.49555,VALID,Critical,CRITICAL_ALARM: Sensor data missing or invalid
2026-04-08 23:00:00+00:00,11.350000000000001,VALID,,,239.064584,VALID,2.49555,VALID,Critical,CRITICAL_ALARM: Sensor data missing or invalid
2026-04-09 00:00:00+00:00,11.475,VALID,,,239.27696,VALID,2.496312,VALID,Critical,CRITICAL_ALARM: Sensor data missing or invalid
2026-04-09 01:00:00+00:00,11.6,VALID,,,239.27696,VALID,2.496312,VALID,Critical,CRITICAL_ALARM: Sensor data missing or invalid
2026-04-09 02:00:00+00:00,11.6,VALID,,,240.126464,VALID,2.498598,VALID,Critical,CRITICAL_ALARM: Sensor data missing or invalid
2026-04-09 03:00:00+00:00,11.6,VALID,,,239.843296,VALID,2.497836,VALID,Critical,CRITICAL_ALARM: Sensor data missing or invalid
2026-04-09 04:00:00+00:00,11.6,VALID,,,239.560128,VALID,2.497074,VALID,Critical,CRITICAL_ALARM: Sensor data missing or invalid
2026-04-09 05:00:00+00:00,11.7,VALID,,,240.409632,VALID,2.49936,VALID,Critical,CRITICAL_ALARM: Sensor data missing or invalid
2026-04-09 06:00:00+00:00,11.7,VALID,,,239.843296,VALID,2.497836,VALID,Critical,CRITICAL_ALARM: Sensor data missing or invalid
2026-04-09 07:00:00+00:00,11.674999999999999,VALID,,,238.356664,VALID,2.493264,VALID,Critical,CRITICAL_ALARM: Sensor data missing or invalid
2026-04-09 08:00:00+00:00,11.55,VALID,,,235.3834,VALID,2.4841200000000003,VALID,Critical,CRITICAL_ALARM: Sensor data missing or invalid
2026-04-09 09:00:00+00:00,11.4,VALID,,,232.693304,VALID,2.4757379999999998,VALID,Critical,CRITICAL_ALARM: Sensor data missing or invalid
2026-04-09 10:00:00+00:00,11.25,VALID,,,230.92350399999998,VALID,2.4704040000000003,VALID,Critical,CRITICAL_ALARM: Sensor data missing or invalid
2026-04-09 11:00:00+00:00,11.05,VALID,,,230.074,VALID,2.467356,VALID,Critical,CRITICAL_ALARM: Sensor data missing or invalid
2026-04-09 12:00:00+00:00,10.9,VALID,,,228.516576,VALID,2.462784,VALID,Critical,CRITICAL_ALARM: Sensor data missing or invalid
2026-04-09 13:00:00+00:00,10.775,VALID,,,228.516576,VALID,2.462784,VALID,Critical,CRITICAL_ALARM: Sensor data missing or invalid
2026-04-09 14:00:00+00:00,10.674999999999999,VALID,,,228.30419999999998,VALID,2.462022,VALID,Critical,CRITICAL_ALARM: Sensor data missing or invalid
2026-04-09 15:00:00+00:00,10.6,VALID,,,229.153704,VALID,2.4643080000000004,VALID,Critical,CRITICAL_ALARM: Sensor data missing or invalid
2026-04-09 16:00:00+00:00,10.6,VALID,,,231.702216,VALID,2.47269,VALID,Critical,CRITICAL_ALARM: Sensor data missing or invalid
2026-04-09 17:00:00+00:00,10.6,VALID,,,234.60468799999998,VALID,2.481834,VALID,Critical,CRITICAL_ALARM: Sensor data missing or invalid
2026-04-09 18:00:00+00:00,10.674999999999999,VALID,,,236.657656,VALID,2.48793,VALID,Critical,CRITICAL_ALARM: Sensor data missing or invalid
2026-04-09 19:00:00+00:00,10.825000000000001,VALID,,,238.427456,VALID,2.493264,VALID,Critical,CRITICAL_ALARM: Sensor data missing or invalid
2026-04-09 20:00:00+00:00,11.0,VALID,,,237.86112,VALID,2.49174,VALID,Critical,CRITICAL_ALARM: Sensor data missing or invalid
2026-04-09 21:00:00+00:00,11.2,VALID,,,239.135376,VALID,2.4955499999999997,VALID,Critical,CRITICAL_ALARM: Sensor data missing or invalid
2026-04-09 22:00:00+00:00,11.4,VALID,,,238.14428800000002,VALID,2.492502,VALID,Critical,CRITICAL_ALARM: Sensor data missing or invalid
2026-04-09 23:00:00+00:00,11.575,VALID,,,239.27696,VALID,2.496312,VALID,Critical,CRITICAL_ALARM: Sensor data missing or invalid
2026-04-10 00:00:00+00:00,11.674999999999999,VALID,,,240.126464,VALID,2.498598,VALID,Critical,CRITICAL_ALARM: Sensor data missing or invalid
2026-04-10 01:00:00+00:00,11.725,VALID,,,239.843296,VALID,2.497836,VALID,Critical,CRITICAL_ALARM: Sensor data missing or invalid
2026-04-10 02:00:00+00:00,11.8,VALID,,,240.622008,VALID,2.500122,VALID,Critical,CRITICAL_ALARM: Sensor data missing or invalid
2026-04-10 03:00:00+00:00,11.8,VALID,,,241.329928,VALID,2.502408,VALID,Critical,CRITICAL_ALARM: Sensor data missing or invalid
2026-04-10 04:00:00+00:00,11.8,VALID,,,240.622008,VALID,2.500122,VALID,Critical,CRITICAL_ALARM: Sensor data missing or invalid
2026-04-10 05:00:00+00:00,11.8,VALID,,,240.409632,VALID,2.49936,VALID,Critical,CRITICAL_ALARM: Sensor data missing or invalid
2026-04-10 06:00:00+00:00,11.8,VALID,,,239.63092,VALID,2.497074,VALID,Critical,CRITICAL_ALARM: Sensor data missing or invalid
2026-04-10 07:00:00+00:00,11.775,VALID,,,237.365576,VALID,2.490216,VALID,Critical,CRITICAL_ALARM: Sensor data missing or invalid
2026-04-10 08:00:00+00:00,11.625,VALID,,,234.392312,VALID,2.481072,VALID,Critical,CRITICAL_ALARM: Sensor data missing or invalid
2026-04-10 09:00:00+00:00,11.45,VALID,,,232.19776000000002,VALID,2.474214,VALID,Critical,CRITICAL_ALARM: Sensor data missing or invalid
2026-04-10 10:00:00+00:00,11.2,VALID,,,230.711128,VALID,2.4696420000000003,VALID,Critical,CRITICAL_ALARM: Sensor data missing or invalid
2026-04-10 11:00:00+00:00,11.0,VALID,,,229.861624,VALID,2.466594,VALID,Critical,CRITICAL_ALARM: Sensor data missing or invalid
2026-04-10 12:00:00+00:00,10.825000000000001,VALID,,,228.516576,VALID,2.462784,VALID,Critical,CRITICAL_ALARM: Sensor data missing or invalid
2026-04-10 13:00:00+00:00,10.649999999999999,VALID,,,228.30419999999998,VALID,2.462022,VALID,Critical,CRITICAL_ALARM: Sensor data missing or invalid
2026-04-10 14:00:00+00:00,10.55,VALID,,,227.879448,VALID,2.4604980000000003,VALID,Critical,CRITICAL_ALARM: Sensor data missing or invalid
2026-04-10 15:00:00+00:00,10.5,VALID,,,229.01211999999998,VALID,2.464308,VALID,Critical,CRITICAL_ALARM: Sensor data missing or invalid
2026-04-10 16:00:00+00:00,10.5,VALID,,,230.994296,VALID,2.4704040000000003,VALID,Critical,CRITICAL_ALARM: Sensor data missing or invalid
2026-04-10 17:00:00+00:00,10.5,VALID,,,234.887856,VALID,2.482596,VALID,Critical,CRITICAL_ALARM: Sensor data missing or invalid
2026-04-10 18:00:00+00:00,10.625,VALID,,,236.657656,VALID,2.48793,VALID,Critical,CRITICAL_ALARM: Sensor data missing or invalid
2026-04-10 19:00:00+00:00,10.725,VALID,,,237.86112,VALID,2.49174,VALID,Critical,CRITICAL_ALARM: Sensor data missing or invalid
2026-04-10 20:00:00+00:00,10.825000000000001,VALID,,,238.073496,VALID,2.492502,VALID,Critical,CRITICAL_ALARM: Sensor data missing or invalid
2026-04-10 21:00:00+00:00,10.9,VALID,,,238.56904,VALID,2.494026,VALID,Critical,CRITICAL_ALARM: Sensor data missing or invalid
2026-04-10 22:00:00+00:00,11.0,VALID,,,239.560128,VALID,2.497074,VALID,Critical,CRITICAL_ALARM: Sensor data missing or invalid
2026-04-10 23:00:00+00:00,11.05,VALID,,,239.560128,VALID,2.497074,VALID,Critical,CRITICAL_ALARM: Sensor data missing or invalid
2026-04-11 00:00:00+00:00,11.125,VALID,,,239.560128,VALID,2.497074,VALID,Critical,CRITICAL_ALARM: Sensor data missing or invalid
2026-04-11 01:00:00+00:00,11.2,VALID,,,240.33884,VALID,2.4993600000000002,VALID,Critical,CRITICAL_ALARM: Sensor data missing or invalid
2026-04-11 02:00:00+00:00,11.2,VALID,,,240.126464,VALID,2.498598,VALID,Critical,CRITICAL_ALARM: Sensor data missing or invalid
2026-04-11 03:00:00+00:00,11.2,VALID,,,240.409632,VALID,2.49936,VALID,Critical,CRITICAL_ALARM: Sensor data missing or invalid
2026-04-11 04:00:00+00:00,11.2,VALID,,,242.10863999999998,VALID,2.504694,VALID,Critical,CRITICAL_ALARM: Sensor data missing or invalid
2026-04-11 05:00:00+00:00,11.174999999999999,VALID,,,242.81655999999998,VALID,2.5069800000000004,VALID,Critical,CRITICAL_ALARM: Sensor data missing or invalid
2026-04-11 06:00:00+00:00,11.1,VALID,,,242.10863999999998,VALID,2.504694,VALID,Critical,CRITICAL_ALARM: Sensor data missing or invalid
2026-04-11 07:00:00+00:00,11.1,VALID,,,239.843296,VALID,2.497836,VALID,Critical,CRITICAL_ALARM: Sensor data missing or invalid
2026-04-11 08:00:00+00:00,11.0,VALID,,,235.878944,VALID,2.485644,VALID,Critical,CRITICAL_ALARM: Sensor data missing or invalid
2026-04-11 09:00:00+00:00,10.925,VALID,,,232.622512,VALID,2.475738,VALID,Critical,CRITICAL_ALARM: Sensor data missing or invalid
2026-04-11 10:00:00+00:00,10.825000000000001,VALID,,,230.92350399999998,VALID,2.4704040000000003,VALID,Critical,CRITICAL_ALARM: Sensor data missing or invalid
2026-04-11 11:00:00+00:00,10.725,VALID,,,229.649248,VALID,2.4658320000000002,VALID,Critical,CRITICAL_ALARM: Sensor data missing or invalid
2026-04-11 12:00:00+00:00,10.625,VALID,,,228.79974399999998,VALID,2.463546,VALID,Critical,CRITICAL_ALARM: Sensor data missing or invalid
2026-04-11 13:00:00+00:00,10.55,VALID,,,228.516576,VALID,2.462784,VALID,Critical,CRITICAL_ALARM: Sensor data missing or invalid
2026-04-11 14:00:00+00:00,10.475,VALID,,,227.383904,VALID,2.4589740000000004,VALID,Critical,CRITICAL_ALARM: Sensor data missing or invalid
2026-04-11 15:00:00+00:00,10.4,VALID,,,227.383904,VALID,2.4589740000000004,VALID,Critical,CRITICAL_ALARM: Sensor data missing or invalid
2026-04-11 16:00:00+00:00,10.4,VALID,,,228.870536,VALID,2.463546,VALID,Critical,CRITICAL_ALARM: Sensor data missing or invalid
2026-04-11 17:00:00+00:00,10.375,VALID,,,230.003208,VALID,2.467356,VALID,Critical,CRITICAL_ALARM: Sensor data missing or invalid
2026-04-11 18:00:00+00:00,10.425,VALID,,,232.693304,VALID,2.475738,VALID,Critical,CRITICAL_ALARM: Sensor data missing or invalid
2026-04-11 19:00:00+00:00,10.55,VALID,,,236.16211199999998,VALID,2.486406,VALID,Critical,CRITICAL_ALARM: Sensor data missing or invalid
2026-04-11 20:00:00+00:00,10.7,VALID,,,237.43636800000002,VALID,2.490216,VALID,Critical,CRITICAL_ALARM: Sensor data missing or invalid
2026-04-11 21:00:00+00:00,10.925,VALID,,,238.073496,VALID,2.492502,VALID,Critical,CRITICAL_ALARM: Sensor data missing or invalid
2026-04-11 22:00:00+00:00,11.125,VALID,,,238.639832,VALID,2.494026,VALID,Critical,CRITICAL_ALARM: Sensor data missing or invalid
2026-04-11 23:00:00+00:00,11.25,VALID,,,238.356664,VALID,2.493264,VALID,Critical,CRITICAL_ALARM: Sensor data missing or invalid
2026-04-12 00:00:00+00:00,11.3,VALID,,,239.843296,VALID,2.497836,VALID,Critical,CRITICAL_ALARM: Sensor data missing or invalid
2026-04-12 01:00:00+00:00,11.275,VALID,,,239.347752,VALID,2.496312,VALID,Critical,CRITICAL_ALARM: Sensor data missing or invalid
2026-04-12 02:00:00+00:00,11.2,VALID,,,240.409632,VALID,2.49936,VALID,Critical,CRITICAL_ALARM: Sensor data missing or invalid
2026-04-12 03:00:00+00:00,11.2,VALID,,,240.622008,VALID,2.500122,VALID,Critical,CRITICAL_ALARM: Sensor data missing or invalid
2026-04-12 04:00:00+00:00,11.2,VALID,,,240.33884,VALID,2.4993600000000002,VALID,Critical,CRITICAL_ALARM: Sensor data missing or invalid
2026-04-12 05:00:00+00:00,11.2,VALID,,,239.135376,VALID,2.4955499999999997,VALID,Critical,CRITICAL_ALARM: Sensor data missing or invalid
2026-04-12 06:00:00+00:00,11.2,VALID,,,236.657656,VALID,2.48793,VALID,Critical,CRITICAL_ALARM: Sensor data missing or invalid
2026-04-12 07:00:00+00:00,11.1,VALID,,,232.693304,VALID,2.4757379999999998,VALID,Critical,CRITICAL_ALARM: Sensor data missing or invalid
2026-04-12 08:00:00+00:00,10.975,VALID,,,230.711128,VALID,2.469642,VALID,Critical,CRITICAL_ALARM: Sensor data missing or invalid
2026-04-12 09:00:00+00:00,10.775,VALID,,,229.578456,VALID,2.4658320000000002,VALID,Critical,CRITICAL_ALARM: Sensor data missing or invalid
2026-04-12 10:00:00+00:00,10.55,VALID,,,228.516576,VALID,2.462784,VALID,Critical,CRITICAL_ALARM: Sensor data missing or invalid
2026-04-12 11:00:00+00:00,10.325,VALID,,,228.09182399999997,VALID,2.4612600000000002,VALID,Critical,CRITICAL_ALARM: Sensor data missing or invalid
2026-04-12 12:00:00+00:00,10.05,VALID,,,228.09182399999997,VALID,2.4612600000000002,VALID,Critical,CRITICAL_ALARM: Sensor data missing or invalid
2026-04-12 13:00:00+00:00,9.850000000000001,VALID,,,227.383904,VALID,2.4589740000000004,VALID,Critical,CRITICAL_ALARM: Sensor data missing or invalid
2026-04-12 14:00:00+00:00,9.649999999999999,VALID,,,227.10073599999998,VALID,2.4582120000000005,VALID,Critical,CRITICAL_ALARM: Sensor data missing or invalid
2026-04-12 15:00:00+00:00,9.55,VALID,,,227.383904,VALID,2.4589740000000004,VALID,Critical,CRITICAL_ALARM: Sensor data missing or invalid
2026-04-12 16:00:00+00:00,9.5,VALID,,,228.374992,VALID,2.462022,VALID,Critical,CRITICAL_ALARM: Sensor data missing or invalid
2026-04-12 17:00:00+00:00,9.5,VALID,,,230.286376,VALID,2.468118,VALID,Critical,CRITICAL_ALARM: Sensor data missing or invalid
2026-04-12 18:00:00+00:00,9.625,VALID,,,233.684392,VALID,2.478786,VALID,Critical,CRITICAL_ALARM: Sensor data missing or invalid
2026-04-12 19:00:00+00:00,9.8,VALID,,,235.171024,VALID,2.483358,VALID,Critical,CRITICAL_ALARM: Sensor data missing or invalid
2026-04-12 20:00:00+00:00,9.975,VALID,,,238.356664,VALID,2.493264,VALID,Critical,CRITICAL_ALARM: Sensor data missing or invalid
2026-04-12 21:00:00+00:00,10.174999999999999,VALID,,,235.878944,VALID,2.485644,VALID,Critical,CRITICAL_ALARM: Sensor data missing or invalid
2026-04-12 22:00:00+00:00,10.275,VALID,,,239.135376,VALID,2.4955499999999997,VALID,Critical,CRITICAL_ALARM: Sensor data missing or invalid
2026-04-12 23:00:00+00:00,10.4,VALID,,,238.28587199999998,VALID,2.493264,VALID,Critical,CRITICAL_ALARM: Sensor data missing or invalid
2026-04-13 00:00:00+00:00,10.45,VALID,,,237.86112,VALID,2.49174,VALID,Critical,CRITICAL_ALARM: Sensor data missing or invalid
2026-04-13 01:00:00+00:00,10.5,VALID,,,238.356664,VALID,2.493264,VALID,Critical,CRITICAL_ALARM: Sensor data missing or invalid
2026-04-13 02:00:00+00:00,10.6,VALID,,,238.852208,VALID,2.494788,VALID,Critical,CRITICAL_ALARM: Sensor data missing or invalid
2026-04-13 03:00:00+00:00,10.6,VALID,,,240.834384,VALID,2.500884,VALID,Critical,CRITICAL_ALARM: Sensor data missing or invalid
2026-04-13 04:00:00+00:00,10.6,VALID,,,240.622008,VALID,2.500122,VALID,Critical,CRITICAL_ALARM: Sensor data missing or invalid
2026-04-13 05:00:00+00:00,10.6,VALID,,,239.843296,VALID,2.497836,VALID,Critical,CRITICAL_ALARM: Sensor data missing or invalid
2026-04-13 06:00:00+00:00,10.5,VALID,,,235.878944,VALID,2.485644,VALID,Critical,CRITICAL_ALARM: Sensor data missing or invalid
2026-04-13 07:00:00+00:00,10.45,VALID,,,233.330432,VALID,2.4780240000000004,VALID,Critical,CRITICAL_ALARM: Sensor data missing or invalid
2026-04-13 08:00:00+00:00,10.3,VALID,,,231.206672,VALID,2.471166,VALID,Critical,CRITICAL_ALARM: Sensor data missing or invalid
2026-04-13 09:00:00+00:00,10.1,VALID,,,230.286376,VALID,2.468118,VALID,Critical,CRITICAL_ALARM: Sensor data missing or invalid
2026-04-13 10:00:00+00:00,9.925,VALID,,,229.082912,VALID,2.464308,VALID,Critical,CRITICAL_ALARM: Sensor data missing or invalid
2026-04-13 11:00:00+00:00,9.75,VALID,,,228.30419999999998,VALID,2.462022,VALID,Critical,CRITICAL_ALARM: Sensor data missing or invalid
2026-04-13 12:00:00+00:00,9.55,VALID,,,227.667072,VALID,2.4597360000000004,VALID,Critical,CRITICAL_ALARM: Sensor data missing or invalid
2026-04-13 13:00:00+00:00,9.375,VALID,,,228.516576,VALID,2.462784,VALID,Critical,CRITICAL_ALARM: Sensor data missing or invalid
2026-04-13 14:00:00+00:00,9.275,VALID,,,227.879448,VALID,2.4604980000000003,VALID,Critical,CRITICAL_ALARM: Sensor data missing or invalid
2026-04-13 15:00:00+00:00,9.2,VALID,,,229.578456,VALID,2.4658320000000002,VALID,Critical,CRITICAL_ALARM: Sensor data missing or invalid
2026-04-13 16:00:00+00:00,9.2,VALID,,,231.702216,VALID,2.47269,VALID,Critical,CRITICAL_ALARM: Sensor data missing or invalid
2026-04-13 17:00:00+00:00,9.2,VALID,,,235.171024,VALID,2.483358,VALID,Critical,CRITICAL_ALARM: Sensor data missing or invalid
2026-04-13 18:00:00+00:00,9.25,VALID,,,237.082408,VALID,2.4894540000000003,VALID,Critical,CRITICAL_ALARM: Sensor data missing or invalid
2026-04-13 19:00:00+00:00,9.3,VALID,,,238.85220800000002,VALID,2.494788,VALID,Critical,CRITICAL_ALARM: Sensor data missing or invalid
2026-04-13 20:00:00+00:00,9.4,VALID,,,238.356664,VALID,2.493264,VALID,Critical,CRITICAL_ALARM: Sensor data missing or invalid
2026-04-13 21:00:00+00:00,9.45,VALID,,,238.781416,VALID,2.4947880000000002,VALID,Critical,CRITICAL_ALARM: Sensor data missing or invalid
2026-04-13 22:00:00+00:00,9.6,VALID,,,239.064584,VALID,2.49555,VALID,Critical,CRITICAL_ALARM: Sensor data missing or invalid
2026-04-13 23:00:00+00:00,9.625,VALID,,,239.843296,VALID,2.497836,VALID,Critical,CRITICAL_ALARM: Sensor data missing or invalid
2026-04-14 00:00:00+00:00,9.7,VALID,,,240.055672,VALID,2.4985980000000003,VALID,Critical,CRITICAL_ALARM: Sensor data missing or invalid
2026-04-14 01:00:00+00:00,9.7,VALID,,,239.27696,VALID,2.496312,VALID,Critical,CRITICAL_ALARM: Sensor data missing or invalid
2026-04-14 02:00:00+00:00,9.7,VALID,,,239.347752,VALID,2.496312,VALID,Critical,CRITICAL_ALARM: Sensor data missing or invalid
2026-04-14 03:00:00+00:00,9.7,VALID,,,238.56904,VALID,2.494026,VALID,Critical,CRITICAL_ALARM: Sensor data missing or invalid
2026-04-14 04:00:00+00:00,9.775,VALID,,,239.064584,VALID,2.49555,VALID,Critical,CRITICAL_ALARM: Sensor data missing or invalid
2026-04-14 05:00:00+00:00,9.8,VALID,,,239.914088,VALID,2.497836,VALID,Critical,CRITICAL_ALARM: Sensor data missing or invalid
2026-04-14 06:00:00+00:00,9.825000000000001,VALID,,,240.126464,VALID,2.498598,VALID,Critical,CRITICAL_ALARM: Sensor data missing or invalid
2026-04-14 07:00:00+00:00,9.9,VALID,,,236.657656,VALID,2.48793,VALID,Critical,CRITICAL_ALARM: Sensor data missing or invalid
2026-04-14 08:00:00+00:00,9.9,VALID,,,233.6136,VALID,2.4787860000000004,VALID,Critical,CRITICAL_ALARM: Sensor data missing or invalid
2026-04-14 09:00:00+00:00,9.9,VALID,,,232.19776000000002,VALID,2.474214,VALID,Critical,CRITICAL_ALARM: Sensor data missing or invalid
2026-04-14 10:00:00+00:00,9.8,VALID,,,230.074,VALID,2.467356,VALID,Critical,CRITICAL_ALARM: Sensor data missing or invalid
2026-04-14 11:00:00+00:00,9.8,VALID,,,228.79974399999998,VALID,2.463546,VALID,Critical,CRITICAL_ALARM: Sensor data missing or invalid
2026-04-14 12:00:00+00:00,9.775,VALID,,,228.79974399999998,VALID,2.463546,VALID,Critical,CRITICAL_ALARM: Sensor data missing or invalid
2026-04-14 13:00:00+00:00,9.7,VALID,,,228.30419999999998,VALID,2.462022,VALID,Critical,CRITICAL_ALARM: Sensor data missing or invalid
2026-04-14 14:00:00+00:00,9.8,VALID,,,228.09182399999997,VALID,2.4612600000000002,VALID,Critical,CRITICAL_ALARM: Sensor data missing or invalid
2026-04-14 15:00:00+00:00,9.8,VALID,,,229.790832,VALID,2.466594,VALID,Critical,CRITICAL_ALARM: Sensor data missing or invalid
2026-04-14 16:00:00+00:00,9.8,VALID,,,232.480928,VALID,2.474976,VALID,Critical,CRITICAL_ALARM: Sensor data missing or invalid
2026-04-14 17:00:00+00:00,9.8,VALID,,,235.45419199999998,VALID,2.48412,VALID,Critical,CRITICAL_ALARM: Sensor data missing or invalid
2026-04-14 18:00:00+00:00,9.8,VALID,,,237.365576,VALID,2.490216,VALID,Critical,CRITICAL_ALARM: Sensor data missing or invalid
2026-04-14 19:00:00+00:00,9.8,VALID,,,236.87003199999998,VALID,2.4886920000000003,VALID,Critical,CRITICAL_ALARM: Sensor data missing or invalid
2026-04-14 20:00:00+00:00,9.8,VALID,,,238.073496,VALID,2.492502,VALID,Critical,CRITICAL_ALARM: Sensor data missing or invalid
2026-04-14 21:00:00+00:00,9.925,VALID,,,237.86112,VALID,2.49174,VALID,Critical,CRITICAL_ALARM: Sensor data missing or invalid
2026-04-14 22:00:00+00:00,10.025,VALID,,,237.790328,VALID,2.49174,VALID,Critical,CRITICAL_ALARM: Sensor data missing or invalid
2026-04-14 23:00:00+00:00,10.1,VALID,,,239.63092,VALID,2.497074,VALID,Critical,CRITICAL_ALARM: Sensor data missing or invalid
2026-04-15 00:00:00+00:00,10.174999999999999,VALID,,,239.135376,VALID,2.4955499999999997,VALID,Critical,CRITICAL_ALARM: Sensor data missing or invalid
2026-04-15 01:00:00+00:00,10.2,VALID,,,239.560128,VALID,2.497074,VALID,Critical,CRITICAL_ALARM: Sensor data missing or invalid
2026-04-15 02:00:00+00:00,10.125,VALID,,,240.126464,VALID,2.498598,VALID,Critical,CRITICAL_ALARM: Sensor data missing or invalid
2026-04-15 03:00:00+00:00,10.1,VALID,,,240.409632,VALID,2.49936,VALID,Critical,CRITICAL_ALARM: Sensor data missing or invalid
2026-04-15 04:00:00+00:00,10.1,VALID,,,240.409632,VALID,2.49936,VALID,Critical,CRITICAL_ALARM: Sensor data missing or invalid
2026-04-15 05:00:00+00:00,10.1,VALID,,,240.409632,VALID,2.49936,VALID,Critical,CRITICAL_ALARM: Sensor data missing or invalid
2026-04-15 06:00:00+00:00,10.125,VALID,,,239.34775199999999,VALID,2.496312,VALID,Critical,CRITICAL_ALARM: Sensor data missing or invalid
2026-04-15 07:00:00+00:00,10.2,VALID,,,236.16211199999998,VALID,2.486406,VALID,Critical,CRITICAL_ALARM: Sensor data missing or invalid
2026-04-15 08:00:00+00:00,10.275,VALID,,,233.188848,VALID,2.477262,VALID,Critical,CRITICAL_ALARM: Sensor data missing or invalid
2026-04-15 09:00:00+00:00,10.375,VALID,,,231.206672,VALID,2.471166,VALID,Critical,CRITICAL_ALARM: Sensor data missing or invalid
2026-04-15 10:00:00+00:00,10.4,VALID,,,229.861624,VALID,2.466594,VALID,Critical,CRITICAL_ALARM: Sensor data missing or invalid
2026-04-15 11:00:00+00:00,10.3,VALID,,,229.082912,VALID,2.464308,VALID,Critical,CRITICAL_ALARM: Sensor data missing or invalid
2026-04-15 12:00:00+00:00,10.225,VALID,,,228.30419999999998,VALID,2.462022,VALID,Critical,CRITICAL_ALARM: Sensor data missing or invalid
2026-04-15 13:00:00+00:00,10.1,VALID,,,228.30419999999998,VALID,2.462022,VALID,Critical,CRITICAL_ALARM: Sensor data missing or invalid
2026-04-15 14:00:00+00:00,10.0,VALID,,,228.30419999999998,VALID,2.462022,VALID,Critical,CRITICAL_ALARM: Sensor data missing or invalid
2026-04-15 15:00:00+00:00,9.9,VALID,,,229.578456,VALID,2.4658320000000002,VALID,Critical,CRITICAL_ALARM: Sensor data missing or invalid
2026-04-15 16:00:00+00:00,,,,,232.410136,VALID,2.474976,VALID,Critical,CRITICAL_ALARM: Sensor data missing or invalid
2026-04-15 17:00:00+00:00,,,,,235.66656799999998,VALID,2.4848820000000003,VALID,Critical,CRITICAL_ALARM: Sensor data missing or invalid
2026-04-15 18:00:00+00:00,9.933333333333334,VALID,,,237.294784,VALID,2.490216,VALID,Critical,CRITICAL_ALARM: Sensor data missing or invalid
2026-04-15 19:00:00+00:00,10.05,VALID,,,238.14428800000002,VALID,2.492502,VALID,Critical,CRITICAL_ALARM: Sensor data missing or invalid
2026-04-15 20:00:00+00:00,10.25,VALID,,,239.064584,VALID,2.49555,VALID,Critical,CRITICAL_ALARM: Sensor data missing or invalid
2026-04-15 21:00:00+00:00,10.475,VALID,,,238.852208,VALID,2.494788,VALID,Critical,CRITICAL_ALARM: Sensor data missing or invalid
2026-04-15 22:00:00+00:00,10.7,VALID,,,239.560128,VALID,2.497074,VALID,Critical,CRITICAL_ALARM: Sensor data missing or invalid
2026-04-15 23:00:00+00:00,10.925,VALID,,,239.064584,VALID,2.49555,VALID,Critical,CRITICAL_ALARM: Sensor data missing or invalid
2026-04-16 00:00:00+00:00,11.075,VALID,,,239.843296,VALID,2.497836,VALID,Critical,CRITICAL_ALARM: Sensor data missing or invalid
2026-04-16 01:00:00+00:00,11.2,VALID,,,239.560128,VALID,2.497074,VALID,Critical,CRITICAL_ALARM: Sensor data missing or invalid
2026-04-16 02:00:00+00:00,11.275,VALID,,,240.409632,VALID,2.49936,VALID,Critical,CRITICAL_ALARM: Sensor data missing or invalid
2026-04-16 03:00:00+00:00,11.3,VALID,,,240.622008,VALID,2.500122,VALID,Critical,CRITICAL_ALARM: Sensor data missing or invalid
2026-04-16 04:00:00+00:00,11.325000000000001,VALID,,,240.126464,VALID,2.498598,VALID,Critical,CRITICAL_ALARM: Sensor data missing or invalid
2026-04-16 05:00:00+00:00,11.4,VALID,,,240.126464,VALID,2.498598,VALID,Critical,CRITICAL_ALARM: Sensor data missing or invalid
2026-04-16 06:00:00+00:00,11.4,VALID,,,238.56904,VALID,2.494026,VALID,Critical,CRITICAL_ALARM: Sensor data missing or invalid
2026-04-16 07:00:00+00:00,11.4,VALID,,,235.66656799999998,VALID,2.4848820000000003,VALID,Critical,CRITICAL_ALARM: Sensor data missing or invalid
2026-04-16 08:00:00+00:00,11.325000000000001,VALID,,,232.976472,VALID,2.4764999999999997,VALID,Critical,CRITICAL_ALARM: Sensor data missing or invalid
2026-04-16 09:00:00+00:00,11.174999999999999,VALID,,,230.92350399999998,VALID,2.4704040000000003,VALID,Critical,CRITICAL_ALARM: Sensor data missing or invalid
2026-04-16 10:00:00+00:00,11.0,VALID,,,230.286376,VALID,2.468118,VALID,Critical,CRITICAL_ALARM: Sensor data missing or invalid
2026-04-16 11:00:00+00:00,10.8,VALID,,,229.36608,VALID,2.4650700000000003,VALID,Critical,CRITICAL_ALARM: Sensor data missing or invalid
2026-04-16 12:00:00+00:00,10.6,VALID,,,229.36608,VALID,2.4650700000000003,VALID,Critical,CRITICAL_ALARM: Sensor data missing or invalid
2026-04-16 13:00:00+00:00,10.45,VALID,,,228.587368,VALID,2.462784,VALID,Critical,CRITICAL_ALARM: Sensor data missing or invalid
2026-04-16 14:00:00+00:00,10.350000000000001,VALID,,,228.516576,VALID,2.462784,VALID,Critical,CRITICAL_ALARM: Sensor data missing or invalid
2026-04-16 15:00:00+00:00,10.3,VALID,,,229.50766399999998,VALID,2.465832,VALID,Critical,CRITICAL_ALARM: Sensor data missing or invalid
2026-04-16 16:00:00+00:00,10.3,VALID,,,232.622512,VALID,2.475738,VALID,Critical,CRITICAL_ALARM: Sensor data missing or invalid
2026-04-16 17:00:00+00:00,10.325000000000001,VALID,,,235.3834,VALID,2.4841200000000003,VALID,Critical,CRITICAL_ALARM: Sensor data missing or invalid
2026-04-16 18:00:00+00:00,10.425,VALID,,,235.878944,VALID,2.485644,VALID,Critical,CRITICAL_ALARM: Sensor data missing or invalid
2026-04-16 19:00:00+00:00,10.525,VALID,,,237.082408,VALID,2.4894540000000003,VALID,Critical,CRITICAL_ALARM: Sensor data missing or invalid
2026-04-16 20:00:00+00:00,10.625,VALID,,,238.781416,VALID,2.4947880000000002,VALID,Critical,CRITICAL_ALARM: Sensor data missing or invalid
2026-04-16 21:00:00+00:00,10.75,VALID,,,239.347752,VALID,2.496312,VALID,Critical,CRITICAL_ALARM: Sensor data missing or invalid
2026-04-16 22:00:00+00:00,10.9,VALID,,,239.843296,VALID,2.497836,VALID,Critical,CRITICAL_ALARM: Sensor data missing or invalid
2026-04-16 23:00:00+00:00,11.025,VALID,,,239.843296,VALID,2.497836,VALID,Critical,CRITICAL_ALARM: Sensor data missing or invalid
2026-04-17 00:00:00+00:00,11.125,VALID,,,238.85220800000002,VALID,2.494788,VALID,Critical,CRITICAL_ALARM: Sensor data missing or invalid
2026-04-17 01:00:00+00:00,11.2,VALID,,,239.843296,VALID,2.497836,VALID,Critical,CRITICAL_ALARM: Sensor data missing or invalid
2026-04-17 02:00:00+00:00,11.275,VALID,,,240.55121599999998,VALID,2.500122,VALID,Critical,CRITICAL_ALARM: Sensor data missing or invalid
2026-04-17 03:00:00+00:00,11.3,VALID,,,240.33884,VALID,2.4993600000000002,VALID,Critical,CRITICAL_ALARM: Sensor data missing or invalid
2026-04-17 04:00:00+00:00,11.350000000000001,VALID,,,241.04675999999998,VALID,2.501646,VALID,Critical,CRITICAL_ALARM: Sensor data missing or invalid
2026-04-17 05:00:00+00:00,11.4,VALID,,,240.622008,VALID,2.500122,VALID,Critical,CRITICAL_ALARM: Sensor data missing or invalid
2026-04-17 06:00:00+00:00,11.350000000000001,VALID,,,237.57795199999998,VALID,2.490978,VALID,Critical,CRITICAL_ALARM: Sensor data missing or invalid
2026-04-17 07:00:00+00:00,11.25,VALID,,,235.878944,VALID,2.485644,VALID,Critical,CRITICAL_ALARM: Sensor data missing or invalid
2026-04-17 08:00:00+00:00,11.1,VALID,,,229.082912,VALID,2.464308,VALID,Critical,CRITICAL_ALARM: Sensor data missing or invalid
2026-04-17 09:00:00+00:00,10.925,VALID,,,228.021032,VALID,2.4612600000000002,VALID,Critical,CRITICAL_ALARM: Sensor data missing or invalid
2026-04-17 10:00:00+00:00,10.725,VALID,,,225.47252,VALID,2.452878,VALID,Critical,CRITICAL_ALARM: Sensor data missing or invalid
2026-04-17 11:00:00+00:00,10.5,VALID,,,224.976976,VALID,2.4513540000000003,VALID,Critical,CRITICAL_ALARM: Sensor data missing or invalid
2026-04-17 12:00:00+00:00,10.325,VALID,,,224.48143199999998,VALID,2.44983,VALID,Critical,CRITICAL_ALARM: Sensor data missing or invalid
2026-04-17 13:00:00+00:00,10.149999999999999,VALID,,,222.853216,VALID,2.444496,VALID,Critical,CRITICAL_ALARM: Sensor data missing or invalid
2026-04-17 14:00:00+00:00,9.95,VALID,,,223.985888,VALID,2.448306,VALID,Critical,CRITICAL_ALARM: Sensor data missing or invalid
2026-04-17 15:00:00+00:00,9.850000000000001,VALID,,,228.587368,VALID,2.462784,VALID,Critical,CRITICAL_ALARM: Sensor data missing or invalid
2026-04-17 16:00:00+00:00,9.725,VALID,,,231.702216,VALID,2.47269,VALID,Critical,CRITICAL_ALARM: Sensor data missing or invalid
2026-04-17 17:00:00+00:00,9.625,VALID,,,231.914592,VALID,2.473452,VALID,Critical,CRITICAL_ALARM: Sensor data missing or invalid
2026-04-17 18:00:00+00:00,9.7,VALID,,,234.463104,VALID,2.481072,VALID,Critical,CRITICAL_ALARM: Sensor data missing or invalid
2026-04-17 19:00:00+00:00,9.775,VALID,,,234.463104,VALID,2.481072,VALID,Critical,CRITICAL_ALARM: Sensor data missing or invalid
2026-04-17 20:00:00+00:00,10.0,VALID,,,230.498752,VALID,2.46888,VALID,Critical,CRITICAL_ALARM: Sensor data missing or invalid
2026-04-17 21:00:00+00:00,10.25,VALID,,,233.401224,VALID,2.4780240000000004,VALID,Critical,CRITICAL_ALARM: Sensor data missing or invalid
2026-04-17 22:00:00+00:00,10.525,VALID,,,233.6136,VALID,2.4787860000000004,VALID,Critical,CRITICAL_ALARM: Sensor data missing or invalid
2026-04-17 23:00:00+00:00,10.75,VALID,,,233.472016,VALID,2.478024,VALID,Critical,CRITICAL_ALARM: Sensor data missing or invalid
2026-04-18 00:00:00+00:00,10.8,VALID,,,234.392312,VALID,2.481072,VALID,Critical,CRITICAL_ALARM: Sensor data missing or invalid
2026-04-18 01:00:00+00:00,10.8,VALID,,,235.66656799999998,VALID,2.4848820000000003,VALID,Critical,CRITICAL_ALARM: Sensor data missing or invalid
2026-04-18 02:00:00+00:00,10.8,VALID,,,237.86112,VALID,2.49174,VALID,Critical,CRITICAL_ALARM: Sensor data missing or invalid
2026-04-18 03:00:00+00:00,10.775,VALID,,,243.87844,VALID,2.510028,VALID,Critical,CRITICAL_ALARM: Sensor data missing or invalid
2026-04-18 04:00:00+00:00,10.7,VALID,,,253.43536,VALID,2.538984,VALID,Critical,CRITICAL_ALARM: Sensor data missing or invalid
2026-04-18 05:00:00+00:00,10.625,VALID,,,256.26704,VALID,2.5473660000000002,VALID,Critical,CRITICAL_ALARM: Sensor data missing or invalid
2026-04-18 06:00:00+00:00,10.525,VALID,,,250.67447199999998,VALID,2.530602,VALID,Critical,CRITICAL_ALARM: Sensor data missing or invalid
2026-04-18 07:00:00+00:00,10.375,VALID,,,243.382896,VALID,2.508504,VALID,Critical,CRITICAL_ALARM: Sensor data missing or invalid
2026-04-18 08:00:00+00:00,10.2,VALID,,,236.657656,VALID,2.48793,VALID,Critical,CRITICAL_ALARM: Sensor data missing or invalid
2026-04-18 09:00:00+00:00,9.975,VALID,,,232.622512,VALID,2.475738,VALID,Critical,CRITICAL_ALARM: Sensor data missing or invalid
2026-04-18 10:00:00+00:00,9.825000000000001,VALID,,,230.286376,VALID,2.468118,VALID,Critical,CRITICAL_ALARM: Sensor data missing or invalid
2026-04-18 11:00:00+00:00,9.725,VALID,,,228.79974399999998,VALID,2.463546,VALID,Critical,CRITICAL_ALARM: Sensor data missing or invalid
2026-04-18 12:00:00+00:00,9.7,VALID,,,227.879448,VALID,2.4604980000000003,VALID,Critical,CRITICAL_ALARM: Sensor data missing or invalid
2026-04-18 13:00:00+00:00,9.625,VALID,,,228.09182399999997,VALID,2.4612600000000002,VALID,Critical,CRITICAL_ALARM: Sensor data missing or invalid
2026-04-18 14:00:00+00:00,9.6,VALID,,,229.01211999999998,VALID,2.464308,VALID,Critical,CRITICAL_ALARM: Sensor data missing or invalid
2026-04-18 15:00:00+00:00,9.6,VALID,,,231.702216,VALID,2.47269,VALID,Critical,CRITICAL_ALARM: Sensor data missing or invalid
2026-04-18 16:00:00+00:00,9.6,VALID,,,232.90568000000002,VALID,2.4765,VALID,Critical,CRITICAL_ALARM: Sensor data missing or invalid
2026-04-18 17:00:00+00:00,9.674999999999999,VALID,,,233.6136,VALID,2.4787860000000004,VALID,Critical,CRITICAL_ALARM: Sensor data missing or invalid
2026-04-18 18:00:00+00:00,9.775,VALID,,,234.392312,VALID,2.481072,VALID,Critical,CRITICAL_ALARM: Sensor data missing or invalid
2026-04-18 19:00:00+00:00,9.975,VALID,,,234.60468799999998,VALID,2.481834,VALID,Critical,CRITICAL_ALARM: Sensor data missing or invalid
2026-04-18 20:00:00+00:00,10.2,VALID,,,233.896768,VALID,2.4795480000000003,VALID,Critical,CRITICAL_ALARM: Sensor data missing or invalid
2026-04-18 21:00:00+00:00,10.475,VALID,,,233.118056,VALID,2.477262,VALID,Critical,CRITICAL_ALARM: Sensor data missing or invalid
2026-04-18 22:00:00+00:00,10.7,VALID,,,233.896768,VALID,2.4795480000000003,VALID,Critical,CRITICAL_ALARM: Sensor data missing or invalid
2026-04-18 23:00:00+00:00,10.875,VALID,,,233.40122399999998,VALID,2.4780240000000004,VALID,Critical,CRITICAL_ALARM: Sensor data missing or invalid
2026-04-19 00:00:00+00:00,10.95,VALID,,,234.109144,VALID,2.4803100000000002,VALID,Critical,CRITICAL_ALARM: Sensor data missing or invalid
2026-04-19 01:00:00+00:00,10.925,VALID,,,234.60468799999998,VALID,2.481834,VALID,Critical,CRITICAL_ALARM: Sensor data missing or invalid
2026-04-19 02:00:00+00:00,10.875,VALID,,,236.37448799999999,VALID,2.487168,VALID,Critical,CRITICAL_ALARM: Sensor data missing or invalid
2026-04-19 03:00:00+00:00,10.8,VALID,,,240.33884,VALID,2.4993600000000002,VALID,Critical,CRITICAL_ALARM: Sensor data missing or invalid
2026-04-19 04:00:00+00:00,10.8,VALID,,,245.29428000000001,VALID,2.5146,VALID,Critical,CRITICAL_ALARM: Sensor data missing or invalid
2026-04-19 05:00:00+00:00,10.8,VALID,,,247.630416,VALID,2.521458,VALID,Critical,CRITICAL_ALARM: Sensor data missing or invalid
2026-04-19 06:00:00+00:00,10.8,VALID,,,243.312104,VALID,2.5085040000000003,VALID,Critical,CRITICAL_ALARM: Sensor data missing or invalid
2026-04-19 07:00:00+00:00,10.825000000000001,VALID,,,237.365576,VALID,2.490216,VALID,Critical,CRITICAL_ALARM: Sensor data missing or invalid
2026-04-19 08:00:00+00:00,10.95,VALID,,,233.118056,VALID,2.477262,VALID,Critical,CRITICAL_ALARM: Sensor data missing or invalid
2026-04-19 09:00:00+00:00,11.0,VALID,,,230.498752,VALID,2.4688800000000004,VALID,Critical,CRITICAL_ALARM: Sensor data missing or invalid
2026-04-19 10:00:00+00:00,11.0,VALID,,,229.295288,VALID,2.46507,VALID,Critical,CRITICAL_ALARM: Sensor data missing or invalid
2026-04-19 11:00:00+00:00,10.975,VALID,,,228.587368,VALID,2.462784,VALID,Critical,CRITICAL_ALARM: Sensor data missing or invalid
2026-04-19 12:00:00+00:00,10.9,VALID,,,227.879448,VALID,2.4604980000000003,VALID,Critical,CRITICAL_ALARM: Sensor data missing or invalid
2026-04-19 13:00:00+00:00,10.8,VALID,,,227.879448,VALID,2.4604980000000003,VALID,Critical,CRITICAL_ALARM: Sensor data missing or invalid
2026-04-19 14:00:00+00:00,10.775,VALID,,,228.587368,VALID,2.462784,VALID,Critical,CRITICAL_ALARM: Sensor data missing or invalid
2026-04-19 15:00:00+00:00,10.7,VALID,,,231.702216,VALID,2.47269,VALID,Critical,CRITICAL_ALARM: Sensor data missing or invalid
2026-04-19 16:00:00+00:00,10.7,VALID,,,232.622512,VALID,2.475738,VALID,Critical,CRITICAL_ALARM: Sensor data missing or invalid
2026-04-19 17:00:00+00:00,10.775,VALID,,,234.179936,VALID,2.4803100000000002,VALID,Critical,CRITICAL_ALARM: Sensor data missing or invalid
2026-04-19 18:00:00+00:00,10.850000000000001,VALID,,,233.896768,VALID,2.4795480000000003,VALID,Critical,CRITICAL_ALARM: Sensor data missing or invalid
2026-04-19 19:00:00+00:00,10.95,VALID,,,234.392312,VALID,2.481072,VALID,Critical,CRITICAL_ALARM: Sensor data missing or invalid
2026-04-19 20:00:00+00:00,11.05,VALID,,,234.179936,VALID,2.4803100000000002,VALID,Critical,CRITICAL_ALARM: Sensor data missing or invalid
2026-04-19 21:00:00+00:00,11.149999999999999,VALID,,,234.463104,VALID,2.481072,VALID,Critical,CRITICAL_ALARM: Sensor data missing or invalid
2026-04-19 22:00:00+00:00,11.275,VALID,,,234.179936,VALID,2.4803100000000002,VALID,Critical,CRITICAL_ALARM: Sensor data missing or invalid
2026-04-19 23:00:00+00:00,11.350000000000001,VALID,,,234.463104,VALID,2.481072,VALID,Critical,CRITICAL_ALARM: Sensor data missing or invalid
2026-04-20 00:00:00+00:00,11.375,VALID,,,234.463104,VALID,2.481072,VALID,Critical,CRITICAL_ALARM: Sensor data missing or invalid
2026-04-20 01:00:00+00:00,11.3,VALID,,,234.887856,VALID,2.482596,VALID,Critical,CRITICAL_ALARM: Sensor data missing or invalid
2026-04-20 02:00:00+00:00,11.3,VALID,,,236.09132,VALID,2.486406,VALID,Critical,CRITICAL_ALARM: Sensor data missing or invalid
2026-04-20 03:00:00+00:00,11.25,VALID,,,240.126464,VALID,2.498598,VALID,Critical,CRITICAL_ALARM: Sensor data missing or invalid
2026-04-20 04:00:00+00:00,11.3,VALID,,,246.14378399999998,VALID,2.516886,VALID,Critical,CRITICAL_ALARM: Sensor data missing or invalid
2026-04-20 05:00:00+00:00,11.350000000000001,VALID,,,248.196752,VALID,2.522982,VALID,Critical,CRITICAL_ALARM: Sensor data missing or invalid
2026-04-20 06:00:00+00:00,11.425,VALID,,,242.81655999999998,VALID,2.50698,VALID,Critical,CRITICAL_ALARM: Sensor data missing or invalid
2026-04-20 07:00:00+00:00,11.5,VALID,,,237.86112,VALID,2.49174,VALID,Critical,CRITICAL_ALARM: Sensor data missing or invalid
2026-04-20 08:00:00+00:00,11.425,VALID,,,233.684392,VALID,2.478786,VALID,Critical,CRITICAL_ALARM: Sensor data missing or invalid
2026-04-20 09:00:00+00:00,11.350000000000001,VALID,,,231.13588,VALID,2.471166,VALID,Critical,CRITICAL_ALARM: Sensor data missing or invalid
2026-04-20 10:00:00+00:00,11.225,VALID,,,230.074,VALID,2.467356,VALID,Critical,CRITICAL_ALARM: Sensor data missing or invalid
2026-04-20 11:00:00+00:00,11.05,VALID,,,230.074,VALID,2.467356,VALID,Critical,CRITICAL_ALARM: Sensor data missing or invalid
2026-04-20 12:00:00+00:00,10.9,VALID,,,230.074,VALID,2.467356,VALID,Critical,CRITICAL_ALARM: Sensor data missing or invalid
2026-04-20 13:00:00+00:00,10.775,VALID,,,230.286376,VALID,2.468118,VALID,Critical,CRITICAL_ALARM: Sensor data missing or invalid
2026-04-20 14:00:00+00:00,10.649999999999999,VALID,,,231.206672,VALID,2.471166,VALID,Critical,CRITICAL_ALARM: Sensor data missing or invalid
2026-04-20 15:00:00+00:00,10.6,VALID,,,233.896768,VALID,2.4795480000000003,VALID,Critical,CRITICAL_ALARM: Sensor data missing or invalid
2026-04-20 16:00:00+00:00,10.6,VALID,,,235.3834,VALID,2.4841200000000003,VALID,Critical,CRITICAL_ALARM: Sensor data missing or invalid
2026-04-20 17:00:00+00:00,10.6,VALID,,,236.87003199999998,VALID,2.4886920000000003,VALID,Critical,CRITICAL_ALARM: Sensor data missing or invalid
2026-04-20 18:00:00+00:00,10.725,VALID,,,235.595776,VALID,2.4848820000000003,VALID,Critical,CRITICAL_ALARM: Sensor data missing or invalid
2026-04-20 19:00:00+00:00,10.875,VALID,,,236.657656,VALID,2.48793,VALID,Critical,CRITICAL_ALARM: Sensor data missing or invalid
2026-04-20 20:00:00+00:00,11.05,VALID,,,236.657656,VALID,2.48793,VALID,Critical,CRITICAL_ALARM: Sensor data missing or invalid
2026-04-20 21:00:00+00:00,11.25,VALID,,,236.37448799999999,VALID,2.487168,VALID,Critical,CRITICAL_ALARM: Sensor data missing or invalid
2026-04-20 22:00:00+00:00,11.475,VALID,,,236.37448799999999,VALID,2.487168,VALID,Critical,CRITICAL_ALARM: Sensor data missing or invalid
2026-04-20 23:00:00+00:00,11.675,VALID,,,236.87003199999998,VALID,2.4886920000000003,VALID,Critical,CRITICAL_ALARM: Sensor data missing or invalid
2026-04-21 00:00:00+00:00,11.825000000000001,VALID,,,238.14428800000002,VALID,2.492502,VALID,Critical,CRITICAL_ALARM: Sensor data missing or invalid
2026-04-21 01:00:00+00:00,11.9,VALID,,,239.347752,VALID,2.496312,VALID,Critical,CRITICAL_ALARM: Sensor data missing or invalid
2026-04-21 02:00:00+00:00,11.9,VALID,,,241.117552,VALID,2.501646,VALID,Critical,CRITICAL_ALARM: Sensor data missing or invalid
2026-04-21 03:00:00+00:00,11.9,VALID,,,245.152696,VALID,2.513838,VALID,Critical,CRITICAL_ALARM: Sensor data missing or invalid
2026-04-21 04:00:00+00:00,11.925,VALID,,,253.930904,VALID,2.540508,VALID,Critical,CRITICAL_ALARM: Sensor data missing or invalid
2026-04-21 05:00:00+00:00,12.0,VALID,,,257.895256,VALID,2.551938,VALID,Critical,CRITICAL_ALARM: Sensor data missing or invalid
2026-04-21 06:00:00+00:00,12.0,VALID,,,253.152192,VALID,2.538222,VALID,Critical,CRITICAL_ALARM: Sensor data missing or invalid
2026-04-21 07:00:00+00:00,12.0,VALID,,,246.072992,VALID,2.516886,VALID,Critical,CRITICAL_ALARM: Sensor data missing or invalid
2026-04-21 08:00:00+00:00,11.925,VALID,,,239.560128,VALID,2.497074,VALID,Critical,CRITICAL_ALARM: Sensor data missing or invalid
2026-04-21 09:00:00+00:00,11.775,VALID,,,235.45419199999998,VALID,2.48412,VALID,Critical,CRITICAL_ALARM: Sensor data missing or invalid
2026-04-21 10:00:00+00:00,11.625,VALID,,,231.914592,VALID,2.473452,VALID,Critical,CRITICAL_ALARM: Sensor data missing or invalid
2026-04-21 11:00:00+00:00,11.45,VALID,,,229.578456,VALID,2.4658320000000002,VALID,Critical,CRITICAL_ALARM: Sensor data missing or invalid
2026-04-21 12:00:00+00:00,11.325000000000001,VALID,,,227.59627999999998,VALID,2.4597360000000004,VALID,Critical,CRITICAL_ALARM: Sensor data missing or invalid
2026-04-21 13:00:00+00:00,11.2,VALID,,,227.383904,VALID,2.4589740000000004,VALID,Critical,CRITICAL_ALARM: Sensor data missing or invalid
2026-04-21 14:00:00+00:00,11.1,VALID,,,227.80865599999998,VALID,2.4604980000000003,VALID,Critical,CRITICAL_ALARM: Sensor data missing or invalid
2026-04-21 15:00:00+00:00,11.1,VALID,,,230.286376,VALID,2.468118,VALID,Critical,CRITICAL_ALARM: Sensor data missing or invalid
2026-04-21 16:00:00+00:00,11.1,VALID,,,231.914592,VALID,2.473452,VALID,Critical,CRITICAL_ALARM: Sensor data missing or invalid
2026-04-21 17:00:00+00:00,11.174999999999999,VALID,,,232.90568000000002,VALID,2.4765,VALID,Critical,CRITICAL_ALARM: Sensor data missing or invalid
2026-04-21 18:00:00+00:00,11.275,VALID,,,232.693304,VALID,2.4757379999999998,VALID,Critical,CRITICAL_ALARM: Sensor data missing or invalid
2026-04-21 19:00:00+00:00,11.425,VALID,,,232.480928,VALID,2.474976,VALID,Critical,CRITICAL_ALARM: Sensor data missing or invalid
2026-04-21 20:00:00+00:00,11.55,VALID,,,232.410136,VALID,2.474976,VALID,Critical,CRITICAL_ALARM: Sensor data missing or invalid
2026-04-21 21:00:00+00:00,11.7,VALID,,,233.40122399999998,VALID,2.4780240000000004,VALID,Critical,CRITICAL_ALARM: Sensor data missing or invalid
2026-04-21 22:00:00+00:00,11.9,VALID,,,233.6136,VALID,2.4787860000000004,VALID,Critical,CRITICAL_ALARM: Sensor data missing or invalid
2026-04-21 23:00:00+00:00,12.05,VALID,,,233.330432,VALID,2.4780240000000004,VALID,Critical,CRITICAL_ALARM: Sensor data missing or invalid
2026-04-22 00:00:00+00:00,12.174999999999999,VALID,,,234.392312,VALID,2.481072,VALID,Critical,CRITICAL_ALARM: Sensor data missing or invalid
2026-04-22 01:00:00+00:00,12.2,VALID,,,235.595776,VALID,2.4848820000000003,VALID,Critical,CRITICAL_ALARM: Sensor data missing or invalid
2026-04-22 02:00:00+00:00,12.2,VALID,,,237.1532,VALID,2.4894540000000003,VALID,Critical,CRITICAL_ALARM: Sensor data missing or invalid
2026-04-22 03:00:00+00:00,12.2,VALID,,,240.551216,VALID,2.500122,VALID,Critical,CRITICAL_ALARM: Sensor data missing or invalid
2026-04-22 04:00:00+00:00,12.2,VALID,,,247.630416,VALID,2.521458,VALID,Critical,CRITICAL_ALARM: Sensor data missing or invalid
2026-04-22 05:00:00+00:00,12.2,VALID,,,250.320512,VALID,2.5298400000000005,VALID,Critical,CRITICAL_ALARM: Sensor data missing or invalid
2026-04-22 06:00:00+00:00,12.2,VALID,,,247.913584,VALID,2.52222,VALID,Critical,CRITICAL_ALARM: Sensor data missing or invalid
2026-04-22 07:00:00+00:00,12.2,VALID,,,241.329928,VALID,2.502408,VALID,Critical,CRITICAL_ALARM: Sensor data missing or invalid
2026-04-22 08:00:00+00:00,12.05,VALID,,,235.3834,VALID,2.4841200000000003,VALID,Critical,CRITICAL_ALARM: Sensor data missing or invalid
2026-04-22 09:00:00+00:00,11.95,VALID,,,231.48984000000002,VALID,2.471928,VALID,Critical,CRITICAL_ALARM: Sensor data missing or invalid
2026-04-22 10:00:00+00:00,11.75,VALID,,,228.587368,VALID,2.462784,VALID,Critical,CRITICAL_ALARM: Sensor data missing or invalid
2026-04-22 11:00:00+00:00,11.55,VALID,,,227.10073599999998,VALID,2.4582120000000005,VALID,Critical,CRITICAL_ALARM: Sensor data missing or invalid
2026-04-22 12:00:00+00:00,11.350000000000001,VALID,,,226.817568,VALID,2.45745,VALID,Critical,CRITICAL_ALARM: Sensor data missing or invalid
2026-04-22 13:00:00+00:00,11.174999999999999,VALID,,,228.587368,VALID,2.462784,VALID,Critical,CRITICAL_ALARM: Sensor data missing or invalid
2026-04-22 14:00:00+00:00,11.025,VALID,,,229.295288,VALID,2.46507,VALID,Critical,CRITICAL_ALARM: Sensor data missing or invalid
2026-04-22 15:00:00+00:00,10.925,VALID,,,231.419048,VALID,2.471928,VALID,Critical,CRITICAL_ALARM: Sensor data missing or invalid
2026-04-22 16:00:00+00:00,10.8,VALID,,,231.702216,VALID,2.47269,VALID,Critical,CRITICAL_ALARM: Sensor data missing or invalid
2026-04-22 17:00:00+00:00,10.8,VALID,,,233.118056,VALID,2.4772620000000005,VALID,Critical,CRITICAL_ALARM: Sensor data missing or invalid
2026-04-22 18:00:00+00:00,10.850000000000001,VALID,,,233.118056,VALID,2.4772620000000005,VALID,Critical,CRITICAL_ALARM: Sensor data missing or invalid
2026-04-22 19:00:00+00:00,10.95,VALID,,,232.693304,VALID,2.4757379999999998,VALID,Critical,CRITICAL_ALARM: Sensor data missing or invalid
2026-04-22 20:00:00+00:00,11.125,VALID,,,232.19776000000002,VALID,2.474214,VALID,Critical,CRITICAL_ALARM: Sensor data missing or invalid
2026-04-22 21:00:00+00:00,11.3,VALID,,,233.401224,VALID,2.4780240000000004,VALID,Critical,CRITICAL_ALARM: Sensor data missing or invalid
2026-04-22 22:00:00+00:00,11.475,VALID,,,232.622512,VALID,2.475738,VALID,Critical,CRITICAL_ALARM: Sensor data missing or invalid
2026-04-22 23:00:00+00:00,11.55,VALID,,,231.419048,VALID,2.471928,VALID,Critical,CRITICAL_ALARM: Sensor data missing or invalid
2026-04-23 00:00:00+00:00,11.6,VALID,,,232.622512,VALID,2.475738,VALID,Critical,CRITICAL_ALARM: Sensor data missing or invalid
2026-04-23 01:00:00+00:00,11.6,VALID,,,234.887856,VALID,2.482596,VALID,Critical,CRITICAL_ALARM: Sensor data missing or invalid
2026-04-23 02:00:00+00:00,11.6,VALID,,,234.392312,VALID,2.481072,VALID,Critical,CRITICAL_ALARM: Sensor data missing or invalid
2026-04-23 03:00:00+00:00,11.625,VALID,,,239.63092,VALID,2.497074,VALID,Critical,CRITICAL_ALARM: Sensor data missing or invalid
2026-04-23 04:00:00+00:00,11.7,VALID,,,247.41804,VALID,2.520696,VALID,Critical,CRITICAL_ALARM: Sensor data missing or invalid
2026-04-23 05:00:00+00:00,11.725,VALID,,,251.170016,VALID,2.5321260000000003,VALID,Critical,CRITICAL_ALARM: Sensor data missing or invalid
2026-04-23 06:00:00+00:00,11.775,VALID,,,248.12596,VALID,2.522982,VALID,Critical,CRITICAL_ALARM: Sensor data missing or invalid
2026-06-10 15:00:00+00:00,,,0.0,VALID,202.81907999999999,VALID,2.378202,VALID,Critical,CRITICAL_ALARM: Sensor data missing or invalid
2026-06-18 19:00:00+00:00,,,0.0,VALID,229.861624,VALID,2.466594,VALID,Critical,CRITICAL_ALARM: Sensor data missing or invalid
2026-08-11 18:00:00+00:00,,,0.0,VALID,222.853216,VALID,2.444496,VALID,Critical,CRITICAL_ALARM: Sensor data missing or invalid
