,Streamflow,Streamflow_qa_flag,Gage height,Gage height_qa_flag,DCP battery voltage,DCP battery voltage_qa_flag,Station_State,Active_Alarms
2026-01-01 07:00:00+00:00,1.88023552,VALID,0.673608,VALID,,,Critical,CRITICAL_ALARM: Sensor data missing or invalid
2026-01-01 08:00:00+00:00,1.88023552,VALID,0.673608,VALID,,,Critical,CRITICAL_ALARM: Sensor data missing or invalid
2026-01-01 09:00:00+00:00,1.88023552,VALID,0.673608,VALID,,,Critical,CRITICAL_ALARM: Sensor data missing or invalid
2026-01-01 10:00:00+00:00,1.8653692,VALID,0.672846,VALID,,,Critical,CRITICAL_ALARM: Sensor data missing or invalid
2026-01-01 11:00:00+00:00,1.8653692,VALID,0.672846,VALID,,,Critical,CRITICAL_ALARM: Sensor data missing or invalid
2026-01-01 12:00:00+00:00,1.8788196799999999,VALID,0.673608,VALID,,,Critical,CRITICAL_ALARM: Sensor data missing or invalid
2026-01-01 13:00:00+00:00,1.87740384,VALID,0.673608,VALID,,,Critical,CRITICAL_ALARM: Sensor data missing or invalid
2026-01-01 14:00:00+00:00,1.9071364800000001,VALID,0.6751320000000001,VALID,,,Critical,CRITICAL_ALARM: Sensor data missing or invalid
2026-01-01 15:00:00+00:00,1.87740384,VALID,0.673608,VALID,,,Critical,CRITICAL_ALARM: Sensor data missing or invalid
2026-01-01 16:00:00+00:00,1.89227016,VALID,0.67437,VALID,,,Critical,CRITICAL_ALARM: Sensor data missing or invalid
2026-01-01 17:00:00+00:00,1.87740384,VALID,0.673608,VALID,,,Critical,CRITICAL_ALARM: Sensor data missing or invalid
2026-01-01 18:00:00+00:00,1.875988,VALID,0.673608,VALID,,,Critical,CRITICAL_ALARM: Sensor data missing or invalid
2026-01-01 19:00:00+00:00,1.87457216,VALID,0.673608,VALID,,,Critical,CRITICAL_ALARM: Sensor data missing or invalid
2026-01-01 20:00:00+00:00,1.8604137600000001,VALID,0.672846,VALID,,,Critical,CRITICAL_ALARM: Sensor data missing or invalid
2026-01-01 21:00:00+00:00,1.87457216,VALID,0.673608,VALID,,,Critical,CRITICAL_ALARM: Sensor data missing or invalid
2026-01-01 22:00:00+00:00,1.9191711200000001,VALID,0.6758940000000001,VALID,,,Critical,CRITICAL_ALARM: Sensor data missing or invalid
2026-01-01 23:00:00+00:00,1.9304978400000001,VALID,0.676656,VALID,,,Critical,CRITICAL_ALARM: Sensor data missing or invalid
2026-01-02 00:00:00+00:00,1.9021810399999999,VALID,0.6751320000000001,VALID,,,Critical,CRITICAL_ALARM: Sensor data missing or invalid
2026-01-02 01:00:00+00:00,1.90147312,VALID,0.6751320000000001,VALID,,,Critical,CRITICAL_ALARM: Sensor data missing or invalid
2026-01-02 02:00:00+00:00,1.91633944,VALID,0.6758940000000001,VALID,,,Critical,CRITICAL_ALARM: Sensor data missing or invalid
2026-01-02 03:00:00+00:00,1.93120576,VALID,0.6766560000000001,VALID,,,Critical,CRITICAL_ALARM: Sensor data missing or invalid
2026-01-02 04:00:00+00:00,1.93120576,VALID,0.6766560000000001,VALID,,,Critical,CRITICAL_ALARM: Sensor data missing or invalid
2026-01-02 05:00:00+00:00,1.92978992,VALID,0.6766560000000001,VALID,,,Critical,CRITICAL_ALARM: Sensor data missing or invalid
2026-01-02 06:00:00+00:00,1.96660176,VALID,0.678942,VALID,,,Critical,CRITICAL_ALARM: Sensor data missing or invalid
2026-01-02 07:00:00+00:00,1.97934432,VALID,0.679704,VALID,,,Critical,CRITICAL_ALARM: Sensor data missing or invalid
2026-01-02 08:00:00+00:00,1.97934432,VALID,0.679704,VALID,,,Critical,CRITICAL_ALARM: Sensor data missing or invalid
2026-01-02 09:00:00+00:00,2.00199776,VALID,0.6812280000000001,VALID,,,Critical,CRITICAL_ALARM: Sensor data missing or invalid
2026-01-02 10:00:00+00:00,5.1394992,VALID,0.835914,VALID,,,Critical,CRITICAL_ALARM: Sensor data missing or invalid
2026-01-02 11:00:00+00:00,6.6756856,VALID,0.9037320000000001,VALID,,,Critical,CRITICAL_ALARM: Sensor data missing or invalid
2026-01-02 12:00:00+00:00,7.680932,VALID,0.9410700000000001,VALID,,,Critical,CRITICAL_ALARM: Sensor data missing or invalid
2026-01-02 13:00:00+00:00,9.096772,VALID,0.988314,VALID,,,Critical,CRITICAL_ALARM: Sensor data missing or invalid
2026-01-02 14:00:00+00:00,10.3285528,VALID,1.025652,VALID,,,Critical,CRITICAL_ALARM: Sensor data missing or invalid
2026-01-02 15:00:00+00:00,11.4753832,VALID,1.05918,VALID,,,Critical,CRITICAL_ALARM: Sensor data missing or invalid
2026-01-02 16:00:00+00:00,12.56558,VALID,1.092708,VALID,,,Critical,CRITICAL_ALARM: Sensor data missing or invalid
2026-01-02 17:00:00+00:00,13.662856,VALID,1.125474,VALID,,,Critical,CRITICAL_ALARM: Sensor data missing or invalid
2026-01-02 18:00:00+00:00,14.760132,VALID,1.155954,VALID,,,Critical,CRITICAL_ALARM: Sensor data missing or invalid
2026-01-02 19:00:00+00:00,15.57424,VALID,1.178052,VALID,,,Critical,CRITICAL_ALARM: Sensor data missing or invalid
2026-01-02 20:00:00+00:00,16.140576,VALID,1.19253,VALID,,,Critical,CRITICAL_ALARM: Sensor data missing or invalid
2026-01-02 21:00:00+00:00,16.2538432,VALID,1.195578,VALID,,,Critical,CRITICAL_ALARM: Sensor data missing or invalid
2026-01-02 22:00:00+00:00,16.0556256,VALID,1.190244,VALID,,,Critical,CRITICAL_ALARM: Sensor data missing or invalid
2026-01-02 23:00:00+00:00,16.1972096,VALID,1.1940540000000002,VALID,,,Critical,CRITICAL_ALARM: Sensor data missing or invalid
2026-01-03 00:00:00+00:00,16.140576,VALID,1.19253,VALID,,,Critical,CRITICAL_ALARM: Sensor data missing or invalid
2026-01-03 01:00:00+00:00,15.779536799999999,VALID,1.183386,VALID,,,Critical,CRITICAL_ALARM: Sensor data missing or invalid
2026-01-03 02:00:00+00:00,15.1211712,VALID,1.16586,VALID,,,Critical,CRITICAL_ALARM: Sensor data missing or invalid
2026-01-03 03:00:00+00:00,14.441568,VALID,1.147572,VALID,,,Critical,CRITICAL_ALARM: Sensor data missing or invalid
2026-01-03 04:00:00+00:00,13.818598399999999,VALID,1.130046,VALID,,,Critical,CRITICAL_ALARM: Sensor data missing or invalid
2026-01-03 05:00:00+00:00,12.9761736,VALID,1.1056620000000001,VALID,,,Critical,CRITICAL_ALARM: Sensor data missing or invalid
2026-01-03 06:00:00+00:00,12.3036496,VALID,1.085088,VALID,,,Critical,CRITICAL_ALARM: Sensor data missing or invalid
2026-01-03 07:00:00+00:00,11.680679999999999,VALID,1.066038,VALID,,,Critical,CRITICAL_ALARM: Sensor data missing or invalid
2026-01-03 08:00:00+00:00,11.0152352,VALID,1.045464,VALID,,,Critical,CRITICAL_ALARM: Sensor data missing or invalid
2026-01-03 09:00:00+00:00,10.3993448,VALID,1.026414,VALID,,,Critical,CRITICAL_ALARM: Sensor data missing or invalid
2026-01-03 10:00:00+00:00,9.7905336,VALID,1.007364,VALID,,,Critical,CRITICAL_ALARM: Sensor data missing or invalid
2026-01-03 11:00:00+00:00,9.2879104,VALID,0.992124,VALID,,,Critical,CRITICAL_ALARM: Sensor data missing or invalid
2026-01-03 12:00:00+00:00,8.742812,VALID,0.9745980000000001,VALID,,,Critical,CRITICAL_ALARM: Sensor data missing or invalid
2026-01-03 13:00:00+00:00,8.2755848,VALID,0.959358,VALID,,,Critical,CRITICAL_ALARM: Sensor data missing or invalid
2026-01-03 14:00:00+00:00,7.907466400000001,VALID,0.9471660000000001,VALID,,,Critical,CRITICAL_ALARM: Sensor data missing or invalid
2026-01-03 15:00:00+00:00,7.4614768,VALID,0.9311640000000001,VALID,,,Critical,CRITICAL_ALARM: Sensor data missing or invalid
2026-01-03 16:00:00+00:00,7.2066256,VALID,0.9220200000000001,VALID,,,Critical,CRITICAL_ALARM: Sensor data missing or invalid
2026-01-03 17:00:00+00:00,6.8739032,VALID,0.909066,VALID,,,Critical,CRITICAL_ALARM: Sensor data missing or invalid
2026-01-03 18:00:00+00:00,6.5341016,VALID,0.896112,VALID,,,Critical,CRITICAL_ALARM: Sensor data missing or invalid
2026-01-03 19:00:00+00:00,6.2438544,VALID,0.88392,VALID,,,Critical,CRITICAL_ALARM: Sensor data missing or invalid
2026-01-03 20:00:00+00:00,6.0031616,VALID,0.8740140000000001,VALID,,,Critical,CRITICAL_ALARM: Sensor data missing or invalid
2026-01-03 21:00:00+00:00,5.769548,VALID,0.864108,VALID,,,Critical,CRITICAL_ALARM: Sensor data missing or invalid
2026-01-03 22:00:00+00:00,5.5996472,VALID,0.856488,VALID,,,Critical,CRITICAL_ALARM: Sensor data missing or invalid
2026-01-03 23:00:00+00:00,5.4085088,VALID,0.848106,VALID,,,Critical,CRITICAL_ALARM: Sensor data missing or invalid
2026-01-04 00:00:00+00:00,5.203212,VALID,0.8389620000000001,VALID,,,Critical,CRITICAL_ALARM: Sensor data missing or invalid
2026-01-04 01:00:00+00:00,5.0545488,VALID,0.8313420000000001,VALID,,,Critical,CRITICAL_ALARM: Sensor data missing or invalid
2026-01-04 02:00:00+00:00,4.884648,VALID,0.8237220000000001,VALID,,,Critical,CRITICAL_ALARM: Sensor data missing or invalid
2026-01-04 03:00:00+00:00,4.7289056,VALID,0.81534,VALID,,,Critical,CRITICAL_ALARM: Sensor data missing or invalid
2026-01-04 04:00:00+00:00,4.6156384,VALID,0.8092440000000001,VALID,,,Critical,CRITICAL_ALARM: Sensor data missing or invalid
2026-01-04 05:00:00+00:00,4.4740544,VALID,0.803148,VALID,,,Critical,CRITICAL_ALARM: Sensor data missing or invalid
2026-01-04 06:00:00+00:00,4.389104,VALID,0.7985760000000001,VALID,,,Critical,CRITICAL_ALARM: Sensor data missing or invalid
2026-01-04 07:00:00+00:00,4.2616784,VALID,0.791718,VALID,,,Critical,CRITICAL_ALARM: Sensor data missing or invalid
2026-01-04 08:00:00+00:00,4.1484112,VALID,0.785622,VALID,,,Critical,CRITICAL_ALARM: Sensor data missing or invalid
2026-01-04 09:00:00+00:00,4.035144,VALID,0.779526,VALID,,,Critical,CRITICAL_ALARM: Sensor data missing or invalid
2026-01-04 10:00:00+00:00,3.9785104000000002,VALID,0.7757160000000001,VALID,,,Critical,CRITICAL_ALARM: Sensor data missing or invalid
2026-01-04 11:00:00+00:00,3.9218767999999997,VALID,0.771906,VALID,,,Critical,CRITICAL_ALARM: Sensor data missing or invalid
2026-01-04 12:00:00+00:00,3.8440056,VALID,0.768858,VALID,,,Critical,CRITICAL_ALARM: Sensor data missing or invalid
2026-01-04 13:00:00+00:00,3.7024216,VALID,0.763524,VALID,,,Critical,CRITICAL_ALARM: Sensor data missing or invalid
2026-01-04 14:00:00+00:00,3.6245504,VALID,0.760476,VALID,,,Critical,CRITICAL_ALARM: Sensor data missing or invalid
2026-01-04 15:00:00+00:00,3.4900456,VALID,0.7551420000000001,VALID,,,Critical,CRITICAL_ALARM: Sensor data missing or invalid
2026-01-04 16:00:00+00:00,3.3838576,VALID,0.7505700000000001,VALID,,,Critical,CRITICAL_ALARM: Sensor data missing or invalid
2026-01-04 17:00:00+00:00,3.3201448,VALID,0.7482840000000001,VALID,,,Critical,CRITICAL_ALARM: Sensor data missing or invalid
2026-01-04 18:00:00+00:00,3.2422736,VALID,0.7444740000000001,VALID,,,Critical,CRITICAL_ALARM: Sensor data missing or invalid
2026-01-04 19:00:00+00:00,3.1856400000000002,VALID,0.7421880000000001,VALID,,,Critical,CRITICAL_ALARM: Sensor data missing or invalid
2026-01-04 20:00:00+00:00,3.044056,VALID,0.73533,VALID,,,Critical,CRITICAL_ALARM: Sensor data missing or invalid
2026-01-04 21:00:00+00:00,3.0298976,VALID,0.7345680000000001,VALID,,,Critical,CRITICAL_ALARM: Sensor data missing or invalid
2026-01-04 22:00:00+00:00,2.9661848,VALID,0.7322820000000001,VALID,,,Critical,CRITICAL_ALARM: Sensor data missing or invalid
2026-01-04 23:00:00+00:00,2.88618984,VALID,0.728472,VALID,,,Critical,CRITICAL_ALARM: Sensor data missing or invalid
2026-01-05 00:00:00+00:00,2.80548696,VALID,0.7246619999999999,VALID,,,Critical,CRITICAL_ALARM: Sensor data missing or invalid
2026-01-05 01:00:00+00:00,2.77363056,VALID,0.7231380000000001,VALID,,,Critical,CRITICAL_ALARM: Sensor data missing or invalid
2026-01-05 02:00:00+00:00,2.7134573599999996,VALID,0.72009,VALID,,,Critical,CRITICAL_ALARM: Sensor data missing or invalid
2026-01-05 03:00:00+00:00,2.68160096,VALID,0.718566,VALID,,,Critical,CRITICAL_ALARM: Sensor data missing or invalid
2026-01-05 04:00:00+00:00,2.62142776,VALID,0.715518,VALID,,,Critical,CRITICAL_ALARM: Sensor data missing or invalid
2026-01-05 05:00:00+00:00,2.5626704,VALID,0.7124699999999999,VALID,,,Critical,CRITICAL_ALARM: Sensor data missing or invalid
2026-01-05 06:00:00+00:00,2.5343535999999998,VALID,0.7109460000000001,VALID,,,Critical,CRITICAL_ALARM: Sensor data missing or invalid
2026-01-05 07:00:00+00:00,2.50532888,VALID,0.709422,VALID,,,Critical,CRITICAL_ALARM: Sensor data missing or invalid
2026-01-05 08:00:00+00:00,2.4607299200000003,VALID,0.707136,VALID,,,Critical,CRITICAL_ALARM: Sensor data missing or invalid
2026-01-05 09:00:00+00:00,2.4472794400000004,VALID,0.7063740000000001,VALID,,,Critical,CRITICAL_ALARM: Sensor data missing or invalid
2026-01-05 10:00:00+00:00,2.4324131200000005,VALID,0.705612,VALID,,,Critical,CRITICAL_ALARM: Sensor data missing or invalid
2026-01-05 11:00:00+00:00,2.4040963200000003,VALID,0.704088,VALID,,,Critical,CRITICAL_ALARM: Sensor data missing or invalid
2026-01-05 12:00:00+00:00,2.3502944,VALID,0.70104,VALID,,,Critical,CRITICAL_ALARM: Sensor data missing or invalid
2026-01-05 13:00:00+00:00,2.3502944,VALID,0.70104,VALID,,,Critical,CRITICAL_ALARM: Sensor data missing or invalid
2026-01-05 14:00:00+00:00,2.3502944,VALID,0.70104,VALID,,,Critical,CRITICAL_ALARM: Sensor data missing or invalid
2026-01-05 15:00:00+00:00,2.29578456,VALID,0.6979920000000001,VALID,,,Critical,CRITICAL_ALARM: Sensor data missing or invalid
2026-01-05 16:00:00+00:00,2.2936608,VALID,0.6979920000000001,VALID,,,Critical,CRITICAL_ALARM: Sensor data missing or invalid
2026-01-05 17:00:00+00:00,2.25543312,VALID,0.695706,VALID,,,Critical,CRITICAL_ALARM: Sensor data missing or invalid
2026-01-05 18:00:00+00:00,2.24269056,VALID,0.694944,VALID,,,Critical,CRITICAL_ALARM: Sensor data missing or invalid
2026-01-05 19:00:00+00:00,2.2016312,VALID,0.692658,VALID,,,Critical,CRITICAL_ALARM: Sensor data missing or invalid
2026-01-05 20:00:00+00:00,2.22711632,VALID,0.6941820000000001,VALID,,,Critical,CRITICAL_ALARM: Sensor data missing or invalid
2026-01-05 21:00:00+00:00,2.18888864,VALID,0.6918960000000002,VALID,,,Critical,CRITICAL_ALARM: Sensor data missing or invalid
2026-01-05 22:00:00+00:00,2.2016312,VALID,0.692658,VALID,,,Critical,CRITICAL_ALARM: Sensor data missing or invalid
2026-01-05 23:00:00+00:00,2.12588376,VALID,0.688086,VALID,,,Critical,CRITICAL_ALARM: Sensor data missing or invalid
2026-01-06 00:00:00+00:00,2.10181448,VALID,0.6865620000000001,VALID,,,Critical,CRITICAL_ALARM: Sensor data missing or invalid
2026-01-06 01:00:00+00:00,2.10181448,VALID,0.6865620000000001,VALID,,,Critical,CRITICAL_ALARM: Sensor data missing or invalid
2026-01-06 02:00:00+00:00,2.08765608,VALID,0.6858000000000001,VALID,,,Critical,CRITICAL_ALARM: Sensor data missing or invalid
2026-01-06 03:00:00+00:00,2.05084424,VALID,0.6835140000000002,VALID,,,Critical,CRITICAL_ALARM: Sensor data missing or invalid
2026-01-06 04:00:00+00:00,2.0388096,VALID,0.6827520000000001,VALID,,,Critical,CRITICAL_ALARM: Sensor data missing or invalid
2026-01-06 05:00:00+00:00,2.02677496,VALID,0.6819900000000001,VALID,,,Critical,CRITICAL_ALARM: Sensor data missing or invalid
2026-01-06 06:00:00+00:00,1.9906710399999998,VALID,0.679704,VALID,,,Critical,CRITICAL_ALARM: Sensor data missing or invalid
2026-01-06 07:00:00+00:00,1.9906710399999998,VALID,0.679704,VALID,,,Critical,CRITICAL_ALARM: Sensor data missing or invalid
2026-01-06 08:00:00+00:00,1.9680176,VALID,0.67818,VALID,,,Critical,CRITICAL_ALARM: Sensor data missing or invalid
2026-01-06 09:00:00+00:00,1.95669088,VALID,0.6774180000000001,VALID,,,Critical,CRITICAL_ALARM: Sensor data missing or invalid
2026-01-06 10:00:00+00:00,1.95669088,VALID,0.6774180000000001,VALID,,,Critical,CRITICAL_ALARM: Sensor data missing or invalid
2026-01-06 11:00:00+00:00,1.9545671199999999,VALID,0.6774180000000001,VALID,,,Critical,CRITICAL_ALARM: Sensor data missing or invalid
2026-01-06 12:00:00+00:00,1.9276661599999998,VALID,0.6758940000000001,VALID,,,Critical,CRITICAL_ALARM: Sensor data missing or invalid
2026-01-06 13:00:00+00:00,1.91279984,VALID,0.6751320000000001,VALID,,,Critical,CRITICAL_ALARM: Sensor data missing or invalid
2026-01-06 14:00:00+00:00,1.89793352,VALID,0.67437,VALID,,,Critical,CRITICAL_ALARM: Sensor data missing or invalid
2026-01-06 15:00:00+00:00,1.89793352,VALID,0.67437,VALID,,,Critical,CRITICAL_ALARM: Sensor data missing or invalid
2026-01-06 16:00:00+00:00,1.91279984,VALID,0.6751320000000001,VALID,,,Critical,CRITICAL_ALARM: Sensor data missing or invalid
2026-01-06 17:00:00+00:00,1.8689087999999998,VALID,0.672846,VALID,,,Critical,CRITICAL_ALARM: Sensor data missing or invalid
2026-01-06 18:00:00+00:00,1.840592,VALID,0.671322,VALID,,,Critical,CRITICAL_ALARM: Sensor data missing or invalid
2026-01-06 19:00:00+00:00,1.7981167999999998,VALID,0.669036,VALID,,,Critical,CRITICAL_ALARM: Sensor data missing or invalid
2026-01-06 20:00:00+00:00,1.7698,VALID,0.667512,VALID,,,Critical,CRITICAL_ALARM: Sensor data missing or invalid
2026-01-06 21:00:00+00:00,1.76838416,VALID,0.667512,VALID,,,Critical,CRITICAL_ALARM: Sensor data missing or invalid
2026-01-06 22:00:00+00:00,1.78112672,VALID,0.668274,VALID,,,Critical,CRITICAL_ALARM: Sensor data missing or invalid
2026-01-06 23:00:00+00:00,1.76696832,VALID,0.667512,VALID,,,Critical,CRITICAL_ALARM: Sensor data missing or invalid
2026-01-07 00:00:00+00:00,1.76696832,VALID,0.667512,VALID,,,Critical,CRITICAL_ALARM: Sensor data missing or invalid
2026-01-07 01:00:00+00:00,1.7400673599999998,VALID,0.665988,VALID,,,Critical,CRITICAL_ALARM: Sensor data missing or invalid
2026-01-07 02:00:00+00:00,1.7400673599999998,VALID,0.665988,VALID,,,Critical,CRITICAL_ALARM: Sensor data missing or invalid
2026-01-07 03:00:00+00:00,1.7400673599999998,VALID,0.665988,VALID,,,Critical,CRITICAL_ALARM: Sensor data missing or invalid
2026-01-07 04:00:00+00:00,1.72661688,VALID,0.6652260000000001,VALID,,,Critical,CRITICAL_ALARM: Sensor data missing or invalid
2026-01-07 05:00:00+00:00,1.7131664,VALID,0.664464,VALID,,,Critical,CRITICAL_ALARM: Sensor data missing or invalid
2026-01-07 06:00:00+00:00,1.7131664,VALID,0.664464,VALID,,,Critical,CRITICAL_ALARM: Sensor data missing or invalid
2026-01-07 07:00:00+00:00,1.7131664,VALID,0.664464,VALID,,,Critical,CRITICAL_ALARM: Sensor data missing or invalid
2026-01-07 08:00:00+00:00,1.7131664,VALID,0.664464,VALID,,,Critical,CRITICAL_ALARM: Sensor data missing or invalid
2026-01-07 09:00:00+00:00,1.68555752,VALID,0.6629400000000001,VALID,,,Critical,CRITICAL_ALARM: Sensor data missing or invalid
2026-01-07 10:00:00+00:00,1.6848496,VALID,0.6629400000000001,VALID,,,Critical,CRITICAL_ALARM: Sensor data missing or invalid
2026-01-07 11:00:00+00:00,1.67210704,VALID,0.662178,VALID,,,Critical,CRITICAL_ALARM: Sensor data missing or invalid
2026-01-07 12:00:00+00:00,1.65724072,VALID,0.661416,VALID,,,Critical,CRITICAL_ALARM: Sensor data missing or invalid
2026-01-07 13:00:00+00:00,1.6834337599999998,VALID,0.6629400000000001,VALID,,,Critical,CRITICAL_ALARM: Sensor data missing or invalid
2026-01-07 14:00:00+00:00,1.6565328,VALID,0.661416,VALID,,,Critical,CRITICAL_ALARM: Sensor data missing or invalid
2026-01-07 15:00:00+00:00,1.64379024,VALID,0.6606540000000001,VALID,,,Critical,CRITICAL_ALARM: Sensor data missing or invalid
2026-01-07 16:00:00+00:00,1.69759216,VALID,0.663702,VALID,,,Critical,CRITICAL_ALARM: Sensor data missing or invalid
2026-01-07 17:00:00+00:00,1.6699832799999998,VALID,0.662178,VALID,,,Critical,CRITICAL_ALARM: Sensor data missing or invalid
2026-01-07 18:00:00+00:00,1.6699832799999998,VALID,0.662178,VALID,,,Critical,CRITICAL_ALARM: Sensor data missing or invalid
2026-01-07 19:00:00+00:00,1.61830512,VALID,0.65913,VALID,,,Critical,CRITICAL_ALARM: Sensor data missing or invalid
2026-01-07 20:00:00+00:00,1.60556256,VALID,0.6583680000000001,VALID,,,Critical,CRITICAL_ALARM: Sensor data missing or invalid
2026-01-07 21:00:00+00:00,1.60556256,VALID,0.6583680000000001,VALID,,,Critical,CRITICAL_ALARM: Sensor data missing or invalid
2026-01-07 22:00:00+00:00,1.61830512,VALID,0.65913,VALID,,,Critical,CRITICAL_ALARM: Sensor data missing or invalid
2026-01-07 23:00:00+00:00,1.60556256,VALID,0.6583680000000001,VALID,,,Critical,CRITICAL_ALARM: Sensor data missing or invalid
2026-01-08 00:00:00+00:00,1.60556256,VALID,0.6583680000000001,VALID,,,Critical,CRITICAL_ALARM: Sensor data missing or invalid
2026-01-08 01:00:00+00:00,1.60485464,VALID,0.6583680000000001,VALID,,,Critical,CRITICAL_ALARM: Sensor data missing or invalid
2026-01-08 02:00:00+00:00,1.60273088,VALID,0.6583680000000001,VALID,,,Critical,CRITICAL_ALARM: Sensor data missing or invalid
2026-01-08 03:00:00+00:00,1.59069624,VALID,0.657606,VALID,,,Critical,CRITICAL_ALARM: Sensor data missing or invalid
2026-01-08 04:00:00+00:00,1.59069624,VALID,0.657606,VALID,,,Critical,CRITICAL_ALARM: Sensor data missing or invalid
2026-01-08 05:00:00+00:00,1.60273088,VALID,0.6583680000000001,VALID,,,Critical,CRITICAL_ALARM: Sensor data missing or invalid
2026-01-08 06:00:00+00:00,1.5772457599999998,VALID,0.656844,VALID,,,Critical,CRITICAL_ALARM: Sensor data missing or invalid
2026-01-08 07:00:00+00:00,1.5772457599999998,VALID,0.656844,VALID,,,Critical,CRITICAL_ALARM: Sensor data missing or invalid
2026-01-08 08:00:00+00:00,1.5772457599999998,VALID,0.656844,VALID,,,Critical,CRITICAL_ALARM: Sensor data missing or invalid
2026-01-08 09:00:00+00:00,1.58998832,VALID,0.657606,VALID,,,Critical,CRITICAL_ALARM: Sensor data missing or invalid
2026-01-08 10:00:00+00:00,1.60273088,VALID,0.6583680000000001,VALID,,,Critical,CRITICAL_ALARM: Sensor data missing or invalid
2026-01-08 11:00:00+00:00,1.60273088,VALID,0.6583680000000001,VALID,,,Critical,CRITICAL_ALARM: Sensor data missing or invalid
2026-01-08 12:00:00+00:00,1.58998832,VALID,0.657606,VALID,,,Critical,CRITICAL_ALARM: Sensor data missing or invalid
2026-01-08 13:00:00+00:00,1.60273088,VALID,0.6583680000000001,VALID,,,Critical,CRITICAL_ALARM: Sensor data missing or invalid
2026-01-08 14:00:00+00:00,1.60273088,VALID,0.6583680000000001,VALID,,,Critical,CRITICAL_ALARM: Sensor data missing or invalid
2026-01-08 15:00:00+00:00,1.60273088,VALID,0.6583680000000001,VALID,,,Critical,CRITICAL_ALARM: Sensor data missing or invalid
2026-01-08 16:00:00+00:00,1.628216,VALID,0.659892,VALID,,,Critical,CRITICAL_ALARM: Sensor data missing or invalid
2026-01-08 17:00:00+00:00,1.60273088,VALID,0.6583680000000001,VALID,,,Critical,CRITICAL_ALARM: Sensor data missing or invalid
2026-01-08 18:00:00+00:00,1.58998832,VALID,0.657606,VALID,,,Critical,CRITICAL_ALARM: Sensor data missing or invalid
2026-01-08 19:00:00+00:00,1.5772457599999998,VALID,0.656844,VALID,,,Critical,CRITICAL_ALARM: Sensor data missing or invalid
2026-01-08 20:00:00+00:00,1.61547344,VALID,0.65913,VALID,,,Critical,CRITICAL_ALARM: Sensor data missing or invalid
2026-01-08 21:00:00+00:00,1.65511696,VALID,0.661416,VALID,,,Critical,CRITICAL_ALARM: Sensor data missing or invalid
2026-01-08 22:00:00+00:00,2.03951752,VALID,0.6835140000000001,VALID,,,Critical,CRITICAL_ALARM: Sensor data missing or invalid
2026-01-08 23:00:00+00:00,3.7661344,VALID,0.7696200000000001,VALID,,,Critical,CRITICAL_ALARM: Sensor data missing or invalid
2026-01-09 00:00:00+00:00,4.4740544,VALID,0.804672,VALID,,,Critical,CRITICAL_ALARM: Sensor data missing or invalid
2026-01-09 01:00:00+00:00,4.4457376,VALID,0.8031480000000001,VALID,,,Critical,CRITICAL_ALARM: Sensor data missing or invalid
2026-01-09 02:00:00+00:00,4.318312,VALID,0.79629,VALID,,,Critical,CRITICAL_ALARM: Sensor data missing or invalid
2026-01-09 03:00:00+00:00,4.2333616,VALID,0.791718,VALID,,,Critical,CRITICAL_ALARM: Sensor data missing or invalid
2026-01-09 04:00:00+00:00,4.5590048,VALID,0.808482,VALID,,,Critical,CRITICAL_ALARM: Sensor data missing or invalid
2026-01-09 05:00:00+00:00,4.9483608,VALID,0.8282940000000001,VALID,,,Critical,CRITICAL_ALARM: Sensor data missing or invalid
2026-01-09 06:00:00+00:00,4.8704896,VALID,0.8244840000000001,VALID,,,Critical,CRITICAL_ALARM: Sensor data missing or invalid
2026-01-09 07:00:00+00:00,4.6156384,VALID,0.81153,VALID,,,Critical,CRITICAL_ALARM: Sensor data missing or invalid
2026-01-09 08:00:00+00:00,4.4315792,VALID,0.802386,VALID,,,Critical,CRITICAL_ALARM: Sensor data missing or invalid
2026-01-09 09:00:00+00:00,4.2616784,VALID,0.793242,VALID,,,Critical,CRITICAL_ALARM: Sensor data missing or invalid
2026-01-09 10:00:00+00:00,4.1342528,VALID,0.7863840000000001,VALID,,,Critical,CRITICAL_ALARM: Sensor data missing or invalid
2026-01-09 11:00:00+00:00,4.0209856,VALID,0.7802880000000001,VALID,,,Critical,CRITICAL_ALARM: Sensor data missing or invalid
2026-01-09 12:00:00+00:00,3.9501936,VALID,0.7757160000000001,VALID,,,Critical,CRITICAL_ALARM: Sensor data missing or invalid
2026-01-09 13:00:00+00:00,3.8440056,VALID,0.770382,VALID,,,Critical,CRITICAL_ALARM: Sensor data missing or invalid
2026-01-09 14:00:00+00:00,3.6670256,VALID,0.763524,VALID,,,Critical,CRITICAL_ALARM: Sensor data missing or invalid
2026-01-09 15:00:00+00:00,3.5820752000000002,VALID,0.760476,VALID,,,Critical,CRITICAL_ALARM: Sensor data missing or invalid
2026-01-09 16:00:00+00:00,3.5254416,VALID,0.75819,VALID,,,Critical,CRITICAL_ALARM: Sensor data missing or invalid
2026-01-09 17:00:00+00:00,3.6033128,VALID,0.7612380000000001,VALID,,,Critical,CRITICAL_ALARM: Sensor data missing or invalid
2026-01-09 18:00:00+00:00,3.5396,VALID,0.7589520000000001,VALID,,,Critical,CRITICAL_ALARM: Sensor data missing or invalid
2026-01-09 19:00:00+00:00,3.4971248,VALID,0.7566660000000001,VALID,,,Critical,CRITICAL_ALARM: Sensor data missing or invalid
2026-01-09 20:00:00+00:00,3.5112832000000003,VALID,0.757428,VALID,,,Critical,CRITICAL_ALARM: Sensor data missing or invalid
2026-01-09 21:00:00+00:00,3.5396,VALID,0.7589520000000001,VALID,,,Critical,CRITICAL_ALARM: Sensor data missing or invalid
2026-01-09 22:00:00+00:00,3.5608376,VALID,0.759714,VALID,,,Critical,CRITICAL_ALARM: Sensor data missing or invalid
2026-01-09 23:00:00+00:00,3.5254416,VALID,0.75819,VALID,,,Critical,CRITICAL_ALARM: Sensor data missing or invalid
2026-01-10 00:00:00+00:00,3.5396,VALID,0.7589520000000001,VALID,,,Critical,CRITICAL_ALARM: Sensor data missing or invalid
2026-01-10 01:00:00+00:00,3.5112832000000003,VALID,0.757428,VALID,,,Critical,CRITICAL_ALARM: Sensor data missing or invalid
2026-01-10 02:00:00+00:00,3.5112832000000003,VALID,0.757428,VALID,,,Critical,CRITICAL_ALARM: Sensor data missing or invalid
2026-01-10 03:00:00+00:00,3.3838576000000002,VALID,0.752094,VALID,,,Critical,CRITICAL_ALARM: Sensor data missing or invalid
2026-01-10 04:00:00+00:00,3.3413824,VALID,0.749808,VALID,,,Critical,CRITICAL_ALARM: Sensor data missing or invalid
2026-01-10 05:00:00+00:00,3.2989072,VALID,0.7482840000000001,VALID,,,Critical,CRITICAL_ALARM: Sensor data missing or invalid
2026-01-10 06:00:00+00:00,3.2776696,VALID,0.747522,VALID,,,Critical,CRITICAL_ALARM: Sensor data missing or invalid
2026-01-10 07:00:00+00:00,3.2281152,VALID,0.745236,VALID,,,Critical,CRITICAL_ALARM: Sensor data missing or invalid
2026-01-10 08:00:00+00:00,3.2139568,VALID,0.7444740000000001,VALID,,,Critical,CRITICAL_ALARM: Sensor data missing or invalid
2026-01-10 09:00:00+00:00,3.1785608,VALID,0.74295,VALID,,,Critical,CRITICAL_ALARM: Sensor data missing or invalid
2026-01-10 10:00:00+00:00,3.1360856,VALID,0.7414260000000001,VALID,,,Critical,CRITICAL_ALARM: Sensor data missing or invalid
2026-01-10 11:00:00+00:00,3.114848,VALID,0.7406640000000001,VALID,,,Critical,CRITICAL_ALARM: Sensor data missing or invalid
2026-01-10 12:00:00+00:00,3.114848,VALID,0.7406640000000001,VALID,,,Critical,CRITICAL_ALARM: Sensor data missing or invalid
2026-01-10 13:00:00+00:00,3.114848,VALID,0.7406640000000001,VALID,,,Critical,CRITICAL_ALARM: Sensor data missing or invalid
2026-01-10 14:00:00+00:00,3.1006896,VALID,0.7399020000000001,VALID,,,Critical,CRITICAL_ALARM: Sensor data missing or invalid
2026-01-10 15:00:00+00:00,3.0582143999999998,VALID,0.737616,VALID,,,Critical,CRITICAL_ALARM: Sensor data missing or invalid
2026-01-10 16:00:00+00:00,3.114848,VALID,0.7406640000000001,VALID,,,Critical,CRITICAL_ALARM: Sensor data missing or invalid
2026-01-10 17:00:00+00:00,3.1006896,VALID,0.7399020000000001,VALID,,,Critical,CRITICAL_ALARM: Sensor data missing or invalid
2026-01-10 18:00:00+00:00,2.9661847999999997,VALID,0.7338060000000001,VALID,,,Critical,CRITICAL_ALARM: Sensor data missing or invalid
2026-01-10 19:00:00+00:00,2.8883136,VALID,0.7299960000000001,VALID,,,Critical,CRITICAL_ALARM: Sensor data missing or invalid
2026-01-10 20:00:00+00:00,2.79203648,VALID,0.7254240000000001,VALID,,,Critical,CRITICAL_ALARM: Sensor data missing or invalid
2026-01-10 21:00:00+00:00,2.69929896,VALID,0.720852,VALID,,,Critical,CRITICAL_ALARM: Sensor data missing or invalid
2026-01-10 22:00:00+00:00,2.7141652800000005,VALID,0.721614,VALID,,,Critical,CRITICAL_ALARM: Sensor data missing or invalid
2026-01-10 23:00:00+00:00,2.62355152,VALID,0.717042,VALID,,,Critical,CRITICAL_ALARM: Sensor data missing or invalid
2026-01-11 00:00:00+00:00,2.55134368,VALID,0.713232,VALID,,,Critical,CRITICAL_ALARM: Sensor data missing or invalid
2026-01-11 01:00:00+00:00,2.47772,VALID,0.709422,VALID,,,Critical,CRITICAL_ALARM: Sensor data missing or invalid
2026-01-11 02:00:00+00:00,2.4352448,VALID,0.707136,VALID,,,Critical,CRITICAL_ALARM: Sensor data missing or invalid
2026-01-11 03:00:00+00:00,2.3948933599999997,VALID,0.70485,VALID,,,Critical,CRITICAL_ALARM: Sensor data missing or invalid
2026-01-11 04:00:00+00:00,2.3679924,VALID,0.703326,VALID,,,Critical,CRITICAL_ALARM: Sensor data missing or invalid
2026-01-11 05:00:00+00:00,2.32764096,VALID,0.70104,VALID,,,Critical,CRITICAL_ALARM: Sensor data missing or invalid
2026-01-11 06:00:00+00:00,2.31419048,VALID,0.700278,VALID,,,Critical,CRITICAL_ALARM: Sensor data missing or invalid
2026-01-11 07:00:00+00:00,2.26109648,VALID,0.69723,VALID,,,Critical,CRITICAL_ALARM: Sensor data missing or invalid
2026-01-11 08:00:00+00:00,2.247646,VALID,0.6964680000000001,VALID,,,Critical,CRITICAL_ALARM: Sensor data missing or invalid
2026-01-11 09:00:00+00:00,2.22074504,VALID,0.694944,VALID,,,Critical,CRITICAL_ALARM: Sensor data missing or invalid
2026-01-11 10:00:00+00:00,2.18180944,VALID,0.692658,VALID,,,Critical,CRITICAL_ALARM: Sensor data missing or invalid
2026-01-11 11:00:00+00:00,2.16906688,VALID,0.6918960000000001,VALID,,,Critical,CRITICAL_ALARM: Sensor data missing or invalid
2026-01-11 12:00:00+00:00,2.13296296,VALID,0.6896100000000001,VALID,,,Critical,CRITICAL_ALARM: Sensor data missing or invalid
2026-01-11 13:00:00+00:00,2.12092832,VALID,0.688848,VALID,,,Critical,CRITICAL_ALARM: Sensor data missing or invalid
2026-01-11 14:00:00+00:00,2.11951248,VALID,0.688848,VALID,,,Critical,CRITICAL_ALARM: Sensor data missing or invalid
2026-01-11 15:00:00+00:00,2.11809664,VALID,0.688848,VALID,,,Critical,CRITICAL_ALARM: Sensor data missing or invalid
2026-01-11 16:00:00+00:00,2.16906688,VALID,0.6918960000000001,VALID,,,Critical,CRITICAL_ALARM: Sensor data missing or invalid
2026-01-11 17:00:00+00:00,2.15632432,VALID,0.691134,VALID,,,Critical,CRITICAL_ALARM: Sensor data missing or invalid
2026-01-11 18:00:00+00:00,2.16906688,VALID,0.6918960000000001,VALID,,,Critical,CRITICAL_ALARM: Sensor data missing or invalid
2026-01-11 19:00:00+00:00,2.11809664,VALID,0.688848,VALID,,,Critical,CRITICAL_ALARM: Sensor data missing or invalid
2026-01-11 20:00:00+00:00,2.0819927199999997,VALID,0.6865620000000001,VALID,,,Critical,CRITICAL_ALARM: Sensor data missing or invalid
2026-01-11 21:00:00+00:00,2.0458888,VALID,0.6842760000000001,VALID,,,Critical,CRITICAL_ALARM: Sensor data missing or invalid
2026-01-11 22:00:00+00:00,2.0579234399999997,VALID,0.685038,VALID,,,Critical,CRITICAL_ALARM: Sensor data missing or invalid
2026-01-11 23:00:00+00:00,2.0458888,VALID,0.6842760000000001,VALID,,,Critical,CRITICAL_ALARM: Sensor data missing or invalid
2026-01-12 00:00:00+00:00,2.0097848799999998,VALID,0.6819900000000001,VALID,,,Critical,CRITICAL_ALARM: Sensor data missing or invalid
2026-01-12 01:00:00+00:00,1.97368096,VALID,0.679704,VALID,,,Critical,CRITICAL_ALARM: Sensor data missing or invalid
2026-01-12 02:00:00+00:00,1.9602304799999999,VALID,0.678942,VALID,,,Critical,CRITICAL_ALARM: Sensor data missing or invalid
2026-01-12 03:00:00+00:00,1.94678,VALID,0.67818,VALID,,,Critical,CRITICAL_ALARM: Sensor data missing or invalid
2026-01-12 04:00:00+00:00,1.93332952,VALID,0.6774180000000001,VALID,,,Critical,CRITICAL_ALARM: Sensor data missing or invalid
2026-01-12 05:00:00+00:00,1.9198790399999999,VALID,0.6766560000000001,VALID,,,Critical,CRITICAL_ALARM: Sensor data missing or invalid
2026-01-12 06:00:00+00:00,1.9198790399999999,VALID,0.6766560000000001,VALID,,,Critical,CRITICAL_ALARM: Sensor data missing or invalid
2026-01-12 07:00:00+00:00,1.87528008,VALID,0.67437,VALID,,,Critical,CRITICAL_ALARM: Sensor data missing or invalid
2026-01-12 08:00:00+00:00,1.8604137600000001,VALID,0.673608,VALID,,,Critical,CRITICAL_ALARM: Sensor data missing or invalid
2026-01-12 09:00:00+00:00,1.8462553600000002,VALID,0.672846,VALID,,,Critical,CRITICAL_ALARM: Sensor data missing or invalid
2026-01-12 10:00:00+00:00,1.80378016,VALID,0.67056,VALID,,,Critical,CRITICAL_ALARM: Sensor data missing or invalid
2026-01-12 11:00:00+00:00,1.81793856,VALID,0.671322,VALID,,,Critical,CRITICAL_ALARM: Sensor data missing or invalid
2026-01-12 12:00:00+00:00,1.76130496,VALID,0.668274,VALID,,,Critical,CRITICAL_ALARM: Sensor data missing or invalid
2026-01-12 13:00:00+00:00,1.74714656,VALID,0.667512,VALID,,,Critical,CRITICAL_ALARM: Sensor data missing or invalid
2026-01-12 14:00:00+00:00,1.74714656,VALID,0.667512,VALID,,,Critical,CRITICAL_ALARM: Sensor data missing or invalid
2026-01-12 15:00:00+00:00,1.74714656,VALID,0.667512,VALID,,,Critical,CRITICAL_ALARM: Sensor data missing or invalid
2026-01-12 16:00:00+00:00,1.74714656,VALID,0.667512,VALID,,,Critical,CRITICAL_ALARM: Sensor data missing or invalid
2026-01-12 17:00:00+00:00,1.77546336,VALID,0.669036,VALID,,,Critical,CRITICAL_ALARM: Sensor data missing or invalid
2026-01-12 18:00:00+00:00,1.76130496,VALID,0.668274,VALID,,,Critical,CRITICAL_ALARM: Sensor data missing or invalid
2026-01-12 19:00:00+00:00,1.787498,VALID,0.669798,VALID,,,Critical,CRITICAL_ALARM: Sensor data missing or invalid
2026-01-12 20:00:00+00:00,1.787498,VALID,0.669798,VALID,,,Critical,CRITICAL_ALARM: Sensor data missing or invalid
2026-01-12 21:00:00+00:00,1.7740475199999999,VALID,0.669036,VALID,,,Critical,CRITICAL_ALARM: Sensor data missing or invalid
2026-01-12 22:00:00+00:00,1.8158148,VALID,0.671322,VALID,,,Critical,CRITICAL_ALARM: Sensor data missing or invalid
2026-01-12 23:00:00+00:00,1.787498,VALID,0.669798,VALID,,,Critical,CRITICAL_ALARM: Sensor data missing or invalid
2026-01-13 00:00:00+00:00,1.74643864,VALID,0.667512,VALID,,,Critical,CRITICAL_ALARM: Sensor data missing or invalid
2026-01-13 01:00:00+00:00,1.7443148800000001,VALID,0.667512,VALID,,,Critical,CRITICAL_ALARM: Sensor data missing or invalid
2026-01-13 02:00:00+00:00,1.7443148800000001,VALID,0.667512,VALID,,,Critical,CRITICAL_ALARM: Sensor data missing or invalid
2026-01-13 03:00:00+00:00,1.7308644000000002,VALID,0.66675,VALID,,,Critical,CRITICAL_ALARM: Sensor data missing or invalid
2026-01-13 04:00:00+00:00,1.7039634399999999,VALID,0.6652260000000001,VALID,,,Critical,CRITICAL_ALARM: Sensor data missing or invalid
2026-01-13 05:00:00+00:00,1.67706248,VALID,0.663702,VALID,,,Critical,CRITICAL_ALARM: Sensor data missing or invalid
2026-01-13 06:00:00+00:00,1.62396848,VALID,0.6606540000000001,VALID,,,Critical,CRITICAL_ALARM: Sensor data missing or invalid
2026-01-13 07:00:00+00:00,1.63671104,VALID,0.661416,VALID,,,Critical,CRITICAL_ALARM: Sensor data missing or invalid
2026-01-13 08:00:00+00:00,1.63671104,VALID,0.661416,VALID,,,Critical,CRITICAL_ALARM: Sensor data missing or invalid
2026-01-13 09:00:00+00:00,1.6112259199999999,VALID,0.659892,VALID,,,Critical,CRITICAL_ALARM: Sensor data missing or invalid
2026-01-13 10:00:00+00:00,1.59848336,VALID,0.65913,VALID,,,Critical,CRITICAL_ALARM: Sensor data missing or invalid
2026-01-13 11:00:00+00:00,1.59848336,VALID,0.65913,VALID,,,Critical,CRITICAL_ALARM: Sensor data missing or invalid
2026-01-13 12:00:00+00:00,1.5857408,VALID,0.6583680000000001,VALID,,,Critical,CRITICAL_ALARM: Sensor data missing or invalid
2026-01-13 13:00:00+00:00,1.5857408,VALID,0.6583680000000001,VALID,,,Critical,CRITICAL_ALARM: Sensor data missing or invalid
2026-01-13 14:00:00+00:00,1.6112259199999999,VALID,0.659892,VALID,,,Critical,CRITICAL_ALARM: Sensor data missing or invalid
2026-01-13 15:00:00+00:00,1.65016152,VALID,0.662178,VALID,,,Critical,CRITICAL_ALARM: Sensor data missing or invalid
2026-01-13 16:00:00+00:00,1.63741896,VALID,0.661416,VALID,,,Critical,CRITICAL_ALARM: Sensor data missing or invalid
2026-01-13 17:00:00+00:00,1.71599808,VALID,0.665988,VALID,,,Critical,CRITICAL_ALARM: Sensor data missing or invalid
2026-01-13 18:00:00+00:00,1.6494536,VALID,0.662178,VALID,,,Critical,CRITICAL_ALARM: Sensor data missing or invalid
2026-01-13 19:00:00+00:00,1.5857408,VALID,0.6583680000000001,VALID,,,Critical,CRITICAL_ALARM: Sensor data missing or invalid
2026-01-13 20:00:00+00:00,1.63671104,VALID,0.661416,VALID,,,Critical,CRITICAL_ALARM: Sensor data missing or invalid
2026-01-13 21:00:00+00:00,1.72803272,VALID,0.66675,VALID,,,Critical,CRITICAL_ALARM: Sensor data missing or invalid
2026-01-13 22:00:00+00:00,1.7981168,VALID,0.67056,VALID,,,Critical,CRITICAL_ALARM: Sensor data missing or invalid
2026-01-13 23:00:00+00:00,1.7839584,VALID,0.669798,VALID,,,Critical,CRITICAL_ALARM: Sensor data missing or invalid
2026-01-14 00:00:00+00:00,1.7556416000000001,VALID,0.668274,VALID,,,Critical,CRITICAL_ALARM: Sensor data missing or invalid
2026-01-14 01:00:00+00:00,1.7556416000000001,VALID,0.668274,VALID,,,Critical,CRITICAL_ALARM: Sensor data missing or invalid
2026-01-14 02:00:00+00:00,1.7414832,VALID,0.667512,VALID,,,Critical,CRITICAL_ALARM: Sensor data missing or invalid
2026-01-14 03:00:00+00:00,1.70113176,VALID,0.6652260000000001,VALID,,,Critical,CRITICAL_ALARM: Sensor data missing or invalid
2026-01-14 04:00:00+00:00,1.6607803200000002,VALID,0.6629400000000001,VALID,,,Critical,CRITICAL_ALARM: Sensor data missing or invalid
2026-01-14 05:00:00+00:00,1.68768128,VALID,0.664464,VALID,,,Critical,CRITICAL_ALARM: Sensor data missing or invalid
2026-01-14 06:00:00+00:00,1.64732984,VALID,0.662178,VALID,,,Critical,CRITICAL_ALARM: Sensor data missing or invalid
2026-01-14 07:00:00+00:00,1.64732984,VALID,0.662178,VALID,,,Critical,CRITICAL_ALARM: Sensor data missing or invalid
2026-01-14 08:00:00+00:00,1.6338793600000001,VALID,0.661416,VALID,,,Critical,CRITICAL_ALARM: Sensor data missing or invalid
2026-01-14 09:00:00+00:00,1.6338793600000001,VALID,0.661416,VALID,,,Critical,CRITICAL_ALARM: Sensor data missing or invalid
2026-01-14 10:00:00+00:00,1.60839424,VALID,0.659892,VALID,,,Critical,CRITICAL_ALARM: Sensor data missing or invalid
2026-01-14 11:00:00+00:00,1.5829091199999998,VALID,0.6583680000000001,VALID,,,Critical,CRITICAL_ALARM: Sensor data missing or invalid
2026-01-14 12:00:00+00:00,1.5829091199999998,VALID,0.6583680000000001,VALID,,,Critical,CRITICAL_ALARM: Sensor data missing or invalid
2026-01-14 13:00:00+00:00,1.5829091199999998,VALID,0.6583680000000001,VALID,,,Critical,CRITICAL_ALARM: Sensor data missing or invalid
2026-01-14 14:00:00+00:00,1.5829091199999998,VALID,0.6583680000000001,VALID,,,Critical,CRITICAL_ALARM: Sensor data missing or invalid
2026-01-14 15:00:00+00:00,1.5829091199999998,VALID,0.6583680000000001,VALID,,,Critical,CRITICAL_ALARM: Sensor data missing or invalid
2026-01-14 16:00:00+00:00,1.59565168,VALID,0.65913,VALID,,,Critical,CRITICAL_ALARM: Sensor data missing or invalid
2026-01-14 17:00:00+00:00,1.5822011999999999,VALID,0.6583680000000001,VALID,,,Critical,CRITICAL_ALARM: Sensor data missing or invalid
2026-01-14 18:00:00+00:00,1.59352792,VALID,0.65913,VALID,,,Critical,CRITICAL_ALARM: Sensor data missing or invalid
2026-01-14 19:00:00+00:00,1.72661688,VALID,0.6667500000000001,VALID,,,Critical,CRITICAL_ALARM: Sensor data missing or invalid
2026-01-14 20:00:00+00:00,1.8816513600000002,VALID,0.6751320000000001,VALID,,,Critical,CRITICAL_ALARM: Sensor data missing or invalid
2026-01-14 21:00:00+00:00,2.01190864,VALID,0.682752,VALID,,,Critical,CRITICAL_ALARM: Sensor data missing or invalid
2026-01-14 22:00:00+00:00,2.1336708800000004,VALID,0.690372,VALID,,,Critical,CRITICAL_ALARM: Sensor data missing or invalid
2026-01-14 23:00:00+00:00,2.17048272,VALID,0.692658,VALID,,,Critical,CRITICAL_ALARM: Sensor data missing or invalid
2026-01-15 00:00:00+00:00,2.17048272,VALID,0.692658,VALID,,,Critical,CRITICAL_ALARM: Sensor data missing or invalid
2026-01-15 01:00:00+00:00,2.2087104,VALID,0.694944,VALID,,,Critical,CRITICAL_ALARM: Sensor data missing or invalid
2026-01-15 02:00:00+00:00,2.2087104,VALID,0.694944,VALID,,,Critical,CRITICAL_ALARM: Sensor data missing or invalid
2026-01-15 03:00:00+00:00,2.2087104,VALID,0.694944,VALID,,,Critical,CRITICAL_ALARM: Sensor data missing or invalid
2026-01-15 04:00:00+00:00,2.22145296,VALID,0.695706,VALID,,,Critical,CRITICAL_ALARM: Sensor data missing or invalid
2026-01-15 05:00:00+00:00,2.2087104,VALID,0.694944,VALID,,,Critical,CRITICAL_ALARM: Sensor data missing or invalid
2026-01-15 06:00:00+00:00,2.1959678400000002,VALID,0.6941820000000001,VALID,,,Critical,CRITICAL_ALARM: Sensor data missing or invalid
2026-01-15 07:00:00+00:00,2.2087104,VALID,0.694944,VALID,,,Critical,CRITICAL_ALARM: Sensor data missing or invalid
2026-01-15 08:00:00+00:00,2.1832252800000003,VALID,0.69342,VALID,,,Critical,CRITICAL_ALARM: Sensor data missing or invalid
2026-01-15 09:00:00+00:00,2.1449976,VALID,0.691134,VALID,,,Critical,CRITICAL_ALARM: Sensor data missing or invalid
2026-01-15 10:00:00+00:00,2.15774016,VALID,0.6918960000000001,VALID,,,Critical,CRITICAL_ALARM: Sensor data missing or invalid
2026-01-15 11:00:00+00:00,2.10676992,VALID,0.688848,VALID,,,Critical,CRITICAL_ALARM: Sensor data missing or invalid
2026-01-15 12:00:00+00:00,2.09473528,VALID,0.688086,VALID,,,Critical,CRITICAL_ALARM: Sensor data missing or invalid
2026-01-15 13:00:00+00:00,2.05863136,VALID,0.6858000000000001,VALID,,,Critical,CRITICAL_ALARM: Sensor data missing or invalid
2026-01-15 14:00:00+00:00,2.05863136,VALID,0.6858000000000001,VALID,,,Critical,CRITICAL_ALARM: Sensor data missing or invalid
2026-01-15 15:00:00+00:00,2.09473528,VALID,0.688086,VALID,,,Critical,CRITICAL_ALARM: Sensor data missing or invalid
2026-01-15 16:00:00+00:00,2.14358176,VALID,0.691134,VALID,,,Critical,CRITICAL_ALARM: Sensor data missing or invalid
2026-01-15 17:00:00+00:00,2.28445784,VALID,0.699516,VALID,,,Critical,CRITICAL_ALARM: Sensor data missing or invalid
2026-01-15 18:00:00+00:00,2.4607299200000003,VALID,0.709422,VALID,,,Critical,CRITICAL_ALARM: Sensor data missing or invalid
2026-01-15 19:00:00+00:00,2.57541296,VALID,0.715518,VALID,,,Critical,CRITICAL_ALARM: Sensor data missing or invalid
2026-01-15 20:00:00+00:00,2.6624871199999998,VALID,0.72009,VALID,,,Critical,CRITICAL_ALARM: Sensor data missing or invalid
2026-01-15 21:00:00+00:00,2.70708608,VALID,0.722376,VALID,,,Critical,CRITICAL_ALARM: Sensor data missing or invalid
2026-01-15 22:00:00+00:00,2.7226603199999997,VALID,0.7231380000000001,VALID,,,Critical,CRITICAL_ALARM: Sensor data missing or invalid
2026-01-15 23:00:00+00:00,2.7226603199999997,VALID,0.7231380000000001,VALID,,,Critical,CRITICAL_ALARM: Sensor data missing or invalid
2026-01-16 00:00:00+00:00,2.70708608,VALID,0.722376,VALID,,,Critical,CRITICAL_ALARM: Sensor data missing or invalid
2026-01-16 01:00:00+00:00,2.69221976,VALID,0.721614,VALID,,,Critical,CRITICAL_ALARM: Sensor data missing or invalid
2026-01-16 02:00:00+00:00,2.69221976,VALID,0.721614,VALID,,,Critical,CRITICAL_ALARM: Sensor data missing or invalid
2026-01-16 03:00:00+00:00,2.63275448,VALID,0.718566,VALID,,,Critical,CRITICAL_ALARM: Sensor data missing or invalid
2026-01-16 04:00:00+00:00,2.63275448,VALID,0.718566,VALID,,,Critical,CRITICAL_ALARM: Sensor data missing or invalid
2026-01-16 05:00:00+00:00,2.6178881599999997,VALID,0.717804,VALID,,,Critical,CRITICAL_ALARM: Sensor data missing or invalid
2026-01-16 06:00:00+00:00,2.58815552,VALID,0.71628,VALID,,,Critical,CRITICAL_ALARM: Sensor data missing or invalid
2026-01-16 07:00:00+00:00,2.5732892,VALID,0.715518,VALID,,,Critical,CRITICAL_ALARM: Sensor data missing or invalid
2026-01-16 08:00:00+00:00,2.52869024,VALID,0.713232,VALID,,,Critical,CRITICAL_ALARM: Sensor data missing or invalid
2026-01-16 09:00:00+00:00,2.52869024,VALID,0.713232,VALID,,,Critical,CRITICAL_ALARM: Sensor data missing or invalid
2026-01-16 10:00:00+00:00,2.48621504,VALID,0.7109460000000001,VALID,,,Critical,CRITICAL_ALARM: Sensor data missing or invalid
2026-01-16 11:00:00+00:00,2.47205664,VALID,0.710184,VALID,,,Critical,CRITICAL_ALARM: Sensor data missing or invalid
2026-01-16 12:00:00+00:00,2.45789824,VALID,0.709422,VALID,,,Critical,CRITICAL_ALARM: Sensor data missing or invalid
2026-01-16 13:00:00+00:00,2.45789824,VALID,0.709422,VALID,,,Critical,CRITICAL_ALARM: Sensor data missing or invalid
2026-01-16 14:00:00+00:00,2.44373984,VALID,0.7086600000000001,VALID,,,Critical,CRITICAL_ALARM: Sensor data missing or invalid
2026-01-16 15:00:00+00:00,2.44373984,VALID,0.7086600000000001,VALID,,,Critical,CRITICAL_ALARM: Sensor data missing or invalid
2026-01-16 16:00:00+00:00,2.41542304,VALID,0.707136,VALID,,,Critical,CRITICAL_ALARM: Sensor data missing or invalid
2026-01-16 17:00:00+00:00,2.4295814399999998,VALID,0.707898,VALID,,,Critical,CRITICAL_ALARM: Sensor data missing or invalid
2026-01-16 18:00:00+00:00,2.4295814399999998,VALID,0.707898,VALID,,,Critical,CRITICAL_ALARM: Sensor data missing or invalid
2026-01-16 19:00:00+00:00,2.4295814399999998,VALID,0.707898,VALID,,,Critical,CRITICAL_ALARM: Sensor data missing or invalid
2026-01-16 20:00:00+00:00,2.44373984,VALID,0.7086600000000001,VALID,,,Critical,CRITICAL_ALARM: Sensor data missing or invalid
2026-01-16 21:00:00+00:00,2.47205664,VALID,0.710184,VALID,,,Critical,CRITICAL_ALARM: Sensor data missing or invalid
2026-01-16 22:00:00+00:00,2.52869024,VALID,0.713232,VALID,,,Critical,CRITICAL_ALARM: Sensor data missing or invalid
2026-01-16 23:00:00+00:00,2.52656648,VALID,0.713232,VALID,,,Critical,CRITICAL_ALARM: Sensor data missing or invalid
2026-01-17 00:00:00+00:00,2.54072488,VALID,0.713994,VALID,,,Critical,CRITICAL_ALARM: Sensor data missing or invalid
2026-01-17 01:00:00+00:00,2.57045752,VALID,0.715518,VALID,,,Critical,CRITICAL_ALARM: Sensor data missing or invalid
2026-01-17 02:00:00+00:00,2.5555912000000003,VALID,0.714756,VALID,,,Critical,CRITICAL_ALARM: Sensor data missing or invalid
2026-01-17 03:00:00+00:00,2.57045752,VALID,0.715518,VALID,,,Critical,CRITICAL_ALARM: Sensor data missing or invalid
2026-01-17 04:00:00+00:00,2.52585856,VALID,0.713232,VALID,,,Critical,CRITICAL_ALARM: Sensor data missing or invalid
2026-01-17 05:00:00+00:00,2.52585856,VALID,0.713232,VALID,,,Critical,CRITICAL_ALARM: Sensor data missing or invalid
2026-01-17 06:00:00+00:00,2.51170016,VALID,0.7124699999999999,VALID,,,Critical,CRITICAL_ALARM: Sensor data missing or invalid
2026-01-17 07:00:00+00:00,2.46922496,VALID,0.710184,VALID,,,Critical,CRITICAL_ALARM: Sensor data missing or invalid
2026-01-17 08:00:00+00:00,2.44090816,VALID,0.7086600000000001,VALID,,,Critical,CRITICAL_ALARM: Sensor data missing or invalid
2026-01-17 09:00:00+00:00,2.3856903999999997,VALID,0.705612,VALID,,,Critical,CRITICAL_ALARM: Sensor data missing or invalid
2026-01-17 10:00:00+00:00,2.35878944,VALID,0.704088,VALID,,,Critical,CRITICAL_ALARM: Sensor data missing or invalid
2026-01-17 11:00:00+00:00,2.33188848,VALID,0.702564,VALID,,,Critical,CRITICAL_ALARM: Sensor data missing or invalid
2026-01-17 12:00:00+00:00,2.27808656,VALID,0.699516,VALID,,,Critical,CRITICAL_ALARM: Sensor data missing or invalid
2026-01-17 13:00:00+00:00,2.2511856,VALID,0.6979920000000001,VALID,,,Critical,CRITICAL_ALARM: Sensor data missing or invalid
2026-01-17 14:00:00+00:00,2.20021536,VALID,0.694944,VALID,,,Critical,CRITICAL_ALARM: Sensor data missing or invalid
2026-01-17 15:00:00+00:00,2.1874728,VALID,0.6941820000000001,VALID,,,Critical,CRITICAL_ALARM: Sensor data missing or invalid
2026-01-17 16:00:00+00:00,2.17473024,VALID,0.69342,VALID,,,Critical,CRITICAL_ALARM: Sensor data missing or invalid
2026-01-17 17:00:00+00:00,2.17473024,VALID,0.69342,VALID,,,Critical,CRITICAL_ALARM: Sensor data missing or invalid
2026-01-17 18:00:00+00:00,2.12376,VALID,0.690372,VALID,,,Critical,CRITICAL_ALARM: Sensor data missing or invalid
2026-01-17 19:00:00+00:00,2.08624024,VALID,0.688086,VALID,,,Critical,CRITICAL_ALARM: Sensor data missing or invalid
2026-01-17 20:00:00+00:00,2.0742056,VALID,0.687324,VALID,,,Critical,CRITICAL_ALARM: Sensor data missing or invalid
2026-01-17 21:00:00+00:00,2.08624024,VALID,0.688086,VALID,,,Critical,CRITICAL_ALARM: Sensor data missing or invalid
2026-01-17 22:00:00+00:00,2.06217096,VALID,0.6865620000000001,VALID,,,Critical,CRITICAL_ALARM: Sensor data missing or invalid
2026-01-17 23:00:00+00:00,2.05013632,VALID,0.6858000000000001,VALID,,,Critical,CRITICAL_ALARM: Sensor data missing or invalid
2026-01-18 00:00:00+00:00,2.0140324,VALID,0.6835140000000002,VALID,,,Critical,CRITICAL_ALARM: Sensor data missing or invalid
2026-01-18 01:00:00+00:00,1.98996312,VALID,0.6819900000000001,VALID,,,Critical,CRITICAL_ALARM: Sensor data missing or invalid
2026-01-18 02:00:00+00:00,1.98996312,VALID,0.6819900000000001,VALID,,,Critical,CRITICAL_ALARM: Sensor data missing or invalid
2026-01-18 03:00:00+00:00,1.97792848,VALID,0.6812280000000001,VALID,,,Critical,CRITICAL_ALARM: Sensor data missing or invalid
2026-01-18 04:00:00+00:00,1.9538592,VALID,0.679704,VALID,,,Critical,CRITICAL_ALARM: Sensor data missing or invalid
2026-01-18 05:00:00+00:00,1.9255423999999999,VALID,0.67818,VALID,,,Critical,CRITICAL_ALARM: Sensor data missing or invalid
2026-01-18 06:00:00+00:00,1.9255423999999999,VALID,0.67818,VALID,,,Critical,CRITICAL_ALARM: Sensor data missing or invalid
2026-01-18 07:00:00+00:00,1.8972256,VALID,0.6766560000000001,VALID,,,Critical,CRITICAL_ALARM: Sensor data missing or invalid
2026-01-18 08:00:00+00:00,1.8823592800000002,VALID,0.6758940000000001,VALID,,,Critical,CRITICAL_ALARM: Sensor data missing or invalid
2026-01-18 09:00:00+00:00,1.86749296,VALID,0.6751320000000001,VALID,,,Critical,CRITICAL_ALARM: Sensor data missing or invalid
2026-01-18 10:00:00+00:00,1.8377603200000001,VALID,0.673608,VALID,,,Critical,CRITICAL_ALARM: Sensor data missing or invalid
2026-01-18 11:00:00+00:00,1.8377603200000001,VALID,0.673608,VALID,,,Critical,CRITICAL_ALARM: Sensor data missing or invalid
2026-01-18 12:00:00+00:00,1.8094435199999999,VALID,0.672084,VALID,,,Critical,CRITICAL_ALARM: Sensor data missing or invalid
2026-01-18 13:00:00+00:00,1.79528512,VALID,0.671322,VALID,,,Critical,CRITICAL_ALARM: Sensor data missing or invalid
2026-01-18 14:00:00+00:00,1.76696832,VALID,0.669798,VALID,,,Critical,CRITICAL_ALARM: Sensor data missing or invalid
2026-01-18 15:00:00+00:00,1.76696832,VALID,0.669798,VALID,,,Critical,CRITICAL_ALARM: Sensor data missing or invalid
2026-01-18 16:00:00+00:00,1.7528099199999998,VALID,0.669036,VALID,,,Critical,CRITICAL_ALARM: Sensor data missing or invalid
2026-01-18 17:00:00+00:00,1.72449312,VALID,0.667512,VALID,,,Critical,CRITICAL_ALARM: Sensor data missing or invalid
2026-01-18 18:00:00+00:00,1.72449312,VALID,0.667512,VALID,,,Critical,CRITICAL_ALARM: Sensor data missing or invalid
2026-01-18 19:00:00+00:00,1.71104264,VALID,0.66675,VALID,,,Critical,CRITICAL_ALARM: Sensor data missing or invalid
2026-01-18 20:00:00+00:00,1.6975921600000001,VALID,0.665988,VALID,,,Critical,CRITICAL_ALARM: Sensor data missing or invalid
2026-01-18 21:00:00+00:00,1.6706912,VALID,0.664464,VALID,,,Critical,CRITICAL_ALARM: Sensor data missing or invalid
2026-01-18 22:00:00+00:00,1.68414168,VALID,0.6652260000000001,VALID,,,Critical,CRITICAL_ALARM: Sensor data missing or invalid
2026-01-18 23:00:00+00:00,1.6572407200000001,VALID,0.663702,VALID,,,Critical,CRITICAL_ALARM: Sensor data missing or invalid
2026-01-19 00:00:00+00:00,1.61688928,VALID,0.661416,VALID,,,Critical,CRITICAL_ALARM: Sensor data missing or invalid
2026-01-19 01:00:00+00:00,1.61688928,VALID,0.661416,VALID,,,Critical,CRITICAL_ALARM: Sensor data missing or invalid
2026-01-19 02:00:00+00:00,1.61688928,VALID,0.661416,VALID,,,Critical,CRITICAL_ALARM: Sensor data missing or invalid
2026-01-19 03:00:00+00:00,1.5786615999999998,VALID,0.65913,VALID,,,Critical,CRITICAL_ALARM: Sensor data missing or invalid
2026-01-19 04:00:00+00:00,1.5659190399999998,VALID,0.6583680000000001,VALID,,,Critical,CRITICAL_ALARM: Sensor data missing or invalid
2026-01-19 05:00:00+00:00,1.5659190399999998,VALID,0.6583680000000001,VALID,,,Critical,CRITICAL_ALARM: Sensor data missing or invalid
2026-01-19 06:00:00+00:00,1.5659190399999998,VALID,0.6583680000000001,VALID,,,Critical,CRITICAL_ALARM: Sensor data missing or invalid
2026-01-19 07:00:00+00:00,1.5659190399999998,VALID,0.6583680000000001,VALID,,,Critical,CRITICAL_ALARM: Sensor data missing or invalid
2026-01-19 08:00:00+00:00,1.5659190399999998,VALID,0.6583680000000001,VALID,,,Critical,CRITICAL_ALARM: Sensor data missing or invalid
2026-01-19 09:00:00+00:00,1.5659190399999998,VALID,0.6583680000000001,VALID,,,Critical,CRITICAL_ALARM: Sensor data missing or invalid
2026-01-19 10:00:00+00:00,1.5531764799999999,VALID,0.657606,VALID,,,Critical,CRITICAL_ALARM: Sensor data missing or invalid
2026-01-19 11:00:00+00:00,1.52769136,VALID,0.656082,VALID,,,Critical,CRITICAL_ALARM: Sensor data missing or invalid
2026-01-19 12:00:00+00:00,1.52769136,VALID,0.656082,VALID,,,Critical,CRITICAL_ALARM: Sensor data missing or invalid
2026-01-19 13:00:00+00:00,1.52769136,VALID,0.656082,VALID,,,Critical,CRITICAL_ALARM: Sensor data missing or invalid
2026-01-19 14:00:00+00:00,1.5149488,VALID,0.65532,VALID,,,Critical,CRITICAL_ALARM: Sensor data missing or invalid
2026-01-19 15:00:00+00:00,1.5149488,VALID,0.65532,VALID,,,Critical,CRITICAL_ALARM: Sensor data missing or invalid
2026-01-19 16:00:00+00:00,1.50291416,VALID,0.654558,VALID,,,Critical,CRITICAL_ALARM: Sensor data missing or invalid
2026-01-19 17:00:00+00:00,1.5149488,VALID,0.65532,VALID,,,Critical,CRITICAL_ALARM: Sensor data missing or invalid
2026-01-19 18:00:00+00:00,1.5149488,VALID,0.65532,VALID,,,Critical,CRITICAL_ALARM: Sensor data missing or invalid
2026-01-19 19:00:00+00:00,1.49087952,VALID,0.653796,VALID,,,Critical,CRITICAL_ALARM: Sensor data missing or invalid
2026-01-19 20:00:00+00:00,1.5149488,VALID,0.65532,VALID,,,Critical,CRITICAL_ALARM: Sensor data missing or invalid
2026-01-19 21:00:00+00:00,1.50291416,VALID,0.654558,VALID,,,Critical,CRITICAL_ALARM: Sensor data missing or invalid
2026-01-19 22:00:00+00:00,1.49087952,VALID,0.653796,VALID,,,Critical,CRITICAL_ALARM: Sensor data missing or invalid
2026-01-19 23:00:00+00:00,1.49087952,VALID,0.653796,VALID,,,Critical,CRITICAL_ALARM: Sensor data missing or invalid
2026-01-20 00:00:00+00:00,1.4668102399999998,VALID,0.6522720000000001,VALID,,,Critical,CRITICAL_ALARM: Sensor data missing or invalid
2026-01-20 01:00:00+00:00,1.44274096,VALID,0.6507480000000001,VALID,,,Critical,CRITICAL_ALARM: Sensor data missing or invalid
2026-01-20 02:00:00+00:00,1.4547755999999998,VALID,0.65151,VALID,,,Critical,CRITICAL_ALARM: Sensor data missing or invalid
2026-01-20 03:00:00+00:00,1.44274096,VALID,0.6507480000000001,VALID,,,Critical,CRITICAL_ALARM: Sensor data missing or invalid
2026-01-20 04:00:00+00:00,1.44274096,VALID,0.6507480000000001,VALID,,,Critical,CRITICAL_ALARM: Sensor data missing or invalid
2026-01-20 05:00:00+00:00,1.44274096,VALID,0.6507480000000001,VALID,,,Critical,CRITICAL_ALARM: Sensor data missing or invalid
2026-01-20 06:00:00+00:00,1.44274096,VALID,0.6507480000000001,VALID,,,Critical,CRITICAL_ALARM: Sensor data missing or invalid
2026-01-20 07:00:00+00:00,1.44274096,VALID,0.6507480000000001,VALID,,,Critical,CRITICAL_ALARM: Sensor data missing or invalid
2026-01-20 08:00:00+00:00,1.4299984000000001,VALID,0.6499860000000001,VALID,,,Critical,CRITICAL_ALARM: Sensor data missing or invalid
2026-01-20 09:00:00+00:00,1.4526518400000001,VALID,0.65151,VALID,,,Critical,CRITICAL_ALARM: Sensor data missing or invalid
2026-01-20 10:00:00+00:00,1.41867168,VALID,0.649224,VALID,,,Critical,CRITICAL_ALARM: Sensor data missing or invalid
2026-01-20 11:00:00+00:00,1.4413251200000001,VALID,0.6507480000000001,VALID,,,Critical,CRITICAL_ALARM: Sensor data missing or invalid
2026-01-20 12:00:00+00:00,1.4299984000000001,VALID,0.6499860000000001,VALID,,,Critical,CRITICAL_ALARM: Sensor data missing or invalid
2026-01-20 13:00:00+00:00,1.4299984000000001,VALID,0.6499860000000001,VALID,,,Critical,CRITICAL_ALARM: Sensor data missing or invalid
2026-01-20 14:00:00+00:00,1.41867168,VALID,0.649224,VALID,,,Critical,CRITICAL_ALARM: Sensor data missing or invalid
2026-01-20 15:00:00+00:00,1.4413251200000001,VALID,0.6507480000000001,VALID,,,Critical,CRITICAL_ALARM: Sensor data missing or invalid
2026-01-20 16:00:00+00:00,1.4299984000000001,VALID,0.6499860000000001,VALID,,,Critical,CRITICAL_ALARM: Sensor data missing or invalid
2026-01-20 17:00:00+00:00,1.41867168,VALID,0.649224,VALID,,,Critical,CRITICAL_ALARM: Sensor data missing or invalid
2026-01-20 18:00:00+00:00,1.4299984000000001,VALID,0.6499860000000001,VALID,,,Critical,CRITICAL_ALARM: Sensor data missing or invalid
2026-01-20 19:00:00+00:00,1.4172558400000002,VALID,0.649224,VALID,,,Critical,CRITICAL_ALARM: Sensor data missing or invalid
2026-01-20 20:00:00+00:00,1.41584,VALID,0.649224,VALID,,,Critical,CRITICAL_ALARM: Sensor data missing or invalid
2026-01-20 21:00:00+00:00,1.41584,VALID,0.649224,VALID,,,Critical,CRITICAL_ALARM: Sensor data missing or invalid
2026-01-20 22:00:00+00:00,1.4052212,VALID,0.6484620000000001,VALID,,,Critical,CRITICAL_ALARM: Sensor data missing or invalid
2026-01-20 23:00:00+00:00,1.41584,VALID,0.649224,VALID,,,Critical,CRITICAL_ALARM: Sensor data missing or invalid
2026-01-21 00:00:00+00:00,1.41584,VALID,0.649224,VALID,,,Critical,CRITICAL_ALARM: Sensor data missing or invalid
2026-01-21 01:00:00+00:00,1.40451328,VALID,0.6484620000000001,VALID,,,Critical,CRITICAL_ALARM: Sensor data missing or invalid
2026-01-21 02:00:00+00:00,1.37053312,VALID,0.6461760000000001,VALID,,,Critical,CRITICAL_ALARM: Sensor data missing or invalid
2026-01-21 03:00:00+00:00,1.37053312,VALID,0.6461760000000001,VALID,,,Critical,CRITICAL_ALARM: Sensor data missing or invalid
2026-01-21 04:00:00+00:00,1.38185984,VALID,0.646938,VALID,,,Critical,CRITICAL_ALARM: Sensor data missing or invalid
2026-01-21 05:00:00+00:00,1.39318656,VALID,0.6477,VALID,,,Critical,CRITICAL_ALARM: Sensor data missing or invalid
2026-01-21 06:00:00+00:00,1.38185984,VALID,0.646938,VALID,,,Critical,CRITICAL_ALARM: Sensor data missing or invalid
2026-01-21 07:00:00+00:00,1.38185984,VALID,0.646938,VALID,,,Critical,CRITICAL_ALARM: Sensor data missing or invalid
2026-01-21 08:00:00+00:00,1.38185984,VALID,0.646938,VALID,,,Critical,CRITICAL_ALARM: Sensor data missing or invalid
2026-01-21 09:00:00+00:00,1.38185984,VALID,0.646938,VALID,,,Critical,CRITICAL_ALARM: Sensor data missing or invalid
2026-01-21 10:00:00+00:00,1.38185984,VALID,0.646938,VALID,,,Critical,CRITICAL_ALARM: Sensor data missing or invalid
2026-01-21 11:00:00+00:00,1.38185984,VALID,0.646938,VALID,,,Critical,CRITICAL_ALARM: Sensor data missing or invalid
2026-01-21 12:00:00+00:00,1.37053312,VALID,0.6461760000000001,VALID,,,Critical,CRITICAL_ALARM: Sensor data missing or invalid
2026-01-21 13:00:00+00:00,1.3592064,VALID,0.645414,VALID,,,Critical,CRITICAL_ALARM: Sensor data missing or invalid
2026-01-21 14:00:00+00:00,1.37053312,VALID,0.6461760000000001,VALID,,,Critical,CRITICAL_ALARM: Sensor data missing or invalid
2026-01-21 15:00:00+00:00,1.37053312,VALID,0.6461760000000001,VALID,,,Critical,CRITICAL_ALARM: Sensor data missing or invalid
2026-01-21 16:00:00+00:00,1.38185984,VALID,0.646938,VALID,,,Critical,CRITICAL_ALARM: Sensor data missing or invalid
2026-01-21 17:00:00+00:00,1.37053312,VALID,0.6461760000000001,VALID,,,Critical,CRITICAL_ALARM: Sensor data missing or invalid
2026-01-21 18:00:00+00:00,1.3797360799999998,VALID,0.646938,VALID,,,Critical,CRITICAL_ALARM: Sensor data missing or invalid
2026-01-21 19:00:00+00:00,1.3464638399999997,VALID,0.644652,VALID,,,Critical,CRITICAL_ALARM: Sensor data missing or invalid
2026-01-21 20:00:00+00:00,1.3677014399999998,VALID,0.6461760000000001,VALID,,,Critical,CRITICAL_ALARM: Sensor data missing or invalid
2026-01-21 21:00:00+00:00,1.3252262399999999,VALID,0.643128,VALID,,,Critical,CRITICAL_ALARM: Sensor data missing or invalid
2026-01-21 22:00:00+00:00,1.3464638399999997,VALID,0.644652,VALID,,,Critical,CRITICAL_ALARM: Sensor data missing or invalid
2026-01-21 23:00:00+00:00,1.3464638399999997,VALID,0.644652,VALID,,,Critical,CRITICAL_ALARM: Sensor data missing or invalid
2026-01-22 00:00:00+00:00,1.3464638399999997,VALID,0.644652,VALID,,,Critical,CRITICAL_ALARM: Sensor data missing or invalid
2026-01-22 01:00:00+00:00,1.33584504,VALID,0.6438900000000001,VALID,,,Critical,CRITICAL_ALARM: Sensor data missing or invalid
2026-01-22 02:00:00+00:00,1.33584504,VALID,0.6438900000000001,VALID,,,Critical,CRITICAL_ALARM: Sensor data missing or invalid
2026-01-22 03:00:00+00:00,1.3252262399999999,VALID,0.643128,VALID,,,Critical,CRITICAL_ALARM: Sensor data missing or invalid
2026-01-22 04:00:00+00:00,1.32451832,VALID,0.643128,VALID,,,Critical,CRITICAL_ALARM: Sensor data missing or invalid
2026-01-22 05:00:00+00:00,1.33372128,VALID,0.6438900000000001,VALID,,,Critical,CRITICAL_ALARM: Sensor data missing or invalid
2026-01-22 06:00:00+00:00,1.33372128,VALID,0.6438900000000001,VALID,,,Critical,CRITICAL_ALARM: Sensor data missing or invalid
2026-01-22 07:00:00+00:00,1.32239456,VALID,0.643128,VALID,,,Critical,CRITICAL_ALARM: Sensor data missing or invalid
2026-01-22 08:00:00+00:00,1.32239456,VALID,0.643128,VALID,,,Critical,CRITICAL_ALARM: Sensor data missing or invalid
2026-01-22 09:00:00+00:00,1.31177576,VALID,0.642366,VALID,,,Critical,CRITICAL_ALARM: Sensor data missing or invalid
2026-01-22 10:00:00+00:00,1.29053816,VALID,0.6408420000000001,VALID,,,Critical,CRITICAL_ALARM: Sensor data missing or invalid
2026-01-22 11:00:00+00:00,1.31177576,VALID,0.642366,VALID,,,Critical,CRITICAL_ALARM: Sensor data missing or invalid
2026-01-22 12:00:00+00:00,1.3011569600000001,VALID,0.6416040000000001,VALID,,,Critical,CRITICAL_ALARM: Sensor data missing or invalid
2026-01-22 13:00:00+00:00,1.29053816,VALID,0.6408420000000001,VALID,,,Critical,CRITICAL_ALARM: Sensor data missing or invalid
2026-01-22 14:00:00+00:00,1.32239456,VALID,0.643128,VALID,,,Critical,CRITICAL_ALARM: Sensor data missing or invalid
2026-01-22 15:00:00+00:00,1.32239456,VALID,0.643128,VALID,,,Critical,CRITICAL_ALARM: Sensor data missing or invalid
2026-01-22 16:00:00+00:00,1.3011569600000001,VALID,0.6416040000000001,VALID,,,Critical,CRITICAL_ALARM: Sensor data missing or invalid
2026-01-22 17:00:00+00:00,1.32239456,VALID,0.643128,VALID,,,Critical,CRITICAL_ALARM: Sensor data missing or invalid
2026-01-22 18:00:00+00:00,1.33301336,VALID,0.6438900000000001,VALID,,,Critical,CRITICAL_ALARM: Sensor data missing or invalid
2026-01-22 19:00:00+00:00,1.31177576,VALID,0.642366,VALID,,,Critical,CRITICAL_ALARM: Sensor data missing or invalid
2026-01-22 20:00:00+00:00,1.29053816,VALID,0.6408420000000001,VALID,,,Critical,CRITICAL_ALARM: Sensor data missing or invalid
2026-01-22 21:00:00+00:00,1.3011569600000001,VALID,0.6416040000000001,VALID,,,Critical,CRITICAL_ALARM: Sensor data missing or invalid
2026-01-22 22:00:00+00:00,1.32239456,VALID,0.643128,VALID,,,Critical,CRITICAL_ALARM: Sensor data missing or invalid
2026-01-22 23:00:00+00:00,1.3011569600000001,VALID,0.6416040000000001,VALID,,,Critical,CRITICAL_ALARM: Sensor data missing or invalid
2026-01-23 00:00:00+00:00,1.3011569600000001,VALID,0.6416040000000001,VALID,,,Critical,CRITICAL_ALARM: Sensor data missing or invalid
2026-01-23 01:00:00+00:00,1.3011569600000001,VALID,0.6416040000000001,VALID,,,Critical,CRITICAL_ALARM: Sensor data missing or invalid
2026-01-23 02:00:00+00:00,1.28912232,VALID,0.6408420000000001,VALID,,,Critical,CRITICAL_ALARM: Sensor data missing or invalid
2026-01-23 03:00:00+00:00,1.2884144,VALID,0.6408420000000001,VALID,,,Critical,CRITICAL_ALARM: Sensor data missing or invalid
2026-01-23 04:00:00+00:00,1.2884144,VALID,0.6408420000000001,VALID,,,Critical,CRITICAL_ALARM: Sensor data missing or invalid
2026-01-23 05:00:00+00:00,1.27708768,VALID,0.6400800000000001,VALID,,,Critical,CRITICAL_ALARM: Sensor data missing or invalid
2026-01-23 06:00:00+00:00,1.27708768,VALID,0.6400800000000001,VALID,,,Critical,CRITICAL_ALARM: Sensor data missing or invalid
2026-01-23 07:00:00+00:00,1.27708768,VALID,0.6400800000000001,VALID,,,Critical,CRITICAL_ALARM: Sensor data missing or invalid
2026-01-23 08:00:00+00:00,1.27708768,VALID,0.6400800000000001,VALID,,,Critical,CRITICAL_ALARM: Sensor data missing or invalid
2026-01-23 09:00:00+00:00,1.27708768,VALID,0.6400800000000001,VALID,,,Critical,CRITICAL_ALARM: Sensor data missing or invalid
2026-01-23 10:00:00+00:00,1.27708768,VALID,0.6400800000000001,VALID,,,Critical,CRITICAL_ALARM: Sensor data missing or invalid
2026-01-23 11:00:00+00:00,1.27708768,VALID,0.6400800000000001,VALID,,,Critical,CRITICAL_ALARM: Sensor data missing or invalid
2026-01-23 12:00:00+00:00,1.27708768,VALID,0.6400800000000001,VALID,,,Critical,CRITICAL_ALARM: Sensor data missing or invalid
2026-01-23 13:00:00+00:00,1.27708768,VALID,0.6400800000000001,VALID,,,Critical,CRITICAL_ALARM: Sensor data missing or invalid
2026-01-23 14:00:00+00:00,1.27708768,VALID,0.6400800000000001,VALID,,,Critical,CRITICAL_ALARM: Sensor data missing or invalid
2026-01-23 15:00:00+00:00,1.27708768,VALID,0.6400800000000001,VALID,,,Critical,CRITICAL_ALARM: Sensor data missing or invalid
2026-01-23 16:00:00+00:00,1.28770648,VALID,0.6408420000000001,VALID,,,Critical,CRITICAL_ALARM: Sensor data missing or invalid
2026-01-23 17:00:00+00:00,1.26646888,VALID,0.639318,VALID,,,Critical,CRITICAL_ALARM: Sensor data missing or invalid
2026-01-23 18:00:00+00:00,1.31956288,VALID,0.643128,VALID,,,Critical,CRITICAL_ALARM: Sensor data missing or invalid
2026-01-23 19:00:00+00:00,1.30894408,VALID,0.642366,VALID,,,Critical,CRITICAL_ALARM: Sensor data missing or invalid
2026-01-23 20:00:00+00:00,1.27708768,VALID,0.6400800000000001,VALID,,,Critical,CRITICAL_ALARM: Sensor data missing or invalid
2026-01-23 21:00:00+00:00,1.26646888,VALID,0.639318,VALID,,,Critical,CRITICAL_ALARM: Sensor data missing or invalid
2026-01-23 22:00:00+00:00,1.27708768,VALID,0.6400800000000001,VALID,,,Critical,CRITICAL_ALARM: Sensor data missing or invalid
2026-01-23 23:00:00+00:00,1.27708768,VALID,0.6400800000000001,VALID,,,Critical,CRITICAL_ALARM: Sensor data missing or invalid
2026-01-24 00:00:00+00:00,1.25585008,VALID,0.6385560000000001,VALID,,,Critical,CRITICAL_ALARM: Sensor data missing or invalid
2026-01-24 01:00:00+00:00,1.25585008,VALID,0.6385560000000001,VALID,,,Critical,CRITICAL_ALARM: Sensor data missing or invalid
2026-01-24 02:00:00+00:00,1.25585008,VALID,0.6385560000000001,VALID,,,Critical,CRITICAL_ALARM: Sensor data missing or invalid
2026-01-24 03:00:00+00:00,1.274256,VALID,0.6400800000000001,VALID,,,Critical,CRITICAL_ALARM: Sensor data missing or invalid
2026-01-24 04:00:00+00:00,1.26434512,VALID,0.639318,VALID,,,Critical,CRITICAL_ALARM: Sensor data missing or invalid
2026-01-24 05:00:00+00:00,1.274256,VALID,0.6400800000000001,VALID,,,Critical,CRITICAL_ALARM: Sensor data missing or invalid
2026-01-24 06:00:00+00:00,1.26434512,VALID,0.639318,VALID,,,Critical,CRITICAL_ALARM: Sensor data missing or invalid
2026-01-24 07:00:00+00:00,1.2544342400000001,VALID,0.6385560000000001,VALID,,,Critical,CRITICAL_ALARM: Sensor data missing or invalid
2026-01-24 08:00:00+00:00,1.274256,VALID,0.6400800000000001,VALID,,,Critical,CRITICAL_ALARM: Sensor data missing or invalid
2026-01-24 09:00:00+00:00,1.26434512,VALID,0.639318,VALID,,,Critical,CRITICAL_ALARM: Sensor data missing or invalid
2026-01-24 10:00:00+00:00,1.274256,VALID,0.6400800000000001,VALID,,,Critical,CRITICAL_ALARM: Sensor data missing or invalid
2026-01-24 11:00:00+00:00,1.274256,VALID,0.6400800000000001,VALID,,,Critical,CRITICAL_ALARM: Sensor data missing or invalid
2026-01-24 12:00:00+00:00,1.274256,VALID,0.6400800000000001,VALID,,,Critical,CRITICAL_ALARM: Sensor data missing or invalid
2026-01-24 13:00:00+00:00,1.274256,VALID,0.6400800000000001,VALID,,,Critical,CRITICAL_ALARM: Sensor data missing or invalid
2026-01-24 14:00:00+00:00,1.274256,VALID,0.6400800000000001,VALID,,,Critical,CRITICAL_ALARM: Sensor data missing or invalid
2026-01-24 15:00:00+00:00,1.274256,VALID,0.6400800000000001,VALID,,,Critical,CRITICAL_ALARM: Sensor data missing or invalid
2026-01-24 16:00:00+00:00,1.274256,VALID,0.6400800000000001,VALID,,,Critical,CRITICAL_ALARM: Sensor data missing or invalid
2026-01-24 17:00:00+00:00,1.274256,VALID,0.6400800000000001,VALID,,,Critical,CRITICAL_ALARM: Sensor data missing or invalid
2026-01-24 18:00:00+00:00,1.274256,VALID,0.6400800000000001,VALID,,,Critical,CRITICAL_ALARM: Sensor data missing or invalid
2026-01-24 19:00:00+00:00,1.274256,VALID,0.6400800000000001,VALID,,,Critical,CRITICAL_ALARM: Sensor data missing or invalid
2026-01-24 20:00:00+00:00,1.274256,VALID,0.6400800000000001,VALID,,,Critical,CRITICAL_ALARM: Sensor data missing or invalid
2026-01-24 21:00:00+00:00,1.2636372,VALID,0.639318,VALID,,,Critical,CRITICAL_ALARM: Sensor data missing or invalid
2026-01-24 22:00:00+00:00,1.2530184,VALID,0.6385560000000001,VALID,,,Critical,CRITICAL_ALARM: Sensor data missing or invalid
2026-01-24 23:00:00+00:00,1.274256,VALID,0.6400800000000001,VALID,,,Critical,CRITICAL_ALARM: Sensor data missing or invalid
2026-01-25 00:00:00+00:00,1.274256,VALID,0.6400800000000001,VALID,,,Critical,CRITICAL_ALARM: Sensor data missing or invalid
2026-01-25 01:00:00+00:00,1.2848748,VALID,0.6408420000000001,VALID,,,Critical,CRITICAL_ALARM: Sensor data missing or invalid
2026-01-25 02:00:00+00:00,1.274256,VALID,0.6400800000000001,VALID,,,Critical,CRITICAL_ALARM: Sensor data missing or invalid
2026-01-25 03:00:00+00:00,1.27142432,VALID,0.6400800000000001,VALID,,,Critical,CRITICAL_ALARM: Sensor data missing or invalid
2026-01-25 04:00:00+00:00,1.27142432,VALID,0.6400800000000001,VALID,,,Critical,CRITICAL_ALARM: Sensor data missing or invalid
2026-01-25 05:00:00+00:00,1.27142432,VALID,0.6400800000000001,VALID,,,Critical,CRITICAL_ALARM: Sensor data missing or invalid
2026-01-25 06:00:00+00:00,1.27142432,VALID,0.6400800000000001,VALID,,,Critical,CRITICAL_ALARM: Sensor data missing or invalid
2026-01-25 07:00:00+00:00,1.27142432,VALID,0.6400800000000001,VALID,,,Critical,CRITICAL_ALARM: Sensor data missing or invalid
2026-01-25 08:00:00+00:00,1.27142432,VALID,0.6400800000000001,VALID,,,Critical,CRITICAL_ALARM: Sensor data missing or invalid
2026-01-25 09:00:00+00:00,1.27142432,VALID,0.6400800000000001,VALID,,,Critical,CRITICAL_ALARM: Sensor data missing or invalid
2026-01-25 10:00:00+00:00,1.27142432,VALID,0.6400800000000001,VALID,,,Critical,CRITICAL_ALARM: Sensor data missing or invalid
2026-01-25 11:00:00+00:00,1.27142432,VALID,0.6400800000000001,VALID,,,Critical,CRITICAL_ALARM: Sensor data missing or invalid
2026-01-25 12:00:00+00:00,1.27142432,VALID,0.6400800000000001,VALID,,,Critical,CRITICAL_ALARM: Sensor data missing or invalid
2026-01-25 13:00:00+00:00,1.27142432,VALID,0.6400800000000001,VALID,,,Critical,CRITICAL_ALARM: Sensor data missing or invalid
2026-01-25 14:00:00+00:00,1.28204312,VALID,0.6408420000000001,VALID,,,Critical,CRITICAL_ALARM: Sensor data missing or invalid
2026-01-25 15:00:00+00:00,1.27142432,VALID,0.6400800000000001,VALID,,,Critical,CRITICAL_ALARM: Sensor data missing or invalid
2026-01-25 16:00:00+00:00,1.28204312,VALID,0.6408420000000001,VALID,,,Critical,CRITICAL_ALARM: Sensor data missing or invalid
2026-01-25 17:00:00+00:00,1.27142432,VALID,0.6400800000000001,VALID,,,Critical,CRITICAL_ALARM: Sensor data missing or invalid
2026-01-25 18:00:00+00:00,1.28204312,VALID,0.6408420000000001,VALID,,,Critical,CRITICAL_ALARM: Sensor data missing or invalid
2026-01-25 19:00:00+00:00,1.27142432,VALID,0.6400800000000001,VALID,,,Critical,CRITICAL_ALARM: Sensor data missing or invalid
2026-01-25 20:00:00+00:00,1.26080552,VALID,0.639318,VALID,,,Critical,CRITICAL_ALARM: Sensor data missing or invalid
2026-01-25 21:00:00+00:00,1.28204312,VALID,0.6408420000000001,VALID,,,Critical,CRITICAL_ALARM: Sensor data missing or invalid
2026-01-25 22:00:00+00:00,1.26080552,VALID,0.639318,VALID,,,Critical,CRITICAL_ALARM: Sensor data missing or invalid
2026-01-25 23:00:00+00:00,1.26080552,VALID,0.639318,VALID,,,Critical,CRITICAL_ALARM: Sensor data missing or invalid
2026-01-26 00:00:00+00:00,1.27142432,VALID,0.6400800000000001,VALID,,,Critical,CRITICAL_ALARM: Sensor data missing or invalid
2026-01-26 01:00:00+00:00,1.2501867199999999,VALID,0.6385560000000001,VALID,,,Critical,CRITICAL_ALARM: Sensor data missing or invalid
2026-01-26 02:00:00+00:00,1.27142432,VALID,0.6400800000000001,VALID,,,Critical,CRITICAL_ALARM: Sensor data missing or invalid
2026-01-26 03:00:00+00:00,1.25868176,VALID,0.639318,VALID,,,Critical,CRITICAL_ALARM: Sensor data missing or invalid
2026-01-26 04:00:00+00:00,1.2685926399999998,VALID,0.6400800000000001,VALID,,,Critical,CRITICAL_ALARM: Sensor data missing or invalid
2026-01-26 05:00:00+00:00,1.2685926399999998,VALID,0.6400800000000001,VALID,,,Critical,CRITICAL_ALARM: Sensor data missing or invalid
2026-01-26 06:00:00+00:00,1.2685926399999998,VALID,0.6400800000000001,VALID,,,Critical,CRITICAL_ALARM: Sensor data missing or invalid
2026-01-26 07:00:00+00:00,1.25868176,VALID,0.639318,VALID,,,Critical,CRITICAL_ALARM: Sensor data missing or invalid
2026-01-26 08:00:00+00:00,1.2685926399999998,VALID,0.6400800000000001,VALID,,,Critical,CRITICAL_ALARM: Sensor data missing or invalid
2026-01-26 09:00:00+00:00,1.24877088,VALID,0.6385560000000001,VALID,,,Critical,CRITICAL_ALARM: Sensor data missing or invalid
2026-01-26 10:00:00+00:00,1.24877088,VALID,0.6385560000000001,VALID,,,Critical,CRITICAL_ALARM: Sensor data missing or invalid
2026-01-26 11:00:00+00:00,1.25868176,VALID,0.639318,VALID,,,Critical,CRITICAL_ALARM: Sensor data missing or invalid
2026-01-26 12:00:00+00:00,1.2388599999999999,VALID,0.6377940000000001,VALID,,,Critical,CRITICAL_ALARM: Sensor data missing or invalid
2026-01-26 13:00:00+00:00,1.24877088,VALID,0.6385560000000001,VALID,,,Critical,CRITICAL_ALARM: Sensor data missing or invalid
2026-01-26 14:00:00+00:00,1.24735504,VALID,0.6385560000000001,VALID,,,Critical,CRITICAL_ALARM: Sensor data missing or invalid
2026-01-26 15:00:00+00:00,1.23673624,VALID,0.6377940000000001,VALID,,,Critical,CRITICAL_ALARM: Sensor data missing or invalid
2026-01-26 16:00:00+00:00,1.23673624,VALID,0.6377940000000001,VALID,,,Critical,CRITICAL_ALARM: Sensor data missing or invalid
2026-01-26 17:00:00+00:00,1.2685926399999998,VALID,0.6400800000000001,VALID,,,Critical,CRITICAL_ALARM: Sensor data missing or invalid
2026-01-26 18:00:00+00:00,1.2579738399999998,VALID,0.639318,VALID,,,Critical,CRITICAL_ALARM: Sensor data missing or invalid
2026-01-26 19:00:00+00:00,1.23673624,VALID,0.6377940000000001,VALID,,,Critical,CRITICAL_ALARM: Sensor data missing or invalid
2026-01-26 20:00:00+00:00,1.23673624,VALID,0.6377940000000001,VALID,,,Critical,CRITICAL_ALARM: Sensor data missing or invalid
2026-01-26 21:00:00+00:00,1.22611744,VALID,0.637032,VALID,,,Critical,CRITICAL_ALARM: Sensor data missing or invalid
2026-01-26 22:00:00+00:00,1.25797384,VALID,0.639318,VALID,,,Critical,CRITICAL_ALARM: Sensor data missing or invalid
2026-01-26 23:00:00+00:00,1.24735504,VALID,0.6385560000000001,VALID,,,Critical,CRITICAL_ALARM: Sensor data missing or invalid
2026-01-27 00:00:00+00:00,1.23673624,VALID,0.6377940000000001,VALID,,,Critical,CRITICAL_ALARM: Sensor data missing or invalid
2026-01-27 01:00:00+00:00,1.22611744,VALID,0.637032,VALID,,,Critical,CRITICAL_ALARM: Sensor data missing or invalid
2026-01-27 02:00:00+00:00,1.22611744,VALID,0.637032,VALID,,,Critical,CRITICAL_ALARM: Sensor data missing or invalid
2026-01-27 03:00:00+00:00,1.23673624,VALID,0.6377940000000001,VALID,,,Critical,CRITICAL_ALARM: Sensor data missing or invalid
2026-01-27 04:00:00+00:00,1.23602832,VALID,0.6377940000000001,VALID,,,Critical,CRITICAL_ALARM: Sensor data missing or invalid
2026-01-27 05:00:00+00:00,1.22611744,VALID,0.637032,VALID,,,Critical,CRITICAL_ALARM: Sensor data missing or invalid
2026-01-27 06:00:00+00:00,1.23602832,VALID,0.6377940000000001,VALID,,,Critical,CRITICAL_ALARM: Sensor data missing or invalid
2026-01-27 07:00:00+00:00,1.22611744,VALID,0.637032,VALID,,,Critical,CRITICAL_ALARM: Sensor data missing or invalid
2026-01-27 08:00:00+00:00,1.2162065599999998,VALID,0.6362700000000001,VALID,,,Critical,CRITICAL_ALARM: Sensor data missing or invalid
2026-01-27 09:00:00+00:00,1.2162065599999998,VALID,0.6362700000000001,VALID,,,Critical,CRITICAL_ALARM: Sensor data missing or invalid
2026-01-27 10:00:00+00:00,1.2162065599999998,VALID,0.6362700000000001,VALID,,,Critical,CRITICAL_ALARM: Sensor data missing or invalid
2026-01-27 11:00:00+00:00,1.2162065599999998,VALID,0.6362700000000001,VALID,,,Critical,CRITICAL_ALARM: Sensor data missing or invalid
2026-01-27 12:00:00+00:00,1.2154986399999999,VALID,0.6362700000000001,VALID,,,Critical,CRITICAL_ALARM: Sensor data missing or invalid
2026-01-27 13:00:00+00:00,1.22611744,VALID,0.637032,VALID,,,Critical,CRITICAL_ALARM: Sensor data missing or invalid
2026-01-27 14:00:00+00:00,1.23602832,VALID,0.6377940000000001,VALID,,,Critical,CRITICAL_ALARM: Sensor data missing or invalid
2026-01-27 15:00:00+00:00,1.2551421600000001,VALID,0.639318,VALID,,,Critical,CRITICAL_ALARM: Sensor data missing or invalid
2026-01-27 16:00:00+00:00,1.24452336,VALID,0.6385560000000001,VALID,,,Critical,CRITICAL_ALARM: Sensor data missing or invalid
2026-01-27 17:00:00+00:00,1.23461248,VALID,0.6377940000000001,VALID,,,Critical,CRITICAL_ALARM: Sensor data missing or invalid
2026-01-27 18:00:00+00:00,1.19355312,VALID,0.634746,VALID,,,Critical,CRITICAL_ALARM: Sensor data missing or invalid
2026-01-27 19:00:00+00:00,1.19355312,VALID,0.634746,VALID,,,Critical,CRITICAL_ALARM: Sensor data missing or invalid
2026-01-27 20:00:00+00:00,1.19355312,VALID,0.634746,VALID,,,Critical,CRITICAL_ALARM: Sensor data missing or invalid
2026-01-27 21:00:00+00:00,1.19355312,VALID,0.634746,VALID,,,Critical,CRITICAL_ALARM: Sensor data missing or invalid
2026-01-27 22:00:00+00:00,1.2551421600000001,VALID,0.639318,VALID,,,Critical,CRITICAL_ALARM: Sensor data missing or invalid
2026-01-27 23:00:00+00:00,1.21337488,VALID,0.6362700000000001,VALID,,,Critical,CRITICAL_ALARM: Sensor data missing or invalid
2026-01-28 00:00:00+00:00,1.21337488,VALID,0.6362700000000001,VALID,,,Critical,CRITICAL_ALARM: Sensor data missing or invalid
2026-01-28 01:00:00+00:00,1.22328576,VALID,0.637032,VALID,,,Critical,CRITICAL_ALARM: Sensor data missing or invalid
2026-01-28 02:00:00+00:00,1.23390456,VALID,0.6377940000000001,VALID,,,Critical,CRITICAL_ALARM: Sensor data missing or invalid
2026-01-28 03:00:00+00:00,1.23390456,VALID,0.6377940000000001,VALID,,,Critical,CRITICAL_ALARM: Sensor data missing or invalid
2026-01-28 04:00:00+00:00,1.22328576,VALID,0.637032,VALID,,,Critical,CRITICAL_ALARM: Sensor data missing or invalid
2026-01-28 05:00:00+00:00,1.22328576,VALID,0.637032,VALID,,,Critical,CRITICAL_ALARM: Sensor data missing or invalid
2026-01-28 06:00:00+00:00,1.2431075200000001,VALID,0.6385560000000001,VALID,,,Critical,CRITICAL_ALARM: Sensor data missing or invalid
2026-01-28 07:00:00+00:00,1.23319664,VALID,0.6377940000000001,VALID,,,Critical,CRITICAL_ALARM: Sensor data missing or invalid
2026-01-28 08:00:00+00:00,1.23319664,VALID,0.6377940000000001,VALID,,,Critical,CRITICAL_ALARM: Sensor data missing or invalid
2026-01-28 09:00:00+00:00,1.23319664,VALID,0.6377940000000001,VALID,,,Critical,CRITICAL_ALARM: Sensor data missing or invalid
2026-01-28 10:00:00+00:00,1.22328576,VALID,0.637032,VALID,,,Critical,CRITICAL_ALARM: Sensor data missing or invalid
2026-01-28 11:00:00+00:00,1.2431075200000001,VALID,0.6385560000000001,VALID,,,Critical,CRITICAL_ALARM: Sensor data missing or invalid
2026-01-28 12:00:00+00:00,1.22328576,VALID,0.637032,VALID,,,Critical,CRITICAL_ALARM: Sensor data missing or invalid
2026-01-28 13:00:00+00:00,1.22328576,VALID,0.637032,VALID,,,Critical,CRITICAL_ALARM: Sensor data missing or invalid
2026-01-28 14:00:00+00:00,1.22328576,VALID,0.637032,VALID,,,Critical,CRITICAL_ALARM: Sensor data missing or invalid
2026-01-28 15:00:00+00:00,1.23319664,VALID,0.6377940000000001,VALID,,,Critical,CRITICAL_ALARM: Sensor data missing or invalid
2026-01-28 16:00:00+00:00,1.26292928,VALID,0.6400800000000001,VALID,,,Critical,CRITICAL_ALARM: Sensor data missing or invalid
2026-01-28 17:00:00+00:00,1.2317808000000001,VALID,0.6377940000000001,VALID,,,Critical,CRITICAL_ALARM: Sensor data missing or invalid
2026-01-28 18:00:00+00:00,1.2423996000000002,VALID,0.6385560000000001,VALID,,,Critical,CRITICAL_ALARM: Sensor data missing or invalid
2026-01-28 19:00:00+00:00,1.2310728800000001,VALID,0.6377940000000001,VALID,,,Critical,CRITICAL_ALARM: Sensor data missing or invalid
2026-01-28 20:00:00+00:00,1.2416916800000002,VALID,0.6385560000000001,VALID,,,Critical,CRITICAL_ALARM: Sensor data missing or invalid
2026-01-28 21:00:00+00:00,1.25231048,VALID,0.639318,VALID,,,Critical,CRITICAL_ALARM: Sensor data missing or invalid
2026-01-28 22:00:00+00:00,1.3061124,VALID,0.643128,VALID,,,Critical,CRITICAL_ALARM: Sensor data missing or invalid
2026-01-28 23:00:00+00:00,1.26292928,VALID,0.6400800000000001,VALID,,,Critical,CRITICAL_ALARM: Sensor data missing or invalid
2026-01-29 00:00:00+00:00,1.26292928,VALID,0.6400800000000001,VALID,,,Critical,CRITICAL_ALARM: Sensor data missing or invalid
2026-01-29 01:00:00+00:00,1.26292928,VALID,0.6400800000000001,VALID,,,Critical,CRITICAL_ALARM: Sensor data missing or invalid
2026-01-29 02:00:00+00:00,1.26292928,VALID,0.6400800000000001,VALID,,,Critical,CRITICAL_ALARM: Sensor data missing or invalid
2026-01-29 03:00:00+00:00,1.26292928,VALID,0.6400800000000001,VALID,,,Critical,CRITICAL_ALARM: Sensor data missing or invalid
2026-01-29 04:00:00+00:00,1.26080552,VALID,0.6400800000000001,VALID,,,Critical,CRITICAL_ALARM: Sensor data missing or invalid
2026-01-29 05:00:00+00:00,1.2600976,VALID,0.6400800000000001,VALID,,,Critical,CRITICAL_ALARM: Sensor data missing or invalid
2026-01-29 06:00:00+00:00,1.2600976,VALID,0.6400800000000001,VALID,,,Critical,CRITICAL_ALARM: Sensor data missing or invalid
2026-01-29 07:00:00+00:00,1.2600976,VALID,0.6400800000000001,VALID,,,Critical,CRITICAL_ALARM: Sensor data missing or invalid
2026-01-29 08:00:00+00:00,1.2600976,VALID,0.6400800000000001,VALID,,,Critical,CRITICAL_ALARM: Sensor data missing or invalid
2026-01-29 09:00:00+00:00,1.2600976,VALID,0.6400800000000001,VALID,,,Critical,CRITICAL_ALARM: Sensor data missing or invalid
2026-01-29 10:00:00+00:00,1.2600976,VALID,0.6400800000000001,VALID,,,Critical,CRITICAL_ALARM: Sensor data missing or invalid
2026-01-29 11:00:00+00:00,1.2600976,VALID,0.6400800000000001,VALID,,,Critical,CRITICAL_ALARM: Sensor data missing or invalid
2026-01-29 12:00:00+00:00,1.2600976,VALID,0.6400800000000001,VALID,,,Critical,CRITICAL_ALARM: Sensor data missing or invalid
2026-01-29 13:00:00+00:00,1.2501867199999999,VALID,0.639318,VALID,,,Critical,CRITICAL_ALARM: Sensor data missing or invalid
2026-01-29 14:00:00+00:00,1.2600976,VALID,0.6400800000000001,VALID,,,Critical,CRITICAL_ALARM: Sensor data missing or invalid
2026-01-29 15:00:00+00:00,1.2600976,VALID,0.6400800000000001,VALID,,,Critical,CRITICAL_ALARM: Sensor data missing or invalid
2026-01-29 16:00:00+00:00,1.2600976,VALID,0.6400800000000001,VALID,,,Critical,CRITICAL_ALARM: Sensor data missing or invalid
2026-01-29 17:00:00+00:00,1.21833032,VALID,0.637032,VALID,,,Critical,CRITICAL_ALARM: Sensor data missing or invalid
2026-01-29 18:00:00+00:00,1.20771152,VALID,0.6362700000000001,VALID,,,Critical,CRITICAL_ALARM: Sensor data missing or invalid
2026-01-29 19:00:00+00:00,1.2282412,VALID,0.6377940000000001,VALID,,,Critical,CRITICAL_ALARM: Sensor data missing or invalid
2026-01-29 20:00:00+00:00,1.2282412,VALID,0.6377940000000001,VALID,,,Critical,CRITICAL_ALARM: Sensor data missing or invalid
2026-01-29 21:00:00+00:00,1.2494788,VALID,0.639318,VALID,,,Critical,CRITICAL_ALARM: Sensor data missing or invalid
2026-01-29 22:00:00+00:00,1.2707164,VALID,0.6408420000000001,VALID,,,Critical,CRITICAL_ALARM: Sensor data missing or invalid
2026-01-29 23:00:00+00:00,1.2388599999999999,VALID,0.6385560000000001,VALID,,,Critical,CRITICAL_ALARM: Sensor data missing or invalid
2026-01-30 00:00:00+00:00,1.2388599999999999,VALID,0.6385560000000001,VALID,,,Critical,CRITICAL_ALARM: Sensor data missing or invalid
2026-01-30 01:00:00+00:00,1.2494788,VALID,0.639318,VALID,,,Critical,CRITICAL_ALARM: Sensor data missing or invalid
2026-01-30 02:00:00+00:00,1.2388599999999999,VALID,0.6385560000000001,VALID,,,Critical,CRITICAL_ALARM: Sensor data missing or invalid
2026-01-30 03:00:00+00:00,1.2600976,VALID,0.6400800000000001,VALID,,,Critical,CRITICAL_ALARM: Sensor data missing or invalid
2026-01-30 04:00:00+00:00,1.24877088,VALID,0.639318,VALID,,,Critical,CRITICAL_ALARM: Sensor data missing or invalid
2026-01-30 05:00:00+00:00,1.24735504,VALID,0.639318,VALID,,,Critical,CRITICAL_ALARM: Sensor data missing or invalid
2026-01-30 06:00:00+00:00,1.25726592,VALID,0.6400800000000001,VALID,,,Critical,CRITICAL_ALARM: Sensor data missing or invalid
2026-01-30 07:00:00+00:00,1.22753328,VALID,0.6377940000000001,VALID,,,Critical,CRITICAL_ALARM: Sensor data missing or invalid
2026-01-30 08:00:00+00:00,1.22753328,VALID,0.6377940000000001,VALID,,,Critical,CRITICAL_ALARM: Sensor data missing or invalid
2026-01-30 09:00:00+00:00,1.22753328,VALID,0.6377940000000001,VALID,,,Critical,CRITICAL_ALARM: Sensor data missing or invalid
2026-01-30 10:00:00+00:00,1.22753328,VALID,0.6377940000000001,VALID,,,Critical,CRITICAL_ALARM: Sensor data missing or invalid
2026-01-30 11:00:00+00:00,1.22753328,VALID,0.6377940000000001,VALID,,,Critical,CRITICAL_ALARM: Sensor data missing or invalid
2026-01-30 12:00:00+00:00,1.23744416,VALID,0.6385560000000001,VALID,,,Critical,CRITICAL_ALARM: Sensor data missing or invalid
2026-01-30 13:00:00+00:00,1.22753328,VALID,0.6377940000000001,VALID,,,Critical,CRITICAL_ALARM: Sensor data missing or invalid
2026-01-30 14:00:00+00:00,1.22753328,VALID,0.6377940000000001,VALID,,,Critical,CRITICAL_ALARM: Sensor data missing or invalid
2026-01-30 15:00:00+00:00,1.23744416,VALID,0.6385560000000001,VALID,,,Critical,CRITICAL_ALARM: Sensor data missing or invalid
2026-01-30 16:00:00+00:00,1.26788472,VALID,0.6408420000000001,VALID,,,Critical,CRITICAL_ALARM: Sensor data missing or invalid
2026-01-30 17:00:00+00:00,1.25726592,VALID,0.6400800000000001,VALID,,,Critical,CRITICAL_ALARM: Sensor data missing or invalid
2026-01-30 18:00:00+00:00,1.24735504,VALID,0.639318,VALID,,,Critical,CRITICAL_ALARM: Sensor data missing or invalid
2026-01-30 19:00:00+00:00,1.2785035200000001,VALID,0.6416040000000001,VALID,,,Critical,CRITICAL_ALARM: Sensor data missing or invalid
2026-01-30 20:00:00+00:00,1.25726592,VALID,0.6400800000000001,VALID,,,Critical,CRITICAL_ALARM: Sensor data missing or invalid
2026-01-30 21:00:00+00:00,1.25726592,VALID,0.6400800000000001,VALID,,,Critical,CRITICAL_ALARM: Sensor data missing or invalid
2026-01-30 22:00:00+00:00,1.26788472,VALID,0.6408420000000001,VALID,,,Critical,CRITICAL_ALARM: Sensor data missing or invalid
2026-01-30 23:00:00+00:00,1.24664712,VALID,0.639318,VALID,,,Critical,CRITICAL_ALARM: Sensor data missing or invalid
2026-01-31 00:00:00+00:00,1.24664712,VALID,0.639318,VALID,,,Critical,CRITICAL_ALARM: Sensor data missing or invalid
2026-01-31 01:00:00+00:00,1.25726592,VALID,0.6400800000000001,VALID,,,Critical,CRITICAL_ALARM: Sensor data missing or invalid
2026-01-31 02:00:00+00:00,1.24664712,VALID,0.639318,VALID,,,Critical,CRITICAL_ALARM: Sensor data missing or invalid
2026-01-31 03:00:00+00:00,1.24664712,VALID,0.639318,VALID,,,Critical,CRITICAL_ALARM: Sensor data missing or invalid
2026-01-31 04:00:00+00:00,1.24664712,VALID,0.639318,VALID,,,Critical,CRITICAL_ALARM: Sensor data missing or invalid
2026-01-31 05:00:00+00:00,1.24523128,VALID,0.639318,VALID,,,Critical,CRITICAL_ALARM: Sensor data missing or invalid
2026-01-31 06:00:00+00:00,1.23461248,VALID,0.6385560000000001,VALID,,,Critical,CRITICAL_ALARM: Sensor data missing or invalid
2026-01-31 07:00:00+00:00,1.2445233599999999,VALID,0.639318,VALID,,,Critical,CRITICAL_ALARM: Sensor data missing or invalid
2026-01-31 08:00:00+00:00,1.25443424,VALID,0.6400800000000001,VALID,,,Critical,CRITICAL_ALARM: Sensor data missing or invalid
2026-01-31 09:00:00+00:00,1.25443424,VALID,0.6400800000000001,VALID,,,Critical,CRITICAL_ALARM: Sensor data missing or invalid
2026-01-31 10:00:00+00:00,1.25443424,VALID,0.6400800000000001,VALID,,,Critical,CRITICAL_ALARM: Sensor data missing or invalid
2026-01-31 11:00:00+00:00,1.25443424,VALID,0.6400800000000001,VALID,,,Critical,CRITICAL_ALARM: Sensor data missing or invalid
2026-01-31 12:00:00+00:00,1.25443424,VALID,0.6400800000000001,VALID,,,Critical,CRITICAL_ALARM: Sensor data missing or invalid
2026-01-31 13:00:00+00:00,1.25443424,VALID,0.6400800000000001,VALID,,,Critical,CRITICAL_ALARM: Sensor data missing or invalid
2026-01-31 14:00:00+00:00,1.25443424,VALID,0.6400800000000001,VALID,,,Critical,CRITICAL_ALARM: Sensor data missing or invalid
2026-01-31 15:00:00+00:00,1.25443424,VALID,0.6400800000000001,VALID,,,Critical,CRITICAL_ALARM: Sensor data missing or invalid
2026-01-31 16:00:00+00:00,1.2862906399999998,VALID,0.642366,VALID,,,Critical,CRITICAL_ALARM: Sensor data missing or invalid
2026-01-31 17:00:00+00:00,1.25514216,VALID,0.6400800000000001,VALID,,,Critical,CRITICAL_ALARM: Sensor data missing or invalid
2026-01-31 18:00:00+00:00,1.2445233599999999,VALID,0.639318,VALID,,,Critical,CRITICAL_ALARM: Sensor data missing or invalid
2026-01-31 19:00:00+00:00,1.25443424,VALID,0.6400800000000001,VALID,,,Critical,CRITICAL_ALARM: Sensor data missing or invalid
2026-01-31 20:00:00+00:00,1.25443424,VALID,0.6400800000000001,VALID,,,Critical,CRITICAL_ALARM: Sensor data missing or invalid
2026-01-31 21:00:00+00:00,1.25443424,VALID,0.6400800000000001,VALID,,,Critical,CRITICAL_ALARM: Sensor data missing or invalid
2026-01-31 22:00:00+00:00,1.25443424,VALID,0.6400800000000001,VALID,,,Critical,CRITICAL_ALARM: Sensor data missing or invalid
2026-01-31 23:00:00+00:00,1.25443424,VALID,0.6400800000000001,VALID,,,Critical,CRITICAL_ALARM: Sensor data missing or invalid
2026-02-01 00:00:00+00:00,1.25443424,VALID,0.6400800000000001,VALID,,,Critical,CRITICAL_ALARM: Sensor data missing or invalid
2026-02-01 01:00:00+00:00,1.26505304,VALID,0.6408420000000001,VALID,,,Critical,CRITICAL_ALARM: Sensor data missing or invalid
2026-02-01 02:00:00+00:00,1.25443424,VALID,0.6400800000000001,VALID,,,Critical,CRITICAL_ALARM: Sensor data missing or invalid
2026-02-01 03:00:00+00:00,1.25443424,VALID,0.6400800000000001,VALID,,,Critical,CRITICAL_ALARM: Sensor data missing or invalid
2026-02-01 04:00:00+00:00,1.25443424,VALID,0.6400800000000001,VALID,,,Critical,CRITICAL_ALARM: Sensor data missing or invalid
2026-02-01 05:00:00+00:00,1.26434512,VALID,0.6408420000000001,VALID,,,Critical,CRITICAL_ALARM: Sensor data missing or invalid
2026-02-01 06:00:00+00:00,1.26222136,VALID,0.6408420000000001,VALID,,,Critical,CRITICAL_ALARM: Sensor data missing or invalid
2026-02-01 07:00:00+00:00,1.25160256,VALID,0.6400800000000001,VALID,,,Critical,CRITICAL_ALARM: Sensor data missing or invalid
2026-02-01 08:00:00+00:00,1.25160256,VALID,0.6400800000000001,VALID,,,Critical,CRITICAL_ALARM: Sensor data missing or invalid
2026-02-01 09:00:00+00:00,1.25160256,VALID,0.6400800000000001,VALID,,,Critical,CRITICAL_ALARM: Sensor data missing or invalid
2026-02-01 10:00:00+00:00,1.26222136,VALID,0.6408420000000001,VALID,,,Critical,CRITICAL_ALARM: Sensor data missing or invalid
2026-02-01 11:00:00+00:00,1.26222136,VALID,0.6408420000000001,VALID,,,Critical,CRITICAL_ALARM: Sensor data missing or invalid
2026-02-01 12:00:00+00:00,1.25160256,VALID,0.6400800000000001,VALID,,,Critical,CRITICAL_ALARM: Sensor data missing or invalid
2026-02-01 13:00:00+00:00,1.25160256,VALID,0.6400800000000001,VALID,,,Critical,CRITICAL_ALARM: Sensor data missing or invalid
2026-02-01 14:00:00+00:00,1.25160256,VALID,0.6400800000000001,VALID,,,Critical,CRITICAL_ALARM: Sensor data missing or invalid
2026-02-01 15:00:00+00:00,1.26222136,VALID,0.6408420000000001,VALID,,,Critical,CRITICAL_ALARM: Sensor data missing or invalid
2026-02-01 16:00:00+00:00,1.25160256,VALID,0.6400800000000001,VALID,,,Critical,CRITICAL_ALARM: Sensor data missing or invalid
2026-02-01 17:00:00+00:00,1.26222136,VALID,0.6408420000000001,VALID,,,Critical,CRITICAL_ALARM: Sensor data missing or invalid
2026-02-01 18:00:00+00:00,1.25160256,VALID,0.6400800000000001,VALID,,,Critical,CRITICAL_ALARM: Sensor data missing or invalid
2026-02-01 19:00:00+00:00,1.2728401599999999,VALID,0.6416040000000001,VALID,,,Critical,CRITICAL_ALARM: Sensor data missing or invalid
2026-02-01 20:00:00+00:00,1.2728401599999999,VALID,0.6416040000000001,VALID,,,Critical,CRITICAL_ALARM: Sensor data missing or invalid
2026-02-01 21:00:00+00:00,1.26222136,VALID,0.6408420000000001,VALID,,,Critical,CRITICAL_ALARM: Sensor data missing or invalid
2026-02-01 22:00:00+00:00,1.26222136,VALID,0.6408420000000001,VALID,,,Critical,CRITICAL_ALARM: Sensor data missing or invalid
2026-02-01 23:00:00+00:00,1.25160256,VALID,0.6400800000000001,VALID,,,Critical,CRITICAL_ALARM: Sensor data missing or invalid
2026-02-02 00:00:00+00:00,1.25160256,VALID,0.6400800000000001,VALID,,,Critical,CRITICAL_ALARM: Sensor data missing or invalid
2026-02-02 01:00:00+00:00,1.25160256,VALID,0.6400800000000001,VALID,,,Critical,CRITICAL_ALARM: Sensor data missing or invalid
2026-02-02 02:00:00+00:00,1.25160256,VALID,0.6400800000000001,VALID,,,Critical,CRITICAL_ALARM: Sensor data missing or invalid
2026-02-02 03:00:00+00:00,1.25160256,VALID,0.6400800000000001,VALID,,,Critical,CRITICAL_ALARM: Sensor data missing or invalid
2026-02-02 04:00:00+00:00,1.25160256,VALID,0.6400800000000001,VALID,,,Critical,CRITICAL_ALARM: Sensor data missing or invalid
2026-02-02 05:00:00+00:00,1.27142432,VALID,0.6416040000000001,VALID,,,Critical,CRITICAL_ALARM: Sensor data missing or invalid
2026-02-02 06:00:00+00:00,1.2707164,VALID,0.6416040000000001,VALID,,,Critical,CRITICAL_ALARM: Sensor data missing or invalid
2026-02-02 07:00:00+00:00,1.24877088,VALID,0.6400800000000001,VALID,,,Critical,CRITICAL_ALARM: Sensor data missing or invalid
2026-02-02 08:00:00+00:00,1.27000848,VALID,0.6416040000000001,VALID,,,Critical,CRITICAL_ALARM: Sensor data missing or invalid
2026-02-02 09:00:00+00:00,1.25938968,VALID,0.6408420000000001,VALID,,,Critical,CRITICAL_ALARM: Sensor data missing or invalid
2026-02-02 10:00:00+00:00,1.25938968,VALID,0.6408420000000001,VALID,,,Critical,CRITICAL_ALARM: Sensor data missing or invalid
2026-02-02 11:00:00+00:00,1.24877088,VALID,0.6400800000000001,VALID,,,Critical,CRITICAL_ALARM: Sensor data missing or invalid
2026-02-02 12:00:00+00:00,1.24877088,VALID,0.6400800000000001,VALID,,,Critical,CRITICAL_ALARM: Sensor data missing or invalid
2026-02-02 13:00:00+00:00,1.25938968,VALID,0.6408420000000001,VALID,,,Critical,CRITICAL_ALARM: Sensor data missing or invalid
2026-02-02 14:00:00+00:00,1.25938968,VALID,0.6408420000000001,VALID,,,Critical,CRITICAL_ALARM: Sensor data missing or invalid
2026-02-02 15:00:00+00:00,1.28062728,VALID,0.642366,VALID,,,Critical,CRITICAL_ALARM: Sensor data missing or invalid
2026-02-02 16:00:00+00:00,1.27000848,VALID,0.6416040000000001,VALID,,,Critical,CRITICAL_ALARM: Sensor data missing or invalid
2026-02-02 17:00:00+00:00,1.27000848,VALID,0.6416040000000001,VALID,,,Critical,CRITICAL_ALARM: Sensor data missing or invalid
2026-02-02 18:00:00+00:00,1.25938968,VALID,0.6408420000000001,VALID,,,Critical,CRITICAL_ALARM: Sensor data missing or invalid
2026-02-02 19:00:00+00:00,1.25938968,VALID,0.6408420000000001,VALID,,,Critical,CRITICAL_ALARM: Sensor data missing or invalid
2026-02-02 20:00:00+00:00,1.24877088,VALID,0.6400800000000001,VALID,,,Critical,CRITICAL_ALARM: Sensor data missing or invalid
2026-02-02 21:00:00+00:00,1.27000848,VALID,0.6416040000000001,VALID,,,Critical,CRITICAL_ALARM: Sensor data missing or invalid
2026-02-02 22:00:00+00:00,1.25938968,VALID,0.6408420000000001,VALID,,,Critical,CRITICAL_ALARM: Sensor data missing or invalid
2026-02-02 23:00:00+00:00,1.25938968,VALID,0.6408420000000001,VALID,,,Critical,CRITICAL_ALARM: Sensor data missing or invalid
2026-02-03 00:00:00+00:00,1.24877088,VALID,0.6400800000000001,VALID,,,Critical,CRITICAL_ALARM: Sensor data missing or invalid
2026-02-03 01:00:00+00:00,1.25938968,VALID,0.6408420000000001,VALID,,,Critical,CRITICAL_ALARM: Sensor data missing or invalid
2026-02-03 02:00:00+00:00,1.25868176,VALID,0.6408420000000001,VALID,,,Critical,CRITICAL_ALARM: Sensor data missing or invalid
2026-02-03 03:00:00+00:00,1.25868176,VALID,0.6408420000000001,VALID,,,Critical,CRITICAL_ALARM: Sensor data missing or invalid
2026-02-03 04:00:00+00:00,1.2884144,VALID,0.643128,VALID,,,Critical,CRITICAL_ALARM: Sensor data missing or invalid
2026-02-03 05:00:00+00:00,1.2990332,VALID,0.6438900000000001,VALID,,,Critical,CRITICAL_ALARM: Sensor data missing or invalid
2026-02-03 06:00:00+00:00,1.2990332,VALID,0.6438900000000001,VALID,,,Critical,CRITICAL_ALARM: Sensor data missing or invalid
2026-02-03 07:00:00+00:00,1.2990332,VALID,0.6438900000000001,VALID,,,Critical,CRITICAL_ALARM: Sensor data missing or invalid
2026-02-03 08:00:00+00:00,1.2990332,VALID,0.6438900000000001,VALID,,,Critical,CRITICAL_ALARM: Sensor data missing or invalid
2026-02-03 09:00:00+00:00,1.2884144,VALID,0.643128,VALID,,,Critical,CRITICAL_ALARM: Sensor data missing or invalid
2026-02-03 10:00:00+00:00,1.2884144,VALID,0.643128,VALID,,,Critical,CRITICAL_ALARM: Sensor data missing or invalid
2026-02-03 11:00:00+00:00,1.2777956,VALID,0.642366,VALID,,,Critical,CRITICAL_ALARM: Sensor data missing or invalid
2026-02-03 12:00:00+00:00,1.2884144,VALID,0.643128,VALID,,,Critical,CRITICAL_ALARM: Sensor data missing or invalid
2026-02-03 13:00:00+00:00,1.2884144,VALID,0.643128,VALID,,,Critical,CRITICAL_ALARM: Sensor data missing or invalid
2026-02-03 14:00:00+00:00,1.2884144,VALID,0.643128,VALID,,,Critical,CRITICAL_ALARM: Sensor data missing or invalid
2026-02-03 15:00:00+00:00,1.2884144,VALID,0.643128,VALID,,,Critical,CRITICAL_ALARM: Sensor data missing or invalid
2026-02-03 16:00:00+00:00,1.2990332,VALID,0.6438900000000001,VALID,,,Critical,CRITICAL_ALARM: Sensor data missing or invalid
2026-02-03 17:00:00+00:00,1.3096519999999998,VALID,0.644652,VALID,,,Critical,CRITICAL_ALARM: Sensor data missing or invalid
2026-02-03 18:00:00+00:00,1.2990332,VALID,0.6438900000000001,VALID,,,Critical,CRITICAL_ALARM: Sensor data missing or invalid
2026-02-03 19:00:00+00:00,1.2777956,VALID,0.642366,VALID,,,Critical,CRITICAL_ALARM: Sensor data missing or invalid
2026-02-03 20:00:00+00:00,1.2990332,VALID,0.6438900000000001,VALID,,,Critical,CRITICAL_ALARM: Sensor data missing or invalid
2026-02-03 21:00:00+00:00,1.2884144,VALID,0.643128,VALID,,,Critical,CRITICAL_ALARM: Sensor data missing or invalid
2026-02-03 22:00:00+00:00,1.3202707999999999,VALID,0.645414,VALID,,,Critical,CRITICAL_ALARM: Sensor data missing or invalid
2026-02-03 23:00:00+00:00,1.2884144,VALID,0.643128,VALID,,,Critical,CRITICAL_ALARM: Sensor data missing or invalid
2026-02-04 00:00:00+00:00,1.2884144,VALID,0.643128,VALID,,,Critical,CRITICAL_ALARM: Sensor data missing or invalid
2026-02-04 01:00:00+00:00,1.27637976,VALID,0.642366,VALID,,,Critical,CRITICAL_ALARM: Sensor data missing or invalid
2026-02-04 02:00:00+00:00,1.26576096,VALID,0.6416040000000001,VALID,,,Critical,CRITICAL_ALARM: Sensor data missing or invalid
2026-02-04 03:00:00+00:00,1.2756718399999998,VALID,0.642366,VALID,,,Critical,CRITICAL_ALARM: Sensor data missing or invalid
2026-02-04 04:00:00+00:00,1.2756718399999998,VALID,0.642366,VALID,,,Critical,CRITICAL_ALARM: Sensor data missing or invalid
2026-02-04 05:00:00+00:00,1.26576096,VALID,0.6416040000000001,VALID,,,Critical,CRITICAL_ALARM: Sensor data missing or invalid
2026-02-04 06:00:00+00:00,1.2855827199999998,VALID,0.643128,VALID,,,Critical,CRITICAL_ALARM: Sensor data missing or invalid
2026-02-04 07:00:00+00:00,1.2756718399999998,VALID,0.642366,VALID,,,Critical,CRITICAL_ALARM: Sensor data missing or invalid
2026-02-04 08:00:00+00:00,1.2855827199999998,VALID,0.643128,VALID,,,Critical,CRITICAL_ALARM: Sensor data missing or invalid
2026-02-04 09:00:00+00:00,1.2855827199999998,VALID,0.643128,VALID,,,Critical,CRITICAL_ALARM: Sensor data missing or invalid
2026-02-04 10:00:00+00:00,1.2855827199999998,VALID,0.643128,VALID,,,Critical,CRITICAL_ALARM: Sensor data missing or invalid
2026-02-04 11:00:00+00:00,1.30682032,VALID,0.644652,VALID,,,Critical,CRITICAL_ALARM: Sensor data missing or invalid
2026-02-04 12:00:00+00:00,1.2962015199999999,VALID,0.6438900000000001,VALID,,,Critical,CRITICAL_ALARM: Sensor data missing or invalid
2026-02-04 13:00:00+00:00,1.2855827199999998,VALID,0.643128,VALID,,,Critical,CRITICAL_ALARM: Sensor data missing or invalid
2026-02-04 14:00:00+00:00,1.2855827199999998,VALID,0.643128,VALID,,,Critical,CRITICAL_ALARM: Sensor data missing or invalid
2026-02-04 15:00:00+00:00,1.2749639199999998,VALID,0.642366,VALID,,,Critical,CRITICAL_ALARM: Sensor data missing or invalid
2026-02-04 16:00:00+00:00,1.2749639199999998,VALID,0.642366,VALID,,,Critical,CRITICAL_ALARM: Sensor data missing or invalid
2026-02-04 17:00:00+00:00,1.2855827199999998,VALID,0.643128,VALID,,,Critical,CRITICAL_ALARM: Sensor data missing or invalid
2026-02-04 18:00:00+00:00,1.30682032,VALID,0.644652,VALID,,,Critical,CRITICAL_ALARM: Sensor data missing or invalid
2026-02-04 19:00:00+00:00,1.25372632,VALID,0.6408420000000001,VALID,,,Critical,CRITICAL_ALARM: Sensor data missing or invalid
2026-02-04 20:00:00+00:00,1.24310752,VALID,0.6400800000000001,VALID,,,Critical,CRITICAL_ALARM: Sensor data missing or invalid
2026-02-04 21:00:00+00:00,1.25372632,VALID,0.6408420000000001,VALID,,,Critical,CRITICAL_ALARM: Sensor data missing or invalid
2026-02-04 22:00:00+00:00,1.2749639199999998,VALID,0.642366,VALID,,,Critical,CRITICAL_ALARM: Sensor data missing or invalid
2026-02-04 23:00:00+00:00,1.2749639199999998,VALID,0.642366,VALID,,,Critical,CRITICAL_ALARM: Sensor data missing or invalid
2026-02-05 00:00:00+00:00,1.2643451199999998,VALID,0.6416040000000001,VALID,,,Critical,CRITICAL_ALARM: Sensor data missing or invalid
2026-02-05 01:00:00+00:00,1.25372632,VALID,0.6408420000000001,VALID,,,Critical,CRITICAL_ALARM: Sensor data missing or invalid
2026-02-05 02:00:00+00:00,1.2728401599999999,VALID,0.642366,VALID,,,Critical,CRITICAL_ALARM: Sensor data missing or invalid
2026-02-05 03:00:00+00:00,1.28275104,VALID,0.643128,VALID,,,Critical,CRITICAL_ALARM: Sensor data missing or invalid
2026-02-05 04:00:00+00:00,1.28275104,VALID,0.643128,VALID,,,Critical,CRITICAL_ALARM: Sensor data missing or invalid
2026-02-05 05:00:00+00:00,1.28275104,VALID,0.643128,VALID,,,Critical,CRITICAL_ALARM: Sensor data missing or invalid
2026-02-05 06:00:00+00:00,1.28275104,VALID,0.643128,VALID,,,Critical,CRITICAL_ALARM: Sensor data missing or invalid
2026-02-05 07:00:00+00:00,1.28275104,VALID,0.643128,VALID,,,Critical,CRITICAL_ALARM: Sensor data missing or invalid
2026-02-05 08:00:00+00:00,1.28275104,VALID,0.643128,VALID,,,Critical,CRITICAL_ALARM: Sensor data missing or invalid
2026-02-05 09:00:00+00:00,1.28275104,VALID,0.643128,VALID,,,Critical,CRITICAL_ALARM: Sensor data missing or invalid
2026-02-05 10:00:00+00:00,1.28275104,VALID,0.643128,VALID,,,Critical,CRITICAL_ALARM: Sensor data missing or invalid
2026-02-05 11:00:00+00:00,1.28275104,VALID,0.643128,VALID,,,Critical,CRITICAL_ALARM: Sensor data missing or invalid
2026-02-05 12:00:00+00:00,1.27213224,VALID,0.642366,VALID,,,Critical,CRITICAL_ALARM: Sensor data missing or invalid
2026-02-05 13:00:00+00:00,1.28275104,VALID,0.643128,VALID,,,Critical,CRITICAL_ALARM: Sensor data missing or invalid
2026-02-05 14:00:00+00:00,1.28275104,VALID,0.643128,VALID,,,Critical,CRITICAL_ALARM: Sensor data missing or invalid
2026-02-05 15:00:00+00:00,1.27213224,VALID,0.642366,VALID,,,Critical,CRITICAL_ALARM: Sensor data missing or invalid
2026-02-05 16:00:00+00:00,1.28275104,VALID,0.643128,VALID,,,Critical,CRITICAL_ALARM: Sensor data missing or invalid
2026-02-05 17:00:00+00:00,1.29336984,VALID,0.6438900000000001,VALID,,,Critical,CRITICAL_ALARM: Sensor data missing or invalid
2026-02-05 18:00:00+00:00,1.28275104,VALID,0.643128,VALID,,,Critical,CRITICAL_ALARM: Sensor data missing or invalid
2026-02-05 19:00:00+00:00,1.27213224,VALID,0.642366,VALID,,,Critical,CRITICAL_ALARM: Sensor data missing or invalid
2026-02-05 20:00:00+00:00,1.2409837599999998,VALID,0.6400800000000001,VALID,,,Critical,CRITICAL_ALARM: Sensor data missing or invalid
2026-02-05 21:00:00+00:00,1.2402758399999998,VALID,0.6400800000000001,VALID,,,Critical,CRITICAL_ALARM: Sensor data missing or invalid
2026-02-05 22:00:00+00:00,1.27213224,VALID,0.6423660000000001,VALID,,,Critical,CRITICAL_ALARM: Sensor data missing or invalid
2026-02-05 23:00:00+00:00,1.2402758399999998,VALID,0.6400800000000001,VALID,,,Critical,CRITICAL_ALARM: Sensor data missing or invalid
2026-02-06 00:00:00+00:00,1.2508946399999998,VALID,0.6408420000000001,VALID,,,Critical,CRITICAL_ALARM: Sensor data missing or invalid
2026-02-06 01:00:00+00:00,1.2402758399999998,VALID,0.6400800000000001,VALID,,,Critical,CRITICAL_ALARM: Sensor data missing or invalid
2026-02-06 02:00:00+00:00,1.2501867199999999,VALID,0.6408420000000001,VALID,,,Critical,CRITICAL_ALARM: Sensor data missing or invalid
2026-02-06 03:00:00+00:00,1.27000848,VALID,0.642366,VALID,,,Critical,CRITICAL_ALARM: Sensor data missing or invalid
2026-02-06 04:00:00+00:00,1.27000848,VALID,0.642366,VALID,,,Critical,CRITICAL_ALARM: Sensor data missing or invalid
2026-02-06 05:00:00+00:00,1.27000848,VALID,0.642366,VALID,,,Critical,CRITICAL_ALARM: Sensor data missing or invalid
2026-02-06 06:00:00+00:00,1.27000848,VALID,0.642366,VALID,,,Critical,CRITICAL_ALARM: Sensor data missing or invalid
2026-02-06 07:00:00+00:00,1.27991936,VALID,0.643128,VALID,,,Critical,CRITICAL_ALARM: Sensor data missing or invalid
2026-02-06 08:00:00+00:00,1.27000848,VALID,0.642366,VALID,,,Critical,CRITICAL_ALARM: Sensor data missing or invalid
2026-02-06 09:00:00+00:00,1.27991936,VALID,0.643128,VALID,,,Critical,CRITICAL_ALARM: Sensor data missing or invalid
2026-02-06 10:00:00+00:00,1.27991936,VALID,0.643128,VALID,,,Critical,CRITICAL_ALARM: Sensor data missing or invalid
2026-02-06 11:00:00+00:00,1.26930056,VALID,0.642366,VALID,,,Critical,CRITICAL_ALARM: Sensor data missing or invalid
2026-02-06 12:00:00+00:00,1.27991936,VALID,0.643128,VALID,,,Critical,CRITICAL_ALARM: Sensor data missing or invalid
2026-02-06 13:00:00+00:00,1.26930056,VALID,0.642366,VALID,,,Critical,CRITICAL_ALARM: Sensor data missing or invalid
2026-02-06 14:00:00+00:00,1.27991936,VALID,0.643128,VALID,,,Critical,CRITICAL_ALARM: Sensor data missing or invalid
2026-02-06 15:00:00+00:00,1.27991936,VALID,0.643128,VALID,,,Critical,CRITICAL_ALARM: Sensor data missing or invalid
2026-02-06 16:00:00+00:00,1.3011569600000001,VALID,0.644652,VALID,,,Critical,CRITICAL_ALARM: Sensor data missing or invalid
2026-02-06 17:00:00+00:00,1.27991936,VALID,0.643128,VALID,,,Critical,CRITICAL_ALARM: Sensor data missing or invalid
2026-02-06 18:00:00+00:00,1.25868176,VALID,0.6416040000000001,VALID,,,Critical,CRITICAL_ALARM: Sensor data missing or invalid
2026-02-06 19:00:00+00:00,1.27991936,VALID,0.643128,VALID,,,Critical,CRITICAL_ALARM: Sensor data missing or invalid
2026-02-06 20:00:00+00:00,1.29053816,VALID,0.6438900000000001,VALID,,,Critical,CRITICAL_ALARM: Sensor data missing or invalid
2026-02-06 21:00:00+00:00,1.27991936,VALID,0.643128,VALID,,,Critical,CRITICAL_ALARM: Sensor data missing or invalid
2026-02-06 22:00:00+00:00,1.3011569600000001,VALID,0.644652,VALID,,,Critical,CRITICAL_ALARM: Sensor data missing or invalid
2026-02-06 23:00:00+00:00,1.3011569600000001,VALID,0.644652,VALID,,,Critical,CRITICAL_ALARM: Sensor data missing or invalid
2026-02-07 00:00:00+00:00,1.27991936,VALID,0.643128,VALID,,,Critical,CRITICAL_ALARM: Sensor data missing or invalid
2026-02-07 01:00:00+00:00,1.27921144,VALID,0.643128,VALID,,,Critical,CRITICAL_ALARM: Sensor data missing or invalid
2026-02-07 02:00:00+00:00,1.27708768,VALID,0.643128,VALID,,,Critical,CRITICAL_ALARM: Sensor data missing or invalid
2026-02-07 03:00:00+00:00,1.2671768,VALID,0.642366,VALID,,,Critical,CRITICAL_ALARM: Sensor data missing or invalid
2026-02-07 04:00:00+00:00,1.27708768,VALID,0.643128,VALID,,,Critical,CRITICAL_ALARM: Sensor data missing or invalid
2026-02-07 05:00:00+00:00,1.27708768,VALID,0.643128,VALID,,,Critical,CRITICAL_ALARM: Sensor data missing or invalid
2026-02-07 06:00:00+00:00,1.2671768,VALID,0.642366,VALID,,,Critical,CRITICAL_ALARM: Sensor data missing or invalid
2026-02-07 07:00:00+00:00,1.27708768,VALID,0.643128,VALID,,,Critical,CRITICAL_ALARM: Sensor data missing or invalid
2026-02-07 08:00:00+00:00,1.27708768,VALID,0.643128,VALID,,,Critical,CRITICAL_ALARM: Sensor data missing or invalid
2026-02-07 09:00:00+00:00,1.28770648,VALID,0.6438900000000001,VALID,,,Critical,CRITICAL_ALARM: Sensor data missing or invalid
2026-02-07 10:00:00+00:00,1.31956288,VALID,0.6461760000000001,VALID,,,Critical,CRITICAL_ALARM: Sensor data missing or invalid
2026-02-07 11:00:00+00:00,1.3422163200000001,VALID,0.6477,VALID,,,Critical,CRITICAL_ALARM: Sensor data missing or invalid
2026-02-07 12:00:00+00:00,1.3535430400000001,VALID,0.6484620000000001,VALID,,,Critical,CRITICAL_ALARM: Sensor data missing or invalid
2026-02-07 13:00:00+00:00,1.3648697600000002,VALID,0.649224,VALID,,,Critical,CRITICAL_ALARM: Sensor data missing or invalid
2026-02-07 14:00:00+00:00,1.3641618400000002,VALID,0.649224,VALID,,,Critical,CRITICAL_ALARM: Sensor data missing or invalid
2026-02-07 15:00:00+00:00,1.34080048,VALID,0.6477,VALID,,,Critical,CRITICAL_ALARM: Sensor data missing or invalid
2026-02-07 16:00:00+00:00,1.34080048,VALID,0.6477,VALID,,,Critical,CRITICAL_ALARM: Sensor data missing or invalid
2026-02-07 17:00:00+00:00,1.34080048,VALID,0.6477,VALID,,,Critical,CRITICAL_ALARM: Sensor data missing or invalid
2026-02-07 18:00:00+00:00,1.31956288,VALID,0.6461760000000001,VALID,,,Critical,CRITICAL_ALARM: Sensor data missing or invalid
2026-02-07 19:00:00+00:00,1.31956288,VALID,0.6461760000000001,VALID,,,Critical,CRITICAL_ALARM: Sensor data missing or invalid
2026-02-07 20:00:00+00:00,1.29832528,VALID,0.644652,VALID,,,Critical,CRITICAL_ALARM: Sensor data missing or invalid
2026-02-07 21:00:00+00:00,1.28770648,VALID,0.6438900000000001,VALID,,,Critical,CRITICAL_ALARM: Sensor data missing or invalid
2026-02-07 22:00:00+00:00,1.29832528,VALID,0.644652,VALID,,,Critical,CRITICAL_ALARM: Sensor data missing or invalid
2026-02-07 23:00:00+00:00,1.28770648,VALID,0.6438900000000001,VALID,,,Critical,CRITICAL_ALARM: Sensor data missing or invalid
2026-02-08 00:00:00+00:00,1.27708768,VALID,0.643128,VALID,,,Critical,CRITICAL_ALARM: Sensor data missing or invalid
2026-02-08 01:00:00+00:00,1.26576096,VALID,0.642366,VALID,,,Critical,CRITICAL_ALARM: Sensor data missing or invalid
2026-02-08 02:00:00+00:00,1.274256,VALID,0.643128,VALID,,,Critical,CRITICAL_ALARM: Sensor data missing or invalid
2026-02-08 03:00:00+00:00,1.274256,VALID,0.643128,VALID,,,Critical,CRITICAL_ALARM: Sensor data missing or invalid
2026-02-08 04:00:00+00:00,1.274256,VALID,0.643128,VALID,,,Critical,CRITICAL_ALARM: Sensor data missing or invalid
2026-02-08 05:00:00+00:00,1.274256,VALID,0.643128,VALID,,,Critical,CRITICAL_ALARM: Sensor data missing or invalid
2026-02-08 06:00:00+00:00,1.274256,VALID,0.643128,VALID,,,Critical,CRITICAL_ALARM: Sensor data missing or invalid
2026-02-08 07:00:00+00:00,1.274256,VALID,0.643128,VALID,,,Critical,CRITICAL_ALARM: Sensor data missing or invalid
2026-02-08 08:00:00+00:00,1.274256,VALID,0.643128,VALID,,,Critical,CRITICAL_ALARM: Sensor data missing or invalid
2026-02-08 09:00:00+00:00,1.26434512,VALID,0.642366,VALID,,,Critical,CRITICAL_ALARM: Sensor data missing or invalid
2026-02-08 10:00:00+00:00,1.26434512,VALID,0.642366,VALID,,,Critical,CRITICAL_ALARM: Sensor data missing or invalid
2026-02-08 11:00:00+00:00,1.274256,VALID,0.643128,VALID,,,Critical,CRITICAL_ALARM: Sensor data missing or invalid
2026-02-08 12:00:00+00:00,1.2636372,VALID,0.642366,VALID,,,Critical,CRITICAL_ALARM: Sensor data missing or invalid
2026-02-08 13:00:00+00:00,1.2636372,VALID,0.642366,VALID,,,Critical,CRITICAL_ALARM: Sensor data missing or invalid
2026-02-08 14:00:00+00:00,1.2530184,VALID,0.6416040000000001,VALID,,,Critical,CRITICAL_ALARM: Sensor data missing or invalid
2026-02-08 15:00:00+00:00,1.2636372,VALID,0.642366,VALID,,,Critical,CRITICAL_ALARM: Sensor data missing or invalid
2026-02-08 16:00:00+00:00,1.2636372,VALID,0.642366,VALID,,,Critical,CRITICAL_ALARM: Sensor data missing or invalid
2026-02-08 17:00:00+00:00,1.2848748,VALID,0.6438900000000001,VALID,,,Critical,CRITICAL_ALARM: Sensor data missing or invalid
2026-02-08 18:00:00+00:00,1.2530184,VALID,0.6416040000000001,VALID,,,Critical,CRITICAL_ALARM: Sensor data missing or invalid
2026-02-08 19:00:00+00:00,1.274256,VALID,0.643128,VALID,,,Critical,CRITICAL_ALARM: Sensor data missing or invalid
2026-02-08 20:00:00+00:00,1.2530184,VALID,0.6416040000000001,VALID,,,Critical,CRITICAL_ALARM: Sensor data missing or invalid
2026-02-08 21:00:00+00:00,1.2423996,VALID,0.6408420000000001,VALID,,,Critical,CRITICAL_ALARM: Sensor data missing or invalid
2026-02-08 22:00:00+00:00,1.274256,VALID,0.643128,VALID,,,Critical,CRITICAL_ALARM: Sensor data missing or invalid
2026-02-08 23:00:00+00:00,1.2636372,VALID,0.642366,VALID,,,Critical,CRITICAL_ALARM: Sensor data missing or invalid
2026-02-09 00:00:00+00:00,1.2530184,VALID,0.6416040000000001,VALID,,,Critical,CRITICAL_ALARM: Sensor data missing or invalid
2026-02-09 01:00:00+00:00,1.2530184,VALID,0.6416040000000001,VALID,,,Critical,CRITICAL_ALARM: Sensor data missing or invalid
2026-02-09 02:00:00+00:00,1.2317808,VALID,0.6400800000000001,VALID,,,Critical,CRITICAL_ALARM: Sensor data missing or invalid
2026-02-09 03:00:00+00:00,1.24169168,VALID,0.6408420000000001,VALID,,,Critical,CRITICAL_ALARM: Sensor data missing or invalid
2026-02-09 04:00:00+00:00,1.2615134399999999,VALID,0.642366,VALID,,,Critical,CRITICAL_ALARM: Sensor data missing or invalid
2026-02-09 05:00:00+00:00,1.2615134399999999,VALID,0.642366,VALID,,,Critical,CRITICAL_ALARM: Sensor data missing or invalid
2026-02-09 06:00:00+00:00,1.2516025599999998,VALID,0.6416040000000001,VALID,,,Critical,CRITICAL_ALARM: Sensor data missing or invalid
2026-02-09 07:00:00+00:00,1.2516025599999998,VALID,0.6416040000000001,VALID,,,Critical,CRITICAL_ALARM: Sensor data missing or invalid
2026-02-09 08:00:00+00:00,1.2516025599999998,VALID,0.6416040000000001,VALID,,,Critical,CRITICAL_ALARM: Sensor data missing or invalid
2026-02-09 09:00:00+00:00,1.2516025599999998,VALID,0.6416040000000001,VALID,,,Critical,CRITICAL_ALARM: Sensor data missing or invalid
2026-02-09 10:00:00+00:00,1.2516025599999998,VALID,0.6416040000000001,VALID,,,Critical,CRITICAL_ALARM: Sensor data missing or invalid
2026-02-09 11:00:00+00:00,1.2516025599999998,VALID,0.6416040000000001,VALID,,,Critical,CRITICAL_ALARM: Sensor data missing or invalid
2026-02-09 12:00:00+00:00,1.22965704,VALID,0.6400800000000001,VALID,,,Critical,CRITICAL_ALARM: Sensor data missing or invalid
2026-02-09 13:00:00+00:00,1.2501867199999999,VALID,0.6416040000000001,VALID,,,Critical,CRITICAL_ALARM: Sensor data missing or invalid
2026-02-09 14:00:00+00:00,1.2501867199999999,VALID,0.6416040000000001,VALID,,,Critical,CRITICAL_ALARM: Sensor data missing or invalid
2026-02-09 15:00:00+00:00,1.27142432,VALID,0.643128,VALID,,,Critical,CRITICAL_ALARM: Sensor data missing or invalid
2026-02-09 16:00:00+00:00,1.27142432,VALID,0.643128,VALID,,,Critical,CRITICAL_ALARM: Sensor data missing or invalid
2026-02-09 17:00:00+00:00,1.28204312,VALID,0.6438900000000001,VALID,,,Critical,CRITICAL_ALARM: Sensor data missing or invalid
2026-02-09 18:00:00+00:00,1.3138995199999999,VALID,0.6461760000000001,VALID,,,Critical,CRITICAL_ALARM: Sensor data missing or invalid
2026-02-09 19:00:00+00:00,1.29266192,VALID,0.644652,VALID,,,Critical,CRITICAL_ALARM: Sensor data missing or invalid
2026-02-09 20:00:00+00:00,1.28204312,VALID,0.6438900000000001,VALID,,,Critical,CRITICAL_ALARM: Sensor data missing or invalid
2026-02-09 21:00:00+00:00,1.28204312,VALID,0.6438900000000001,VALID,,,Critical,CRITICAL_ALARM: Sensor data missing or invalid
2026-02-09 22:00:00+00:00,1.30328072,VALID,0.645414,VALID,,,Critical,CRITICAL_ALARM: Sensor data missing or invalid
2026-02-09 23:00:00+00:00,1.3032807199999998,VALID,0.645414,VALID,,,Critical,CRITICAL_ALARM: Sensor data missing or invalid
2026-02-10 00:00:00+00:00,1.29266192,VALID,0.644652,VALID,,,Critical,CRITICAL_ALARM: Sensor data missing or invalid
2026-02-10 01:00:00+00:00,1.29266192,VALID,0.644652,VALID,,,Critical,CRITICAL_ALARM: Sensor data missing or invalid
2026-02-10 02:00:00+00:00,1.27000848,VALID,0.643128,VALID,,,Critical,CRITICAL_ALARM: Sensor data missing or invalid
2026-02-10 03:00:00+00:00,1.2685926399999998,VALID,0.643128,VALID,,,Critical,CRITICAL_ALARM: Sensor data missing or invalid
2026-02-10 04:00:00+00:00,1.2685926399999998,VALID,0.643128,VALID,,,Critical,CRITICAL_ALARM: Sensor data missing or invalid
2026-02-10 05:00:00+00:00,1.26930056,VALID,0.643128,VALID,,,Critical,CRITICAL_ALARM: Sensor data missing or invalid
2026-02-10 06:00:00+00:00,1.22894912,VALID,0.6400800000000001,VALID,,,Critical,CRITICAL_ALARM: Sensor data missing or invalid
2026-02-10 07:00:00+00:00,1.2388599999999999,VALID,0.6408420000000001,VALID,,,Critical,CRITICAL_ALARM: Sensor data missing or invalid
2026-02-10 08:00:00+00:00,1.22894912,VALID,0.6400800000000001,VALID,,,Critical,CRITICAL_ALARM: Sensor data missing or invalid
2026-02-10 09:00:00+00:00,1.22894912,VALID,0.6400800000000001,VALID,,,Critical,CRITICAL_ALARM: Sensor data missing or invalid
2026-02-10 10:00:00+00:00,1.21833032,VALID,0.639318,VALID,,,Critical,CRITICAL_ALARM: Sensor data missing or invalid
2026-02-10 11:00:00+00:00,1.21833032,VALID,0.639318,VALID,,,Critical,CRITICAL_ALARM: Sensor data missing or invalid
2026-02-10 12:00:00+00:00,1.22894912,VALID,0.6400800000000001,VALID,,,Critical,CRITICAL_ALARM: Sensor data missing or invalid
2026-02-10 13:00:00+00:00,1.24806296,VALID,0.6416040000000001,VALID,,,Critical,CRITICAL_ALARM: Sensor data missing or invalid
2026-02-10 14:00:00+00:00,1.2685926399999998,VALID,0.643128,VALID,,,Critical,CRITICAL_ALARM: Sensor data missing or invalid
2026-02-10 15:00:00+00:00,1.28983024,VALID,0.644652,VALID,,,Critical,CRITICAL_ALARM: Sensor data missing or invalid
2026-02-10 16:00:00+00:00,1.28983024,VALID,0.644652,VALID,,,Critical,CRITICAL_ALARM: Sensor data missing or invalid
2026-02-10 17:00:00+00:00,1.30044904,VALID,0.645414,VALID,,,Critical,CRITICAL_ALARM: Sensor data missing or invalid
2026-02-10 18:00:00+00:00,1.23673624,VALID,0.6408420000000001,VALID,,,Critical,CRITICAL_ALARM: Sensor data missing or invalid
2026-02-10 19:00:00+00:00,1.23673624,VALID,0.6408420000000001,VALID,,,Critical,CRITICAL_ALARM: Sensor data missing or invalid
2026-02-10 20:00:00+00:00,1.28983024,VALID,0.644652,VALID,,,Critical,CRITICAL_ALARM: Sensor data missing or invalid
2026-02-10 21:00:00+00:00,1.24735504,VALID,0.6416040000000001,VALID,,,Critical,CRITICAL_ALARM: Sensor data missing or invalid
2026-02-10 22:00:00+00:00,1.2579738399999998,VALID,0.642366,VALID,,,Critical,CRITICAL_ALARM: Sensor data missing or invalid
2026-02-10 23:00:00+00:00,1.24735504,VALID,0.6416040000000001,VALID,,,Critical,CRITICAL_ALARM: Sensor data missing or invalid
2026-02-11 00:00:00+00:00,1.23673624,VALID,0.6408420000000001,VALID,,,Critical,CRITICAL_ALARM: Sensor data missing or invalid
2026-02-11 01:00:00+00:00,1.22611744,VALID,0.6400800000000001,VALID,,,Critical,CRITICAL_ALARM: Sensor data missing or invalid
2026-02-11 02:00:00+00:00,1.22611744,VALID,0.6400800000000001,VALID,,,Critical,CRITICAL_ALARM: Sensor data missing or invalid
2026-02-11 03:00:00+00:00,1.22611744,VALID,0.6400800000000001,VALID,,,Critical,CRITICAL_ALARM: Sensor data missing or invalid
2026-02-11 04:00:00+00:00,1.22611744,VALID,0.6400800000000001,VALID,,,Critical,CRITICAL_ALARM: Sensor data missing or invalid
2026-02-11 05:00:00+00:00,1.22611744,VALID,0.6400800000000001,VALID,,,Critical,CRITICAL_ALARM: Sensor data missing or invalid
2026-02-11 06:00:00+00:00,1.22611744,VALID,0.6400800000000001,VALID,,,Critical,CRITICAL_ALARM: Sensor data missing or invalid
2026-02-11 07:00:00+00:00,1.22611744,VALID,0.6400800000000001,VALID,,,Critical,CRITICAL_ALARM: Sensor data missing or invalid
2026-02-11 08:00:00+00:00,1.2459392,VALID,0.6416040000000001,VALID,,,Critical,CRITICAL_ALARM: Sensor data missing or invalid
2026-02-11 09:00:00+00:00,1.22611744,VALID,0.6400800000000001,VALID,,,Critical,CRITICAL_ALARM: Sensor data missing or invalid
2026-02-11 10:00:00+00:00,1.23602832,VALID,0.6408420000000001,VALID,,,Critical,CRITICAL_ALARM: Sensor data missing or invalid
2026-02-11 11:00:00+00:00,1.2459392,VALID,0.6416040000000001,VALID,,,Critical,CRITICAL_ALARM: Sensor data missing or invalid
2026-02-11 12:00:00+00:00,1.25585008,VALID,0.642366,VALID,,,Critical,CRITICAL_ALARM: Sensor data missing or invalid
2026-02-11 13:00:00+00:00,1.23602832,VALID,0.6408420000000001,VALID,,,Critical,CRITICAL_ALARM: Sensor data missing or invalid
2026-02-11 14:00:00+00:00,1.22399368,VALID,0.6400800000000001,VALID,,,Critical,CRITICAL_ALARM: Sensor data missing or invalid
2026-02-11 15:00:00+00:00,1.23390456,VALID,0.6408420000000001,VALID,,,Critical,CRITICAL_ALARM: Sensor data missing or invalid
2026-02-11 16:00:00+00:00,1.2763797600000002,VALID,0.6438900000000001,VALID,,,Critical,CRITICAL_ALARM: Sensor data missing or invalid
2026-02-11 17:00:00+00:00,1.23390456,VALID,0.6408420000000001,VALID,,,Critical,CRITICAL_ALARM: Sensor data missing or invalid
2026-02-11 18:00:00+00:00,1.2551421600000001,VALID,0.642366,VALID,,,Critical,CRITICAL_ALARM: Sensor data missing or invalid
2026-02-11 19:00:00+00:00,1.22399368,VALID,0.6400800000000001,VALID,,,Critical,CRITICAL_ALARM: Sensor data missing or invalid
2026-02-11 20:00:00+00:00,1.23390456,VALID,0.6408420000000001,VALID,,,Critical,CRITICAL_ALARM: Sensor data missing or invalid
2026-02-11 21:00:00+00:00,1.23390456,VALID,0.6408420000000001,VALID,,,Critical,CRITICAL_ALARM: Sensor data missing or invalid
2026-02-11 22:00:00+00:00,1.24452336,VALID,0.6416040000000001,VALID,,,Critical,CRITICAL_ALARM: Sensor data missing or invalid
2026-02-11 23:00:00+00:00,1.2551421600000001,VALID,0.6423660000000001,VALID,,,Critical,CRITICAL_ALARM: Sensor data missing or invalid
2026-02-12 00:00:00+00:00,1.22328576,VALID,0.6400800000000001,VALID,,,Critical,CRITICAL_ALARM: Sensor data missing or invalid
2026-02-12 01:00:00+00:00,1.23390456,VALID,0.6408420000000001,VALID,,,Critical,CRITICAL_ALARM: Sensor data missing or invalid
2026-02-12 02:00:00+00:00,1.22328576,VALID,0.6400800000000001,VALID,,,Critical,CRITICAL_ALARM: Sensor data missing or invalid
2026-02-12 03:00:00+00:00,1.23319664,VALID,0.6408420000000001,VALID,,,Critical,CRITICAL_ALARM: Sensor data missing or invalid
2026-02-12 04:00:00+00:00,1.22328576,VALID,0.6400800000000001,VALID,,,Critical,CRITICAL_ALARM: Sensor data missing or invalid
2026-02-12 05:00:00+00:00,1.22328576,VALID,0.6400800000000001,VALID,,,Critical,CRITICAL_ALARM: Sensor data missing or invalid
2026-02-12 06:00:00+00:00,1.22328576,VALID,0.6400800000000001,VALID,,,Critical,CRITICAL_ALARM: Sensor data missing or invalid
2026-02-12 07:00:00+00:00,1.22328576,VALID,0.6400800000000001,VALID,,,Critical,CRITICAL_ALARM: Sensor data missing or invalid
2026-02-12 08:00:00+00:00,1.22328576,VALID,0.6400800000000001,VALID,,,Critical,CRITICAL_ALARM: Sensor data missing or invalid
2026-02-12 09:00:00+00:00,1.2431075200000001,VALID,0.6416040000000001,VALID,,,Critical,CRITICAL_ALARM: Sensor data missing or invalid
2026-02-12 10:00:00+00:00,1.22328576,VALID,0.6400800000000001,VALID,,,Critical,CRITICAL_ALARM: Sensor data missing or invalid
2026-02-12 11:00:00+00:00,1.23319664,VALID,0.6408420000000001,VALID,,,Critical,CRITICAL_ALARM: Sensor data missing or invalid
2026-02-12 12:00:00+00:00,1.23319664,VALID,0.6408420000000001,VALID,,,Critical,CRITICAL_ALARM: Sensor data missing or invalid
2026-02-12 13:00:00+00:00,1.22328576,VALID,0.6400800000000001,VALID,,,Critical,CRITICAL_ALARM: Sensor data missing or invalid
2026-02-12 14:00:00+00:00,1.23319664,VALID,0.6408420000000001,VALID,,,Critical,CRITICAL_ALARM: Sensor data missing or invalid
2026-02-12 15:00:00+00:00,1.221162,VALID,0.6400800000000001,VALID,,,Critical,CRITICAL_ALARM: Sensor data missing or invalid
2026-02-12 16:00:00+00:00,1.22045408,VALID,0.6400800000000001,VALID,,,Critical,CRITICAL_ALARM: Sensor data missing or invalid
2026-02-12 17:00:00+00:00,1.2105432,VALID,0.639318,VALID,,,Critical,CRITICAL_ALARM: Sensor data missing or invalid
2026-02-12 18:00:00+00:00,1.20063232,VALID,0.6385560000000001,VALID,,,Critical,CRITICAL_ALARM: Sensor data missing or invalid
2026-02-12 19:00:00+00:00,1.18081056,VALID,0.637032,VALID,,,Critical,CRITICAL_ALARM: Sensor data missing or invalid
2026-02-12 20:00:00+00:00,1.1907214400000001,VALID,0.6377940000000001,VALID,,,Critical,CRITICAL_ALARM: Sensor data missing or invalid
2026-02-12 21:00:00+00:00,1.17089968,VALID,0.6362700000000001,VALID,,,Critical,CRITICAL_ALARM: Sensor data missing or invalid
2026-02-12 22:00:00+00:00,1.18081056,VALID,0.637032,VALID,,,Critical,CRITICAL_ALARM: Sensor data missing or invalid
2026-02-12 23:00:00+00:00,1.1907214400000001,VALID,0.6377940000000001,VALID,,,Critical,CRITICAL_ALARM: Sensor data missing or invalid
2026-02-13 00:00:00+00:00,1.1907214400000001,VALID,0.6377940000000001,VALID,,,Critical,CRITICAL_ALARM: Sensor data missing or invalid
2026-02-13 01:00:00+00:00,1.20063232,VALID,0.6385560000000001,VALID,,,Critical,CRITICAL_ALARM: Sensor data missing or invalid
2026-02-13 02:00:00+00:00,1.1907214400000001,VALID,0.6377940000000001,VALID,,,Critical,CRITICAL_ALARM: Sensor data missing or invalid
2026-02-13 03:00:00+00:00,1.2105432,VALID,0.639318,VALID,,,Critical,CRITICAL_ALARM: Sensor data missing or invalid
2026-02-13 04:00:00+00:00,1.20063232,VALID,0.6385560000000001,VALID,,,Critical,CRITICAL_ALARM: Sensor data missing or invalid
2026-02-13 05:00:00+00:00,1.20063232,VALID,0.6385560000000001,VALID,,,Critical,CRITICAL_ALARM: Sensor data missing or invalid
2026-02-13 06:00:00+00:00,1.2105432,VALID,0.639318,VALID,,,Critical,CRITICAL_ALARM: Sensor data missing or invalid
2026-02-13 07:00:00+00:00,1.22045408,VALID,0.6400800000000001,VALID,,,Critical,CRITICAL_ALARM: Sensor data missing or invalid
2026-02-13 08:00:00+00:00,1.22045408,VALID,0.6400800000000001,VALID,,,Critical,CRITICAL_ALARM: Sensor data missing or invalid
2026-02-13 09:00:00+00:00,1.22045408,VALID,0.6400800000000001,VALID,,,Critical,CRITICAL_ALARM: Sensor data missing or invalid
2026-02-13 10:00:00+00:00,1.2105432,VALID,0.639318,VALID,,,Critical,CRITICAL_ALARM: Sensor data missing or invalid
2026-02-13 11:00:00+00:00,1.20063232,VALID,0.6385560000000001,VALID,,,Critical,CRITICAL_ALARM: Sensor data missing or invalid
2026-02-13 12:00:00+00:00,1.2105432,VALID,0.639318,VALID,,,Critical,CRITICAL_ALARM: Sensor data missing or invalid
2026-02-13 13:00:00+00:00,1.22045408,VALID,0.6400800000000001,VALID,,,Critical,CRITICAL_ALARM: Sensor data missing or invalid
2026-02-13 14:00:00+00:00,1.22045408,VALID,0.6400800000000001,VALID,,,Critical,CRITICAL_ALARM: Sensor data missing or invalid
2026-02-13 15:00:00+00:00,1.22045408,VALID,0.6400800000000001,VALID,,,Critical,CRITICAL_ALARM: Sensor data missing or invalid
2026-02-13 16:00:00+00:00,1.21903824,VALID,0.6400800000000001,VALID,,,Critical,CRITICAL_ALARM: Sensor data missing or invalid
2026-02-13 17:00:00+00:00,1.2176224,VALID,0.6400800000000001,VALID,,,Critical,CRITICAL_ALARM: Sensor data missing or invalid
2026-02-13 18:00:00+00:00,1.2176224,VALID,0.6400800000000001,VALID,,,Critical,CRITICAL_ALARM: Sensor data missing or invalid
2026-02-13 19:00:00+00:00,1.2176224,VALID,0.6400800000000001,VALID,,,Critical,CRITICAL_ALARM: Sensor data missing or invalid
2026-02-13 20:00:00+00:00,1.2176224,VALID,0.6400800000000001,VALID,,,Critical,CRITICAL_ALARM: Sensor data missing or invalid
2026-02-13 21:00:00+00:00,1.2176224,VALID,0.6400800000000001,VALID,,,Critical,CRITICAL_ALARM: Sensor data missing or invalid
2026-02-13 22:00:00+00:00,1.2176224,VALID,0.6400800000000001,VALID,,,Critical,CRITICAL_ALARM: Sensor data missing or invalid
2026-02-13 23:00:00+00:00,1.2494788,VALID,0.642366,VALID,,,Critical,CRITICAL_ALARM: Sensor data missing or invalid
2026-02-14 00:00:00+00:00,1.2282412,VALID,0.6408420000000001,VALID,,,Critical,CRITICAL_ALARM: Sensor data missing or invalid
2026-02-14 01:00:00+00:00,1.24877088,VALID,0.6423660000000001,VALID,,,Critical,CRITICAL_ALARM: Sensor data missing or invalid
2026-02-14 02:00:00+00:00,1.24877088,VALID,0.6423660000000001,VALID,,,Critical,CRITICAL_ALARM: Sensor data missing or invalid
2026-02-14 03:00:00+00:00,1.2282412,VALID,0.6408420000000001,VALID,,,Critical,CRITICAL_ALARM: Sensor data missing or invalid
2026-02-14 04:00:00+00:00,1.24735504,VALID,0.642366,VALID,,,Critical,CRITICAL_ALARM: Sensor data missing or invalid
2026-02-14 05:00:00+00:00,1.24735504,VALID,0.642366,VALID,,,Critical,CRITICAL_ALARM: Sensor data missing or invalid
2026-02-14 06:00:00+00:00,1.24735504,VALID,0.642366,VALID,,,Critical,CRITICAL_ALARM: Sensor data missing or invalid
2026-02-14 07:00:00+00:00,1.24735504,VALID,0.642366,VALID,,,Critical,CRITICAL_ALARM: Sensor data missing or invalid
2026-02-14 08:00:00+00:00,1.25726592,VALID,0.643128,VALID,,,Critical,CRITICAL_ALARM: Sensor data missing or invalid
2026-02-14 09:00:00+00:00,1.25726592,VALID,0.643128,VALID,,,Critical,CRITICAL_ALARM: Sensor data missing or invalid
2026-02-14 10:00:00+00:00,1.24735504,VALID,0.642366,VALID,,,Critical,CRITICAL_ALARM: Sensor data missing or invalid
2026-02-14 11:00:00+00:00,1.25726592,VALID,0.643128,VALID,,,Critical,CRITICAL_ALARM: Sensor data missing or invalid
2026-02-14 12:00:00+00:00,1.25726592,VALID,0.643128,VALID,,,Critical,CRITICAL_ALARM: Sensor data missing or invalid
2026-02-14 13:00:00+00:00,1.2785035200000001,VALID,0.644652,VALID,,,Critical,CRITICAL_ALARM: Sensor data missing or invalid
2026-02-14 14:00:00+00:00,1.26788472,VALID,0.6438900000000001,VALID,,,Critical,CRITICAL_ALARM: Sensor data missing or invalid
2026-02-14 15:00:00+00:00,1.25726592,VALID,0.643128,VALID,,,Critical,CRITICAL_ALARM: Sensor data missing or invalid
2026-02-14 16:00:00+00:00,1.29974112,VALID,0.6461760000000001,VALID,,,Critical,CRITICAL_ALARM: Sensor data missing or invalid
2026-02-14 17:00:00+00:00,1.27921144,VALID,0.644652,VALID,,,Critical,CRITICAL_ALARM: Sensor data missing or invalid
2026-02-14 18:00:00+00:00,1.28912232,VALID,0.645414,VALID,,,Critical,CRITICAL_ALARM: Sensor data missing or invalid
2026-02-14 19:00:00+00:00,1.2785035200000001,VALID,0.644652,VALID,,,Critical,CRITICAL_ALARM: Sensor data missing or invalid
2026-02-14 20:00:00+00:00,1.2785035200000001,VALID,0.644652,VALID,,,Critical,CRITICAL_ALARM: Sensor data missing or invalid
2026-02-14 21:00:00+00:00,1.26788472,VALID,0.6438900000000001,VALID,,,Critical,CRITICAL_ALARM: Sensor data missing or invalid
2026-02-14 22:00:00+00:00,1.26788472,VALID,0.6438900000000001,VALID,,,Critical,CRITICAL_ALARM: Sensor data missing or invalid
2026-02-14 23:00:00+00:00,1.25726592,VALID,0.643128,VALID,,,Critical,CRITICAL_ALARM: Sensor data missing or invalid
2026-02-15 00:00:00+00:00,1.25726592,VALID,0.643128,VALID,,,Critical,CRITICAL_ALARM: Sensor data missing or invalid
2026-02-15 01:00:00+00:00,1.25726592,VALID,0.643128,VALID,,,Critical,CRITICAL_ALARM: Sensor data missing or invalid
2026-02-15 02:00:00+00:00,1.25726592,VALID,0.643128,VALID,,,Critical,CRITICAL_ALARM: Sensor data missing or invalid
2026-02-15 03:00:00+00:00,1.25726592,VALID,0.643128,VALID,,,Critical,CRITICAL_ALARM: Sensor data missing or invalid
2026-02-15 04:00:00+00:00,1.25585008,VALID,0.643128,VALID,,,Critical,CRITICAL_ALARM: Sensor data missing or invalid
2026-02-15 05:00:00+00:00,1.25443424,VALID,0.643128,VALID,,,Critical,CRITICAL_ALARM: Sensor data missing or invalid
2026-02-15 06:00:00+00:00,1.25443424,VALID,0.643128,VALID,,,Critical,CRITICAL_ALARM: Sensor data missing or invalid
2026-02-15 07:00:00+00:00,1.23461248,VALID,0.6416040000000001,VALID,,,Critical,CRITICAL_ALARM: Sensor data missing or invalid
2026-02-15 08:00:00+00:00,1.2048798399999998,VALID,0.639318,VALID,,,Critical,CRITICAL_ALARM: Sensor data missing or invalid
2026-02-15 09:00:00+00:00,1.2147907199999999,VALID,0.6400800000000001,VALID,,,Critical,CRITICAL_ALARM: Sensor data missing or invalid
2026-02-15 10:00:00+00:00,1.2048798399999998,VALID,0.639318,VALID,,,Critical,CRITICAL_ALARM: Sensor data missing or invalid
2026-02-15 11:00:00+00:00,1.2147907199999999,VALID,0.6400800000000001,VALID,,,Critical,CRITICAL_ALARM: Sensor data missing or invalid
2026-02-15 12:00:00+00:00,1.19496896,VALID,0.6385560000000001,VALID,,,Critical,CRITICAL_ALARM: Sensor data missing or invalid
2026-02-15 13:00:00+00:00,1.2048798399999998,VALID,0.639318,VALID,,,Critical,CRITICAL_ALARM: Sensor data missing or invalid
2026-02-15 14:00:00+00:00,1.2147907199999999,VALID,0.6400800000000001,VALID,,,Critical,CRITICAL_ALARM: Sensor data missing or invalid
2026-02-15 15:00:00+00:00,1.2048798399999998,VALID,0.639318,VALID,,,Critical,CRITICAL_ALARM: Sensor data missing or invalid
2026-02-15 16:00:00+00:00,1.19496896,VALID,0.6385560000000001,VALID,,,Critical,CRITICAL_ALARM: Sensor data missing or invalid
2026-02-15 17:00:00+00:00,1.19496896,VALID,0.6385560000000001,VALID,,,Critical,CRITICAL_ALARM: Sensor data missing or invalid
2026-02-15 18:00:00+00:00,1.19426104,VALID,0.6385560000000001,VALID,,,Critical,CRITICAL_ALARM: Sensor data missing or invalid
2026-02-15 19:00:00+00:00,1.1921372799999999,VALID,0.6385560000000001,VALID,,,Critical,CRITICAL_ALARM: Sensor data missing or invalid
2026-02-15 20:00:00+00:00,1.20204816,VALID,0.639318,VALID,,,Critical,CRITICAL_ALARM: Sensor data missing or invalid
2026-02-15 21:00:00+00:00,1.1921372799999999,VALID,0.6385560000000001,VALID,,,Critical,CRITICAL_ALARM: Sensor data missing or invalid
2026-02-15 22:00:00+00:00,1.22328576,VALID,0.6408420000000001,VALID,,,Critical,CRITICAL_ALARM: Sensor data missing or invalid
2026-02-15 23:00:00+00:00,1.1822264,VALID,0.6377940000000001,VALID,,,Critical,CRITICAL_ALARM: Sensor data missing or invalid
2026-02-16 00:00:00+00:00,1.1822264,VALID,0.6377940000000001,VALID,,,Critical,CRITICAL_ALARM: Sensor data missing or invalid
2026-02-16 01:00:00+00:00,1.17231552,VALID,0.637032,VALID,,,Critical,CRITICAL_ALARM: Sensor data missing or invalid
2026-02-16 02:00:00+00:00,1.1822264,VALID,0.6377940000000001,VALID,,,Critical,CRITICAL_ALARM: Sensor data missing or invalid
2026-02-16 03:00:00+00:00,1.1822264,VALID,0.6377940000000001,VALID,,,Critical,CRITICAL_ALARM: Sensor data missing or invalid
2026-02-16 04:00:00+00:00,1.1822264,VALID,0.6377940000000001,VALID,,,Critical,CRITICAL_ALARM: Sensor data missing or invalid
2026-02-16 05:00:00+00:00,1.17231552,VALID,0.637032,VALID,,,Critical,CRITICAL_ALARM: Sensor data missing or invalid
2026-02-16 06:00:00+00:00,1.17231552,VALID,0.637032,VALID,,,Critical,CRITICAL_ALARM: Sensor data missing or invalid
2026-02-16 07:00:00+00:00,1.1921372799999999,VALID,0.6385560000000001,VALID,,,Critical,CRITICAL_ALARM: Sensor data missing or invalid
2026-02-16 08:00:00+00:00,1.1822264,VALID,0.6377940000000001,VALID,,,Critical,CRITICAL_ALARM: Sensor data missing or invalid
2026-02-16 09:00:00+00:00,1.1822264,VALID,0.6377940000000001,VALID,,,Critical,CRITICAL_ALARM: Sensor data missing or invalid
2026-02-16 10:00:00+00:00,1.1921372799999999,VALID,0.6385560000000001,VALID,,,Critical,CRITICAL_ALARM: Sensor data missing or invalid
2026-02-16 11:00:00+00:00,1.1921372799999999,VALID,0.6385560000000001,VALID,,,Critical,CRITICAL_ALARM: Sensor data missing or invalid
2026-02-16 12:00:00+00:00,1.1921372799999999,VALID,0.6385560000000001,VALID,,,Critical,CRITICAL_ALARM: Sensor data missing or invalid
2026-02-16 13:00:00+00:00,1.1921372799999999,VALID,0.6385560000000001,VALID,,,Critical,CRITICAL_ALARM: Sensor data missing or invalid
2026-02-16 14:00:00+00:00,1.1921372799999999,VALID,0.6385560000000001,VALID,,,Critical,CRITICAL_ALARM: Sensor data missing or invalid
2026-02-16 15:00:00+00:00,1.20204816,VALID,0.639318,VALID,,,Critical,CRITICAL_ALARM: Sensor data missing or invalid
2026-02-16 16:00:00+00:00,1.20204816,VALID,0.639318,VALID,,,Critical,CRITICAL_ALARM: Sensor data missing or invalid
2026-02-16 17:00:00+00:00,1.17231552,VALID,0.637032,VALID,,,Critical,CRITICAL_ALARM: Sensor data missing or invalid
2026-02-16 18:00:00+00:00,1.1822264,VALID,0.6377940000000001,VALID,,,Critical,CRITICAL_ALARM: Sensor data missing or invalid
2026-02-16 19:00:00+00:00,1.17231552,VALID,0.637032,VALID,,,Critical,CRITICAL_ALARM: Sensor data missing or invalid
2026-02-16 20:00:00+00:00,1.1815184799999998,VALID,0.6377940000000001,VALID,,,Critical,CRITICAL_ALARM: Sensor data missing or invalid
2026-02-16 21:00:00+00:00,1.17939472,VALID,0.6377940000000001,VALID,,,Critical,CRITICAL_ALARM: Sensor data missing or invalid
2026-02-16 22:00:00+00:00,1.17939472,VALID,0.6377940000000001,VALID,,,Critical,CRITICAL_ALARM: Sensor data missing or invalid
2026-02-16 23:00:00+00:00,1.1893056,VALID,0.6385560000000001,VALID,,,Critical,CRITICAL_ALARM: Sensor data missing or invalid
2026-02-17 00:00:00+00:00,1.17939472,VALID,0.6377940000000001,VALID,,,Critical,CRITICAL_ALARM: Sensor data missing or invalid
2026-02-17 01:00:00+00:00,1.17939472,VALID,0.6377940000000001,VALID,,,Critical,CRITICAL_ALARM: Sensor data missing or invalid
2026-02-17 02:00:00+00:00,1.1694838399999998,VALID,0.637032,VALID,,,Critical,CRITICAL_ALARM: Sensor data missing or invalid
2026-02-17 03:00:00+00:00,1.1694838399999998,VALID,0.637032,VALID,,,Critical,CRITICAL_ALARM: Sensor data missing or invalid
2026-02-17 04:00:00+00:00,1.1893056,VALID,0.6385560000000001,VALID,,,Critical,CRITICAL_ALARM: Sensor data missing or invalid
2026-02-17 05:00:00+00:00,1.20912736,VALID,0.6400800000000001,VALID,,,Critical,CRITICAL_ALARM: Sensor data missing or invalid
2026-02-17 06:00:00+00:00,1.17939472,VALID,0.6377940000000001,VALID,,,Critical,CRITICAL_ALARM: Sensor data missing or invalid
2026-02-17 07:00:00+00:00,1.2190382400000002,VALID,0.6408420000000001,VALID,,,Critical,CRITICAL_ALARM: Sensor data missing or invalid
2026-02-17 08:00:00+00:00,1.20912736,VALID,0.6400800000000001,VALID,,,Critical,CRITICAL_ALARM: Sensor data missing or invalid
2026-02-17 09:00:00+00:00,1.2190382400000002,VALID,0.6408420000000001,VALID,,,Critical,CRITICAL_ALARM: Sensor data missing or invalid
2026-02-17 10:00:00+00:00,1.20912736,VALID,0.6400800000000001,VALID,,,Critical,CRITICAL_ALARM: Sensor data missing or invalid
2026-02-17 11:00:00+00:00,1.2190382400000002,VALID,0.6408420000000001,VALID,,,Critical,CRITICAL_ALARM: Sensor data missing or invalid
2026-02-17 12:00:00+00:00,1.20912736,VALID,0.6400800000000001,VALID,,,Critical,CRITICAL_ALARM: Sensor data missing or invalid
2026-02-17 13:00:00+00:00,1.20912736,VALID,0.6400800000000001,VALID,,,Critical,CRITICAL_ALARM: Sensor data missing or invalid
2026-02-17 14:00:00+00:00,1.22894912,VALID,0.6416040000000001,VALID,,,Critical,CRITICAL_ALARM: Sensor data missing or invalid
2026-02-17 15:00:00+00:00,1.2190382400000002,VALID,0.6408420000000001,VALID,,,Critical,CRITICAL_ALARM: Sensor data missing or invalid
2026-02-17 16:00:00+00:00,1.24877088,VALID,0.643128,VALID,,,Critical,CRITICAL_ALARM: Sensor data missing or invalid
2026-02-17 17:00:00+00:00,1.2494788,VALID,0.643128,VALID,,,Critical,CRITICAL_ALARM: Sensor data missing or invalid
2026-02-17 18:00:00+00:00,1.29124608,VALID,0.6461760000000001,VALID,,,Critical,CRITICAL_ALARM: Sensor data missing or invalid
2026-02-17 19:00:00+00:00,1.2388599999999999,VALID,0.642366,VALID,,,Critical,CRITICAL_ALARM: Sensor data missing or invalid
2026-02-17 20:00:00+00:00,1.28062728,VALID,0.645414,VALID,,,Critical,CRITICAL_ALARM: Sensor data missing or invalid
2026-02-17 21:00:00+00:00,1.32310248,VALID,0.6484620000000001,VALID,,,Critical,CRITICAL_ALARM: Sensor data missing or invalid
2026-02-17 22:00:00+00:00,1.345048,VALID,0.6499860000000001,VALID,,,Critical,CRITICAL_ALARM: Sensor data missing or invalid
2026-02-17 23:00:00+00:00,1.433538,VALID,0.656082,VALID,,,Critical,CRITICAL_ALARM: Sensor data missing or invalid
2026-02-18 00:00:00+00:00,1.5418497599999998,VALID,0.6629400000000001,VALID,,,Critical,CRITICAL_ALARM: Sensor data missing or invalid
2026-02-18 01:00:00+00:00,1.6041467200000001,VALID,0.66675,VALID,,,Critical,CRITICAL_ALARM: Sensor data missing or invalid
2026-02-18 02:00:00+00:00,1.5786615999999998,VALID,0.6652260000000001,VALID,,,Critical,CRITICAL_ALARM: Sensor data missing or invalid
2026-02-18 03:00:00+00:00,1.56662696,VALID,0.664464,VALID,,,Critical,CRITICAL_ALARM: Sensor data missing or invalid
2026-02-18 04:00:00+00:00,1.52981512,VALID,0.662178,VALID,,,Critical,CRITICAL_ALARM: Sensor data missing or invalid
2026-02-18 05:00:00+00:00,1.5057458400000001,VALID,0.6606540000000001,VALID,,,Critical,CRITICAL_ALARM: Sensor data missing or invalid
2026-02-18 06:00:00+00:00,1.48167656,VALID,0.65913,VALID,,,Critical,CRITICAL_ALARM: Sensor data missing or invalid
2026-02-18 07:00:00+00:00,1.48167656,VALID,0.65913,VALID,,,Critical,CRITICAL_ALARM: Sensor data missing or invalid
2026-02-18 08:00:00+00:00,1.61972096,VALID,0.6675120000000001,VALID,,,Critical,CRITICAL_ALARM: Sensor data missing or invalid
2026-02-18 09:00:00+00:00,2.09402736,VALID,0.694944,VALID,,,Critical,CRITICAL_ALARM: Sensor data missing or invalid
2026-02-18 10:00:00+00:00,2.4755962400000002,VALID,0.717042,VALID,,,Critical,CRITICAL_ALARM: Sensor data missing or invalid
2026-02-18 11:00:00+00:00,2.77292264,VALID,0.7322820000000001,VALID,,,Critical,CRITICAL_ALARM: Sensor data missing or invalid
2026-02-18 12:00:00+00:00,3.0936104,VALID,0.747522,VALID,,,Critical,CRITICAL_ALARM: Sensor data missing or invalid
2026-02-18 13:00:00+00:00,3.5183624,VALID,0.7658100000000001,VALID,,,Critical,CRITICAL_ALARM: Sensor data missing or invalid
2026-02-18 14:00:00+00:00,3.9077184000000003,VALID,0.7818120000000001,VALID,,,Critical,CRITICAL_ALARM: Sensor data missing or invalid
2026-02-18 15:00:00+00:00,4.0493024,VALID,0.789432,VALID,,,Critical,CRITICAL_ALARM: Sensor data missing or invalid
2026-02-18 16:00:00+00:00,4.1200944,VALID,0.793242,VALID,,,Critical,CRITICAL_ALARM: Sensor data missing or invalid
2026-02-18 17:00:00+00:00,4.0917776,VALID,0.791718,VALID,,,Critical,CRITICAL_ALARM: Sensor data missing or invalid
2026-02-18 18:00:00+00:00,4.105936,VALID,0.7924800000000001,VALID,,,Critical,CRITICAL_ALARM: Sensor data missing or invalid
2026-02-18 19:00:00+00:00,4.0776192,VALID,0.7909560000000001,VALID,,,Critical,CRITICAL_ALARM: Sensor data missing or invalid
2026-02-18 20:00:00+00:00,4.0068272,VALID,0.787146,VALID,,,Critical,CRITICAL_ALARM: Sensor data missing or invalid
2026-02-18 21:00:00+00:00,3.9360352,VALID,0.783336,VALID,,,Critical,CRITICAL_ALARM: Sensor data missing or invalid
2026-02-18 22:00:00+00:00,3.89356,VALID,0.78105,VALID,,,Critical,CRITICAL_ALARM: Sensor data missing or invalid
2026-02-18 23:00:00+00:00,3.787372,VALID,0.776478,VALID,,,Critical,CRITICAL_ALARM: Sensor data missing or invalid
2026-02-19 00:00:00+00:00,3.71658,VALID,0.7734300000000001,VALID,,,Critical,CRITICAL_ALARM: Sensor data missing or invalid
2026-02-19 01:00:00+00:00,3.6528671999999998,VALID,0.7711439999999999,VALID,,,Critical,CRITICAL_ALARM: Sensor data missing or invalid
2026-02-19 02:00:00+00:00,3.610392,VALID,0.76962,VALID,,,Critical,CRITICAL_ALARM: Sensor data missing or invalid
2026-02-19 03:00:00+00:00,3.5679168,VALID,0.768096,VALID,,,Critical,CRITICAL_ALARM: Sensor data missing or invalid
2026-02-19 04:00:00+00:00,3.5396,VALID,0.766572,VALID,,,Critical,CRITICAL_ALARM: Sensor data missing or invalid
2026-02-19 05:00:00+00:00,3.5254415999999997,VALID,0.76581,VALID,,,Critical,CRITICAL_ALARM: Sensor data missing or invalid
2026-02-19 06:00:00+00:00,3.5679168,VALID,0.768096,VALID,,,Critical,CRITICAL_ALARM: Sensor data missing or invalid
2026-02-19 07:00:00+00:00,3.5679168,VALID,0.768096,VALID,,,Critical,CRITICAL_ALARM: Sensor data missing or invalid
2026-02-19 08:00:00+00:00,3.5749959999999996,VALID,0.768096,VALID,,,Critical,CRITICAL_ALARM: Sensor data missing or invalid
2026-02-19 09:00:00+00:00,3.5679168,VALID,0.768096,VALID,,,Critical,CRITICAL_ALARM: Sensor data missing or invalid
2026-02-19 10:00:00+00:00,3.5466792,VALID,0.767334,VALID,,,Critical,CRITICAL_ALARM: Sensor data missing or invalid
2026-02-19 11:00:00+00:00,3.3838576,VALID,0.760476,VALID,,,Critical,CRITICAL_ALARM: Sensor data missing or invalid
2026-02-19 12:00:00+00:00,3.256432,VALID,0.7551420000000001,VALID,,,Critical,CRITICAL_ALARM: Sensor data missing or invalid
2026-02-19 13:00:00+00:00,3.1714816,VALID,0.7513320000000001,VALID,,,Critical,CRITICAL_ALARM: Sensor data missing or invalid
2026-02-19 14:00:00+00:00,3.0652936,VALID,0.7467600000000001,VALID,,,Critical,CRITICAL_ALARM: Sensor data missing or invalid
2026-02-19 15:00:00+00:00,2.9591056,VALID,0.7414260000000001,VALID,,,Critical,CRITICAL_ALARM: Sensor data missing or invalid
2026-02-19 16:00:00+00:00,2.9166304,VALID,0.7391400000000001,VALID,,,Critical,CRITICAL_ALARM: Sensor data missing or invalid
2026-02-19 17:00:00+00:00,2.83097208,VALID,0.73533,VALID,,,Critical,CRITICAL_ALARM: Sensor data missing or invalid
2026-02-19 18:00:00+00:00,2.73398704,VALID,0.730758,VALID,,,Critical,CRITICAL_ALARM: Sensor data missing or invalid
2026-02-19 19:00:00+00:00,2.65753168,VALID,0.726948,VALID,,,Critical,CRITICAL_ALARM: Sensor data missing or invalid
2026-02-19 20:00:00+00:00,2.6277990399999998,VALID,0.725424,VALID,,,Critical,CRITICAL_ALARM: Sensor data missing or invalid
2026-02-19 21:00:00+00:00,2.5683337600000002,VALID,0.722376,VALID,,,Critical,CRITICAL_ALARM: Sensor data missing or invalid
2026-02-19 22:00:00+00:00,2.5683337600000002,VALID,0.722376,VALID,,,Critical,CRITICAL_ALARM: Sensor data missing or invalid
2026-02-19 23:00:00+00:00,2.4833833600000004,VALID,0.717804,VALID,,,Critical,CRITICAL_ALARM: Sensor data missing or invalid
2026-02-20 00:00:00+00:00,2.45506656,VALID,0.71628,VALID,,,Critical,CRITICAL_ALARM: Sensor data missing or invalid
2026-02-20 01:00:00+00:00,2.39843296,VALID,0.713232,VALID,,,Critical,CRITICAL_ALARM: Sensor data missing or invalid
2026-02-20 02:00:00+00:00,2.35808152,VALID,0.7109460000000001,VALID,,,Critical,CRITICAL_ALARM: Sensor data missing or invalid
2026-02-20 03:00:00+00:00,2.3042796,VALID,0.707898,VALID,,,Critical,CRITICAL_ALARM: Sensor data missing or invalid
2026-02-20 04:00:00+00:00,2.29082912,VALID,0.707136,VALID,,,Critical,CRITICAL_ALARM: Sensor data missing or invalid
2026-02-20 05:00:00+00:00,2.25260144,VALID,0.70485,VALID,,,Critical,CRITICAL_ALARM: Sensor data missing or invalid
2026-02-20 06:00:00+00:00,2.23985888,VALID,0.704088,VALID,,,Critical,CRITICAL_ALARM: Sensor data missing or invalid
2026-02-20 07:00:00+00:00,2.18605696,VALID,0.70104,VALID,,,Critical,CRITICAL_ALARM: Sensor data missing or invalid
2026-02-20 08:00:00+00:00,2.17402232,VALID,0.700278,VALID,,,Critical,CRITICAL_ALARM: Sensor data missing or invalid
2026-02-20 09:00:00+00:00,2.1605718400000002,VALID,0.699516,VALID,,,Critical,CRITICAL_ALARM: Sensor data missing or invalid
2026-02-20 10:00:00+00:00,2.1230520800000003,VALID,0.69723,VALID,,,Critical,CRITICAL_ALARM: Sensor data missing or invalid
2026-02-20 11:00:00+00:00,2.0989828,VALID,0.695706,VALID,,,Critical,CRITICAL_ALARM: Sensor data missing or invalid
2026-02-20 12:00:00+00:00,2.08694816,VALID,0.694944,VALID,,,Critical,CRITICAL_ALARM: Sensor data missing or invalid
2026-02-20 13:00:00+00:00,2.08694816,VALID,0.694944,VALID,,,Critical,CRITICAL_ALARM: Sensor data missing or invalid
2026-02-20 14:00:00+00:00,2.08694816,VALID,0.694944,VALID,,,Critical,CRITICAL_ALARM: Sensor data missing or invalid
2026-02-20 15:00:00+00:00,2.08694816,VALID,0.694944,VALID,,,Critical,CRITICAL_ALARM: Sensor data missing or invalid
2026-02-20 16:00:00+00:00,2.1357946400000003,VALID,0.6979920000000001,VALID,,,Critical,CRITICAL_ALARM: Sensor data missing or invalid
2026-02-20 17:00:00+00:00,2.1357946400000003,VALID,0.6979920000000001,VALID,,,Critical,CRITICAL_ALARM: Sensor data missing or invalid
2026-02-20 18:00:00+00:00,2.1350867200000003,VALID,0.6979920000000001,VALID,,,Critical,CRITICAL_ALARM: Sensor data missing or invalid
2026-02-20 19:00:00+00:00,2.1230520800000003,VALID,0.69723,VALID,,,Critical,CRITICAL_ALARM: Sensor data missing or invalid
2026-02-20 20:00:00+00:00,2.1350867200000003,VALID,0.6979920000000001,VALID,,,Critical,CRITICAL_ALARM: Sensor data missing or invalid
2026-02-20 21:00:00+00:00,2.1478292800000003,VALID,0.6987540000000001,VALID,,,Critical,CRITICAL_ALARM: Sensor data missing or invalid
2026-02-20 22:00:00+00:00,2.1478292800000003,VALID,0.6987540000000001,VALID,,,Critical,CRITICAL_ALARM: Sensor data missing or invalid
2026-02-20 23:00:00+00:00,2.18605696,VALID,0.7010400000000001,VALID,,,Critical,CRITICAL_ALARM: Sensor data missing or invalid
2026-02-21 00:00:00+00:00,2.1478292800000003,VALID,0.6987540000000001,VALID,,,Critical,CRITICAL_ALARM: Sensor data missing or invalid
2026-02-21 01:00:00+00:00,2.1350867200000003,VALID,0.6979920000000001,VALID,,,Critical,CRITICAL_ALARM: Sensor data missing or invalid
2026-02-21 02:00:00+00:00,2.1350867200000003,VALID,0.6979920000000001,VALID,,,Critical,CRITICAL_ALARM: Sensor data missing or invalid
2026-02-21 03:00:00+00:00,2.12234416,VALID,0.69723,VALID,,,Critical,CRITICAL_ALARM: Sensor data missing or invalid
2026-02-21 04:00:00+00:00,2.1096016,VALID,0.6964680000000001,VALID,,,Critical,CRITICAL_ALARM: Sensor data missing or invalid
2026-02-21 05:00:00+00:00,2.09685904,VALID,0.695706,VALID,,,Critical,CRITICAL_ALARM: Sensor data missing or invalid
2026-02-21 06:00:00+00:00,2.0841164799999996,VALID,0.694944,VALID,,,Critical,CRITICAL_ALARM: Sensor data missing or invalid
2026-02-21 07:00:00+00:00,2.04801256,VALID,0.692658,VALID,,,Critical,CRITICAL_ALARM: Sensor data missing or invalid
2026-02-21 08:00:00+00:00,2.03597792,VALID,0.6918960000000001,VALID,,,Critical,CRITICAL_ALARM: Sensor data missing or invalid
2026-02-21 09:00:00+00:00,2.03597792,VALID,0.6918960000000001,VALID,,,Critical,CRITICAL_ALARM: Sensor data missing or invalid
2026-02-21 10:00:00+00:00,2.03597792,VALID,0.6918960000000001,VALID,,,Critical,CRITICAL_ALARM: Sensor data missing or invalid
2026-02-21 11:00:00+00:00,1.999874,VALID,0.6896100000000001,VALID,,,Critical,CRITICAL_ALARM: Sensor data missing or invalid
2026-02-21 12:00:00+00:00,1.98783936,VALID,0.688848,VALID,,,Critical,CRITICAL_ALARM: Sensor data missing or invalid
2026-02-21 13:00:00+00:00,1.98783936,VALID,0.688848,VALID,,,Critical,CRITICAL_ALARM: Sensor data missing or invalid
2026-02-21 14:00:00+00:00,1.999874,VALID,0.6896100000000001,VALID,,,Critical,CRITICAL_ALARM: Sensor data missing or invalid
2026-02-21 15:00:00+00:00,2.0119086399999997,VALID,0.690372,VALID,,,Critical,CRITICAL_ALARM: Sensor data missing or invalid
2026-02-21 16:00:00+00:00,2.0331462399999998,VALID,0.6918960000000001,VALID,,,Critical,CRITICAL_ALARM: Sensor data missing or invalid
2026-02-21 17:00:00+00:00,2.0451808799999998,VALID,0.692658,VALID,,,Critical,CRITICAL_ALARM: Sensor data missing or invalid
2026-02-21 18:00:00+00:00,2.0572155199999997,VALID,0.69342,VALID,,,Critical,CRITICAL_ALARM: Sensor data missing or invalid
2026-02-21 19:00:00+00:00,2.06925016,VALID,0.6941820000000001,VALID,,,Critical,CRITICAL_ALARM: Sensor data missing or invalid
2026-02-21 20:00:00+00:00,2.0812848,VALID,0.694944,VALID,,,Critical,CRITICAL_ALARM: Sensor data missing or invalid
2026-02-21 21:00:00+00:00,2.04518088,VALID,0.692658,VALID,,,Critical,CRITICAL_ALARM: Sensor data missing or invalid
2026-02-21 22:00:00+00:00,2.0579234399999997,VALID,0.69342,VALID,,,Critical,CRITICAL_ALARM: Sensor data missing or invalid
2026-02-21 23:00:00+00:00,2.0211116,VALID,0.691134,VALID,,,Critical,CRITICAL_ALARM: Sensor data missing or invalid
2026-02-22 00:00:00+00:00,1.9970423199999998,VALID,0.6896100000000001,VALID,,,Critical,CRITICAL_ALARM: Sensor data missing or invalid
2026-02-22 01:00:00+00:00,1.9729730399999998,VALID,0.688086,VALID,,,Critical,CRITICAL_ALARM: Sensor data missing or invalid
2026-02-22 02:00:00+00:00,1.94890376,VALID,0.6865620000000001,VALID,,,Critical,CRITICAL_ALARM: Sensor data missing or invalid
2026-02-22 03:00:00+00:00,1.94890376,VALID,0.6865620000000001,VALID,,,Critical,CRITICAL_ALARM: Sensor data missing or invalid
2026-02-22 04:00:00+00:00,1.9220028,VALID,0.685038,VALID,,,Critical,CRITICAL_ALARM: Sensor data missing or invalid
2026-02-22 05:00:00+00:00,1.9071364800000001,VALID,0.6842760000000001,VALID,,,Critical,CRITICAL_ALARM: Sensor data missing or invalid
2026-02-22 06:00:00+00:00,1.89227016,VALID,0.6835140000000002,VALID,,,Critical,CRITICAL_ALARM: Sensor data missing or invalid
2026-02-22 07:00:00+00:00,1.8476712,VALID,0.6812280000000001,VALID,,,Critical,CRITICAL_ALARM: Sensor data missing or invalid
2026-02-22 08:00:00+00:00,1.86253752,VALID,0.6819900000000001,VALID,,,Critical,CRITICAL_ALARM: Sensor data missing or invalid
2026-02-22 09:00:00+00:00,1.81793856,VALID,0.679704,VALID,,,Critical,CRITICAL_ALARM: Sensor data missing or invalid
2026-02-22 10:00:00+00:00,1.7896217600000002,VALID,0.67818,VALID,,,Critical,CRITICAL_ALARM: Sensor data missing or invalid
2026-02-22 11:00:00+00:00,1.77546336,VALID,0.6774180000000001,VALID,,,Critical,CRITICAL_ALARM: Sensor data missing or invalid
2026-02-22 12:00:00+00:00,1.7613049600000001,VALID,0.6766560000000001,VALID,,,Critical,CRITICAL_ALARM: Sensor data missing or invalid
2026-02-22 13:00:00+00:00,1.734404,VALID,0.6751320000000001,VALID,,,Critical,CRITICAL_ALARM: Sensor data missing or invalid
2026-02-22 14:00:00+00:00,1.734404,VALID,0.6751320000000001,VALID,,,Critical,CRITICAL_ALARM: Sensor data missing or invalid
2026-02-22 15:00:00+00:00,1.7613049600000001,VALID,0.6766560000000001,VALID,,,Critical,CRITICAL_ALARM: Sensor data missing or invalid
2026-02-22 16:00:00+00:00,1.87528008,VALID,0.682752,VALID,,,Critical,CRITICAL_ALARM: Sensor data missing or invalid
2026-02-22 17:00:00+00:00,2.0678343200000002,VALID,0.6941820000000001,VALID,,,Critical,CRITICAL_ALARM: Sensor data missing or invalid
2026-02-22 18:00:00+00:00,2.20446288,VALID,0.702564,VALID,,,Critical,CRITICAL_ALARM: Sensor data missing or invalid
2026-02-22 19:00:00+00:00,2.2426905599999998,VALID,0.70485,VALID,,,Critical,CRITICAL_ALARM: Sensor data missing or invalid
2026-02-22 20:00:00+00:00,2.22853216,VALID,0.704088,VALID,,,Critical,CRITICAL_ALARM: Sensor data missing or invalid
2026-02-22 21:00:00+00:00,2.17826984,VALID,0.70104,VALID,,,Critical,CRITICAL_ALARM: Sensor data missing or invalid
2026-02-22 22:00:00+00:00,2.20375496,VALID,0.702564,VALID,,,Critical,CRITICAL_ALARM: Sensor data missing or invalid
2026-02-22 23:00:00+00:00,2.1272995999999997,VALID,0.6979920000000001,VALID,,,Critical,CRITICAL_ALARM: Sensor data missing or invalid
2026-02-23 00:00:00+00:00,2.0904877600000003,VALID,0.695706,VALID,,,Critical,CRITICAL_ALARM: Sensor data missing or invalid
2026-02-23 01:00:00+00:00,2.05438384,VALID,0.69342,VALID,,,Critical,CRITICAL_ALARM: Sensor data missing or invalid
2026-02-23 02:00:00+00:00,2.03031456,VALID,0.6918960000000001,VALID,,,Critical,CRITICAL_ALARM: Sensor data missing or invalid
2026-02-23 03:00:00+00:00,1.982176,VALID,0.688848,VALID,,,Critical,CRITICAL_ALARM: Sensor data missing or invalid
2026-02-23 04:00:00+00:00,1.982176,VALID,0.688848,VALID,,,Critical,CRITICAL_ALARM: Sensor data missing or invalid
2026-02-23 05:00:00+00:00,1.96943344,VALID,0.688086,VALID,,,Critical,CRITICAL_ALARM: Sensor data missing or invalid
2026-02-23 06:00:00+00:00,1.94394832,VALID,0.6865620000000001,VALID,,,Critical,CRITICAL_ALARM: Sensor data missing or invalid
2026-02-23 07:00:00+00:00,1.91633944,VALID,0.685038,VALID,,,Critical,CRITICAL_ALARM: Sensor data missing or invalid
2026-02-23 08:00:00+00:00,1.91633944,VALID,0.685038,VALID,,,Critical,CRITICAL_ALARM: Sensor data missing or invalid
2026-02-23 09:00:00+00:00,1.8575820799999998,VALID,0.6819900000000001,VALID,,,Critical,CRITICAL_ALARM: Sensor data missing or invalid
2026-02-23 10:00:00+00:00,1.7867900799999998,VALID,0.67818,VALID,,,Critical,CRITICAL_ALARM: Sensor data missing or invalid
2026-02-23 11:00:00+00:00,1.7315723200000002,VALID,0.6751320000000001,VALID,,,Critical,CRITICAL_ALARM: Sensor data missing or invalid
2026-02-23 12:00:00+00:00,1.69122088,VALID,0.672846,VALID,,,Critical,CRITICAL_ALARM: Sensor data missing or invalid
2026-02-23 13:00:00+00:00,1.7053792799999998,VALID,0.673608,VALID,,,Critical,CRITICAL_ALARM: Sensor data missing or invalid
2026-02-23 14:00:00+00:00,1.89510184,VALID,0.6842760000000001,VALID,,,Critical,CRITICAL_ALARM: Sensor data missing or invalid
2026-02-23 15:00:00+00:00,2.63417032,VALID,0.726186,VALID,,,Critical,CRITICAL_ALARM: Sensor data missing or invalid
2026-02-23 16:00:00+00:00,3.1219272,VALID,0.749808,VALID,,,Critical,CRITICAL_ALARM: Sensor data missing or invalid
2026-02-23 17:00:00+00:00,3.2847488,VALID,0.7566660000000001,VALID,,,Critical,CRITICAL_ALARM: Sensor data missing or invalid
2026-02-23 18:00:00+00:00,3.2564319999999998,VALID,0.755904,VALID,,,Critical,CRITICAL_ALARM: Sensor data missing or invalid
2026-02-23 19:00:00+00:00,3.2564319999999998,VALID,0.755904,VALID,,,Critical,CRITICAL_ALARM: Sensor data missing or invalid
2026-02-23 20:00:00+00:00,3.2989072,VALID,0.757428,VALID,,,Critical,CRITICAL_ALARM: Sensor data missing or invalid
2026-02-23 21:00:00+00:00,3.3413824,VALID,0.7589520000000001,VALID,,,Critical,CRITICAL_ALARM: Sensor data missing or invalid
2026-02-23 22:00:00+00:00,3.3343032,VALID,0.7589520000000001,VALID,,,Critical,CRITICAL_ALARM: Sensor data missing or invalid
2026-02-23 23:00:00+00:00,3.2989072,VALID,0.757428,VALID,,,Critical,CRITICAL_ALARM: Sensor data missing or invalid
2026-02-24 00:00:00+00:00,3.2422736,VALID,0.755142,VALID,,,Critical,CRITICAL_ALARM: Sensor data missing or invalid
2026-02-24 01:00:00+00:00,3.1785608,VALID,0.752094,VALID,,,Critical,CRITICAL_ALARM: Sensor data missing or invalid
2026-02-24 02:00:00+00:00,3.1431648,VALID,0.7505700000000001,VALID,,,Critical,CRITICAL_ALARM: Sensor data missing or invalid
2026-02-24 03:00:00+00:00,3.0582143999999998,VALID,0.7467600000000001,VALID,,,Critical,CRITICAL_ALARM: Sensor data missing or invalid
2026-02-24 04:00:00+00:00,2.9591056,VALID,0.74295,VALID,,,Critical,CRITICAL_ALARM: Sensor data missing or invalid
2026-02-24 05:00:00+00:00,2.902472,VALID,0.7399020000000001,VALID,,,Critical,CRITICAL_ALARM: Sensor data missing or invalid
2026-02-24 06:00:00+00:00,2.8599968,VALID,0.737616,VALID,,,Critical,CRITICAL_ALARM: Sensor data missing or invalid
2026-02-24 07:00:00+00:00,2.8260166399999997,VALID,0.7360920000000001,VALID,,,Critical,CRITICAL_ALARM: Sensor data missing or invalid
2026-02-24 08:00:00+00:00,2.760888,VALID,0.733044,VALID,,,Critical,CRITICAL_ALARM: Sensor data missing or invalid
2026-02-24 09:00:00+00:00,2.760888,VALID,0.733044,VALID,,,Critical,CRITICAL_ALARM: Sensor data missing or invalid
2026-02-24 10:00:00+00:00,2.7297395200000003,VALID,0.7315200000000001,VALID,,,Critical,CRITICAL_ALARM: Sensor data missing or invalid
2026-02-24 11:00:00+00:00,2.8387592,VALID,0.7368540000000001,VALID,,,Critical,CRITICAL_ALARM: Sensor data missing or invalid
2026-02-24 12:00:00+00:00,4.304153599999999,VALID,0.8054340000000001,VALID,,,Critical,CRITICAL_ALARM: Sensor data missing or invalid
2026-02-24 13:00:00+00:00,6.265091999999999,VALID,0.896112,VALID,,,Critical,CRITICAL_ALARM: Sensor data missing or invalid
2026-02-24 14:00:00+00:00,7.0933584,VALID,0.9288780000000001,VALID,,,Critical,CRITICAL_ALARM: Sensor data missing or invalid
2026-02-24 15:00:00+00:00,7.3198928,VALID,0.93726,VALID,,,Critical,CRITICAL_ALARM: Sensor data missing or invalid
2026-02-24 16:00:00+00:00,7.3836056,VALID,0.939546,VALID,,,Critical,CRITICAL_ALARM: Sensor data missing or invalid
2026-02-24 17:00:00+00:00,7.2137048,VALID,0.9334500000000001,VALID,,,Critical,CRITICAL_ALARM: Sensor data missing or invalid
2026-02-24 18:00:00+00:00,7.2137048,VALID,0.93345,VALID,,,Critical,CRITICAL_ALARM: Sensor data missing or invalid
2026-02-24 19:00:00+00:00,7.4260808,VALID,0.9410700000000001,VALID,,,Critical,CRITICAL_ALARM: Sensor data missing or invalid
2026-02-24 20:00:00+00:00,7.4048432,VALID,0.940308,VALID,,,Critical,CRITICAL_ALARM: Sensor data missing or invalid
2026-02-24 21:00:00+00:00,7.192467199999999,VALID,0.9326880000000001,VALID,,,Critical,CRITICAL_ALARM: Sensor data missing or invalid
2026-02-24 22:00:00+00:00,6.9234576,VALID,0.922782,VALID,,,Critical,CRITICAL_ALARM: Sensor data missing or invalid
2026-02-24 23:00:00+00:00,6.5765768,VALID,0.909066,VALID,,,Critical,CRITICAL_ALARM: Sensor data missing or invalid
2026-02-25 00:00:00+00:00,6.2721712,VALID,0.8968740000000001,VALID,,,Critical,CRITICAL_ALARM: Sensor data missing or invalid
2026-02-25 01:00:00+00:00,6.073953599999999,VALID,0.8884920000000001,VALID,,,Critical,CRITICAL_ALARM: Sensor data missing or invalid
2026-02-25 02:00:00+00:00,5.8261816,VALID,0.877824,VALID,,,Critical,CRITICAL_ALARM: Sensor data missing or invalid
2026-02-25 03:00:00+00:00,5.627964,VALID,0.869442,VALID,,,Critical,CRITICAL_ALARM: Sensor data missing or invalid
2026-02-25 04:00:00+00:00,5.422667199999999,VALID,0.860298,VALID,,,Critical,CRITICAL_ALARM: Sensor data missing or invalid
2026-02-25 05:00:00+00:00,5.274004,VALID,0.85344,VALID,,,Critical,CRITICAL_ALARM: Sensor data missing or invalid
2026-02-25 06:00:00+00:00,5.167816,VALID,0.848106,VALID,,,Critical,CRITICAL_ALARM: Sensor data missing or invalid
2026-02-25 07:00:00+00:00,5.0191528000000005,VALID,0.841248,VALID,,,Critical,CRITICAL_ALARM: Sensor data missing or invalid
2026-02-25 08:00:00+00:00,4.9271232000000005,VALID,0.8366760000000001,VALID,,,Critical,CRITICAL_ALARM: Sensor data missing or invalid
2026-02-25 09:00:00+00:00,4.884648,VALID,0.8343900000000001,VALID,,,Critical,CRITICAL_ALARM: Sensor data missing or invalid
2026-02-25 10:00:00+00:00,5.1182616,VALID,0.84582,VALID,,,Critical,CRITICAL_ALARM: Sensor data missing or invalid
2026-02-25 11:00:00+00:00,6.8455864,VALID,0.9182100000000001,VALID,,,Critical,CRITICAL_ALARM: Sensor data missing or invalid
2026-02-25 12:00:00+00:00,10.6188,VALID,1.0431780000000002,VALID,,,Critical,CRITICAL_ALARM: Sensor data missing or invalid
2026-02-25 13:00:00+00:00,12.9620152,VALID,1.114044,VALID,,,Critical,CRITICAL_ALARM: Sensor data missing or invalid
2026-02-25 14:00:00+00:00,13.5637472,VALID,1.13157,VALID,,,Critical,CRITICAL_ALARM: Sensor data missing or invalid
2026-02-25 15:00:00+00:00,13.6133016,VALID,1.133094,VALID,,,Critical,CRITICAL_ALARM: Sensor data missing or invalid
2026-02-25 16:00:00+00:00,13.181470399999998,VALID,1.120902,VALID,,,Critical,CRITICAL_ALARM: Sensor data missing or invalid
2026-02-25 17:00:00+00:00,12.6292928,VALID,1.104138,VALID,,,Critical,CRITICAL_ALARM: Sensor data missing or invalid
2026-02-25 18:00:00+00:00,11.9142936,VALID,1.08204,VALID,,,Critical,CRITICAL_ALARM: Sensor data missing or invalid
2026-02-25 19:00:00+00:00,11.5249376,VALID,1.069848,VALID,,,Critical,CRITICAL_ALARM: Sensor data missing or invalid
2026-02-25 20:00:00+00:00,11.128502399999999,VALID,1.0576560000000002,VALID,,,Critical,CRITICAL_ALARM: Sensor data missing or invalid
2026-02-25 21:00:00+00:00,10.562166399999999,VALID,1.041654,VALID,,,Critical,CRITICAL_ALARM: Sensor data missing or invalid
2026-02-25 22:00:00+00:00,10.08786,VALID,1.027938,VALID,,,Critical,CRITICAL_ALARM: Sensor data missing or invalid
2026-02-25 23:00:00+00:00,9.5286032,VALID,1.011174,VALID,,,Critical,CRITICAL_ALARM: Sensor data missing or invalid
2026-02-26 00:00:00+00:00,8.9127128,VALID,0.992124,VALID,,,Critical,CRITICAL_ALARM: Sensor data missing or invalid
2026-02-26 01:00:00+00:00,8.49504,VALID,0.978408,VALID,,,Critical,CRITICAL_ALARM: Sensor data missing or invalid
2026-02-26 02:00:00+00:00,8.1269216,VALID,0.9662160000000001,VALID,,,Critical,CRITICAL_ALARM: Sensor data missing or invalid
2026-02-26 03:00:00+00:00,7.7304864,VALID,0.9525,VALID,,,Critical,CRITICAL_ALARM: Sensor data missing or invalid
2026-02-26 04:00:00+00:00,7.3906848,VALID,0.940308,VALID,,,Critical,CRITICAL_ALARM: Sensor data missing or invalid
2026-02-26 05:00:00+00:00,7.1075168,VALID,0.92964,VALID,,,Critical,CRITICAL_ALARM: Sensor data missing or invalid
2026-02-26 06:00:00+00:00,6.788952800000001,VALID,0.917448,VALID,,,Critical,CRITICAL_ALARM: Sensor data missing or invalid
2026-02-26 07:00:00+00:00,6.512864,VALID,0.90678,VALID,,,Critical,CRITICAL_ALARM: Sensor data missing or invalid
2026-02-26 08:00:00+00:00,6.3217256,VALID,0.8991600000000001,VALID,,,Critical,CRITICAL_ALARM: Sensor data missing or invalid
2026-02-26 09:00:00+00:00,6.1943,VALID,0.893826,VALID,,,Critical,CRITICAL_ALARM: Sensor data missing or invalid
2026-02-26 10:00:00+00:00,6.1093496,VALID,0.8907780000000001,VALID,,,Critical,CRITICAL_ALARM: Sensor data missing or invalid
2026-02-26 11:00:00+00:00,6.512864,VALID,0.90678,VALID,,,Critical,CRITICAL_ALARM: Sensor data missing or invalid
2026-02-26 12:00:00+00:00,8.070288,VALID,0.9639300000000001,VALID,,,Critical,CRITICAL_ALARM: Sensor data missing or invalid
2026-02-26 13:00:00+00:00,9.4790488,VALID,1.0096500000000002,VALID,,,Critical,CRITICAL_ALARM: Sensor data missing or invalid
2026-02-26 14:00:00+00:00,10.2577608,VALID,1.0332720000000002,VALID,,,Critical,CRITICAL_ALARM: Sensor data missing or invalid
2026-02-26 15:00:00+00:00,10.5055328,VALID,1.04013,VALID,,,Critical,CRITICAL_ALARM: Sensor data missing or invalid
2026-02-26 16:00:00+00:00,10.4205824,VALID,1.0378440000000002,VALID,,,Critical,CRITICAL_ALARM: Sensor data missing or invalid
2026-02-26 17:00:00+00:00,10.278998399999999,VALID,1.0340340000000001,VALID,,,Critical,CRITICAL_ALARM: Sensor data missing or invalid
2026-02-26 18:00:00+00:00,9.9745928,VALID,1.02489,VALID,,,Critical,CRITICAL_ALARM: Sensor data missing or invalid
2026-02-26 19:00:00+00:00,9.5144448,VALID,1.011174,VALID,,,Critical,CRITICAL_ALARM: Sensor data missing or invalid
2026-02-26 20:00:00+00:00,9.1463264,VALID,0.999744,VALID,,,Critical,CRITICAL_ALARM: Sensor data missing or invalid
2026-02-26 21:00:00+00:00,8.7144952,VALID,0.9860280000000001,VALID,,,Critical,CRITICAL_ALARM: Sensor data missing or invalid
2026-02-26 22:00:00+00:00,8.353456,VALID,0.9738360000000001,VALID,,,Critical,CRITICAL_ALARM: Sensor data missing or invalid
2026-02-26 23:00:00+00:00,8.0136544,VALID,0.9624060000000001,VALID,,,Critical,CRITICAL_ALARM: Sensor data missing or invalid
2026-02-27 00:00:00+00:00,7.6950904,VALID,0.951738,VALID,,,Critical,CRITICAL_ALARM: Sensor data missing or invalid
2026-02-27 01:00:00+00:00,7.3552888,VALID,0.939546,VALID,,,Critical,CRITICAL_ALARM: Sensor data missing or invalid
2026-02-27 02:00:00+00:00,7.0650416,VALID,0.928116,VALID,,,Critical,CRITICAL_ALARM: Sensor data missing or invalid
2026-02-27 03:00:00+00:00,6.8385072000000005,VALID,0.919734,VALID,,,Critical,CRITICAL_ALARM: Sensor data missing or invalid
2026-02-27 04:00:00+00:00,6.5624184,VALID,0.9090660000000002,VALID,,,Critical,CRITICAL_ALARM: Sensor data missing or invalid
2026-02-27 05:00:00+00:00,6.3288048,VALID,0.89916,VALID,,,Critical,CRITICAL_ALARM: Sensor data missing or invalid
2026-02-27 06:00:00+00:00,6.123508,VALID,0.8907780000000001,VALID,,,Critical,CRITICAL_ALARM: Sensor data missing or invalid
2026-02-27 07:00:00+00:00,5.8828152,VALID,0.8808720000000001,VALID,,,Critical,CRITICAL_ALARM: Sensor data missing or invalid
2026-02-27 08:00:00+00:00,5.6916768,VALID,0.8724900000000001,VALID,,,Critical,CRITICAL_ALARM: Sensor data missing or invalid
2026-02-27 09:00:00+00:00,5.4934592,VALID,0.864108,VALID,,,Critical,CRITICAL_ALARM: Sensor data missing or invalid
2026-02-27 10:00:00+00:00,5.3660336,VALID,0.858012,VALID,,,Critical,CRITICAL_ALARM: Sensor data missing or invalid
2026-02-27 11:00:00+00:00,5.238608,VALID,0.851916,VALID,,,Critical,CRITICAL_ALARM: Sensor data missing or invalid
2026-02-27 12:00:00+00:00,5.13242,VALID,0.847344,VALID,,,Critical,CRITICAL_ALARM: Sensor data missing or invalid
2026-02-27 13:00:00+00:00,5.0403904,VALID,0.8427720000000001,VALID,,,Critical,CRITICAL_ALARM: Sensor data missing or invalid
2026-02-27 14:00:00+00:00,4.9979152,VALID,0.8404860000000001,VALID,,,Critical,CRITICAL_ALARM: Sensor data missing or invalid
2026-02-27 15:00:00+00:00,4.95544,VALID,0.8382000000000001,VALID,,,Critical,CRITICAL_ALARM: Sensor data missing or invalid
2026-02-27 16:00:00+00:00,4.9129648,VALID,0.835914,VALID,,,Critical,CRITICAL_ALARM: Sensor data missing or invalid
2026-02-27 17:00:00+00:00,4.8775688,VALID,0.8343900000000001,VALID,,,Critical,CRITICAL_ALARM: Sensor data missing or invalid
2026-02-27 18:00:00+00:00,4.8634104,VALID,0.8343900000000001,VALID,,,Critical,CRITICAL_ALARM: Sensor data missing or invalid
2026-02-27 19:00:00+00:00,4.9342024,VALID,0.8374380000000001,VALID,,,Critical,CRITICAL_ALARM: Sensor data missing or invalid
2026-02-27 20:00:00+00:00,4.95544,VALID,0.8382000000000001,VALID,,,Critical,CRITICAL_ALARM: Sensor data missing or invalid
2026-02-27 21:00:00+00:00,4.9837568,VALID,0.839724,VALID,,,Critical,CRITICAL_ALARM: Sensor data missing or invalid
2026-02-27 22:00:00+00:00,4.828014400000001,VALID,0.8328660000000001,VALID,,,Critical,CRITICAL_ALARM: Sensor data missing or invalid
2026-02-27 23:00:00+00:00,4.743064,VALID,0.8282940000000001,VALID,,,Critical,CRITICAL_ALARM: Sensor data missing or invalid
2026-02-28 00:00:00+00:00,4.6581136,VALID,0.8237220000000001,VALID,,,Critical,CRITICAL_ALARM: Sensor data missing or invalid
2026-02-28 01:00:00+00:00,4.6156384,VALID,0.821436,VALID,,,Critical,CRITICAL_ALARM: Sensor data missing or invalid
2026-02-28 02:00:00+00:00,4.4882127999999994,VALID,0.814578,VALID,,,Critical,CRITICAL_ALARM: Sensor data missing or invalid
2026-02-28 03:00:00+00:00,4.4032624,VALID,0.810006,VALID,,,Critical,CRITICAL_ALARM: Sensor data missing or invalid
2026-02-28 04:00:00+00:00,4.2899952,VALID,0.80391,VALID,,,Critical,CRITICAL_ALARM: Sensor data missing or invalid
2026-02-28 05:00:00+00:00,4.2192032,VALID,0.8001,VALID,,,Critical,CRITICAL_ALARM: Sensor data missing or invalid
2026-02-28 06:00:00+00:00,4.1484112,VALID,0.79629,VALID,,,Critical,CRITICAL_ALARM: Sensor data missing or invalid
2026-02-28 07:00:00+00:00,4.0634608,VALID,0.791718,VALID,,,Critical,CRITICAL_ALARM: Sensor data missing or invalid
2026-02-28 08:00:00+00:00,3.9785104000000002,VALID,0.7871460000000001,VALID,,,Critical,CRITICAL_ALARM: Sensor data missing or invalid
2026-02-28 09:00:00+00:00,3.9360352,VALID,0.7848600000000001,VALID,,,Critical,CRITICAL_ALARM: Sensor data missing or invalid
2026-02-28 10:00:00+00:00,3.8298471999999997,VALID,0.779526,VALID,,,Critical,CRITICAL_ALARM: Sensor data missing or invalid
2026-02-28 11:00:00+00:00,3.7024216,VALID,0.774954,VALID,,,Critical,CRITICAL_ALARM: Sensor data missing or invalid
2026-02-28 12:00:00+00:00,3.5891544,VALID,0.770382,VALID,,,Critical,CRITICAL_ALARM: Sensor data missing or invalid
2026-02-28 13:00:00+00:00,3.4971248,VALID,0.766572,VALID,,,Critical,CRITICAL_ALARM: Sensor data missing or invalid
2026-02-28 14:00:00+00:00,3.4121743999999996,VALID,0.763524,VALID,,,Critical,CRITICAL_ALARM: Sensor data missing or invalid
2026-02-28 15:00:00+00:00,3.3130656,VALID,0.7589520000000001,VALID,,,Critical,CRITICAL_ALARM: Sensor data missing or invalid
2026-02-28 16:00:00+00:00,3.2139568,VALID,0.755142,VALID,,,Critical,CRITICAL_ALARM: Sensor data missing or invalid
2026-02-28 17:00:00+00:00,3.1290063999999997,VALID,0.7513320000000001,VALID,,,Critical,CRITICAL_ALARM: Sensor data missing or invalid
2026-02-28 18:00:00+00:00,3.1077688,VALID,0.7505700000000001,VALID,,,Critical,CRITICAL_ALARM: Sensor data missing or invalid
2026-02-28 19:00:00+00:00,3.0015808,VALID,0.745236,VALID,,,Critical,CRITICAL_ALARM: Sensor data missing or invalid
2026-02-28 20:00:00+00:00,2.9307888,VALID,0.7421880000000001,VALID,,,Critical,CRITICAL_ALARM: Sensor data missing or invalid
2026-02-28 21:00:00+00:00,2.8812344,VALID,0.7399020000000001,VALID,,,Critical,CRITICAL_ALARM: Sensor data missing or invalid
2026-02-28 22:00:00+00:00,2.83097208,VALID,0.737616,VALID,,,Critical,CRITICAL_ALARM: Sensor data missing or invalid
2026-02-28 23:00:00+00:00,2.78708104,VALID,0.73533,VALID,,,Critical,CRITICAL_ALARM: Sensor data missing or invalid
2026-03-01 00:00:00+00:00,2.7417741600000003,VALID,0.733044,VALID,,,Critical,CRITICAL_ALARM: Sensor data missing or invalid
2026-03-01 01:00:00+00:00,2.70991776,VALID,0.7315200000000001,VALID,,,Critical,CRITICAL_ALARM: Sensor data missing or invalid
2026-03-01 02:00:00+00:00,2.6653187999999997,VALID,0.7292340000000002,VALID,,,Critical,CRITICAL_ALARM: Sensor data missing or invalid
2026-03-01 03:00:00+00:00,2.6207198399999996,VALID,0.726948,VALID,,,Critical,CRITICAL_ALARM: Sensor data missing or invalid
2026-03-01 04:00:00+00:00,2.5909872,VALID,0.725424,VALID,,,Critical,CRITICAL_ALARM: Sensor data missing or invalid
2026-03-01 05:00:00+00:00,2.5485119999999997,VALID,0.7231380000000001,VALID,,,Critical,CRITICAL_ALARM: Sensor data missing or invalid
2026-03-01 06:00:00+00:00,2.5201952,VALID,0.721614,VALID,,,Critical,CRITICAL_ALARM: Sensor data missing or invalid
2026-03-01 07:00:00+00:00,2.4918784,VALID,0.72009,VALID,,,Critical,CRITICAL_ALARM: Sensor data missing or invalid
2026-03-01 08:00:00+00:00,2.4748883200000003,VALID,0.719328,VALID,,,Critical,CRITICAL_ALARM: Sensor data missing or invalid
2026-03-01 09:00:00+00:00,2.43453688,VALID,0.717042,VALID,,,Critical,CRITICAL_ALARM: Sensor data missing or invalid
2026-03-01 10:00:00+00:00,2.4210864,VALID,0.71628,VALID,,,Critical,CRITICAL_ALARM: Sensor data missing or invalid
2026-03-01 11:00:00+00:00,2.3786112,VALID,0.713994,VALID,,,Critical,CRITICAL_ALARM: Sensor data missing or invalid
2026-03-01 12:00:00+00:00,2.3644528,VALID,0.713232,VALID,,,Critical,CRITICAL_ALARM: Sensor data missing or invalid
2026-03-01 13:00:00+00:00,2.3375518399999997,VALID,0.711708,VALID,,,Critical,CRITICAL_ALARM: Sensor data missing or invalid
2026-03-01 14:00:00+00:00,2.3375518399999997,VALID,0.711708,VALID,,,Critical,CRITICAL_ALARM: Sensor data missing or invalid
2026-03-01 15:00:00+00:00,2.27029944,VALID,0.707898,VALID,,,Critical,CRITICAL_ALARM: Sensor data missing or invalid
2026-03-01 16:00:00+00:00,2.2441064,VALID,0.7063740000000001,VALID,,,Critical,CRITICAL_ALARM: Sensor data missing or invalid
2026-03-01 17:00:00+00:00,2.2441064,VALID,0.7063740000000001,VALID,,,Critical,CRITICAL_ALARM: Sensor data missing or invalid
2026-03-01 18:00:00+00:00,2.27029944,VALID,0.707898,VALID,,,Critical,CRITICAL_ALARM: Sensor data missing or invalid
2026-03-01 19:00:00+00:00,2.2441064,VALID,0.7063740000000001,VALID,,,Critical,CRITICAL_ALARM: Sensor data missing or invalid
2026-03-01 20:00:00+00:00,2.1931361600000003,VALID,0.703326,VALID,,,Critical,CRITICAL_ALARM: Sensor data missing or invalid
2026-03-01 21:00:00+00:00,2.14216592,VALID,0.700278,VALID,,,Critical,CRITICAL_ALARM: Sensor data missing or invalid
2026-03-01 22:00:00+00:00,2.1039382399999997,VALID,0.6979920000000001,VALID,,,Critical,CRITICAL_ALARM: Sensor data missing or invalid
2026-03-01 23:00:00+00:00,2.06783432,VALID,0.695706,VALID,,,Critical,CRITICAL_ALARM: Sensor data missing or invalid
2026-03-02 00:00:00+00:00,2.05579968,VALID,0.694944,VALID,,,Critical,CRITICAL_ALARM: Sensor data missing or invalid
2026-03-02 01:00:00+00:00,1.9835918400000003,VALID,0.690372,VALID,,,Critical,CRITICAL_ALARM: Sensor data missing or invalid
2026-03-02 02:00:00+00:00,1.9835918400000003,VALID,0.690372,VALID,,,Critical,CRITICAL_ALARM: Sensor data missing or invalid
2026-03-02 03:00:00+00:00,1.94607208,VALID,0.688086,VALID,,,Critical,CRITICAL_ALARM: Sensor data missing or invalid
2026-03-02 04:00:00+00:00,1.94607208,VALID,0.688086,VALID,,,Critical,CRITICAL_ALARM: Sensor data missing or invalid
2026-03-02 05:00:00+00:00,1.9191711200000001,VALID,0.6865620000000001,VALID,,,Critical,CRITICAL_ALARM: Sensor data missing or invalid
2026-03-02 06:00:00+00:00,1.9043048,VALID,0.6858000000000001,VALID,,,Critical,CRITICAL_ALARM: Sensor data missing or invalid
2026-03-02 07:00:00+00:00,1.88873056,VALID,0.685038,VALID,,,Critical,CRITICAL_ALARM: Sensor data missing or invalid
2026-03-02 08:00:00+00:00,1.87457216,VALID,0.6842760000000001,VALID,,,Critical,CRITICAL_ALARM: Sensor data missing or invalid
2026-03-02 09:00:00+00:00,1.84625536,VALID,0.6827520000000001,VALID,,,Critical,CRITICAL_ALARM: Sensor data missing or invalid
2026-03-02 10:00:00+00:00,1.8320969599999999,VALID,0.6819900000000001,VALID,,,Critical,CRITICAL_ALARM: Sensor data missing or invalid
2026-03-02 11:00:00+00:00,1.8016564000000002,VALID,0.680466,VALID,,,Critical,CRITICAL_ALARM: Sensor data missing or invalid
2026-03-02 12:00:00+00:00,1.7733396000000001,VALID,0.678942,VALID,,,Critical,CRITICAL_ALARM: Sensor data missing or invalid
2026-03-02 13:00:00+00:00,1.74643864,VALID,0.6774180000000001,VALID,,,Critical,CRITICAL_ALARM: Sensor data missing or invalid
2026-03-02 14:00:00+00:00,1.80094848,VALID,0.680466,VALID,,,Critical,CRITICAL_ALARM: Sensor data missing or invalid
2026-03-02 15:00:00+00:00,1.78679008,VALID,0.679704,VALID,,,Critical,CRITICAL_ALARM: Sensor data missing or invalid
2026-03-02 16:00:00+00:00,1.7733396000000001,VALID,0.678942,VALID,,,Critical,CRITICAL_ALARM: Sensor data missing or invalid
2026-03-02 17:00:00+00:00,1.74643864,VALID,0.6774180000000001,VALID,,,Critical,CRITICAL_ALARM: Sensor data missing or invalid
2026-03-02 18:00:00+00:00,1.75988912,VALID,0.67818,VALID,,,Critical,CRITICAL_ALARM: Sensor data missing or invalid
2026-03-02 19:00:00+00:00,1.77263168,VALID,0.678942,VALID,,,Critical,CRITICAL_ALARM: Sensor data missing or invalid
2026-03-02 20:00:00+00:00,1.7443148800000001,VALID,0.6774180000000001,VALID,,,Critical,CRITICAL_ALARM: Sensor data missing or invalid
2026-03-02 21:00:00+00:00,1.73015648,VALID,0.6766560000000001,VALID,,,Critical,CRITICAL_ALARM: Sensor data missing or invalid
2026-03-02 22:00:00+00:00,1.67706248,VALID,0.673608,VALID,,,Critical,CRITICAL_ALARM: Sensor data missing or invalid
2026-03-02 23:00:00+00:00,1.66431992,VALID,0.672846,VALID,,,Critical,CRITICAL_ALARM: Sensor data missing or invalid
2026-03-03 00:00:00+00:00,1.62538432,VALID,0.67056,VALID,,,Critical,CRITICAL_ALARM: Sensor data missing or invalid
2026-03-03 01:00:00+00:00,1.61264176,VALID,0.669798,VALID,,,Critical,CRITICAL_ALARM: Sensor data missing or invalid
2026-03-03 02:00:00+00:00,1.58715664,VALID,0.668274,VALID,,,Critical,CRITICAL_ALARM: Sensor data missing or invalid
2026-03-03 03:00:00+00:00,1.57370616,VALID,0.667512,VALID,,,Critical,CRITICAL_ALARM: Sensor data missing or invalid
2026-03-03 04:00:00+00:00,1.55954776,VALID,0.66675,VALID,,,Critical,CRITICAL_ALARM: Sensor data missing or invalid
2026-03-03 05:00:00+00:00,1.55954776,VALID,0.66675,VALID,,,Critical,CRITICAL_ALARM: Sensor data missing or invalid
2026-03-03 06:00:00+00:00,1.5354784799999999,VALID,0.6652260000000001,VALID,,,Critical,CRITICAL_ALARM: Sensor data missing or invalid
2026-03-03 07:00:00+00:00,1.5354784799999999,VALID,0.6652260000000001,VALID,,,Critical,CRITICAL_ALARM: Sensor data missing or invalid
2026-03-03 08:00:00+00:00,1.5234438399999999,VALID,0.664464,VALID,,,Critical,CRITICAL_ALARM: Sensor data missing or invalid
2026-03-03 09:00:00+00:00,1.5354784799999999,VALID,0.6652260000000001,VALID,,,Critical,CRITICAL_ALARM: Sensor data missing or invalid
2026-03-03 10:00:00+00:00,1.5234438399999999,VALID,0.664464,VALID,,,Critical,CRITICAL_ALARM: Sensor data missing or invalid
2026-03-03 11:00:00+00:00,1.5234438399999999,VALID,0.664464,VALID,,,Critical,CRITICAL_ALARM: Sensor data missing or invalid
2026-03-03 12:00:00+00:00,1.5114092,VALID,0.663702,VALID,,,Critical,CRITICAL_ALARM: Sensor data missing or invalid
2026-03-03 13:00:00+00:00,1.5354784799999999,VALID,0.6652260000000001,VALID,,,Critical,CRITICAL_ALARM: Sensor data missing or invalid
2026-03-03 14:00:00+00:00,1.53335472,VALID,0.6652260000000001,VALID,,,Critical,CRITICAL_ALARM: Sensor data missing or invalid
2026-03-03 15:00:00+00:00,1.55883984,VALID,0.66675,VALID,,,Critical,CRITICAL_ALARM: Sensor data missing or invalid
2026-03-03 16:00:00+00:00,1.53335472,VALID,0.6652260000000001,VALID,,,Critical,CRITICAL_ALARM: Sensor data missing or invalid
2026-03-03 17:00:00+00:00,1.52061216,VALID,0.664464,VALID,,,Critical,CRITICAL_ALARM: Sensor data missing or invalid
2026-03-03 18:00:00+00:00,1.45052808,VALID,0.659892,VALID,,,Critical,CRITICAL_ALARM: Sensor data missing or invalid
2026-03-03 19:00:00+00:00,1.43849344,VALID,0.65913,VALID,,,Critical,CRITICAL_ALARM: Sensor data missing or invalid
2026-03-03 20:00:00+00:00,1.44982016,VALID,0.659892,VALID,,,Critical,CRITICAL_ALARM: Sensor data missing or invalid
2026-03-03 21:00:00+00:00,1.49654288,VALID,0.6629400000000001,VALID,,,Critical,CRITICAL_ALARM: Sensor data missing or invalid
2026-03-03 22:00:00+00:00,1.52061216,VALID,0.664464,VALID,,,Critical,CRITICAL_ALARM: Sensor data missing or invalid
2026-03-03 23:00:00+00:00,1.53335472,VALID,0.6652260000000001,VALID,,,Critical,CRITICAL_ALARM: Sensor data missing or invalid
2026-03-04 00:00:00+00:00,1.5326468,VALID,0.6652260000000001,VALID,,,Critical,CRITICAL_ALARM: Sensor data missing or invalid
2026-03-04 01:00:00+00:00,1.5326468,VALID,0.6652260000000001,VALID,,,Critical,CRITICAL_ALARM: Sensor data missing or invalid
2026-03-04 02:00:00+00:00,1.54468144,VALID,0.665988,VALID,,,Critical,CRITICAL_ALARM: Sensor data missing or invalid
2026-03-04 03:00:00+00:00,1.54468144,VALID,0.665988,VALID,,,Critical,CRITICAL_ALARM: Sensor data missing or invalid
2026-03-04 04:00:00+00:00,1.54468144,VALID,0.665988,VALID,,,Critical,CRITICAL_ALARM: Sensor data missing or invalid
2026-03-04 05:00:00+00:00,1.52061216,VALID,0.664464,VALID,,,Critical,CRITICAL_ALARM: Sensor data missing or invalid
2026-03-04 06:00:00+00:00,1.49654288,VALID,0.6629400000000001,VALID,,,Critical,CRITICAL_ALARM: Sensor data missing or invalid
2026-03-04 07:00:00+00:00,1.49654288,VALID,0.6629400000000001,VALID,,,Critical,CRITICAL_ALARM: Sensor data missing or invalid
2026-03-04 08:00:00+00:00,1.4724736,VALID,0.661416,VALID,,,Critical,CRITICAL_ALARM: Sensor data missing or invalid
2026-03-04 09:00:00+00:00,1.48450824,VALID,0.662178,VALID,,,Critical,CRITICAL_ALARM: Sensor data missing or invalid
2026-03-04 10:00:00+00:00,1.4597310399999999,VALID,0.6606540000000001,VALID,,,Critical,CRITICAL_ALARM: Sensor data missing or invalid
2026-03-04 11:00:00+00:00,1.4583152,VALID,0.6606540000000001,VALID,,,Critical,CRITICAL_ALARM: Sensor data missing or invalid
2026-03-04 12:00:00+00:00,1.4583152,VALID,0.6606540000000001,VALID,,,Critical,CRITICAL_ALARM: Sensor data missing or invalid
2026-03-04 13:00:00+00:00,1.4243350399999999,VALID,0.6583680000000001,VALID,,,Critical,CRITICAL_ALARM: Sensor data missing or invalid
2026-03-04 14:00:00+00:00,1.4243350399999999,VALID,0.6583680000000001,VALID,,,Critical,CRITICAL_ALARM: Sensor data missing or invalid
2026-03-04 15:00:00+00:00,1.4130083199999999,VALID,0.657606,VALID,,,Critical,CRITICAL_ALARM: Sensor data missing or invalid
2026-03-04 16:00:00+00:00,1.43566176,VALID,0.65913,VALID,,,Critical,CRITICAL_ALARM: Sensor data missing or invalid
2026-03-04 17:00:00+00:00,1.4130083199999999,VALID,0.657606,VALID,,,Critical,CRITICAL_ALARM: Sensor data missing or invalid
2026-03-04 18:00:00+00:00,1.4243350399999999,VALID,0.6583680000000001,VALID,,,Critical,CRITICAL_ALARM: Sensor data missing or invalid
2026-03-04 19:00:00+00:00,1.3662855999999999,VALID,0.654558,VALID,,,Critical,CRITICAL_ALARM: Sensor data missing or invalid
2026-03-04 20:00:00+00:00,1.37619648,VALID,0.65532,VALID,,,Critical,CRITICAL_ALARM: Sensor data missing or invalid
2026-03-04 21:00:00+00:00,1.3549588799999999,VALID,0.653796,VALID,,,Critical,CRITICAL_ALARM: Sensor data missing or invalid
2026-03-04 22:00:00+00:00,1.4016816,VALID,0.6568440000000001,VALID,,,Critical,CRITICAL_ALARM: Sensor data missing or invalid
2026-03-04 23:00:00+00:00,1.38893904,VALID,0.656082,VALID,,,Critical,CRITICAL_ALARM: Sensor data missing or invalid
2026-03-05 00:00:00+00:00,1.32239456,VALID,0.65151,VALID,,,Critical,CRITICAL_ALARM: Sensor data missing or invalid
2026-03-05 01:00:00+00:00,1.31106784,VALID,0.6507480000000001,VALID,,,Critical,CRITICAL_ALARM: Sensor data missing or invalid
2026-03-05 02:00:00+00:00,1.29974112,VALID,0.6499860000000001,VALID,,,Critical,CRITICAL_ALARM: Sensor data missing or invalid
2026-03-05 03:00:00+00:00,1.2884144,VALID,0.649224,VALID,,,Critical,CRITICAL_ALARM: Sensor data missing or invalid
2026-03-05 04:00:00+00:00,1.2990332,VALID,0.6499860000000001,VALID,,,Critical,CRITICAL_ALARM: Sensor data missing or invalid
2026-03-05 05:00:00+00:00,1.2990332,VALID,0.6499860000000001,VALID,,,Critical,CRITICAL_ALARM: Sensor data missing or invalid
2026-03-05 06:00:00+00:00,1.2884144,VALID,0.649224,VALID,,,Critical,CRITICAL_ALARM: Sensor data missing or invalid
2026-03-05 07:00:00+00:00,1.2884144,VALID,0.649224,VALID,,,Critical,CRITICAL_ALARM: Sensor data missing or invalid
2026-03-05 08:00:00+00:00,1.2884144,VALID,0.649224,VALID,,,Critical,CRITICAL_ALARM: Sensor data missing or invalid
2026-03-05 09:00:00+00:00,1.2884144,VALID,0.649224,VALID,,,Critical,CRITICAL_ALARM: Sensor data missing or invalid
2026-03-05 10:00:00+00:00,1.2884144,VALID,0.649224,VALID,,,Critical,CRITICAL_ALARM: Sensor data missing or invalid
2026-03-05 11:00:00+00:00,1.2884144,VALID,0.649224,VALID,,,Critical,CRITICAL_ALARM: Sensor data missing or invalid
2026-03-05 12:00:00+00:00,1.2884144,VALID,0.649224,VALID,,,Critical,CRITICAL_ALARM: Sensor data missing or invalid
2026-03-05 13:00:00+00:00,1.2884144,VALID,0.649224,VALID,,,Critical,CRITICAL_ALARM: Sensor data missing or invalid
2026-03-05 14:00:00+00:00,1.256558,VALID,0.646938,VALID,,,Critical,CRITICAL_ALARM: Sensor data missing or invalid
2026-03-05 15:00:00+00:00,1.2777956,VALID,0.6484620000000001,VALID,,,Critical,CRITICAL_ALARM: Sensor data missing or invalid
2026-03-05 16:00:00+00:00,1.2777956,VALID,0.6484620000000001,VALID,,,Critical,CRITICAL_ALARM: Sensor data missing or invalid
2026-03-05 17:00:00+00:00,1.256558,VALID,0.646938,VALID,,,Critical,CRITICAL_ALARM: Sensor data missing or invalid
2026-03-05 18:00:00+00:00,1.256558,VALID,0.646938,VALID,,,Critical,CRITICAL_ALARM: Sensor data missing or invalid
2026-03-05 19:00:00+00:00,1.2671768,VALID,0.6477,VALID,,,Critical,CRITICAL_ALARM: Sensor data missing or invalid
2026-03-05 20:00:00+00:00,1.256558,VALID,0.646938,VALID,,,Critical,CRITICAL_ALARM: Sensor data missing or invalid
2026-03-05 21:00:00+00:00,1.2671768,VALID,0.6477,VALID,,,Critical,CRITICAL_ALARM: Sensor data missing or invalid
2026-03-05 22:00:00+00:00,1.2777956000000001,VALID,0.6484620000000001,VALID,,,Critical,CRITICAL_ALARM: Sensor data missing or invalid
2026-03-05 23:00:00+00:00,1.2671768,VALID,0.6477,VALID,,,Critical,CRITICAL_ALARM: Sensor data missing or invalid
2026-03-06 00:00:00+00:00,1.2140828000000001,VALID,0.6438900000000001,VALID,,,Critical,CRITICAL_ALARM: Sensor data missing or invalid
2026-03-06 01:00:00+00:00,1.2247016,VALID,0.644652,VALID,,,Critical,CRITICAL_ALARM: Sensor data missing or invalid
2026-03-06 02:00:00+00:00,1.2140828000000001,VALID,0.6438900000000001,VALID,,,Critical,CRITICAL_ALARM: Sensor data missing or invalid
2026-03-06 03:00:00+00:00,1.2247016,VALID,0.644652,VALID,,,Critical,CRITICAL_ALARM: Sensor data missing or invalid
2026-03-06 04:00:00+00:00,1.203464,VALID,0.643128,VALID,,,Critical,CRITICAL_ALARM: Sensor data missing or invalid
2026-03-06 05:00:00+00:00,1.2247016,VALID,0.644652,VALID,,,Critical,CRITICAL_ALARM: Sensor data missing or invalid
2026-03-06 06:00:00+00:00,1.21337488,VALID,0.6438900000000001,VALID,,,Critical,CRITICAL_ALARM: Sensor data missing or invalid
2026-03-06 07:00:00+00:00,1.203464,VALID,0.643128,VALID,,,Critical,CRITICAL_ALARM: Sensor data missing or invalid
2026-03-06 08:00:00+00:00,1.203464,VALID,0.643128,VALID,,,Critical,CRITICAL_ALARM: Sensor data missing or invalid
2026-03-06 09:00:00+00:00,1.203464,VALID,0.643128,VALID,,,Critical,CRITICAL_ALARM: Sensor data missing or invalid
2026-03-06 10:00:00+00:00,1.21337488,VALID,0.6438900000000001,VALID,,,Critical,CRITICAL_ALARM: Sensor data missing or invalid
2026-03-06 11:00:00+00:00,1.203464,VALID,0.643128,VALID,,,Critical,CRITICAL_ALARM: Sensor data missing or invalid
2026-03-06 12:00:00+00:00,1.203464,VALID,0.643128,VALID,,,Critical,CRITICAL_ALARM: Sensor data missing or invalid
2026-03-06 13:00:00+00:00,1.203464,VALID,0.643128,VALID,,,Critical,CRITICAL_ALARM: Sensor data missing or invalid
2026-03-06 14:00:00+00:00,1.203464,VALID,0.643128,VALID,,,Critical,CRITICAL_ALARM: Sensor data missing or invalid
2026-03-06 15:00:00+00:00,1.19355312,VALID,0.642366,VALID,,,Critical,CRITICAL_ALARM: Sensor data missing or invalid
2026-03-06 16:00:00+00:00,1.1836422400000002,VALID,0.6416040000000001,VALID,,,Critical,CRITICAL_ALARM: Sensor data missing or invalid
2026-03-06 17:00:00+00:00,1.203464,VALID,0.643128,VALID,,,Critical,CRITICAL_ALARM: Sensor data missing or invalid
2026-03-06 18:00:00+00:00,1.203464,VALID,0.643128,VALID,,,Critical,CRITICAL_ALARM: Sensor data missing or invalid
2026-03-06 19:00:00+00:00,1.21337488,VALID,0.6438900000000001,VALID,,,Critical,CRITICAL_ALARM: Sensor data missing or invalid
2026-03-06 20:00:00+00:00,1.203464,VALID,0.643128,VALID,,,Critical,CRITICAL_ALARM: Sensor data missing or invalid
2026-03-06 21:00:00+00:00,1.1902494933333332,VALID,0.6421120000000001,VALID,,,Critical,CRITICAL_ALARM: Sensor data missing or invalid
2026-03-06 22:00:00+00:00,1.21125112,VALID,0.6438900000000001,VALID,,,Critical,CRITICAL_ALARM: Sensor data missing or invalid
2026-03-06 23:00:00+00:00,1.20063232,VALID,0.643128,VALID,,,Critical,CRITICAL_ALARM: Sensor data missing or invalid
2026-03-07 00:00:00+00:00,1.20063232,VALID,0.643128,VALID,,,Critical,CRITICAL_ALARM: Sensor data missing or invalid
2026-03-07 01:00:00+00:00,1.2105432,VALID,0.6438900000000001,VALID,,,Critical,CRITICAL_ALARM: Sensor data missing or invalid
2026-03-07 02:00:00+00:00,1.20063232,VALID,0.643128,VALID,,,Critical,CRITICAL_ALARM: Sensor data missing or invalid
2026-03-07 03:00:00+00:00,1.20063232,VALID,0.643128,VALID,,,Critical,CRITICAL_ALARM: Sensor data missing or invalid
2026-03-07 04:00:00+00:00,1.2091273599999999,VALID,0.6438900000000001,VALID,,,Critical,CRITICAL_ALARM: Sensor data missing or invalid
2026-03-07 05:00:00+00:00,1.1978006399999999,VALID,0.643128,VALID,,,Critical,CRITICAL_ALARM: Sensor data missing or invalid
2026-03-07 06:00:00+00:00,1.1978006399999999,VALID,0.643128,VALID,,,Critical,CRITICAL_ALARM: Sensor data missing or invalid
2026-03-07 07:00:00+00:00,1.20771152,VALID,0.6438900000000001,VALID,,,Critical,CRITICAL_ALARM: Sensor data missing or invalid
2026-03-07 08:00:00+00:00,1.1978006399999999,VALID,0.643128,VALID,,,Critical,CRITICAL_ALARM: Sensor data missing or invalid
2026-03-07 09:00:00+00:00,1.1978006399999999,VALID,0.643128,VALID,,,Critical,CRITICAL_ALARM: Sensor data missing or invalid
2026-03-07 10:00:00+00:00,1.1978006399999999,VALID,0.643128,VALID,,,Critical,CRITICAL_ALARM: Sensor data missing or invalid
2026-03-07 11:00:00+00:00,1.1978006399999999,VALID,0.643128,VALID,,,Critical,CRITICAL_ALARM: Sensor data missing or invalid
2026-03-07 12:00:00+00:00,1.19496896,VALID,0.643128,VALID,,,Critical,CRITICAL_ALARM: Sensor data missing or invalid
2026-03-07 13:00:00+00:00,1.19496896,VALID,0.643128,VALID,,,Critical,CRITICAL_ALARM: Sensor data missing or invalid
2026-03-07 14:00:00+00:00,1.20487984,VALID,0.6438900000000001,VALID,,,Critical,CRITICAL_ALARM: Sensor data missing or invalid
2026-03-07 15:00:00+00:00,1.19496896,VALID,0.643128,VALID,,,Critical,CRITICAL_ALARM: Sensor data missing or invalid
2026-03-07 16:00:00+00:00,1.19496896,VALID,0.643128,VALID,,,Critical,CRITICAL_ALARM: Sensor data missing or invalid
2026-03-07 17:00:00+00:00,1.18505808,VALID,0.642366,VALID,,,Critical,CRITICAL_ALARM: Sensor data missing or invalid
2026-03-07 18:00:00+00:00,1.18505808,VALID,0.642366,VALID,,,Critical,CRITICAL_ALARM: Sensor data missing or invalid
2026-03-07 19:00:00+00:00,1.1737313600000001,VALID,0.6416040000000001,VALID,,,Critical,CRITICAL_ALARM: Sensor data missing or invalid
2026-03-07 20:00:00+00:00,1.18293432,VALID,0.642366,VALID,,,Critical,CRITICAL_ALARM: Sensor data missing or invalid
2026-03-07 21:00:00+00:00,1.1432908,VALID,0.639318,VALID,,,Critical,CRITICAL_ALARM: Sensor data missing or invalid
2026-03-07 22:00:00+00:00,1.1822264,VALID,0.642366,VALID,,,Critical,CRITICAL_ALARM: Sensor data missing or invalid
2026-03-07 23:00:00+00:00,1.16240464,VALID,0.6408420000000001,VALID,,,Critical,CRITICAL_ALARM: Sensor data missing or invalid
2026-03-08 00:00:00+00:00,1.16240464,VALID,0.6408420000000001,VALID,,,Critical,CRITICAL_ALARM: Sensor data missing or invalid
2026-03-08 01:00:00+00:00,1.1822264,VALID,0.642366,VALID,,,Critical,CRITICAL_ALARM: Sensor data missing or invalid
2026-03-08 02:00:00+00:00,1.1723155200000002,VALID,0.6416040000000001,VALID,,,Critical,CRITICAL_ALARM: Sensor data missing or invalid
2026-03-08 03:00:00+00:00,1.1616967200000001,VALID,0.6408420000000001,VALID,,,Critical,CRITICAL_ALARM: Sensor data missing or invalid
2026-03-08 04:00:00+00:00,1.17939472,VALID,0.642366,VALID,,,Critical,CRITICAL_ALARM: Sensor data missing or invalid
2026-03-08 05:00:00+00:00,1.17939472,VALID,0.642366,VALID,,,Critical,CRITICAL_ALARM: Sensor data missing or invalid
2026-03-08 06:00:00+00:00,1.1893056,VALID,0.643128,VALID,,,Critical,CRITICAL_ALARM: Sensor data missing or invalid
2026-03-08 07:00:00+00:00,1.17939472,VALID,0.642366,VALID,,,Critical,CRITICAL_ALARM: Sensor data missing or invalid
2026-03-08 08:00:00+00:00,1.17939472,VALID,0.642366,VALID,,,Critical,CRITICAL_ALARM: Sensor data missing or invalid
2026-03-08 09:00:00+00:00,1.17939472,VALID,0.642366,VALID,,,Critical,CRITICAL_ALARM: Sensor data missing or invalid
2026-03-08 10:00:00+00:00,1.1680679999999999,VALID,0.6416040000000001,VALID,,,Critical,CRITICAL_ALARM: Sensor data missing or invalid
2026-03-08 11:00:00+00:00,1.16736008,VALID,0.6416040000000001,VALID,,,Critical,CRITICAL_ALARM: Sensor data missing or invalid
2026-03-08 12:00:00+00:00,1.16665216,VALID,0.6416040000000001,VALID,,,Critical,CRITICAL_ALARM: Sensor data missing or invalid
2026-03-08 13:00:00+00:00,1.1567412799999999,VALID,0.6408420000000001,VALID,,,Critical,CRITICAL_ALARM: Sensor data missing or invalid
2026-03-08 14:00:00+00:00,1.17656304,VALID,0.642366,VALID,,,Critical,CRITICAL_ALARM: Sensor data missing or invalid
2026-03-08 15:00:00+00:00,1.1567412799999999,VALID,0.6408420000000001,VALID,,,Critical,CRITICAL_ALARM: Sensor data missing or invalid
2026-03-08 16:00:00+00:00,1.17656304,VALID,0.642366,VALID,,,Critical,CRITICAL_ALARM: Sensor data missing or invalid
2026-03-08 17:00:00+00:00,1.17443928,VALID,0.642366,VALID,,,Critical,CRITICAL_ALARM: Sensor data missing or invalid
2026-03-08 18:00:00+00:00,1.1751472,VALID,0.6423660000000001,VALID,,,Critical,CRITICAL_ALARM: Sensor data missing or invalid
2026-03-08 19:00:00+00:00,1.1454145599999999,VALID,0.6400800000000001,VALID,,,Critical,CRITICAL_ALARM: Sensor data missing or invalid
2026-03-08 20:00:00+00:00,1.16382048,VALID,0.6416040000000001,VALID,,,Critical,CRITICAL_ALARM: Sensor data missing or invalid
2026-03-08 21:00:00+00:00,1.13550368,VALID,0.639318,VALID,,,Critical,CRITICAL_ALARM: Sensor data missing or invalid
2026-03-08 22:00:00+00:00,1.17373136,VALID,0.642366,VALID,,,Critical,CRITICAL_ALARM: Sensor data missing or invalid
2026-03-08 23:00:00+00:00,1.16382048,VALID,0.6416040000000001,VALID,,,Critical,CRITICAL_ALARM: Sensor data missing or invalid
2026-03-09 00:00:00+00:00,1.14399872,VALID,0.6400800000000001,VALID,,,Critical,CRITICAL_ALARM: Sensor data missing or invalid
2026-03-09 01:00:00+00:00,1.14399872,VALID,0.6400800000000001,VALID,,,Critical,CRITICAL_ALARM: Sensor data missing or invalid
2026-03-09 02:00:00+00:00,1.1340878399999998,VALID,0.639318,VALID,,,Critical,CRITICAL_ALARM: Sensor data missing or invalid
2026-03-09 03:00:00+00:00,1.1411670399999998,VALID,0.6400800000000001,VALID,,,Critical,CRITICAL_ALARM: Sensor data missing or invalid
2026-03-09 04:00:00+00:00,1.1411670399999998,VALID,0.6400800000000001,VALID,,,Critical,CRITICAL_ALARM: Sensor data missing or invalid
2026-03-09 05:00:00+00:00,1.1510779199999999,VALID,0.6408420000000001,VALID,,,Critical,CRITICAL_ALARM: Sensor data missing or invalid
2026-03-09 06:00:00+00:00,1.1411670399999998,VALID,0.6400800000000001,VALID,,,Critical,CRITICAL_ALARM: Sensor data missing or invalid
2026-03-09 07:00:00+00:00,1.1411670399999998,VALID,0.6400800000000001,VALID,,,Critical,CRITICAL_ALARM: Sensor data missing or invalid
2026-03-09 08:00:00+00:00,1.15037,VALID,0.6408420000000001,VALID,,,Critical,CRITICAL_ALARM: Sensor data missing or invalid
2026-03-09 09:00:00+00:00,1.15037,VALID,0.6408420000000001,VALID,,,Critical,CRITICAL_ALARM: Sensor data missing or invalid
2026-03-09 10:00:00+00:00,1.1404591199999998,VALID,0.6400800000000001,VALID,,,Critical,CRITICAL_ALARM: Sensor data missing or invalid
2026-03-09 11:00:00+00:00,1.15815712,VALID,0.6416040000000001,VALID,,,Critical,CRITICAL_ALARM: Sensor data missing or invalid
2026-03-09 12:00:00+00:00,1.15815712,VALID,0.6416040000000001,VALID,,,Critical,CRITICAL_ALARM: Sensor data missing or invalid
2026-03-09 13:00:00+00:00,1.1680679999999999,VALID,0.642366,VALID,,,Critical,CRITICAL_ALARM: Sensor data missing or invalid
2026-03-09 14:00:00+00:00,1.15815712,VALID,0.6416040000000001,VALID,,,Critical,CRITICAL_ALARM: Sensor data missing or invalid
2026-03-09 15:00:00+00:00,1.1383353600000001,VALID,0.6400800000000001,VALID,,,Critical,CRITICAL_ALARM: Sensor data missing or invalid
2026-03-09 16:00:00+00:00,1.1475383200000002,VALID,0.6408420000000001,VALID,,,Critical,CRITICAL_ALARM: Sensor data missing or invalid
2026-03-09 17:00:00+00:00,1.1383353600000001,VALID,0.6400800000000001,VALID,,,Critical,CRITICAL_ALARM: Sensor data missing or invalid
2026-03-09 18:00:00+00:00,1.15532544,VALID,0.6416040000000001,VALID,,,Critical,CRITICAL_ALARM: Sensor data missing or invalid
2026-03-09 19:00:00+00:00,1.13550368,VALID,0.6400800000000001,VALID,,,Critical,CRITICAL_ALARM: Sensor data missing or invalid
2026-03-09 20:00:00+00:00,1.13550368,VALID,0.6400800000000001,VALID,,,Critical,CRITICAL_ALARM: Sensor data missing or invalid
2026-03-09 21:00:00+00:00,1.14541456,VALID,0.6408420000000001,VALID,,,Critical,CRITICAL_ALARM: Sensor data missing or invalid
2026-03-09 22:00:00+00:00,1.13550368,VALID,0.6400800000000001,VALID,,,Critical,CRITICAL_ALARM: Sensor data missing or invalid
2026-03-09 23:00:00+00:00,1.13550368,VALID,0.6400800000000001,VALID,,,Critical,CRITICAL_ALARM: Sensor data missing or invalid
2026-03-10 00:00:00+00:00,1.11568192,VALID,0.6385560000000001,VALID,,,Critical,CRITICAL_ALARM: Sensor data missing or invalid
2026-03-10 01:00:00+00:00,1.10577104,VALID,0.6377940000000001,VALID,,,Critical,CRITICAL_ALARM: Sensor data missing or invalid
2026-03-10 02:00:00+00:00,1.10506312,VALID,0.6377940000000001,VALID,,,Critical,CRITICAL_ALARM: Sensor data missing or invalid
2026-03-10 03:00:00+00:00,1.1234690399999998,VALID,0.639318,VALID,,,Critical,CRITICAL_ALARM: Sensor data missing or invalid
2026-03-10 04:00:00+00:00,1.11426608,VALID,0.6385560000000001,VALID,,,Critical,CRITICAL_ALARM: Sensor data missing or invalid
2026-03-10 05:00:00+00:00,1.132672,VALID,0.6400800000000001,VALID,,,Critical,CRITICAL_ALARM: Sensor data missing or invalid
2026-03-10 06:00:00+00:00,1.132672,VALID,0.6400800000000001,VALID,,,Critical,CRITICAL_ALARM: Sensor data missing or invalid
2026-03-10 07:00:00+00:00,1.1234690399999998,VALID,0.639318,VALID,,,Critical,CRITICAL_ALARM: Sensor data missing or invalid
2026-03-10 08:00:00+00:00,1.1227611199999998,VALID,0.639318,VALID,,,Critical,CRITICAL_ALARM: Sensor data missing or invalid
2026-03-10 09:00:00+00:00,1.11214232,VALID,0.6385560000000001,VALID,,,Critical,CRITICAL_ALARM: Sensor data missing or invalid
2026-03-10 10:00:00+00:00,1.1022314400000002,VALID,0.6377940000000001,VALID,,,Critical,CRITICAL_ALARM: Sensor data missing or invalid
2026-03-10 11:00:00+00:00,1.1114344,VALID,0.6385560000000001,VALID,,,Critical,CRITICAL_ALARM: Sensor data missing or invalid
2026-03-10 12:00:00+00:00,1.12063736,VALID,0.639318,VALID,,,Critical,CRITICAL_ALARM: Sensor data missing or invalid
2026-03-10 13:00:00+00:00,1.15886504,VALID,0.6423660000000001,VALID,,,Critical,CRITICAL_ALARM: Sensor data missing or invalid
2026-03-10 14:00:00+00:00,1.13904328,VALID,0.6408420000000001,VALID,,,Critical,CRITICAL_ALARM: Sensor data missing or invalid
2026-03-10 15:00:00+00:00,1.1482462400000002,VALID,0.6416040000000001,VALID,,,Critical,CRITICAL_ALARM: Sensor data missing or invalid
2026-03-10 16:00:00+00:00,1.1574492,VALID,0.642366,VALID,,,Critical,CRITICAL_ALARM: Sensor data missing or invalid
2026-03-10 17:00:00+00:00,1.13762744,VALID,0.6408420000000001,VALID,,,Critical,CRITICAL_ALARM: Sensor data missing or invalid
2026-03-10 18:00:00+00:00,1.0993997599999998,VALID,0.6377940000000001,VALID,,,Critical,CRITICAL_ALARM: Sensor data missing or invalid
2026-03-10 19:00:00+00:00,1.0993997599999998,VALID,0.6377940000000001,VALID,,,Critical,CRITICAL_ALARM: Sensor data missing or invalid
2026-03-10 20:00:00+00:00,1.10860272,VALID,0.6385560000000001,VALID,,,Critical,CRITICAL_ALARM: Sensor data missing or invalid
2026-03-10 21:00:00+00:00,1.11780568,VALID,0.639318,VALID,,,Critical,CRITICAL_ALARM: Sensor data missing or invalid
2026-03-10 22:00:00+00:00,1.13691952,VALID,0.6408420000000001,VALID,,,Critical,CRITICAL_ALARM: Sensor data missing or invalid
2026-03-10 23:00:00+00:00,1.10860272,VALID,0.6385560000000001,VALID,,,Critical,CRITICAL_ALARM: Sensor data missing or invalid
2026-03-11 00:00:00+00:00,1.12700864,VALID,0.6400800000000001,VALID,,,Critical,CRITICAL_ALARM: Sensor data missing or invalid
2026-03-11 01:00:00+00:00,1.114974,VALID,0.639318,VALID,,,Critical,CRITICAL_ALARM: Sensor data missing or invalid
2026-03-11 02:00:00+00:00,1.114974,VALID,0.639318,VALID,,,Critical,CRITICAL_ALARM: Sensor data missing or invalid
2026-03-11 03:00:00+00:00,1.13408784,VALID,0.6408420000000001,VALID,,,Critical,CRITICAL_ALARM: Sensor data missing or invalid
2026-03-11 04:00:00+00:00,1.12417696,VALID,0.6400800000000001,VALID,,,Critical,CRITICAL_ALARM: Sensor data missing or invalid
2026-03-11 05:00:00+00:00,1.12417696,VALID,0.6400800000000001,VALID,,,Critical,CRITICAL_ALARM: Sensor data missing or invalid
2026-03-11 06:00:00+00:00,1.12417696,VALID,0.6400800000000001,VALID,,,Critical,CRITICAL_ALARM: Sensor data missing or invalid
2026-03-11 07:00:00+00:00,1.12417696,VALID,0.6400800000000001,VALID,,,Critical,CRITICAL_ALARM: Sensor data missing or invalid
2026-03-11 08:00:00+00:00,1.12346904,VALID,0.6400800000000001,VALID,,,Critical,CRITICAL_ALARM: Sensor data missing or invalid
2026-03-11 09:00:00+00:00,1.12134528,VALID,0.6400800000000001,VALID,,,Critical,CRITICAL_ALARM: Sensor data missing or invalid
2026-03-11 10:00:00+00:00,1.12134528,VALID,0.6400800000000001,VALID,,,Critical,CRITICAL_ALARM: Sensor data missing or invalid
2026-03-11 11:00:00+00:00,1.12134528,VALID,0.6400800000000001,VALID,,,Critical,CRITICAL_ALARM: Sensor data missing or invalid
2026-03-11 12:00:00+00:00,1.13054824,VALID,0.6408420000000001,VALID,,,Critical,CRITICAL_ALARM: Sensor data missing or invalid
2026-03-11 13:00:00+00:00,1.13054824,VALID,0.6408420000000001,VALID,,,Critical,CRITICAL_ALARM: Sensor data missing or invalid
2026-03-11 14:00:00+00:00,1.12134528,VALID,0.6400800000000001,VALID,,,Critical,CRITICAL_ALARM: Sensor data missing or invalid
2026-03-11 15:00:00+00:00,1.11214232,VALID,0.639318,VALID,,,Critical,CRITICAL_ALARM: Sensor data missing or invalid
2026-03-11 16:00:00+00:00,1.11992944,VALID,0.6400800000000001,VALID,,,Critical,CRITICAL_ALARM: Sensor data missing or invalid
2026-03-11 17:00:00+00:00,1.0909047200000002,VALID,0.6377940000000001,VALID,,,Critical,CRITICAL_ALARM: Sensor data missing or invalid
2026-03-11 18:00:00+00:00,1.10010768,VALID,0.6385560000000001,VALID,,,Critical,CRITICAL_ALARM: Sensor data missing or invalid
2026-03-11 19:00:00+00:00,1.10931064,VALID,0.639318,VALID,,,Critical,CRITICAL_ALARM: Sensor data missing or invalid
2026-03-11 20:00:00+00:00,1.08170176,VALID,0.637032,VALID,,,Critical,CRITICAL_ALARM: Sensor data missing or invalid
2026-03-11 21:00:00+00:00,1.0909047200000002,VALID,0.6377940000000001,VALID,,,Critical,CRITICAL_ALARM: Sensor data missing or invalid
2026-03-11 22:00:00+00:00,1.0909047200000002,VALID,0.6377940000000001,VALID,,,Critical,CRITICAL_ALARM: Sensor data missing or invalid
2026-03-11 23:00:00+00:00,1.11780568,VALID,0.64008,VALID,,,Critical,CRITICAL_ALARM: Sensor data missing or invalid
2026-03-12 00:00:00+00:00,1.07887008,VALID,0.637032,VALID,,,Critical,CRITICAL_ALARM: Sensor data missing or invalid
2026-03-12 01:00:00+00:00,1.07037504,VALID,0.6362700000000001,VALID,,,Critical,CRITICAL_ALARM: Sensor data missing or invalid
2026-03-12 02:00:00+00:00,1.07887008,VALID,0.637032,VALID,,,Critical,CRITICAL_ALARM: Sensor data missing or invalid
2026-03-12 03:00:00+00:00,1.0696671199999999,VALID,0.6362700000000001,VALID,,,Critical,CRITICAL_ALARM: Sensor data missing or invalid
2026-03-12 04:00:00+00:00,1.07887008,VALID,0.637032,VALID,,,Critical,CRITICAL_ALARM: Sensor data missing or invalid
2026-03-12 05:00:00+00:00,1.0880730399999998,VALID,0.6377940000000001,VALID,,,Critical,CRITICAL_ALARM: Sensor data missing or invalid
2026-03-12 06:00:00+00:00,1.0880730399999998,VALID,0.6377940000000001,VALID,,,Critical,CRITICAL_ALARM: Sensor data missing or invalid
2026-03-12 07:00:00+00:00,1.07816216,VALID,0.637032,VALID,,,Critical,CRITICAL_ALARM: Sensor data missing or invalid
2026-03-12 08:00:00+00:00,1.0760384,VALID,0.637032,VALID,,,Critical,CRITICAL_ALARM: Sensor data missing or invalid
2026-03-12 09:00:00+00:00,1.0760384,VALID,0.637032,VALID,,,Critical,CRITICAL_ALARM: Sensor data missing or invalid
2026-03-12 10:00:00+00:00,1.08524136,VALID,0.6377940000000001,VALID,,,Critical,CRITICAL_ALARM: Sensor data missing or invalid
2026-03-12 11:00:00+00:00,1.0760384,VALID,0.637032,VALID,,,Critical,CRITICAL_ALARM: Sensor data missing or invalid
2026-03-12 12:00:00+00:00,1.0760384,VALID,0.637032,VALID,,,Critical,CRITICAL_ALARM: Sensor data missing or invalid
2026-03-12 13:00:00+00:00,1.0760384,VALID,0.637032,VALID,,,Critical,CRITICAL_ALARM: Sensor data missing or invalid
2026-03-12 14:00:00+00:00,1.05763248,VALID,0.6355080000000001,VALID,,,Critical,CRITICAL_ALARM: Sensor data missing or invalid
2026-03-12 15:00:00+00:00,1.05763248,VALID,0.6355080000000001,VALID,,,Critical,CRITICAL_ALARM: Sensor data missing or invalid
2026-03-12 16:00:00+00:00,1.08240968,VALID,0.6377940000000001,VALID,,,Critical,CRITICAL_ALARM: Sensor data missing or invalid
2026-03-12 17:00:00+00:00,1.08240968,VALID,0.6377940000000001,VALID,,,Critical,CRITICAL_ALARM: Sensor data missing or invalid
2026-03-12 18:00:00+00:00,1.0562166400000002,VALID,0.6355080000000001,VALID,,,Critical,CRITICAL_ALARM: Sensor data missing or invalid
2026-03-12 19:00:00+00:00,1.0455978400000001,VALID,0.634746,VALID,,,Critical,CRITICAL_ALARM: Sensor data missing or invalid
2026-03-12 20:00:00+00:00,1.03639488,VALID,0.6339840000000001,VALID,,,Critical,CRITICAL_ALARM: Sensor data missing or invalid
2026-03-12 21:00:00+00:00,1.0455978400000001,VALID,0.634746,VALID,,,Critical,CRITICAL_ALARM: Sensor data missing or invalid
2026-03-12 22:00:00+00:00,1.07320672,VALID,0.637032,VALID,,,Critical,CRITICAL_ALARM: Sensor data missing or invalid
2026-03-12 23:00:00+00:00,1.0640037599999999,VALID,0.6362700000000001,VALID,,,Critical,CRITICAL_ALARM: Sensor data missing or invalid
2026-03-13 00:00:00+00:00,1.06188,VALID,0.6362700000000001,VALID,,,Critical,CRITICAL_ALARM: Sensor data missing or invalid
2026-03-13 01:00:00+00:00,1.04488992,VALID,0.634746,VALID,,,Critical,CRITICAL_ALARM: Sensor data missing or invalid
2026-03-13 02:00:00+00:00,1.04488992,VALID,0.634746,VALID,,,Critical,CRITICAL_ALARM: Sensor data missing or invalid
2026-03-13 03:00:00+00:00,1.04347408,VALID,0.634746,VALID,,,Critical,CRITICAL_ALARM: Sensor data missing or invalid
2026-03-13 04:00:00+00:00,1.0427661599999998,VALID,0.634746,VALID,,,Critical,CRITICAL_ALARM: Sensor data missing or invalid
2026-03-13 05:00:00+00:00,1.0519691199999999,VALID,0.6355080000000001,VALID,,,Critical,CRITICAL_ALARM: Sensor data missing or invalid
2026-03-13 06:00:00+00:00,1.0519691199999999,VALID,0.6355080000000001,VALID,,,Critical,CRITICAL_ALARM: Sensor data missing or invalid
2026-03-13 07:00:00+00:00,1.0427661599999998,VALID,0.634746,VALID,,,Critical,CRITICAL_ALARM: Sensor data missing or invalid
2026-03-13 08:00:00+00:00,1.04205824,VALID,0.634746,VALID,,,Critical,CRITICAL_ALARM: Sensor data missing or invalid
2026-03-13 09:00:00+00:00,1.0335632,VALID,0.6339840000000001,VALID,,,Critical,CRITICAL_ALARM: Sensor data missing or invalid
2026-03-13 10:00:00+00:00,1.0335632,VALID,0.6339840000000001,VALID,,,Critical,CRITICAL_ALARM: Sensor data missing or invalid
2026-03-13 11:00:00+00:00,1.03285528,VALID,0.6339840000000001,VALID,,,Critical,CRITICAL_ALARM: Sensor data missing or invalid
2026-03-13 12:00:00+00:00,1.03993448,VALID,0.634746,VALID,,,Critical,CRITICAL_ALARM: Sensor data missing or invalid
2026-03-13 13:00:00+00:00,1.03073152,VALID,0.6339840000000001,VALID,,,Critical,CRITICAL_ALARM: Sensor data missing or invalid
2026-03-13 14:00:00+00:00,1.03073152,VALID,0.6339840000000001,VALID,,,Critical,CRITICAL_ALARM: Sensor data missing or invalid
2026-03-13 15:00:00+00:00,1.03073152,VALID,0.6339840000000001,VALID,,,Critical,CRITICAL_ALARM: Sensor data missing or invalid
2026-03-13 16:00:00+00:00,1.03922656,VALID,0.634746,VALID,,,Critical,CRITICAL_ALARM: Sensor data missing or invalid
2026-03-13 17:00:00+00:00,1.0165731199999999,VALID,0.63246,VALID,,,Critical,CRITICAL_ALARM: Sensor data missing or invalid
2026-03-13 18:00:00+00:00,1.02365232,VALID,0.6332220000000001,VALID,,,Critical,CRITICAL_ALARM: Sensor data missing or invalid
2026-03-13 19:00:00+00:00,1.03073152,VALID,0.6339840000000001,VALID,,,Critical,CRITICAL_ALARM: Sensor data missing or invalid
2026-03-13 20:00:00+00:00,1.02152856,VALID,0.6332220000000001,VALID,,,Critical,CRITICAL_ALARM: Sensor data missing or invalid
2026-03-13 21:00:00+00:00,1.02789984,VALID,0.6339840000000001,VALID,,,Critical,CRITICAL_ALARM: Sensor data missing or invalid
2026-03-13 22:00:00+00:00,1.03073152,VALID,0.6339840000000001,VALID,,,Critical,CRITICAL_ALARM: Sensor data missing or invalid
2026-03-13 23:00:00+00:00,1.02789984,VALID,0.6339840000000001,VALID,,,Critical,CRITICAL_ALARM: Sensor data missing or invalid
2026-03-14 00:00:00+00:00,1.02789984,VALID,0.6339840000000001,VALID,,,Critical,CRITICAL_ALARM: Sensor data missing or invalid
2026-03-14 01:00:00+00:00,1.02789984,VALID,0.6339840000000001,VALID,,,Critical,CRITICAL_ALARM: Sensor data missing or invalid
2026-03-14 02:00:00+00:00,1.02789984,VALID,0.6339840000000001,VALID,,,Critical,CRITICAL_ALARM: Sensor data missing or invalid
2026-03-14 03:00:00+00:00,1.02789984,VALID,0.6339840000000001,VALID,,,Critical,CRITICAL_ALARM: Sensor data missing or invalid
2026-03-14 04:00:00+00:00,1.02577608,VALID,0.6339840000000001,VALID,,,Critical,CRITICAL_ALARM: Sensor data missing or invalid
2026-03-14 05:00:00+00:00,1.02506816,VALID,0.6339840000000001,VALID,,,Critical,CRITICAL_ALARM: Sensor data missing or invalid
2026-03-14 06:00:00+00:00,1.02506816,VALID,0.6339840000000001,VALID,,,Critical,CRITICAL_ALARM: Sensor data missing or invalid
2026-03-14 07:00:00+00:00,1.02506816,VALID,0.6339840000000001,VALID,,,Critical,CRITICAL_ALARM: Sensor data missing or invalid
2026-03-14 08:00:00+00:00,1.02506816,VALID,0.6332220000000001,VALID,,,Critical,CRITICAL_ALARM: Sensor data missing or invalid
2026-03-14 09:00:00+00:00,1.02506816,VALID,0.6309359999999999,VALID,,,Critical,CRITICAL_ALARM: Sensor data missing or invalid
2026-03-14 10:00:00+00:00,1.02506816,VALID,0.6309359999999999,VALID,,,Critical,CRITICAL_ALARM: Sensor data missing or invalid
2026-03-14 11:00:00+00:00,1.02506816,VALID,0.6309359999999999,VALID,,,Critical,CRITICAL_ALARM: Sensor data missing or invalid
2026-03-14 12:00:00+00:00,1.02436024,VALID,0.6309359999999999,VALID,,,Critical,CRITICAL_ALARM: Sensor data missing or invalid
2026-03-14 13:00:00+00:00,1.0222364800000001,VALID,0.6309359999999999,VALID,,,Critical,CRITICAL_ALARM: Sensor data missing or invalid
2026-03-14 14:00:00+00:00,1.01657312,VALID,0.630174,VALID,,,Critical,CRITICAL_ALARM: Sensor data missing or invalid
2026-03-14 15:00:00+00:00,1.0052463999999999,VALID,0.6286499999999999,VALID,,,Critical,CRITICAL_ALARM: Sensor data missing or invalid
2026-03-14 16:00:00+00:00,1.0031226400000002,VALID,0.6286499999999999,VALID,,,Critical,CRITICAL_ALARM: Sensor data missing or invalid
2026-03-14 17:00:00+00:00,0.9967513600000001,VALID,0.627888,VALID,,,Critical,CRITICAL_ALARM: Sensor data missing or invalid
2026-03-14 18:00:00+00:00,0.9967513600000001,VALID,0.627888,VALID,,,Critical,CRITICAL_ALARM: Sensor data missing or invalid
2026-03-14 19:00:00+00:00,0.99179592,VALID,0.627126,VALID,,,Critical,CRITICAL_ALARM: Sensor data missing or invalid
2026-03-14 20:00:00+00:00,1.00312264,VALID,0.6286499999999999,VALID,,,Critical,CRITICAL_ALARM: Sensor data missing or invalid
2026-03-14 21:00:00+00:00,0.9967513600000001,VALID,0.627888,VALID,,,Critical,CRITICAL_ALARM: Sensor data missing or invalid
2026-03-14 22:00:00+00:00,1.01728104,VALID,0.630174,VALID,,,Critical,CRITICAL_ALARM: Sensor data missing or invalid
2026-03-14 23:00:00+00:00,1.00241472,VALID,0.6286499999999999,VALID,,,Critical,CRITICAL_ALARM: Sensor data missing or invalid
2026-03-15 00:00:00+00:00,0.9967513600000001,VALID,0.627888,VALID,,,Critical,CRITICAL_ALARM: Sensor data missing or invalid
2026-03-15 01:00:00+00:00,0.98542464,VALID,0.6263639999999999,VALID,,,Critical,CRITICAL_ALARM: Sensor data missing or invalid
2026-03-15 02:00:00+00:00,0.9910880000000001,VALID,0.627126,VALID,,,Critical,CRITICAL_ALARM: Sensor data missing or invalid
2026-03-15 03:00:00+00:00,0.9910880000000001,VALID,0.627126,VALID,,,Critical,CRITICAL_ALARM: Sensor data missing or invalid
2026-03-15 04:00:00+00:00,0.9910880000000001,VALID,0.627126,VALID,,,Critical,CRITICAL_ALARM: Sensor data missing or invalid
2026-03-15 05:00:00+00:00,0.98471672,VALID,0.6263639999999999,VALID,,,Critical,CRITICAL_ALARM: Sensor data missing or invalid
2026-03-15 06:00:00+00:00,0.9889642399999999,VALID,0.627126,VALID,,,Critical,CRITICAL_ALARM: Sensor data missing or invalid
2026-03-15 07:00:00+00:00,0.99391968,VALID,0.627888,VALID,,,Critical,CRITICAL_ALARM: Sensor data missing or invalid
2026-03-15 08:00:00+00:00,0.99391968,VALID,0.627888,VALID,,,Critical,CRITICAL_ALARM: Sensor data missing or invalid
2026-03-15 09:00:00+00:00,0.99391968,VALID,0.627888,VALID,,,Critical,CRITICAL_ALARM: Sensor data missing or invalid
2026-03-15 10:00:00+00:00,0.98825632,VALID,0.627126,VALID,,,Critical,CRITICAL_ALARM: Sensor data missing or invalid
2026-03-15 11:00:00+00:00,0.99391968,VALID,0.627888,VALID,,,Critical,CRITICAL_ALARM: Sensor data missing or invalid
2026-03-15 12:00:00+00:00,0.98259296,VALID,0.6263639999999999,VALID,,,Critical,CRITICAL_ALARM: Sensor data missing or invalid
2026-03-15 13:00:00+00:00,0.97126624,VALID,0.62484,VALID,,,Critical,CRITICAL_ALARM: Sensor data missing or invalid
2026-03-15 14:00:00+00:00,0.97126624,VALID,0.62484,VALID,,,Critical,CRITICAL_ALARM: Sensor data missing or invalid
2026-03-15 15:00:00+00:00,0.97126624,VALID,0.62484,VALID,,,Critical,CRITICAL_ALARM: Sensor data missing or invalid
2026-03-15 16:00:00+00:00,0.9769296,VALID,0.625602,VALID,,,Critical,CRITICAL_ALARM: Sensor data missing or invalid
2026-03-15 17:00:00+00:00,0.99321176,VALID,0.627888,VALID,,,Critical,CRITICAL_ALARM: Sensor data missing or invalid
2026-03-15 18:00:00+00:00,0.9925038399999999,VALID,0.627888,VALID,,,Critical,CRITICAL_ALARM: Sensor data missing or invalid
2026-03-15 19:00:00+00:00,0.9861325599999999,VALID,0.627126,VALID,,,Critical,CRITICAL_ALARM: Sensor data missing or invalid
2026-03-15 20:00:00+00:00,0.9861325599999999,VALID,0.627126,VALID,,,Critical,CRITICAL_ALARM: Sensor data missing or invalid
2026-03-15 21:00:00+00:00,0.97126624,VALID,0.62484,VALID,,,Critical,CRITICAL_ALARM: Sensor data missing or invalid
2026-03-15 22:00:00+00:00,0.96489496,VALID,0.6240779999999999,VALID,,,Critical,CRITICAL_ALARM: Sensor data missing or invalid
2026-03-15 23:00:00+00:00,0.9740979200000001,VALID,0.625602,VALID,,,Critical,CRITICAL_ALARM: Sensor data missing or invalid
2026-03-16 00:00:00+00:00,0.9585236800000001,VALID,0.623316,VALID,,,Critical,CRITICAL_ALARM: Sensor data missing or invalid
2026-03-16 01:00:00+00:00,0.9535682400000001,VALID,0.622554,VALID,,,Critical,CRITICAL_ALARM: Sensor data missing or invalid
2026-03-16 02:00:00+00:00,0.96347912,VALID,0.6240779999999999,VALID,,,Critical,CRITICAL_ALARM: Sensor data missing or invalid
2026-03-16 03:00:00+00:00,0.96843456,VALID,0.62484,VALID,,,Critical,CRITICAL_ALARM: Sensor data missing or invalid
2026-03-16 04:00:00+00:00,0.96347912,VALID,0.6240779999999999,VALID,,,Critical,CRITICAL_ALARM: Sensor data missing or invalid
2026-03-16 05:00:00+00:00,0.96843456,VALID,0.62484,VALID,,,Critical,CRITICAL_ALARM: Sensor data missing or invalid
2026-03-16 06:00:00+00:00,0.9740979200000001,VALID,0.625602,VALID,,,Critical,CRITICAL_ALARM: Sensor data missing or invalid
2026-03-16 07:00:00+00:00,0.97905336,VALID,0.6263639999999999,VALID,,,Critical,CRITICAL_ALARM: Sensor data missing or invalid
2026-03-16 08:00:00+00:00,0.98330088,VALID,0.627126,VALID,,,Critical,CRITICAL_ALARM: Sensor data missing or invalid
2026-03-16 09:00:00+00:00,0.98330088,VALID,0.627126,VALID,,,Critical,CRITICAL_ALARM: Sensor data missing or invalid
2026-03-16 10:00:00+00:00,0.97834544,VALID,0.6263639999999999,VALID,,,Critical,CRITICAL_ALARM: Sensor data missing or invalid
2026-03-16 11:00:00+00:00,0.98330088,VALID,0.627126,VALID,,,Critical,CRITICAL_ALARM: Sensor data missing or invalid
2026-03-16 12:00:00+00:00,0.98259296,VALID,0.627126,VALID,,,Critical,CRITICAL_ALARM: Sensor data missing or invalid
2026-03-16 13:00:00+00:00,0.98825632,VALID,0.627888,VALID,,,Critical,CRITICAL_ALARM: Sensor data missing or invalid
2026-03-16 14:00:00+00:00,0.98825632,VALID,0.627888,VALID,,,Critical,CRITICAL_ALARM: Sensor data missing or invalid
2026-03-16 15:00:00+00:00,0.99391968,VALID,0.6286499999999999,VALID,,,Critical,CRITICAL_ALARM: Sensor data missing or invalid
2026-03-16 16:00:00+00:00,0.98825632,VALID,0.627888,VALID,,,Critical,CRITICAL_ALARM: Sensor data missing or invalid
2026-03-16 17:00:00+00:00,0.9769296000000001,VALID,0.6263639999999999,VALID,,,Critical,CRITICAL_ALARM: Sensor data missing or invalid
2026-03-16 18:00:00+00:00,0.9769296000000001,VALID,0.6263639999999999,VALID,,,Critical,CRITICAL_ALARM: Sensor data missing or invalid
2026-03-16 19:00:00+00:00,0.95993952,VALID,0.6240779999999999,VALID,,,Critical,CRITICAL_ALARM: Sensor data missing or invalid
2026-03-16 20:00:00+00:00,0.9769296000000001,VALID,0.6263639999999999,VALID,,,Critical,CRITICAL_ALARM: Sensor data missing or invalid
2026-03-16 21:00:00+00:00,0.97055832,VALID,0.625602,VALID,,,Critical,CRITICAL_ALARM: Sensor data missing or invalid
2026-03-16 22:00:00+00:00,1.00737016,VALID,0.630174,VALID,,,Critical,CRITICAL_ALARM: Sensor data missing or invalid
2026-03-16 23:00:00+00:00,0.9910879999999999,VALID,0.6286499999999999,VALID,,,Critical,CRITICAL_ALARM: Sensor data missing or invalid
2026-03-17 00:00:00+00:00,0.9854246399999999,VALID,0.627888,VALID,,,Critical,CRITICAL_ALARM: Sensor data missing or invalid
2026-03-17 01:00:00+00:00,0.9854246399999999,VALID,0.627888,VALID,,,Critical,CRITICAL_ALARM: Sensor data missing or invalid
2026-03-17 02:00:00+00:00,0.9854246399999999,VALID,0.627888,VALID,,,Critical,CRITICAL_ALARM: Sensor data missing or invalid
2026-03-17 03:00:00+00:00,0.9797612799999998,VALID,0.627126,VALID,,,Critical,CRITICAL_ALARM: Sensor data missing or invalid
2026-03-17 04:00:00+00:00,0.9797612799999998,VALID,0.627126,VALID,,,Critical,CRITICAL_ALARM: Sensor data missing or invalid
2026-03-17 05:00:00+00:00,0.9797612799999998,VALID,0.627126,VALID,,,Critical,CRITICAL_ALARM: Sensor data missing or invalid
2026-03-17 06:00:00+00:00,0.97409792,VALID,0.6263639999999999,VALID,,,Critical,CRITICAL_ALARM: Sensor data missing or invalid
2026-03-17 07:00:00+00:00,0.9854246399999999,VALID,0.627888,VALID,,,Critical,CRITICAL_ALARM: Sensor data missing or invalid
2026-03-17 08:00:00+00:00,0.9854246399999999,VALID,0.627888,VALID,,,Critical,CRITICAL_ALARM: Sensor data missing or invalid
2026-03-17 09:00:00+00:00,0.9854246399999999,VALID,0.627888,VALID,,,Critical,CRITICAL_ALARM: Sensor data missing or invalid
2026-03-17 10:00:00+00:00,0.97834544,VALID,0.627126,VALID,,,Critical,CRITICAL_ALARM: Sensor data missing or invalid
2026-03-17 11:00:00+00:00,0.97763752,VALID,0.627126,VALID,,,Critical,CRITICAL_ALARM: Sensor data missing or invalid
2026-03-17 12:00:00+00:00,0.9825929600000001,VALID,0.627888,VALID,,,Critical,CRITICAL_ALARM: Sensor data missing or invalid
2026-03-17 13:00:00+00:00,0.9882563200000001,VALID,0.6286499999999999,VALID,,,Critical,CRITICAL_ALARM: Sensor data missing or invalid
2026-03-17 14:00:00+00:00,0.9825929600000001,VALID,0.627888,VALID,,,Critical,CRITICAL_ALARM: Sensor data missing or invalid
2026-03-17 15:00:00+00:00,0.9825929600000001,VALID,0.627888,VALID,,,Critical,CRITICAL_ALARM: Sensor data missing or invalid
2026-03-17 16:00:00+00:00,0.9769296000000001,VALID,0.627126,VALID,,,Critical,CRITICAL_ALARM: Sensor data missing or invalid
2026-03-17 17:00:00+00:00,0.9712662400000001,VALID,0.6263639999999999,VALID,,,Critical,CRITICAL_ALARM: Sensor data missing or invalid
2026-03-17 18:00:00+00:00,0.97197416,VALID,0.6263639999999999,VALID,,,Critical,CRITICAL_ALARM: Sensor data missing or invalid
2026-03-17 19:00:00+00:00,0.9599395199999999,VALID,0.62484,VALID,,,Critical,CRITICAL_ALARM: Sensor data missing or invalid
2026-03-17 20:00:00+00:00,0.9599395199999999,VALID,0.62484,VALID,,,Critical,CRITICAL_ALARM: Sensor data missing or invalid
2026-03-17 21:00:00+00:00,0.9450732,VALID,0.622554,VALID,,,Critical,CRITICAL_ALARM: Sensor data missing or invalid
2026-03-17 22:00:00+00:00,0.96489496,VALID,0.625602,VALID,,,Critical,CRITICAL_ALARM: Sensor data missing or invalid
2026-03-17 23:00:00+00:00,0.97055832,VALID,0.6263639999999999,VALID,,,Critical,CRITICAL_ALARM: Sensor data missing or invalid
2026-03-18 00:00:00+00:00,0.94294944,VALID,0.622554,VALID,,,Critical,CRITICAL_ALARM: Sensor data missing or invalid
2026-03-18 01:00:00+00:00,0.9486128,VALID,0.623316,VALID,,,Critical,CRITICAL_ALARM: Sensor data missing or invalid
2026-03-18 02:00:00+00:00,0.94294944,VALID,0.622554,VALID,,,Critical,CRITICAL_ALARM: Sensor data missing or invalid
2026-03-18 03:00:00+00:00,0.9486128,VALID,0.623316,VALID,,,Critical,CRITICAL_ALARM: Sensor data missing or invalid
2026-03-18 04:00:00+00:00,0.9599395199999999,VALID,0.62484,VALID,,,Critical,CRITICAL_ALARM: Sensor data missing or invalid
2026-03-18 05:00:00+00:00,0.9571078399999999,VALID,0.62484,VALID,,,Critical,CRITICAL_ALARM: Sensor data missing or invalid
2026-03-18 06:00:00+00:00,0.9571078399999999,VALID,0.62484,VALID,,,Critical,CRITICAL_ALARM: Sensor data missing or invalid
2026-03-18 07:00:00+00:00,0.9627711999999999,VALID,0.625602,VALID,,,Critical,CRITICAL_ALARM: Sensor data missing or invalid
2026-03-18 08:00:00+00:00,0.9571078399999999,VALID,0.62484,VALID,,,Critical,CRITICAL_ALARM: Sensor data missing or invalid
2026-03-18 09:00:00+00:00,0.9571078399999999,VALID,0.62484,VALID,,,Critical,CRITICAL_ALARM: Sensor data missing or invalid
2026-03-18 10:00:00+00:00,0.9627711999999999,VALID,0.625602,VALID,,,Critical,CRITICAL_ALARM: Sensor data missing or invalid
2026-03-18 11:00:00+00:00,0.9740979200000001,VALID,0.627126,VALID,,,Critical,CRITICAL_ALARM: Sensor data missing or invalid
2026-03-18 12:00:00+00:00,0.9627711999999999,VALID,0.625602,VALID,,,Critical,CRITICAL_ALARM: Sensor data missing or invalid
2026-03-18 13:00:00+00:00,0.96701872,VALID,0.6263639999999999,VALID,,,Critical,CRITICAL_ALARM: Sensor data missing or invalid
2026-03-18 14:00:00+00:00,0.96206328,VALID,0.625602,VALID,,,Critical,CRITICAL_ALARM: Sensor data missing or invalid
2026-03-18 15:00:00+00:00,0.96206328,VALID,0.625602,VALID,,,Critical,CRITICAL_ALARM: Sensor data missing or invalid
2026-03-18 16:00:00+00:00,0.9719741599999999,VALID,0.627126,VALID,,,Critical,CRITICAL_ALARM: Sensor data missing or invalid
2026-03-18 17:00:00+00:00,0.96206328,VALID,0.625602,VALID,,,Critical,CRITICAL_ALARM: Sensor data missing or invalid
2026-03-18 18:00:00+00:00,0.955692,VALID,0.62484,VALID,,,Critical,CRITICAL_ALARM: Sensor data missing or invalid
2026-03-18 19:00:00+00:00,0.95427616,VALID,0.62484,VALID,,,Critical,CRITICAL_ALARM: Sensor data missing or invalid
2026-03-18 20:00:00+00:00,0.95427616,VALID,0.62484,VALID,,,Critical,CRITICAL_ALARM: Sensor data missing or invalid
2026-03-18 21:00:00+00:00,0.94932072,VALID,0.6240779999999999,VALID,,,Critical,CRITICAL_ALARM: Sensor data missing or invalid
2026-03-18 22:00:00+00:00,0.96560288,VALID,0.6263639999999999,VALID,,,Critical,CRITICAL_ALARM: Sensor data missing or invalid
2026-03-18 23:00:00+00:00,0.96560288,VALID,0.6263639999999999,VALID,,,Critical,CRITICAL_ALARM: Sensor data missing or invalid
2026-03-19 00:00:00+00:00,0.96560288,VALID,0.6263639999999999,VALID,,,Critical,CRITICAL_ALARM: Sensor data missing or invalid
2026-03-19 01:00:00+00:00,0.96560288,VALID,0.6263639999999999,VALID,,,Critical,CRITICAL_ALARM: Sensor data missing or invalid
2026-03-19 02:00:00+00:00,0.9592316000000001,VALID,0.625602,VALID,,,Critical,CRITICAL_ALARM: Sensor data missing or invalid
2026-03-19 03:00:00+00:00,0.9592316000000001,VALID,0.625602,VALID,,,Critical,CRITICAL_ALARM: Sensor data missing or invalid
2026-03-19 04:00:00+00:00,0.95427616,VALID,0.62484,VALID,,,Critical,CRITICAL_ALARM: Sensor data missing or invalid
2026-03-19 05:00:00+00:00,0.95427616,VALID,0.62484,VALID,,,Critical,CRITICAL_ALARM: Sensor data missing or invalid
2026-03-19 06:00:00+00:00,0.95427616,VALID,0.62484,VALID,,,Critical,CRITICAL_ALARM: Sensor data missing or invalid
2026-03-19 07:00:00+00:00,0.95427616,VALID,0.62484,VALID,,,Critical,CRITICAL_ALARM: Sensor data missing or invalid
2026-03-19 08:00:00+00:00,0.9521524,VALID,0.62484,VALID,,,Critical,CRITICAL_ALARM: Sensor data missing or invalid
2026-03-19 09:00:00+00:00,0.95144448,VALID,0.62484,VALID,,,Critical,CRITICAL_ALARM: Sensor data missing or invalid
2026-03-19 10:00:00+00:00,0.95144448,VALID,0.62484,VALID,,,Critical,CRITICAL_ALARM: Sensor data missing or invalid
2026-03-19 11:00:00+00:00,0.95144448,VALID,0.62484,VALID,,,Critical,CRITICAL_ALARM: Sensor data missing or invalid
2026-03-19 12:00:00+00:00,0.95710784,VALID,0.625602,VALID,,,Critical,CRITICAL_ALARM: Sensor data missing or invalid
2026-03-19 13:00:00+00:00,0.95710784,VALID,0.625602,VALID,,,Critical,CRITICAL_ALARM: Sensor data missing or invalid
2026-03-19 14:00:00+00:00,0.95144448,VALID,0.62484,VALID,,,Critical,CRITICAL_ALARM: Sensor data missing or invalid
2026-03-19 15:00:00+00:00,0.95710784,VALID,0.625602,VALID,,,Critical,CRITICAL_ALARM: Sensor data missing or invalid
2026-03-19 16:00:00+00:00,0.95144448,VALID,0.62484,VALID,,,Critical,CRITICAL_ALARM: Sensor data missing or invalid
2026-03-19 17:00:00+00:00,0.95144448,VALID,0.62484,VALID,,,Critical,CRITICAL_ALARM: Sensor data missing or invalid
2026-03-19 18:00:00+00:00,0.95144448,VALID,0.62484,VALID,,,Critical,CRITICAL_ALARM: Sensor data missing or invalid
2026-03-19 19:00:00+00:00,0.95639992,VALID,0.625602,VALID,,,Critical,CRITICAL_ALARM: Sensor data missing or invalid
2026-03-19 20:00:00+00:00,0.9401177599999999,VALID,0.623316,VALID,,,Critical,CRITICAL_ALARM: Sensor data missing or invalid
2026-03-19 21:00:00+00:00,0.95144448,VALID,0.62484,VALID,,,Critical,CRITICAL_ALARM: Sensor data missing or invalid
2026-03-19 22:00:00+00:00,0.96560288,VALID,0.627126,VALID,,,Critical,CRITICAL_ALARM: Sensor data missing or invalid
2026-03-19 23:00:00+00:00,0.97126624,VALID,0.627888,VALID,,,Critical,CRITICAL_ALARM: Sensor data missing or invalid
2026-03-20 00:00:00+00:00,0.95993952,VALID,0.6263639999999999,VALID,,,Critical,CRITICAL_ALARM: Sensor data missing or invalid
2026-03-20 01:00:00+00:00,0.9486128,VALID,0.62484,VALID,,,Critical,CRITICAL_ALARM: Sensor data missing or invalid
2026-03-20 02:00:00+00:00,0.9486128,VALID,0.62484,VALID,,,Critical,CRITICAL_ALARM: Sensor data missing or invalid
2026-03-20 03:00:00+00:00,0.9486128,VALID,0.62484,VALID,,,Critical,CRITICAL_ALARM: Sensor data missing or invalid
2026-03-20 04:00:00+00:00,0.95427616,VALID,0.625602,VALID,,,Critical,CRITICAL_ALARM: Sensor data missing or invalid
2026-03-20 05:00:00+00:00,0.95427616,VALID,0.625602,VALID,,,Critical,CRITICAL_ALARM: Sensor data missing or invalid
2026-03-20 06:00:00+00:00,0.9535682400000001,VALID,0.625602,VALID,,,Critical,CRITICAL_ALARM: Sensor data missing or invalid
2026-03-20 07:00:00+00:00,0.9486128,VALID,0.62484,VALID,,,Critical,CRITICAL_ALARM: Sensor data missing or invalid
2026-03-20 08:00:00+00:00,0.9486128,VALID,0.62484,VALID,,,Critical,CRITICAL_ALARM: Sensor data missing or invalid
2026-03-20 09:00:00+00:00,0.94294944,VALID,0.6240779999999999,VALID,,,Critical,CRITICAL_ALARM: Sensor data missing or invalid
2026-03-20 10:00:00+00:00,0.94294944,VALID,0.6240779999999999,VALID,,,Critical,CRITICAL_ALARM: Sensor data missing or invalid
2026-03-20 11:00:00+00:00,0.94224152,VALID,0.6240779999999999,VALID,,,Critical,CRITICAL_ALARM: Sensor data missing or invalid
2026-03-20 12:00:00+00:00,0.9358702400000001,VALID,0.623316,VALID,,,Critical,CRITICAL_ALARM: Sensor data missing or invalid
2026-03-20 13:00:00+00:00,0.9358702400000001,VALID,0.623316,VALID,,,Critical,CRITICAL_ALARM: Sensor data missing or invalid
2026-03-20 14:00:00+00:00,0.94648904,VALID,0.62484,VALID,,,Critical,CRITICAL_ALARM: Sensor data missing or invalid
2026-03-20 15:00:00+00:00,0.9627712,VALID,0.627126,VALID,,,Critical,CRITICAL_ALARM: Sensor data missing or invalid
2026-03-20 16:00:00+00:00,0.96843456,VALID,0.627888,VALID,,,Critical,CRITICAL_ALARM: Sensor data missing or invalid
2026-03-20 17:00:00+00:00,0.9627712,VALID,0.627126,VALID,,,Critical,CRITICAL_ALARM: Sensor data missing or invalid
2026-03-20 18:00:00+00:00,0.97339,VALID,0.6286499999999999,VALID,,,Critical,CRITICAL_ALARM: Sensor data missing or invalid
2026-03-20 19:00:00+00:00,0.96560288,VALID,0.627888,VALID,,,Critical,CRITICAL_ALARM: Sensor data missing or invalid
2026-03-20 20:00:00+00:00,0.96064744,VALID,0.627126,VALID,,,Critical,CRITICAL_ALARM: Sensor data missing or invalid
2026-03-20 21:00:00+00:00,0.96064744,VALID,0.627126,VALID,,,Critical,CRITICAL_ALARM: Sensor data missing or invalid
2026-03-20 22:00:00+00:00,0.9712662400000001,VALID,0.6286499999999999,VALID,,,Critical,CRITICAL_ALARM: Sensor data missing or invalid
2026-03-20 23:00:00+00:00,0.96064744,VALID,0.627126,VALID,,,Critical,CRITICAL_ALARM: Sensor data missing or invalid
2026-03-21 00:00:00+00:00,0.955692,VALID,0.6263639999999999,VALID,,,Critical,CRITICAL_ALARM: Sensor data missing or invalid
2026-03-21 01:00:00+00:00,0.95993952,VALID,0.627126,VALID,,,Critical,CRITICAL_ALARM: Sensor data missing or invalid
2026-03-21 02:00:00+00:00,0.95993952,VALID,0.627126,VALID,,,Critical,CRITICAL_ALARM: Sensor data missing or invalid
2026-03-21 03:00:00+00:00,0.95993952,VALID,0.627126,VALID,,,Critical,CRITICAL_ALARM: Sensor data missing or invalid
2026-03-21 04:00:00+00:00,0.95993952,VALID,0.627126,VALID,,,Critical,CRITICAL_ALARM: Sensor data missing or invalid
2026-03-21 05:00:00+00:00,0.96560288,VALID,0.627888,VALID,,,Critical,CRITICAL_ALARM: Sensor data missing or invalid
2026-03-21 06:00:00+00:00,0.95993952,VALID,0.627126,VALID,,,Critical,CRITICAL_ALARM: Sensor data missing or invalid
2026-03-21 07:00:00+00:00,0.95993952,VALID,0.627126,VALID,,,Critical,CRITICAL_ALARM: Sensor data missing or invalid
2026-03-21 08:00:00+00:00,0.96418704,VALID,0.627888,VALID,,,Critical,CRITICAL_ALARM: Sensor data missing or invalid
2026-03-21 09:00:00+00:00,0.9528603199999999,VALID,0.6263639999999999,VALID,,,Critical,CRITICAL_ALARM: Sensor data missing or invalid
2026-03-21 10:00:00+00:00,0.9578157599999999,VALID,0.627126,VALID,,,Critical,CRITICAL_ALARM: Sensor data missing or invalid
2026-03-21 11:00:00+00:00,0.9429494399999999,VALID,0.62484,VALID,,,Critical,CRITICAL_ALARM: Sensor data missing or invalid
2026-03-21 12:00:00+00:00,0.9528603199999999,VALID,0.6263639999999999,VALID,,,Critical,CRITICAL_ALARM: Sensor data missing or invalid
2026-03-21 13:00:00+00:00,0.94790488,VALID,0.625602,VALID,,,Critical,CRITICAL_ALARM: Sensor data missing or invalid
2026-03-21 14:00:00+00:00,0.9429494399999999,VALID,0.62484,VALID,,,Critical,CRITICAL_ALARM: Sensor data missing or invalid
2026-03-21 15:00:00+00:00,0.94082568,VALID,0.62484,VALID,,,Critical,CRITICAL_ALARM: Sensor data missing or invalid
2026-03-21 16:00:00+00:00,0.93516232,VALID,0.6240779999999999,VALID,,,Critical,CRITICAL_ALARM: Sensor data missing or invalid
2026-03-21 17:00:00+00:00,0.9302068800000001,VALID,0.623316,VALID,,,Critical,CRITICAL_ALARM: Sensor data missing or invalid
2026-03-21 18:00:00+00:00,0.93516232,VALID,0.6240779999999999,VALID,,,Critical,CRITICAL_ALARM: Sensor data missing or invalid
2026-03-21 19:00:00+00:00,0.9103851199999999,VALID,0.620268,VALID,,,Critical,CRITICAL_ALARM: Sensor data missing or invalid
2026-03-21 20:00:00+00:00,0.9302068800000001,VALID,0.623316,VALID,,,Critical,CRITICAL_ALARM: Sensor data missing or invalid
2026-03-21 21:00:00+00:00,0.92525144,VALID,0.622554,VALID,,,Critical,CRITICAL_ALARM: Sensor data missing or invalid
2026-03-21 22:00:00+00:00,0.9401177599999999,VALID,0.6248400000000001,VALID,,,Critical,CRITICAL_ALARM: Sensor data missing or invalid
2026-03-21 23:00:00+00:00,0.9302068800000001,VALID,0.623316,VALID,,,Critical,CRITICAL_ALARM: Sensor data missing or invalid
2026-03-22 00:00:00+00:00,0.92879104,VALID,0.623316,VALID,,,Critical,CRITICAL_ALARM: Sensor data missing or invalid
2026-03-22 01:00:00+00:00,0.91746432,VALID,0.621792,VALID,,,Critical,CRITICAL_ALARM: Sensor data missing or invalid
2026-03-22 02:00:00+00:00,0.9344544,VALID,0.6240779999999999,VALID,,,Critical,CRITICAL_ALARM: Sensor data missing or invalid
2026-03-22 03:00:00+00:00,0.94011776,VALID,0.62484,VALID,,,Critical,CRITICAL_ALARM: Sensor data missing or invalid
2026-03-22 04:00:00+00:00,0.9344544,VALID,0.6240779999999999,VALID,,,Critical,CRITICAL_ALARM: Sensor data missing or invalid
2026-03-22 05:00:00+00:00,0.93728608,VALID,0.62484,VALID,,,Critical,CRITICAL_ALARM: Sensor data missing or invalid
2026-03-22 06:00:00+00:00,0.93728608,VALID,0.62484,VALID,,,Critical,CRITICAL_ALARM: Sensor data missing or invalid
2026-03-22 07:00:00+00:00,0.93728608,VALID,0.62484,VALID,,,Critical,CRITICAL_ALARM: Sensor data missing or invalid
2026-03-22 08:00:00+00:00,0.94294944,VALID,0.625602,VALID,,,Critical,CRITICAL_ALARM: Sensor data missing or invalid
2026-03-22 09:00:00+00:00,0.94294944,VALID,0.625602,VALID,,,Critical,CRITICAL_ALARM: Sensor data missing or invalid
2026-03-22 10:00:00+00:00,0.94294944,VALID,0.625602,VALID,,,Critical,CRITICAL_ALARM: Sensor data missing or invalid
2026-03-22 11:00:00+00:00,0.94294944,VALID,0.625602,VALID,,,Critical,CRITICAL_ALARM: Sensor data missing or invalid
2026-03-22 12:00:00+00:00,0.93728608,VALID,0.62484,VALID,,,Critical,CRITICAL_ALARM: Sensor data missing or invalid
2026-03-22 13:00:00+00:00,0.94224152,VALID,0.625602,VALID,,,Critical,CRITICAL_ALARM: Sensor data missing or invalid
2026-03-22 14:00:00+00:00,0.94224152,VALID,0.625602,VALID,,,Critical,CRITICAL_ALARM: Sensor data missing or invalid
2026-03-22 15:00:00+00:00,0.93728608,VALID,0.62484,VALID,,,Critical,CRITICAL_ALARM: Sensor data missing or invalid
2026-03-22 16:00:00+00:00,0.92100392,VALID,0.6225539999999999,VALID,,,Critical,CRITICAL_ALARM: Sensor data missing or invalid
2026-03-22 17:00:00+00:00,0.93728608,VALID,0.62484,VALID,,,Critical,CRITICAL_ALARM: Sensor data missing or invalid
2026-03-22 18:00:00+00:00,0.93657816,VALID,0.62484,VALID,,,Critical,CRITICAL_ALARM: Sensor data missing or invalid
2026-03-22 19:00:00+00:00,0.92949896,VALID,0.6240779999999999,VALID,,,Critical,CRITICAL_ALARM: Sensor data missing or invalid
2026-03-22 20:00:00+00:00,0.94011776,VALID,0.625602,VALID,,,Critical,CRITICAL_ALARM: Sensor data missing or invalid
2026-03-22 21:00:00+00:00,0.9719741599999999,VALID,0.630174,VALID,,,Critical,CRITICAL_ALARM: Sensor data missing or invalid
2026-03-22 22:00:00+00:00,0.9889642399999999,VALID,0.63246,VALID,,,Critical,CRITICAL_ALARM: Sensor data missing or invalid
2026-03-22 23:00:00+00:00,0.9769296,VALID,0.6309359999999999,VALID,,,Critical,CRITICAL_ALARM: Sensor data missing or invalid
2026-03-23 00:00:00+00:00,0.96206328,VALID,0.6286499999999999,VALID,,,Critical,CRITICAL_ALARM: Sensor data missing or invalid
2026-03-23 01:00:00+00:00,0.93940984,VALID,0.625602,VALID,,,Critical,CRITICAL_ALARM: Sensor data missing or invalid
2026-03-23 02:00:00+00:00,0.9139247199999999,VALID,0.621792,VALID,,,Critical,CRITICAL_ALARM: Sensor data missing or invalid
2026-03-23 03:00:00+00:00,0.9089692799999999,VALID,0.62103,VALID,,,Critical,CRITICAL_ALARM: Sensor data missing or invalid
2026-03-23 04:00:00+00:00,0.9125088800000001,VALID,0.621792,VALID,,,Critical,CRITICAL_ALARM: Sensor data missing or invalid
2026-03-23 05:00:00+00:00,0.9118009600000001,VALID,0.621792,VALID,,,Critical,CRITICAL_ALARM: Sensor data missing or invalid
2026-03-23 06:00:00+00:00,0.9118009600000001,VALID,0.621792,VALID,,,Critical,CRITICAL_ALARM: Sensor data missing or invalid
2026-03-23 07:00:00+00:00,0.9118009600000001,VALID,0.621792,VALID,,,Critical,CRITICAL_ALARM: Sensor data missing or invalid
2026-03-23 08:00:00+00:00,0.9118009600000001,VALID,0.621792,VALID,,,Critical,CRITICAL_ALARM: Sensor data missing or invalid
2026-03-23 09:00:00+00:00,0.9167564,VALID,0.622554,VALID,,,Critical,CRITICAL_ALARM: Sensor data missing or invalid
2026-03-23 10:00:00+00:00,0.9118009600000001,VALID,0.621792,VALID,,,Critical,CRITICAL_ALARM: Sensor data missing or invalid
2026-03-23 11:00:00+00:00,0.9167564,VALID,0.622554,VALID,,,Critical,CRITICAL_ALARM: Sensor data missing or invalid
2026-03-23 12:00:00+00:00,0.9118009600000001,VALID,0.621792,VALID,,,Critical,CRITICAL_ALARM: Sensor data missing or invalid
2026-03-23 13:00:00+00:00,0.9167564,VALID,0.622554,VALID,,,Critical,CRITICAL_ALARM: Sensor data missing or invalid
2026-03-23 14:00:00+00:00,0.9167564,VALID,0.622554,VALID,,,Critical,CRITICAL_ALARM: Sensor data missing or invalid
2026-03-23 15:00:00+00:00,0.9068455200000001,VALID,0.62103,VALID,,,Critical,CRITICAL_ALARM: Sensor data missing or invalid
2026-03-23 16:00:00+00:00,0.92171184,VALID,0.623316,VALID,,,Critical,CRITICAL_ALARM: Sensor data missing or invalid
2026-03-23 17:00:00+00:00,0.9316227199999999,VALID,0.62484,VALID,,,Critical,CRITICAL_ALARM: Sensor data missing or invalid
2026-03-23 18:00:00+00:00,0.9316227199999999,VALID,0.62484,VALID,,,Critical,CRITICAL_ALARM: Sensor data missing or invalid
2026-03-23 19:00:00+00:00,0.920296,VALID,0.623316,VALID,,,Critical,CRITICAL_ALARM: Sensor data missing or invalid
2026-03-23 20:00:00+00:00,0.94648904,VALID,0.627126,VALID,,,Critical,CRITICAL_ALARM: Sensor data missing or invalid
2026-03-23 21:00:00+00:00,0.95144448,VALID,0.627888,VALID,,,Critical,CRITICAL_ALARM: Sensor data missing or invalid
2026-03-23 22:00:00+00:00,0.9571078399999999,VALID,0.6286499999999999,VALID,,,Critical,CRITICAL_ALARM: Sensor data missing or invalid
2026-03-23 23:00:00+00:00,0.9401177599999999,VALID,0.6263639999999999,VALID,,,Critical,CRITICAL_ALARM: Sensor data missing or invalid
2026-03-24 00:00:00+00:00,0.9287910399999999,VALID,0.62484,VALID,,,Critical,CRITICAL_ALARM: Sensor data missing or invalid
2026-03-24 01:00:00+00:00,0.9238355999999999,VALID,0.6240779999999999,VALID,,,Critical,CRITICAL_ALARM: Sensor data missing or invalid
2026-03-24 02:00:00+00:00,0.91888016,VALID,0.623316,VALID,,,Critical,CRITICAL_ALARM: Sensor data missing or invalid
2026-03-24 03:00:00+00:00,0.90896928,VALID,0.621792,VALID,,,Critical,CRITICAL_ALARM: Sensor data missing or invalid
2026-03-24 04:00:00+00:00,0.90896928,VALID,0.621792,VALID,,,Critical,CRITICAL_ALARM: Sensor data missing or invalid
2026-03-24 05:00:00+00:00,0.90896928,VALID,0.621792,VALID,,,Critical,CRITICAL_ALARM: Sensor data missing or invalid
2026-03-24 06:00:00+00:00,0.90896928,VALID,0.621792,VALID,,,Critical,CRITICAL_ALARM: Sensor data missing or invalid
2026-03-24 07:00:00+00:00,0.90896928,VALID,0.621792,VALID,,,Critical,CRITICAL_ALARM: Sensor data missing or invalid
2026-03-24 08:00:00+00:00,0.90755344,VALID,0.621792,VALID,,,Critical,CRITICAL_ALARM: Sensor data missing or invalid
2026-03-24 09:00:00+00:00,0.9061376,VALID,0.621792,VALID,,,Critical,CRITICAL_ALARM: Sensor data missing or invalid
2026-03-24 10:00:00+00:00,0.9061376,VALID,0.621792,VALID,,,Critical,CRITICAL_ALARM: Sensor data missing or invalid
2026-03-24 11:00:00+00:00,0.9061376,VALID,0.621792,VALID,,,Critical,CRITICAL_ALARM: Sensor data missing or invalid
2026-03-24 12:00:00+00:00,0.9061376,VALID,0.621792,VALID,,,Critical,CRITICAL_ALARM: Sensor data missing or invalid
2026-03-24 13:00:00+00:00,0.9061376,VALID,0.621792,VALID,,,Critical,CRITICAL_ALARM: Sensor data missing or invalid
2026-03-24 14:00:00+00:00,0.93728608,VALID,0.6263639999999999,VALID,,,Critical,CRITICAL_ALARM: Sensor data missing or invalid
2026-03-24 15:00:00+00:00,0.96347912,VALID,0.630174,VALID,,,Critical,CRITICAL_ALARM: Sensor data missing or invalid
2026-03-24 16:00:00+00:00,0.93728608,VALID,0.6263639999999999,VALID,,,Critical,CRITICAL_ALARM: Sensor data missing or invalid
2026-03-24 17:00:00+00:00,0.89127128,VALID,0.619506,VALID,,,Critical,CRITICAL_ALARM: Sensor data missing or invalid
2026-03-24 18:00:00+00:00,0.89127128,VALID,0.619506,VALID,,,Critical,CRITICAL_ALARM: Sensor data missing or invalid
2026-03-24 19:00:00+00:00,0.89127128,VALID,0.619506,VALID,,,Critical,CRITICAL_ALARM: Sensor data missing or invalid
2026-03-24 20:00:00+00:00,0.90047424,VALID,0.62103,VALID,,,Critical,CRITICAL_ALARM: Sensor data missing or invalid
2026-03-24 21:00:00+00:00,0.88348416,VALID,0.618744,VALID,,,Critical,CRITICAL_ALARM: Sensor data missing or invalid
2026-03-24 22:00:00+00:00,0.89976632,VALID,0.62103,VALID,,,Critical,CRITICAL_ALARM: Sensor data missing or invalid
2026-03-24 23:00:00+00:00,0.90896928,VALID,0.622554,VALID,,,Critical,CRITICAL_ALARM: Sensor data missing or invalid
2026-03-25 00:00:00+00:00,0.8933950399999999,VALID,0.620268,VALID,,,Critical,CRITICAL_ALARM: Sensor data missing or invalid
2026-03-25 01:00:00+00:00,0.89835048,VALID,0.62103,VALID,,,Critical,CRITICAL_ALARM: Sensor data missing or invalid
2026-03-25 02:00:00+00:00,0.90330592,VALID,0.621792,VALID,,,Critical,CRITICAL_ALARM: Sensor data missing or invalid
2026-03-25 03:00:00+00:00,0.90330592,VALID,0.621792,VALID,,,Critical,CRITICAL_ALARM: Sensor data missing or invalid
2026-03-25 04:00:00+00:00,0.90330592,VALID,0.621792,VALID,,,Critical,CRITICAL_ALARM: Sensor data missing or invalid
2026-03-25 05:00:00+00:00,0.90826136,VALID,0.622554,VALID,,,Critical,CRITICAL_ALARM: Sensor data missing or invalid
2026-03-25 06:00:00+00:00,0.90826136,VALID,0.622554,VALID,,,Critical,CRITICAL_ALARM: Sensor data missing or invalid
2026-03-25 07:00:00+00:00,0.90826136,VALID,0.622554,VALID,,,Critical,CRITICAL_ALARM: Sensor data missing or invalid
2026-03-25 08:00:00+00:00,0.90330592,VALID,0.621792,VALID,,,Critical,CRITICAL_ALARM: Sensor data missing or invalid
2026-03-25 09:00:00+00:00,0.90826136,VALID,0.622554,VALID,,,Critical,CRITICAL_ALARM: Sensor data missing or invalid
2026-03-25 10:00:00+00:00,0.90330592,VALID,0.621792,VALID,,,Critical,CRITICAL_ALARM: Sensor data missing or invalid
2026-03-25 11:00:00+00:00,0.90330592,VALID,0.621792,VALID,,,Critical,CRITICAL_ALARM: Sensor data missing or invalid
2026-03-25 12:00:00+00:00,0.90826136,VALID,0.622554,VALID,,,Critical,CRITICAL_ALARM: Sensor data missing or invalid
2026-03-25 13:00:00+00:00,0.90047424,VALID,0.621792,VALID,,,Critical,CRITICAL_ALARM: Sensor data missing or invalid
2026-03-25 14:00:00+00:00,0.9061376,VALID,0.622554,VALID,,,Critical,CRITICAL_ALARM: Sensor data missing or invalid
2026-03-25 15:00:00+00:00,0.9061376,VALID,0.622554,VALID,,,Critical,CRITICAL_ALARM: Sensor data missing or invalid
2026-03-25 16:00:00+00:00,0.90542968,VALID,0.622554,VALID,,,Critical,CRITICAL_ALARM: Sensor data missing or invalid
2026-03-25 17:00:00+00:00,0.90542968,VALID,0.622554,VALID,,,Critical,CRITICAL_ALARM: Sensor data missing or invalid
2026-03-25 18:00:00+00:00,0.90047424,VALID,0.621792,VALID,,,Critical,CRITICAL_ALARM: Sensor data missing or invalid
2026-03-25 19:00:00+00:00,0.88560792,VALID,0.619506,VALID,,,Critical,CRITICAL_ALARM: Sensor data missing or invalid
2026-03-25 20:00:00+00:00,0.88560792,VALID,0.619506,VALID,,,Critical,CRITICAL_ALARM: Sensor data missing or invalid
2026-03-25 21:00:00+00:00,0.88560792,VALID,0.619506,VALID,,,Critical,CRITICAL_ALARM: Sensor data missing or invalid
2026-03-25 22:00:00+00:00,0.89056336,VALID,0.620268,VALID,,,Critical,CRITICAL_ALARM: Sensor data missing or invalid
2026-03-25 23:00:00+00:00,0.88560792,VALID,0.619506,VALID,,,Critical,CRITICAL_ALARM: Sensor data missing or invalid
2026-03-26 00:00:00+00:00,0.86578616,VALID,0.616458,VALID,,,Critical,CRITICAL_ALARM: Sensor data missing or invalid
2026-03-26 01:00:00+00:00,0.8410089599999999,VALID,0.612648,VALID,,,Critical,CRITICAL_ALARM: Sensor data missing or invalid
2026-03-26 02:00:00+00:00,0.85445944,VALID,0.614934,VALID,,,Critical,CRITICAL_ALARM: Sensor data missing or invalid
2026-03-26 03:00:00+00:00,0.89268712,VALID,0.62103,VALID,,,Critical,CRITICAL_ALARM: Sensor data missing or invalid
2026-03-26 04:00:00+00:00,0.89764256,VALID,0.621792,VALID,,,Critical,CRITICAL_ALARM: Sensor data missing or invalid
2026-03-26 05:00:00+00:00,0.89764256,VALID,0.621792,VALID,,,Critical,CRITICAL_ALARM: Sensor data missing or invalid
2026-03-26 06:00:00+00:00,0.89764256,VALID,0.621792,VALID,,,Critical,CRITICAL_ALARM: Sensor data missing or invalid
2026-03-26 07:00:00+00:00,0.89764256,VALID,0.621792,VALID,,,Critical,CRITICAL_ALARM: Sensor data missing or invalid
2026-03-26 08:00:00+00:00,0.89268712,VALID,0.62103,VALID,,,Critical,CRITICAL_ALARM: Sensor data missing or invalid
2026-03-26 09:00:00+00:00,0.89764256,VALID,0.621792,VALID,,,Critical,CRITICAL_ALARM: Sensor data missing or invalid
2026-03-26 10:00:00+00:00,0.89764256,VALID,0.621792,VALID,,,Critical,CRITICAL_ALARM: Sensor data missing or invalid
2026-03-26 11:00:00+00:00,0.89764256,VALID,0.621792,VALID,,,Critical,CRITICAL_ALARM: Sensor data missing or invalid
2026-03-26 12:00:00+00:00,0.8877316799999999,VALID,0.620268,VALID,,,Critical,CRITICAL_ALARM: Sensor data missing or invalid
2026-03-26 13:00:00+00:00,0.89268712,VALID,0.62103,VALID,,,Critical,CRITICAL_ALARM: Sensor data missing or invalid
2026-03-26 14:00:00+00:00,0.8877316799999999,VALID,0.620268,VALID,,,Critical,CRITICAL_ALARM: Sensor data missing or invalid
2026-03-26 15:00:00+00:00,0.89764256,VALID,0.621792,VALID,,,Critical,CRITICAL_ALARM: Sensor data missing or invalid
2026-03-26 16:00:00+00:00,0.88631584,VALID,0.620268,VALID,,,Critical,CRITICAL_ALARM: Sensor data missing or invalid
2026-03-26 17:00:00+00:00,0.88065248,VALID,0.619506,VALID,,,Critical,CRITICAL_ALARM: Sensor data missing or invalid
2026-03-26 18:00:00+00:00,0.87994456,VALID,0.619506,VALID,,,Critical,CRITICAL_ALARM: Sensor data missing or invalid
2026-03-26 19:00:00+00:00,0.8650782399999999,VALID,0.61722,VALID,,,Critical,CRITICAL_ALARM: Sensor data missing or invalid
2026-03-26 20:00:00+00:00,0.8601228,VALID,0.616458,VALID,,,Critical,CRITICAL_ALARM: Sensor data missing or invalid
2026-03-26 21:00:00+00:00,0.8551673599999999,VALID,0.615696,VALID,,,Critical,CRITICAL_ALARM: Sensor data missing or invalid
2026-03-26 22:00:00+00:00,0.8650782399999999,VALID,0.61722,VALID,,,Critical,CRITICAL_ALARM: Sensor data missing or invalid
2026-03-26 23:00:00+00:00,0.8650782399999999,VALID,0.61722,VALID,,,Critical,CRITICAL_ALARM: Sensor data missing or invalid
2026-03-27 00:00:00+00:00,0.8700336799999999,VALID,0.617982,VALID,,,Critical,CRITICAL_ALARM: Sensor data missing or invalid
2026-03-27 01:00:00+00:00,0.8700336799999999,VALID,0.617982,VALID,,,Critical,CRITICAL_ALARM: Sensor data missing or invalid
2026-03-27 02:00:00+00:00,0.8700336799999999,VALID,0.617982,VALID,,,Critical,CRITICAL_ALARM: Sensor data missing or invalid
2026-03-27 03:00:00+00:00,0.87498912,VALID,0.618744,VALID,,,Critical,CRITICAL_ALARM: Sensor data missing or invalid
2026-03-27 04:00:00+00:00,0.87994456,VALID,0.619506,VALID,,,Critical,CRITICAL_ALARM: Sensor data missing or invalid
2026-03-27 05:00:00+00:00,0.8898554399999999,VALID,0.62103,VALID,,,Critical,CRITICAL_ALARM: Sensor data missing or invalid
2026-03-27 06:00:00+00:00,0.8898554399999999,VALID,0.62103,VALID,,,Critical,CRITICAL_ALARM: Sensor data missing or invalid
2026-03-27 07:00:00+00:00,0.89481088,VALID,0.621792,VALID,,,Critical,CRITICAL_ALARM: Sensor data missing or invalid
2026-03-27 08:00:00+00:00,0.8919792,VALID,0.621792,VALID,,,Critical,CRITICAL_ALARM: Sensor data missing or invalid
2026-03-27 09:00:00+00:00,0.8919792,VALID,0.621792,VALID,,,Critical,CRITICAL_ALARM: Sensor data missing or invalid
2026-03-27 10:00:00+00:00,0.89764256,VALID,0.622554,VALID,,,Critical,CRITICAL_ALARM: Sensor data missing or invalid
2026-03-27 11:00:00+00:00,0.8919792,VALID,0.621792,VALID,,,Critical,CRITICAL_ALARM: Sensor data missing or invalid
2026-03-27 12:00:00+00:00,0.8919792,VALID,0.621792,VALID,,,Critical,CRITICAL_ALARM: Sensor data missing or invalid
2026-03-27 13:00:00+00:00,0.8919792,VALID,0.621792,VALID,,,Critical,CRITICAL_ALARM: Sensor data missing or invalid
2026-03-27 14:00:00+00:00,0.89693464,VALID,0.622554,VALID,,,Critical,CRITICAL_ALARM: Sensor data missing or invalid
2026-03-27 15:00:00+00:00,0.8870237599999999,VALID,0.62103,VALID,,,Critical,CRITICAL_ALARM: Sensor data missing or invalid
2026-03-27 16:00:00+00:00,0.8919792,VALID,0.621792,VALID,,,Critical,CRITICAL_ALARM: Sensor data missing or invalid
2026-03-27 17:00:00+00:00,0.8919792,VALID,0.621792,VALID,,,Critical,CRITICAL_ALARM: Sensor data missing or invalid
2026-03-27 18:00:00+00:00,0.89693464,VALID,0.622554,VALID,,,Critical,CRITICAL_ALARM: Sensor data missing or invalid
2026-03-27 19:00:00+00:00,0.8919792,VALID,0.621792,VALID,,,Critical,CRITICAL_ALARM: Sensor data missing or invalid
2026-03-27 20:00:00+00:00,0.8870237599999999,VALID,0.62103,VALID,,,Critical,CRITICAL_ALARM: Sensor data missing or invalid
2026-03-27 21:00:00+00:00,0.88206832,VALID,0.620268,VALID,,,Critical,CRITICAL_ALARM: Sensor data missing or invalid
2026-03-27 22:00:00+00:00,0.87994456,VALID,0.620268,VALID,,,Critical,CRITICAL_ALARM: Sensor data missing or invalid
2026-03-27 23:00:00+00:00,0.91109304,VALID,0.62484,VALID,,,Critical,CRITICAL_ALARM: Sensor data missing or invalid
2026-03-28 00:00:00+00:00,0.88914752,VALID,0.621792,VALID,,,Critical,CRITICAL_ALARM: Sensor data missing or invalid
2026-03-28 01:00:00+00:00,0.88914752,VALID,0.621792,VALID,,,Critical,CRITICAL_ALARM: Sensor data missing or invalid
2026-03-28 02:00:00+00:00,0.88914752,VALID,0.621792,VALID,,,Critical,CRITICAL_ALARM: Sensor data missing or invalid
2026-03-28 03:00:00+00:00,0.88914752,VALID,0.621792,VALID,,,Critical,CRITICAL_ALARM: Sensor data missing or invalid
2026-03-28 04:00:00+00:00,0.88914752,VALID,0.621792,VALID,,,Critical,CRITICAL_ALARM: Sensor data missing or invalid
2026-03-28 05:00:00+00:00,0.88914752,VALID,0.621792,VALID,,,Critical,CRITICAL_ALARM: Sensor data missing or invalid
2026-03-28 06:00:00+00:00,0.88914752,VALID,0.621792,VALID,,,Critical,CRITICAL_ALARM: Sensor data missing or invalid
2026-03-28 07:00:00+00:00,0.88914752,VALID,0.621792,VALID,,,Critical,CRITICAL_ALARM: Sensor data missing or invalid
2026-03-28 08:00:00+00:00,0.8990583999999999,VALID,0.623316,VALID,,,Critical,CRITICAL_ALARM: Sensor data missing or invalid
2026-03-28 09:00:00+00:00,0.89410296,VALID,0.622554,VALID,,,Critical,CRITICAL_ALARM: Sensor data missing or invalid
2026-03-28 10:00:00+00:00,0.8990583999999999,VALID,0.623316,VALID,,,Critical,CRITICAL_ALARM: Sensor data missing or invalid
2026-03-28 11:00:00+00:00,0.89410296,VALID,0.622554,VALID,,,Critical,CRITICAL_ALARM: Sensor data missing or invalid
2026-03-28 12:00:00+00:00,0.89835048,VALID,0.623316,VALID,,,Critical,CRITICAL_ALARM: Sensor data missing or invalid
2026-03-28 13:00:00+00:00,0.8919792,VALID,0.622554,VALID,,,Critical,CRITICAL_ALARM: Sensor data missing or invalid
2026-03-28 14:00:00+00:00,0.902598,VALID,0.624078,VALID,,,Critical,CRITICAL_ALARM: Sensor data missing or invalid
2026-03-28 15:00:00+00:00,0.88631584,VALID,0.621792,VALID,,,Critical,CRITICAL_ALARM: Sensor data missing or invalid
2026-03-28 16:00:00+00:00,0.89127128,VALID,0.622554,VALID,,,Critical,CRITICAL_ALARM: Sensor data missing or invalid
2026-03-28 17:00:00+00:00,0.88631584,VALID,0.621792,VALID,,,Critical,CRITICAL_ALARM: Sensor data missing or invalid
2026-03-28 18:00:00+00:00,0.88631584,VALID,0.621792,VALID,,,Critical,CRITICAL_ALARM: Sensor data missing or invalid
2026-03-28 19:00:00+00:00,0.89127128,VALID,0.622554,VALID,,,Critical,CRITICAL_ALARM: Sensor data missing or invalid
2026-03-28 20:00:00+00:00,0.88631584,VALID,0.621792,VALID,,,Critical,CRITICAL_ALARM: Sensor data missing or invalid
2026-03-28 21:00:00+00:00,0.8813603999999999,VALID,0.62103,VALID,,,Critical,CRITICAL_ALARM: Sensor data missing or invalid
2026-03-28 22:00:00+00:00,0.87640496,VALID,0.620268,VALID,,,Critical,CRITICAL_ALARM: Sensor data missing or invalid
2026-03-28 23:00:00+00:00,0.8813603999999999,VALID,0.62103,VALID,,,Critical,CRITICAL_ALARM: Sensor data missing or invalid
2026-03-29 00:00:00+00:00,0.86649408,VALID,0.618744,VALID,,,Critical,CRITICAL_ALARM: Sensor data missing or invalid
2026-03-29 01:00:00+00:00,0.8813603999999999,VALID,0.62103,VALID,,,Critical,CRITICAL_ALARM: Sensor data missing or invalid
2026-03-29 02:00:00+00:00,0.88631584,VALID,0.621792,VALID,,,Critical,CRITICAL_ALARM: Sensor data missing or invalid
2026-03-29 03:00:00+00:00,0.8841920799999999,VALID,0.621792,VALID,,,Critical,CRITICAL_ALARM: Sensor data missing or invalid
2026-03-29 04:00:00+00:00,0.9061376,VALID,0.62484,VALID,,,Critical,CRITICAL_ALARM: Sensor data missing or invalid
2026-03-29 05:00:00+00:00,0.9047217599999999,VALID,0.62484,VALID,,,Critical,CRITICAL_ALARM: Sensor data missing or invalid
2026-03-29 06:00:00+00:00,0.91958808,VALID,0.627126,VALID,,,Critical,CRITICAL_ALARM: Sensor data missing or invalid
2026-03-29 07:00:00+00:00,0.90896928,VALID,0.625602,VALID,,,Critical,CRITICAL_ALARM: Sensor data missing or invalid
2026-03-29 08:00:00+00:00,0.89835048,VALID,0.62103,VALID,,,Critical,CRITICAL_ALARM: Sensor data missing or invalid
2026-03-29 09:00:00+00:00,0.8884396,VALID,0.619506,VALID,,,Critical,CRITICAL_ALARM: Sensor data missing or invalid
2026-03-29 10:00:00+00:00,0.8884396,VALID,0.619506,VALID,,,Critical,CRITICAL_ALARM: Sensor data missing or invalid
2026-03-29 11:00:00+00:00,0.88348416,VALID,0.618744,VALID,,,Critical,CRITICAL_ALARM: Sensor data missing or invalid
2026-03-29 12:00:00+00:00,0.8933950399999999,VALID,0.620268,VALID,,,Critical,CRITICAL_ALARM: Sensor data missing or invalid
2026-03-29 13:00:00+00:00,0.8933950399999999,VALID,0.620268,VALID,,,Critical,CRITICAL_ALARM: Sensor data missing or invalid
2026-03-29 14:00:00+00:00,0.8933950399999999,VALID,0.620268,VALID,,,Critical,CRITICAL_ALARM: Sensor data missing or invalid
2026-03-29 15:00:00+00:00,0.88348416,VALID,0.618744,VALID,,,Critical,CRITICAL_ALARM: Sensor data missing or invalid
2026-03-29 16:00:00+00:00,0.88348416,VALID,0.618744,VALID,,,Critical,CRITICAL_ALARM: Sensor data missing or invalid
2026-03-29 17:00:00+00:00,0.88773168,VALID,0.619506,VALID,,,Critical,CRITICAL_ALARM: Sensor data missing or invalid
2026-03-29 18:00:00+00:00,0.8806524800000001,VALID,0.618744,VALID,,,Critical,CRITICAL_ALARM: Sensor data missing or invalid
2026-03-29 19:00:00+00:00,0.87569704,VALID,0.617982,VALID,,,Critical,CRITICAL_ALARM: Sensor data missing or invalid
2026-03-29 20:00:00+00:00,0.87569704,VALID,0.617982,VALID,,,Critical,CRITICAL_ALARM: Sensor data missing or invalid
2026-03-29 21:00:00+00:00,0.8608307199999999,VALID,0.615696,VALID,,,Critical,CRITICAL_ALARM: Sensor data missing or invalid
2026-03-29 22:00:00+00:00,0.85091984,VALID,0.6141719999999999,VALID,,,Critical,CRITICAL_ALARM: Sensor data missing or invalid
2026-03-29 23:00:00+00:00,0.86578616,VALID,0.616458,VALID,,,Critical,CRITICAL_ALARM: Sensor data missing or invalid
2026-03-30 00:00:00+00:00,0.86578616,VALID,0.616458,VALID,,,Critical,CRITICAL_ALARM: Sensor data missing or invalid
2026-03-30 01:00:00+00:00,0.8707416,VALID,0.61722,VALID,,,Critical,CRITICAL_ALARM: Sensor data missing or invalid
2026-03-30 02:00:00+00:00,0.8806524800000001,VALID,0.618744,VALID,,,Critical,CRITICAL_ALARM: Sensor data missing or invalid
2026-03-30 03:00:00+00:00,0.8806524800000001,VALID,0.618744,VALID,,,Critical,CRITICAL_ALARM: Sensor data missing or invalid
2026-03-30 04:00:00+00:00,0.8955188000000001,VALID,0.62103,VALID,,,Critical,CRITICAL_ALARM: Sensor data missing or invalid
2026-03-30 05:00:00+00:00,0.89056336,VALID,0.620268,VALID,,,Critical,CRITICAL_ALARM: Sensor data missing or invalid
2026-03-30 06:00:00+00:00,0.90047424,VALID,0.621792,VALID,,,Critical,CRITICAL_ALARM: Sensor data missing or invalid
2026-03-30 07:00:00+00:00,0.90047424,VALID,0.621792,VALID,,,Critical,CRITICAL_ALARM: Sensor data missing or invalid
2026-03-30 08:00:00+00:00,0.90047424,VALID,0.621792,VALID,,,Critical,CRITICAL_ALARM: Sensor data missing or invalid
2026-03-30 09:00:00+00:00,0.89481088,VALID,0.62103,VALID,,,Critical,CRITICAL_ALARM: Sensor data missing or invalid
2026-03-30 10:00:00+00:00,0.89268712,VALID,0.62103,VALID,,,Critical,CRITICAL_ALARM: Sensor data missing or invalid
2026-03-30 11:00:00+00:00,0.89764256,VALID,0.621792,VALID,,,Critical,CRITICAL_ALARM: Sensor data missing or invalid
2026-03-30 12:00:00+00:00,0.89268712,VALID,0.62103,VALID,,,Critical,CRITICAL_ALARM: Sensor data missing or invalid
2026-03-30 13:00:00+00:00,0.902598,VALID,0.622554,VALID,,,Critical,CRITICAL_ALARM: Sensor data missing or invalid
2026-03-30 14:00:00+00:00,0.8877316799999999,VALID,0.620268,VALID,,,Critical,CRITICAL_ALARM: Sensor data missing or invalid
2026-03-30 15:00:00+00:00,0.902598,VALID,0.6225539999999999,VALID,,,Critical,CRITICAL_ALARM: Sensor data missing or invalid
2026-03-30 16:00:00+00:00,0.89268712,VALID,0.62103,VALID,,,Critical,CRITICAL_ALARM: Sensor data missing or invalid
2026-03-30 17:00:00+00:00,0.89764256,VALID,0.621792,VALID,,,Critical,CRITICAL_ALARM: Sensor data missing or invalid
2026-03-30 18:00:00+00:00,0.902598,VALID,0.622554,VALID,,,Critical,CRITICAL_ALARM: Sensor data missing or invalid
2026-03-30 19:00:00+00:00,0.89764256,VALID,0.621792,VALID,,,Critical,CRITICAL_ALARM: Sensor data missing or invalid
2026-03-30 20:00:00+00:00,0.8877316799999999,VALID,0.620268,VALID,,,Critical,CRITICAL_ALARM: Sensor data missing or invalid
2026-03-30 21:00:00+00:00,0.89764256,VALID,0.621792,VALID,,,Critical,CRITICAL_ALARM: Sensor data missing or invalid
2026-03-30 22:00:00+00:00,0.8877316799999999,VALID,0.620268,VALID,,,Critical,CRITICAL_ALARM: Sensor data missing or invalid
2026-03-30 23:00:00+00:00,0.91250888,VALID,0.6240779999999999,VALID,,,Critical,CRITICAL_ALARM: Sensor data missing or invalid
2026-03-31 00:00:00+00:00,0.91180096,VALID,0.6240779999999999,VALID,,,Critical,CRITICAL_ALARM: Sensor data missing or invalid
2026-03-31 01:00:00+00:00,0.9061376,VALID,0.623316,VALID,,,Critical,CRITICAL_ALARM: Sensor data missing or invalid
2026-03-31 02:00:00+00:00,0.91180096,VALID,0.6240779999999999,VALID,,,Critical,CRITICAL_ALARM: Sensor data missing or invalid
2026-03-31 03:00:00+00:00,0.9061376,VALID,0.623316,VALID,,,Critical,CRITICAL_ALARM: Sensor data missing or invalid
2026-03-31 04:00:00+00:00,0.9047217599999999,VALID,0.623316,VALID,,,Critical,CRITICAL_ALARM: Sensor data missing or invalid
2026-03-31 05:00:00+00:00,0.9096772,VALID,0.6240779999999999,VALID,,,Critical,CRITICAL_ALARM: Sensor data missing or invalid
2026-03-31 06:00:00+00:00,0.8997663199999999,VALID,0.622554,VALID,,,Critical,CRITICAL_ALARM: Sensor data missing or invalid
2026-03-31 07:00:00+00:00,0.8997663199999999,VALID,0.622554,VALID,,,Critical,CRITICAL_ALARM: Sensor data missing or invalid
2026-03-31 08:00:00+00:00,0.89481088,VALID,0.621792,VALID,,,Critical,CRITICAL_ALARM: Sensor data missing or invalid
2026-03-31 09:00:00+00:00,0.8997663199999999,VALID,0.622554,VALID,,,Critical,CRITICAL_ALARM: Sensor data missing or invalid
2026-03-31 10:00:00+00:00,0.8849,VALID,0.620268,VALID,,,Critical,CRITICAL_ALARM: Sensor data missing or invalid
2026-03-31 11:00:00+00:00,0.89481088,VALID,0.621792,VALID,,,Critical,CRITICAL_ALARM: Sensor data missing or invalid
2026-03-31 12:00:00+00:00,0.89481088,VALID,0.621792,VALID,,,Critical,CRITICAL_ALARM: Sensor data missing or invalid
2026-03-31 13:00:00+00:00,0.8898554399999999,VALID,0.62103,VALID,,,Critical,CRITICAL_ALARM: Sensor data missing or invalid
2026-03-31 14:00:00+00:00,0.8884396,VALID,0.62103,VALID,,,Critical,CRITICAL_ALARM: Sensor data missing or invalid
2026-03-31 15:00:00+00:00,0.89268712,VALID,0.621792,VALID,,,Critical,CRITICAL_ALARM: Sensor data missing or invalid
2026-03-31 16:00:00+00:00,0.87711288,VALID,0.619506,VALID,,,Critical,CRITICAL_ALARM: Sensor data missing or invalid
2026-03-31 17:00:00+00:00,0.867202,VALID,0.617982,VALID,,,Critical,CRITICAL_ALARM: Sensor data missing or invalid
2026-03-31 18:00:00+00:00,0.8572911200000001,VALID,0.616458,VALID,,,Critical,CRITICAL_ALARM: Sensor data missing or invalid
2026-03-31 19:00:00+00:00,0.85233568,VALID,0.615696,VALID,,,Critical,CRITICAL_ALARM: Sensor data missing or invalid
2026-03-31 20:00:00+00:00,0.8572911200000001,VALID,0.616458,VALID,,,Critical,CRITICAL_ALARM: Sensor data missing or invalid
2026-03-31 21:00:00+00:00,0.85233568,VALID,0.615696,VALID,,,Critical,CRITICAL_ALARM: Sensor data missing or invalid
2026-03-31 22:00:00+00:00,0.84738024,VALID,0.614934,VALID,,,Critical,CRITICAL_ALARM: Sensor data missing or invalid
2026-03-31 23:00:00+00:00,0.867202,VALID,0.617982,VALID,,,Critical,CRITICAL_ALARM: Sensor data missing or invalid
2026-04-01 00:00:00+00:00,0.8721574400000001,VALID,0.618744,VALID,,,Critical,CRITICAL_ALARM: Sensor data missing or invalid
2026-04-01 01:00:00+00:00,0.8721574400000001,VALID,0.618744,VALID,,,Critical,CRITICAL_ALARM: Sensor data missing or invalid
2026-04-01 02:00:00+00:00,0.88206832,VALID,0.620268,VALID,,,Critical,CRITICAL_ALARM: Sensor data missing or invalid
2026-04-01 03:00:00+00:00,0.8870237599999999,VALID,0.62103,VALID,,,Critical,CRITICAL_ALARM: Sensor data missing or invalid
2026-04-01 04:00:00+00:00,0.89693464,VALID,0.622554,VALID,,,Critical,CRITICAL_ALARM: Sensor data missing or invalid
2026-04-01 05:00:00+00:00,0.92666728,VALID,0.627126,VALID,,,Critical,CRITICAL_ALARM: Sensor data missing or invalid
2026-04-01 06:00:00+00:00,0.92666728,VALID,0.627126,VALID,,,Critical,CRITICAL_ALARM: Sensor data missing or invalid
2026-04-01 07:00:00+00:00,0.92666728,VALID,0.627126,VALID,,,Critical,CRITICAL_ALARM: Sensor data missing or invalid
2026-04-01 08:00:00+00:00,0.9316227199999999,VALID,0.627888,VALID,,,Critical,CRITICAL_ALARM: Sensor data missing or invalid
2026-04-01 09:00:00+00:00,0.920296,VALID,0.6263639999999999,VALID,,,Critical,CRITICAL_ALARM: Sensor data missing or invalid
2026-04-01 10:00:00+00:00,0.9316227199999999,VALID,0.627888,VALID,,,Critical,CRITICAL_ALARM: Sensor data missing or invalid
2026-04-01 11:00:00+00:00,0.9316227199999999,VALID,0.627888,VALID,,,Critical,CRITICAL_ALARM: Sensor data missing or invalid
2026-04-01 12:00:00+00:00,0.9294989599999999,VALID,0.627888,VALID,,,Critical,CRITICAL_ALARM: Sensor data missing or invalid
2026-04-01 13:00:00+00:00,0.9401177599999999,VALID,0.629412,VALID,,,Critical,CRITICAL_ALARM: Sensor data missing or invalid
2026-04-01 14:00:00+00:00,0.9344543999999999,VALID,0.6286499999999999,VALID,,,Critical,CRITICAL_ALARM: Sensor data missing or invalid
2026-04-01 15:00:00+00:00,0.9344543999999999,VALID,0.6286499999999999,VALID,,,Critical,CRITICAL_ALARM: Sensor data missing or invalid
2026-04-01 16:00:00+00:00,0.9287910399999999,VALID,0.627888,VALID,,,Critical,CRITICAL_ALARM: Sensor data missing or invalid
2026-04-01 17:00:00+00:00,0.92949896,VALID,0.627888,VALID,,,Critical,CRITICAL_ALARM: Sensor data missing or invalid
2026-04-01 18:00:00+00:00,0.9287910399999999,VALID,0.627888,VALID,,,Critical,CRITICAL_ALARM: Sensor data missing or invalid
2026-04-01 19:00:00+00:00,0.9287910399999999,VALID,0.627888,VALID,,,Critical,CRITICAL_ALARM: Sensor data missing or invalid
2026-04-01 20:00:00+00:00,0.9238355999999999,VALID,0.627126,VALID,,,Critical,CRITICAL_ALARM: Sensor data missing or invalid
2026-04-01 21:00:00+00:00,0.9238355999999999,VALID,0.627126,VALID,,,Critical,CRITICAL_ALARM: Sensor data missing or invalid
2026-04-01 22:00:00+00:00,0.9337464799999999,VALID,0.6286499999999999,VALID,,,Critical,CRITICAL_ALARM: Sensor data missing or invalid
2026-04-01 23:00:00+00:00,0.9287910399999999,VALID,0.627888,VALID,,,Critical,CRITICAL_ALARM: Sensor data missing or invalid
2026-04-02 00:00:00+00:00,0.9337464799999999,VALID,0.6286499999999999,VALID,,,Critical,CRITICAL_ALARM: Sensor data missing or invalid
2026-04-02 01:00:00+00:00,0.94365736,VALID,0.630174,VALID,,,Critical,CRITICAL_ALARM: Sensor data missing or invalid
2026-04-02 02:00:00+00:00,0.9486128,VALID,0.6309359999999999,VALID,,,Critical,CRITICAL_ALARM: Sensor data missing or invalid
2026-04-02 03:00:00+00:00,0.9535682400000001,VALID,0.631698,VALID,,,Critical,CRITICAL_ALARM: Sensor data missing or invalid
2026-04-02 04:00:00+00:00,0.9740979200000001,VALID,0.634746,VALID,,,Critical,CRITICAL_ALARM: Sensor data missing or invalid
2026-04-02 05:00:00+00:00,0.96843456,VALID,0.6339840000000001,VALID,,,Critical,CRITICAL_ALARM: Sensor data missing or invalid
2026-04-02 06:00:00+00:00,0.991088,VALID,0.637032,VALID,,,Critical,CRITICAL_ALARM: Sensor data missing or invalid
2026-04-02 07:00:00+00:00,0.98542464,VALID,0.6362700000000001,VALID,,,Critical,CRITICAL_ALARM: Sensor data missing or invalid
2026-04-02 08:00:00+00:00,0.991088,VALID,0.637032,VALID,,,Critical,CRITICAL_ALARM: Sensor data missing or invalid
2026-04-02 09:00:00+00:00,0.991088,VALID,0.637032,VALID,,,Critical,CRITICAL_ALARM: Sensor data missing or invalid
2026-04-02 10:00:00+00:00,0.98542464,VALID,0.6362700000000001,VALID,,,Critical,CRITICAL_ALARM: Sensor data missing or invalid
2026-04-02 11:00:00+00:00,0.98330088,VALID,0.6362700000000001,VALID,,,Critical,CRITICAL_ALARM: Sensor data missing or invalid
2026-04-02 12:00:00+00:00,0.97834544,VALID,0.6355080000000001,VALID,,,Critical,CRITICAL_ALARM: Sensor data missing or invalid
2026-04-02 13:00:00+00:00,0.97834544,VALID,0.6355080000000001,VALID,,,Critical,CRITICAL_ALARM: Sensor data missing or invalid
2026-04-02 14:00:00+00:00,0.97339,VALID,0.634746,VALID,,,Critical,CRITICAL_ALARM: Sensor data missing or invalid
2026-04-02 15:00:00+00:00,0.9712662400000001,VALID,0.634746,VALID,,,Critical,CRITICAL_ALARM: Sensor data missing or invalid
2026-04-02 16:00:00+00:00,0.96560288,VALID,0.6339840000000001,VALID,,,Critical,CRITICAL_ALARM: Sensor data missing or invalid
2026-04-02 17:00:00+00:00,0.96064744,VALID,0.6332220000000001,VALID,,,Critical,CRITICAL_ALARM: Sensor data missing or invalid
2026-04-02 18:00:00+00:00,0.96064744,VALID,0.6332220000000001,VALID,,,Critical,CRITICAL_ALARM: Sensor data missing or invalid
2026-04-02 19:00:00+00:00,0.9457811199999999,VALID,0.6309359999999999,VALID,,,Critical,CRITICAL_ALARM: Sensor data missing or invalid
2026-04-02 20:00:00+00:00,0.95002864,VALID,0.6316980000000001,VALID,,,Critical,CRITICAL_ALARM: Sensor data missing or invalid
2026-04-02 21:00:00+00:00,0.94932072,VALID,0.631698,VALID,,,Critical,CRITICAL_ALARM: Sensor data missing or invalid
2026-04-02 22:00:00+00:00,0.9429494399999999,VALID,0.6309359999999999,VALID,,,Critical,CRITICAL_ALARM: Sensor data missing or invalid
2026-04-02 23:00:00+00:00,0.9486127999999999,VALID,0.631698,VALID,,,Critical,CRITICAL_ALARM: Sensor data missing or invalid
2026-04-03 00:00:00+00:00,0.93303856,VALID,0.629412,VALID,,,Critical,CRITICAL_ALARM: Sensor data missing or invalid
2026-04-03 01:00:00+00:00,0.937994,VALID,0.630174,VALID,,,Critical,CRITICAL_ALARM: Sensor data missing or invalid
2026-04-03 02:00:00+00:00,0.937994,VALID,0.630174,VALID,,,Critical,CRITICAL_ALARM: Sensor data missing or invalid
2026-04-03 03:00:00+00:00,0.937994,VALID,0.630174,VALID,,,Critical,CRITICAL_ALARM: Sensor data missing or invalid
2026-04-03 04:00:00+00:00,0.9429494399999999,VALID,0.6309359999999999,VALID,,,Critical,CRITICAL_ALARM: Sensor data missing or invalid
2026-04-03 05:00:00+00:00,0.937994,VALID,0.630174,VALID,,,Critical,CRITICAL_ALARM: Sensor data missing or invalid
2026-04-03 06:00:00+00:00,0.9372860799999999,VALID,0.630174,VALID,,,Critical,CRITICAL_ALARM: Sensor data missing or invalid
2026-04-03 07:00:00+00:00,0.93162272,VALID,0.629412,VALID,,,Critical,CRITICAL_ALARM: Sensor data missing or invalid
2026-04-03 08:00:00+00:00,0.92595936,VALID,0.6286499999999999,VALID,,,Critical,CRITICAL_ALARM: Sensor data missing or invalid
2026-04-03 09:00:00+00:00,0.93162272,VALID,0.629412,VALID,,,Critical,CRITICAL_ALARM: Sensor data missing or invalid
2026-04-03 10:00:00+00:00,0.920296,VALID,0.627888,VALID,,,Critical,CRITICAL_ALARM: Sensor data missing or invalid
2026-04-03 11:00:00+00:00,0.920296,VALID,0.627888,VALID,,,Critical,CRITICAL_ALARM: Sensor data missing or invalid
2026-04-03 12:00:00+00:00,0.920296,VALID,0.627888,VALID,,,Critical,CRITICAL_ALARM: Sensor data missing or invalid
2026-04-03 13:00:00+00:00,0.920296,VALID,0.627888,VALID,,,Critical,CRITICAL_ALARM: Sensor data missing or invalid
2026-04-03 14:00:00+00:00,0.920296,VALID,0.627888,VALID,,,Critical,CRITICAL_ALARM: Sensor data missing or invalid
2026-04-03 15:00:00+00:00,0.920296,VALID,0.627888,VALID,,,Critical,CRITICAL_ALARM: Sensor data missing or invalid
2026-04-03 16:00:00+00:00,0.91534056,VALID,0.627126,VALID,,,Critical,CRITICAL_ALARM: Sensor data missing or invalid
2026-04-03 17:00:00+00:00,0.920296,VALID,0.627888,VALID,,,Critical,CRITICAL_ALARM: Sensor data missing or invalid
2026-04-03 18:00:00+00:00,0.94082568,VALID,0.630936,VALID,,,Critical,CRITICAL_ALARM: Sensor data missing or invalid
2026-04-03 19:00:00+00:00,0.91463264,VALID,0.627126,VALID,,,Critical,CRITICAL_ALARM: Sensor data missing or invalid
2026-04-03 20:00:00+00:00,0.90826136,VALID,0.6263639999999999,VALID,,,Critical,CRITICAL_ALARM: Sensor data missing or invalid
2026-04-03 21:00:00+00:00,0.91250888,VALID,0.627126,VALID,,,Critical,CRITICAL_ALARM: Sensor data missing or invalid
2026-04-03 22:00:00+00:00,0.902598,VALID,0.625602,VALID,,,Critical,CRITICAL_ALARM: Sensor data missing or invalid
2026-04-03 23:00:00+00:00,0.902598,VALID,0.625602,VALID,,,Critical,CRITICAL_ALARM: Sensor data missing or invalid
2026-04-04 00:00:00+00:00,0.902598,VALID,0.625602,VALID,,,Critical,CRITICAL_ALARM: Sensor data missing or invalid
2026-04-04 01:00:00+00:00,0.89764256,VALID,0.62484,VALID,,,Critical,CRITICAL_ALARM: Sensor data missing or invalid
2026-04-04 02:00:00+00:00,0.902598,VALID,0.625602,VALID,,,Critical,CRITICAL_ALARM: Sensor data missing or invalid
2026-04-04 03:00:00+00:00,0.902598,VALID,0.625602,VALID,,,Critical,CRITICAL_ALARM: Sensor data missing or invalid
2026-04-04 04:00:00+00:00,0.91250888,VALID,0.627126,VALID,,,Critical,CRITICAL_ALARM: Sensor data missing or invalid
2026-04-04 05:00:00+00:00,0.91250888,VALID,0.627126,VALID,,,Critical,CRITICAL_ALARM: Sensor data missing or invalid
2026-04-04 06:00:00+00:00,0.91746432,VALID,0.627888,VALID,,,Critical,CRITICAL_ALARM: Sensor data missing or invalid
2026-04-04 07:00:00+00:00,0.90047424,VALID,0.625602,VALID,,,Critical,CRITICAL_ALARM: Sensor data missing or invalid
2026-04-04 08:00:00+00:00,0.9061376,VALID,0.6263639999999999,VALID,,,Critical,CRITICAL_ALARM: Sensor data missing or invalid
2026-04-04 09:00:00+00:00,0.91746432,VALID,0.627888,VALID,,,Critical,CRITICAL_ALARM: Sensor data missing or invalid
2026-04-04 10:00:00+00:00,0.91534056,VALID,0.627888,VALID,,,Critical,CRITICAL_ALARM: Sensor data missing or invalid
2026-04-04 11:00:00+00:00,0.9146326399999999,VALID,0.627888,VALID,,,Critical,CRITICAL_ALARM: Sensor data missing or invalid
2026-04-04 12:00:00+00:00,0.9146326399999999,VALID,0.627888,VALID,,,Critical,CRITICAL_ALARM: Sensor data missing or invalid
2026-04-04 13:00:00+00:00,0.9146326399999999,VALID,0.627888,VALID,,,Critical,CRITICAL_ALARM: Sensor data missing or invalid
2026-04-04 14:00:00+00:00,0.9146326399999999,VALID,0.627888,VALID,,,Critical,CRITICAL_ALARM: Sensor data missing or invalid
2026-04-04 15:00:00+00:00,0.93020688,VALID,0.630174,VALID,,,Critical,CRITICAL_ALARM: Sensor data missing or invalid
2026-04-04 16:00:00+00:00,0.92454352,VALID,0.629412,VALID,,,Critical,CRITICAL_ALARM: Sensor data missing or invalid
2026-04-04 17:00:00+00:00,0.9146326399999999,VALID,0.627888,VALID,,,Critical,CRITICAL_ALARM: Sensor data missing or invalid
2026-04-04 18:00:00+00:00,0.9047217599999999,VALID,0.6263639999999999,VALID,,,Critical,CRITICAL_ALARM: Sensor data missing or invalid
2026-04-04 19:00:00+00:00,0.8997663199999999,VALID,0.625602,VALID,,,Critical,CRITICAL_ALARM: Sensor data missing or invalid
2026-04-04 20:00:00+00:00,0.89481088,VALID,0.62484,VALID,,,Critical,CRITICAL_ALARM: Sensor data missing or invalid
2026-04-04 21:00:00+00:00,0.8933950399999999,VALID,0.62484,VALID,,,Critical,CRITICAL_ALARM: Sensor data missing or invalid
2026-04-04 22:00:00+00:00,0.90330592,VALID,0.6263639999999999,VALID,,,Critical,CRITICAL_ALARM: Sensor data missing or invalid
2026-04-04 23:00:00+00:00,0.89764256,VALID,0.625602,VALID,,,Critical,CRITICAL_ALARM: Sensor data missing or invalid
2026-04-05 00:00:00+00:00,0.8919792,VALID,0.62484,VALID,,,Critical,CRITICAL_ALARM: Sensor data missing or invalid
2026-04-05 01:00:00+00:00,0.88206832,VALID,0.623316,VALID,,,Critical,CRITICAL_ALARM: Sensor data missing or invalid
2026-04-05 02:00:00+00:00,0.88206832,VALID,0.623316,VALID,,,Critical,CRITICAL_ALARM: Sensor data missing or invalid
2026-04-05 03:00:00+00:00,0.8771128800000001,VALID,0.622554,VALID,,,Critical,CRITICAL_ALARM: Sensor data missing or invalid
2026-04-05 04:00:00+00:00,0.8771128800000001,VALID,0.622554,VALID,,,Critical,CRITICAL_ALARM: Sensor data missing or invalid
2026-04-05 05:00:00+00:00,0.8919792,VALID,0.62484,VALID,,,Critical,CRITICAL_ALARM: Sensor data missing or invalid
2026-04-05 06:00:00+00:00,0.8919792,VALID,0.62484,VALID,,,Critical,CRITICAL_ALARM: Sensor data missing or invalid
2026-04-05 07:00:00+00:00,0.8919792,VALID,0.62484,VALID,,,Critical,CRITICAL_ALARM: Sensor data missing or invalid
2026-04-05 08:00:00+00:00,0.8919792,VALID,0.62484,VALID,,,Critical,CRITICAL_ALARM: Sensor data missing or invalid
2026-04-05 09:00:00+00:00,0.8919792,VALID,0.62484,VALID,,,Critical,CRITICAL_ALARM: Sensor data missing or invalid
2026-04-05 10:00:00+00:00,0.8919792,VALID,0.62484,VALID,,,Critical,CRITICAL_ALARM: Sensor data missing or invalid
2026-04-05 11:00:00+00:00,0.89127128,VALID,0.62484,VALID,,,Critical,CRITICAL_ALARM: Sensor data missing or invalid
2026-04-05 12:00:00+00:00,0.88914752,VALID,0.62484,VALID,,,Critical,CRITICAL_ALARM: Sensor data missing or invalid
2026-04-05 13:00:00+00:00,0.88914752,VALID,0.62484,VALID,,,Critical,CRITICAL_ALARM: Sensor data missing or invalid
2026-04-05 14:00:00+00:00,0.89976632,VALID,0.6263639999999999,VALID,,,Critical,CRITICAL_ALARM: Sensor data missing or invalid
2026-04-05 15:00:00+00:00,0.89410296,VALID,0.625602,VALID,,,Critical,CRITICAL_ALARM: Sensor data missing or invalid
2026-04-05 16:00:00+00:00,0.88914752,VALID,0.62484,VALID,,,Critical,CRITICAL_ALARM: Sensor data missing or invalid
2026-04-05 17:00:00+00:00,0.88914752,VALID,0.62484,VALID,,,Critical,CRITICAL_ALARM: Sensor data missing or invalid
2026-04-05 18:00:00+00:00,0.8841920799999999,VALID,0.6240779999999999,VALID,,,Critical,CRITICAL_ALARM: Sensor data missing or invalid
2026-04-05 19:00:00+00:00,0.87923664,VALID,0.623316,VALID,,,Critical,CRITICAL_ALARM: Sensor data missing or invalid
2026-04-05 20:00:00+00:00,0.86932576,VALID,0.621792,VALID,,,Critical,CRITICAL_ALARM: Sensor data missing or invalid
2026-04-05 21:00:00+00:00,0.8643703199999999,VALID,0.62103,VALID,,,Critical,CRITICAL_ALARM: Sensor data missing or invalid
2026-04-05 22:00:00+00:00,0.8544594400000001,VALID,0.619506,VALID,,,Critical,CRITICAL_ALARM: Sensor data missing or invalid
2026-04-05 23:00:00+00:00,0.849504,VALID,0.618744,VALID,,,Critical,CRITICAL_ALARM: Sensor data missing or invalid
2026-04-06 00:00:00+00:00,0.84454856,VALID,0.617982,VALID,,,Critical,CRITICAL_ALARM: Sensor data missing or invalid
2026-04-06 01:00:00+00:00,0.849504,VALID,0.618744,VALID,,,Critical,CRITICAL_ALARM: Sensor data missing or invalid
2026-04-06 02:00:00+00:00,0.849504,VALID,0.618744,VALID,,,Critical,CRITICAL_ALARM: Sensor data missing or invalid
2026-04-06 03:00:00+00:00,0.8473802399999999,VALID,0.618744,VALID,,,Critical,CRITICAL_ALARM: Sensor data missing or invalid
2026-04-06 04:00:00+00:00,0.85162776,VALID,0.619506,VALID,,,Critical,CRITICAL_ALARM: Sensor data missing or invalid
2026-04-06 05:00:00+00:00,0.8565832,VALID,0.620268,VALID,,,Critical,CRITICAL_ALARM: Sensor data missing or invalid
2026-04-06 06:00:00+00:00,0.86153864,VALID,0.62103,VALID,,,Critical,CRITICAL_ALARM: Sensor data missing or invalid
2026-04-06 07:00:00+00:00,0.86153864,VALID,0.62103,VALID,,,Critical,CRITICAL_ALARM: Sensor data missing or invalid
2026-04-06 08:00:00+00:00,0.86649408,VALID,0.621792,VALID,,,Critical,CRITICAL_ALARM: Sensor data missing or invalid
2026-04-06 09:00:00+00:00,0.86649408,VALID,0.621792,VALID,,,Critical,CRITICAL_ALARM: Sensor data missing or invalid
2026-04-06 10:00:00+00:00,0.86649408,VALID,0.621792,VALID,,,Critical,CRITICAL_ALARM: Sensor data missing or invalid
2026-04-06 11:00:00+00:00,0.86649408,VALID,0.621792,VALID,,,Critical,CRITICAL_ALARM: Sensor data missing or invalid
2026-04-06 12:00:00+00:00,0.86649408,VALID,0.621792,VALID,,,Critical,CRITICAL_ALARM: Sensor data missing or invalid
2026-04-06 13:00:00+00:00,0.8714495200000001,VALID,0.622554,VALID,,,Critical,CRITICAL_ALARM: Sensor data missing or invalid
2026-04-06 14:00:00+00:00,0.8714495200000001,VALID,0.622554,VALID,,,Critical,CRITICAL_ALARM: Sensor data missing or invalid
2026-04-06 15:00:00+00:00,0.87640496,VALID,0.623316,VALID,,,Critical,CRITICAL_ALARM: Sensor data missing or invalid
2026-04-06 16:00:00+00:00,0.8707415999999999,VALID,0.6225539999999999,VALID,,,Critical,CRITICAL_ALARM: Sensor data missing or invalid
2026-04-06 17:00:00+00:00,0.86861784,VALID,0.622554,VALID,,,Critical,CRITICAL_ALARM: Sensor data missing or invalid
2026-04-06 18:00:00+00:00,0.86861784,VALID,0.622554,VALID,,,Critical,CRITICAL_ALARM: Sensor data missing or invalid
2026-04-06 19:00:00+00:00,0.87357328,VALID,0.623316,VALID,,,Critical,CRITICAL_ALARM: Sensor data missing or invalid
2026-04-06 20:00:00+00:00,0.8636623999999999,VALID,0.621792,VALID,,,Critical,CRITICAL_ALARM: Sensor data missing or invalid
2026-04-06 21:00:00+00:00,0.87357328,VALID,0.623316,VALID,,,Critical,CRITICAL_ALARM: Sensor data missing or invalid
2026-04-06 22:00:00+00:00,0.8785287199999999,VALID,0.6240779999999999,VALID,,,Critical,CRITICAL_ALARM: Sensor data missing or invalid
2026-04-06 23:00:00+00:00,0.86861784,VALID,0.6225539999999999,VALID,,,Critical,CRITICAL_ALARM: Sensor data missing or invalid
2026-04-07 00:00:00+00:00,0.8884396,VALID,0.625602,VALID,,,Critical,CRITICAL_ALARM: Sensor data missing or invalid
2026-04-07 01:00:00+00:00,0.88348416,VALID,0.62484,VALID,,,Critical,CRITICAL_ALARM: Sensor data missing or invalid
2026-04-07 02:00:00+00:00,0.88348416,VALID,0.62484,VALID,,,Critical,CRITICAL_ALARM: Sensor data missing or invalid
2026-04-07 03:00:00+00:00,0.8933950399999999,VALID,0.6263639999999999,VALID,,,Critical,CRITICAL_ALARM: Sensor data missing or invalid
2026-04-07 04:00:00+00:00,0.8884396,VALID,0.625602,VALID,,,Critical,CRITICAL_ALARM: Sensor data missing or invalid
2026-04-07 05:00:00+00:00,0.8884396,VALID,0.625602,VALID,,,Critical,CRITICAL_ALARM: Sensor data missing or invalid
2026-04-07 06:00:00+00:00,0.89835048,VALID,0.627126,VALID,,,Critical,CRITICAL_ALARM: Sensor data missing or invalid
2026-04-07 07:00:00+00:00,0.88702376,VALID,0.625602,VALID,,,Critical,CRITICAL_ALARM: Sensor data missing or invalid
2026-04-07 08:00:00+00:00,0.8919792,VALID,0.6263639999999999,VALID,,,Critical,CRITICAL_ALARM: Sensor data missing or invalid
2026-04-07 09:00:00+00:00,0.89622672,VALID,0.627126,VALID,,,Critical,CRITICAL_ALARM: Sensor data missing or invalid
2026-04-07 10:00:00+00:00,0.90047424,VALID,0.627888,VALID,,,Critical,CRITICAL_ALARM: Sensor data missing or invalid
2026-04-07 11:00:00+00:00,0.8955188000000001,VALID,0.627126,VALID,,,Critical,CRITICAL_ALARM: Sensor data missing or invalid
2026-04-07 12:00:00+00:00,0.8955188000000001,VALID,0.627126,VALID,,,Critical,CRITICAL_ALARM: Sensor data missing or invalid
2026-04-07 13:00:00+00:00,0.8955188000000001,VALID,0.627126,VALID,,,Critical,CRITICAL_ALARM: Sensor data missing or invalid
2026-04-07 14:00:00+00:00,0.90047424,VALID,0.627888,VALID,,,Critical,CRITICAL_ALARM: Sensor data missing or invalid
2026-04-07 15:00:00+00:00,0.89056336,VALID,0.6263639999999999,VALID,,,Critical,CRITICAL_ALARM: Sensor data missing or invalid
2026-04-07 16:00:00+00:00,0.90047424,VALID,0.627888,VALID,,,Critical,CRITICAL_ALARM: Sensor data missing or invalid
2026-04-07 17:00:00+00:00,0.90542968,VALID,0.6286499999999999,VALID,,,Critical,CRITICAL_ALARM: Sensor data missing or invalid
2026-04-07 18:00:00+00:00,0.89056336,VALID,0.6263639999999999,VALID,,,Critical,CRITICAL_ALARM: Sensor data missing or invalid
2026-04-07 19:00:00+00:00,0.87569704,VALID,0.6240779999999999,VALID,,,Critical,CRITICAL_ALARM: Sensor data missing or invalid
2026-04-07 20:00:00+00:00,0.87569704,VALID,0.6240779999999999,VALID,,,Critical,CRITICAL_ALARM: Sensor data missing or invalid
2026-04-07 21:00:00+00:00,0.8707416,VALID,0.623316,VALID,,,Critical,CRITICAL_ALARM: Sensor data missing or invalid
2026-04-07 22:00:00+00:00,0.86790992,VALID,0.623316,VALID,,,Critical,CRITICAL_ALARM: Sensor data missing or invalid
2026-04-07 23:00:00+00:00,0.86790992,VALID,0.623316,VALID,,,Critical,CRITICAL_ALARM: Sensor data missing or invalid
2026-04-08 00:00:00+00:00,0.86790992,VALID,0.623316,VALID,,,Critical,CRITICAL_ALARM: Sensor data missing or invalid
2026-04-08 01:00:00+00:00,0.86790992,VALID,0.623316,VALID,,,Critical,CRITICAL_ALARM: Sensor data missing or invalid
2026-04-08 02:00:00+00:00,0.86295448,VALID,0.622554,VALID,,,Critical,CRITICAL_ALARM: Sensor data missing or invalid
2026-04-08 03:00:00+00:00,0.88277624,VALID,0.625602,VALID,,,Critical,CRITICAL_ALARM: Sensor data missing or invalid
2026-04-08 04:00:00+00:00,0.89268712,VALID,0.627126,VALID,,,Critical,CRITICAL_ALARM: Sensor data missing or invalid
2026-04-08 05:00:00+00:00,0.8877316799999999,VALID,0.6263639999999999,VALID,,,Critical,CRITICAL_ALARM: Sensor data missing or invalid
2026-04-08 06:00:00+00:00,0.89268712,VALID,0.627126,VALID,,,Critical,CRITICAL_ALARM: Sensor data missing or invalid
2026-04-08 07:00:00+00:00,0.89268712,VALID,0.627126,VALID,,,Critical,CRITICAL_ALARM: Sensor data missing or invalid
2026-04-08 08:00:00+00:00,0.8877316799999999,VALID,0.6263639999999999,VALID,,,Critical,CRITICAL_ALARM: Sensor data missing or invalid
2026-04-08 09:00:00+00:00,0.89268712,VALID,0.627126,VALID,,,Critical,CRITICAL_ALARM: Sensor data missing or invalid
2026-04-08 10:00:00+00:00,0.89764256,VALID,0.627888,VALID,,,Critical,CRITICAL_ALARM: Sensor data missing or invalid
2026-04-08 11:00:00+00:00,0.88277624,VALID,0.625602,VALID,,,Critical,CRITICAL_ALARM: Sensor data missing or invalid
2026-04-08 12:00:00+00:00,0.8919792,VALID,0.627126,VALID,,,Critical,CRITICAL_ALARM: Sensor data missing or invalid
2026-04-08 13:00:00+00:00,0.87498912,VALID,0.62484,VALID,,,Critical,CRITICAL_ALARM: Sensor data missing or invalid
2026-04-08 14:00:00+00:00,0.87994456,VALID,0.625602,VALID,,,Critical,CRITICAL_ALARM: Sensor data missing or invalid
2026-04-08 15:00:00+00:00,0.8849,VALID,0.6263639999999999,VALID,,,Critical,CRITICAL_ALARM: Sensor data missing or invalid
2026-04-08 16:00:00+00:00,0.87994456,VALID,0.625602,VALID,,,Critical,CRITICAL_ALARM: Sensor data missing or invalid
2026-04-08 17:00:00+00:00,0.8849,VALID,0.6263639999999999,VALID,,,Critical,CRITICAL_ALARM: Sensor data missing or invalid
2026-04-08 18:00:00+00:00,0.8700336799999999,VALID,0.624078,VALID,,,Critical,CRITICAL_ALARM: Sensor data missing or invalid
2026-04-08 19:00:00+00:00,0.86507824,VALID,0.623316,VALID,,,Critical,CRITICAL_ALARM: Sensor data missing or invalid
2026-04-08 20:00:00+00:00,0.85021192,VALID,0.62103,VALID,,,Critical,CRITICAL_ALARM: Sensor data missing or invalid
2026-04-08 21:00:00+00:00,0.8403010399999999,VALID,0.619506,VALID,,,Critical,CRITICAL_ALARM: Sensor data missing or invalid
2026-04-08 22:00:00+00:00,0.85021192,VALID,0.62103,VALID,,,Critical,CRITICAL_ALARM: Sensor data missing or invalid
2026-04-08 23:00:00+00:00,0.8551673599999999,VALID,0.621792,VALID,,,Critical,CRITICAL_ALARM: Sensor data missing or invalid
2026-04-09 00:00:00+00:00,0.8403010399999999,VALID,0.619506,VALID,,,Critical,CRITICAL_ALARM: Sensor data missing or invalid
2026-04-09 01:00:00+00:00,0.8403010399999999,VALID,0.619506,VALID,,,Critical,CRITICAL_ALARM: Sensor data missing or invalid
2026-04-09 02:00:00+00:00,0.8403010399999999,VALID,0.619506,VALID,,,Critical,CRITICAL_ALARM: Sensor data missing or invalid
2026-04-09 03:00:00+00:00,0.85445944,VALID,0.621792,VALID,,,Critical,CRITICAL_ALARM: Sensor data missing or invalid
2026-04-09 04:00:00+00:00,0.85233568,VALID,0.621792,VALID,,,Critical,CRITICAL_ALARM: Sensor data missing or invalid
2026-04-09 05:00:00+00:00,0.85233568,VALID,0.621792,VALID,,,Critical,CRITICAL_ALARM: Sensor data missing or invalid
2026-04-09 06:00:00+00:00,0.86224656,VALID,0.623316,VALID,,,Critical,CRITICAL_ALARM: Sensor data missing or invalid
2026-04-09 07:00:00+00:00,0.8572911200000001,VALID,0.622554,VALID,,,Critical,CRITICAL_ALARM: Sensor data missing or invalid
2026-04-09 08:00:00+00:00,0.8572911200000001,VALID,0.622554,VALID,,,Critical,CRITICAL_ALARM: Sensor data missing or invalid
2026-04-09 09:00:00+00:00,0.85233568,VALID,0.621792,VALID,,,Critical,CRITICAL_ALARM: Sensor data missing or invalid
2026-04-09 10:00:00+00:00,0.85233568,VALID,0.621792,VALID,,,Critical,CRITICAL_ALARM: Sensor data missing or invalid
2026-04-09 11:00:00+00:00,0.85233568,VALID,0.621792,VALID,,,Critical,CRITICAL_ALARM: Sensor data missing or invalid
2026-04-09 12:00:00+00:00,0.8572911200000001,VALID,0.622554,VALID,,,Critical,CRITICAL_ALARM: Sensor data missing or invalid
2026-04-09 13:00:00+00:00,0.85233568,VALID,0.621792,VALID,,,Critical,CRITICAL_ALARM: Sensor data missing or invalid
2026-04-09 14:00:00+00:00,0.85233568,VALID,0.621792,VALID,,,Critical,CRITICAL_ALARM: Sensor data missing or invalid
2026-04-09 15:00:00+00:00,0.85233568,VALID,0.621792,VALID,,,Critical,CRITICAL_ALARM: Sensor data missing or invalid
2026-04-09 16:00:00+00:00,0.85233568,VALID,0.621792,VALID,,,Critical,CRITICAL_ALARM: Sensor data missing or invalid
2026-04-09 17:00:00+00:00,0.85233568,VALID,0.621792,VALID,,,Critical,CRITICAL_ALARM: Sensor data missing or invalid
2026-04-09 18:00:00+00:00,0.84667232,VALID,0.62103,VALID,,,Critical,CRITICAL_ALARM: Sensor data missing or invalid
2026-04-09 19:00:00+00:00,0.84525648,VALID,0.62103,VALID,,,Critical,CRITICAL_ALARM: Sensor data missing or invalid
2026-04-09 20:00:00+00:00,0.85021192,VALID,0.621792,VALID,,,Critical,CRITICAL_ALARM: Sensor data missing or invalid
2026-04-09 21:00:00+00:00,0.84525648,VALID,0.62103,VALID,,,Critical,CRITICAL_ALARM: Sensor data missing or invalid
2026-04-09 22:00:00+00:00,0.8410089599999999,VALID,0.620268,VALID,,,Critical,CRITICAL_ALARM: Sensor data missing or invalid
2026-04-09 23:00:00+00:00,0.8410089599999999,VALID,0.620268,VALID,,,Critical,CRITICAL_ALARM: Sensor data missing or invalid
2026-04-10 00:00:00+00:00,0.8410089599999999,VALID,0.620268,VALID,,,Critical,CRITICAL_ALARM: Sensor data missing or invalid
2026-04-10 01:00:00+00:00,0.83463768,VALID,0.619506,VALID,,,Critical,CRITICAL_ALARM: Sensor data missing or invalid
2026-04-10 02:00:00+00:00,0.83959312,VALID,0.620268,VALID,,,Critical,CRITICAL_ALARM: Sensor data missing or invalid
2026-04-10 03:00:00+00:00,0.849504,VALID,0.621792,VALID,,,Critical,CRITICAL_ALARM: Sensor data missing or invalid
2026-04-10 04:00:00+00:00,0.8643703199999999,VALID,0.6240779999999999,VALID,,,Critical,CRITICAL_ALARM: Sensor data missing or invalid
2026-04-10 05:00:00+00:00,0.8742812,VALID,0.625602,VALID,,,Critical,CRITICAL_ALARM: Sensor data missing or invalid
2026-04-10 06:00:00+00:00,0.86932576,VALID,0.62484,VALID,,,Critical,CRITICAL_ALARM: Sensor data missing or invalid
2026-04-10 07:00:00+00:00,0.86932576,VALID,0.62484,VALID,,,Critical,CRITICAL_ALARM: Sensor data missing or invalid
2026-04-10 08:00:00+00:00,0.8636623999999999,VALID,0.6240779999999999,VALID,,,Critical,CRITICAL_ALARM: Sensor data missing or invalid
2026-04-10 09:00:00+00:00,0.86224656,VALID,0.6240779999999999,VALID,,,Critical,CRITICAL_ALARM: Sensor data missing or invalid
2026-04-10 10:00:00+00:00,0.86153864,VALID,0.6240779999999999,VALID,,,Critical,CRITICAL_ALARM: Sensor data missing or invalid
2026-04-10 11:00:00+00:00,0.85162776,VALID,0.622554,VALID,,,Critical,CRITICAL_ALARM: Sensor data missing or invalid
2026-04-10 12:00:00+00:00,0.85162776,VALID,0.622554,VALID,,,Critical,CRITICAL_ALARM: Sensor data missing or invalid
2026-04-10 13:00:00+00:00,0.85162776,VALID,0.622554,VALID,,,Critical,CRITICAL_ALARM: Sensor data missing or invalid
2026-04-10 14:00:00+00:00,0.86649408,VALID,0.62484,VALID,,,Critical,CRITICAL_ALARM: Sensor data missing or invalid
2026-04-10 15:00:00+00:00,0.86649408,VALID,0.62484,VALID,,,Critical,CRITICAL_ALARM: Sensor data missing or invalid
2026-04-10 16:00:00+00:00,0.87144952,VALID,0.625602,VALID,,,Critical,CRITICAL_ALARM: Sensor data missing or invalid
2026-04-10 17:00:00+00:00,0.86649408,VALID,0.62484,VALID,,,Critical,CRITICAL_ALARM: Sensor data missing or invalid
2026-04-10 18:00:00+00:00,0.87640496,VALID,0.6263639999999999,VALID,,,Critical,CRITICAL_ALARM: Sensor data missing or invalid
2026-04-10 19:00:00+00:00,0.86649408,VALID,0.62484,VALID,,,Critical,CRITICAL_ALARM: Sensor data missing or invalid
2026-04-10 20:00:00+00:00,0.8714495200000001,VALID,0.625602,VALID,,,Critical,CRITICAL_ALARM: Sensor data missing or invalid
2026-04-10 21:00:00+00:00,0.9061376,VALID,0.6309359999999999,VALID,,,Critical,CRITICAL_ALARM: Sensor data missing or invalid
2026-04-10 22:00:00+00:00,0.89127128,VALID,0.6286499999999999,VALID,,,Critical,CRITICAL_ALARM: Sensor data missing or invalid
2026-04-10 23:00:00+00:00,0.91038512,VALID,0.6316980000000001,VALID,,,Critical,CRITICAL_ALARM: Sensor data missing or invalid
2026-04-11 00:00:00+00:00,0.88348416,VALID,0.627888,VALID,,,Critical,CRITICAL_ALARM: Sensor data missing or invalid
2026-04-11 01:00:00+00:00,0.88348416,VALID,0.627888,VALID,,,Critical,CRITICAL_ALARM: Sensor data missing or invalid
2026-04-11 02:00:00+00:00,0.87357328,VALID,0.6263639999999999,VALID,,,Critical,CRITICAL_ALARM: Sensor data missing or invalid
2026-04-11 03:00:00+00:00,0.85375152,VALID,0.623316,VALID,,,Critical,CRITICAL_ALARM: Sensor data missing or invalid
2026-04-11 04:00:00+00:00,0.85375152,VALID,0.623316,VALID,,,Critical,CRITICAL_ALARM: Sensor data missing or invalid
2026-04-11 05:00:00+00:00,0.8587069599999999,VALID,0.6240779999999999,VALID,,,Critical,CRITICAL_ALARM: Sensor data missing or invalid
2026-04-11 06:00:00+00:00,0.8636623999999999,VALID,0.62484,VALID,,,Critical,CRITICAL_ALARM: Sensor data missing or invalid
2026-04-11 07:00:00+00:00,0.8636623999999999,VALID,0.62484,VALID,,,Critical,CRITICAL_ALARM: Sensor data missing or invalid
2026-04-11 08:00:00+00:00,0.8636623999999999,VALID,0.62484,VALID,,,Critical,CRITICAL_ALARM: Sensor data missing or invalid
2026-04-11 09:00:00+00:00,0.8636623999999999,VALID,0.62484,VALID,,,Critical,CRITICAL_ALARM: Sensor data missing or invalid
2026-04-11 10:00:00+00:00,0.8636623999999999,VALID,0.62484,VALID,,,Critical,CRITICAL_ALARM: Sensor data missing or invalid
2026-04-11 11:00:00+00:00,0.8636623999999999,VALID,0.62484,VALID,,,Critical,CRITICAL_ALARM: Sensor data missing or invalid
2026-04-11 12:00:00+00:00,0.8636623999999999,VALID,0.62484,VALID,,,Critical,CRITICAL_ALARM: Sensor data missing or invalid
2026-04-11 13:00:00+00:00,0.8636623999999999,VALID,0.62484,VALID,,,Critical,CRITICAL_ALARM: Sensor data missing or invalid
2026-04-11 14:00:00+00:00,0.8608307199999999,VALID,0.62484,VALID,,,Critical,CRITICAL_ALARM: Sensor data missing or invalid
2026-04-11 15:00:00+00:00,0.8608307199999999,VALID,0.62484,VALID,,,Critical,CRITICAL_ALARM: Sensor data missing or invalid
2026-04-11 16:00:00+00:00,0.86578616,VALID,0.625602,VALID,,,Critical,CRITICAL_ALARM: Sensor data missing or invalid
2026-04-11 17:00:00+00:00,0.85091984,VALID,0.623316,VALID,,,Critical,CRITICAL_ALARM: Sensor data missing or invalid
2026-04-11 18:00:00+00:00,0.8459644,VALID,0.622554,VALID,,,Critical,CRITICAL_ALARM: Sensor data missing or invalid
2026-04-11 19:00:00+00:00,0.8282664,VALID,0.619506,VALID,,,Critical,CRITICAL_ALARM: Sensor data missing or invalid
2026-04-11 20:00:00+00:00,0.83251392,VALID,0.620268,VALID,,,Critical,CRITICAL_ALARM: Sensor data missing or invalid
2026-04-11 21:00:00+00:00,0.82401888,VALID,0.618744,VALID,,,Critical,CRITICAL_ALARM: Sensor data missing or invalid
2026-04-11 22:00:00+00:00,0.82401888,VALID,0.618744,VALID,,,Critical,CRITICAL_ALARM: Sensor data missing or invalid
2026-04-11 23:00:00+00:00,0.82401888,VALID,0.618744,VALID,,,Critical,CRITICAL_ALARM: Sensor data missing or invalid
2026-04-12 00:00:00+00:00,0.8176476,VALID,0.617982,VALID,,,Critical,CRITICAL_ALARM: Sensor data missing or invalid
2026-04-12 01:00:00+00:00,0.8211872,VALID,0.618744,VALID,,,Critical,CRITICAL_ALARM: Sensor data missing or invalid
2026-04-12 02:00:00+00:00,0.8211872,VALID,0.618744,VALID,,,Critical,CRITICAL_ALARM: Sensor data missing or invalid
2026-04-12 03:00:00+00:00,0.83109808,VALID,0.620268,VALID,,,Critical,CRITICAL_ALARM: Sensor data missing or invalid
2026-04-12 04:00:00+00:00,0.8360535199999999,VALID,0.62103,VALID,,,Critical,CRITICAL_ALARM: Sensor data missing or invalid
2026-04-12 05:00:00+00:00,0.8410089599999999,VALID,0.621792,VALID,,,Critical,CRITICAL_ALARM: Sensor data missing or invalid
2026-04-12 06:00:00+00:00,0.8410089599999999,VALID,0.621792,VALID,,,Critical,CRITICAL_ALARM: Sensor data missing or invalid
2026-04-12 07:00:00+00:00,0.849504,VALID,0.623316,VALID,,,Critical,CRITICAL_ALARM: Sensor data missing or invalid
2026-04-12 08:00:00+00:00,0.849504,VALID,0.623316,VALID,,,Critical,CRITICAL_ALARM: Sensor data missing or invalid
2026-04-12 09:00:00+00:00,0.8480881600000001,VALID,0.623316,VALID,,,Critical,CRITICAL_ALARM: Sensor data missing or invalid
2026-04-12 10:00:00+00:00,0.8431327200000001,VALID,0.622554,VALID,,,Critical,CRITICAL_ALARM: Sensor data missing or invalid
2026-04-12 11:00:00+00:00,0.8480881600000001,VALID,0.623316,VALID,,,Critical,CRITICAL_ALARM: Sensor data missing or invalid
2026-04-12 12:00:00+00:00,0.8480881600000001,VALID,0.623316,VALID,,,Critical,CRITICAL_ALARM: Sensor data missing or invalid
2026-04-12 13:00:00+00:00,0.8480881600000001,VALID,0.623316,VALID,,,Critical,CRITICAL_ALARM: Sensor data missing or invalid
2026-04-12 14:00:00+00:00,0.8431327200000001,VALID,0.622554,VALID,,,Critical,CRITICAL_ALARM: Sensor data missing or invalid
2026-04-12 15:00:00+00:00,0.8480881600000001,VALID,0.623316,VALID,,,Critical,CRITICAL_ALARM: Sensor data missing or invalid
2026-04-12 16:00:00+00:00,0.83817728,VALID,0.621792,VALID,,,Critical,CRITICAL_ALARM: Sensor data missing or invalid
2026-04-12 17:00:00+00:00,0.8431327200000001,VALID,0.622554,VALID,,,Critical,CRITICAL_ALARM: Sensor data missing or invalid
2026-04-12 18:00:00+00:00,0.83817728,VALID,0.621792,VALID,,,Critical,CRITICAL_ALARM: Sensor data missing or invalid
2026-04-12 19:00:00+00:00,0.84171688,VALID,0.6225539999999999,VALID,,,Critical,CRITICAL_ALARM: Sensor data missing or invalid
2026-04-12 20:00:00+00:00,0.83322184,VALID,0.62103,VALID,,,Critical,CRITICAL_ALARM: Sensor data missing or invalid
2026-04-12 21:00:00+00:00,0.83322184,VALID,0.62103,VALID,,,Critical,CRITICAL_ALARM: Sensor data missing or invalid
2026-04-12 22:00:00+00:00,0.83322184,VALID,0.62103,VALID,,,Critical,CRITICAL_ALARM: Sensor data missing or invalid
2026-04-12 23:00:00+00:00,0.8424248,VALID,0.622554,VALID,,,Critical,CRITICAL_ALARM: Sensor data missing or invalid
2026-04-13 00:00:00+00:00,0.83605352,VALID,0.621792,VALID,,,Critical,CRITICAL_ALARM: Sensor data missing or invalid
2026-04-13 01:00:00+00:00,0.8310980800000001,VALID,0.62103,VALID,,,Critical,CRITICAL_ALARM: Sensor data missing or invalid
2026-04-13 02:00:00+00:00,0.8310980800000001,VALID,0.62103,VALID,,,Critical,CRITICAL_ALARM: Sensor data missing or invalid
2026-04-13 03:00:00+00:00,0.8353456,VALID,0.621792,VALID,,,Critical,CRITICAL_ALARM: Sensor data missing or invalid
2026-04-13 04:00:00+00:00,0.8403010399999999,VALID,0.622554,VALID,,,Critical,CRITICAL_ALARM: Sensor data missing or invalid
2026-04-13 05:00:00+00:00,0.8353456,VALID,0.621792,VALID,,,Critical,CRITICAL_ALARM: Sensor data missing or invalid
2026-04-13 06:00:00+00:00,0.84525648,VALID,0.623316,VALID,,,Critical,CRITICAL_ALARM: Sensor data missing or invalid
2026-04-13 07:00:00+00:00,0.84525648,VALID,0.620268,VALID,,,Critical,CRITICAL_ALARM: Sensor data missing or invalid
2026-04-13 08:00:00+00:00,0.85021192,VALID,0.62103,VALID,,,Critical,CRITICAL_ALARM: Sensor data missing or invalid
2026-04-13 09:00:00+00:00,0.85021192,VALID,0.62103,VALID,,,Critical,CRITICAL_ALARM: Sensor data missing or invalid
2026-04-13 10:00:00+00:00,0.849504,VALID,0.62103,VALID,,,Critical,CRITICAL_ALARM: Sensor data missing or invalid
2026-04-13 11:00:00+00:00,0.84384064,VALID,0.620268,VALID,,,Critical,CRITICAL_ALARM: Sensor data missing or invalid
2026-04-13 12:00:00+00:00,0.83959312,VALID,0.619506,VALID,,,Critical,CRITICAL_ALARM: Sensor data missing or invalid
2026-04-13 13:00:00+00:00,0.85233568,VALID,0.621792,VALID,,,Critical,CRITICAL_ALARM: Sensor data missing or invalid
2026-04-13 14:00:00+00:00,0.84384064,VALID,0.620268,VALID,,,Critical,CRITICAL_ALARM: Sensor data missing or invalid
2026-04-13 15:00:00+00:00,0.85233568,VALID,0.621792,VALID,,,Critical,CRITICAL_ALARM: Sensor data missing or invalid
2026-04-13 16:00:00+00:00,0.8424248,VALID,0.620268,VALID,,,Critical,CRITICAL_ALARM: Sensor data missing or invalid
2026-04-13 17:00:00+00:00,0.8424248,VALID,0.620268,VALID,,,Critical,CRITICAL_ALARM: Sensor data missing or invalid
2026-04-13 18:00:00+00:00,0.84738024,VALID,0.62103,VALID,,,Critical,CRITICAL_ALARM: Sensor data missing or invalid
2026-04-13 19:00:00+00:00,0.84738024,VALID,0.62103,VALID,,,Critical,CRITICAL_ALARM: Sensor data missing or invalid
2026-04-13 20:00:00+00:00,0.8424248,VALID,0.620268,VALID,,,Critical,CRITICAL_ALARM: Sensor data missing or invalid
2026-04-13 21:00:00+00:00,0.85233568,VALID,0.621792,VALID,,,Critical,CRITICAL_ALARM: Sensor data missing or invalid
2026-04-13 22:00:00+00:00,0.8431327200000001,VALID,0.620268,VALID,,,Critical,CRITICAL_ALARM: Sensor data missing or invalid
2026-04-13 23:00:00+00:00,0.85729112,VALID,0.6225539999999999,VALID,,,Critical,CRITICAL_ALARM: Sensor data missing or invalid
2026-04-14 00:00:00+00:00,0.8424248,VALID,0.620268,VALID,,,Critical,CRITICAL_ALARM: Sensor data missing or invalid
2026-04-14 01:00:00+00:00,0.83676144,VALID,0.619506,VALID,,,Critical,CRITICAL_ALARM: Sensor data missing or invalid
2026-04-14 02:00:00+00:00,0.82755848,VALID,0.617982,VALID,,,Critical,CRITICAL_ALARM: Sensor data missing or invalid
2026-04-14 03:00:00+00:00,0.83676144,VALID,0.619506,VALID,,,Critical,CRITICAL_ALARM: Sensor data missing or invalid
2026-04-14 04:00:00+00:00,0.84525648,VALID,0.62103,VALID,,,Critical,CRITICAL_ALARM: Sensor data missing or invalid
2026-04-14 05:00:00+00:00,0.849504,VALID,0.621792,VALID,,,Critical,CRITICAL_ALARM: Sensor data missing or invalid
2026-04-14 06:00:00+00:00,0.85941488,VALID,0.623316,VALID,,,Critical,CRITICAL_ALARM: Sensor data missing or invalid
2026-04-14 07:00:00+00:00,0.8544594400000001,VALID,0.622554,VALID,,,Critical,CRITICAL_ALARM: Sensor data missing or invalid
2026-04-14 08:00:00+00:00,0.8544594400000001,VALID,0.622554,VALID,,,Critical,CRITICAL_ALARM: Sensor data missing or invalid
2026-04-14 09:00:00+00:00,0.8544594400000001,VALID,0.622554,VALID,,,Critical,CRITICAL_ALARM: Sensor data missing or invalid
2026-04-14 10:00:00+00:00,0.85941488,VALID,0.623316,VALID,,,Critical,CRITICAL_ALARM: Sensor data missing or invalid
2026-04-14 11:00:00+00:00,0.85941488,VALID,0.623316,VALID,,,Critical,CRITICAL_ALARM: Sensor data missing or invalid
2026-04-14 12:00:00+00:00,0.8544594400000001,VALID,0.622554,VALID,,,Critical,CRITICAL_ALARM: Sensor data missing or invalid
2026-04-14 13:00:00+00:00,0.8544594400000001,VALID,0.622554,VALID,,,Critical,CRITICAL_ALARM: Sensor data missing or invalid
2026-04-14 14:00:00+00:00,0.8643703199999999,VALID,0.6240779999999999,VALID,,,Critical,CRITICAL_ALARM: Sensor data missing or invalid
2026-04-14 15:00:00+00:00,0.8537515200000001,VALID,0.622554,VALID,,,Critical,CRITICAL_ALARM: Sensor data missing or invalid
2026-04-14 16:00:00+00:00,0.86649408,VALID,0.62484,VALID,,,Critical,CRITICAL_ALARM: Sensor data missing or invalid
2026-04-14 17:00:00+00:00,0.85162776,VALID,0.622554,VALID,,,Critical,CRITICAL_ALARM: Sensor data missing or invalid
2026-04-14 18:00:00+00:00,0.8565832,VALID,0.623316,VALID,,,Critical,CRITICAL_ALARM: Sensor data missing or invalid
2026-04-14 19:00:00+00:00,0.85162776,VALID,0.622554,VALID,,,Critical,CRITICAL_ALARM: Sensor data missing or invalid
2026-04-14 20:00:00+00:00,0.83817728,VALID,0.620268,VALID,,,Critical,CRITICAL_ALARM: Sensor data missing or invalid
2026-04-14 21:00:00+00:00,0.82968224,VALID,0.618744,VALID,,,Critical,CRITICAL_ALARM: Sensor data missing or invalid
2026-04-14 22:00:00+00:00,0.85162776,VALID,0.622554,VALID,,,Critical,CRITICAL_ALARM: Sensor data missing or invalid
2026-04-14 23:00:00+00:00,0.8565832,VALID,0.623316,VALID,,,Critical,CRITICAL_ALARM: Sensor data missing or invalid
2026-04-15 00:00:00+00:00,0.86649408,VALID,0.62484,VALID,,,Critical,CRITICAL_ALARM: Sensor data missing or invalid
2026-04-15 01:00:00+00:00,0.8813603999999999,VALID,0.627126,VALID,,,Critical,CRITICAL_ALARM: Sensor data missing or invalid
2026-04-15 02:00:00+00:00,0.89622672,VALID,0.629412,VALID,,,Critical,CRITICAL_ALARM: Sensor data missing or invalid
2026-04-15 03:00:00+00:00,0.91604848,VALID,0.63246,VALID,,,Critical,CRITICAL_ALARM: Sensor data missing or invalid
2026-04-15 04:00:00+00:00,0.9061376,VALID,0.6309359999999999,VALID,,,Critical,CRITICAL_ALARM: Sensor data missing or invalid
2026-04-15 05:00:00+00:00,0.9061376,VALID,0.6309359999999999,VALID,,,Critical,CRITICAL_ALARM: Sensor data missing or invalid
2026-04-15 06:00:00+00:00,0.91109304,VALID,0.631698,VALID,,,Critical,CRITICAL_ALARM: Sensor data missing or invalid
2026-04-15 07:00:00+00:00,0.91109304,VALID,0.631698,VALID,,,Critical,CRITICAL_ALARM: Sensor data missing or invalid
2026-04-15 08:00:00+00:00,0.9047217599999999,VALID,0.6309359999999999,VALID,,,Critical,CRITICAL_ALARM: Sensor data missing or invalid
2026-04-15 09:00:00+00:00,0.90330592,VALID,0.6309359999999999,VALID,,,Critical,CRITICAL_ALARM: Sensor data missing or invalid
2026-04-15 10:00:00+00:00,0.90330592,VALID,0.6309359999999999,VALID,,,Critical,CRITICAL_ALARM: Sensor data missing or invalid
2026-04-15 11:00:00+00:00,0.89835048,VALID,0.630174,VALID,,,Critical,CRITICAL_ALARM: Sensor data missing or invalid
2026-04-15 12:00:00+00:00,0.8933950399999999,VALID,0.629412,VALID,,,Critical,CRITICAL_ALARM: Sensor data missing or invalid
2026-04-15 13:00:00+00:00,0.8884396,VALID,0.6286499999999999,VALID,,,Critical,CRITICAL_ALARM: Sensor data missing or invalid
2026-04-15 14:00:00+00:00,0.8884396,VALID,0.6286499999999999,VALID,,,Critical,CRITICAL_ALARM: Sensor data missing or invalid
2026-04-15 15:00:00+00:00,0.88348416,VALID,0.627888,VALID,,,Critical,CRITICAL_ALARM: Sensor data missing or invalid
2026-04-15 16:00:00+00:00,0.8785287199999999,VALID,0.627126,VALID,,,Critical,CRITICAL_ALARM: Sensor data missing or invalid
2026-04-15 17:00:00+00:00,0.87357328,VALID,0.6263639999999999,VALID,,,Critical,CRITICAL_ALARM: Sensor data missing or invalid
2026-04-15 18:00:00+00:00,0.87357328,VALID,0.6263639999999999,VALID,,,Critical,CRITICAL_ALARM: Sensor data missing or invalid
2026-04-15 19:00:00+00:00,0.8636623999999999,VALID,0.62484,VALID,,,Critical,CRITICAL_ALARM: Sensor data missing or invalid
2026-04-15 20:00:00+00:00,0.85375152,VALID,0.623316,VALID,,,Critical,CRITICAL_ALARM: Sensor data missing or invalid
2026-04-15 21:00:00+00:00,0.8523356799999999,VALID,0.623316,VALID,,,Critical,CRITICAL_ALARM: Sensor data missing or invalid
2026-04-15 22:00:00+00:00,0.8565832,VALID,0.6240779999999999,VALID,,,Critical,CRITICAL_ALARM: Sensor data missing or invalid
2026-04-15 23:00:00+00:00,0.8565832,VALID,0.6240779999999999,VALID,,,Critical,CRITICAL_ALARM: Sensor data missing or invalid
2026-04-16 00:00:00+00:00,0.85091984,VALID,0.623316,VALID,,,Critical,CRITICAL_ALARM: Sensor data missing or invalid
2026-04-16 01:00:00+00:00,0.8410089599999999,VALID,0.621792,VALID,,,Critical,CRITICAL_ALARM: Sensor data missing or invalid
2026-04-16 02:00:00+00:00,0.8459644,VALID,0.622554,VALID,,,Critical,CRITICAL_ALARM: Sensor data missing or invalid
2026-04-16 03:00:00+00:00,0.8459644,VALID,0.622554,VALID,,,Critical,CRITICAL_ALARM: Sensor data missing or invalid
2026-04-16 04:00:00+00:00,0.85091984,VALID,0.623316,VALID,,,Critical,CRITICAL_ALARM: Sensor data missing or invalid
2026-04-16 05:00:00+00:00,0.85091984,VALID,0.623316,VALID,,,Critical,CRITICAL_ALARM: Sensor data missing or invalid
2026-04-16 06:00:00+00:00,0.8558752799999999,VALID,0.6240779999999999,VALID,,,Critical,CRITICAL_ALARM: Sensor data missing or invalid
2026-04-16 07:00:00+00:00,0.8558752799999999,VALID,0.6240779999999999,VALID,,,Critical,CRITICAL_ALARM: Sensor data missing or invalid
2026-04-16 08:00:00+00:00,0.85091984,VALID,0.623316,VALID,,,Critical,CRITICAL_ALARM: Sensor data missing or invalid
2026-04-16 09:00:00+00:00,0.85091984,VALID,0.623316,VALID,,,Critical,CRITICAL_ALARM: Sensor data missing or invalid
2026-04-16 10:00:00+00:00,0.8459644,VALID,0.622554,VALID,,,Critical,CRITICAL_ALARM: Sensor data missing or invalid
2026-04-16 11:00:00+00:00,0.85021192,VALID,0.623316,VALID,,,Critical,CRITICAL_ALARM: Sensor data missing or invalid
2026-04-16 12:00:00+00:00,0.84525648,VALID,0.622554,VALID,,,Critical,CRITICAL_ALARM: Sensor data missing or invalid
2026-04-16 13:00:00+00:00,0.8410089599999999,VALID,0.621792,VALID,,,Critical,CRITICAL_ALARM: Sensor data missing or invalid
2026-04-16 14:00:00+00:00,0.8410089599999999,VALID,0.621792,VALID,,,Critical,CRITICAL_ALARM: Sensor data missing or invalid
2026-04-16 15:00:00+00:00,0.83959312,VALID,0.621792,VALID,,,Critical,CRITICAL_ALARM: Sensor data missing or invalid
2026-04-16 16:00:00+00:00,0.83817728,VALID,0.621792,VALID,,,Critical,CRITICAL_ALARM: Sensor data missing or invalid
2026-04-16 17:00:00+00:00,0.83392976,VALID,0.62103,VALID,,,Critical,CRITICAL_ALARM: Sensor data missing or invalid
2026-04-16 18:00:00+00:00,0.8254347200000001,VALID,0.619506,VALID,,,Critical,CRITICAL_ALARM: Sensor data missing or invalid
2026-04-16 19:00:00+00:00,0.8254347200000001,VALID,0.619506,VALID,,,Critical,CRITICAL_ALARM: Sensor data missing or invalid
2026-04-16 20:00:00+00:00,0.82968224,VALID,0.620268,VALID,,,Critical,CRITICAL_ALARM: Sensor data missing or invalid
2026-04-16 21:00:00+00:00,0.82047928,VALID,0.618744,VALID,,,Critical,CRITICAL_ALARM: Sensor data missing or invalid
2026-04-16 22:00:00+00:00,0.8211872,VALID,0.618744,VALID,,,Critical,CRITICAL_ALARM: Sensor data missing or invalid
2026-04-16 23:00:00+00:00,0.81906344,VALID,0.618744,VALID,,,Critical,CRITICAL_ALARM: Sensor data missing or invalid
2026-04-17 00:00:00+00:00,0.814108,VALID,0.617982,VALID,,,Critical,CRITICAL_ALARM: Sensor data missing or invalid
2026-04-17 01:00:00+00:00,0.82331096,VALID,0.619506,VALID,,,Critical,CRITICAL_ALARM: Sensor data missing or invalid
2026-04-17 02:00:00+00:00,0.81835552,VALID,0.618744,VALID,,,Critical,CRITICAL_ALARM: Sensor data missing or invalid
2026-04-17 03:00:00+00:00,0.8282664,VALID,0.620268,VALID,,,Critical,CRITICAL_ALARM: Sensor data missing or invalid
2026-04-17 04:00:00+00:00,0.82331096,VALID,0.619506,VALID,,,Critical,CRITICAL_ALARM: Sensor data missing or invalid
2026-04-17 05:00:00+00:00,0.83322184,VALID,0.62103,VALID,,,Critical,CRITICAL_ALARM: Sensor data missing or invalid
2026-04-17 06:00:00+00:00,0.8282664,VALID,0.620268,VALID,,,Critical,CRITICAL_ALARM: Sensor data missing or invalid
2026-04-17 07:00:00+00:00,0.82685056,VALID,0.620268,VALID,,,Critical,CRITICAL_ALARM: Sensor data missing or invalid
2026-04-17 08:00:00+00:00,0.8310980800000001,VALID,0.62103,VALID,,,Critical,CRITICAL_ALARM: Sensor data missing or invalid
2026-04-17 09:00:00+00:00,0.8310980800000001,VALID,0.62103,VALID,,,Critical,CRITICAL_ALARM: Sensor data missing or invalid
2026-04-17 10:00:00+00:00,0.8310980800000001,VALID,0.62103,VALID,,,Critical,CRITICAL_ALARM: Sensor data missing or invalid
2026-04-17 11:00:00+00:00,0.8353456,VALID,0.621792,VALID,,,Critical,CRITICAL_ALARM: Sensor data missing or invalid
2026-04-17 12:00:00+00:00,0.8310980800000001,VALID,0.62103,VALID,,,Critical,CRITICAL_ALARM: Sensor data missing or invalid
2026-04-17 13:00:00+00:00,0.8310980800000001,VALID,0.62103,VALID,,,Critical,CRITICAL_ALARM: Sensor data missing or invalid
2026-04-17 14:00:00+00:00,0.8353456,VALID,0.621792,VALID,,,Critical,CRITICAL_ALARM: Sensor data missing or invalid
2026-04-17 15:00:00+00:00,0.8353456,VALID,0.621792,VALID,,,Critical,CRITICAL_ALARM: Sensor data missing or invalid
2026-04-17 16:00:00+00:00,0.8353456,VALID,0.621792,VALID,,,Critical,CRITICAL_ALARM: Sensor data missing or invalid
2026-04-17 17:00:00+00:00,0.83039016,VALID,0.62103,VALID,,,Critical,CRITICAL_ALARM: Sensor data missing or invalid
2026-04-17 18:00:00+00:00,0.82047928,VALID,0.619506,VALID,,,Critical,CRITICAL_ALARM: Sensor data missing or invalid
2026-04-17 19:00:00+00:00,0.81552384,VALID,0.618744,VALID,,,Critical,CRITICAL_ALARM: Sensor data missing or invalid
2026-04-17 20:00:00+00:00,0.8254347200000001,VALID,0.620268,VALID,,,Critical,CRITICAL_ALARM: Sensor data missing or invalid
2026-04-17 21:00:00+00:00,0.81552384,VALID,0.618744,VALID,,,Critical,CRITICAL_ALARM: Sensor data missing or invalid
2026-04-17 22:00:00+00:00,0.8112763199999999,VALID,0.617982,VALID,,,Critical,CRITICAL_ALARM: Sensor data missing or invalid
2026-04-17 23:00:00+00:00,0.8240188799999999,VALID,0.620268,VALID,,,Critical,CRITICAL_ALARM: Sensor data missing or invalid
2026-04-18 00:00:00+00:00,0.81977136,VALID,0.619506,VALID,,,Critical,CRITICAL_ALARM: Sensor data missing or invalid
2026-04-18 01:00:00+00:00,0.8240188799999999,VALID,0.620268,VALID,,,Critical,CRITICAL_ALARM: Sensor data missing or invalid
2026-04-18 02:00:00+00:00,0.81977136,VALID,0.619506,VALID,,,Critical,CRITICAL_ALARM: Sensor data missing or invalid
2026-04-18 03:00:00+00:00,0.81552384,VALID,0.618744,VALID,,,Critical,CRITICAL_ALARM: Sensor data missing or invalid
2026-04-18 04:00:00+00:00,0.81977136,VALID,0.619506,VALID,,,Critical,CRITICAL_ALARM: Sensor data missing or invalid
2026-04-18 05:00:00+00:00,0.8240188799999999,VALID,0.620268,VALID,,,Critical,CRITICAL_ALARM: Sensor data missing or invalid
2026-04-18 06:00:00+00:00,0.81552384,VALID,0.618744,VALID,,,Critical,CRITICAL_ALARM: Sensor data missing or invalid
2026-04-18 07:00:00+00:00,0.82755848,VALID,0.62103,VALID,,,Critical,CRITICAL_ALARM: Sensor data missing or invalid
2026-04-18 08:00:00+00:00,0.8176475999999999,VALID,0.619506,VALID,,,Critical,CRITICAL_ALARM: Sensor data missing or invalid
2026-04-18 09:00:00+00:00,0.82260304,VALID,0.620268,VALID,,,Critical,CRITICAL_ALARM: Sensor data missing or invalid
2026-04-18 10:00:00+00:00,0.82260304,VALID,0.620268,VALID,,,Critical,CRITICAL_ALARM: Sensor data missing or invalid
2026-04-18 11:00:00+00:00,0.8325139199999999,VALID,0.621792,VALID,,,Critical,CRITICAL_ALARM: Sensor data missing or invalid
2026-04-18 12:00:00+00:00,0.8325139199999999,VALID,0.621792,VALID,,,Critical,CRITICAL_ALARM: Sensor data missing or invalid
2026-04-18 13:00:00+00:00,0.8325139199999999,VALID,0.621792,VALID,,,Critical,CRITICAL_ALARM: Sensor data missing or invalid
2026-04-18 14:00:00+00:00,0.83109808,VALID,0.621792,VALID,,,Critical,CRITICAL_ALARM: Sensor data missing or invalid
2026-04-18 15:00:00+00:00,0.82968224,VALID,0.621792,VALID,,,Critical,CRITICAL_ALARM: Sensor data missing or invalid
2026-04-18 16:00:00+00:00,0.83959312,VALID,0.623316,VALID,,,Critical,CRITICAL_ALARM: Sensor data missing or invalid
2026-04-18 17:00:00+00:00,0.82968224,VALID,0.621792,VALID,,,Critical,CRITICAL_ALARM: Sensor data missing or invalid
2026-04-18 18:00:00+00:00,0.82047928,VALID,0.620268,VALID,,,Critical,CRITICAL_ALARM: Sensor data missing or invalid
2026-04-18 19:00:00+00:00,0.8211872,VALID,0.620268,VALID,,,Critical,CRITICAL_ALARM: Sensor data missing or invalid
2026-04-18 20:00:00+00:00,0.8211872,VALID,0.620268,VALID,,,Critical,CRITICAL_ALARM: Sensor data missing or invalid
2026-04-18 21:00:00+00:00,0.8254347200000001,VALID,0.62103,VALID,,,Critical,CRITICAL_ALARM: Sensor data missing or invalid
2026-04-18 22:00:00+00:00,0.8254347200000001,VALID,0.62103,VALID,,,Critical,CRITICAL_ALARM: Sensor data missing or invalid
2026-04-18 23:00:00+00:00,0.8197713600000001,VALID,0.620268,VALID,,,Critical,CRITICAL_ALARM: Sensor data missing or invalid
2026-04-19 00:00:00+00:00,0.80986048,VALID,0.618744,VALID,,,Critical,CRITICAL_ALARM: Sensor data missing or invalid
2026-04-19 01:00:00+00:00,0.81481592,VALID,0.619506,VALID,,,Critical,CRITICAL_ALARM: Sensor data missing or invalid
2026-04-19 02:00:00+00:00,0.80986048,VALID,0.618744,VALID,,,Critical,CRITICAL_ALARM: Sensor data missing or invalid
2026-04-19 03:00:00+00:00,0.8197713600000001,VALID,0.620268,VALID,,,Critical,CRITICAL_ALARM: Sensor data missing or invalid
2026-04-19 04:00:00+00:00,0.8197713600000001,VALID,0.620268,VALID,,,Critical,CRITICAL_ALARM: Sensor data missing or invalid
2026-04-19 05:00:00+00:00,0.81481592,VALID,0.619506,VALID,,,Critical,CRITICAL_ALARM: Sensor data missing or invalid
2026-04-19 06:00:00+00:00,0.82331096,VALID,0.62103,VALID,,,Critical,CRITICAL_ALARM: Sensor data missing or invalid
2026-04-19 07:00:00+00:00,0.81835552,VALID,0.620268,VALID,,,Critical,CRITICAL_ALARM: Sensor data missing or invalid
2026-04-19 08:00:00+00:00,0.82260304,VALID,0.62103,VALID,,,Critical,CRITICAL_ALARM: Sensor data missing or invalid
2026-04-19 09:00:00+00:00,0.82685056,VALID,0.621792,VALID,,,Critical,CRITICAL_ALARM: Sensor data missing or invalid
2026-04-19 10:00:00+00:00,0.82260304,VALID,0.62103,VALID,,,Critical,CRITICAL_ALARM: Sensor data missing or invalid
2026-04-19 11:00:00+00:00,0.82685056,VALID,0.621792,VALID,,,Critical,CRITICAL_ALARM: Sensor data missing or invalid
2026-04-19 12:00:00+00:00,0.82685056,VALID,0.621792,VALID,,,Critical,CRITICAL_ALARM: Sensor data missing or invalid
2026-04-19 13:00:00+00:00,0.82260304,VALID,0.62103,VALID,,,Critical,CRITICAL_ALARM: Sensor data missing or invalid
2026-04-19 14:00:00+00:00,0.82755848,VALID,0.621792,VALID,,,Critical,CRITICAL_ALARM: Sensor data missing or invalid
2026-04-19 15:00:00+00:00,0.82685056,VALID,0.621792,VALID,,,Critical,CRITICAL_ALARM: Sensor data missing or invalid
2026-04-19 16:00:00+00:00,0.8310980800000001,VALID,0.622554,VALID,,,Critical,CRITICAL_ALARM: Sensor data missing or invalid
2026-04-19 17:00:00+00:00,0.8353456,VALID,0.623316,VALID,,,Critical,CRITICAL_ALARM: Sensor data missing or invalid
2026-04-19 18:00:00+00:00,0.82189512,VALID,0.62103,VALID,,,Critical,CRITICAL_ALARM: Sensor data missing or invalid
2026-04-19 19:00:00+00:00,0.81693968,VALID,0.620268,VALID,,,Critical,CRITICAL_ALARM: Sensor data missing or invalid
2026-04-19 20:00:00+00:00,0.82189512,VALID,0.62103,VALID,,,Critical,CRITICAL_ALARM: Sensor data missing or invalid
2026-04-19 21:00:00+00:00,0.81693968,VALID,0.620268,VALID,,,Critical,CRITICAL_ALARM: Sensor data missing or invalid
2026-04-19 22:00:00+00:00,0.8112763199999999,VALID,0.619506,VALID,,,Critical,CRITICAL_ALARM: Sensor data missing or invalid
2026-04-19 23:00:00+00:00,0.79853376,VALID,0.61722,VALID,,,Critical,CRITICAL_ALARM: Sensor data missing or invalid
2026-04-20 00:00:00+00:00,0.80278128,VALID,0.617982,VALID,,,Critical,CRITICAL_ALARM: Sensor data missing or invalid
2026-04-20 01:00:00+00:00,0.80278128,VALID,0.617982,VALID,,,Critical,CRITICAL_ALARM: Sensor data missing or invalid
2026-04-20 02:00:00+00:00,0.79782584,VALID,0.61722,VALID,,,Critical,CRITICAL_ALARM: Sensor data missing or invalid
2026-04-20 03:00:00+00:00,0.80207336,VALID,0.617982,VALID,,,Critical,CRITICAL_ALARM: Sensor data missing or invalid
2026-04-20 04:00:00+00:00,0.8070288,VALID,0.618744,VALID,,,Critical,CRITICAL_ALARM: Sensor data missing or invalid
2026-04-20 05:00:00+00:00,0.8112763199999999,VALID,0.619506,VALID,,,Critical,CRITICAL_ALARM: Sensor data missing or invalid
2026-04-20 06:00:00+00:00,0.82401888,VALID,0.621792,VALID,,,Critical,CRITICAL_ALARM: Sensor data missing or invalid
2026-04-20 07:00:00+00:00,0.81906344,VALID,0.62103,VALID,,,Critical,CRITICAL_ALARM: Sensor data missing or invalid
2026-04-20 08:00:00+00:00,0.83676144,VALID,0.6240779999999999,VALID,,,Critical,CRITICAL_ALARM: Sensor data missing or invalid
2026-04-20 09:00:00+00:00,0.8282664,VALID,0.622554,VALID,,,Critical,CRITICAL_ALARM: Sensor data missing or invalid
2026-04-20 10:00:00+00:00,0.8282664,VALID,0.622554,VALID,,,Critical,CRITICAL_ALARM: Sensor data missing or invalid
2026-04-20 11:00:00+00:00,0.8282664,VALID,0.622554,VALID,,,Critical,CRITICAL_ALARM: Sensor data missing or invalid
2026-04-20 12:00:00+00:00,0.82401888,VALID,0.621792,VALID,,,Critical,CRITICAL_ALARM: Sensor data missing or invalid
2026-04-20 13:00:00+00:00,0.82401888,VALID,0.621792,VALID,,,Critical,CRITICAL_ALARM: Sensor data missing or invalid
2026-04-20 14:00:00+00:00,0.8211872,VALID,0.621792,VALID,,,Critical,CRITICAL_ALARM: Sensor data missing or invalid
2026-04-20 15:00:00+00:00,0.82614264,VALID,0.622554,VALID,,,Critical,CRITICAL_ALARM: Sensor data missing or invalid
2026-04-20 16:00:00+00:00,0.8211872,VALID,0.621792,VALID,,,Critical,CRITICAL_ALARM: Sensor data missing or invalid
2026-04-20 17:00:00+00:00,0.8211872,VALID,0.621792,VALID,,,Critical,CRITICAL_ALARM: Sensor data missing or invalid
2026-04-20 18:00:00+00:00,0.8211872,VALID,0.621792,VALID,,,Critical,CRITICAL_ALARM: Sensor data missing or invalid
2026-04-20 19:00:00+00:00,0.8211872,VALID,0.621792,VALID,,,Critical,CRITICAL_ALARM: Sensor data missing or invalid
2026-04-20 20:00:00+00:00,0.80773672,VALID,0.619506,VALID,,,Critical,CRITICAL_ALARM: Sensor data missing or invalid
2026-04-20 21:00:00+00:00,0.80844464,VALID,0.619506,VALID,,,Critical,CRITICAL_ALARM: Sensor data missing or invalid
2026-04-20 22:00:00+00:00,0.82968224,VALID,0.623316,VALID,,,Critical,CRITICAL_ALARM: Sensor data missing or invalid
2026-04-20 23:00:00+00:00,0.8254347200000001,VALID,0.622554,VALID,,,Critical,CRITICAL_ALARM: Sensor data missing or invalid
2026-04-21 00:00:00+00:00,0.81623176,VALID,0.62103,VALID,,,Critical,CRITICAL_ALARM: Sensor data missing or invalid
2026-04-21 01:00:00+00:00,0.8112763199999999,VALID,0.620268,VALID,,,Critical,CRITICAL_ALARM: Sensor data missing or invalid
2026-04-21 02:00:00+00:00,0.8112763199999999,VALID,0.620268,VALID,,,Critical,CRITICAL_ALARM: Sensor data missing or invalid
2026-04-21 03:00:00+00:00,0.8211872,VALID,0.621792,VALID,,,Critical,CRITICAL_ALARM: Sensor data missing or invalid
2026-04-21 04:00:00+00:00,0.8211872,VALID,0.621792,VALID,,,Critical,CRITICAL_ALARM: Sensor data missing or invalid
2026-04-21 05:00:00+00:00,0.8211872,VALID,0.621792,VALID,,,Critical,CRITICAL_ALARM: Sensor data missing or invalid
2026-04-21 06:00:00+00:00,0.81835552,VALID,0.621792,VALID,,,Critical,CRITICAL_ALARM: Sensor data missing or invalid
2026-04-21 07:00:00+00:00,0.81835552,VALID,0.621792,VALID,,,Critical,CRITICAL_ALARM: Sensor data missing or invalid
2026-04-21 08:00:00+00:00,0.81835552,VALID,0.621792,VALID,,,Critical,CRITICAL_ALARM: Sensor data missing or invalid
2026-04-21 09:00:00+00:00,0.81835552,VALID,0.621792,VALID,,,Critical,CRITICAL_ALARM: Sensor data missing or invalid
2026-04-21 10:00:00+00:00,0.81835552,VALID,0.621792,VALID,,,Critical,CRITICAL_ALARM: Sensor data missing or invalid
2026-04-21 11:00:00+00:00,0.81835552,VALID,0.621792,VALID,,,Critical,CRITICAL_ALARM: Sensor data missing or invalid
2026-04-21 12:00:00+00:00,0.81835552,VALID,0.621792,VALID,,,Critical,CRITICAL_ALARM: Sensor data missing or invalid
2026-04-21 13:00:00+00:00,0.81835552,VALID,0.621792,VALID,,,Critical,CRITICAL_ALARM: Sensor data missing or invalid
2026-04-21 14:00:00+00:00,0.81835552,VALID,0.621792,VALID,,,Critical,CRITICAL_ALARM: Sensor data missing or invalid
2026-04-21 15:00:00+00:00,0.81835552,VALID,0.621792,VALID,,,Critical,CRITICAL_ALARM: Sensor data missing or invalid
2026-04-21 16:00:00+00:00,0.8176476,VALID,0.621792,VALID,,,Critical,CRITICAL_ALARM: Sensor data missing or invalid
2026-04-21 17:00:00+00:00,0.82685056,VALID,0.623316,VALID,,,Critical,CRITICAL_ALARM: Sensor data missing or invalid
2026-04-21 18:00:00+00:00,0.82685056,VALID,0.623316,VALID,,,Critical,CRITICAL_ALARM: Sensor data missing or invalid
2026-04-21 19:00:00+00:00,0.81340008,VALID,0.62103,VALID,,,Critical,CRITICAL_ALARM: Sensor data missing or invalid
2026-04-21 20:00:00+00:00,0.8034892,VALID,0.619506,VALID,,,Critical,CRITICAL_ALARM: Sensor data missing or invalid
2026-04-21 21:00:00+00:00,0.79853376,VALID,0.618744,VALID,,,Critical,CRITICAL_ALARM: Sensor data missing or invalid
2026-04-21 22:00:00+00:00,0.79853376,VALID,0.618744,VALID,,,Critical,CRITICAL_ALARM: Sensor data missing or invalid
2026-04-21 23:00:00+00:00,0.7857912,VALID,0.616458,VALID,,,Critical,CRITICAL_ALARM: Sensor data missing or invalid
2026-04-22 00:00:00+00:00,0.7857912,VALID,0.616458,VALID,,,Critical,CRITICAL_ALARM: Sensor data missing or invalid
2026-04-22 01:00:00+00:00,0.7815436800000001,VALID,0.615696,VALID,,,Critical,CRITICAL_ALARM: Sensor data missing or invalid
2026-04-22 02:00:00+00:00,0.7857912,VALID,0.616458,VALID,,,Critical,CRITICAL_ALARM: Sensor data missing or invalid
2026-04-22 03:00:00+00:00,0.79428624,VALID,0.617982,VALID,,,Critical,CRITICAL_ALARM: Sensor data missing or invalid
2026-04-22 04:00:00+00:00,0.80278128,VALID,0.619506,VALID,,,Critical,CRITICAL_ALARM: Sensor data missing or invalid
2026-04-22 05:00:00+00:00,0.80278128,VALID,0.619506,VALID,,,Critical,CRITICAL_ALARM: Sensor data missing or invalid
2026-04-22 06:00:00+00:00,0.8112763199999999,VALID,0.62103,VALID,,,Critical,CRITICAL_ALARM: Sensor data missing or invalid
2026-04-22 07:00:00+00:00,0.8112763199999999,VALID,0.62103,VALID,,,Critical,CRITICAL_ALARM: Sensor data missing or invalid
2026-04-22 08:00:00+00:00,0.80632088,VALID,0.620268,VALID,,,Critical,CRITICAL_ALARM: Sensor data missing or invalid
2026-04-22 09:00:00+00:00,0.8105684,VALID,0.62103,VALID,,,Critical,CRITICAL_ALARM: Sensor data missing or invalid
2026-04-22 10:00:00+00:00,0.8056129599999999,VALID,0.620268,VALID,,,Critical,CRITICAL_ALARM: Sensor data missing or invalid
2026-04-22 11:00:00+00:00,0.80065752,VALID,0.619506,VALID,,,Critical,CRITICAL_ALARM: Sensor data missing or invalid
2026-04-22 12:00:00+00:00,0.79570208,VALID,0.618744,VALID,,,Critical,CRITICAL_ALARM: Sensor data missing or invalid
2026-04-22 13:00:00+00:00,0.79570208,VALID,0.618744,VALID,,,Critical,CRITICAL_ALARM: Sensor data missing or invalid
2026-04-22 14:00:00+00:00,0.79570208,VALID,0.618744,VALID,,,Critical,CRITICAL_ALARM: Sensor data missing or invalid
2026-04-22 15:00:00+00:00,0.79570208,VALID,0.618744,VALID,,,Critical,CRITICAL_ALARM: Sensor data missing or invalid
2026-04-22 16:00:00+00:00,0.80419712,VALID,0.620268,VALID,,,Critical,CRITICAL_ALARM: Sensor data missing or invalid
2026-04-22 17:00:00+00:00,0.81269216,VALID,0.621792,VALID,,,Critical,CRITICAL_ALARM: Sensor data missing or invalid
2026-04-22 18:00:00+00:00,0.7999495999999999,VALID,0.619506,VALID,,,Critical,CRITICAL_ALARM: Sensor data missing or invalid
2026-04-22 19:00:00+00:00,0.80844464,VALID,0.62103,VALID,,,Critical,CRITICAL_ALARM: Sensor data missing or invalid
2026-04-22 20:00:00+00:00,0.79074664,VALID,0.617982,VALID,,,Critical,CRITICAL_ALARM: Sensor data missing or invalid
2026-04-22 21:00:00+00:00,0.7857912,VALID,0.61722,VALID,,,Critical,CRITICAL_ALARM: Sensor data missing or invalid
2026-04-22 22:00:00+00:00,0.77588032,VALID,0.615696,VALID,,,Critical,CRITICAL_ALARM: Sensor data missing or invalid
2026-04-22 23:00:00+00:00,0.78083576,VALID,0.616458,VALID,,,Critical,CRITICAL_ALARM: Sensor data missing or invalid
2026-04-23 00:00:00+00:00,0.77588032,VALID,0.615696,VALID,,,Critical,CRITICAL_ALARM: Sensor data missing or invalid
2026-04-23 01:00:00+00:00,0.77588032,VALID,0.615696,VALID,,,Critical,CRITICAL_ALARM: Sensor data missing or invalid
2026-04-23 02:00:00+00:00,0.77588032,VALID,0.615696,VALID,,,Critical,CRITICAL_ALARM: Sensor data missing or invalid
2026-04-23 03:00:00+00:00,0.77588032,VALID,0.615696,VALID,,,Critical,CRITICAL_ALARM: Sensor data missing or invalid
2026-04-23 04:00:00+00:00,0.78012784,VALID,0.616458,VALID,,,Critical,CRITICAL_ALARM: Sensor data missing or invalid
2026-04-23 05:00:00+00:00,0.7928704,VALID,0.618744,VALID,,,Critical,CRITICAL_ALARM: Sensor data missing or invalid
2026-04-23 06:00:00+00:00,0.7886228799999999,VALID,0.617982,VALID,,,Critical,CRITICAL_ALARM: Sensor data missing or invalid
2026-06-11 00:00:00+00:00,0.61943,VALID,0.59055,VALID,,,Critical,CRITICAL_ALARM: Sensor data missing or invalid
2026-06-12 20:00:00+00:00,0.6314646399999999,VALID,0.5935980000000001,VALID,,,Critical,CRITICAL_ALARM: Sensor data missing or invalid
2026-06-17 05:00:00+00:00,0.63995968,VALID,0.5958840000000001,VALID,,,Critical,CRITICAL_ALARM: Sensor data missing or invalid
